case,strategy,source_count,detected_channels,cleared_channels,total_virtual_time_s,measure_actions,clear_actions,all_cleared,search_sites,search_end_time_s,movement_time_s,search_movement_time_s,post_search_movement_time_s,detection_time_s,switching_time_s,clearing_time_s,failed_clear_actions,origin_discoveries,selected_route,pruned_observations,coobservations,wall_time_s
1,Cplus3F,13,13,13,8000.826,361,13,1,29,5635.0823062105155,5776.826116278113,3659.082306210514,2117.7438100675963,1805.0,354.0,65.0,0,3,C,107,77,0.19134290001238696
1,C3FDirect,13,13,13,8000.826,361,13,1,29,5635.0823062105155,5776.826116278113,3659.082306210514,2117.7438100675963,1805.0,354.0,65.0,0,3,C,107,77,0.20163029999821447
1,B,13,13,13,8815.608,371,13,1,27,6225.3089423972,6530.608119103075,4085.308942397201,2445.2991767058747,1855.0,365.0,65.0,0,,,,,0.2618517999944743
1,C,13,13,13,8716.381,348,13,1,29,5578.5264323263955,6576.380744365638,3629.5264323263946,2946.854312039243,1740.0,335.0,65.0,0,,,,,0.40602590001071803
2,Cplus3F,10,10,10,8213.282,411,10,1,29,6032.37686557046,5704.282027792187,3696.3768655704584,2007.9051622217312,2055.0,404.0,50.0,0,2,C,64,40,0.21016670000972226
2,C3FDirect,10,10,10,8213.282,411,10,1,29,6032.37686557046,5704.282027792187,3696.3768655704584,2007.9051622217312,2055.0,404.0,50.0,0,2,C,64,40,0.19277429999783635
2,B,10,10,10,8355.64,391,10,1,27,6313.181554192147,5977.640386005823,4107.181554192149,1870.4588318136762,1955.0,373.0,50.0,0,,,,,0.41650590000790544
2,C,10,10,10,9137.471,454,10,1,29,6094.526432326396,6399.471090026848,3629.5264323263946,2769.94465770046,2270.0,418.0,50.0,0,,,,,0.4467327000165824
3,Cplus3F,14,14,14,8843.497,390,14,1,29,5693.09437667367,6467.4974908179865,3675.094376673669,2792.403114144318,1950.0,356.0,70.0,0,3,C,66,50,0.3679112000099849
3,C3FDirect,14,14,14,8843.497,390,14,1,29,5693.09437667367,6467.4974908179865,3675.094376673669,2792.403114144318,1950.0,356.0,70.0,0,3,C,66,50,0.39371940001728944
3,B,14,14,14,9469.437,359,14,1,27,5988.871979393181,7275.436891463016,4081.871979393182,3193.5649120698376,1795.0,329.0,70.0,0,,,,,0.6606358999852091
3,C,14,14,14,9403.988,393,14,1,29,5607.370546077941,7011.987690746806,3641.37054607794,3370.617144668867,1965.0,357.0,70.0,0,,,,,0.4574527999793645
4,Cplus3F,12,12,12,8239.628,422,12,1,29,6037.3892969396375,5665.627745268628,3665.3892969396366,2000.2384483289918,2110.0,404.0,60.0,0,2,C,82,51,0.2453135999967344
4,C3FDirect,12,12,12,8239.628,422,12,1,29,6037.3892969396375,5665.627745268628,3665.3892969396366,2000.2384483289918,2110.0,404.0,60.0,0,2,C,82,51,0.24911279999651015
4,B,12,12,12,8243.276,404,12,1,27,6452.325128897371,5768.276134684346,4110.3251288973715,1657.9510057869713,2020.0,395.0,60.0,0,,,,,0.333402299991576
4,C,12,12,12,9358.157,491,12,1,29,6257.310839534488,6361.156606128675,3643.3108395344866,2717.8457665941905,2455.0,482.0,60.0,0,,,,,0.34308220000821166
5,Cplus3F,13,13,13,8416.182,396,13,1,29,5817.07684469064,5993.1821653301295,3705.0768446906386,2288.1053206394927,1980.0,378.0,65.0,0,1,C,122,69,0.26987319998443127
5,C3FDirect,13,13,13,8416.182,396,13,1,29,5817.07684469064,5993.1821653301295,3705.0768446906386,2288.1053206394927,1980.0,378.0,65.0,0,1,C,122,69,0.266959600005066
5,B,13,13,13,7829.194,323,13,1,27,6110.876956208587,5831.194233125799,4208.876956208588,1622.317276917211,1615.0,318.0,65.0,0,,,,,0.1881324999849312
5,C,13,13,13,9208.385,488,13,1,29,6228.242984163503,6232.384903949971,3700.242984163502,2532.14191978647,2440.0,471.0,65.0,0,,,,,0.35634359999676235
6,Cplus3F,13,13,13,8128.059,365,13,1,29,5719.741766355048,5898.059261090051,3690.741766355048,2207.3174947350035,1825.0,340.0,65.0,0,5,C,66,57,0.32113520000712015
6,C3FDirect,13,13,13,8128.059,365,13,1,29,5719.741766355048,5898.059261090051,3690.741766355048,2207.3174947350035,1825.0,340.0,65.0,0,5,C,66,57,0.38107900001341477
6,B,13,13,13,8466.638,379,13,1,27,6254.98108235801,6147.637591258659,4128.98108235801,2018.656508900649,1895.0,359.0,65.0,0,,,,,0.33721619998686947
6,C,13,13,13,8360.559,393,13,1,29,5662.5264323263955,5959.559158972617,3629.5264323263946,2330.0327266462264,1965.0,371.0,65.0,0,,,,,0.5515371000219602
7,Cplus3F,16,16,16,7455.925,343,16,1,29,5411.3993990202935,5326.925249845991,3464.399399020293,1862.525850825697,1715.0,334.0,80.0,0,2,C,96,59,0.24438829999417067
7,C3FDirect,16,16,16,7455.925,343,16,1,29,5411.3993990202935,5326.925249845991,3464.399399020293,1862.525850825697,1715.0,334.0,80.0,0,2,C,96,59,0.21081660001073033
7,B,16,16,16,8077.055,358,16,1,27,5681.046719010199,5863.054747244903,3645.046719010201,2218.0080282347044,1790.0,344.0,80.0,0,,,,,0.3395369999925606
7,C,16,16,16,7437.563,340,16,1,29,5417.558058479395,5325.562571383711,3464.558058479396,1861.0045129043133,1700.0,332.0,80.0,0,,,,,0.25762530000065453
8,Cplus3F,12,12,12,7802.063,406,12,1,29,6027.488261608456,5312.062929404072,3667.488261608455,1644.5746677956167,2030.0,400.0,60.0,0,2,C,115,61,0.2070891999755986
8,C3FDirect,12,12,12,7802.063,406,12,1,29,6027.488261608456,5312.062929404072,3667.488261608455,1644.5746677956167,2030.0,400.0,60.0,0,2,C,115,61,0.23258239999995567
8,B,12,12,12,8464.128,412,12,1,27,6482.928147178419,5944.128360163021,4115.92814717842,1828.2002129846016,2060.0,400.0,60.0,0,,,,,0.4506645999790635
8,C,12,12,12,8092.581,456,12,1,29,6232.526432326396,5302.581285812125,3629.5264323263946,1673.0548534857326,2280.0,450.0,60.0,0,,,,,0.21884659997886047
9,Cplus3F,14,14,14,8214.737,378,14,1,29,5807.541674520007,5893.736710265855,3664.5416745200077,2229.1950357458463,1890.0,361.0,70.0,0,4,C,69,53,0.212050400004955
9,C3FDirect,14,14,14,8214.737,378,14,1,29,5807.541674520007,5893.736710265855,3664.5416745200077,2229.1950357458463,1890.0,361.0,70.0,0,4,C,69,53,0.21224679998704232
9,B,14,14,14,8627.974,342,14,1,27,6098.631613182439,6510.973931933475,4108.63161318244,2402.342318751034,1710.0,337.0,70.0,0,,,,,0.18409460000111721
9,C,14,14,14,8690.406,433,14,1,29,5972.322117178395,6041.406285760231,3652.3221171783944,2389.0841685818386,2165.0,414.0,70.0,0,,,,,0.30525330000091344
10,Cplus3F,12,12,12,8039.189,389,12,1,29,5888.359124511234,5652.189426615997,3717.3591245112334,1934.8303021047639,1945.0,382.0,60.0,0,3,C,97,75,0.09221160001470707
10,C3FDirect,12,12,12,8039.189,389,12,1,29,5888.359124511234,5652.189426615997,3717.3591245112334,1934.8303021047639,1945.0,382.0,60.0,0,3,C,97,75,0.1171219999960158
10,B,12,12,12,8532.038,393,12,1,27,6418.730874728609,6115.037510931622,4092.7308747286097,2022.3066362030117,1965.0,392.0,60.0,0,,,,,0.16519840000546537
10,C,12,12,12,9353.525,486,12,1,29,6165.628643108586,6396.524903539723,3629.6286431085846,2766.8962604311428,2430.0,467.0,60.0,0,,,,,0.49652790001709945
11,Cplus3F,14,14,14,8173.8,373,14,1,29,5835.983833745796,5878.799884250897,3681.983833745795,2196.816050505104,1865.0,360.0,70.0,0,2,C,77,49,0.335053600021638
11,C3FDirect,14,14,14,8173.8,373,14,1,29,5835.983833745796,5878.799884250897,3681.983833745795,2196.816050505104,1865.0,360.0,70.0,0,2,C,77,49,0.34638870001072064
11,B,14,14,14,8619.688,383,14,1,27,6390.7362982517425,6259.6883712789895,4175.7362982517425,2083.952073027248,1915.0,375.0,70.0,0,,,,,0.3265446000150405
11,C,14,14,14,8310.178,388,14,1,29,5909.436044628935,5918.17773497951,3656.436044628932,2261.7416903505778,1940.0,382.0,70.0,0,,,,,0.3101211000175681
12,Cplus3F,14,14,14,8839.893,446,14,1,29,5966.047633113021,6125.893157074703,3698.047633113019,2427.8455239616874,2230.0,414.0,70.0,0,2,C,97,72,0.7030901999969501
12,C3FDirect,14,14,14,8839.893,446,14,1,29,5966.047633113021,6125.893157074703,3698.047633113019,2427.8455239616874,2230.0,414.0,70.0,0,2,C,97,72,0.6955527999962214
12,B,14,14,14,8235.404,397,14,1,27,6437.914236217753,5790.403739986251,4120.9142362177545,1669.4895037684973,1985.0,390.0,70.0,0,,,,,0.23623280000174418
12,C,14,14,14,9314.339,467,14,1,29,6040.369700029722,6450.339008264105,3636.369700029719,2813.9693082343847,2335.0,459.0,70.0,0,,,,,0.3837214999948628
13,Cplus3F,15,15,15,8376.082,390,15,1,29,5831.714552885127,5982.082010652537,3725.7145528851274,2256.367457767412,1950.0,369.0,75.0,0,4,C,133,72,0.25346730000455864
13,C3FDirect,15,15,15,8376.082,390,15,1,29,5831.714552885127,5982.082010652537,3725.7145528851274,2256.367457767412,1950.0,369.0,75.0,0,4,C,133,72,0.2030840000079479
13,B,15,15,15,8117.549,300,15,1,27,5859.213957887523,6247.548852742899,4099.213957887523,2148.3348948553767,1500.0,295.0,75.0,0,,,,,0.1599343999987468
13,C,15,15,15,9270.024,466,15,1,29,5962.5264323263955,6416.023707663258,3629.5264323263946,2786.4972753368647,2330.0,449.0,75.0,0,,,,,0.4400980999926105
14,Cplus3F,15,15,15,8807.915,396,15,1,29,5801.218606017057,6391.915414626702,3746.2186060170548,2645.6968086096504,1980.0,361.0,75.0,0,1,C,137,81,0.31448790000285953
14,C3FDirect,15,15,15,8807.915,396,15,1,29,5801.218606017057,6391.915414626702,3746.2186060170548,2645.6968086096504,1980.0,361.0,75.0,0,1,C,137,81,0.337952799978666
14,B,15,15,15,8950.912,345,15,1,27,5953.409536206341,6830.912089556939,4090.4095362063417,2740.5025533506,1725.0,320.0,75.0,0,,,,,0.6161179000046104
14,C,15,15,15,10594.571,565,15,1,29,6022.526432326396,7140.570665254575,3629.5264323263946,3511.044232928183,2825.0,554.0,75.0,0,,,,,0.8260040000022855
15,Cplus3F,13,13,13,7850.278,379,13,1,29,5754.680717718328,5541.277592096144,3667.6807177183273,1873.5968743778178,1895.0,349.0,65.0,0,3,C,82,70,0.25652279998757876
15,C3FDirect,13,13,13,7850.278,379,13,1,29,5754.680717718328,5541.277592096144,3667.6807177183273,1873.5968743778178,1895.0,349.0,65.0,0,3,C,82,70,0.2135015000239946
15,B,13,13,13,8643.157,390,13,1,27,6369.231850791807,6241.156724002289,4097.231850791808,2143.9248732104807,1950.0,387.0,65.0,0,,,,,0.24945810000644997
15,C,13,13,13,9793.916,475,13,1,29,6070.526432326396,6914.915591040287,3629.5264323263946,3285.3891587138914,2375.0,439.0,65.0,0,,,,,0.45426229998702183
16,Cplus3F,12,12,12,10518.905,523,12,1,27,6669.044910262645,7346.905015985663,4110.044910262646,3236.860105723022,2615.0,497.0,60.0,0,0,B,0,0,0.7055405999999493
16,C3FDirect,12,12,12,8485.761,416,12,1,29,5969.771170386354,5953.761452767385,3664.7711703863547,2288.990282381031,2080.0,392.0,60.0,0,0,C,146,56,0.20478289999300614
16,B,12,12,12,10518.905,523,12,1,27,6669.044910262645,7346.905015985663,4110.044910262646,3236.860105723022,2615.0,497.0,60.0,0,,,,,0.7832236000103876
16,C,12,12,12,8313.546,448,12,1,29,6183.045187258224,5575.545847280039,3635.0451872582225,1940.5006600218173,2240.0,438.0,60.0,0,,,,,0.19411650000256486
17,Cplus3F,15,15,15,8127.802,379,15,1,29,5830.34232797723,5793.801649474104,3724.3423279772287,2069.459321496876,1895.0,364.0,75.0,0,1,C,171,83,0.12424830000963993
17,C3FDirect,15,15,15,8127.802,379,15,1,29,5830.34232797723,5793.801649474104,3724.3423279772287,2069.459321496876,1895.0,364.0,75.0,0,1,C,171,83,0.14946120002423413
17,B,15,15,15,8720.685,388,15,1,27,6331.41139492748,6331.684501087258,4138.411394927481,2193.2731061597783,1940.0,374.0,75.0,0,,,,,0.4451575000130106
17,C,15,15,15,9248.381,424,15,1,29,5924.024824225964,6643.380584591856,3634.0248242259636,3009.3557603658915,2120.0,410.0,75.0,0,,,,,0.3466130000015255
18,Cplus3F,12,12,12,7827.67,396,12,1,29,5984.743033344567,5399.669625241187,3679.7430333445673,1719.9265918966187,1980.0,388.0,60.0,0,3,C,68,45,0.21051389997592196
18,C3FDirect,12,12,12,7827.67,396,12,1,29,5984.743033344567,5399.669625241187,3679.7430333445673,1719.9265918966187,1980.0,388.0,60.0,0,3,C,68,45,0.13968620001105592
18,B,12,12,12,8417.885,393,12,1,27,6345.204976319684,6018.884578279089,4123.204976319686,1895.6796019594017,1965.0,374.0,60.0,0,,,,,0.40017370000714436
18,C,12,12,12,8695.036,404,12,1,29,5890.5264323263955,6227.035637896739,3629.5264323263946,2597.5092055703462,2020.0,388.0,60.0,0,,,,,0.33308779998333193
19,Cplus3F,13,13,13,8094.68,405,13,1,29,5999.818224791734,5621.680047044042,3724.818224791733,1896.8618222523094,2025.0,383.0,65.0,0,2,C,100,48,0.22475439999834634
19,C3FDirect,13,13,13,8094.68,405,13,1,29,5999.818224791734,5621.680047044042,3724.818224791733,1896.8618222523094,2025.0,383.0,65.0,0,2,C,100,48,0.22478699998464435
19,B,13,13,13,8066.6,380,13,1,27,6396.766909644231,5725.5998665190045,4150.766909644232,1574.832956874772,1900.0,376.0,65.0,0,,,,,0.12106120001408271
19,C,13,13,13,9848.03,510,13,1,29,6099.557993246914,6744.029931789984,3629.5579932469127,3114.471938543072,2550.0,489.0,65.0,0,,,,,0.42525309999473393
20,Cplus3F,13,13,13,8064.19,365,13,1,29,5744.988818117305,5824.189609331406,3666.9888181173037,2157.2007912141025,1825.0,350.0,65.0,0,3,C,106,64,0.1473038000112865
20,C3FDirect,13,13,13,8064.19,365,13,1,29,5744.988818117305,5824.189609331406,3666.9888181173037,2157.2007912141025,1825.0,350.0,65.0,0,3,C,106,64,0.14561499998671934
20,B,13,13,13,8479.901,384,13,1,27,6377.844457852866,6117.901018003215,4137.844457852868,1980.0565601503472,1920.0,377.0,65.0,0,,,,,0.21367309999186546
20,C,13,13,13,9009.107,435,13,1,29,5944.5264323263955,6359.106978371859,3629.5264323263946,2729.5805460454626,2175.0,410.0,65.0,0,,,,,0.3111276999989059
21,Cplus3F,12,12,12,7358.369,377,12,1,29,5840.365312915789,5043.369488009584,3630.3653129157874,1413.0041750937978,1885.0,370.0,60.0,0,2,C,106,57,0.15379430001485161
21,C3FDirect,12,12,12,7358.369,377,12,1,29,5840.365312915789,5043.369488009584,3630.3653129157874,1413.0041750937978,1885.0,370.0,60.0,0,2,C,106,57,0.1779114999808371
21,B,12,12,12,9004.667,406,12,1,27,6432.616475344413,6524.6674640941965,4109.6164753444145,2415.0509887497833,2030.0,390.0,60.0,0,,,,,0.26812920000520535
21,C,12,12,12,8158.148,405,12,1,29,5919.957648659456,5684.148392485206,3629.957648659454,2054.190743825752,2025.0,389.0,60.0,0,,,,,0.4294424999970943
22,Cplus3F,13,13,13,7424.71,353,13,1,29,5802.824303869993,5244.709995694276,3707.8243038699925,1536.8856918242827,1765.0,350.0,65.0,0,2,C,58,56,0.09326019999571145
22,C3FDirect,13,13,13,7424.71,353,13,1,29,5802.824303869993,5244.709995694276,3707.8243038699925,1536.8856918242827,1765.0,350.0,65.0,0,2,C,58,56,0.11798629999975674
22,B,13,13,13,8508.414,358,13,1,27,6177.556763923687,6302.413984982818,4127.556763923688,2174.857221059128,1790.0,351.0,65.0,0,,,,,0.3594745000009425
22,C,13,13,13,8334.55,383,13,1,29,5818.918826267438,5989.550314516108,3673.9188262674365,2315.631488248672,1915.0,365.0,65.0,0,,,,,0.24799229999189265
23,Cplus3F,12,12,12,8032.963,396,12,1,29,5932.379937075146,5611.963138598666,3651.379937075145,1960.5832015235221,1980.0,381.0,60.0,0,2,C,134,58,0.1965243000013288
23,C3FDirect,12,12,12,8032.963,396,12,1,29,5932.379937075146,5611.963138598666,3651.379937075145,1960.5832015235221,1980.0,381.0,60.0,0,2,C,134,58,0.21287429999210872
23,B,12,12,12,8364.757,396,12,1,27,6511.796489095311,5934.757346836814,4177.7964890953135,1756.9608577415001,1980.0,390.0,60.0,0,,,,,0.2808870000008028
23,C,12,12,12,8619.532,448,12,1,29,6094.526432326396,5889.532101091498,3629.5264323263946,2260.0056687651045,2240.0,430.0,60.0,0,,,,,0.3381185000180267
24,Cplus3F,11,11,11,8141.297,409,11,1,29,6031.983203815447,5649.297457727446,3672.9832038154464,1976.3142539119997,2045.0,392.0,55.0,0,3,C,70,39,0.19209870000486262
24,C3FDirect,11,11,11,8141.297,409,11,1,29,6031.983203815447,5649.297457727446,3672.9832038154464,1976.3142539119997,2045.0,392.0,55.0,0,3,C,70,39,0.23547080002026632
24,B,11,11,11,9049.17,382,11,1,27,6286.938376629963,6713.169977147842,4104.938376629964,2608.2316005178773,1910.0,371.0,55.0,0,,,,,0.32301900000311434
24,C,11,11,11,8840.544,437,11,1,29,6133.599721433224,6177.5439299893205,3633.599721433222,2543.9442085560977,2185.0,423.0,55.0,0,,,,,0.3092424999922514
25,Cplus3F,12,12,12,8004.612,381,12,1,29,5828.839762062621,5667.612050652377,3660.8397620626206,2006.7722885897551,1905.0,372.0,60.0,0,3,C,80,47,0.2736665999982506
25,C3FDirect,12,12,12,8004.612,381,12,1,29,5828.839762062621,5667.612050652377,3660.8397620626206,2006.7722885897551,1905.0,372.0,60.0,0,3,C,80,47,0.2163384000014048
25,B,12,12,12,8582.596,398,12,1,27,6417.339653355351,6144.595842082865,4105.339653355353,2039.2561887275106,1990.0,388.0,60.0,0,,,,,0.2883163000224158
25,C,12,12,12,8544.784,375,12,1,29,5785.212792253274,6247.784282538061,3652.212792253273,2595.5714902847867,1875.0,362.0,60.0,0,,,,,0.37398380000377074
26,Cplus3F,10,10,10,8912.328,457,10,1,29,6220.0588305959445,6151.327832737081,3679.058830595943,2472.269002141139,2285.0,426.0,50.0,0,1,C,134,44,0.22426640000776388
26,C3FDirect,10,10,10,8912.328,457,10,1,29,6220.0588305959445,6151.327832737081,3679.058830595943,2472.269002141139,2285.0,426.0,50.0,0,1,C,134,44,0.26799960000789724
26,B,10,10,10,8538.593,399,10,1,27,6426.8719793931805,6098.59337744262,4081.871979393182,2016.7213980494378,1995.0,395.0,50.0,0,,,,,0.17385799999465235
26,C,10,10,10,9252.303,496,10,1,29,6328.180525291938,6242.303348450473,3679.1805252919376,2563.1228231585364,2480.0,480.0,50.0,0,,,,,0.23332540001138113
27,Cplus3F,15,15,15,8107.117,369,15,1,29,5713.618499120738,5826.117160444805,3678.6184991207383,2147.498661324069,1845.0,361.0,75.0,0,3,C,129,76,0.26324230001773685
27,C3FDirect,15,15,15,8107.117,369,15,1,29,5713.618499120738,5826.117160444805,3678.6184991207383,2147.498661324069,1845.0,361.0,75.0,0,3,C,129,76,0.26598689999082126
27,B,15,15,15,8768.308,374,15,1,27,6285.913892560822,6459.308110627676,4130.913892560822,2328.3942180668555,1870.0,364.0,75.0,0,,,,,0.35987159999785945
27,C,15,15,15,8148.327,345,15,1,29,5590.5264323263955,6008.327088341501,3629.5264323263946,2378.8006560151066,1725.0,340.0,75.0,0,,,,,0.4473606999963522
28,Cplus3F,11,11,11,8758.341,444,11,1,29,6089.182574032415,6053.341226178315,3663.1825740324134,2390.158652145904,2220.0,430.0,55.0,0,2,C,102,59,0.2860672000097111
28,C3FDirect,11,11,11,8758.341,444,11,1,29,6089.182574032415,6053.341226178315,3663.1825740324134,2390.158652145904,2220.0,430.0,55.0,0,2,C,102,59,0.3050832000153605
28,B,11,11,11,9242.675,438,11,1,27,6667.292280128484,6566.675095969417,4132.292280128485,2434.382815840933,2190.0,431.0,55.0,0,,,,,0.2830083000008017
28,C,11,11,11,9227.858,475,11,1,29,6145.700957374678,6341.857927486198,3639.7009573746764,2702.156970111525,2375.0,456.0,55.0,0,,,,,0.5686538000009023
29,Cplus3F,15,15,15,9024.704,393,15,1,29,5711.06429450225,6619.704402900096,3652.06429450225,2967.640108397844,1965.0,365.0,75.0,0,4,C,179,79,0.35208959999727085
29,C3FDirect,15,15,15,9024.704,393,15,1,29,5711.06429450225,6619.704402900096,3652.06429450225,2967.640108397844,1965.0,365.0,75.0,0,4,C,179,79,0.4009373000008054
29,B,15,15,15,8581.502,295,15,1,27,5717.936703395463,6752.501629189135,4094.9367033954636,2657.5649257936734,1475.0,279.0,75.0,0,,,,,0.5072546000010334
29,C,15,15,15,9601.497,435,15,1,29,5874.186326234185,6939.497249356253,3645.1863262341835,3294.3109231220706,2175.0,412.0,75.0,0,,,,,0.6255210999806877
30,Cplus3F,11,11,11,8740.369,455,11,1,29,6169.328397820176,5983.3693233919485,3690.3283978201744,2293.040925571776,2275.0,427.0,55.0,0,2,C,148,63,0.4340778999903705
30,C3FDirect,11,11,11,8740.369,455,11,1,29,6169.328397820176,5983.3693233919485,3690.3283978201744,2293.040925571776,2275.0,427.0,55.0,0,2,C,148,63,0.4562142000067979
30,B,11,11,11,8688.504,388,11,1,27,6394.6855349661155,6314.50430649989,4142.685534966116,2171.818771533775,1940.0,379.0,55.0,0,,,,,0.24630500000785105
30,C,11,11,11,8834.238,477,11,1,29,6189.0474041151765,5936.2380083232165,3636.047404115175,2300.1906042080445,2385.0,458.0,55.0,0,,,,,0.530282099993201
31,Cplus3F,11,11,11,8812.131,443,11,1,29,5966.800183374246,6127.131474030771,3655.8001833742446,2471.3312906565284,2215.0,415.0,55.0,0,2,C,73,73,0.28163099999073893
31,C3FDirect,11,11,11,8812.131,443,11,1,29,5966.800183374246,6127.131474030771,3655.8001833742446,2471.3312906565284,2215.0,415.0,55.0,0,2,C,73,73,0.33214959999895655
31,B,11,11,11,8431.915,428,11,1,27,6595.223592617638,5815.914884909874,4091.2235926176386,1724.6912922922343,2140.0,421.0,55.0,0,,,,,0.2809408000030089
31,C,11,11,11,9731.99,500,11,1,29,6064.526432326396,6705.9901985532015,3629.5264323263946,3076.4637662268096,2500.0,471.0,55.0,0,,,,,0.5821022000163794
32,Cplus3F,14,14,14,8466.789,378,14,1,29,5764.230103274595,6151.788627668778,3698.2301032745954,2453.558524394183,1890.0,355.0,70.0,0,1,C,168,75,0.2533874999789987
32,C3FDirect,14,14,14,8466.789,378,14,1,29,5764.230103274595,6151.788627668778,3698.2301032745954,2453.558524394183,1890.0,355.0,70.0,0,1,C,168,75,0.26958860000013374
32,B,14,14,14,9210.809,394,14,1,27,6048.039162529364,6796.809394116983,4082.0391625293655,2714.7702315876177,1970.0,374.0,70.0,0,,,,,0.4009317000163719
32,C,14,14,14,9978.445,514,14,1,29,6052.526432326396,6841.444822446221,3629.5264323263946,3211.9183901198326,2570.0,497.0,70.0,0,,,,,0.9067800000193529
33,Cplus3F,11,11,11,7962.282,390,11,1,29,5992.411110497857,5571.2816400533875,3686.411110497856,1884.8705295555299,1950.0,386.0,55.0,0,1,C,78,44,0.19719829998211935
33,C3FDirect,11,11,11,7962.282,390,11,1,29,5992.411110497857,5571.2816400533875,3686.411110497856,1884.8705295555299,1950.0,386.0,55.0,0,1,C,78,44,0.20291560000623576
33,B,11,11,11,8513.323,423,11,1,27,6608.3313353725,5926.322762555152,4116.331335372501,1809.9914271826513,2115.0,417.0,55.0,0,,,,,0.14453499999945052
33,C,11,11,11,8265.149,410,11,1,29,6060.236450109597,5756.148891111629,3674.2364501095954,2081.912441002034,2050.0,404.0,55.0,0,,,,,0.20509119998314418
34,Cplus3F,13,13,13,8701.91,438,13,1,29,5858.043263488052,6019.910490215035,3665.043263488051,2354.867226726983,2190.0,427.0,65.0,0,1,C,62,82,0.42366369999945164
34,C3FDirect,13,13,13,8701.91,438,13,1,29,5858.043263488052,6019.910490215035,3665.043263488051,2354.867226726983,2190.0,427.0,65.0,0,1,C,62,82,0.30429390000062995
34,B,13,13,13,8092.071,382,13,1,27,6368.378042930726,5739.070684443979,4128.378042930726,1610.6926415132534,1910.0,378.0,65.0,0,,,,,0.18800319998990744
34,C,13,13,13,9405.14,466,13,1,29,5818.5264323263955,6550.139872211545,3629.5264323263946,2920.613439885151,2330.0,460.0,65.0,0,,,,,0.48990309998043813
35,Cplus3F,15,15,15,7719.883,357,15,1,29,5699.058234816457,5512.883386481351,3689.058234816456,1823.8251516648934,1785.0,347.0,75.0,0,3,C,116,66,0.17634229999384843
35,C3FDirect,15,15,15,7719.883,357,15,1,29,5699.058234816457,5512.883386481351,3689.058234816456,1823.8251516648934,1785.0,347.0,75.0,0,3,C,116,66,0.2257707999960985
35,B,15,15,15,8988.55,360,15,1,27,6048.8719793931805,6774.550046860943,4081.871979393182,2692.6780674677675,1800.0,339.0,75.0,0,,,,,0.5707324999966659
35,C,15,15,15,8877.625,430,15,1,29,5972.470089686696,6233.625470537122,3647.4700896866952,2586.1553808504273,2150.0,419.0,75.0,0,,,,,0.3730941000103485
36,Cplus3F,13,13,13,7699.132,382,13,1,29,5906.584587896647,5347.1315907784065,3773.5845878966456,1573.5470028817601,1910.0,377.0,65.0,0,3,C,84,80,0.1447500000067521
36,C3FDirect,13,13,13,7699.132,382,13,1,29,5906.584587896647,5347.1315907784065,3773.5845878966456,1573.5470028817601,1910.0,377.0,65.0,0,3,C,84,80,0.17793939998955466
36,B,13,13,13,8647.166,341,13,1,27,6074.487902413164,6545.165625223007,4110.487902413165,2434.6777228098404,1705.0,332.0,65.0,0,,,,,0.1820189999998547
36,C,13,13,13,8112.547,386,13,1,29,5841.143582639586,5744.547326845698,3637.1435826395864,2107.403744206112,1930.0,373.0,65.0,0,,,,,0.36716249998426065
37,Cplus3F,12,12,12,8934.955,465,12,1,29,6195.086409205817,6102.955452289128,3705.0864092058173,2397.8690430833117,2325.0,447.0,60.0,0,3,C,55,65,0.17681040000752546
37,C3FDirect,12,12,12,8934.955,465,12,1,29,6195.086409205817,6102.955452289128,3705.0864092058173,2397.8690430833117,2325.0,447.0,60.0,0,3,C,55,65,0.19437209999887273
37,B,12,12,12,9273.921,435,12,1,27,6563.238753310971,6629.920824676014,4125.238753310973,2504.6820713650427,2175.0,409.0,60.0,0,,,,,0.3518622000119649
37,C,12,12,12,9949.845,535,12,1,29,6318.712881905911,6694.844622277986,3632.7128819059085,3062.131740372077,2675.0,520.0,60.0,0,,,,,0.3214072000118904
38,Cplus3F,10,10,10,8552.046,432,10,1,29,6066.144314908562,5945.046011706427,3694.144314908561,2250.9016967978655,2160.0,397.0,50.0,0,4,C,93,57,0.3174577000027057
38,C3FDirect,10,10,10,8552.046,432,10,1,29,6066.144314908562,5945.046011706427,3694.144314908561,2250.9016967978655,2160.0,397.0,50.0,0,4,C,93,57,0.26553059997968376
38,B,10,10,10,8070.537,378,10,1,27,6279.917244942429,5760.537013423772,4085.9172449424295,1674.6197684813444,1890.0,370.0,50.0,0,,,,,0.20367240000632592
38,C,10,10,10,9315.02,494,10,1,29,6184.526432326396,6331.0195186579585,3629.5264323263946,2701.4930863315626,2470.0,464.0,50.0,0,,,,,0.27501690000644885
39,Cplus3F,15,15,15,8434.089,364,15,1,29,5674.990034402171,6194.088807568243,3680.99003440217,2513.0987731660744,1820.0,345.0,75.0,0,4,C,158,72,0.556528499990236
39,C3FDirect,15,15,15,8434.089,364,15,1,29,5674.990034402171,6194.088807568243,3680.99003440217,2513.0987731660744,1820.0,345.0,75.0,0,4,C,158,72,0.5687872999988031
39,B,15,15,15,8518.509,348,15,1,27,6135.040968364804,6368.508933215307,4154.040968364805,2214.4679648505016,1740.0,335.0,75.0,0,,,,,0.43822899999213405
39,C,15,15,15,9039.583,422,15,1,29,5789.504956601245,6454.583032157177,3673.504956601245,2781.0780755559313,2110.0,400.0,75.0,0,,,,,0.6188666000089142
40,Cplus3F,11,11,11,7985.233,396,11,1,29,5955.527280943573,5560.232746043328,3636.527280943573,1923.7054650997554,1980.0,390.0,55.0,0,2,C,79,41,0.19544030001270585
40,C3FDirect,11,11,11,7985.233,396,11,1,29,5955.527280943573,5560.232746043328,3636.527280943573,1923.7054650997554,1980.0,390.0,55.0,0,2,C,79,41,0.1940173000039067
40,B,11,11,11,8487.529,368,11,1,27,6169.458485431808,6245.529298739485,4114.458485431809,2131.07081330768,1840.0,347.0,55.0,0,,,,,0.31906189999426715
40,C,11,11,11,8274.995,411,11,1,29,5992.526432326396,5762.9951739785,3629.5264323263946,2133.4687416521037,2055.0,402.0,55.0,0,,,,,0.3209299999871291
41,Cplus3F,16,16,16,7987.408,340,16,1,29,4331.018030854491,5881.4080518554,2778.0180308544914,3103.39002100091,1700.0,326.0,80.0,0,2,C,172,104,0.4677660000161268
41,C3FDirect,16,16,16,7987.408,340,16,1,29,4331.018030854491,5881.4080518554,2778.0180308544914,3103.39002100091,1700.0,326.0,80.0,0,2,C,172,104,0.48240929999155924
41,B,16,16,16,8889.027,358,16,1,27,5547.949212636455,6676.026559226057,3750.949212636456,2925.0773465896,1790.0,343.0,80.0,0,,,,,0.6604368999833241
41,C,16,16,16,8722.696,416,16,1,29,4475.018030854491,6162.695967330162,2778.0180308544914,3384.6779364756726,2080.0,400.0,80.0,0,,,,,0.4991920000175014
42,Cplus3F,13,13,13,7678.018,360,13,1,29,5826.842605159607,5460.018233825442,3692.842605159607,1767.1756286658363,1800.0,353.0,65.0,0,2,C,89,51,0.21773469998151995
42,C3FDirect,13,13,13,7678.018,360,13,1,29,5826.842605159607,5460.018233825442,3692.842605159607,1767.1756286658363,1800.0,353.0,65.0,0,2,C,89,51,0.18436789998668246
42,B,13,13,13,8628.238,344,13,1,27,6142.301189970791,6505.237566424914,4125.301189970792,2379.9363764541245,1720.0,338.0,65.0,0,,,,,0.11815110000316054
42,C,13,13,13,8679.469,415,13,1,29,5998.646884416772,6137.469485288406,3631.646884416771,2505.8226008716347,2075.0,402.0,65.0,0,,,,,0.32077249998110346
43,Cplus3F,13,13,13,7860.342,380,13,1,29,5883.778047235925,5519.342137888311,3699.7780472359236,1819.5640906523872,1900.0,376.0,65.0,0,5,C,54,47,0.1305358000099659
43,C3FDirect,13,13,13,7860.342,380,13,1,29,5883.778047235925,5519.342137888311,3699.7780472359236,1819.5640906523872,1900.0,376.0,65.0,0,5,C,54,47,0.1195268000010401
43,B,13,13,13,7922.295,336,13,1,27,6073.2827098347425,5848.295314165179,4138.282709834743,1710.0126043304344,1680.0,329.0,65.0,0,,,,,0.32156539999414235
43,C,13,13,13,9085.876,410,13,1,29,5927.0480296196065,6569.876255275714,3700.048029619605,2869.82822565611,2050.0,401.0,65.0,0,,,,,0.21077089998289011
44,Cplus3F,10,10,10,8265.171,435,10,1,29,6111.095683375027,5610.170716092177,3649.095683375026,1961.075032717152,2175.0,430.0,50.0,0,1,C,73,51,0.2310418999986723
44,C3FDirect,10,10,10,8265.171,435,10,1,29,6111.095683375027,5610.170716092177,3649.095683375026,1961.075032717152,2175.0,430.0,50.0,0,1,C,73,51,0.19218900002306327
44,B,10,10,10,8890.693,437,10,1,27,6612.8719793931805,6225.693373512165,4081.871979393182,2143.821394118981,2185.0,430.0,50.0,0,,,,,0.20289680000860244
44,C,10,10,10,8537.637,460,10,1,29,6260.872248724956,5740.636539553726,3641.872248724955,2098.7642908287717,2300.0,447.0,50.0,0,,,,,0.25258390000090003
45,Cplus3F,11,11,11,7523.023,416,11,1,29,6047.909693304398,4982.022921135711,3704.9096933043975,1277.1132278313135,2080.0,406.0,55.0,0,3,C,79,41,0.2519845000060741
45,C3FDirect,11,11,11,7523.023,416,11,1,29,6047.909693304398,4982.022921135711,3704.9096933043975,1277.1132278313135,2080.0,406.0,55.0,0,3,C,79,41,0.32342689999495633
45,B,11,11,11,8426.948,427,11,1,27,6552.29179848336,5819.948069307708,4082.2917984833616,1737.6562708243462,2135.0,417.0,55.0,0,,,,,0.343790800019633
45,C,11,11,11,8091.761,404,11,1,29,5977.611784176529,5623.760847043799,3669.611784176529,1954.1490628672711,2020.0,393.0,55.0,0,,,,,0.3633235000015702
46,Cplus3F,10,10,10,8492.492,452,10,1,29,6220.468491796357,5744.491988019486,3643.4684917963555,2101.0234962231325,2260.0,438.0,50.0,0,1,C,90,38,0.2575895999907516
46,C3FDirect,10,10,10,8492.492,452,10,1,29,6220.468491796357,5744.491988019486,3643.4684917963555,2101.0234962231325,2260.0,438.0,50.0,0,1,C,90,38,0.2533287999976892
46,B,10,10,10,9198.612,436,10,1,27,6552.878914781186,6552.611823369933,4094.8789147811876,2457.7329085887463,2180.0,416.0,50.0,0,,,,,0.4240832999930717
46,C,10,10,10,9945.768,526,10,1,29,6328.526432326396,6762.76830168099,3629.5264323263946,3133.2418693545983,2630.0,503.0,50.0,0,,,,,0.37509570000111125
47,Cplus3F,15,15,15,7172.046,344,15,1,29,5550.454848567027,5036.046358888862,3703.4548485670266,1332.591510321836,1720.0,341.0,75.0,0,3,C,95,99,0.0752245000039693
47,C3FDirect,15,15,15,7172.046,344,15,1,29,5550.454848567027,5036.046358888862,3703.4548485670266,1332.591510321836,1720.0,341.0,75.0,0,3,C,95,99,0.1162264000158757
47,B,15,15,15,9433.052,448,15,1,27,6500.846816678483,6687.05247394366,4134.846816678485,2552.2056572651736,2240.0,431.0,75.0,0,,,,,0.550144500011811
47,C,15,15,15,8257.933,384,15,1,29,5680.5264323263955,5891.932711843164,3629.5264323263946,2262.40627951677,1920.0,371.0,75.0,0,,,,,0.4519424999889452
48,Cplus3F,14,14,14,8937.361,389,14,1,29,5656.203813725128,6558.360691471365,3675.2038137251284,2883.156877746237,1945.0,364.0,70.0,0,3,C,114,83,0.29105060000438243
48,C3FDirect,14,14,14,8937.361,389,14,1,29,5656.203813725128,6558.360691471365,3675.2038137251284,2883.156877746237,1945.0,364.0,70.0,0,3,C,114,83,0.2701004999980796
48,B,14,14,14,7591.219,305,14,1,27,5885.742232127416,5696.219156858172,4113.742232127417,1582.4769247307554,1525.0,300.0,70.0,0,,,,,0.29128470001160167
48,C,14,14,14,9518.757,424,14,1,29,5757.0773627258595,6923.757450108004,3630.0773627258586,3293.6800873821476,2120.0,405.0,70.0,0,,,,,0.45735669997520745
49,Cplus3F,16,16,16,8557.82,384,16,1,29,5149.432827957956,6183.820038062679,3384.432827957956,2799.3872101047205,1920.0,374.0,80.0,0,4,C,115,109,0.5441903999890201
49,C3FDirect,16,16,16,8557.82,384,16,1,29,5149.432827957956,6183.820038062679,3384.432827957956,2799.3872101047205,1920.0,374.0,80.0,0,4,C,115,109,0.49302320001879707
49,B,16,16,16,9117.035,376,16,1,27,5730.553318573218,6808.035394710482,3758.55331857322,3049.4820761372634,1880.0,349.0,80.0,0,,,,,0.578497900016373
49,C,16,16,16,8483.779,366,16,1,29,5215.763262621534,6224.778654117921,3383.7632626215327,2841.0153914963885,1830.0,349.0,80.0,0,,,,,0.49429370000143535
50,Cplus3F,12,12,12,8667.933,383,12,1,29,5784.1055491053285,6321.933326119563,3657.1055491053276,2664.827777014237,1915.0,371.0,60.0,0,4,C,124,49,0.13156450001406483
50,C3FDirect,12,12,12,8667.933,383,12,1,29,5784.1055491053285,6321.933326119563,3657.1055491053276,2664.827777014237,1915.0,371.0,60.0,0,4,C,124,49,0.16557969999848865
50,B,12,12,12,8978.095,418,12,1,27,6493.783184746648,6420.0949409308605,4083.7831847466496,2336.3117561842123,2090.0,408.0,60.0,0,,,,,0.27492749999510124
50,C,12,12,12,9287.915,378,12,1,29,5731.103053264542,6976.914620790999,3657.103053264542,3319.8115675264585,1890.0,361.0,60.0,0,,,,,0.18424030000460334
51,Cplus3F,15,15,15,8672.004,386,15,1,29,5775.456663978427,6299.004144783034,3712.4566639784275,2586.5474808046033,1930.0,368.0,75.0,0,2,C,98,84,0.34441449999576434
51,C3FDirect,15,15,15,8672.004,386,15,1,29,5775.456663978427,6299.004144783034,3712.4566639784275,2586.5474808046033,1930.0,368.0,75.0,0,2,C,98,84,0.3595603999856394
51,B,15,15,15,8929.652,376,15,1,27,6230.25821747296,6609.652048807967,4103.2582174729605,2506.393831335006,1880.0,365.0,75.0,0,,,,,0.3745870999991894
51,C,15,15,15,9194.64,452,15,1,29,5981.3743146106945,6430.639677391111,3639.3743146106926,2791.2653627804166,2260.0,429.0,75.0,0,,,,,0.7203198999923188
52,Cplus3F,11,11,11,7968.166,437,11,1,29,6085.318425948945,5306.165792782499,3677.3184259489444,1628.8473668335541,2185.0,422.0,55.0,0,1,C,127,71,0.1576706999912858
52,C3FDirect,11,11,11,7968.166,437,11,1,29,6085.318425948945,5306.165792782499,3677.3184259489444,1628.8473668335541,2185.0,422.0,55.0,0,1,C,127,71,0.11817940001492389
52,B,11,11,11,8033.55,353,11,1,27,6218.5079600788995,5862.549859495957,4110.5079600789,1752.0418994170552,1765.0,351.0,55.0,0,,,,,0.04112760000862181
52,C,11,11,11,8202.51,490,11,1,29,6358.526432326396,5217.510012980872,3629.5264323263946,1587.9835806544781,2450.0,480.0,55.0,0,,,,,0.2505253000126686
53,Cplus3F,11,11,11,8156.385,441,11,1,29,6302.268956619247,5460.3850396642265,3728.2689566192453,1732.1160830449792,2205.0,436.0,55.0,0,3,C,73,39,0.19250319999991916
53,C3FDirect,11,11,11,8156.385,441,11,1,29,6302.268956619247,5460.3850396642265,3728.2689566192453,1732.1160830449792,2205.0,436.0,55.0,0,3,C,73,39,0.21786930001690052
53,B,11,11,11,8834.485,411,11,1,27,6427.097417739711,6329.4845814096125,4095.097417739712,2234.3871636699027,2055.0,395.0,55.0,0,,,,,0.405185799987521
53,C,11,11,11,8341.282,450,11,1,29,6262.769246558996,5591.281541962593,3636.769246558994,1954.5122954035985,2250.0,445.0,55.0,0,,,,,0.21584610000718385
54,Cplus3F,13,13,13,8407.871,374,13,1,29,5751.413863550426,6124.871261173035,3704.413863550426,2420.4573976226097,1870.0,348.0,65.0,0,4,C,42,57,0.3209498999931384
54,C3FDirect,13,13,13,8407.871,374,13,1,29,5751.413863550426,6124.871261173035,3704.413863550426,2420.4573976226097,1870.0,348.0,65.0,0,4,C,42,57,0.32301360002020374
54,B,13,13,13,8921.695,386,13,1,27,6271.512292320823,6568.694510312145,4157.512292320825,2411.182217991325,1930.0,358.0,65.0,0,,,,,0.3686258999805432
54,C,13,13,13,9308.728,394,13,1,29,5646.06922724673,6907.7284459420525,3638.0692272467304,3269.659218695324,1970.0,366.0,65.0,0,,,,,0.3228415000194218
55,Cplus3F,15,15,15,8979.079,401,15,1,29,5776.6498334236485,6527.078932252601,3656.64983342365,2870.4290988289513,2005.0,372.0,75.0,0,1,C,189,67,0.41788029999588616
55,C3FDirect,15,15,15,8979.079,401,15,1,29,5776.6498334236485,6527.078932252601,3656.64983342365,2870.4290988289513,2005.0,372.0,75.0,0,1,C,189,67,0.41379680001409724
55,B,15,15,15,8257.065,317,15,1,27,5949.661125659709,6285.064965794984,4111.661125659711,2173.4038401352723,1585.0,312.0,75.0,0,,,,,0.3239224999852013
55,C,15,15,15,9429.168,418,15,1,29,5986.526432326396,6857.168196041511,3629.5264323263946,3227.641763715117,2090.0,407.0,75.0,0,,,,,0.45243840001057833
56,Cplus3F,10,10,10,8107.137,441,10,1,29,6221.824545762346,5422.136759791668,3675.824545762346,1746.3122140293226,2205.0,430.0,50.0,0,2,C,50,38,0.24993109999923036
56,C3FDirect,10,10,10,8107.137,441,10,1,29,6221.824545762346,5422.136759791668,3675.824545762346,1746.3122140293226,2205.0,430.0,50.0,0,2,C,50,38,0.21834539997507818
56,B,10,10,10,9116.851,436,10,1,27,6597.646598136134,6464.851334821928,4091.6465981361357,2373.2047366857905,2180.0,422.0,50.0,0,,,,,0.28266239998629317
56,C,10,10,10,8311.025,441,10,1,29,6142.526432326396,5624.024632769358,3629.5264323263946,1994.4982004429646,2205.0,432.0,50.0,0,,,,,0.28044600001885556
57,Cplus3F,11,11,11,8385.537,420,11,1,29,6064.240609182091,5823.537304206747,3716.2406091820894,2107.2966950246587,2100.0,407.0,55.0,0,2,C,124,54,0.34681709998403676
57,C3FDirect,11,11,11,8385.537,420,11,1,29,6064.240609182091,5823.537304206747,3716.2406091820894,2107.2966950246587,2100.0,407.0,55.0,0,2,C,124,54,0.4280103000055533
57,B,11,11,11,8470.87,424,11,1,27,6596.518233429625,5875.8701864088525,4096.518233429627,1779.3519529792247,2120.0,420.0,55.0,0,,,,,0.14031059999251738
57,C,11,11,11,8798.022,432,11,1,29,6120.040749599275,6166.021660996294,3668.040749599273,2497.9809113970236,2160.0,417.0,55.0,0,,,,,0.45240409998223186
58,Cplus3F,12,12,12,7439.826,400,12,1,29,6091.32014450655,4982.825610224509,3691.3201445065483,1291.5054657179608,2000.0,397.0,60.0,0,1,C,55,58,0.06747539999196306
58,C3FDirect,12,12,12,7439.826,400,12,1,29,6091.32014450655,4982.825610224509,3691.3201445065483,1291.5054657179608,2000.0,397.0,60.0,0,1,C,55,58,0.057454499998129904
58,B,12,12,12,8216.608,435,12,1,27,6631.6045249987055,5551.608416642213,4089.6045249987064,1462.0038916435071,2175.0,430.0,60.0,0,,,,,0.21178799998597242
58,C,12,12,12,8351.769,443,12,1,29,6226.812118337003,5636.768821669881,3630.8121183370013,2005.9567033328788,2215.0,440.0,60.0,0,,,,,0.1715908999904059
59,Cplus3F,11,11,11,8931.432,486,11,1,29,6093.011856876262,5970.432263039249,3630.011856876259,2340.4204061629925,2430.0,476.0,55.0,0,3,C,72,80,0.3403915999806486
59,C3FDirect,11,11,11,8931.432,486,11,1,29,6093.011856876262,5970.432263039249,3630.011856876259,2340.4204061629925,2430.0,476.0,55.0,0,3,C,72,80,0.33003159999498166
59,B,11,11,11,8554.086,351,11,1,27,6090.872699416612,6403.086065447494,4082.872699416613,2320.2133660308823,1755.0,341.0,55.0,0,,,,,0.3205313000071328
59,C,11,11,11,9955.09,505,11,1,29,6093.52647711781,6894.090385577093,3629.526477117807,3264.563908459286,2525.0,481.0,55.0,0,,,,,0.4344494999968447
60,Cplus3F,10,10,10,7996.371,470,10,1,29,6292.522262017428,5140.370941328776,3637.5222620174277,1502.8486793113482,2350.0,456.0,50.0,0,2,C,54,41,0.21004970002104528
60,C3FDirect,10,10,10,7996.371,470,10,1,29,6292.522262017428,5140.370941328776,3637.5222620174277,1502.8486793113482,2350.0,456.0,50.0,0,2,C,54,41,0.15335579999373294
60,B,10,10,10,8737.883,422,10,1,27,6608.642641294416,6164.883286252081,4140.6426412944165,2024.2406449576629,2110.0,413.0,50.0,0,,,,,0.14922310001566075
60,C,10,10,10,9551.878,542,10,1,29,6459.1967865962,6252.877582922095,3635.1967865961983,2617.680796325896,2710.0,539.0,50.0,0,,,,,0.3380831000104081
61,Cplus3F,15,15,15,8391.507,377,15,1,29,5691.859434643187,6085.506556757539,3675.8594346431887,2409.647122114354,1885.0,346.0,75.0,0,3,C,117,67,0.2827132999955211
61,C3FDirect,15,15,15,8391.507,377,15,1,29,5691.859434643187,6085.506556757539,3675.8594346431887,2409.647122114354,1885.0,346.0,75.0,0,3,C,117,67,0.3361795999808237
61,B,15,15,15,8893.996,363,15,1,27,6232.082600220232,6659.996008922485,4187.082600220233,2472.913408702254,1815.0,344.0,75.0,0,,,,,0.3722195999871474
61,C,15,15,15,9052.157,454,15,1,29,5893.059453725425,6283.157181634283,3664.0594537254237,2619.097727908862,2270.0,424.0,75.0,0,,,,,0.5734711000113748
62,Cplus3F,13,13,13,8319.203,415,13,1,29,6023.285153245431,5780.202830261955,3676.28515324543,2103.917677016527,2075.0,399.0,65.0,0,1,C,70,53,0.26289689997793175
62,C3FDirect,13,13,13,8319.203,415,13,1,29,6023.285153245431,5780.202830261955,3676.28515324543,2103.917677016527,2075.0,399.0,65.0,0,1,C,70,53,0.22983180001028813
62,B,13,13,13,8471.015,356,13,1,27,6162.5199120538755,6276.0148522327445,4101.519912053876,2174.4949401788667,1780.0,350.0,65.0,0,,,,,0.33756369998445734
62,C,13,13,13,8871.551,461,13,1,29,6063.595251395848,6061.551052189871,3629.5952513958464,2431.9558007940245,2305.0,440.0,65.0,0,,,,,0.5019610000017565
63,Cplus3F,11,11,11,8068.971,449,11,1,29,6240.734369614989,5328.971460053079,3676.734369614987,1652.2370904380923,2245.0,440.0,55.0,0,1,C,65,45,0.17722050001611933
63,C3FDirect,11,11,11,8068.971,449,11,1,29,6240.734369614989,5328.971460053079,3676.734369614987,1652.2370904380923,2245.0,440.0,55.0,0,1,C,65,45,0.186285300005693
63,B,11,11,11,7974.265,384,11,1,27,6417.0867185596835,5624.264988250867,4178.086718559684,1446.1782696911825,1920.0,375.0,55.0,0,,,,,0.2769842999987304
63,C,11,11,11,8083.493,433,11,1,29,6179.290311016778,5438.492859300647,3656.2903110167754,1782.2025482838721,2165.0,425.0,55.0,0,,,,,0.2423228000116069
64,Cplus3F,16,16,16,8494.448,353,16,1,29,4555.037596346786,6328.447981799903,2957.037596346787,3371.410385453119,1765.0,321.0,80.0,0,1,C,189,98,0.6823582999932114
64,C3FDirect,16,16,16,8494.448,353,16,1,29,4555.037596346786,6328.447981799903,2957.037596346787,3371.410385453119,1765.0,321.0,80.0,0,1,C,189,98,0.6960835000209045
64,B,16,16,16,8516.233,361,16,1,27,6020.5689857187135,6283.232669078379,3961.5689857187144,2321.663683359665,1805.0,348.0,80.0,0,,,,,0.3100421999988612
64,C,16,16,16,8858.126,434,16,1,29,4921.208481566142,6199.126302264536,2956.2084815661415,3242.917820698396,2170.0,409.0,80.0,0,,,,,0.5764294000109658
65,Cplus3F,10,10,10,8225.684,443,10,1,27,6726.470031650621,5520.683558305359,4096.470031650621,1424.2135266547396,2215.0,440.0,50.0,0,0,B,0,0,0.0940139000013005
65,C3FDirect,10,10,10,8493.352,480,10,1,29,6325.591425243921,5587.3521995436895,3689.5914252439197,1897.7607742997702,2400.0,456.0,50.0,0,0,C,113,53,0.20637520001037046
65,B,10,10,10,8225.684,443,10,1,27,6726.470031650621,5520.683558305359,4096.470031650621,1424.2135266547396,2215.0,440.0,50.0,0,,,,,0.08620029999292456
65,C,10,10,10,9104.551,507,10,1,29,6352.526432326396,6048.550859251138,3629.5264323263946,2419.0244269247437,2535.0,471.0,50.0,0,,,,,0.39501589999417774
66,Cplus3F,14,14,14,7835.984,377,14,1,29,5717.645389569285,5509.983783911228,3701.645389569283,1808.3383943419446,1885.0,371.0,70.0,0,2,C,124,88,0.3191244000045117
66,C3FDirect,14,14,14,7835.984,377,14,1,29,5717.645389569285,5509.983783911228,3701.645389569283,1808.3383943419446,1885.0,371.0,70.0,0,2,C,124,88,0.26473779999651015
66,B,14,14,14,8238.794,322,14,1,27,5898.744763193433,6256.794079072251,4126.744763193433,2130.0493158788217,1610.0,302.0,70.0,0,,,,,0.4511968999868259
66,C,14,14,14,8699.45,402,14,1,29,5891.464013197807,6233.4500319771705,3637.4640131978053,2595.9860187793643,2010.0,386.0,70.0,0,,,,,0.4612236999964807
67,Cplus3F,11,11,11,8127.701,453,11,1,29,6246.998712700612,5358.700594076202,3640.9987127006107,1717.701881375592,2265.0,449.0,55.0,0,1,C,62,49,0.15192139998544008
67,C3FDirect,11,11,11,8127.701,453,11,1,29,6246.998712700612,5358.700594076202,3640.9987127006107,1717.701881375592,2265.0,449.0,55.0,0,1,C,62,49,0.16144890000578016
67,B,11,11,11,9309.501,434,11,1,27,6598.919544533138,6663.500619595483,4099.91954453314,2563.5810750623414,2170.0,421.0,55.0,0,,,,,0.28088520001620054
67,C,11,11,11,8903.433,484,11,1,29,6322.526432326396,5965.432897102661,3629.5264323263946,2335.9064647762675,2420.0,463.0,55.0,0,,,,,0.212682000012137
68,Cplus3F,14,14,14,8531.257,416,14,1,29,5982.069711501553,5974.257352741878,3713.0697115015537,2261.1876412403244,2080.0,407.0,70.0,0,3,C,136,83,0.3259982999879867
68,C3FDirect,14,14,14,8531.257,416,14,1,29,5982.069711501553,5974.257352741878,3713.0697115015537,2261.1876412403244,2080.0,407.0,70.0,0,3,C,136,83,0.3513172999955714
68,B,14,14,14,8798.635,339,14,1,27,6003.660569083322,6708.634866189349,4098.660569083322,2609.9742971060273,1695.0,325.0,70.0,0,,,,,0.4194285999983549
68,C,14,14,14,9261.886,440,14,1,29,6076.526432326396,6567.885914029794,3629.5264323263946,2938.359481703397,2200.0,424.0,70.0,0,,,,,0.4161872999975458
69,Cplus3F,15,15,15,9624.765,391,15,1,29,5656.462939073619,7247.764735187167,3682.4629390736195,3565.301796113554,1955.0,347.0,75.0,0,3,C,220,89,0.4862089000234846
69,C3FDirect,15,15,15,9624.765,391,15,1,29,5656.462939073619,7247.764735187167,3682.4629390736195,3565.301796113554,1955.0,347.0,75.0,0,3,C,220,89,0.4544873999839183
69,B,15,15,15,9399.33,387,15,1,27,6168.432365625786,7027.329682079464,4095.4323656257866,2931.8973164536787,1935.0,362.0,75.0,0,,,,,0.6325470000156201
69,C,15,15,15,10102.67,499,15,1,29,5956.526432326396,7057.670133283564,3629.5264323263946,3428.1437009571728,2495.0,475.0,75.0,0,,,,,0.5754127000109293
70,Cplus3F,14,14,14,8263.72,373,14,1,29,5726.056940537438,5962.720026820293,3641.056940537437,2321.6630862828547,1865.0,366.0,70.0,0,3,C,138,76,0.20318809998570941
70,C3FDirect,14,14,14,8263.72,373,14,1,29,5726.056940537438,5962.720026820293,3641.056940537437,2321.6630862828547,1865.0,366.0,70.0,0,3,C,138,76,0.24095959999249317
70,B,14,14,14,8489.392,370,14,1,27,6215.543341401833,6211.391757542775,4107.5433414018335,2103.848416140941,1850.0,358.0,70.0,0,,,,,0.373477900022408
70,C,14,14,14,8426.442,394,14,1,29,5872.526432326396,6001.441679541933,3629.5264323263946,2371.9152472155374,1970.0,385.0,70.0,0,,,,,0.38633509998908266
71,Cplus3F,11,11,11,7535.226,398,11,1,29,5964.5794987814925,5099.226458662903,3652.5794987814916,1446.64695988141,1990.0,391.0,55.0,0,3,C,103,51,0.2525597999920137
71,C3FDirect,11,11,11,7535.226,398,11,1,29,5964.5794987814925,5099.226458662903,3652.5794987814916,1446.64695988141,1990.0,391.0,55.0,0,3,C,103,51,0.24889570000232197
71,B,11,11,11,9999.909,435,11,1,27,6402.066971645872,7376.908909153363,4082.066971645874,3294.841937507495,2175.0,393.0,55.0,0,,,,,0.6906152000010479
71,C,11,11,11,8377.711,421,11,1,29,6058.511496676898,5806.71103968076,3642.511496676895,2164.1995430038646,2105.0,411.0,55.0,0,,,,,0.34798580000642687
72,Cplus3F,11,11,11,8888.21,453,11,1,29,5996.582238785033,6134.209778544505,3638.5822387850326,2495.6275397594736,2265.0,434.0,55.0,0,3,C,112,73,0.30552940000779927
72,C3FDirect,11,11,11,8888.21,453,11,1,29,5996.582238785033,6134.209778544505,3638.5822387850326,2495.6275397594736,2265.0,434.0,55.0,0,3,C,112,73,0.23355359997367486
72,B,11,11,11,7812.813,334,11,1,27,6074.86113601983,5758.813418808246,4117.861136019831,1640.9522827884182,1670.0,329.0,55.0,0,,,,,0.2277462000201922
72,C,11,11,11,9022.104,484,11,1,29,6226.62401029153,6077.104480618174,3630.624010291529,2446.480470326646,2420.0,470.0,55.0,0,,,,,0.36067709999042563
73,Cplus3F,16,16,16,7920.938,369,16,1,29,5608.226442759859,5642.93792205793,3559.226442759861,2083.711479298069,1845.0,353.0,80.0,0,2,C,137,63,0.27050769998459145
73,C3FDirect,16,16,16,7920.938,369,16,1,29,5608.226442759859,5642.93792205793,3559.226442759861,2083.711479298069,1845.0,353.0,80.0,0,2,C,137,63,0.2504256999818608
73,B,16,16,16,6711.459,272,16,1,27,4365.6576574546225,5008.458921815398,2843.657657454623,2164.8012643607753,1360.0,263.0,80.0,0,,,,,0.3986471999960486
73,C,16,16,16,9112.817,457,16,1,29,5738.955499181741,6313.8170674512785,3467.9554991817395,2845.861568269541,2285.0,434.0,80.0,0,,,,,0.6890371000044979
74,Cplus3F,12,12,12,7511.179,386,12,1,29,5978.422542622432,5146.179491670842,3727.422542622431,1418.756949048411,1930.0,375.0,60.0,0,4,C,65,60,0.07434069999726489
74,C3FDirect,12,12,12,7511.179,386,12,1,29,5978.422542622432,5146.179491670842,3727.422542622431,1418.756949048411,1930.0,375.0,60.0,0,4,C,65,60,0.06700299997464754
74,B,12,12,12,9246.616,377,12,1,27,6164.672757449098,6949.616383199226,4096.6727574491,2852.943625750125,1885.0,352.0,60.0,0,,,,,0.5273483000055421
74,C,12,12,12,8870.295,460,12,1,29,6082.526432326396,6068.29544552992,3629.5264323263946,2438.7690132035273,2300.0,442.0,60.0,0,,,,,0.32496070000343025
75,Cplus3F,13,13,13,7825.309,351,13,1,29,5719.880884766956,5672.309238197294,3732.8808847669548,1939.4283534303415,1755.0,333.0,65.0,0,4,C,97,56,0.2235647999914363
75,C3FDirect,13,13,13,7825.309,351,13,1,29,5719.880884766956,5672.309238197294,3732.8808847669548,1939.4283534303415,1755.0,333.0,65.0,0,4,C,97,56,0.22011980001116171
75,B,13,13,13,8912.697,415,13,1,27,6443.822551558955,6376.697387131348,4112.822551558955,2263.8748355723983,2075.0,396.0,65.0,0,,,,,0.46142150001833215
75,C,13,13,13,8858.114,385,13,1,29,5671.497385239962,6508.1142144173455,3633.4973852399603,2874.6168291773856,1925.0,360.0,65.0,0,,,,,0.31011510000098497
76,Cplus3F,15,15,15,9914.604,460,15,1,29,5598.841113226061,7095.6036226403485,3652.8411132260608,3442.7625094142895,2300.0,444.0,75.0,0,7,C,173,135,0.525944699998945
76,C3FDirect,15,15,15,9914.604,460,15,1,29,5598.841113226061,7095.6036226403485,3652.8411132260608,3442.7625094142895,2300.0,444.0,75.0,0,7,C,173,135,0.5020331999985501
76,B,15,15,15,9154.252,320,15,1,27,5971.048951314662,7167.2515652111115,4133.048951314663,3034.2026138964484,1600.0,312.0,75.0,0,,,,,0.22085599999991246
76,C,15,15,15,10631.477,549,15,1,29,5774.217398787553,7282.476709333186,3646.217398787552,3636.259310545635,2745.0,529.0,75.0,0,,,,,0.7723294000024907
77,Cplus3F,10,10,10,9141.654,472,10,1,29,6134.579065699956,6289.653563152258,3653.579065699954,2636.0744974523054,2360.0,442.0,50.0,0,1,C,66,49,0.3651609999942593
77,C3FDirect,10,10,10,9141.654,472,10,1,29,6134.579065699956,6289.653563152258,3653.579065699954,2636.0744974523054,2360.0,442.0,50.0,0,1,C,66,49,0.3080811999971047
77,B,10,10,10,9077.777,475,10,1,27,6686.39815093803,6191.777145906395,4084.398150938032,2107.378994968364,2375.0,461.0,50.0,0,,,,,0.3738551000133157
77,C,10,10,10,9477.167,497,10,1,29,6217.755697441941,6464.167193713589,3633.755697441939,2830.4114962716494,2485.0,478.0,50.0,0,,,,,0.31192199999350123
78,Cplus3F,14,14,14,8461.428,402,14,1,29,5897.4656165502965,5993.42758999251,3726.4656165502965,2266.961973442213,2010.0,388.0,70.0,0,2,C,103,75,0.2022630000137724
78,C3FDirect,14,14,14,8461.428,402,14,1,29,5897.4656165502965,5993.42758999251,3726.4656165502965,2266.961973442213,2010.0,388.0,70.0,0,2,C,103,75,0.197411800007103
78,B,14,14,14,8928.622,399,14,1,27,6429.041732798142,6473.622391494527,4116.041732798143,2357.5806586963813,1995.0,390.0,70.0,0,,,,,0.24313529999926686
78,C,14,14,14,8716.872,390,14,1,29,5776.5264323263955,6326.871974739725,3629.5264323263946,2697.3455424133313,1950.0,370.0,70.0,0,,,,,0.3848105999932159
79,Cplus3F,15,15,15,8341.73,353,15,1,29,5691.83376029572,6155.730484527265,3655.833760295719,2499.8967242315443,1765.0,346.0,75.0,0,4,C,100,69,0.11296450000372715
79,C3FDirect,15,15,15,8341.73,353,15,1,29,5691.83376029572,6155.730484527265,3655.833760295719,2499.8967242315443,1765.0,346.0,75.0,0,4,C,100,69,0.08455790000152774
79,B,15,15,15,8473.994,320,15,1,27,5958.036797147044,6487.9941898648185,4120.036797147045,2367.957392717773,1600.0,311.0,75.0,0,,,,,0.3035095000232104
79,C,15,15,15,9775.092,434,15,1,29,5910.186575405114,7118.0915038895,3639.1865754051123,3478.904928484387,2170.0,412.0,75.0,0,,,,,0.31675519997952506
80,Cplus3F,14,14,14,7147.255,320,14,1,29,5506.044103482496,5166.255196463548,3677.044103482495,1489.2110929810513,1600.0,311.0,70.0,0,3,C,128,58,0.21234920001006685
80,C3FDirect,14,14,14,7147.255,320,14,1,29,5506.044103482496,5166.255196463548,3677.044103482495,1489.2110929810513,1600.0,311.0,70.0,0,3,C,128,58,0.2392824999988079
80,B,14,14,14,7729.228,330,14,1,27,6098.1407458681215,5684.2275672375445,4177.140745868122,1507.086821369423,1650.0,325.0,70.0,0,,,,,0.20214899998973124
80,C,14,14,14,8037.623,376,14,1,29,5722.917178909349,5733.622990995418,3638.917178909347,2094.705812086072,1880.0,354.0,70.0,0,,,,,0.6130961000162642
81,Cplus3F,14,14,14,9008.734,385,14,1,29,5642.333827161444,6651.73413820436,3672.333827161444,2979.400311042918,1925.0,362.0,70.0,0,2,C,134,87,0.35282210001605563
81,C3FDirect,14,14,14,9008.734,385,14,1,29,5642.333827161444,6651.73413820436,3672.333827161444,2979.400311042918,1925.0,362.0,70.0,0,2,C,134,87,0.360343299980741
81,B,14,14,14,8711.881,326,14,1,27,5994.628591782901,6690.880553187676,4107.628591782902,2583.251961404776,1630.0,321.0,70.0,0,,,,,0.19923960001324303
81,C,14,14,14,9949.183,513,14,1,29,5932.526432326396,6819.183444665517,3629.5264323263946,3189.6570123391257,2565.0,495.0,70.0,0,,,,,0.6584092999983113
82,Cplus3F,10,10,10,8257.038,472,10,1,29,6347.625878540961,5391.037908735721,3662.6258785409614,1728.412030194762,2360.0,456.0,50.0,0,2,C,55,49,0.2329098000191152
82,C3FDirect,10,10,10,8257.038,472,10,1,29,6347.625878540961,5391.037908735721,3662.6258785409614,1728.412030194762,2360.0,456.0,50.0,0,2,C,55,49,0.24091140000382438
82,B,10,10,10,8948.106,437,10,1,27,6498.052857202225,6305.105833597333,4088.0528572022254,2217.052976395112,2185.0,408.0,50.0,0,,,,,0.5117605999985244
82,C,10,10,10,8917.115,501,10,1,29,6370.526432326396,5882.114862474253,3629.5264323263946,2252.5884301478595,2505.0,480.0,50.0,0,,,,,0.24366049998207018
83,Cplus3F,13,13,13,9329.929,435,13,1,29,6012.809626743339,6673.929346622634,3732.8096267433384,2941.1197198792956,2175.0,416.0,65.0,0,3,C,118,81,0.23104389998479746
83,C3FDirect,13,13,13,9329.929,435,13,1,29,6012.809626743339,6673.929346622634,3732.8096267433384,2941.1197198792956,2175.0,416.0,65.0,0,3,C,118,81,0.23624820000259206
83,B,13,13,13,8970.022,372,13,1,27,6227.001736043411,6684.022047859925,4111.001736043412,2573.020311816513,1860.0,361.0,65.0,0,,,,,0.4728080999921076
83,C,13,13,13,9936.993,480,13,1,29,6010.494779663703,7006.993315801887,3649.4947796637016,3357.498536138188,2400.0,465.0,65.0,0,,,,,0.35722040000837296
84,Cplus3F,10,10,10,8853.254,425,10,1,27,6504.8719793931805,6265.253751617278,4081.871979393182,2183.381772224098,2125.0,413.0,50.0,0,0,B,0,0,0.4024777000013273
84,C3FDirect,10,10,10,8003.25,433,10,1,29,6289.307611236011,5361.250498116304,3709.307611236011,1651.9428868802934,2165.0,427.0,50.0,0,0,C,85,37,0.16556880000280216
84,B,10,10,10,8853.254,425,10,1,27,6504.8719793931805,6265.253751617278,4081.871979393182,2183.381772224098,2125.0,413.0,50.0,0,,,,,0.35406159999547526
84,C,10,10,10,8649.939,458,10,1,29,6310.333083150146,5855.939373569943,3630.333083150145,2225.606290419798,2290.0,454.0,50.0,0,,,,,0.24049150000791997
85,Cplus3F,15,15,15,8844.537,429,15,1,29,6010.629561098631,6208.537185508909,3725.629561098632,2482.907624410276,2145.0,416.0,75.0,0,3,C,109,83,0.3594642000098247
85,C3FDirect,15,15,15,8844.537,429,15,1,29,6010.629561098631,6208.537185508909,3725.629561098632,2482.907624410276,2145.0,416.0,75.0,0,3,C,109,83,0.4301467000041157
85,B,15,15,15,8901.177,399,15,1,27,6182.41817781066,6463.177076901569,4090.4181778106617,2372.758899090906,1995.0,368.0,75.0,0,,,,,0.3211994000012055
85,C,15,15,15,9063.59,459,15,1,29,6041.738956807771,6261.590298909209,3645.73895680777,2615.851342101441,2295.0,432.0,75.0,0,,,,,0.6522929999919143
86,Cplus3F,13,13,13,8847.623,444,13,1,29,6039.445892332052,6122.622926050192,3691.44589233205,2431.177033718142,2220.0,440.0,65.0,0,2,C,86,75,0.2637414000055287
86,C3FDirect,13,13,13,8847.623,444,13,1,29,6039.445892332052,6122.622926050192,3691.44589233205,2431.177033718142,2220.0,440.0,65.0,0,2,C,86,75,0.29701290000230074
86,B,13,13,13,8632.19,346,13,1,27,6091.573317670698,6500.189739538245,4108.5733176707,2391.6164218675444,1730.0,337.0,65.0,0,,,,,0.38160389999393374
86,C,13,13,13,9518.018,482,13,1,29,5932.5264323263955,6564.017922370088,3629.5264323263946,2934.4914900436934,2410.0,479.0,65.0,0,,,,,0.4382943999953568
87,Cplus3F,15,15,15,7853.847,351,15,1,29,5691.01904420828,5685.846573841855,3725.019044208279,1960.8275296335758,1755.0,338.0,75.0,0,3,C,178,75,0.26468709998880513
87,C3FDirect,15,15,15,7853.847,351,15,1,29,5691.01904420828,5685.846573841855,3725.019044208279,1960.8275296335758,1755.0,338.0,75.0,0,3,C,178,75,0.3030865999753587
87,B,15,15,15,8526.528,391,15,1,27,6420.963268073689,6121.527776245571,4183.96326807369,1937.564508171884,1955.0,375.0,75.0,0,,,,,0.31006909999996424
87,C,15,15,15,9090.8,416,15,1,29,5884.1221350490205,6543.79982720481,3630.122135049018,2913.6776921557926,2080.0,392.0,75.0,0,,,,,0.4694493999995757
88,Cplus3F,12,12,12,9498.486,498,12,1,29,6076.359785462856,6485.486029262914,3644.3597854628547,2841.126243800058,2490.0,463.0,60.0,0,1,C,101,82,0.453393200004939
88,C3FDirect,12,12,12,9498.486,498,12,1,29,6076.359785462856,6485.486029262914,3644.3597854628547,2841.126243800058,2490.0,463.0,60.0,0,1,C,101,82,0.4585283000196796
88,B,12,12,12,8457.895,363,12,1,27,6205.461838753449,6227.894598638266,4125.46183875345,2102.432759884815,1815.0,355.0,60.0,0,,,,,0.34485809999750927
88,C,12,12,12,10582.084,548,12,1,29,6034.5264323263955,7249.083976326175,3629.5264323263946,3619.5575439997842,2740.0,533.0,60.0,0,,,,,0.6308854999952018
89,Cplus3F,13,13,13,8454.932,384,13,1,29,5776.223139175417,6116.93197371044,3705.223139175416,2411.7088345350276,1920.0,353.0,65.0,0,1,C,105,57,0.5170063000114169
89,C3FDirect,13,13,13,8454.932,384,13,1,29,5776.223139175417,6116.93197371044,3705.223139175416,2411.7088345350276,1920.0,353.0,65.0,0,1,C,105,57,0.426959899981739
89,B,13,13,13,8390.148,360,13,1,27,6190.696056996824,6176.148368095782,4135.696056996825,2040.452311098958,1800.0,349.0,65.0,0,,,,,0.3629508000158239
89,C,13,13,13,8777.768,424,13,1,29,5818.912559673906,6203.7678059940345,3630.9125596739054,2572.855246320131,2120.0,389.0,65.0,0,,,,,0.5394585000176448
90,Cplus3F,14,14,14,8819.441,389,14,1,29,5840.842860170707,6442.440869076737,3764.8428601707083,2677.5980089060313,1945.0,362.0,70.0,0,1,C,176,72,0.2761682000127621
90,C3FDirect,14,14,14,8819.441,389,14,1,29,5840.842860170707,6442.440869076737,3764.8428601707083,2677.5980089060313,1945.0,362.0,70.0,0,1,C,176,72,0.28271590001531877
90,B,14,14,14,9669.012,432,14,1,27,6442.67482850587,7032.011596714344,4148.674828505871,2883.3367682084727,2160.0,407.0,70.0,0,,,,,0.26816360000520945
90,C,14,14,14,9024.352,418,14,1,29,5775.145644082003,6467.351814142876,3659.145644082001,2808.2061700608715,2090.0,397.0,70.0,0,,,,,0.4686123999999836
91,Cplus3F,12,12,12,8424.639,420,12,1,29,5959.542844341961,5863.639482175482,3671.542844341959,2192.0966378335233,2100.0,401.0,60.0,0,2,C,113,59,0.2225451999984216
91,C3FDirect,12,12,12,8424.639,420,12,1,29,5959.542844341961,5863.639482175482,3671.542844341959,2192.0966378335233,2100.0,401.0,60.0,0,2,C,113,59,0.21119169998564757
91,B,12,12,12,9056.275,366,12,1,27,6185.683344519611,6812.274801188854,4099.683344519612,2712.5914566692445,1830.0,354.0,60.0,0,,,,,0.21879270000499673
91,C,12,12,12,9116.425,416,12,1,29,5896.5264323263955,6581.424686646114,3629.5264323263946,2951.8982543197208,2080.0,395.0,60.0,0,,,,,0.3378800000064075
92,Cplus3F,10,10,10,10611.885,565,10,1,29,6323.803436563092,7186.885265075507,3631.803436563091,3555.0818285124155,2825.0,550.0,50.0,0,1,C,86,104,0.527411499992013
92,C3FDirect,10,10,10,10611.885,565,10,1,29,6323.803436563092,7186.885265075507,3631.803436563091,3555.0818285124155,2825.0,550.0,50.0,0,1,C,86,104,0.4313792000175454
92,B,10,10,10,9469.793,451,10,1,27,6397.7946028004235,6738.792542088239,4090.794602800425,2647.9979392878186,2255.0,426.0,50.0,0,,,,,0.5464047999994364
92,C,10,10,10,11351.895,621,10,1,29,6413.803436563092,7587.894622269854,3631.803436563091,3956.091185706763,3105.0,609.0,50.0,0,,,,,0.45404519999283366
93,Cplus3F,16,16,16,7865.532,341,16,1,29,5471.467502932914,5758.531676689491,3583.467502932913,2175.064173756579,1705.0,322.0,80.0,0,1,C,136,87,0.3883810000261292
93,C3FDirect,16,16,16,7865.532,341,16,1,29,5471.467502932914,5758.531676689491,3583.467502932913,2175.064173756579,1705.0,322.0,80.0,0,1,C,136,87,0.38592800000333227
93,B,16,16,16,8976.892,358,16,1,27,5743.712542924213,6762.892498296951,3753.712542924214,3009.179955372736,1790.0,344.0,80.0,0,,,,,0.45024910001666285
93,C,16,16,16,8478.574,386,16,1,29,5628.931058786377,6094.573981267369,3464.931058786375,2629.6429224809926,1930.0,374.0,80.0,0,,,,,0.5016651999903843
94,Cplus3F,10,10,10,7942.456,433,10,1,29,6166.803105641686,5297.456442829956,3704.803105641684,1592.6533371882736,2165.0,430.0,50.0,0,2,C,51,42,0.086724900000263
94,C3FDirect,10,10,10,7942.456,433,10,1,29,6166.803105641686,5297.456442829956,3704.803105641684,1592.6533371882736,2165.0,430.0,50.0,0,2,C,51,42,0.09779640001943335
94,B,10,10,10,8914.962,472,10,1,27,6810.367485644682,6049.962458788944,4107.367485644683,1942.5949731442608,2360.0,455.0,50.0,0,,,,,0.27663989999564365
94,C,10,10,10,9125.287,482,10,1,29,6244.526432326396,6201.287479832418,3629.5264323263946,2571.761047506025,2410.0,464.0,50.0,0,,,,,0.2036521999980323
95,Cplus3F,16,16,16,7210.679,299,16,1,29,4953.180277313861,5347.678913306677,3304.180277313858,2043.4986359928193,1495.0,288.0,80.0,0,3,C,115,82,0.3661417000112124
95,C3FDirect,16,16,16,7210.679,299,16,1,29,4953.180277313861,5347.678913306677,3304.180277313858,2043.4986359928193,1495.0,288.0,80.0,0,3,C,115,82,0.41981829999713227
95,B,16,16,16,9857.739,412,16,1,27,5832.944821041597,7318.739471676485,3745.9448210415985,3572.7946506348885,2060.0,399.0,80.0,0,,,,,0.7620043999922927
95,C,16,16,16,7726.393,339,16,1,29,5088.854284582213,5625.39316063568,3212.854284582212,2412.53887605347,1695.0,326.0,80.0,0,,,,,0.6443867999769282
96,Cplus3F,12,12,12,7614.278,404,12,1,29,6025.485643375952,5137.277750215753,3648.485643375952,1488.7921068398002,2020.0,397.0,60.0,0,2,C,75,43,0.18236579999211244
96,C3FDirect,12,12,12,7614.278,404,12,1,29,6025.485643375952,5137.277750215753,3648.485643375952,1488.7921068398002,2020.0,397.0,60.0,0,2,C,75,43,0.17767609999282286
96,B,12,12,12,9742.212,414,12,1,27,6282.8719793931805,7236.211846362982,4081.871979393182,3154.33986696981,2070.0,376.0,60.0,0,,,,,0.9561726999818347
96,C,12,12,12,8193.447,415,12,1,29,6047.24732733897,5651.446579009078,3637.247327338968,2014.19925167011,2075.0,407.0,60.0,0,,,,,0.2942378000007011
97,Cplus3F,16,16,16,7833.516,359,16,1,29,4537.788319221694,5612.51557121501,2970.788319221694,2641.7272519933153,1795.0,346.0,80.0,0,6,C,209,135,0.4172015000076499
97,C3FDirect,16,16,16,7833.516,359,16,1,29,4537.788319221694,5612.51557121501,2970.788319221694,2641.7272519933153,1795.0,346.0,80.0,0,6,C,209,135,0.4771054000011645
97,B,16,16,16,8971.562,388,16,1,27,5400.21718717348,6586.561656225768,3571.2171871734818,3015.3444690522892,1940.0,365.0,80.0,0,,,,,0.7308202999993227
97,C,16,16,16,7737.2,338,16,1,29,4479.369788528068,5645.200029475799,2944.3697885280676,2700.8302409477365,1690.0,322.0,80.0,0,,,,,0.6453651000047103
98,Cplus3F,16,16,16,9063.164,398,16,1,29,5598.532247031598,6615.164276763487,3658.5322470315978,2956.6320297318903,1990.0,378.0,80.0,0,3,C,202,104,0.41090379998786375
98,C3FDirect,16,16,16,9063.164,398,16,1,29,5598.532247031598,6615.164276763487,3658.5322470315978,2956.6320297318903,1990.0,378.0,80.0,0,3,C,202,104,0.3860860999848228
98,B,16,16,16,7958.012,302,16,1,27,4603.24801460471,6078.01232460398,3047.248014604711,3030.764309999271,1510.0,290.0,80.0,0,,,,,0.3900421000143979
98,C,16,16,16,9836.201,443,16,1,29,5812.752387083912,7119.20115140353,3678.7523870839104,3440.4487643196226,2215.0,422.0,80.0,0,,,,,0.5797375999973156
99,Cplus3F,15,15,15,9359.494,449,15,1,29,5800.146148698288,6607.493810628537,3637.146148698287,2970.3476619302496,2245.0,432.0,75.0,0,1,C,140,108,0.4266712999960873
99,C3FDirect,15,15,15,9359.494,449,15,1,29,5800.146148698288,6607.493810628537,3637.146148698287,2970.3476619302496,2245.0,432.0,75.0,0,1,C,140,108,0.40356989999418147
99,B,15,15,15,8796.922,357,15,1,27,6068.451314287262,6597.922244315515,4084.4513142872647,2513.470930028253,1785.0,339.0,75.0,0,,,,,0.47628509998321533
99,C,15,15,15,9890.498,442,15,1,29,5824.5264323263955,7183.498272566315,3629.5264323263946,3553.971840239922,2210.0,422.0,75.0,0,,,,,0.5867514999990817
100,Cplus3F,14,14,14,7949.107,390,14,1,29,5813.1246104051215,5542.107214435683,3690.124610405123,1851.9826040305618,1950.0,387.0,70.0,0,5,C,115,92,0.2953506999765523
100,C3FDirect,14,14,14,7949.107,390,14,1,29,5813.1246104051215,5542.107214435683,3690.124610405123,1851.9826040305618,1950.0,387.0,70.0,0,5,C,115,92,0.3258732999966014
100,B,14,14,14,8331.218,359,14,1,27,6135.658802423298,6119.218134085445,4110.6588024233,2008.5593316621446,1795.0,347.0,70.0,0,,,,,0.45385040002292953
100,C,14,14,14,8285.887,402,14,1,29,5866.5264323263955,5819.887183928415,3629.5264323263946,2190.3607516020243,2010.0,386.0,70.0,0,,,,,0.6390648999949917
101,Cplus3F,11,11,11,7906.74,399,11,1,29,5974.697220575092,5478.7400616684345,3694.697220575091,1784.0428410933437,1995.0,378.0,55.0,0,2,C,84,48,0.3016881000075955
101,C3FDirect,11,11,11,7906.74,399,11,1,29,5974.697220575092,5478.7400616684345,3694.697220575091,1784.0428410933437,1995.0,378.0,55.0,0,2,C,84,48,0.3001213999814354
101,B,11,11,11,8196.552,406,11,1,27,6622.4511154165475,5719.552372513508,4248.4511154165475,1471.1012570969647,2030.0,392.0,55.0,0,,,,,0.2541348999948241
101,C,11,11,11,9010.205,461,11,1,29,6211.445389991586,6208.20532162188,3676.4453899915857,2531.7599316302963,2305.0,442.0,55.0,0,,,,,0.4907557000115048
102,Cplus3F,13,13,13,7445.83,354,13,1,29,5778.668075210223,5261.83048292385,3688.6680752102225,1573.1624077136257,1770.0,349.0,65.0,0,2,C,109,67,0.19173039999441244
102,C3FDirect,13,13,13,7445.83,354,13,1,29,5778.668075210223,5261.83048292385,3688.6680752102225,1573.1624077136257,1770.0,349.0,65.0,0,2,C,109,67,0.15826659998856485
102,B,13,13,13,8510.164,378,13,1,27,6282.08641347564,6183.163666215791,4094.086413475642,2089.077252740149,1890.0,372.0,65.0,0,,,,,0.26978269999381155
102,C,13,13,13,8518.051,396,13,1,29,5902.526432326396,6084.05112353116,3629.5264323263946,2454.524691204762,1980.0,389.0,65.0,0,,,,,0.46540899999672547
103,Cplus3F,11,11,11,8853.17,445,11,1,29,6170.170378473473,6151.170460271783,3689.1703784734714,2462.0000817983123,2225.0,422.0,55.0,0,2,C,118,52,0.15722389999427833
103,C3FDirect,11,11,11,8853.17,445,11,1,29,6170.170378473473,6151.170460271783,3689.1703784734714,2462.0000817983123,2225.0,422.0,55.0,0,2,C,118,52,0.16065659999730997
103,B,11,11,11,8722.432,402,11,1,27,6448.158913535906,6266.431994668959,4123.158913535909,2143.273081133053,2010.0,391.0,55.0,0,,,,,0.28572749998420477
103,C,11,11,11,9683.583,519,11,1,29,6472.526432326396,6539.5827967067235,3629.5264323263946,2910.056364380327,2595.0,494.0,55.0,0,,,,,0.1795875999960117
104,Cplus3F,10,10,10,8133.607,431,10,1,29,6217.8191875286875,5500.606940450552,3653.819187528686,1846.7877529218667,2155.0,428.0,50.0,0,2,C,78,31,0.09578010000404902
104,C3FDirect,10,10,10,8133.607,431,10,1,29,6217.8191875286875,5500.606940450552,3653.819187528686,1846.7877529218667,2155.0,428.0,50.0,0,2,C,78,31,0.1170638999901712
104,B,10,10,10,9372.512,434,10,1,27,6576.752332402745,6741.512444336582,4144.752332402747,2596.7601119338365,2170.0,411.0,50.0,0,,,,,0.22904330000164919
104,C,10,10,10,8539.069,429,10,1,29,6134.439781970747,5922.068921710508,3646.439781970746,2275.6291397397636,2145.0,422.0,50.0,0,,,,,0.19029200001386926
105,Cplus3F,11,11,11,8317.644,417,11,1,29,6095.679872476079,5778.64364007464,3694.679872476078,2083.9637675985623,2085.0,399.0,55.0,0,2,C,66,52,0.10472139998455532
105,C3FDirect,11,11,11,8317.644,417,11,1,29,6095.679872476079,5778.64364007464,3694.679872476078,2083.9637675985623,2085.0,399.0,55.0,0,2,C,66,52,0.08924539998406544
105,B,11,11,11,8143.349,378,11,1,27,6349.11690436658,5826.34887760556,4133.1169043665805,1693.2319732389801,1890.0,372.0,55.0,0,,,,,0.2694879000191577
105,C,11,11,11,9366.833,504,11,1,29,6316.526432326396,6306.8333941550945,3629.5264323263946,2677.3069618287004,2520.0,485.0,55.0,0,,,,,0.37684430001536384
106,Cplus3F,12,12,12,7980.586,404,12,1,29,6008.255157429298,5506.585929299126,3715.2551574292975,1791.330771869831,2020.0,394.0,60.0,0,1,C,93,46,0.2532249999931082
106,C3FDirect,12,12,12,7980.586,404,12,1,29,6008.255157429298,5506.585929299126,3715.2551574292975,1791.330771869831,2020.0,394.0,60.0,0,1,C,93,46,0.2361551999929361
106,B,12,12,12,8703.485,379,12,1,27,6329.266745675615,6377.485456752737,4131.266745675617,2246.2187110771206,1895.0,371.0,60.0,0,,,,,0.24935759999789298
106,C,12,12,12,8655.077,437,12,1,29,6249.0941859928125,5980.077451575519,3714.0941859928103,2265.98326558271,2185.0,430.0,60.0,0,,,,,0.2104543999885209
107,Cplus3F,15,15,15,10158.445,414,15,1,29,5795.188274447223,7635.444820202723,3713.188274447223,3922.256545755502,2070.0,378.0,75.0,0,3,C,218,86,0.3876165999972727
107,C3FDirect,15,15,15,10158.445,414,15,1,29,5795.188274447223,7635.444820202723,3713.188274447223,3922.256545755502,2070.0,378.0,75.0,0,3,C,218,86,0.3740918999828864
107,B,15,15,15,9244.002,396,15,1,27,6325.497119512731,6805.001888231022,4089.4971195127323,2715.504768718291,1980.0,384.0,75.0,0,,,,,0.48446740000508726
107,C,15,15,15,10370.577,502,15,1,29,5921.898596839826,7289.576550468875,3656.8985968398238,3632.677953629054,2510.0,496.0,75.0,0,,,,,0.41504960000747815
108,Cplus3F,10,10,10,8431.413,454,10,1,29,6285.144000712553,5669.412775401303,3667.1440007125498,2002.2687746887545,2270.0,442.0,50.0,0,2,C,27,39,0.2361776000179816
108,C3FDirect,10,10,10,8431.413,454,10,1,29,6285.144000712553,5669.412775401303,3667.1440007125498,2002.2687746887545,2270.0,442.0,50.0,0,2,C,27,39,0.21425779999117367
108,B,10,10,10,8216.429,409,10,1,27,6555.112307820741,5718.428842002464,4141.112307820742,1577.3165341817225,2045.0,403.0,50.0,0,,,,,0.11068360001081601
108,C,10,10,10,8964.752,458,10,1,29,6261.673049859155,6183.752212732632,3653.6730498591533,2530.0791628734773,2290.0,441.0,50.0,0,,,,,0.42414709998411126
109,Cplus3F,11,11,11,9120.685,468,11,1,29,6171.468944394408,6272.684712495773,3649.468944394407,2623.215768101371,2340.0,453.0,55.0,0,3,C,99,66,0.43973620000178926
109,C3FDirect,11,11,11,9120.685,468,11,1,29,6171.468944394408,6272.684712495773,3649.468944394407,2623.215768101371,2340.0,453.0,55.0,0,3,C,99,66,0.43856890001916327
109,B,11,11,11,8562.72,389,11,1,27,6282.8719793931805,6184.719948383116,4081.871979393182,2102.8479689899364,1945.0,378.0,55.0,0,,,,,0.1636685999983456
109,C,11,11,11,9770.18,528,11,1,29,6384.0685351195925,6559.1797351799505,3639.068535119591,2920.1112000603625,2640.0,516.0,55.0,0,,,,,0.4304957000131253
110,Cplus3F,14,14,14,8651.265,384,14,1,27,6266.939969996669,6302.264615799698,4158.939969996671,2143.3246458030267,1920.0,359.0,70.0,0,0,B,0,0,0.5784970999811776
110,C3FDirect,14,14,14,8241.561,406,14,1,29,5846.13983750109,5742.561250028516,3685.139837501091,2057.4214125274275,2030.0,399.0,70.0,0,0,C,122,79,0.3166951000166591
110,B,14,14,14,8651.265,384,14,1,27,6266.939969996669,6302.264615799698,4158.939969996671,2143.3246458030267,1920.0,359.0,70.0,0,,,,,0.5804913000029046
110,C,14,14,14,8834.706,441,14,1,29,5998.526432326396,6139.706410958319,3629.5264323263946,2510.1799786319275,2205.0,420.0,70.0,0,,,,,0.4985183000098914
111,Cplus3F,16,16,16,8927.696,420,16,1,29,5077.378601222569,6338.696246820732,3349.3786012225682,2989.317645598165,2100.0,409.0,80.0,0,3,C,138,152,0.6208134999906179
111,C3FDirect,16,16,16,8927.696,420,16,1,29,5077.378601222569,6338.696246820732,3349.3786012225682,2989.317645598165,2100.0,409.0,80.0,0,3,C,138,152,0.5830061000015121
111,B,16,16,16,8466.035,339,16,1,27,5455.917761604188,6375.035451289304,3629.9177616041884,2745.117689685114,1695.0,316.0,80.0,0,,,,,0.3269545999937691
111,C,16,16,16,9348.511,408,16,1,29,5090.551058281916,6837.51092610576,3279.5510582819156,3557.9598678238403,2040.0,391.0,80.0,0,,,,,0.8567426000081468
112,Cplus3F,10,10,10,9088.891,481,10,1,29,6120.275025571759,6161.891149005104,3668.275025571758,2493.6161234333495,2405.0,472.0,50.0,0,3,C,84,76,0.3040449999971315
112,C3FDirect,10,10,10,9088.891,481,10,1,29,6120.275025571759,6161.891149005104,3668.275025571758,2493.6161234333495,2405.0,472.0,50.0,0,3,C,84,76,0.29855769997811876
112,B,10,10,10,8632.595,385,10,1,27,6294.8719793931805,6280.594646853699,4081.871979393182,2198.722667460517,1925.0,377.0,50.0,0,,,,,0.29022490000352263
112,C,10,10,10,9809.231,540,10,1,29,6352.526432326396,6526.231173116844,3629.5264323263946,2896.704740790451,2700.0,533.0,50.0,0,,,,,0.3139978999970481
113,Cplus3F,16,16,16,7562.647,308,16,1,29,5015.5968321829105,5647.646791231075,3339.59683218291,2308.0499590481645,1540.0,295.0,80.0,0,5,C,121,68,0.45820520000415854
113,C3FDirect,16,16,16,7562.647,308,16,1,29,5015.5968321829105,5647.646791231075,3339.59683218291,2308.0499590481645,1540.0,295.0,80.0,0,5,C,121,68,0.435400300018955
113,B,16,16,16,9617.197,331,16,1,27,5490.171542716545,7571.197488810703,3746.171542716547,3825.025946094157,1655.0,311.0,80.0,0,,,,,0.6613299000018742
113,C,16,16,16,8076.802,306,16,1,29,4972.854133701501,6173.801689007844,3288.854133701501,2884.947555306347,1530.0,293.0,80.0,0,,,,,0.5493409000046086
114,Cplus3F,14,14,14,8022.873,347,14,1,29,5619.505832416437,5886.873208614765,3668.5058324164384,2218.367376198326,1735.0,331.0,70.0,0,5,C,74,63,0.177644200011855
114,C3FDirect,14,14,14,8022.873,347,14,1,29,5619.505832416437,5886.873208614765,3668.5058324164384,2218.367376198326,1735.0,331.0,70.0,0,5,C,74,63,0.16849870001897216
114,B,14,14,14,8979.175,348,14,1,27,6219.897840668473,6829.174959556006,4203.897840668474,2625.2771188875317,1740.0,340.0,70.0,0,,,,,0.31806869999854825
114,C,14,14,14,9920.725,442,14,1,29,5664.897453730739,7218.724670419124,3632.8974537307377,3585.8272166883858,2210.0,422.0,70.0,0,,,,,0.6066298999940045
115,Cplus3F,11,11,11,8424.022,392,11,1,27,6350.662614650373,6028.0219109620275,4084.6626146503745,1943.3592963116525,1960.0,381.0,55.0,0,0,B,0,0,0.19644100000732578
115,C3FDirect,11,11,11,8944.306,473,11,1,29,6389.634801997167,6078.305536965411,3722.634801997167,2355.670734968245,2365.0,446.0,55.0,0,0,C,69,45,0.3736841000209097
115,B,11,11,11,8424.022,392,11,1,27,6350.662614650373,6028.0219109620275,4084.6626146503745,1943.3592963116525,1960.0,381.0,55.0,0,,,,,0.17518109999946319
115,C,11,11,11,9502.374,526,11,1,29,6419.634801997167,6303.373941533487,3722.634801997167,2580.739139536322,2630.0,514.0,55.0,0,,,,,0.40521009999793023
116,Cplus3F,16,16,16,8985.25,379,16,1,29,5486.217195222423,6663.249966642179,3586.2171952224217,3077.0327714197583,1895.0,347.0,80.0,0,3,C,141,99,0.28470330001437105
116,C3FDirect,16,16,16,8985.25,379,16,1,29,5486.217195222423,6663.249966642179,3586.2171952224217,3077.0327714197583,1895.0,347.0,80.0,0,3,C,141,99,0.26240199999301694
116,B,16,16,16,8989.217,375,16,1,27,6077.8254485676125,6679.216771360232,4012.825448567614,2666.391322792622,1875.0,355.0,80.0,0,,,,,0.4357198000070639
116,C,16,16,16,10299.931,544,16,1,29,5729.048952982977,6979.930568408398,3470.048952982978,3509.881615425423,2720.0,520.0,80.0,0,,,,,0.5893514000053983
117,Cplus3F,13,13,13,7822.4,407,13,1,29,6010.853624122197,5324.4001340860095,3688.853624122197,1635.5465099638116,2035.0,398.0,65.0,0,2,C,94,57,0.16760380001505837
117,C3FDirect,13,13,13,7822.4,407,13,1,29,6010.853624122197,5324.4001340860095,3688.853624122197,1635.5465099638116,2035.0,398.0,65.0,0,2,C,94,57,0.18949729998712428
117,B,13,13,13,9064.47,390,13,1,27,6263.83422619573,6684.47008799673,4124.8342261957305,2559.635861801006,1950.0,365.0,65.0,0,,,,,0.5660796999873128
117,C,13,13,13,8390.955,415,13,1,29,5973.691114666431,5852.955060300372,3635.691114666429,2217.2639456339452,2075.0,398.0,65.0,0,,,,,0.42906500000390224
118,Cplus3F,10,10,10,7677.921,400,10,1,29,6007.44569657749,5239.92085233087,3696.445696577489,1543.4751557533818,2000.0,388.0,50.0,0,2,C,78,54,0.12646880000829697
118,C3FDirect,10,10,10,7677.921,400,10,1,29,6007.44569657749,5239.92085233087,3696.445696577489,1543.4751557533818,2000.0,388.0,50.0,0,2,C,78,54,0.17989139998098835
118,B,10,10,10,9251.919,422,10,1,27,6426.8719793931805,6692.919217258739,4081.871979393182,2611.04723786556,2110.0,399.0,50.0,0,,,,,0.37235160000273027
118,C,10,10,10,9090.105,495,10,1,29,6322.7801582063275,6107.105432692398,3636.7801582063266,2470.325274486077,2475.0,458.0,50.0,0,,,,,0.5596562999999151
119,Cplus3F,14,14,14,8912.667,417,14,1,29,5788.386786687465,6364.666744429797,3681.386786687463,2683.279957742337,2085.0,393.0,70.0,0,3,C,138,85,0.3803289999777917
119,C3FDirect,14,14,14,8912.667,417,14,1,29,5788.386786687465,6364.666744429797,3681.386786687463,2683.279957742337,2085.0,393.0,70.0,0,3,C,138,85,0.4087080000026617
119,B,14,14,14,8507.085,333,14,1,27,5984.402559594008,6452.085484023707,4103.402559594009,2348.6829244297005,1665.0,320.0,70.0,0,,,,,0.4928971999906935
119,C,14,14,14,9880.825,497,14,1,29,5872.5264323263955,6840.825070136096,3629.5264323263946,3211.2986378097025,2485.0,485.0,70.0,0,,,,,0.8037471999996342
120,Cplus3F,13,13,13,7089.118,360,13,1,29,5825.711901421628,4866.117538885482,3720.7119014216287,1145.4056374638535,1800.0,358.0,65.0,0,2,C,80,49,0.09009320000768639
120,C3FDirect,13,13,13,7089.118,360,13,1,29,5825.711901421628,4866.117538885482,3720.7119014216287,1145.4056374638535,1800.0,358.0,65.0,0,2,C,80,49,0.10406189999775961
120,B,13,13,13,9003.06,374,13,1,27,6226.667353346518,6721.059928959448,4173.667353346518,2547.3925756129374,1870.0,347.0,65.0,0,,,,,0.5192697000165936
120,C,13,13,13,8662.857,372,13,1,29,5734.5264323263955,6375.856771913521,3629.5264323263946,2746.3303395871244,1860.0,362.0,65.0,0,,,,,0.3407356000097934
121,Cplus3F,10,10,10,7682.492,411,10,1,29,5994.24571147322,5183.49237587739,3640.245711473219,1543.246664404171,2055.0,394.0,50.0,0,5,C,50,53,0.1281246000144165
121,C3FDirect,10,10,10,7682.492,411,10,1,29,5994.24571147322,5183.49237587739,3640.245711473219,1543.246664404171,2055.0,394.0,50.0,0,5,C,50,53,0.13210649997927248
121,B,10,10,10,9146.286,424,10,1,27,6463.612223442019,6579.286362401675,4126.61222344202,2452.6741389596573,2120.0,397.0,50.0,0,,,,,0.3733125999860931
121,C,10,10,10,8855.701,468,10,1,29,6106.616247076969,6022.7014243688745,3630.616247076967,2392.0851772919095,2340.0,443.0,50.0,0,,,,,0.27362920000450686
122,Cplus3F,14,14,14,8188.498,387,14,1,29,5878.7171345985125,5814.498345070474,3693.717134598513,2120.781210471962,1935.0,369.0,70.0,0,3,C,114,67,0.20771879999665543
122,C3FDirect,14,14,14,8188.498,387,14,1,29,5878.7171345985125,5814.498345070474,3693.717134598513,2120.781210471962,1935.0,369.0,70.0,0,3,C,114,67,0.20645389999845065
122,B,14,14,14,8589.633,352,14,1,27,6026.089935133362,6427.633079810604,4084.0899351333624,2343.543144677243,1760.0,332.0,70.0,0,,,,,0.469905399979325
122,C,14,14,14,8727.146,457,14,1,29,6076.526432326396,5936.145621242256,3629.5264323263946,2306.6191889158613,2285.0,436.0,70.0,0,,,,,0.3434506999910809
123,Cplus3F,16,16,16,7448.437,305,16,1,29,3871.34545749001,5552.436591519252,2520.345457490011,3032.091134029243,1525.0,291.0,80.0,0,1,C,268,87,0.5569986999907997
123,C3FDirect,16,16,16,7448.437,305,16,1,29,3871.34545749001,5552.436591519252,2520.345457490011,3032.091134029243,1525.0,291.0,80.0,0,1,C,268,87,0.566698999988148
123,B,16,16,16,8460.38,333,16,1,27,5630.467856772288,6390.379796533573,3754.467856772289,2635.911939761283,1665.0,325.0,80.0,0,,,,,0.3210174999840092
123,C,16,16,16,9594.149,550,16,1,29,4111.704632400724,6219.149179476449,2469.7046324007247,3749.4445470757255,2750.0,545.0,80.0,0,,,,,0.859817499993369
124,Cplus3F,16,16,16,8211.787,325,16,1,29,5355.08889860196,6207.7872370619625,3598.0888986019595,2609.6983384600053,1625.0,299.0,80.0,0,3,C,115,68,0.35973190001095645
124,C3FDirect,16,16,16,8211.787,325,16,1,29,5355.08889860196,6207.7872370619625,3598.0888986019595,2609.6983384600053,1625.0,299.0,80.0,0,3,C,115,68,0.3403412999759894
124,B,16,16,16,7942.901,316,16,1,27,5248.839383881776,5973.901021820535,3427.839383881778,2546.061637938758,1580.0,309.0,80.0,0,,,,,0.2922107999911532
124,C,16,16,16,8815.803,397,16,1,29,5585.1929012195105,6361.802844192261,3506.1929012195087,2855.6099429727524,1985.0,389.0,80.0,0,,,,,0.3215675000101328
125,Cplus3F,10,10,10,8567.817,433,10,1,27,6738.289633288761,5924.817121225427,4169.289633288763,1755.5274879366639,2165.0,428.0,50.0,0,0,B,0,0,0.17270600001211278
125,C3FDirect,10,10,10,8505.309,465,10,1,29,6252.1920076237475,5674.309444774783,3682.192007623746,1992.117437151036,2325.0,456.0,50.0,0,0,C,70,50,0.16213020001305267
125,B,10,10,10,8567.817,433,10,1,27,6738.289633288761,5924.817121225427,4169.289633288763,1755.5274879366639,2165.0,428.0,50.0,0,,,,,0.17463220001081936
125,C,10,10,10,8806.531,464,10,1,29,6244.526432326396,5993.530864097982,3629.5264323263946,2364.004431771588,2320.0,443.0,50.0,0,,,,,0.20321350000449456
126,Cplus3F,12,12,12,9191.679,463,12,1,29,5999.38994818798,6378.6789242161985,3644.3899481879807,2734.2889760282214,2315.0,438.0,60.0,0,2,C,94,81,0.3280032999755349
126,C3FDirect,12,12,12,9191.679,463,12,1,29,5999.38994818798,6378.6789242161985,3644.3899481879807,2734.2889760282214,2315.0,438.0,60.0,0,2,C,94,81,0.36600609999732114
126,B,12,12,12,8392.872,417,12,1,27,6530.326288088706,5838.871834978919,4115.326288088708,1723.5455468902119,2085.0,409.0,60.0,0,,,,,0.2942130000155885
126,C,12,12,12,10015.549,536,12,1,29,6100.5264323263955,6752.54901504277,3629.5264323263946,3123.0225827163786,2680.0,523.0,60.0,0,,,,,0.5055676999909338
127,Cplus3F,12,12,12,8170.392,424,12,1,29,6014.446870457632,5575.392044839657,3705.4468704576316,1869.9451743820262,2120.0,415.0,60.0,0,2,C,123,89,0.1713494000141509
127,C3FDirect,12,12,12,8170.392,424,12,1,29,6014.446870457632,5575.392044839657,3705.4468704576316,1869.9451743820262,2120.0,415.0,60.0,0,2,C,123,89,0.17993849999038503
127,B,12,12,12,8746.039,375,12,1,27,6261.714410179895,6450.0393597849325,4123.714410179896,2326.324949605037,1875.0,361.0,60.0,0,,,,,0.36431430000811815
127,C,12,12,12,9097.404,445,12,1,29,6022.591474384365,6390.404188263763,3630.5914743843637,2759.812713879402,2225.0,422.0,60.0,0,,,,,0.3721959999820683
128,Cplus3F,16,16,16,8369.906,388,16,1,29,5188.8081147728835,5979.905884198472,3389.8081147728844,2590.097769425589,1940.0,370.0,80.0,0,3,C,139,119,0.279968100017868
128,C3FDirect,16,16,16,8369.906,388,16,1,29,5188.8081147728835,5979.905884198472,3389.8081147728844,2590.097769425589,1940.0,370.0,80.0,0,3,C,139,119,0.22933240002021194
128,B,16,16,16,9313.642,388,16,1,27,6176.988595898766,6924.641706157851,4019.988595898769,2904.6531102590816,1940.0,369.0,80.0,0,,,,,0.38183749999734573
128,C,16,16,16,8377.774,439,16,1,29,5318.30848108931,5668.773974501883,3305.3084810893097,2363.4654934125742,2195.0,434.0,80.0,0,,,,,0.4261490000062622
129,Cplus3F,11,11,11,8024.089,410,11,1,29,5924.526088260483,5519.088662512529,3636.5260882604825,1882.5625742520465,2050.0,400.0,55.0,0,2,C,90,64,0.2642999999807216
129,C3FDirect,11,11,11,8024.089,410,11,1,29,5924.526088260483,5519.088662512529,3636.5260882604825,1882.5625742520465,2050.0,400.0,55.0,0,2,C,90,64,0.2735601000022143
129,B,11,11,11,7909.713,363,11,1,27,6222.853152707973,5685.71345911627,4120.853152707975,1564.8603064082956,1815.0,354.0,55.0,0,,,,,0.2575922000105493
129,C,11,11,11,9015.055,435,11,1,29,5896.5264323263955,6380.055011556527,3629.5264323263946,2750.5285792301324,2175.0,405.0,55.0,0,,,,,0.7038716999813914
130,Cplus3F,13,13,13,8187.233,414,13,1,29,5921.7607207000065,5652.2326142145575,3695.760720700005,1956.4718935145527,2070.0,400.0,65.0,0,2,C,86,71,0.18083329999353737
130,C3FDirect,13,13,13,8187.233,414,13,1,29,5921.7607207000065,5652.2326142145575,3695.760720700005,1956.4718935145527,2070.0,400.0,65.0,0,2,C,86,71,0.170686299999943
130,B,13,13,13,8839.636,425,13,1,27,6456.2339771757115,6241.6361029512,4115.233977175712,2126.402125775488,2125.0,408.0,65.0,0,,,,,0.2565662999986671
130,C,13,13,13,9199.286,477,13,1,29,6002.947630399393,6285.285672136162,3664.9476303993924,2620.338041736772,2385.0,464.0,65.0,0,,,,,0.4350698000052944
131,Cplus3F,12,12,12,7836.87,402,12,1,29,5874.69811068561,5368.869658179826,3641.6981106856106,1727.1715474942155,2010.0,398.0,60.0,0,2,C,98,63,0.13341419998323545
131,C3FDirect,12,12,12,7836.87,402,12,1,29,5874.69811068561,5368.869658179826,3641.6981106856106,1727.1715474942155,2010.0,398.0,60.0,0,2,C,98,63,0.13671989997965284
131,B,12,12,12,8382.39,345,12,1,27,6034.651654581185,6267.3904988065115,4086.651654581186,2180.7388442253273,1725.0,330.0,60.0,0,,,,,0.39697949998662807
131,C,12,12,12,9114.393,504,12,1,29,6098.4256885577115,6035.392862039045,3635.4256885577115,2399.967173481336,2520.0,499.0,60.0,0,,,,,0.4525173000001814
132,Cplus3F,12,12,12,8310.08,426,12,1,29,6055.828875609887,5712.08010921311,3640.828875609887,2071.251233603226,2130.0,408.0,60.0,0,1,C,68,45,0.1931402999907732
132,C3FDirect,12,12,12,8310.08,426,12,1,29,6055.828875609887,5712.08010921311,3640.828875609887,2071.251233603226,2130.0,408.0,60.0,0,1,C,68,45,0.15749890002189204
132,B,12,12,12,8987.808,423,12,1,27,6492.8719793931805,6401.807763010053,4081.871979393182,2319.9357836168724,2115.0,411.0,60.0,0,,,,,0.35037570001441054
132,C,12,12,12,9052.957,495,12,1,29,6291.527443176882,6045.956593912419,3629.527443176881,2416.429150735539,2475.0,472.0,60.0,0,,,,,0.26145849999738857
133,Cplus3F,13,13,13,8099.953,364,13,1,29,5636.047714156398,5878.952808265837,3667.047714156398,2211.905094109439,1820.0,336.0,65.0,0,4,C,94,58,0.4160841000266373
133,C3FDirect,13,13,13,8099.953,364,13,1,29,5636.047714156398,5878.952808265837,3667.047714156398,2211.905094109439,1820.0,336.0,65.0,0,4,C,94,58,0.36255349998828024
133,B,13,13,13,8710.921,340,13,1,27,6050.481066467425,6613.921159158795,4103.481066467425,2510.44009269137,1700.0,332.0,65.0,0,,,,,0.3796724999847356
133,C,13,13,13,8610.372,408,13,1,29,5716.5264323263955,6123.371622060869,3629.5264323263946,2493.8451897344744,2040.0,382.0,65.0,0,,,,,0.5159133000124712
134,Cplus3F,10,10,10,8093.822,423,10,1,29,6083.254682835731,5522.82226343536,3652.25468283573,1870.5675805996316,2115.0,406.0,50.0,0,2,C,96,50,0.11795090002124198
134,C3FDirect,10,10,10,8093.822,423,10,1,29,6083.254682835731,5522.82226343536,3652.25468283573,1870.5675805996316,2115.0,406.0,50.0,0,2,C,96,50,0.11579720000736415
134,B,10,10,10,8385.767,414,10,1,27,6514.314356147771,5869.76703935038,4143.314356147771,1726.4526832026102,2070.0,396.0,50.0,0,,,,,0.21266829999512993
134,C,10,10,10,9137.713,472,10,1,29,6256.184236534314,6279.712992102361,3630.1842365343127,2649.528755568047,2360.0,448.0,50.0,0,,,,,0.26769900001818314
135,Cplus3F,16,16,16,6123.227,247,16,1,29,3331.3130786209695,4584.2267927769235,2141.3130786209695,2442.9137141559536,1235.0,224.0,80.0,0,5,C,118,72,0.37048819998744875
135,C3FDirect,16,16,16,6123.227,247,16,1,29,3331.3130786209695,4584.2267927769235,2141.3130786209695,2442.9137141559536,1235.0,224.0,80.0,0,5,C,118,72,0.3291181999957189
135,B,16,16,16,7717.831,272,16,1,27,5291.120852732929,6013.831013911821,3752.120852732929,2261.7101611788926,1360.0,264.0,80.0,0,,,,,0.351193799986504
135,C,16,16,16,8823.002,468,16,1,29,3361.5891755103576,5946.001649138055,2072.589175510358,3873.412473627697,2340.0,457.0,80.0,0,,,,,0.8631582999951206
136,Cplus3F,13,13,13,7581.022,367,13,1,29,5778.684222628085,5323.021535107614,3665.684222628085,1657.337312479528,1835.0,358.0,65.0,0,3,C,91,66,0.15046609999262728
136,C3FDirect,13,13,13,7581.022,367,13,1,29,5778.684222628085,5323.021535107614,3665.684222628085,1657.337312479528,1835.0,358.0,65.0,0,3,C,91,66,0.14489820000017062
136,B,13,13,13,8707.356,412,13,1,27,6456.8719793931805,6176.356235771337,4081.871979393182,2094.484256378155,2060.0,406.0,65.0,0,,,,,0.38010579999536276
136,C,13,13,13,8229.319,392,13,1,29,5892.28064776944,5821.319037348898,3639.2806477694385,2182.03838957946,1960.0,383.0,65.0,0,,,,,0.3065067999996245
137,Cplus3F,12,12,12,8749.451,450,12,1,29,6102.652372987468,6007.4509379799165,3712.652372987467,2294.7985649924512,2250.0,432.0,60.0,0,2,C,105,66,0.2287709999945946
137,C3FDirect,12,12,12,8749.451,450,12,1,29,6102.652372987468,6007.4509379799165,3712.652372987467,2294.7985649924512,2250.0,432.0,60.0,0,2,C,105,66,0.28836029997910373
137,B,12,12,12,9417.101,406,12,1,27,6419.856373676953,6936.101182469227,4112.856373676954,2823.2448087922726,2030.0,391.0,60.0,0,,,,,0.4112658000085503
137,C,12,12,12,8948.998,489,12,1,29,6178.824131014141,5974.997882881241,3630.82413101414,2344.1737518671,2445.0,469.0,60.0,0,,,,,0.2922668000101112
138,Cplus3F,14,14,14,8104.131,407,14,1,29,5910.841993812703,5614.130593786396,3714.8419938127026,1899.2885999736932,2035.0,385.0,70.0,0,3,C,90,79,0.19051730001228862
138,C3FDirect,14,14,14,8104.131,407,14,1,29,5910.841993812703,5614.130593786396,3714.8419938127026,1899.2885999736932,2035.0,385.0,70.0,0,3,C,90,79,0.1904089000017848
138,B,14,14,14,8695.343,339,14,1,27,5970.925181100251,6608.343326788038,4082.9251811002537,2525.4181456877864,1695.0,322.0,70.0,0,,,,,0.286519400018733
138,C,14,14,14,10018.72,470,14,1,29,5930.6514364724735,7160.720263194542,3658.6514364724726,3502.0688267220708,2350.0,438.0,70.0,0,,,,,0.34071610000682995
139,Cplus3F,13,13,13,8571.763,401,13,1,29,5912.9413434019725,6123.763170433505,3723.9413434019716,2399.821827031537,2005.0,378.0,65.0,0,3,C,170,71,0.44798449997324497
139,C3FDirect,13,13,13,8571.763,401,13,1,29,5912.9413434019725,6123.763170433505,3723.9413434019716,2399.821827031537,2005.0,378.0,65.0,0,3,C,170,71,0.3596440999826882
139,B,13,13,13,8992.018,395,13,1,27,6408.1144797078505,6570.017806734845,4168.114479707854,2401.9033270269906,1975.0,382.0,65.0,0,,,,,0.2560454999911599
139,C,13,13,13,9035.019,439,13,1,29,5914.696674532565,6365.0192449778615,3667.6966745325653,2697.3225704453,2195.0,410.0,65.0,0,,,,,0.4319651999976486
140,Cplus3F,12,12,12,8166.261,405,12,1,27,6512.331702954186,5683.260534898126,4147.331702954186,1535.928831943941,2025.0,398.0,60.0,0,0,B,0,0,0.2536680000193883
140,C3FDirect,12,12,12,8183.84,458,12,1,29,6125.419051807338,5385.840224473375,3658.4190518073383,1727.4211726660371,2290.0,448.0,60.0,0,0,C,85,69,0.29044370001065545
140,B,12,12,12,8166.261,405,12,1,27,6512.331702954186,5683.260534898126,4147.331702954186,1535.928831943941,2025.0,398.0,60.0,0,,,,,0.21689489998971112
140,C,12,12,12,8560.038,456,12,1,29,6132.020046305019,5787.038198337772,3650.0200463050164,2137.018152032758,2280.0,433.0,60.0,0,,,,,0.3993561000097543
141,Cplus3F,13,13,13,7422.01,392,13,1,29,5966.784231380648,5008.0098648350195,3685.7842313806477,1322.2256334543715,1960.0,389.0,65.0,0,2,C,41,45,0.13305299999774434
141,C3FDirect,13,13,13,7422.01,392,13,1,29,5966.784231380648,5008.0098648350195,3685.7842313806477,1322.2256334543715,1960.0,389.0,65.0,0,2,C,41,45,0.14971590001368895
141,B,13,13,13,8673.695,374,13,1,27,6287.9039399242765,6373.6951241875895,4136.903939924277,2236.7911842633116,1870.0,365.0,65.0,0,,,,,0.3257332000066526
141,C,13,13,13,8805.425,439,13,1,29,5950.5264323263955,6130.425171907718,3629.5264323263946,2500.8987395813224,2195.0,415.0,65.0,0,,,,,0.462271199998213
142,Cplus3F,15,15,15,8530.795,369,15,1,29,5569.341094970512,6250.794546778976,3726.3410949705103,2524.4534518084665,1845.0,360.0,75.0,0,4,C,129,91,0.3061939000035636
142,C3FDirect,15,15,15,8530.795,369,15,1,29,5569.341094970512,6250.794546778976,3726.3410949705103,2524.4534518084665,1845.0,360.0,75.0,0,4,C,129,91,0.26881440001307055
142,B,15,15,15,8111.778,334,15,1,27,6005.014496171816,6043.777749434214,4106.014496171819,1937.763253262397,1670.0,323.0,75.0,0,,,,,0.38046500002383254
142,C,15,15,15,9201.264,405,15,1,29,5526.022450157399,6707.263716417057,3644.0224501573985,3063.2412662596576,2025.0,394.0,75.0,0,,,,,0.47289579999051057
143,Cplus3F,14,14,14,8359.651,380,14,1,29,5776.566238336823,6027.651093452716,3688.5662383368226,2339.084855115895,1900.0,362.0,70.0,0,2,C,160,79,0.26521469998988323
143,C3FDirect,14,14,14,8359.651,380,14,1,29,5776.566238336823,6027.651093452716,3688.5662383368226,2339.084855115895,1900.0,362.0,70.0,0,2,C,160,79,0.26669699998456053
143,B,14,14,14,8940.419,351,14,1,27,6069.1701176064935,6776.419331433121,4085.170117606494,2691.2492138266293,1755.0,339.0,70.0,0,,,,,0.3030635000031907
143,C,14,14,14,9725.052,476,14,1,29,6029.0496679656035,6814.0524782141065,3631.0496679656026,3183.0028102485053,2380.0,461.0,70.0,0,,,,,0.36112929999944754
144,Cplus3F,12,12,12,9834.342,476,12,1,29,5908.952539556529,6948.342069718201,3675.952539556528,3272.389530161671,2380.0,446.0,60.0,0,4,C,158,101,0.546230599982664
144,C3FDirect,12,12,12,9834.342,476,12,1,29,5908.952539556529,6948.342069718201,3675.952539556528,3272.389530161671,2380.0,446.0,60.0,0,4,C,158,101,0.43704339998657815
144,B,12,12,12,8666.868,345,12,1,27,6036.871979393181,6547.867692946915,4081.871979393182,2465.9957135537334,1725.0,334.0,60.0,0,,,,,0.2818760000227485
144,C,12,12,12,9439.48,538,12,1,29,6160.526432326396,6166.479832575042,3629.5264323263946,2536.9534002486507,2690.0,523.0,60.0,0,,,,,0.5437853000184987
145,Cplus3F,15,15,15,8293.127,371,15,1,29,5718.266386765771,6004.126848060181,3725.26638676577,2278.86046129441,1855.0,359.0,75.0,0,5,C,151,83,0.2904726000269875
145,C3FDirect,15,15,15,8293.127,371,15,1,29,5718.266386765771,6004.126848060181,3725.26638676577,2278.86046129441,1855.0,359.0,75.0,0,5,C,151,83,0.2581110000028275
145,B,15,15,15,8858.435,341,15,1,27,5998.490965687752,6756.434611271873,4105.4909656877535,2650.94364558412,1705.0,322.0,75.0,0,,,,,0.644980699988082
145,C,15,15,15,9013.299,433,15,1,29,5977.6352959246415,6346.299210147806,3682.635295924639,2663.663914223165,2165.0,427.0,75.0,0,,,,,0.3560494999983348
146,Cplus3F,15,15,15,10089.951,461,15,1,29,5698.337747123916,7278.951168117898,3668.337747123915,3610.6134209939833,2305.0,431.0,75.0,0,2,C,131,118,0.5620450999995228
146,C3FDirect,15,15,15,10089.951,461,15,1,29,5698.337747123916,7278.951168117898,3668.337747123915,3610.6134209939833,2305.0,431.0,75.0,0,2,C,131,118,0.5837467999954242
146,B,15,15,15,9188.428,403,15,1,27,6387.627962432136,6721.428254169211,4161.627962432136,2559.800291737076,2015.0,377.0,75.0,0,,,,,0.3511741999827791
146,C,15,15,15,10765.602,512,15,1,29,5771.608012094862,7638.602489010279,3668.6080120948604,3969.99447691542,2560.0,492.0,75.0,0,,,,,0.6256008000054862
147,Cplus3F,15,15,15,8957.316,431,15,1,29,5946.246758063724,6311.316474903125,3684.246758063723,2627.0697168394026,2155.0,416.0,75.0,0,1,C,205,103,0.31377599999541417
147,C3FDirect,15,15,15,8957.316,431,15,1,29,5946.246758063724,6311.316474903125,3684.246758063723,2627.0697168394026,2155.0,416.0,75.0,0,1,C,205,103,0.2899060999916401
147,B,15,15,15,8751.822,403,15,1,27,6336.051254912536,6277.822066843848,4108.051254912538,2169.77081193131,2015.0,384.0,75.0,0,,,,,0.3489017999963835
147,C,15,15,15,11026.765,567,15,1,29,6154.526432326396,7576.765377934862,3629.5264323263946,3947.2389456084647,2835.0,540.0,75.0,0,,,,,0.5153810000047088
148,Cplus3F,14,14,14,8978.423,406,14,1,29,5750.080556714171,6506.422576706713,3723.0805567141697,2783.342019992545,2030.0,372.0,70.0,0,3,C,118,77,0.309108199988259
148,C3FDirect,14,14,14,8978.423,406,14,1,29,5750.080556714171,6506.422576706713,3723.0805567141697,2783.342019992545,2030.0,372.0,70.0,0,3,C,118,77,0.34879040002124384
148,B,14,14,14,8300.232,359,14,1,27,6221.687123208551,6085.231521802944,4128.6871232085505,1956.5443985943944,1795.0,350.0,70.0,0,,,,,0.2415047999820672
148,C,14,14,14,9899.688,462,14,1,29,5746.710078738421,7077.687576175036,3678.7100787384197,3398.9774974366187,2310.0,442.0,70.0,0,,,,,0.5508296999905724
149,Cplus3F,10,10,10,9221.085,494,10,1,29,6290.5402600875705,6224.084500587417,3696.540260087569,2527.5442404998494,2470.0,477.0,50.0,0,2,C,80,69,0.20482859999174252
149,C3FDirect,10,10,10,9221.085,494,10,1,29,6290.5402600875705,6224.084500587417,3696.540260087569,2527.5442404998494,2470.0,477.0,50.0,0,2,C,80,69,0.2572375000163447
149,B,10,10,10,9103.606,437,10,1,27,6555.058026620991,6452.60618804218,4091.058026620992,2361.54816142119,2185.0,416.0,50.0,0,,,,,0.3680327999754809
149,C,10,10,10,9383.384,508,10,1,29,6376.805493902733,6320.384367897538,3673.8054939027315,2646.5788739948075,2540.0,473.0,50.0,0,,,,,0.3567136999918148
150,Cplus3F,16,16,16,8972.218,411,16,1,29,5781.813999128181,6444.218490561798,3691.813999128182,2752.404491433614,2055.0,393.0,80.0,0,1,C,203,82,0.5718855000159238
150,C3FDirect,16,16,16,8972.218,411,16,1,29,5781.813999128181,6444.218490561798,3691.813999128182,2752.404491433614,2055.0,393.0,80.0,0,1,C,203,82,0.5667121000005864
150,B,16,16,16,7131.226,269,16,1,27,4294.945466570072,5452.225953976747,2844.9454665700723,2607.280487406675,1345.0,254.0,80.0,0,,,,,0.5395005000173114
150,C,16,16,16,9334.29,403,16,1,29,5794.526432326396,6865.2895233650825,3629.5264323263946,3235.763091038688,2015.0,374.0,80.0,0,,,,,0.8009526999958325
151,Cplus3F,10,10,10,7213.532,416,10,1,29,6114.640152605056,4672.532423085671,3647.6401526050554,1024.8922704806157,2080.0,411.0,50.0,0,2,C,41,40,0.048441999999340624
151,C3FDirect,10,10,10,7213.532,416,10,1,29,6114.640152605056,4672.532423085671,3647.6401526050554,1024.8922704806157,2080.0,411.0,50.0,0,2,C,41,40,0.03475859999889508
151,B,10,10,10,9079.909,453,10,1,27,6716.985945585818,6324.90939378102,4109.985945585819,2214.9234481952017,2265.0,440.0,50.0,0,,,,,0.29222869998193346
151,C,10,10,10,8236.105,432,10,1,29,6106.526432326396,5605.105274687363,3629.5264323263946,1975.5788423609708,2160.0,421.0,50.0,0,,,,,0.39346729998942465
152,Cplus3F,15,15,15,8146.412,361,15,1,29,5649.109216249564,5915.411649139731,3643.1092162495625,2272.3024328901693,1805.0,351.0,75.0,0,3,C,104,70,0.20103340002242476
152,C3FDirect,15,15,15,8146.412,361,15,1,29,5649.109216249564,5915.411649139731,3643.1092162495625,2272.3024328901693,1805.0,351.0,75.0,0,3,C,104,70,0.2178206999960821
152,B,15,15,15,9183.73,342,15,1,27,6027.748293016833,7071.730495693682,4110.748293016834,2960.982202676848,1710.0,327.0,75.0,0,,,,,0.4217761000036262
152,C,15,15,15,9081.818,386,15,1,29,5842.411458446071,6703.8184076470425,3673.411458446071,3030.4069492009744,1930.0,373.0,75.0,0,,,,,0.22365919998264872
153,Cplus3F,10,10,10,8177.094,432,10,1,29,6146.871464704281,5540.093592937546,3635.87146470428,1904.2221282332669,2160.0,427.0,50.0,0,1,C,98,43,0.1126335000153631
153,C3FDirect,10,10,10,8177.094,432,10,1,29,6146.871464704281,5540.093592937546,3635.87146470428,1904.2221282332669,2160.0,427.0,50.0,0,1,C,98,43,0.12033090001204982
153,B,10,10,10,8061.139,371,10,1,27,6280.605091818823,5787.139164283615,4098.605091818825,1688.5340724647895,1855.0,369.0,50.0,0,,,,,0.18015689999447204
153,C,10,10,10,8352.05,461,10,1,29,6320.8027396998705,5541.049643175647,3634.802739699869,1906.2469034757767,2305.0,456.0,50.0,0,,,,,0.15014939999673516
154,Cplus3F,10,10,10,8411.249,492,10,1,29,6341.458251880041,5435.248983718546,3689.45825188004,1745.7907318385091,2460.0,466.0,50.0,0,2,C,110,67,0.42466680001234636
154,C3FDirect,10,10,10,8411.249,492,10,1,29,6341.458251880041,5435.248983718546,3689.45825188004,1745.7907318385091,2460.0,466.0,50.0,0,2,C,110,67,0.40696210000896826
154,B,10,10,10,8560.532,431,10,1,27,6600.952205625443,5934.532107387081,4095.9522056254436,1838.5799017616393,2155.0,421.0,50.0,0,,,,,0.2820885000110138
154,C,10,10,10,8900.184,532,10,1,29,6532.526432326396,5683.184178458949,3629.5264323263946,2053.6577461325533,2660.0,507.0,50.0,0,,,,,0.3970774000044912
155,Cplus3F,12,12,12,7473.699,415,12,1,29,6122.326435770453,4935.699286665347,3710.3264357704525,1225.3728508948939,2075.0,403.0,60.0,0,1,C,88,48,0.08911240001907572
155,C3FDirect,12,12,12,7473.699,415,12,1,29,6122.326435770453,4935.699286665347,3710.3264357704525,1225.3728508948939,2075.0,403.0,60.0,0,1,C,88,48,0.16192860002047382
155,B,12,12,12,8738.669,404,12,1,27,6414.783416862377,6272.668767328278,4114.7834168623785,2157.885350465901,2020.0,386.0,60.0,0,,,,,0.2996861000137869
155,C,12,12,12,7925.094,446,12,1,29,6240.575593907176,5200.093989084078,3663.575593907175,1536.518395176904,2230.0,435.0,60.0,0,,,,,0.2066470000136178
156,Cplus3F,10,10,10,7986.083,447,10,1,29,6135.520257244993,5263.082862553317,3690.5202572449916,1572.5626053083258,2235.0,438.0,50.0,0,1,C,60,58,0.21205689999624155
156,C3FDirect,10,10,10,7986.083,447,10,1,29,6135.520257244993,5263.082862553317,3690.5202572449916,1572.5626053083258,2235.0,438.0,50.0,0,1,C,60,58,0.22533290000865236
156,B,10,10,10,8552.788,450,10,1,27,6714.896839517173,5809.788119693919,4088.896839517174,1720.891280176744,2250.0,443.0,50.0,0,,,,,0.2385416999750305
156,C,10,10,10,8155.844,458,10,1,29,6238.526432326396,5365.844311903893,3629.5264323263946,1736.3178795774988,2290.0,450.0,50.0,0,,,,,0.23168930000974797
157,Cplus3F,13,13,13,8072.923,356,13,1,29,5736.5514185486945,5875.923325484159,3634.551418548693,2241.3719069354675,1780.0,352.0,65.0,0,2,C,83,51,0.16621850000228733
157,C3FDirect,13,13,13,8072.923,356,13,1,29,5736.5514185486945,5875.923325484159,3634.551418548693,2241.3719069354675,1780.0,352.0,65.0,0,2,C,83,51,0.14712670000153594
157,B,13,13,13,9357.018,348,13,1,27,6079.805409977308,7215.017719573068,4102.805409977309,3112.2123095957586,1740.0,337.0,65.0,0,,,,,0.30492530000628904
157,C,13,13,13,8419.758,379,13,1,29,5833.736312490015,6085.758016288254,3645.736312490014,2440.0217037982416,1895.0,374.0,65.0,0,,,,,0.2970597999810707
158,Cplus3F,15,15,15,8689.857,386,15,1,29,5842.696070841254,6326.857120997043,3744.6960708412544,2582.1610501557875,1930.0,358.0,75.0,0,2,C,158,69,0.5713002999837045
158,C3FDirect,15,15,15,8689.857,386,15,1,29,5842.696070841254,6326.857120997043,3744.6960708412544,2582.1610501557875,1930.0,358.0,75.0,0,2,C,158,69,0.4825229999842122
158,B,15,15,15,9211.486,363,15,1,27,6043.621701618107,6993.4855800050755,4121.621701618108,2871.8638783869706,1815.0,328.0,75.0,0,,,,,0.8602371000160929
158,C,15,15,15,9733.884,477,15,1,29,6009.608597777715,6817.884368561268,3684.608597777713,3133.275770783555,2385.0,456.0,75.0,0,,,,,0.6454423000104725
159,Cplus3F,12,12,12,8989.478,446,12,1,29,5845.379661775702,6274.4776229978415,3654.3796617757007,2620.097961222141,2230.0,425.0,60.0,0,2,C,117,93,0.38267250001081266
159,C3FDirect,12,12,12,8989.478,446,12,1,29,5845.379661775702,6274.4776229978415,3654.3796617757007,2620.097961222141,2230.0,425.0,60.0,0,2,C,117,93,0.38148500001989305
159,B,12,12,12,8641.052,419,12,1,27,6533.332799492722,6078.051663402872,4124.332799492723,1953.7188639101482,2095.0,408.0,60.0,0,,,,,0.3602170000085607
159,C,12,12,12,9292.652,500,12,1,29,6232.526432326396,6246.652490940673,3629.5264323263946,2617.126058614278,2500.0,486.0,60.0,0,,,,,0.4616944000008516
160,Cplus3F,12,12,12,7711.142,372,12,1,29,5850.737152288981,5427.142387620308,3654.7371522889825,1772.405235331325,1860.0,364.0,60.0,0,2,C,83,47,0.2472954000113532
160,C3FDirect,12,12,12,7711.142,372,12,1,29,5850.737152288981,5427.142387620308,3654.7371522889825,1772.405235331325,1860.0,364.0,60.0,0,2,C,83,47,0.22495720000006258
160,B,12,12,12,8544.363,376,12,1,27,6262.069728983189,6235.363446217536,4098.06972898319,2137.2937172343472,1880.0,369.0,60.0,0,,,,,0.29850509998505004
160,C,12,12,12,7986.885,405,12,1,29,5971.6897149721635,5503.884505647822,3639.6897149721617,1864.1947906756611,2025.0,398.0,60.0,0,,,,,0.3633452999929432
161,Cplus3F,15,15,15,10455.601,463,15,1,29,5778.575403368801,7627.600675558956,3653.5754033688017,3974.025272190158,2315.0,438.0,75.0,0,3,C,211,114,0.9465041999937966
161,C3FDirect,15,15,15,10455.601,463,15,1,29,5778.575403368801,7627.600675558956,3653.5754033688017,3974.025272190158,2315.0,438.0,75.0,0,3,C,211,114,0.9062095000117552
161,B,15,15,15,9089.775,354,15,1,27,6084.8719793931805,6899.775304228588,4081.871979393182,2817.9033248354053,1770.0,345.0,75.0,0,,,,,0.3903950999956578
161,C,15,15,15,10639.667,511,15,1,29,6015.273509936816,7513.666841858897,3635.2735099368147,3878.3933319220855,2555.0,496.0,75.0,0,,,,,0.815035599982366
162,Cplus3F,13,13,13,8011.416,380,13,1,29,5863.973124744644,5682.416387173717,3715.973124744644,1966.4432624290725,1900.0,364.0,65.0,0,4,C,81,65,0.2301279999956023
162,C3FDirect,13,13,13,8011.416,380,13,1,29,5863.973124744644,5682.416387173717,3715.973124744644,1966.4432624290725,1900.0,364.0,65.0,0,4,C,81,65,0.2206409999926109
162,B,13,13,13,8964.596,411,13,1,27,6398.878236668978,6454.596351504977,4097.87823666898,2356.718114836,2055.0,390.0,65.0,0,,,,,0.4916848999855574
162,C,13,13,13,9253.223,474,13,1,29,6154.459425808153,6370.223123886199,3630.4594258081524,2739.763698078046,2370.0,448.0,65.0,0,,,,,0.5445718999835663
163,Cplus3F,14,14,14,8879.288,435,14,1,29,5700.182989712783,6217.287767711036,3640.1829897127836,2577.1047779982537,2175.0,417.0,70.0,0,3,C,186,106,0.6830281000002287
163,C3FDirect,14,14,14,8879.288,435,14,1,29,5700.182989712783,6217.287767711036,3640.1829897127836,2577.1047779982537,2175.0,417.0,70.0,0,3,C,186,106,0.590586100006476
163,B,14,14,14,8331.401,338,14,1,27,6042.621920575322,6248.401392059053,4132.621920575323,2115.7794714837282,1690.0,323.0,70.0,0,,,,,0.2632750000047963
163,C,14,14,14,9532.841,454,14,1,29,5896.908419028117,6761.84123058407,3631.9084190281187,3129.9328115559533,2270.0,431.0,70.0,0,,,,,0.7023322000168264
164,Cplus3F,15,15,15,8547.58,364,15,1,29,5660.123849965893,6314.579990079494,3679.1238499658944,2635.4561401135984,1820.0,338.0,75.0,0,4,C,130,84,0.34694129999843426
164,C3FDirect,15,15,15,8547.58,364,15,1,29,5660.123849965893,6314.579990079494,3679.1238499658944,2635.4561401135984,1820.0,338.0,75.0,0,4,C,130,84,0.34811149997403845
164,B,15,15,15,8969.92,382,15,1,27,6214.361231546198,6622.919816542205,4086.3612315461983,2536.558584996008,1910.0,362.0,75.0,0,,,,,0.40935780000290833
164,C,15,15,15,9624.956,495,15,1,29,6034.526432326396,6591.955788676745,3629.5264323263946,2962.4293563503506,2475.0,483.0,75.0,0,,,,,0.683276299998397
165,Cplus3F,10,10,10,8171.96,428,10,1,29,6101.054130394865,5575.96040887711,3669.054130394863,1906.9062784822486,2140.0,406.0,50.0,0,3,C,76,53,0.1499226000159979
165,C3FDirect,10,10,10,8171.96,428,10,1,29,6101.054130394865,5575.96040887711,3669.054130394863,1906.9062784822486,2140.0,406.0,50.0,0,3,C,76,53,0.1589679999742657
165,B,10,10,10,8954.457,404,10,1,27,6342.8719793931805,6499.457106883957,4081.871979393182,2417.5851274907786,2020.0,385.0,50.0,0,,,,,0.4487871000019368
165,C,10,10,10,9089.918,469,10,1,29,6124.526432326396,6243.918126296507,3629.5264323263946,2614.39169397011,2345.0,451.0,50.0,0,,,,,0.26153139999951236
166,Cplus3F,15,15,15,8061.661,330,15,1,29,5434.104942353498,6014.661080242339,3637.104942353498,2377.5561378888424,1650.0,322.0,75.0,0,4,C,97,85,0.3217415999970399
166,C3FDirect,15,15,15,8061.661,330,15,1,29,5434.104942353498,6014.661080242339,3637.104942353498,2377.5561378888424,1650.0,322.0,75.0,0,4,C,97,85,0.3636298000055831
166,B,15,15,15,8960.959,375,15,1,27,6210.865512988419,6654.959306356057,4097.86551298842,2557.093793367639,1875.0,356.0,75.0,0,,,,,0.4533027999859769
166,C,15,15,15,8569.213,345,15,1,29,5512.5264323263955,6442.213397085746,3629.5264323263946,2812.6869647593508,1725.0,327.0,75.0,0,,,,,0.6953304000198841
167,Cplus3F,12,12,12,9577.037,486,12,1,29,6155.188103788585,6626.037474935048,3689.188103788584,2936.8493711464685,2430.0,461.0,60.0,0,2,C,132,75,0.47556650001206435
167,C3FDirect,12,12,12,9577.037,486,12,1,29,6155.188103788585,6626.037474935048,3689.188103788584,2936.8493711464685,2430.0,461.0,60.0,0,2,C,132,75,0.4124450999952387
167,B,12,12,12,8815.018,401,12,1,27,6472.935458204262,6352.0179355308255,4106.935458204265,2245.0824773265604,2005.0,398.0,60.0,0,,,,,0.15388509997865185
167,C,12,12,12,9865.912,516,12,1,29,6211.660863558864,6726.911936812357,3663.660863558862,3063.2510732534997,2580.0,499.0,60.0,0,,,,,0.5789616999973077
168,Cplus3F,15,15,15,9086.259,416,15,1,29,5713.291572058217,6530.258781123822,3641.291572058216,2888.967209065607,2080.0,401.0,75.0,0,2,C,152,100,0.3298466000123881
168,C3FDirect,15,15,15,9086.259,416,15,1,29,5713.291572058217,6530.258781123822,3641.291572058216,2888.967209065607,2080.0,401.0,75.0,0,2,C,152,100,0.29880129999946803
168,B,15,15,15,8050.736,316,15,1,27,5910.794562977462,6085.735695251909,4088.794562977462,1996.9411322744475,1580.0,310.0,75.0,0,,,,,0.25904830000945367
168,C,15,15,15,9335.117,433,15,1,29,5824.5264323263955,6680.117396512619,3629.5264323263946,3050.590964186222,2165.0,415.0,75.0,0,,,,,0.4219759000116028
169,Cplus3F,11,11,11,8106.438,447,11,1,29,6303.0380574088085,5379.437829220794,3685.0380574088067,1694.3997718119876,2235.0,437.0,55.0,0,1,C,39,34,0.15140339999925345
169,C3FDirect,11,11,11,8106.438,447,11,1,29,6303.0380574088085,5379.437829220794,3685.0380574088067,1694.3997718119876,2235.0,437.0,55.0,0,1,C,39,34,0.18561630000476725
169,B,11,11,11,8765.042,431,11,1,27,6563.491317016057,6149.042401184458,4137.491317016059,2011.5510841684022,2155.0,406.0,55.0,0,,,,,0.4902765000006184
169,C,11,11,11,9211.494,467,11,1,29,6285.035030045976,6375.494302651178,3665.035030045974,2710.459272605205,2335.0,446.0,55.0,0,,,,,0.42321540002012625
170,Cplus3F,12,12,12,8294.563,427,12,1,29,6024.995303104449,5697.562649524435,3634.995303104448,2062.567346419987,2135.0,402.0,60.0,0,2,C,91,46,0.3585503000067547
170,C3FDirect,12,12,12,8294.563,427,12,1,29,6024.995303104449,5697.562649524435,3634.995303104448,2062.567346419987,2135.0,402.0,60.0,0,2,C,91,46,0.33644499999354593
170,B,12,12,12,8386.097,408,12,1,27,6483.68530707727,5881.097347119504,4097.685307077272,1783.4120400422325,2040.0,405.0,60.0,0,,,,,0.24760500001139008
170,C,12,12,12,9989.171,514,12,1,29,6316.526432326396,6869.171490026488,3629.5264323263946,3239.6450577000933,2570.0,490.0,60.0,0,,,,,0.3395851999812294
171,Cplus3F,16,16,16,8685.398,373,16,1,29,5659.54103392686,6380.398263762694,3659.541033926859,2720.8572298358367,1865.0,360.0,80.0,0,2,C,158,84,0.27164449999690987
171,C3FDirect,16,16,16,8685.398,373,16,1,29,5659.54103392686,6380.398263762694,3659.541033926859,2720.8572298358367,1865.0,360.0,80.0,0,2,C,158,84,0.2857703999907244
171,B,16,16,16,9107.405,412,16,1,27,5487.505989660036,6572.404795442462,3437.5059896600383,3134.898805782423,2060.0,395.0,80.0,0,,,,,0.43392840001615696
171,C,16,16,16,9264.607,377,16,1,29,5674.5264323263955,6944.606875054196,3629.5264323263946,3315.080442727802,1885.0,355.0,80.0,0,,,,,0.436033200006932
172,Cplus3F,16,16,16,8615.693,375,16,1,29,5594.933534030608,6309.693462228083,3681.933534030608,2627.7599281974785,1875.0,351.0,80.0,0,2,C,115,88,0.3762384000001475
172,C3FDirect,16,16,16,8615.693,375,16,1,29,5594.933534030608,6309.693462228083,3681.933534030608,2627.7599281974785,1875.0,351.0,80.0,0,2,C,115,88,0.3634827999921981
172,B,16,16,16,7827.93,328,16,1,27,5905.622406466506,5783.930060830438,3985.6224064665053,1798.307654363933,1640.0,324.0,80.0,0,,,,,0.2519797999993898
172,C,16,16,16,9176.367,427,16,1,29,5632.124562277532,6555.36722023469,3475.1245622775323,3080.2426579571606,2135.0,406.0,80.0,0,,,,,0.5350523999950383
173,Cplus3F,15,15,15,8623.643,357,15,1,29,5748.872093539099,6439.642707358371,3788.872093539099,2650.7706138192743,1785.0,324.0,75.0,0,2,C,132,71,0.28910899997572415
173,C3FDirect,15,15,15,8623.643,357,15,1,29,5748.872093539099,6439.642707358371,3788.872093539099,2650.7706138192743,1785.0,324.0,75.0,0,2,C,132,71,0.28236219999962486
173,B,15,15,15,8310.897,334,15,1,27,6058.6810153313945,6235.896723132049,4112.681015331395,2123.2157078006535,1670.0,330.0,75.0,0,,,,,0.28540459999931045
173,C,15,15,15,9815.014,511,15,1,29,6149.485191306775,6693.0135797487355,3668.485191306774,3024.5283884419628,2555.0,492.0,75.0,0,,,,,0.6001993999816477
174,Cplus3F,15,15,15,8443.706,397,15,1,29,5765.62915529325,5991.706272636871,3732.629155293247,2259.0771173436224,1985.0,392.0,75.0,0,2,C,221,107,0.1672979999857489
174,C3FDirect,15,15,15,8443.706,397,15,1,29,5765.62915529325,5991.706272636871,3732.629155293247,2259.0771173436224,1985.0,392.0,75.0,0,2,C,221,107,0.14035640002111904
174,B,15,15,15,8699.784,381,15,1,27,6220.624163044741,6354.783833032622,4117.624163044743,2237.159669987883,1905.0,365.0,75.0,0,,,,,0.41254160000244156
174,C,15,15,15,9289.461,456,15,1,29,5854.713971651974,6497.460593603254,3630.7139716519737,2866.746621951283,2280.0,437.0,75.0,0,,,,,0.49530170002253726
175,Cplus3F,10,10,10,8598.577,473,10,1,29,6107.864061687235,5718.57744741945,3631.8640616872344,2086.7133857322174,2365.0,465.0,50.0,0,1,C,103,83,0.19889749999856576
175,C3FDirect,10,10,10,8598.577,473,10,1,29,6107.864061687235,5718.57744741945,3631.8640616872344,2086.7133857322174,2365.0,465.0,50.0,0,1,C,103,83,0.262737000011839
175,B,10,10,10,8091.49,401,10,1,27,6433.27737736299,5639.490440147303,4083.277377362992,1556.2130627843096,2005.0,397.0,50.0,0,,,,,0.21850889999768697
175,C,10,10,10,9520.202,490,10,1,29,6244.526432326396,6560.201825630211,3629.5264323263946,2930.67539330382,2450.0,460.0,50.0,0,,,,,0.3029605000047013
176,Cplus3F,12,12,12,8709.402,351,12,1,27,6119.667164499865,6549.402193383536,4093.6671644998655,2455.7350288836674,1755.0,345.0,60.0,0,0,B,0,0,0.2646816000051331
176,C3FDirect,12,12,12,9316.896,417,12,1,29,5875.994647273889,6777.895571769768,3634.9946472738884,3142.9009244958784,2085.0,394.0,60.0,0,0,C,92,64,0.3655805000162218
176,B,12,12,12,8709.402,351,12,1,27,6119.667164499865,6549.402193383536,4093.6671644998655,2455.7350288836674,1755.0,345.0,60.0,0,,,,,0.21471840000594966
176,C,12,12,12,10016.092,431,12,1,29,5914.5264323263955,7408.091550139023,3629.5264323263946,3778.565117812627,2155.0,393.0,60.0,0,,,,,0.5993124000087846
177,Cplus3F,11,11,11,8128.721,443,11,1,29,6228.274717149744,5420.720644767237,3690.274717149742,1730.445927617493,2215.0,438.0,55.0,0,1,C,76,57,0.11426269999356009
177,C3FDirect,11,11,11,8128.721,443,11,1,29,6228.274717149744,5420.720644767237,3690.274717149742,1730.445927617493,2215.0,438.0,55.0,0,1,C,76,57,0.09441740001784638
177,B,11,11,11,8857.784,433,11,1,27,6631.729054367479,6219.783828420793,4132.72905436748,2087.0547740533157,2165.0,418.0,55.0,0,,,,,0.2751019000133965
177,C,11,11,11,8869.902,464,11,1,29,6252.651807075766,6045.901746906996,3632.651807075764,2413.249939831231,2320.0,449.0,55.0,0,,,,,0.23307360001490451
178,Cplus3F,12,12,12,8716.823,424,12,1,29,5984.699008696556,6131.8230720000465,3654.6990086965543,2477.124063303494,2120.0,405.0,60.0,0,4,C,98,60,0.30404649997944944
178,C3FDirect,12,12,12,8716.823,424,12,1,29,5984.699008696556,6131.8230720000465,3654.6990086965543,2477.124063303494,2120.0,405.0,60.0,0,4,C,98,60,0.3860999000025913
178,B,12,12,12,8803.584,366,12,1,27,6170.1710836615375,6566.5842935240125,4133.171083661538,2433.4132098624755,1830.0,347.0,60.0,0,,,,,0.4723130000056699
178,C,12,12,12,9671.012,439,12,1,29,5968.5264323263955,7015.011627671202,3629.5264323263946,3385.4851953448115,2195.0,401.0,60.0,0,,,,,0.7651010999979917
179,Cplus3F,14,14,14,8217.64,378,14,1,29,5849.074750937243,5899.639661516764,3767.0747509372422,2132.5649105795233,1890.0,358.0,70.0,0,2,C,111,61,0.2913107999775093
179,C3FDirect,14,14,14,8217.64,378,14,1,29,5849.074750937243,5899.639661516764,3767.0747509372422,2132.5649105795233,1890.0,358.0,70.0,0,2,C,111,61,0.26406580000184476
179,B,14,14,14,9132.103,367,14,1,27,6156.342145343485,6873.103027582807,4082.3421453434853,2790.7608822393227,1835.0,354.0,70.0,0,,,,,0.516038200003095
179,C,14,14,14,8812.233,419,14,1,29,5869.321614852115,6253.23326135933,3694.3216148521133,2558.9116465072198,2095.0,394.0,70.0,0,,,,,0.4180130999884568
180,Cplus3F,16,16,16,7183.067,298,16,1,29,3969.81374370305,5324.067045687803,2545.813743703051,2778.2533019847538,1490.0,289.0,80.0,0,1,C,229,89,0.24883399999816902
180,C3FDirect,16,16,16,7183.067,298,16,1,29,3969.81374370305,5324.067045687803,2545.813743703051,2778.2533019847538,1490.0,289.0,80.0,0,1,C,229,89,0.2578891000011936
180,B,16,16,16,8217.102,322,16,1,27,5648.886702810402,6215.102032611109,3822.8867028104037,2392.215329800706,1610.0,312.0,80.0,0,,,,,0.4370020999922417
180,C,16,16,16,7904.79,401,16,1,29,4324.451119396962,5426.789831473725,2539.451119396961,2887.338712076764,2005.0,393.0,80.0,0,,,,,0.33778309999615885
181,Cplus3F,15,15,15,9218.571,388,15,1,29,5611.221059702218,6835.570748588941,3664.2210597022163,3171.349688886726,1940.0,368.0,75.0,0,3,C,146,97,0.3140966000210028
181,C3FDirect,15,15,15,9218.571,388,15,1,29,5611.221059702218,6835.570748588941,3664.2210597022163,3171.349688886726,1940.0,368.0,75.0,0,3,C,146,97,0.2881640999985393
181,B,15,15,15,9465.937,424,15,1,27,6269.094462963388,6874.936930172461,4136.094462963388,2738.842467209075,2120.0,396.0,75.0,0,,,,,0.714042600011453
181,C,15,15,15,9923.493,434,15,1,29,5836.44436523348,7287.49292566434,3630.4443652334794,3657.04856043086,2170.0,391.0,75.0,0,,,,,0.4874533000111114
182,Cplus3F,15,15,15,7711.357,345,15,1,29,5588.19913988922,5576.357051174254,3709.199139889219,1867.1579112850363,1725.0,335.0,75.0,0,4,C,86,64,0.2986613999819383
182,C3FDirect,15,15,15,7711.357,345,15,1,29,5588.19913988922,5576.357051174254,3709.199139889219,1867.1579112850363,1725.0,335.0,75.0,0,4,C,86,64,0.2697271000070032
182,B,15,15,15,8531.187,331,15,1,27,5982.871979393181,6473.187107475763,4081.871979393182,2391.31512808258,1655.0,328.0,75.0,0,,,,,0.34786839998560026
182,C,15,15,15,8285.366,316,15,1,29,5425.426365525192,6326.36632366062,3669.4263655251902,2656.939958135433,1580.0,304.0,75.0,0,,,,,0.5072841999935918
183,Cplus3F,11,11,11,8219.671,438,11,1,29,6215.713373368755,5542.6713285851065,3656.7133733687556,1885.9579552163511,2190.0,432.0,55.0,0,1,C,68,44,0.23141790000954643
183,C3FDirect,11,11,11,8219.671,438,11,1,29,6215.713373368755,5542.6713285851065,3656.7133733687556,1885.9579552163511,2190.0,432.0,55.0,0,1,C,68,44,0.1585479000059422
183,B,11,11,11,8488.889,397,11,1,27,6369.260794545675,6064.888887900679,4098.260794545677,1966.6280933550022,1985.0,384.0,55.0,0,,,,,0.32421680001425557
183,C,11,11,11,8693.376,454,11,1,29,6238.526432326396,5923.37571368505,3629.5264323263946,2293.8492813586545,2270.0,445.0,55.0,0,,,,,0.3890192999970168
184,Cplus3F,12,12,12,7661.801,391,12,1,29,5821.140707163158,5261.801181164136,3649.1407071631584,1612.6604740009782,1955.0,385.0,60.0,0,5,C,66,72,0.16069039999274537
184,C3FDirect,12,12,12,7661.801,391,12,1,29,5821.140707163158,5261.801181164136,3649.1407071631584,1612.6604740009782,1955.0,385.0,60.0,0,5,C,66,72,0.21262340000248514
184,B,12,12,12,8213.95,346,12,1,27,6057.031042766275,6090.949700775834,4115.031042766276,1975.9186580095588,1730.0,333.0,60.0,0,,,,,0.5345208000217099
184,C,12,12,12,8258.522,391,12,1,29,5878.526432326396,5857.521681639122,3629.5264323263946,2227.9952493127266,1955.0,386.0,60.0,0,,,,,0.26519310000003316
185,Cplus3F,15,15,15,7922.365,360,15,1,29,5722.612781895198,5694.364653361718,3646.6127818951977,2047.7518714665214,1800.0,353.0,75.0,0,3,C,75,55,0.3118735000025481
185,C3FDirect,15,15,15,7922.365,360,15,1,29,5722.612781895198,5694.364653361718,3646.6127818951977,2047.7518714665214,1800.0,353.0,75.0,0,3,C,75,55,0.241492000001017
185,B,15,15,15,8652.987,304,15,1,27,5911.8173892833565,6759.986509832389,4164.817389283358,2595.169120549032,1520.0,298.0,75.0,0,,,,,0.2037191999843344
185,C,15,15,15,8449.392,386,15,1,29,5842.066101522801,6077.391890037383,3681.0661015227993,2396.325788514586,1930.0,367.0,75.0,0,,,,,0.5545284999825526
186,Cplus3F,15,15,15,8985.536,378,15,1,29,5529.66837232474,6653.536071162697,3629.668372324739,3023.867698837956,1890.0,367.0,75.0,0,3,C,134,91,0.4465179000108037
186,C3FDirect,15,15,15,8985.536,378,15,1,29,5529.66837232474,6653.536071162697,3629.668372324739,3023.867698837956,1890.0,367.0,75.0,0,3,C,134,91,0.4367235000245273
186,B,15,15,15,9649.994,397,15,1,27,6270.75126031698,7213.994182720652,4082.751260316982,3131.242922403667,1985.0,376.0,75.0,0,,,,,0.4545038000214845
186,C,15,15,15,8913.738,380,15,1,29,5650.5264323263955,6570.737903932922,3629.5264323263946,2941.2114716065266,1900.0,368.0,75.0,0,,,,,0.43393400000059046
187,Cplus3F,13,13,13,9316.324,427,13,1,29,5829.382403142876,6719.324408274533,3669.382403142876,3049.9420051316583,2135.0,397.0,65.0,0,4,C,80,80,0.3113547999819275
187,C3FDirect,13,13,13,9316.324,427,13,1,29,5829.382403142876,6719.324408274533,3669.382403142876,3049.9420051316583,2135.0,397.0,65.0,0,4,C,80,80,0.2936514000175521
187,B,13,13,13,8791.751,372,13,1,27,6215.871999147149,6502.750941102868,4081.871999147149,2420.8789419557183,1860.0,364.0,65.0,0,,,,,0.30280730000231415
187,C,13,13,13,9793.508,510,13,1,29,5982.480431886767,6690.507753079212,3645.4804318867677,3045.027321192445,2550.0,488.0,65.0,0,,,,,0.5019594999903347
188,Cplus3F,11,11,11,7724.353,449,11,1,29,6345.974319754943,4981.35346079561,3675.974319754942,1305.3791410406682,2245.0,443.0,55.0,0,1,C,71,46,0.08204350000596605
188,C3FDirect,11,11,11,7724.353,449,11,1,29,6345.974319754943,4981.35346079561,3675.974319754942,1305.3791410406682,2245.0,443.0,55.0,0,1,C,71,46,0.12309320000349544
188,B,11,11,11,8478.166,396,11,1,27,6375.430253328043,6061.166091035365,4129.430253328043,1931.7358377073215,1980.0,382.0,55.0,0,,,,,0.292848299985053
188,C,11,11,11,8382.287,467,11,1,29,6346.526432326396,5529.286580725797,3629.5264323263946,1899.7601483994022,2335.0,463.0,55.0,0,,,,,0.18332109999028035
189,Cplus3F,11,11,11,8923.645,461,11,1,29,6044.745290303271,6125.645298582441,3630.7452903032695,2494.9000082791736,2305.0,438.0,55.0,0,2,C,146,85,0.2218292999896221
189,C3FDirect,11,11,11,8923.645,461,11,1,29,6044.745290303271,6125.645298582441,3630.7452903032695,2494.9000082791736,2305.0,438.0,55.0,0,2,C,146,85,0.2393591000000015
189,B,11,11,11,8314.64,398,11,1,27,6379.81189298621,5889.640454895418,4109.811892986211,1779.8285619092085,1990.0,380.0,55.0,0,,,,,0.39303629999631085
189,C,11,11,11,9835.564,529,11,1,29,6190.526432326396,6622.56424686904,3629.5264323263946,2993.0378145426484,2645.0,513.0,55.0,0,,,,,0.42739279998932034
190,Cplus3F,10,10,10,7748.894,412,10,1,29,6072.388425256284,5237.8936375015055,3653.3884252562825,1584.5052122452232,2060.0,401.0,50.0,0,2,C,44,37,0.13906529999803752
190,C3FDirect,10,10,10,7748.894,412,10,1,29,6072.388425256284,5237.8936375015055,3653.3884252562825,1584.5052122452232,2060.0,401.0,50.0,0,2,C,44,37,0.1443546999944374
190,B,10,10,10,8472.755,410,10,1,27,6484.502186087534,5969.755084332756,4093.5021860875345,1876.2528982452213,2050.0,403.0,50.0,0,,,,,0.1573967000003904
190,C,10,10,10,8034.376,450,10,1,29,6183.861515891932,5298.375944038797,3629.861515891931,1668.514428146865,2250.0,436.0,50.0,0,,,,,0.25190180001663975
191,Cplus3F,15,15,15,10019.066,437,15,1,29,5685.375077660522,7341.066470612912,3655.375077660521,3685.6913929523926,2185.0,418.0,75.0,0,4,C,185,105,0.5647852999973111
191,C3FDirect,15,15,15,10019.066,437,15,1,29,5685.375077660522,7341.066470612912,3655.375077660521,3685.6913929523926,2185.0,418.0,75.0,0,4,C,185,105,0.43835059998673387
191,B,15,15,15,9083.499,390,15,1,27,6431.5021636883,6673.4993898615785,4155.502163688301,2517.9972261732787,1950.0,385.0,75.0,0,,,,,0.19380830001318827
191,C,15,15,15,10352.785,527,15,1,29,5788.5264323263955,7136.785212406753,3629.5264323263946,3507.2587800803603,2635.0,506.0,75.0,0,,,,,0.7986099000263494
192,Cplus3F,13,13,13,7708.126,343,13,1,29,5680.576534659081,5594.125814780486,3693.5765346590797,1900.549280121407,1715.0,334.0,65.0,0,3,C,72,47,0.24855039999238215
192,C3FDirect,13,13,13,7708.126,343,13,1,29,5680.576534659081,5594.125814780486,3693.5765346590797,1900.549280121407,1715.0,334.0,65.0,0,3,C,72,47,0.25724050001008436
192,B,13,13,13,8411.856,373,13,1,27,6237.227744165181,6116.855931984881,4097.227744165182,2019.6281878196978,1865.0,365.0,65.0,0,,,,,0.288331100018695
192,C,13,13,13,8436.406,398,13,1,29,5843.298873489558,6002.406087128879,3631.298873489557,2371.107213639325,1990.0,379.0,65.0,0,,,,,0.2711390000185929
193,Cplus3F,14,14,14,8954.718,403,14,1,27,6419.6971658772845,6485.718468778694,4167.6971658772845,2318.0213029014103,2015.0,384.0,70.0,0,0,B,0,0,0.2591725999955088
193,C3FDirect,14,14,14,9158.867,439,14,1,29,5852.757376560409,6472.866558387797,3642.757376560409,2830.10918182739,2195.0,421.0,70.0,0,0,C,121,92,0.3531861000228673
193,B,14,14,14,8954.718,403,14,1,27,6419.6971658772845,6485.718468778694,4167.6971658772845,2318.0213029014103,2015.0,384.0,70.0,0,,,,,0.2518790000176523
193,C,14,14,14,10362.32,481,14,1,29,5990.603502039456,7432.320051977116,3646.603502039454,3785.7165499376633,2405.0,455.0,70.0,0,,,,,0.7211119999992661
194,Cplus3F,11,11,11,8500.825,423,11,1,29,5971.899118772903,5926.824961873121,3647.899118772904,2278.925843100218,2115.0,404.0,55.0,0,3,C,112,66,0.2653062999888789
194,C3FDirect,11,11,11,8500.825,423,11,1,29,5971.899118772903,5926.824961873121,3647.899118772904,2278.925843100218,2115.0,404.0,55.0,0,3,C,112,66,0.3212092000176199
194,B,11,11,11,7971.657,361,11,1,27,6186.324483911379,5756.657077030991,4094.3244839113795,1662.3325931196107,1805.0,355.0,55.0,0,,,,,0.2533136999991257
194,C,11,11,11,8784.017,473,11,1,29,6240.584074391847,5900.017335434552,3632.5840743918457,2267.433261042704,2365.0,464.0,55.0,0,,,,,0.3140821999986656
195,Cplus3F,10,10,10,8001.08,431,10,1,29,6181.560254675441,5383.080043638167,3708.5602546754394,1674.5197889627289,2155.0,413.0,50.0,0,3,C,73,40,0.17403500000364147
195,C3FDirect,10,10,10,8001.08,431,10,1,29,6181.560254675441,5383.080043638167,3708.5602546754394,1674.5197889627289,2155.0,413.0,50.0,0,3,C,73,40,0.23033190000569448
195,B,10,10,10,8512.873,399,10,1,27,6432.525990165534,6075.873070391129,4101.5259901655345,1974.3470802255952,1995.0,392.0,50.0,0,,,,,0.2258774999936577
195,C,10,10,10,8662.266,439,10,1,29,6135.363513721232,5992.266189410294,3660.3635137212304,2331.902675689064,2195.0,425.0,50.0,0,,,,,0.2124339999863878
196,Cplus3F,16,16,16,8433.154,338,16,1,29,4653.745879307123,6363.153821348413,3009.745879307123,3353.407942041291,1690.0,300.0,80.0,0,1,C,214,65,0.45216059999074787
196,C3FDirect,16,16,16,8433.154,338,16,1,29,4653.745879307123,6363.153821348413,3009.745879307123,3353.407942041291,1690.0,300.0,80.0,0,1,C,214,65,0.4125227000040468
196,B,16,16,16,9245.034,356,16,1,27,5379.089214502381,7056.033772277425,3452.0892145023836,3603.9445577750375,1780.0,329.0,80.0,0,,,,,0.5050237000104971
196,C,16,16,16,8316.787,390,16,1,29,4912.452155278235,5914.787072569291,2953.4521552782335,2961.3349172910575,1950.0,372.0,80.0,0,,,,,0.4323123999929521
197,Cplus3F,16,16,16,8373.769,345,16,1,29,5358.961588165115,6236.769335936575,3509.9615881651143,2726.8077477714583,1725.0,332.0,80.0,0,2,C,114,76,0.23531310001271777
197,C3FDirect,16,16,16,8373.769,345,16,1,29,5358.961588165115,6236.769335936575,3509.9615881651143,2726.8077477714583,1725.0,332.0,80.0,0,2,C,114,76,0.27435310001601465
197,B,16,16,16,8850.246,336,16,1,27,5589.873490457869,6778.246320952391,3779.8734904578705,2998.372830494523,1680.0,312.0,80.0,0,,,,,0.5567700999963563
197,C,16,16,16,9064.066,431,16,1,29,5689.283757237075,6411.066279614116,3496.283757237074,2914.7825223770406,2155.0,418.0,80.0,0,,,,,0.4816943999903742
198,Cplus3F,16,16,16,8398.248,349,16,1,29,4988.537355386772,6248.248267664893,3248.5373553867707,2999.7109122781226,1745.0,325.0,80.0,0,3,C,127,95,0.3243527000013273
198,C3FDirect,16,16,16,8398.248,349,16,1,29,4988.537355386772,6248.248267664893,3248.5373553867707,2999.7109122781226,1745.0,325.0,80.0,0,3,C,127,95,0.2771464000106789
198,B,16,16,16,9158.798,373,16,1,27,5297.05492085856,6862.797839546042,3452.054920858562,3410.74291868748,1865.0,351.0,80.0,0,,,,,0.43634029998793267
198,C,16,16,16,8520.745,424,16,1,29,5177.468345648775,5912.7448775446355,3128.4683456487737,2784.276531895865,2120.0,408.0,80.0,0,,,,,0.4382305999752134
199,Cplus3F,10,10,10,8611.398,480,10,1,29,6260.516687213339,5705.3979862392835,3667.516687213337,2037.881299025948,2400.0,456.0,50.0,0,3,C,87,48,0.28401380000286736
199,C3FDirect,10,10,10,8611.398,480,10,1,29,6260.516687213339,5705.3979862392835,3667.516687213337,2037.881299025948,2400.0,456.0,50.0,0,3,C,87,48,0.26445039999089204
199,B,10,10,10,7670.08,379,10,1,27,6391.946800583324,5347.080018749311,4127.946800583324,1219.1332181659889,1895.0,378.0,50.0,0,,,,,0.06777180000790395
199,C,10,10,10,8996.832,473,10,1,29,6247.120405392839,6135.831722214296,3633.120405392837,2502.7113168214623,2365.0,446.0,50.0,0,,,,,0.25039790000300854
200,Cplus3F,13,13,13,7946.967,363,13,1,29,5671.95300156823,5720.966716890514,3672.9530015682303,2048.013715322285,1815.0,346.0,65.0,0,5,C,140,60,0.2883350999909453
200,C3FDirect,13,13,13,7946.967,363,13,1,29,5671.95300156823,5720.966716890514,3672.9530015682303,2048.013715322285,1815.0,346.0,65.0,0,5,C,140,60,0.25568980001844466
200,B,13,13,13,8584.631,336,13,1,27,6100.880459572442,6511.630515540837,4178.880459572443,2332.750055968394,1680.0,328.0,65.0,0,,,,,0.31527210000786
200,C,13,13,13,9151.008,398,13,1,29,5757.768733605786,6726.008161058438,3629.7687336057857,3096.239427452653,1990.0,370.0,65.0,0,,,,,0.43689419998554513
