scenario,seed,case,model,n,bias_deg,anomaly,error,all_cleared,undiscovered_cases,undiscovered_sources,coverage_misses,exhausted_cases,exhausted_sources,failed_clears,total_per_source,movement_per_source,detect_switch_per_source,clear_time_per_source,last_discovery_per_source,search_end_per_source,search_movement_per_source,not_ready_rate,active_measurements_per_source,co_measurements_per_source,switches_per_source,insertions_per_source,decision_wall_s,decomposition_error_s,hard_fail
S4_clustered,130363,1,I,15,0.0,0,,1,0,0,0,0,0,0,198.4404,154.37373474285758,39.06666666666667,5.0,36.919444666666664,134.44539135254334,97.44539135254335,0.4,3.0,2.2666666666666666,6.4,0.5333333333333333,1.2702851999783888,2.114286326104775e-05,0
S4_clustered,130363,1,J,15,0.0,0,,1,0,0,0,0,0,0,177.67013333333335,131.53683090348508,41.13333333333333,5.0,32.41563566666667,133.941290408347,92.74129040834696,0.26666666666666666,3.0,2.2666666666666666,6.8,0.5333333333333333,2.4803941000136547,0.0004635522759599553,0
S4_clustered,130363,1,J+,15,0.0,0,,1,0,0,0,0,0,0,184.9876,147.65423768534382,32.333333333333336,5.0,23.266666666666666,117.84225179537819,84.90891846204485,0.06666666666666667,1.5333333333333334,1.5333333333333334,5.333333333333333,0.0,0.09019270000862889,0.0004347198428149568,0
S4_clustered,130363,2,I,10,0.0,0,,1,0,0,0,0,0,0,310.9141,238.41408967022704,67.5,5.0,111.0519965,205.85199648986637,142.55199648986635,0.5,2.4,1.7,11.0,0.4,1.318448800011538,0.00010329772976547247,0
S4_clustered,130363,2,J,10,0.0,0,,1,0,0,0,0,0,0,333.1033,251.60326763071038,76.5,5.0,122.5713714,196.8374200480686,125.53742004806857,0.6,2.7,1.6,12.5,0.7,0.7808540999831166,0.00032369289601774653,0
S4_clustered,130363,2,J+,10,0.0,0,,1,0,0,0,0,0,0,309.20300000000003,233.50296221168963,70.7,5.0,114.56604870000001,188.83209738821398,124.13209738821395,0.6,1.7,1.4,11.7,0.0,0.1015942000085488,0.00037788310373798595,0
S4_clustered,130363,3,I,16,0.0,0,,1,0,0,0,0,0,0,72.01,42.07252292473204,24.9375,5.0,7.0625,7.4375,0.0,1.0,2.9375,2.3125,4.0,0.0,0.26875200000358745,0.00036679571257991483,0
S4_clustered,130363,3,J,16,0.0,0,,1,0,0,0,0,0,0,72.01,42.07252292473204,24.9375,5.0,7.0625,7.4375,0.0,1.0,2.9375,2.3125,4.0,0.0,0.2465483999985736,0.00036679571257991483,0
S4_clustered,130363,3,J+,16,0.0,0,,1,0,0,0,0,0,0,89.623,63.9355307768372,20.6875,5.0,7.0625,7.4375,0.0,1.0,2.25,1.5,3.1875,0.0,0.23363179998705164,0.0004924293950807623,0
S4_clustered,130363,4,I,14,0.0,0,,1,0,0,0,0,0,0,199.70214285714286,139.91642093236956,54.785714285714285,5.0,141.36237064285714,144.36237067794096,98.57665639222667,1.0,1.8571428571428572,1.4285714285714286,9.071428571428571,0.07142857142857142,0.4834065999893937,0.00010694682623579865,0
S4_clustered,130363,4,J,14,0.0,0,,1,0,0,0,0,0,0,211.88742857142856,139.03029561044318,67.85714285714286,5.0,140.11033421428573,158.50701246625383,94.72129818053953,0.5714285714285714,1.8571428571428572,1.2142857142857142,11.071428571428571,0.5714285714285714,0.3815774999966379,0.0001385462044254382,0
S4_clustered,130363,4,J+,14,0.0,0,,1,0,0,0,0,0,0,212.86007142857144,142.57438809561418,65.28571428571429,5.0,130.62624842857142,149.88006956300998,88.66578384872425,0.5,1.4285714285714286,1.2142857142857142,10.642857142857142,0.0,0.11440049999509938,0.0004333385982135951,0
S4_clustered,130363,5,I,10,0.0,0,,1,0,0,0,0,0,0,281.5768,203.5768078111281,73.0,5.0,152.33143,215.2108132331686,144.6108132331686,0.4,2.2,1.7,12.0,0.5,0.6124811999907251,7.811128102730436e-05,0
S4_clustered,130363,5,J,10,0.0,0,,1,0,0,0,0,0,0,290.7936,201.29362903425303,84.5,5.0,153.5600231,217.16593320270576,137.26593320270578,0.5,2.9,2.1,14.0,0.4,0.8631435999996029,0.0002903425302065443,0
S4_clustered,130363,5,J+,10,0.0,0,,1,0,0,0,0,0,0,277.48040000000003,192.78044942040407,79.7,5.0,145.1213983,207.2181416575151,133.2181416575151,0.5,2.1,1.8,13.2,0.0,0.10129120000055991,0.0004942040407058812,0
S4_clustered,130363,6,I,10,0.0,0,,1,0,0,0,0,0,0,314.9288,231.12878685662304,78.8,5.0,208.5678449,212.1678448947445,141.4678448947445,0.6,2.8,1.5,12.8,0.8,0.2948927999823354,0.0001314337696385337,0
S4_clustered,130363,6,J,10,0.0,0,,1,0,0,0,0,0,0,270.788,178.58795643818445,87.2,5.0,182.6966367,222.82501150131378,137.9250115013138,0.2,3.1,2.1,14.2,0.8,0.8337261000124272,0.0004356181555067451,0
S4_clustered,130363,6,J+,10,0.0,0,,1,0,0,0,0,0,0,254.57750000000001,167.27745030419067,82.3,5.0,171.4767478,199.63209738821396,124.13209738821395,0.5,2.3,2.1,13.3,0.0,0.07072659998084418,0.0004969580934357509,0
S4_clustered,130363,7,I,15,0.0,0,,1,0,0,0,0,0,0,188.71313333333333,131.84646438939515,51.86666666666667,5.0,118.19625353333332,153.865865655824,104.33253232249064,0.3333333333333333,2.3333333333333335,1.9333333333333333,8.533333333333333,0.3333333333333333,1.331584200001089,3.415907303860877e-05,0
S4_clustered,130363,7,J,15,0.0,0,,1,0,0,0,0,0,0,187.72293333333334,121.25629668388281,61.46666666666667,5.0,122.24265906666666,141.6835529602673,91.21688629360061,0.6,3.1333333333333333,2.2666666666666666,10.133333333333333,0.5333333333333333,1.2183926000143401,0.0004502582421537227,0
S4_clustered,130363,7,J+,15,0.0,0,,1,0,0,0,0,0,0,181.6634666666667,117.93016026796334,58.733333333333334,5.0,111.91783186666666,132.1829058149312,85.24957248159785,0.6,2.6666666666666665,2.1333333333333333,9.733333333333333,0.0,0.255604800011497,0.0004040194498884375,0
S4_clustered,130363,8,I,16,0.0,0,,1,0,0,0,0,0,0,199.0025,150.6274729853953,43.375,5.0,127.1334446875,128.63344467547196,91.75844467547196,0.75,2.4375,1.6875,7.125,0.5,0.4355949999880977,0.00043223367538303137,0
S4_clustered,130363,8,J,16,0.0,0,,1,0,0,0,0,0,0,189.3298125,144.64233049297266,39.6875,5.0,76.6182325,76.61823247096137,47.86823247096138,0.75,2.625,1.6875,6.25,0.375,1.4454103000171017,0.00028788756253561587,0
S4_clustered,130363,8,J+,16,0.0,0,,1,0,0,0,0,0,0,188.2220625,145.97205597098687,37.25,5.0,73.1037804375,73.10378043381685,45.04128043381685,0.6875,2.1875,1.4375,6.0,0.0,0.3556743000226561,0.0001044642099259363,0
S4_clustered,130363,9,I,14,0.0,0,,1,0,0,0,0,0,0,243.5825714285714,187.01111339901607,51.57142857142857,5.0,102.89538628571428,147.49691242174413,101.78262670745842,0.5714285714285714,2.9285714285714284,2.0,8.357142857142858,0.5714285714285714,1.5724819999886677,0.00041241377493861364,0
S4_clustered,130363,9,J,14,0.0,0,,1,0,0,0,0,0,0,230.44757142857142,171.59043299634612,53.857142857142854,5.0,85.91455885714286,136.9089111512501,90.83748257982154,0.6428571428571429,2.5714285714285716,1.6428571428571428,8.857142857142858,0.2857142857142857,2.220714900002349,6.19488455413375e-05,0
S4_clustered,130363,9,J+,14,0.0,0,,1,0,0,0,0,0,0,229.22642857142858,172.86931623551726,51.357142857142854,5.0,84.40432050000001,137.51330648675474,92.22759220104045,0.6428571428571429,2.142857142857143,1.9285714285714286,8.5,0.0,0.1795179000182543,0.00042729724145829096,0
S4_clustered,130363,10,I,16,0.0,0,,1,0,0,0,0,0,0,158.948625,115.94861201867138,38.0,5.0,107.15416875,108.2791687386539,75.96666873865387,0.6875,2.4375,1.75,6.125,0.5,2.023229900019942,0.00020770125775015913,0
S4_clustered,130363,10,J,16,0.0,0,,1,0,0,0,0,0,0,131.9205,91.92052766881089,35.0,5.0,46.0057371875,48.63073721296302,25.068237212963016,0.9375,3.6875,2.8125,5.625,0.4375,0.8671430999820586,0.0004427009741903021,0
S4_clustered,130363,10,J+,16,0.0,0,,1,0,0,0,0,0,0,130.8779375,93.37791696206801,32.5,5.0,36.7845935,39.409593477938955,23.347093477938948,1.0,3.25,2.6875,5.3125,0.0,0.3025068000133615,0.00032860691180758295,0
S4_clustered,130363,11,I,12,0.0,0,,1,0,0,0,0,0,0,254.08516666666665,190.50182497553087,58.583333333333336,5.0,94.40635783333333,181.9945041576291,127.57783749096245,0.3333333333333333,2.75,1.9166666666666667,9.416666666666666,0.4166666666666667,1.5505399999965448,0.00010029362965724431,0
S4_clustered,130363,11,J,12,0.0,0,,1,0,0,0,0,0,0,244.30916666666667,178.97583096163928,60.333333333333336,5.0,81.528502,165.1000546729188,108.18338800625213,0.4166666666666667,2.0,1.1666666666666667,9.916666666666666,0.6666666666666666,0.6137031000107527,2.846032884917804e-05,0
S4_clustered,130363,11,J+,12,0.0,0,,1,0,0,0,0,0,0,224.13216666666665,159.29884045285903,59.833333333333336,5.0,80.50891591666667,156.86008115684496,103.44341449017827,0.5833333333333334,1.9166666666666667,1.75,9.833333333333334,0.0,0.10553210001671687,8.543430863028334e-05,0
S4_clustered,130363,12,I,12,0.0,0,,1,0,0,0,0,0,0,246.76625,191.93291316756975,49.833333333333336,5.0,132.16577666666666,177.37520669730972,126.37520669730976,0.08333333333333333,2.25,1.5833333333333333,8.166666666666666,0.5,0.5861963999923319,4.1989163037214894e-05,0
S4_clustered,130363,12,J,12,0.0,0,,1,0,0,0,0,0,0,205.028,145.69463743028084,54.333333333333336,5.0,41.674358500000004,160.9511062988834,108.03443963221673,0.16666666666666666,2.6666666666666665,2.0,8.916666666666666,0.6666666666666666,1.1465107999974862,0.00035083662965007534,0
S4_clustered,130363,12,J+,12,0.0,0,,1,0,0,0,0,0,0,195.12233333333333,140.78898782380014,49.333333333333336,5.0,27.583333333333332,151.86008115684498,103.44341449017828,0.08333333333333333,1.8333333333333333,1.8333333333333333,8.083333333333334,0.0,0.07482229999732226,0.0001461143981487112,0
S4_clustered,130363,13,I,11,0.0,0,,1,0,0,0,0,0,0,283.6661818181818,219.57530412734468,59.09090909090909,5.0,50.730385727272726,185.27584025453982,130.91220389090347,0.5454545454545454,2.909090909090909,1.7272727272727273,9.545454545454545,0.5454545454545454,1.3660699999891222,0.0003454007915024704,0
S4_clustered,130363,13,J,11,0.0,0,,1,0,0,0,0,0,0,231.91636363636363,164.9163216214912,62.0,5.0,47.022889000000006,179.67560839805464,119.31197203441822,0.2727272727272727,2.5454545454545454,1.5454545454545454,10.181818181818182,0.7272727272727273,1.4688317000109237,0.00046216359692152764,0
S4_clustered,130363,13,J+,11,0.0,0,,1,0,0,0,0,0,0,216.7159090909091,157.26137311135636,54.45454545454545,5.0,32.27272727272727,167.30190671655814,112.84736126201268,0.0,1.2727272727272727,1.2727272727272727,9.0,0.0,0.050972199998795986,0.00010422492005091044,0
S4_clustered,130363,14,I,11,0.0,0,,1,0,0,0,0,0,0,313.9489090909091,228.5852308006257,80.36363636363636,5.0,210.21663245454545,216.2166324531124,143.85299608947602,0.5454545454545454,2.727272727272727,1.7272727272727273,13.090909090909092,0.6363636363636364,0.4826517000037711,0.0004611931171893957,0
S4_clustered,130363,14,J,11,0.0,0,,1,0,0,0,0,0,0,345.66027272727274,244.9330055351078,95.72727272727273,5.0,207.72743772727273,213.18198316285915,127.63652861740462,0.9090909090909091,3.3636363636363638,2.3636363636363638,15.727272727272727,0.2727272727272727,0.5179072999744676,6.0886186020070454e-05,0
S4_clustered,130363,14,J+,11,0.0,0,,1,0,0,0,0,0,0,336.70836363636363,241.43566677208526,90.27272727272727,5.0,199.59091554545455,205.04546102021166,125.50000647475709,1.0,2.4545454545454546,1.8181818181818181,14.818181818181818,0.0,0.14450850000139326,0.0003344929377817607,0
S4_clustered,130363,15,I,12,0.0,0,,1,0,0,0,0,0,0,262.97625,208.80960361207772,49.166666666666664,5.0,36.43192916666667,165.68537183378228,119.26870516711567,0.25,2.4166666666666665,1.5,7.916666666666667,0.5,1.2435911000065971,0.0002433449326417758,0
S4_clustered,130363,15,J,12,0.0,0,,1,0,0,0,0,0,0,234.18175,172.26512427062787,56.916666666666664,5.0,98.26451308333333,168.49710545573706,112.66377212240373,0.25,2.5,1.6666666666666667,9.416666666666666,0.6666666666666666,0.7820603000000119,0.0004912475342280231,0
S4_clustered,130363,15,J+,12,0.0,0,,1,0,0,0,0,0,0,215.51341666666667,159.59672568515666,50.916666666666664,5.0,91.47170725000001,153.86008115684496,103.44341449017827,0.08333333333333333,1.5,1.5,8.416666666666666,0.0,0.07894569999189116,0.0002917781200721947,0
S4_clustered,130363,16,I,13,0.0,0,,1,0,0,0,0,0,0,226.84238461538462,176.45774991976452,45.38461538461539,5.0,83.90509192307692,155.58715768895811,112.43331153511197,0.3076923076923077,2.3846153846153846,1.5384615384615385,7.3076923076923075,0.6153846153846154,0.770779999991646,0.0002510430613256176,0
S4_clustered,130363,16,J,13,0.0,0,,1,0,0,0,0,0,0,203.23861538461537,149.93092527832653,48.30769230769231,5.0,76.22448084615385,163.85654807069756,114.0873173014668,0.07692307692307693,2.3076923076923075,1.6153846153846154,7.923076923076923,0.6153846153846154,0.7807840000023134,2.86182450963679e-05,0
S4_clustered,130363,16,J+,13,0.0,0,,1,0,0,0,0,0,0,189.9530769230769,140.7992325635842,44.15384615384615,5.0,61.392845461538464,149.72984568068142,104.88369183452755,0.07692307692307693,1.6153846153846154,1.6153846153846154,7.230769230769231,0.0,0.06119300000136718,2.332659505555057e-05,0
S4_clustered,130363,17,I,14,0.0,0,,1,0,0,0,0,0,0,190.56735714285716,144.06737949957443,41.5,5.0,80.04264007142856,147.82375896856306,105.2523303971345,0.0,2.0714285714285716,1.5,6.857142857142857,0.5714285714285714,1.4182412000081968,0.0003129940419057675,0
S4_clustered,130363,17,J,14,0.0,0,,1,0,0,0,0,0,0,189.27742857142857,138.13455562911727,46.142857142857146,5.0,82.16228678571429,144.77351026450506,98.34493883593362,0.14285714285714285,2.142857142857143,1.7142857142857142,7.571428571428571,0.42857142857142855,1.579506300011417,0.00022119235836726148,0
S4_clustered,130363,17,J+,14,0.0,0,,1,0,0,0,0,0,0,197.5244285714286,149.52445090291397,43.0,5.0,78.83289192857144,128.45149813443854,88.66578384872423,0.2857142857142857,1.6428571428571428,1.4285714285714286,6.928571428571429,0.0,0.09215370001038536,0.00031264079552784096,0
S4_clustered,130363,18,I,14,0.0,0,,1,0,0,0,0,0,0,211.7057857142857,156.70577675558087,50.0,5.0,159.9047989285714,161.19051319606524,113.83337033892244,0.5,2.7142857142857144,2.0,8.214285714285714,0.5,1.418982600007439,0.00012542186777864117,0
S4_clustered,130363,18,J,14,0.0,0,,1,0,0,0,0,0,0,207.23728571428572,147.45159386002737,54.785714285714285,5.0,133.83236364285713,136.83236365434365,91.04664936862936,0.7857142857142857,3.2142857142857144,2.357142857142857,9.071428571428571,0.5714285714285714,1.4848485000256915,0.00031404038327309536,0
S4_clustered,130363,18,J+,14,0.0,0,,1,0,0,0,0,0,0,200.6077857142857,145.17918079350184,50.42857142857143,5.0,127.59435528571429,130.59435527729568,88.66578384872423,0.6428571428571429,2.5,2.0714285714285716,8.285714285714286,0.0,0.17668910001521,0.000468890974389069,0
S4_clustered,130363,19,I,13,0.0,0,,1,0,0,0,0,0,0,264.2876153846154,204.13379704499408,55.15384615384615,5.0,128.23792623076923,169.42412497198504,117.34720189506196,0.46153846153846156,2.3846153846153846,1.7692307692307692,9.0,0.38461538461538464,1.1416559999925084,0.0003615849232119217,0
S4_clustered,130363,19,J,13,0.0,0,,1,0,0,0,0,0,0,264.46792307692306,197.0063707212645,62.46153846153846,5.0,134.04744923076922,156.09120042956596,101.78350812187365,0.6923076923076923,2.769230769230769,1.5384615384615385,10.153846153846153,0.6153846153846154,0.9619294999865815,0.00018062356184600503,0
S4_clustered,130363,19,J+,13,0.0,0,,1,0,0,0,0,0,0,251.96853846153846,189.04546633071718,57.92307692307692,5.0,124.05903676923077,147.0258648958907,95.48740335742913,0.6153846153846154,2.0,1.6153846153846154,9.461538461538462,0.0,0.1416357000125572,6.229932341739186e-05,0
S4_clustered,130363,20,I,10,0.0,0,,1,0,0,0,0,0,0,308.32489999999996,229.32489494974894,74.0,5.0,170.7332741,213.84760437492122,142.54760437492126,0.2,3.0,1.8,12.0,0.7,1.20802590000676,5.050251047578058e-05,0
S4_clustered,130363,20,J,10,0.0,0,,1,0,0,0,0,0,0,305.0088,226.50883369177512,73.5,5.0,143.9601224,195.47082151660584,124.77082151660584,0.3,2.6,1.8,12.0,0.4,0.8627994999988005,0.0003369177511558519,0
S4_clustered,130363,20,J+,10,0.0,0,,1,0,0,0,0,0,0,298.371,225.87101297301678,67.5,5.0,136.1213983,188.83209738821398,124.13209738821395,0.3,1.6,1.2,11.0,0.0,0.10495549999177456,0.00012973016782780178,0
S4_clustered,130363,21,I,10,0.0,0,,1,0,0,0,0,0,0,281.7528,208.5527806602601,68.2,5.0,11.9,212.2521951406662,144.2521951406662,0.2,3.4,2.4,11.2,0.8,2.0027040999848396,0.00019339739856150118,0
S4_clustered,130363,21,J,10,0.0,0,,1,0,0,0,0,0,0,265.5754,189.97536386119532,70.6,5.0,11.9,202.55310058858623,130.4531005885862,0.0,2.8,2.0,11.6,0.8,1.6943861999898218,0.0003613880467128183,0
S4_clustered,130363,21,J+,10,0.0,0,,1,0,0,0,0,0,0,276.6812,208.28117090434085,63.4,5.0,11.9,193.46023450933356,129.56023450933353,0.1,1.6,1.6,10.4,0.0,0.058609999978216365,0.0002909565914706036,0
S4_clustered,130363,22,I,12,0.0,0,,1,0,0,0,0,0,0,224.13924999999998,168.88922724567263,50.25,5.0,33.907414833333334,166.4816320922835,117.7316320922835,0.25,2.6666666666666665,1.8333333333333333,8.166666666666666,0.6666666666666666,1.2892441999865696,0.0002730519281612942,0
S4_clustered,130363,22,J,12,0.0,0,,1,0,0,0,0,0,0,212.23908333333335,147.15574676882883,60.083333333333336,5.0,94.40632775,163.9096617688664,105.74299510219971,0.3333333333333333,3.4166666666666665,2.4166666666666665,9.666666666666666,0.6666666666666666,2.333212099998491,3.877405401908618e-05,0
S4_clustered,130363,22,J+,12,0.0,0,,1,0,0,0,0,0,0,205.23033333333333,148.8970341279924,51.333333333333336,5.0,85.97170725000001,155.19096448409485,104.3576311507615,0.08333333333333333,1.9166666666666667,1.8333333333333333,8.416666666666666,0.0,0.07269749999977648,0.0004095359088296391,0
S4_clustered,130363,23,I,11,0.0,0,,1,0,0,0,0,0,0,291.16763636363635,217.89490818468465,68.27272727272727,5.0,157.34895781818182,185.89441237491053,125.98532146581961,0.8181818181818182,2.4545454545454546,1.9090909090909092,11.0,0.18181818181818182,1.393779000005452,9.968468930310337e-06,0
S4_clustered,130363,23,J,11,0.0,0,,1,0,0,0,0,0,0,287.77445454545455,209.3199140635202,73.45454545454545,5.0,152.61522527272726,183.55997330572384,118.46906421481475,0.7272727272727273,2.3636363636363638,1.8181818181818181,12.090909090909092,0.09090909090909091,1.022241300001042,5.469872257890529e-05,0
S4_clustered,130363,23,J+,11,0.0,0,,1,0,0,0,0,0,0,288.52327272727274,210.61422233024894,72.9090909090909,5.0,152.61522527272726,183.2438748156954,117.51660208842267,0.7272727272727273,2.272727272727273,1.9090909090909092,12.0,0.0,0.13408170000184327,0.00044563273831954575,0
S4_clustered,130363,24,I,10,0.0,0,,1,0,0,0,0,0,0,289.3298,209.72979739197203,74.6,5.0,173.0422774,211.41380212766853,138.9138021276686,0.2,3.0,1.9,12.1,0.8,1.585058199998457,2.608027944006608e-05,0
S4_clustered,130363,24,J,10,0.0,0,,1,0,0,0,0,0,0,249.7893,162.0892955770721,82.7,5.0,147.1564232,206.04601939015384,125.94601939015388,0.6,3.3,2.2,13.7,0.8,2.3110623999964446,4.4229278955754125e-05,0
S4_clustered,130363,24,J+,10,0.0,0,,1,0,0,0,0,0,0,280.9018,201.10183224075632,74.8,5.0,139.7213983,194.91316721472435,124.31316721472436,0.5,2.0,1.7,12.3,0.0,0.06970130000263453,0.0003224075633170287,0
S4_clustered,130363,25,I,13,0.0,0,,1,0,0,0,0,0,0,229.72569230769233,174.033347584373,50.69230769230769,5.0,159.04230223076922,161.3499945607728,115.42691763769592,0.6153846153846154,2.4615384615384617,1.4615384615384615,8.0,0.6153846153846154,1.0617086999991443,0.0004814031512978545,0
S4_clustered,130363,25,J,13,0.0,0,,1,0,0,0,0,0,0,196.3366153846154,139.79817073917133,51.53846153846154,5.0,87.96670107692307,146.47904624886354,98.55596932578662,0.38461538461538464,2.6923076923076925,1.8461538461538463,8.461538461538462,0.6153846153846154,1.3284604000218678,0.00021960922686048434,0
S4_clustered,130363,25,J+,13,0.0,0,,1,0,0,0,0,0,0,201.71623076923078,147.94702681080332,48.76923076923077,5.0,81.20465284615385,151.71318356621998,103.71318356621994,0.23076923076923078,2.230769230769231,2.0,8.0,0.0,0.10646619999897666,0.00034854044292842445,0
S4_clustered,130363,26,I,12,0.0,0,,1,0,0,0,0,0,0,265.49191666666667,197.07524936462758,63.416666666666664,5.0,118.06201808333333,189.1876344087201,126.18763440872014,0.4166666666666667,2.8333333333333335,1.9166666666666667,10.5,0.6666666666666666,1.7634776000049897,7.624468707945198e-06,0
S4_clustered,130363,26,J,12,0.0,0,,1,0,0,0,0,0,0,252.92774999999997,177.09445095048807,70.83333333333333,5.0,125.41946291666666,173.06536011651784,106.64869344985114,0.5,2.8333333333333335,2.0,11.666666666666666,0.5833333333333334,1.3709726000088267,0.0004114058569939516,0
S4_clustered,130363,26,J+,12,0.0,0,,1,0,0,0,0,0,0,244.73908333333335,174.90574531409445,64.83333333333333,5.0,121.93449858333334,164.36008115684498,103.44341449017828,0.5833333333333334,1.8333333333333333,1.5833333333333333,10.666666666666666,0.0,0.10584519998519681,5.6230866903206334e-05,0
S4_clustered,130363,27,I,14,0.0,0,,1,0,0,0,0,0,0,195.31385714285713,144.59955761973106,45.714285714285715,5.0,159.59792342857142,160.02649483508654,112.81220912080083,0.2857142857142857,2.642857142857143,1.8571428571428572,7.5,0.5714285714285714,0.6079413999977987,0.00019332376496095094,0
S4_clustered,130363,27,J,14,0.0,0,,1,0,0,0,0,0,0,201.9557857142857,146.67005628351902,50.285714285714285,5.0,104.876974,139.09890191969023,93.74175906254736,0.5,2.5714285714285716,1.7857142857142858,8.142857142857142,0.5714285714285714,2.2800826000166126,0.00021203073356446112,0
S4_clustered,130363,27,J+,14,0.0,0,,1,0,0,0,0,0,0,191.974,141.40256374830113,45.57142857142857,5.0,95.94385592857144,131.02292670586712,88.66578384872425,0.2857142857142857,1.7857142857142858,1.6428571428571428,7.357142857142857,0.0,0.08719600000767969,0.00010752378420875175,0
S4_clustered,130363,28,I,10,0.0,0,,1,0,0,0,0,0,0,328.2158,243.01582065149287,80.2,5.0,163.9371686,223.73716857408417,154.83716857408416,1.0,2.2,1.7,13.2,0.0,0.5239753999921959,0.0002065149287773238,0
S4_clustered,130363,28,J,10,0.0,0,,1,0,0,0,0,0,0,313.1159,210.51591318746455,97.6,5.0,180.4767478,211.3635635267908,125.6635635267908,0.7,3.3,2.2,16.1,0.3,0.6101807999948505,0.00013187464537622873,0
S4_clustered,130363,28,J+,10,0.0,0,,1,0,0,0,0,0,0,295.63800000000003,198.5379851178815,92.1,5.0,180.4767478,206.83209738821398,124.13209738821392,0.7,2.4,2.1,15.1,0.0,0.08732319998671301,0.0001488211851210508,0
S4_clustered,130363,29,I,13,0.0,0,,1,0,0,0,0,0,0,208.21946153846153,148.91178667554993,54.30769230769231,5.0,173.20304253846155,174.5876579045142,119.27996559682194,0.15384615384615385,2.1538461538461537,1.6153846153846154,8.923076923076923,0.5384615384615384,1.1649348000064492,0.0002267821489567723,0
S4_clustered,130363,29,J,13,0.0,0,,1,0,0,0,0,0,0,205.16823076923077,137.09133274240665,63.07692307692308,5.0,133.20964284615386,166.89543951422124,105.1262087449905,0.3076923076923077,2.3076923076923075,1.6923076923076923,10.384615384615385,0.46153846153846156,1.2093043999921065,0.00032565128640271723,0
S4_clustered,130363,29,J+,13,0.0,0,,1,0,0,0,0,0,0,197.79507692307692,133.1797090479785,59.61538461538461,5.0,128.21288292307693,149.4093056832415,95.48622876016458,0.38461538461538464,1.7692307692307692,1.6153846153846154,9.615384615384615,0.0,0.09515899998950772,0.0002176237205731013,0
S4_clustered,130363,30,I,11,0.0,0,,1,0,0,0,0,0,0,265.50336363636364,198.13977183327387,62.36363636363637,5.0,191.02299418181818,192.65935780943602,133.4775396276179,0.5454545454545454,2.0,0.8181818181818182,10.090909090909092,0.7272727272727273,0.7310430000070482,0.000490166012696136,0
S4_clustered,130363,30,J,11,0.0,0,,1,0,0,0,0,0,0,258.05754545454545,182.23939439319918,70.81818181818181,5.0,136.92309736363634,201.95911658716224,129.32275295079856,0.0,2.0,1.4545454545454546,11.727272727272727,0.5454545454545454,0.7967317999864463,0.000338325191023614,0
S4_clustered,130363,30,J+,11,0.0,0,,1,0,0,0,0,0,0,265.8668181818182,192.5031432172673,68.36363636363636,5.0,129.74672572727275,188.4298754989658,121.1571482262385,0.18181818181818182,1.6363636363636365,1.3636363636363635,11.090909090909092,0.0,0.06988779999664985,0.0004246100593263691,0
S4_clustered,130363,31,I,10,0.0,0,,1,0,0,0,0,0,0,311.5464,233.04640680945244,73.5,5.0,186.7366971,222.33669707045698,148.336697070457,0.1,2.3,1.6,12.0,0.7,0.8417851999984123,6.809452452216647e-05,0
S4_clustered,130363,31,J,10,0.0,0,,1,0,0,0,0,0,0,306.27689999999996,220.47689788998406,80.8,5.0,173.6556277,204.73330560541785,125.8333056054179,0.4,2.4,1.6,13.3,0.6,1.2923870000231545,2.1100159301568056e-05,0
S4_clustered,130363,31,J+,10,0.0,0,,1,0,0,0,0,0,0,284.6726,202.47257822459864,77.2,5.0,167.8767478,199.5887148292639,124.1887148292639,0.2,1.8,1.7,12.7,0.0,0.08776680001756176,0.00021775401364720892,0
S4_clustered,130363,32,I,15,0.0,0,,1,0,0,0,0,0,0,203.42666666666668,158.8266590076584,39.6,5.0,53.60875226666667,131.26007085273898,94.92673751940565,0.26666666666666666,2.6,1.8666666666666667,6.266666666666667,0.5333333333333333,0.4312620999990031,0.00011488512382129556,0
S4_clustered,130363,32,J,15,0.0,0,,1,0,0,0,0,0,0,178.8602,130.86018741696765,43.0,5.0,47.889889866666664,130.7234665530023,89.79013321966896,0.3333333333333333,2.8,2.2,7.0,0.5333333333333333,0.7383396999794059,0.00018874548527492152,0
S4_clustered,130363,32,J+,15,0.0,0,,1,0,0,0,0,0,0,187.3828,143.71612604422629,38.666666666666664,5.0,42.436899733333334,121.85261823624121,86.51928490290787,0.4,2.066666666666667,1.8,6.333333333333333,0.0,0.09618560000672005,0.00010933660587397753,0
S4_clustered,130363,33,I,11,0.0,0,,1,0,0,0,0,0,0,283.9468181818182,222.94686011411406,56.0,5.0,40.04744654545454,194.06069477097068,138.3334220436979,0.2727272727272727,2.3636363636363638,1.3636363636363635,9.181818181818182,0.7272727272727273,0.8629094999923836,0.00046125525477691554,0
S4_clustered,130363,33,J,11,0.0,0,,1,0,0,0,0,0,0,268.7514545454546,196.38781378920086,67.36363636363636,5.0,140.6682190909091,193.6849983767138,125.13954383125925,0.18181818181818182,2.3636363636363638,1.4545454545454546,11.0,0.7272727272727273,0.7218498000002,4.8318790504708886e-05,0
S4_clustered,130363,33,J+,11,0.0,0,,1,0,0,0,0,0,0,264.32800000000003,198.50977471129562,60.81818181818182,5.0,126.4078709090909,179.89989716942858,119.26353353306492,0.2727272727272727,1.2727272727272727,1.0909090909090908,9.909090909090908,0.0,0.08609120000619441,0.00047817574841246824,0
S4_clustered,130363,34,I,15,0.0,0,,1,0,0,0,0,0,0,220.77779999999998,171.24444025581622,44.53333333333333,5.0,135.0031484,136.60314838591796,98.06981505258463,0.6666666666666666,2.466666666666667,1.7333333333333334,7.2,0.5333333333333333,0.41974099999060854,0.0003961627567150572,0
S4_clustered,130363,34,J,15,0.0,0,,1,0,0,0,0,0,0,190.1506,140.08390967170632,45.06666666666667,5.0,108.05631100000001,125.7068771577349,85.9068771577349,0.6,2.4,1.7333333333333334,7.4,0.5333333333333333,0.7021981999860145,0.0003549244052010181,0
S4_clustered,130363,34,J+,15,0.0,0,,1,0,0,0,0,0,0,176.4505333333333,125.58387420764633,45.86666666666667,5.0,107.0307244,124.60095746094343,85.2009574609434,0.4666666666666667,2.4,2.2666666666666666,7.533333333333333,0.0,0.11410030000843108,0.00011311469506836147,0
S4_clustered,130363,35,I,16,0.0,0,,1,0,0,0,0,0,0,96.7906875,66.91570083595919,24.875,5.0,7.4375,7.4375,0.0,1.0,2.9375,2.25,3.9375,0.0,0.2814203999878373,0.00021337534690246684,0
S4_clustered,130363,35,J,16,0.0,0,,1,0,0,0,0,0,0,96.7906875,66.91570083595919,24.875,5.0,7.4375,7.4375,0.0,1.0,2.9375,2.25,3.9375,0.0,0.23736189998453483,0.00021337534690246684,0
S4_clustered,130363,35,J+,16,0.0,0,,1,0,0,0,0,0,0,99.87025,71.12027371610009,23.75,5.0,7.4375,7.4375,0.0,1.0,2.75,2.0625,3.75,0.0,0.2566088000021409,0.00037945760141155915,0
S4_clustered,130363,36,I,15,0.0,0,,1,0,0,0,0,0,0,194.19293333333331,149.2596304470768,39.93333333333333,5.0,90.86027253333333,136.578455733073,98.11178906640637,0.4,3.066666666666667,2.3333333333333335,6.6,0.5333333333333333,1.621509300020989,0.00045670615236304,0
S4_clustered,130363,36,J,15,0.0,0,,1,0,0,0,0,0,0,200.80540000000002,158.33875711196535,37.46666666666667,5.0,73.23126346666666,130.3501042710524,91.75010427105235,0.13333333333333333,2.3333333333333335,1.6666666666666667,6.133333333333334,0.5333333333333333,0.8279610999743454,0.0003566794803191442,0
S4_clustered,130363,36,J+,15,0.0,0,,1,0,0,0,0,0,0,156.66593333333333,119.33263074929646,32.333333333333336,5.0,64.7773658,121.91409283782697,88.78075950449362,0.2,1.4666666666666666,1.4666666666666666,5.333333333333333,0.0,0.06346649999613874,0.000461239446849504,0
S4_clustered,130363,37,I,14,0.0,0,,1,0,0,0,0,0,0,178.85614285714286,134.49899896547933,39.357142857142854,5.0,37.366177428571426,139.26040056302253,100.76040056302257,0.14285714285714285,2.5,1.8571428571428572,6.5,0.5714285714285714,1.460653199988883,1.44832890782709e-05,0
S4_clustered,130363,37,J,14,0.0,0,,1,0,0,0,0,0,0,155.198,112.62653594750289,37.57142857142857,5.0,28.489125214285714,142.2897168291431,102.57543111485738,0.0,1.7857142857142858,1.2857142857142858,6.142857142857143,0.5,0.48841049999464303,0.0004967349595972337,0
S4_clustered,130363,37,J+,14,0.0,0,,1,0,0,0,0,0,0,159.7202857142857,117.93454699526394,36.785714285714285,5.0,25.357142857142858,124.16578384872426,88.66578384872425,0.21428571428571427,1.6428571428571428,1.5714285714285714,6.071428571428571,0.0,0.09751380002126098,0.0003420663047108974,0
S4_clustered,130363,38,I,14,0.0,0,,1,0,0,0,0,0,0,209.68435714285715,149.04147110461145,55.642857142857146,5.0,170.0555967142857,171.34131102144121,114.1270253071555,0.21428571428571427,2.642857142857143,1.9285714285714286,9.214285714285714,0.5714285714285714,0.6420889000000898,0.00040453543988405727,0
S4_clustered,130363,38,J,14,0.0,0,,1,0,0,0,0,0,0,199.47085714285714,141.8280096262552,52.642857142857146,5.0,91.35779657142858,153.09969278098566,99.45683563812857,0.07142857142857142,2.5,1.8571428571428572,8.714285714285714,0.5714285714285714,0.6758652999997139,0.00013476757271746465,0
S4_clustered,130363,38,J+,14,0.0,0,,1,0,0,0,0,0,0,185.74907142857143,132.89195561587135,47.857142857142854,5.0,82.26146335714286,135.61255891520776,90.82684462949344,0.5,1.7142857142857142,1.5714285714285714,7.857142857142857,0.0,0.12559940002392977,0.00037862219869566616,0
S4_clustered,130363,39,I,16,0.0,0,,1,0,0,0,0,0,0,140.756375,103.25635871041186,32.5,5.0,87.79744825,88.17244824043499,60.85994824043498,0.4375,1.6875,1.125,5.3125,0.375,0.551003699976718,0.0002606334101074026,0
S4_clustered,130363,39,J,16,0.0,0,,1,0,0,0,0,0,0,144.055375,101.68037382190843,37.375,5.0,88.2665966875,91.26659668191711,58.7040966819171,0.375,2.1875,1.5625,6.125,0.4375,0.6569631999882404,1.8849465050152503e-05,0
S4_clustered,130363,39,J+,16,0.0,0,,1,0,0,0,0,0,0,145.162625,102.53761950562058,37.625,5.0,80.9508739375,83.95087391175582,55.88837391175581,0.875,2.25,1.875,6.0625,0.0,0.21929140001884662,8.791007053332578e-05,0
S4_clustered,130363,40,I,11,0.0,0,,1,0,0,0,0,0,0,293.82145454545457,220.36689849339098,68.45454545454545,5.0,163.74695245454544,195.12450836952542,129.85178109679813,0.45454545454545453,2.6363636363636362,1.7272727272727273,11.181818181818182,0.7272727272727273,1.4118711999908555,0.00011657269942588755,0
S4_clustered,130363,40,J,11,0.0,0,,1,0,0,0,0,0,0,301.234,219.50670291266744,76.72727272727273,5.0,142.4278129090909,203.4978148420937,130.40690575118458,0.6363636363636364,3.0,2.090909090909091,12.636363636363637,0.5454545454545454,1.7277253000065684,0.00026796065822054516,0
S4_clustered,130363,40,J+,11,0.0,0,,1,0,0,0,0,0,0,288.8234545454545,212.45980413017105,71.36363636363636,5.0,131.9285439090909,188.40925223285112,121.68197950557838,0.6363636363636364,2.090909090909091,1.7272727272727273,11.818181818181818,0.0,0.20777340000495315,0.00015456811843250762,0
S4_clustered,130363,41,I,14,0.0,0,,1,0,0,0,0,0,0,190.97299999999998,149.0444261982053,36.92857142857143,5.0,8.5,150.69851258498093,112.05565544212378,0.14285714285714285,2.2142857142857144,1.4285714285714286,5.857142857142857,0.5714285714285714,1.0950852000096347,3.322512566228397e-05,0
S4_clustered,130363,41,J,14,0.0,0,,1,0,0,0,0,0,0,178.70892857142857,133.1375337096028,40.57142857142857,5.0,8.5,139.39508487059612,97.39508487059614,0.0,2.357142857142857,1.7857142857142858,6.642857142857143,0.5714285714285714,1.4671896999934688,0.00047193443901960563,0
S4_clustered,130363,41,J+,14,0.0,0,,1,0,0,0,0,0,0,169.0867142857143,126.4438310345171,37.642857142857146,5.0,8.5,137.59062483261337,98.66205340404191,0.14285714285714285,1.8571428571428572,1.8571428571428572,6.214285714285714,0.0,0.0745638000080362,0.0003655167604392773,0
S4_clustered,130363,42,I,16,0.0,0,,1,0,0,0,0,0,0,186.0173125,135.8298091327647,45.1875,5.0,103.5886465,104.71364648704002,72.15114648704002,1.0,2.625,2.1875,7.375,0.0625,0.6058731999946758,5.3875764933764e-05,0
S4_clustered,130363,42,J,16,0.0,0,,1,0,0,0,0,0,0,151.602,105.3520005503397,41.25,5.0,60.9414335625,61.31643355915132,34.37893355915132,1.0,2.6875,2.1875,6.5625,0.0625,0.44304909999482334,8.805435072645196e-06,0
S4_clustered,130363,42,J+,16,0.0,0,,1,0,0,0,0,0,0,151.43375,106.24623164565178,40.1875,5.0,60.0066869375,60.38168695587791,34.1941869558779,1.0,2.5,2.0625,6.4375,0.0,0.1974919000058435,0.00029366957164711494,0
S4_clustered,130363,43,I,14,0.0,0,,1,0,0,0,0,0,0,251.14171428571427,186.14172711598175,60.0,5.0,127.07142857142857,147.78571428571428,98.57142857142857,0.9285714285714286,2.357142857142857,1.8571428571428572,9.642857142857142,0.0,0.6360409000189975,0.00017962374477065168,0
S4_clustered,130363,43,J,14,0.0,0,,1,0,0,0,0,0,0,240.97335714285714,169.40191570168798,66.57142857142857,5.0,127.197677,152.05569784889934,90.41284070604216,0.5714285714285714,2.357142857142857,1.9285714285714286,10.857142857142858,0.21428571428571427,1.2054441000218503,0.00018017636830336414,0
S4_clustered,130363,43,J+,14,0.0,0,,1,0,0,0,0,0,0,239.43599999999998,170.93600796812305,63.5,5.0,127.197677,144.3086409915814,88.66578384872423,0.8571428571428571,1.8571428571428572,1.5,10.285714285714286,0.0,0.2093299999833107,0.00011155372294524568,0
S4_clustered,130363,44,I,14,0.0,0,,1,0,0,0,0,0,0,205.57500000000002,152.00356468359874,48.57142857142857,5.0,97.80818878571428,146.52850173433038,103.2427874486161,0.5714285714285714,2.357142857142857,1.8571428571428572,7.857142857142857,0.2857142857142857,1.3469758999999613,9.442961800232297e-05,0
S4_clustered,130363,44,J,14,0.0,0,,1,0,0,0,0,0,0,205.01664285714287,142.7309585139492,57.285714285714285,5.0,84.83289192857144,134.89523993675624,88.6809542224705,0.5714285714285714,2.9285714285714284,2.5,9.428571428571429,0.07142857142857142,1.2855336999928113,0.0004191952884866623,0
S4_clustered,130363,44,J+,14,0.0,0,,1,0,0,0,0,0,0,201.59185714285715,141.94896936225084,54.642857142857146,5.0,85.26146335714286,134.45149813443854,88.66578384872423,0.6428571428571429,2.5,2.2857142857142856,8.928571428571429,0.0,0.129797299974598,0.00042892848841802333,0
S4_clustered,130363,45,I,14,0.0,0,,1,0,0,0,0,0,0,181.81371428571427,138.7423055420985,38.07142857142857,5.0,8.5,140.79743295047203,101.72600437904347,0.07142857142857142,2.357142857142857,1.8571428571428572,6.285714285714286,0.5,1.9921855999855325,0.000277589379265919,0
S4_clustered,130363,45,J,14,0.0,0,,1,0,0,0,0,0,0,181.05242857142858,135.83812887205045,40.214285714285715,5.0,8.5,138.55326524552945,97.41040810267225,0.14285714285714285,2.2857142857142856,1.5714285714285714,6.642857142857143,0.5714285714285714,1.4396438999974634,0.00019579129366320558,0
S4_clustered,130363,45,J+,14,0.0,0,,1,0,0,0,0,0,0,176.19485714285716,134.8377396998351,36.357142857142854,5.0,8.5,127.53885583773861,93.11028440916714,0.2857142857142857,1.6428571428571428,1.5,6.0,0.0,0.11562309999135323,0.0003557976915544714,0
S4_clustered,130363,46,I,12,0.0,0,,1,0,0,0,0,0,0,230.273,162.106328453316,63.166666666666664,5.0,175.67925908333333,177.17925910699645,121.92925910699647,0.5,3.0,2.0833333333333335,10.25,0.6666666666666666,0.7547150999889709,5.8560207889968297e-05,0
S4_clustered,130363,46,J,12,0.0,0,,1,0,0,0,0,0,0,245.92858333333334,174.9285819904483,66.0,5.0,144.83644225,172.73076645146216,111.14743311812879,0.4166666666666667,2.75,1.9166666666666667,10.583333333333334,0.6666666666666666,0.8651915999944322,1.611462039363687e-05,0
S4_clustered,130363,46,J+,12,0.0,0,,1,0,0,0,0,0,0,218.14,145.3067082328544,67.83333333333333,5.0,137.39728983333333,165.52010549908093,106.85343883241426,0.4166666666666667,3.0,2.75,11.166666666666666,0.0,0.13645350001752377,0.0004987942529623979,0
S4_clustered,130363,47,I,14,0.0,0,,1,0,0,0,0,0,0,234.17385714285714,182.24526604864568,46.92857142857143,5.0,77.44079842857143,137.01222700573712,99.79794129145141,1.0,2.642857142857143,1.7142857142857142,7.642857142857143,0.5714285714285714,1.319748600013554,0.0002753189605755324,0
S4_clustered,130363,47,J,14,0.0,0,,1,0,0,0,0,0,0,243.71207142857142,189.56924603921553,49.142857142857146,5.0,67.78119657142857,131.67833203267782,90.6783320326778,0.7857142857142857,2.5714285714285716,1.5714285714285714,8.071428571428571,0.5714285714285714,0.8365591000183485,0.0004445490171747224,0
S4_clustered,130363,47,J+,14,0.0,0,,1,0,0,0,0,0,0,222.31642857142856,169.6735806426818,47.642857142857146,5.0,62.579070785714286,126.47620624550281,88.90477767407424,0.7857142857142857,2.357142857142857,2.0714285714285716,7.642857142857143,0.0,0.18699469999410212,0.00012899754528916674,0
S4_clustered,130363,48,I,15,0.0,0,,1,0,0,0,0,0,0,215.85693333333333,154.59029474817785,56.266666666666666,5.0,146.77994173333335,147.97994171652047,96.91327504985384,0.5333333333333333,2.3333333333333335,1.6,9.266666666666667,0.5333333333333333,0.8514303999836557,0.00042122266813748865,0
S4_clustered,130363,48,J,15,0.0,0,,1,0,0,0,0,0,0,220.76153333333332,153.89485377553316,61.86666666666667,5.0,117.14202686666665,137.3888940860316,83.05556075269828,0.6666666666666666,2.466666666666667,1.5333333333333334,10.2,0.2,1.0129180999938399,0.00019336700233907322,0
S4_clustered,130363,48,J+,15,0.0,0,,1,0,0,0,0,0,0,208.2464,144.1797094394534,59.06666666666667,5.0,116.71783186666667,132.68806492547597,82.75473159214262,0.6666666666666666,2.0,1.7333333333333334,9.733333333333333,0.0,0.1268905999895651,0.0003584081987355603,0
S4_clustered,130363,49,I,12,0.0,0,,1,0,0,0,0,0,0,242.691,165.7742996125401,71.91666666666667,5.0,180.35615941666666,181.35615941664753,118.52282608331417,0.5833333333333334,2.9166666666666665,2.0,11.5,0.4166666666666667,0.7177113000070676,0.000404649518941369,0
S4_clustered,130363,49,J,12,0.0,0,,1,0,0,0,0,0,0,241.50833333333333,158.0916957832396,78.41666666666667,5.0,150.24719708333333,185.30274067964453,111.05274067964451,0.6666666666666666,2.75,1.9166666666666667,13.0,0.4166666666666667,0.6439359000069089,0.0003493988754144084,0
S4_clustered,130363,49,J+,12,0.0,0,,1,0,0,0,0,0,0,255.4165833333333,177.08328450907777,73.33333333333333,5.0,146.89728983333333,169.86008115684498,103.44341449017828,0.6666666666666666,1.9166666666666667,1.5833333333333333,12.083333333333334,0.0,0.07427349998033606,0.00041410893345528166,0
S4_clustered,130363,50,I,15,0.0,0,,1,0,0,0,0,0,0,193.45346666666669,149.52015778538893,38.93333333333333,5.0,104.37364946666666,123.70698282965463,92.5736494963213,0.8,2.466666666666667,1.6666666666666667,6.266666666666667,0.5333333333333333,0.7357055000029504,0.0003667808337013412,0
S4_clustered,130363,50,J,15,0.0,0,,1,0,0,0,0,0,0,191.23033333333333,146.83030869365993,39.4,5.0,47.27804613333333,119.12921134374128,83.59587801040794,0.4666666666666667,2.066666666666667,1.2666666666666666,6.4,0.5333333333333333,1.152626600000076,0.00036959510089218384,0
S4_clustered,130363,50,J+,15,0.0,0,,1,0,0,0,0,0,0,189.12153333333333,146.3215162321808,37.8,5.0,44.036899733333335,115.88806492547597,82.75473159214263,0.4,1.8,1.5333333333333334,6.133333333333334,0.0,0.09954789999756031,0.00025651728765296866,0
S4_clustered,130363,51,I,16,0.0,0,,1,0,0,0,0,0,0,157.2503125,120.5628257636763,31.6875,5.0,46.9938513125,47.74385132928461,29.43135132928461,1.0,2.625,1.875,5.125,0.1875,0.5286250000062864,0.00021221882070676656,0
S4_clustered,130363,51,J,16,0.0,0,,1,0,0,0,0,0,0,144.1494375,104.83693405955094,34.3125,5.0,41.0808500625,42.20585006983757,23.89335006983757,1.0,3.125,2.0,5.5625,0.1875,0.5708959999901708,5.504718501470052e-05,0
S4_clustered,130363,51,J+,16,0.0,0,,1,0,0,0,0,0,0,145.592375,106.65488270175497,33.9375,5.0,39.4095935,40.534593477938955,23.34709347793895,1.0,3.0625,2.1875,5.5,0.0,0.29485639999620616,0.00012322807947384717,0
S4_clustered,130363,52,I,12,0.0,0,,1,0,0,0,0,0,0,203.69899999999998,148.7823368099112,49.916666666666664,5.0,9.916666666666666,193.12810819537063,140.961441528704,0.25,2.6666666666666665,1.9166666666666667,8.25,0.6666666666666666,1.362373200012371,4.17189341987978e-05,0
S4_clustered,130363,52,J,12,0.0,0,,1,0,0,0,0,0,0,247.2279166666667,187.22791249099308,55.0,5.0,9.916666666666666,184.18844975396453,128.85511642063122,0.16666666666666666,2.9166666666666665,1.8333333333333333,8.75,0.6666666666666666,1.2971276000025682,5.010808308725245e-05,0
S4_clustered,130363,52,J+,12,0.0,0,,1,0,0,0,0,0,0,226.97541666666666,172.97543789779903,49.0,5.0,9.916666666666666,162.75696428647032,114.25696428647034,0.16666666666666666,1.9166666666666667,1.5,7.75,0.0,0.09222020002198406,0.0002547735884945723,0
S4_clustered,130363,53,I,13,0.0,0,,1,0,0,0,0,0,0,198.972,148.35661384293317,45.61538461538461,5.0,129.2615870769231,160.3904695267775,113.54431568062365,0.3076923076923077,2.4615384615384617,1.7692307692307692,7.538461538461538,0.5384615384615384,0.7697276000108104,2.0041868765474646e-05,0
S4_clustered,130363,53,J,13,0.0,0,,1,0,0,0,0,0,0,191.66938461538464,139.7463067795856,46.92307692307692,5.0,53.16259553846154,156.07085381493908,107.30162304570831,0.07692307692307693,2.3846153846153846,1.6923076923076923,7.6923076923076925,0.6153846153846154,0.5959896999993362,1.186538725050923e-05,0
S4_clustered,130363,53,J+,13,0.0,0,,1,0,0,0,0,0,0,183.5233076923077,136.2925191887778,42.23076923076923,5.0,46.65796123076923,139.0507983147913,98.12772139171435,0.15384615384615385,1.6153846153846154,1.3846153846153846,6.846153846153846,0.0,0.12056040001334623,0.00025054588854800386,0
S4_clustered,130363,54,I,15,0.0,0,,1,0,0,0,0,0,0,191.02486666666667,147.35822934984301,38.666666666666664,5.0,130.5384513333333,133.3384513086796,96.73845130867959,0.4,2.1333333333333333,1.6,6.333333333333333,0.4,0.9915853000129573,0.00044024764520145254,0
S4_clustered,130363,54,J,15,0.0,0,,1,0,0,0,0,0,0,190.18913333333333,145.7891576877971,39.4,5.0,28.121935466666667,117.91280872730361,85.1794753939703,0.4666666666666667,2.533333333333333,1.8,6.4,0.4666666666666667,2.402750000008382,0.00036531695650410256,0
S4_clustered,130363,54,J+,15,0.0,0,,1,0,0,0,0,0,0,167.5984,125.3317087939392,37.266666666666666,5.0,25.666666666666668,112.68806492547597,82.75473159214262,0.6,2.2,2.0,5.933333333333334,0.0,0.14278009999543428,0.00036809091216127854,0
S4_clustered,130363,55,I,13,0.0,0,,1,0,0,0,0,0,0,215.22138461538464,164.6060337435368,45.61538461538461,5.0,59.98029123076923,162.67436867975414,115.59744560283106,0.07692307692307693,2.076923076923077,1.5384615384615385,7.538461538461538,0.5384615384615384,2.732091700017918,0.0004386659784358926,0
S4_clustered,130363,55,J,13,0.0,0,,1,0,0,0,0,0,0,208.89684615384616,151.51224824756773,52.38461538461539,5.0,75.00020392307692,157.71732776235805,105.17886622389656,0.23076923076923078,2.5384615384615383,1.9230769230769231,8.538461538461538,0.6153846153846154,1.8917980999976862,0.0002272183803597727,0
S4_clustered,130363,55,J+,13,0.0,0,,1,0,0,0,0,0,0,200.07515384615382,148.61357709890487,46.46153846153846,5.0,65.54669161538462,148.52196519370344,102.36811903985728,0.3076923076923077,1.5384615384615385,1.5384615384615385,7.615384615384615,0.0,0.05927709999377839,0.0004977142366442422,0
S4_clustered,130363,56,I,11,0.0,0,,1,0,0,0,0,0,0,220.4390909090909,162.6209332401971,52.81818181818182,5.0,47.93480618181818,181.9348062205495,129.9348062205495,0.18181818181818182,1.9090909090909092,1.3636363636363635,8.727272727272727,0.5454545454545454,0.6383779999741819,0.00026564216818769637,0
S4_clustered,130363,56,J,11,0.0,0,,1,0,0,0,0,0,0,232.85381818181816,161.03560541625177,66.81818181818181,5.0,167.75963527272728,195.53722574743745,128.9917712019829,0.2727272727272727,3.0,2.090909090909091,10.909090909090908,0.7272727272727273,1.0078324000060093,0.0003404212304758403,0
S4_clustered,130363,56,J+,11,0.0,0,,1,0,0,0,0,0,0,294.65754545454547,228.38480337667568,61.27272727272727,5.0,124.29218027272728,170.57463398928542,112.84736126201268,0.18181818181818182,1.8181818181818181,1.1818181818181819,9.909090909090908,0.0,0.09535339998546988,0.0001628565678402083,0
S4_clustered,130363,57,I,11,0.0,0,,1,0,0,0,0,0,0,307.77318181818185,235.40951863505072,67.36363636363636,5.0,156.94482936363636,191.09568231177934,128.4593186754157,0.5454545454545454,2.272727272727273,1.5454545454545454,11.0,0.5454545454545454,1.3419712999893818,0.0002950144421447476,0
S4_clustered,130363,57,J,11,0.0,0,,1,0,0,0,0,0,0,321.98590909090905,242.53134981249687,74.45454545454545,5.0,145.30562436363635,188.31535080779324,118.13353262597504,0.5454545454545454,2.3636363636363638,1.4545454545454546,12.181818181818182,0.7272727272727273,0.39093579998007044,0.00015206253419819404,0
S4_clustered,130363,57,J+,11,0.0,0,,1,0,0,0,0,0,0,293.0796363636364,216.35238760998166,71.72727272727273,5.0,135.20127118181819,178.7564521711036,112.84736126201265,0.7272727272727273,1.9090909090909092,1.7272727272727273,11.727272727272727,0.0,0.13140059998841025,0.0002637097982187697,0
S4_clustered,130363,58,I,11,0.0,0,,1,0,0,0,0,0,0,259.89263636363637,178.1653388339735,76.72727272727273,5.0,206.0237781818182,208.20559637867416,136.5692327423105,0.6363636363636364,2.4545454545454546,1.5454545454545454,12.636363636363637,0.7272727272727273,0.5144895000266843,0.0002728262913933577,0
S4_clustered,130363,58,J,11,0.0,0,,1,0,0,0,0,0,0,264.4563636363636,182.82003726567802,76.63636363636364,5.0,142.46234772727274,192.24159514419296,119.51432241692018,0.7272727272727273,2.0,1.5454545454545454,12.545454545454545,0.2727272727272727,0.7813564999960363,0.00040992245817506046,0
S4_clustered,130363,58,J+,11,0.0,0,,1,0,0,0,0,0,0,261.68072727272727,180.40800389111135,76.27272727272727,5.0,137.9285439090909,188.25324585461138,117.07142767279315,0.7272727272727273,1.9090909090909092,1.8181818181818181,12.636363636363637,0.0,0.04116370002157055,4.2802225152627216e-05,0
S4_clustered,130363,59,I,14,0.0,0,,1,0,0,0,0,0,0,203.98328571428573,157.48325460135507,41.5,5.0,54.21397257142858,162.53710400462705,118.67996114748418,0.14285714285714285,2.2142857142857144,1.6428571428571428,6.857142857142857,0.5,1.7966692999762017,0.0004355810292508977,0
S4_clustered,130363,59,J,14,0.0,0,,1,0,0,0,0,0,0,193.0432142857143,141.82893077611703,46.214285714285715,5.0,68.33893857142857,147.54894211291136,100.4775135414828,0.21428571428571427,2.357142857142857,1.7142857142857142,7.642857142857143,0.5714285714285714,0.8339279000065289,3.086563833676337e-05,0
S4_clustered,130363,59,J+,14,0.0,0,,1,0,0,0,0,0,0,188.04035714285715,141.9689136995907,41.07142857142857,5.0,61.721927928571425,140.30833759788501,98.66548045502789,0.14285714285714285,1.5,1.5,6.785714285714286,0.0,0.060648899991065264,0.0002082057301322493,0
S4_clustered,130363,60,I,10,0.0,0,,1,0,0,0,0,0,0,272.5806,205.480579306448,62.1,5.0,77.9373397,201.217149044221,142.617149044221,0.4,1.5,0.9,10.1,0.4,0.5368220999953337,0.00020693552005468518,0
S4_clustered,130363,60,J,10,0.0,0,,1,0,0,0,0,0,0,261.6222,187.4221978217144,69.2,5.0,69.18700989999999,200.6277703521779,133.22777035217786,0.3,1.7,1.2,11.2,0.4,0.8739062000240665,2.1782856038043974e-05,0
S4_clustered,130363,60,J+,10,0.0,0,,1,0,0,0,0,0,0,270.76300000000003,192.06298025404294,73.7,5.0,64.8553496,193.87557036854207,126.27557036854205,0.5,2.4,1.9,12.2,0.0,0.13370030000805855,0.00019745957069972064,0
S4_clustered,130363,61,I,15,0.0,0,,1,0,0,0,0,0,0,203.59993333333333,154.799942637972,43.8,5.0,139.51391266666667,141.5139126840011,101.44724601733442,0.5333333333333333,2.8,2.1333333333333333,7.133333333333334,0.5333333333333333,0.7887345000053756,0.00013956958036942524,0
S4_clustered,130363,61,J,15,0.0,0,,1,0,0,0,0,0,0,212.1894,161.38941594520168,45.8,5.0,112.62631526666668,134.15915607275636,90.82582273942303,0.3333333333333333,2.4,1.8,7.466666666666667,0.5333333333333333,0.5412990000040736,0.00023917802536743693,0
S4_clustered,130363,61,J+,15,0.0,0,,1,0,0,0,0,0,0,190.06113333333332,143.52779541009664,41.53333333333333,5.0,104.31783186666667,121.88806492547597,82.75473159214263,0.26666666666666666,1.6666666666666667,1.6,6.866666666666666,0.0,0.14159559999825433,6.884855019961833e-05,0
S4_clustered,130363,62,I,11,0.0,0,,1,0,0,0,0,0,0,343.2435454545455,274.24353193907524,64.0,5.0,107.06252118181818,205.3474685987154,142.983832235079,0.2727272727272727,2.1818181818181817,1.0909090909090908,10.363636363636363,0.6363636363636364,1.4491539000009652,0.00014867017216602108,0
S4_clustered,130363,62,J,11,0.0,0,,1,0,0,0,0,0,0,291.8979090909091,215.2615857712732,71.63636363636364,5.0,90.25717090909092,186.47187134410163,119.01732588955615,0.5454545454545454,2.727272727272727,1.7272727272727273,11.636363636363637,0.7272727272727273,1.309602299996186,0.0004434840052454092,0
S4_clustered,130363,62,J+,11,0.0,0,,1,0,0,0,0,0,0,277.27163636363633,204.2716748137653,68.0,5.0,86.73699918181818,177.6655430801945,112.84736126201265,0.45454545454545453,2.090909090909091,1.9090909090909092,11.181818181818182,0.0,0.07444950001081452,0.0004229514183862193,0
S4_clustered,130363,63,I,12,0.0,0,,1,0,0,0,0,0,0,200.80075,147.3840700186856,48.416666666666664,5.0,9.916666666666666,167.79166787185093,118.9583345385176,0.0,2.4166666666666665,1.8333333333333333,8.0,0.5833333333333334,1.3860579000029247,0.00015977577277226374,0
S4_clustered,130363,63,J,12,0.0,0,,1,0,0,0,0,0,0,186.60500000000002,133.27165727525434,48.333333333333336,5.0,9.916666666666666,152.93028247974485,105.0136158130782,0.08333333333333333,1.75,1.0833333333333333,7.916666666666667,0.6666666666666666,1.6386388999817427,0.00011269694800830621,0
S4_clustered,130363,63,J+,12,0.0,0,,1,0,0,0,0,0,0,181.95475,131.70475004198258,45.25,5.0,9.916666666666666,147.36008115684498,103.44341449017828,0.16666666666666666,1.25,1.25,7.333333333333333,0.0,0.05260090000228956,5.037909431848675e-07,0
S4_clustered,130363,64,I,13,0.0,0,,1,0,0,0,0,0,0,229.881,177.4963624815182,47.38461538461539,5.0,135.553383,160.16876763124995,113.93799840048072,0.38461538461538464,2.6153846153846154,2.0,7.769230769230769,0.6153846153846154,1.1451175000111107,0.00028774026350220083,0
S4_clustered,130363,64,J,13,0.0,0,,1,0,0,0,0,0,0,221.85946153846152,162.70558559248332,54.15384615384615,5.0,128.81955138461538,152.19246654252913,100.2693896194522,0.3076923076923077,3.1538461538461537,2.5384615384615383,8.76923076923077,0.6153846153846154,1.4366574000159744,0.0003872977167702629,0
S4_clustered,130363,64,J+,13,0.0,0,,1,0,0,0,0,0,0,216.16415384615385,163.77953450166964,47.38461538461539,5.0,119.44365215384616,144.25083722951965,96.94314492182733,0.07692307692307693,2.0,1.8461538461538463,7.769230769230769,0.0,0.08275999999023043,5.147829460838693e-05,0
S4_clustered,130363,65,I,15,0.0,0,,1,0,0,0,0,0,0,170.6568,127.72347274235844,37.93333333333333,5.0,31.7282576,126.81080617282008,92.47747283948675,0.5333333333333333,2.466666666666667,1.8666666666666667,6.266666666666667,0.5333333333333333,0.5039189000090118,9.113537680605077e-05,0
S4_clustered,130363,65,J,15,0.0,0,,1,0,0,0,0,0,0,164.5214,117.72142420051424,41.8,5.0,29.7305328,119.1525005452031,83.21916721186976,0.7333333333333333,2.8,2.066666666666667,6.8,0.5333333333333333,0.7499918999965303,0.0003630077135312604,0
S4_clustered,130363,65,J+,15,0.0,0,,1,0,0,0,0,0,0,158.9568,116.69010920339524,37.266666666666666,5.0,26.466666666666665,114.28806492547596,82.75473159214262,0.7333333333333333,2.066666666666667,2.0,5.933333333333334,0.0,0.13530649998574518,0.00036194907124809106,0
S4_clustered,130363,66,I,10,0.0,0,,1,0,0,0,0,0,0,300.3488,212.94878681558367,82.4,5.0,216.5938522,220.19385216833885,141.19385216833885,0.4,2.4,1.5,13.4,0.6,0.5133402000064962,0.00013184416320655146,0
S4_clustered,130363,66,J,10,0.0,0,,1,0,0,0,0,0,0,318.4145,223.81452307023514,89.6,5.0,181.8992606,210.65461019726553,127.95461019726551,0.8,2.6,2.0,14.6,0.3,0.49908970002434216,0.00023070235147315543,0
S4_clustered,130363,66,J+,10,0.0,0,,1,0,0,0,0,0,0,282.1336,192.0336432062056,85.1,5.0,174.4767478,205.03209738821397,124.13209738821395,0.6,1.8,1.7,14.1,0.0,0.053940099984174594,0.00043206205623391725,0
S4_clustered,130363,67,I,16,0.0,0,,1,0,0,0,0,0,0,195.423,145.23548246393298,45.1875,5.0,138.1742378125,139.29923779940302,98.111737799403,0.625,2.1875,1.4375,7.375,0.5,0.7203346000169404,0.00028057707231710083,0
S4_clustered,130363,67,J,16,0.0,0,,1,0,0,0,0,0,0,179.3575625,127.9825566753838,46.375,5.0,102.3030441875,103.42804418967341,69.36554418967341,1.0,3.1875,2.4375,7.625,0.4375,1.3807390999863856,9.319385912931466e-05,0
S4_clustered,130363,67,J+,16,0.0,0,,1,0,0,0,0,0,0,177.2351875,127.36018305015682,44.875,5.0,96.297967375,97.04796738969478,66.73546738969476,1.0,2.9375,2.4375,7.375,0.0,0.23660559998825192,7.11974907972035e-05,0
S4_clustered,130363,68,I,16,0.0,0,,1,0,0,0,0,0,0,70.18625,41.623766564273325,23.5625,5.0,52.8489995625,52.84899959220513,28.536499592205125,0.25,2.1875,1.5625,3.875,0.5,1.3374871000123676,0.00026502837317821104,0
S4_clustered,130363,68,J,16,0.0,0,,1,0,0,0,0,0,0,72.830125,43.5176148275106,24.3125,5.0,51.1326758125,51.13267580126271,26.8201758012627,0.25,2.3125,1.6875,4.0,0.5,1.4718350999755785,0.00016275983034574892,0
S4_clustered,130363,68,J+,16,0.0,0,,1,0,0,0,0,0,0,142.7094375,104.52192609813835,33.1875,5.0,94.047967375,95.92296738969478,66.73546738969476,0.375,1.3125,1.125,5.375,0.0,0.19652339999447577,0.0001824297864914115,0
S4_clustered,130363,69,I,11,0.0,0,,1,0,0,0,0,0,0,269.74536363636366,207.6544713705387,57.09090909090909,5.0,68.16729936363636,183.0773225280127,127.53186798255815,0.18181818181818182,1.9090909090909092,1.3636363636363635,9.363636363636363,0.45454545454545453,1.7109486999979708,0.00018507592540117912,0
S4_clustered,130363,69,J,11,0.0,0,,1,0,0,0,0,0,0,241.7310909090909,170.8220045005279,65.9090909090909,5.0,60.46559027272727,193.91854301031498,126.28217937395134,0.09090909090909091,2.5454545454545454,1.8181818181818181,10.909090909090908,0.7272727272727273,2.084070100012468,4.950580682816508e-05,0
S4_clustered,130363,69,J+,11,0.0,0,,1,0,0,0,0,0,0,233.20818181818183,168.8445408490567,59.36363636363637,5.0,58.413954181818184,181.2278310170889,121.68237647163433,0.18181818181818182,1.4545454545454546,1.2727272727272727,9.818181818181818,0.0,0.09033619999536313,5.0660376246014494e-05,0
S4_clustered,130363,70,I,12,0.0,0,,1,0,0,0,0,0,0,220.94658333333334,165.5299096512049,50.416666666666664,5.0,156.86164483333332,161.8616448271068,116.44497816044013,0.75,1.75,1.4166666666666667,8.333333333333334,0.25,0.508995899988804,8.418554125455557e-05,0
S4_clustered,130363,70,J,12,0.0,0,,1,0,0,0,0,0,0,227.0655833333333,158.73224645750292,63.333333333333336,5.0,139.57427116666665,167.4031388177647,108.06980548443136,0.4166666666666667,3.25,2.4166666666666665,10.416666666666666,0.6666666666666666,1.0786407999985386,4.250996471455437e-05,0
S4_clustered,130363,70,J+,12,0.0,0,,1,0,0,0,0,0,0,240.6509166666667,180.9842249964943,54.666666666666664,5.0,129.39728983333333,157.71553344858776,104.8822001152544,0.16666666666666666,1.8333333333333333,1.5,8.833333333333334,0.0,0.1016243000049144,0.00030004206837475067,0
S4_clustered,130363,71,I,10,0.0,0,,1,0,0,0,0,0,0,262.3734,180.77336086532642,76.6,5.0,210.5367608,212.93676077684896,143.5367607768489,0.7,2.5,1.8,12.6,0.4,0.7263758000044618,0.0003913467355687317,0
S4_clustered,130363,71,J,10,0.0,0,,1,0,0,0,0,0,0,279.8252,179.625215146074,95.2,5.0,191.48723460000002,225.16124557127006,131.86124557127005,0.3,2.8,1.8,15.7,0.7,1.11165720000281,0.0001514607399712986,0
S4_clustered,130363,71,J+,10,0.0,0,,1,0,0,0,0,0,0,268.696,173.79599421041925,89.9,5.0,179.8767478,207.43209738821398,124.13209738821392,0.6,1.9,1.8,14.9,0.0,0.07321679999586195,5.7895807458407944e-05,0
S4_clustered,130363,72,I,13,0.0,0,,1,0,0,0,0,0,0,206.98399999999998,156.06095982229579,45.92307692307692,5.0,59.49722346153846,149.85772832124806,108.0115744750942,0.6923076923076923,2.5384615384615383,1.7692307692307692,7.461538461538462,0.6153846153846154,0.6188913999940269,0.00047768984541107784,0
S4_clustered,130363,72,J,13,0.0,0,,1,0,0,0,0,0,0,227.71784615384615,173.25629440595583,49.46153846153846,5.0,52.876741384615386,146.56276353448786,99.71660968833399,0.3076923076923077,2.6153846153846154,1.6153846153846154,7.923076923076923,0.6153846153846154,0.8537345000077039,0.0001727225740069116,0
S4_clustered,130363,72,J+,13,0.0,0,,1,0,0,0,0,0,0,189.84415384615386,139.30568807733908,45.53846153846154,5.0,48.04257661538462,143.59278604016174,98.13124757862326,0.15384615384615385,1.9230769230769231,1.9230769230769231,7.461538461538462,0.0,0.0486529000045266,5.4994592119328445e-05,0
S4_clustered,130363,73,I,14,0.0,0,,1,0,0,0,0,0,0,227.0777142857143,169.86343209024264,52.214285714285715,5.0,168.391307,170.53416412546645,117.8913069826093,0.2857142857142857,2.0714285714285716,1.4285714285714286,8.642857142857142,0.5714285714285714,0.4075792000221554,4.926339670419111e-05,0
S4_clustered,130363,73,J,14,0.0,0,,1,0,0,0,0,0,0,209.93314285714285,150.7188300206769,54.214285714285715,5.0,133.3078647142857,137.59357900488413,89.66500757631272,0.42857142857142855,2.5714285714285716,2.0,8.857142857142858,0.21428571428571427,0.7744417999929283,0.00037971052324792254,0
S4_clustered,130363,73,J+,14,0.0,0,,1,0,0,0,0,0,0,205.02764285714287,150.1705046980384,49.857142857142854,5.0,128.88006957142858,133.59435527729568,88.66578384872423,0.42857142857142855,1.8571428571428572,1.7142857142857142,8.071428571428571,0.0,0.12271850000252016,6.577253725481569e-05,0
S4_clustered,130363,74,I,12,0.0,0,,1,0,0,0,0,0,0,281.83908333333335,226.6723811264723,50.166666666666664,5.0,135.59152441666666,161.75819107450016,116.42485774116682,0.4166666666666667,2.3333333333333335,1.1666666666666667,8.083333333333334,0.6666666666666666,0.8282431000261568,0.000426482332386513,0
S4_clustered,130363,74,J,12,0.0,0,,1,0,0,0,0,0,0,245.16316666666668,176.32984324426363,63.833333333333336,5.0,145.42407666666665,166.89005327137968,106.05671993804636,0.5,3.8333333333333335,2.5833333333333335,10.5,0.6666666666666666,1.9044745999854058,0.00011893116334249498,0
S4_clustered,130363,74,J+,12,0.0,0,,1,0,0,0,0,0,0,234.35541666666666,175.6053992390446,53.75,5.0,128.39728983333333,161.1834477448995,111.18344774489947,0.5833333333333334,2.1666666666666665,1.8333333333333333,8.75,0.0,0.17073250000248663,0.0002091314645440434,0
S4_clustered,130363,75,I,15,0.0,0,,1,0,0,0,0,0,0,201.80253333333334,161.80254500259716,35.0,5.0,48.710122,140.662847292721,105.9295139593877,0.26666666666666666,2.2666666666666666,1.6,5.666666666666667,0.5333333333333333,2.2155216000101063,0.0001750389574226574,0
S4_clustered,130363,75,J,15,0.0,0,,1,0,0,0,0,0,0,185.59573333333336,142.72905957267997,37.86666666666667,5.0,45.348462000000005,133.12488842770276,95.19155509436942,0.26666666666666666,2.4,1.6666666666666667,6.2,0.5333333333333333,2.1272115999890957,0.0001064098005372216,0
S4_clustered,130363,75,J+,15,0.0,0,,1,0,0,0,0,0,0,174.51226666666668,137.2456217034206,32.266666666666666,5.0,38.83689973333333,117.32768274038534,86.39434940705202,0.3333333333333333,1.4666666666666666,1.3333333333333333,5.266666666666667,0.0,0.13460429999395274,0.0003255513088333828,0
S4_clustered,130363,76,I,11,0.0,0,,1,0,0,0,0,0,0,289.49518181818183,221.67700839378296,62.81818181818182,5.0,128.9101057272727,191.40288722968089,130.85743268422632,0.36363636363636365,2.727272727272727,1.9090909090909092,10.090909090909092,0.45454545454545453,0.49546449998160824,9.233161244992516e-05,0
S4_clustered,130363,76,J,11,0.0,0,,1,0,0,0,0,0,0,261.63772727272726,188.72863526062113,67.9090909090909,5.0,79.64668972727273,200.07735710282503,132.25917528464325,0.2727272727272727,3.0,2.272727272727273,11.090909090909092,0.5454545454545454,1.7378819000150543,1.2133167274441803e-05,0
S4_clustered,130363,76,J+,11,0.0,0,,1,0,0,0,0,0,0,267.0676363636364,199.06761613261878,63.0,5.0,78.00972645454546,178.25890951701422,118.62254588065056,0.36363636363636365,2.1818181818181817,1.9090909090909092,10.272727272727273,0.0,0.12223420001100749,0.00022254119357967284,0
S4_clustered,130363,77,I,15,0.0,0,,1,0,0,0,0,0,0,177.2086666666667,139.87536475428269,32.333333333333336,5.0,7.933333333333334,132.69488151928974,98.82821485262308,0.13333333333333333,2.066666666666667,1.4666666666666666,5.333333333333333,0.5333333333333333,1.067752400005702,0.0004713142402579251,0
S4_clustered,130363,77,J,15,0.0,0,,1,0,0,0,0,0,0,166.36306666666667,125.49637560210512,35.86666666666667,5.0,7.933333333333334,131.79931994137115,94.46598660803782,0.13333333333333333,2.3333333333333335,1.6,5.866666666666666,0.5333333333333333,2.356430299987551,0.0003659684232388827,0
S4_clustered,130363,77,J+,15,0.0,0,,1,0,0,0,0,0,0,159.05900000000003,123.32564912103174,30.733333333333334,5.0,7.933333333333334,114.8573432005766,84.32400986724323,0.2,1.4666666666666666,1.4666666666666666,5.066666666666666,0.0,0.08413350000046194,0.0002631845241012343,0
S4_clustered,130363,78,I,10,0.0,0,,1,0,0,0,0,0,0,309.6284,240.82840999891218,63.8,5.0,48.1480464,203.60023098211653,143.10023098211653,0.3,2.4,1.3,10.3,0.7,1.2861168999806978,9.998912173614372e-05,0
S4_clustered,130363,78,J,10,0.0,0,,1,0,0,0,0,0,0,269.31239999999997,192.01238323090672,72.3,5.0,100.5403051,205.90859290808712,134.20859290808704,0.1,2.2,1.2,11.8,0.8,0.32507830002577975,0.00016769093258517387,0
S4_clustered,130363,78,J+,10,0.0,0,,1,0,0,0,0,0,0,254.35250000000002,181.6525304887837,67.7,5.0,92.4106991,191.23209738821396,124.13209738821392,0.1,1.4,1.4,11.2,0.0,0.04646319997846149,0.0003048878368190344,0
S4_clustered,130363,79,I,11,0.0,0,,1,0,0,0,0,0,0,245.20372727272726,175.02194077150347,65.18181818181819,5.0,164.91437754545453,191.82346843794164,130.2780138924871,0.5454545454545454,1.4545454545454546,0.9090909090909091,10.636363636363637,0.36363636363636365,0.4754057999816723,0.0003484865380869451,0
S4_clustered,130363,79,J,11,0.0,0,,1,0,0,0,0,0,0,246.73727272727274,165.6463947487178,76.0909090909091,5.0,159.09614327272726,191.95487458630222,121.31851094993858,0.5454545454545454,2.272727272727273,1.5454545454545454,12.454545454545455,0.45454545454545453,0.6381681000057142,0.00034223589568682655,0
S4_clustered,130363,79,J+,11,0.0,0,,1,0,0,0,0,0,0,237.96890909090908,157.78710079556674,75.18181818181819,5.0,154.2515889090909,184.90541164678282,116.35995710132828,0.5454545454545454,2.090909090909091,1.8181818181818181,12.454545454545455,0.0,0.07806349999736995,0.00010875123416553834,0
S4_clustered,130363,80,I,11,0.0,0,,1,0,0,0,0,0,0,257.5368181818182,196.5368351002161,56.0,5.0,34.80920654545454,186.12332759878268,130.21423668969175,0.18181818181818182,2.5454545454545454,1.7272727272727273,9.181818181818182,0.7272727272727273,1.0228217000258155,0.0001861023770288739,0
S4_clustered,130363,80,J,11,0.0,0,,1,0,0,0,0,0,0,273.3264545454545,205.23556343981315,63.09090909090909,5.0,36.838889,191.8942489768152,129.80333988590613,0.36363636363636365,2.909090909090909,2.0,10.363636363636363,0.7272727272727273,1.4949193999927957,0.00019783794459726778,0
S4_clustered,130363,80,J+,11,0.0,0,,1,0,0,0,0,0,0,256.87427272727274,194.78338147898697,57.09090909090909,5.0,30.09090909090909,178.41575196565594,121.5975701474741,0.2727272727272727,1.9090909090909092,1.9090909090909092,9.363636363636363,0.0,0.05247239998425357,0.00019626885659818072,0
S4_clustered,130363,81,I,15,0.0,0,,1,0,0,0,0,0,0,173.6324,131.96574527704811,36.666666666666664,5.0,7.933333333333334,139.80975583388292,103.8097558338829,0.3333333333333333,2.8,2.066666666666667,6.0,0.5333333333333333,1.488108799996553,0.00017915572175297712,0
S4_clustered,130363,81,J,15,0.0,0,,1,0,0,0,0,0,0,170.64853333333335,127.0485084592756,38.6,5.0,7.933333333333334,125.8839189742027,88.15058564086937,0.2,2.8,2.1333333333333333,6.266666666666667,0.5333333333333333,2.1345471999957226,0.00037311086612135114,0
S4_clustered,130363,81,J+,15,0.0,0,,1,0,0,0,0,0,0,173.84693333333334,131.64691377844662,37.2,5.0,7.933333333333334,111.88806492547596,82.75473159214262,0.6,2.6,2.3333333333333335,5.866666666666666,0.0,0.1353153999953065,0.000293323301093551,0
S4_clustered,130363,82,I,15,0.0,0,,1,0,0,0,0,0,0,191.58993333333333,145.18996178026788,41.4,5.0,93.34085753333333,140.64770349975012,100.98103683308346,0.4666666666666667,3.3333333333333335,2.4,6.733333333333333,0.5333333333333333,1.2029135999910068,0.00042670401808209135,0
S4_clustered,130363,82,J,15,0.0,0,,1,0,0,0,0,0,0,172.6958,128.2958204675522,39.4,5.0,105.58347506666668,127.5681918879081,88.70152522124143,0.2,2.533333333333333,1.8666666666666667,6.4,0.4666666666666667,0.835430200007977,0.0003070132829634531,0
S4_clustered,130363,82,J+,15,0.0,0,,1,0,0,0,0,0,0,166.92106666666666,128.12103998958654,33.8,5.0,98.2145666,118.75363309938407,85.88696643271739,0.26666666666666666,1.6,1.4666666666666666,5.466666666666667,0.0,0.10163719998672605,0.0004001562017492688,0
S4_clustered,130363,83,I,15,0.0,0,,1,0,0,0,0,0,0,186.68533333333335,137.81866541328242,43.86666666666667,5.0,92.1465014,134.42422352439223,93.29089019105889,0.4,2.4,2.0,7.2,0.3333333333333333,0.4087951000255998,1.8800763882609317e-05,0
S4_clustered,130363,83,J,15,0.0,0,,1,0,0,0,0,0,0,181.54373333333334,128.74371372675617,47.8,5.0,78.1022714,132.51251341063687,86.91251341063686,0.4666666666666667,2.7333333333333334,2.1333333333333333,7.8,0.5333333333333333,1.2588603000040166,0.0002940986576049909,0
S4_clustered,130363,83,J+,15,0.0,0,,1,0,0,0,0,0,0,180.353,130.68634876769883,44.666666666666664,5.0,72.77736580000001,124.8573363873462,85.99066972067953,0.4666666666666667,2.2,2.0,7.333333333333333,0.0,0.16197690000990406,0.0002315154824827914,0
S4_clustered,130363,84,I,13,0.0,0,,1,0,0,0,0,0,0,229.10853846153847,163.64696487789828,60.46153846153846,5.0,162.982338,167.1361841585143,111.52079954312974,0.5384615384615384,2.4615384615384617,1.7692307692307692,9.692307692307692,0.6153846153846154,1.003784300002735,0.0004565873223327799,0
S4_clustered,130363,84,J,13,0.0,0,,1,0,0,0,0,0,0,239.42492307692308,168.8095640125978,65.61538461538461,5.0,138.32842492307694,164.63770159697336,101.63770159697334,0.3076923076923077,2.230769230769231,1.3846153846153846,10.615384615384615,0.5384615384615384,1.1655498999753036,0.0003321637714179815,0
S4_clustered,130363,84,J+,13,0.0,0,,1,0,0,0,0,0,0,262.988,194.68028994617114,63.30769230769231,5.0,132.82826753846155,153.56315183708764,95.48622876016455,0.5384615384615384,1.8461538461538463,1.3846153846153846,10.23076923076923,0.0,0.10563720000209287,0.00023069977532941266,0
S4_clustered,130363,85,I,16,0.0,0,,1,0,0,0,0,0,0,196.2785,151.15352596990087,40.125,5.0,103.037096625,104.16209662283691,67.09959662283691,0.4375,2.4375,1.5625,6.375,0.5,0.6707242000265978,0.00041551841377440724,0
S4_clustered,130363,85,J,16,0.0,0,,1,0,0,0,0,0,0,176.262375,127.26239271601324,44.0,5.0,92.5960026875,93.72100268156646,59.47100268156646,0.8125,2.6875,1.8125,7.125,0.375,1.5187405000033323,0.00028345621194603154,0
S4_clustered,130363,85,J+,16,0.0,0,,1,0,0,0,0,0,0,159.4103125,114.53532936005205,39.875,5.0,88.5894323125,89.71443231562961,58.839432315629594,0.8125,2.0,1.625,6.4375,0.0,0.1815612000063993,0.00026976083267982176,0
S4_clustered,130363,86,I,11,0.0,0,,1,0,0,0,0,0,0,220.34290909090907,158.16112016864477,57.18181818181818,5.0,45.517308,185.2652050798024,128.08338689798427,0.0,2.727272727272727,2.1818181818181817,9.454545454545455,0.5454545454545454,1.5411202000104822,0.00032185509257942613,0
S4_clustered,130363,86,J,11,0.0,0,,1,0,0,0,0,0,0,223.69781818181818,156.69778934627246,62.0,5.0,43.37820872727273,196.01375598335574,131.83193780153752,0.09090909090909091,2.727272727272727,1.9090909090909092,10.181818181818182,0.7272727272727273,1.7430379000143148,0.00031719100275040546,0
S4_clustered,130363,86,J+,11,0.0,0,,1,0,0,0,0,0,0,253.20318181818183,191.02138983444428,57.18181818181818,5.0,32.81818181818182,176.09686203391087,121.91504385209268,0.2727272727272727,1.9090909090909092,1.6363636363636365,9.454545454545455,0.0,0.06265129998791963,0.0002881788868762669,0
S4_clustered,130363,87,I,12,0.0,0,,1,0,0,0,0,0,0,246.6135833333333,181.03022757249383,60.583333333333336,5.0,162.68154375,166.68154371990948,116.51487705324281,0.6666666666666666,3.0833333333333335,2.1666666666666665,9.75,0.25,0.7785855999973137,0.00026913007377515896,0
S4_clustered,130363,87,J,12,0.0,0,,1,0,0,0,0,0,0,199.87458333333333,135.04122087828452,59.833333333333336,5.0,36.48884591666667,152.26559377280685,104.3489271061402,0.5833333333333334,3.0,2.5833333333333335,9.833333333333334,0.3333333333333333,1.4713443999935407,0.00034946058576679206,0
S4_clustered,130363,87,J+,12,0.0,0,,1,0,0,0,0,0,0,197.2698333333333,134.01980847307385,58.25,5.0,33.583333333333336,149.86008115684498,103.44341449017828,0.5833333333333334,2.75,2.5833333333333335,9.5,0.0,0.16503539998666383,0.0002983231136113318,0
S4_clustered,130363,88,I,10,0.0,0,,1,0,0,0,0,0,0,292.3718,209.6718001364806,77.7,5.0,143.0684508,216.09499009684018,146.2949900968402,0.5,2.8,2.1,12.7,0.4,0.5638893000141252,1.3648063941218425e-06,0
S4_clustered,130363,88,J,10,0.0,0,,1,0,0,0,0,0,0,285.1302,193.8301549501029,86.3,5.0,174.180468,216.8461957573482,134.14619575734818,0.5,2.4,1.4,13.8,0.6,0.6941058000084013,0.0004504989710767404,0
S4_clustered,130363,88,J+,10,0.0,0,,1,0,0,0,0,0,0,278.193,187.69300252008793,85.5,5.0,169.6767478,203.83209738821398,124.13209738821395,0.5,2.2,1.8,14.0,0.0,0.06114609999349341,2.5200879463227466e-05,0
S4_clustered,130363,89,I,12,0.0,0,,1,0,0,0,0,0,0,214.71291666666664,160.296252385712,49.416666666666664,5.0,42.68326441666667,168.78931549288305,120.12264882621638,0.25,2.4166666666666665,1.6666666666666667,8.166666666666666,0.6666666666666666,0.215654400002677,2.8628544214370777e-05,0
S4_clustered,130363,89,J,12,0.0,0,,1,0,0,0,0,0,0,204.84491666666668,143.5115610158558,56.333333333333336,5.0,40.6922755,174.41234114348654,117.66234114348653,0.3333333333333333,2.9166666666666665,2.0,9.25,0.6666666666666666,0.8156576000037603,0.0002678097305306437,0
S4_clustered,130363,89,J+,12,0.0,0,,1,0,0,0,0,0,0,192.75883333333334,135.9255334205453,51.833333333333336,5.0,29.583333333333332,152.57743788863962,104.91077122197295,0.5833333333333334,2.1666666666666665,2.0833333333333335,8.5,0.0,0.10717110001132824,0.0004010465431747434,0
S4_clustered,130363,90,I,14,0.0,0,,1,0,0,0,0,0,0,224.32114285714286,163.82112665844076,55.5,5.0,121.88361485714286,148.0600143801993,99.27430009448501,0.7857142857142857,2.5,1.7142857142857142,9.071428571428571,0.35714285714285715,1.2032120999938343,0.0002267818294967583,0
S4_clustered,130363,90,J,14,0.0,0,,1,0,0,0,0,0,0,188.56371428571427,134.49225662843452,49.07142857142857,5.0,115.4409345,133.4090413151517,89.33761274372311,0.6428571428571429,1.5714285714285714,1.0714285714285714,8.0,0.21428571428571427,0.612504299991997,0.0004072019164595986,0
S4_clustered,130363,90,J+,14,0.0,0,,1,0,0,0,0,0,0,182.96064285714286,128.46061826472328,49.5,5.0,126.308641,130.59435527729568,88.66578384872423,0.6428571428571429,2.2142857142857144,2.0714285714285716,8.071428571428571,0.0,0.11887460001162253,0.00034429387415002566,0
S4_clustered,130363,91,I,14,0.0,0,,1,0,0,0,0,0,0,238.51314285714287,188.29882483773773,45.214285714285715,5.0,140.84107407142858,142.55535979352473,102.91250265066762,0.7142857142857143,2.7857142857142856,2.0,7.357142857142857,0.5714285714285714,0.8319476000033319,0.0004522716722021869,0
S4_clustered,130363,91,J,14,0.0,0,,1,0,0,0,0,0,0,227.42350000000002,178.0663896081614,44.357142857142854,5.0,87.57706964285714,141.11097223652916,97.82525795081487,0.21428571428571427,2.5714285714285716,1.9285714285714286,7.214285714285714,0.5714285714285714,0.9442113999975845,0.00045451425921783084,0
S4_clustered,130363,91,J+,14,0.0,0,,1,0,0,0,0,0,0,201.23314285714287,155.16170535032865,41.07142857142857,5.0,75.40432050000001,129.17108619647573,90.31394333933288,0.35714285714285715,2.0,1.9285714285714286,6.785714285714286,0.0,0.09564680000767112,0.00012509539919847157,0
S4_clustered,130363,92,I,13,0.0,0,,1,0,0,0,0,0,0,230.2557692307692,173.40961151945672,51.84615384615385,5.0,83.9260833076923,155.3190237734678,110.24210069654477,0.6923076923076923,2.4615384615384617,1.6923076923076923,8.384615384615385,0.6153846153846154,1.3637075999868102,5.024706251788302e-05,0
S4_clustered,130363,92,J,13,0.0,0,,1,0,0,0,0,0,0,240.55238461538463,173.09087295594375,62.46153846153846,5.0,129.46283046153846,170.898572976651,111.51395759203567,0.38461538461538464,2.6153846153846154,1.6153846153846154,10.153846153846153,0.5384615384615384,0.6104775999847334,0.00034842726881834096,0
S4_clustered,130363,92,J+,13,0.0,0,,1,0,0,0,0,0,0,226.83361538461537,160.44903459366776,61.38461538461539,5.0,126.36672907692308,147.56315183708767,95.48622876016458,0.6923076923076923,2.4615384615384617,1.9230769230769231,9.846153846153847,0.0,0.15739859998575412,0.00044971768102186616,0
S4_clustered,130363,93,I,11,0.0,0,,1,0,0,0,0,0,0,229.57018181818182,166.38831884790756,58.18181818181818,5.0,10.818181818181818,179.09556809210605,126.36829536483332,0.36363636363636365,3.0,2.090909090909091,9.545454545454545,0.7272727272727273,1.4236003000114579,0.0004926730168790527,0
S4_clustered,130363,93,J,11,0.0,0,,1,0,0,0,0,0,0,213.68209090909093,151.04569878438645,57.63636363636363,5.0,10.818181818181818,183.7647853356373,124.31023988109186,0.0,2.090909090909091,1.3636363636363635,9.454545454545455,0.7272727272727273,1.447796799999196,0.00031337174914369825,0
S4_clustered,130363,93,J+,11,0.0,0,,1,0,0,0,0,0,0,205.50772727272727,147.14407576219426,53.36363636363637,5.0,10.818181818181818,166.21099762564904,112.84736126201265,0.0,1.3636363636363635,1.3636363636363635,8.818181818181818,0.0,0.03929939999943599,0.0001666158632360748,0
S4_clustered,130363,94,I,15,0.0,0,,1,0,0,0,0,0,0,234.54346666666666,177.01010628176454,52.53333333333333,5.0,112.2,135.11291283191693,92.37957949858358,0.8,2.6,2.1333333333333333,8.533333333333333,0.06666666666666667,0.7598835999961011,0.0004057735318383493,0
S4_clustered,130363,94,J,15,0.0,0,,1,0,0,0,0,0,0,229.2388,172.17212074770026,52.06666666666667,5.0,63.60713273333333,127.3536864898832,85.08701982321654,0.8666666666666667,2.933333333333333,1.8666666666666667,8.4,0.5333333333333333,1.013279099977808,0.000188784496003791,0
S4_clustered,130363,94,J+,15,0.0,0,,1,0,0,0,0,0,0,200.82893333333334,146.7622683749827,49.06666666666667,5.0,63.60713273333333,121.88806492547597,82.75473159214263,0.9333333333333333,2.4,2.2,8.066666666666666,0.0,0.1839126999839209,2.562474037404172e-05,0
S4_clustered,130363,95,I,13,0.0,0,,1,0,0,0,0,0,0,206.70023076923079,159.31560127876077,42.38461538461539,5.0,60.41288230769231,152.85962988300156,111.01347603684768,0.15384615384615385,2.1538461538461537,1.4615384615384615,7.0,0.5384615384615384,1.5760482999903616,0.00018337611027163803,0
S4_clustered,130363,95,J,13,0.0,0,,1,0,0,0,0,0,0,194.21592307692305,144.9851878809359,44.23076923076923,5.0,33.248436846153844,143.78340732974237,98.39879194512702,0.0,2.0,1.5384615384615385,7.3076923076923075,0.46153846153846156,1.2950585999933537,0.0004424521669079695,0
S4_clustered,130363,95,J+,13,0.0,0,,1,0,0,0,0,0,0,190.59592307692307,144.13437187404293,41.46153846153846,5.0,25.923076923076923,135.56315183708764,95.48622876016455,0.23076923076923078,1.5384615384615385,1.5384615384615385,6.846153846153846,0.0,0.08627099997829646,0.00016563744179620699,0
S4_clustered,130363,96,I,11,0.0,0,,1,0,0,0,0,0,0,272.58972727272726,201.86246555581857,65.72727272727273,5.0,129.16327963636365,197.40336008262176,135.0397237189854,0.6363636363636364,2.272727272727273,1.6363636363636365,10.727272727272727,0.2727272727272727,0.9883985000196844,0.00012111400428693742,0
S4_clustered,130363,96,J,11,0.0,0,,1,0,0,0,0,0,0,264.4853636363636,183.84901549638008,75.63636363636364,5.0,166.6418178181818,193.2061776298074,119.20617762980741,0.2727272727272727,2.1818181818181817,1.2727272727272727,12.454545454545455,0.7272727272727273,0.662587099999655,0.00017046018092514714,0
S4_clustered,130363,96,J+,11,0.0,0,,1,0,0,0,0,0,0,256.74745454545456,177.20199120320717,74.54545454545455,5.0,156.97886163636363,183.12008853473998,112.84736126201268,0.36363636363636365,2.0,1.8181818181818181,12.272727272727273,0.0,0.09088480001082644,9.676472132014169e-05,0
S4_clustered,130363,97,I,12,0.0,0,,1,0,0,0,0,0,0,254.3445,189.4278646752043,59.916666666666664,5.0,152.10144408333335,178.76811078067172,121.76811078067175,0.5,3.6666666666666665,2.5833333333333335,9.5,0.6666666666666666,1.7047974999877624,0.0003761024513551092,0
S4_clustered,130363,97,J,12,0.0,0,,1,0,0,0,0,0,0,283.73125,213.98126250633052,64.75,5.0,126.502986,177.12063740632388,114.12063740632384,0.25,3.5,2.3333333333333335,10.583333333333334,0.6666666666666666,1.19028419998358,0.00015007596630312037,0
S4_clustered,130363,97,J+,12,0.0,0,,1,0,0,0,0,0,0,277.06041666666664,214.97707327492813,57.083333333333336,5.0,115.93449858333334,162.77792479904096,107.69459146570762,0.25,2.25,1.75,9.166666666666666,0.0,0.11872440000297502,0.0001207008622259309,0
S4_clustered,130363,98,I,12,0.0,0,,1,0,0,0,0,0,0,292.32758333333334,226.57760289688656,60.75,5.0,140.25028841666668,169.97469605245115,117.05802938578451,0.6666666666666666,2.3333333333333335,1.5,9.916666666666666,0.25,1.5390989999868907,0.00023476263868360547,0
S4_clustered,130363,98,J,12,0.0,0,,1,0,0,0,0,0,0,267.24933333333337,194.9993302698078,67.25,5.0,118.16316766666667,173.53876498779314,112.95543165445984,0.6666666666666666,3.0,2.4166666666666665,11.0,0.25,1.9232754999829922,3.6762306535820244e-05,0
S4_clustered,130363,98,J+,12,0.0,0,,1,0,0,0,0,0,0,255.39991666666666,186.73321288063326,63.666666666666664,5.0,115.43449858333334,158.53585499683746,103.70252166350411,0.6666666666666666,2.4166666666666665,2.0833333333333335,10.333333333333334,0.0,0.11205329999211244,0.00044543240073835477,0
S4_clustered,130363,99,I,14,0.0,0,,1,0,0,0,0,0,0,213.39828571428572,161.04115824252156,47.357142857142854,5.0,97.58177571428573,141.15320432141078,100.0817757499822,0.7142857142857143,2.5,1.7857142857142858,7.714285714285714,0.42857142857142855,2.0042317000043113,0.00021539530189329525,0
S4_clustered,130363,99,J,14,0.0,0,,1,0,0,0,0,0,0,191.0922857142857,137.3779918853679,48.714285714285715,5.0,100.716832,150.93842022362514,103.50984879505368,0.42857142857142855,2.2142857142857144,1.5714285714285714,8.0,0.5714285714285714,2.4099359000101686,0.0001136048495027353,0
S4_clustered,130363,99,J+,14,0.0,0,,1,0,0,0,0,0,0,183.8695,131.79809214217386,47.07142857142857,5.0,95.94385592857144,131.88006956300998,88.66578384872425,0.5,1.9285714285714286,1.8571428571428572,7.785714285714286,0.0,0.10953820002032444,0.0002899904343394155,0
S4_clustered,130363,100,I,10,0.0,0,,1,0,0,0,0,0,0,342.5652,265.06519881893973,72.5,5.0,80.0299668,208.1264280159046,143.6264280159046,0.7,3.1,1.7,11.5,0.4,1.153837799996836,1.181060270027956e-05,0
S4_clustered,130363,100,J,10,0.0,0,,1,0,0,0,0,0,0,341.5487,260.14873560765056,76.4,5.0,66.5018577,196.55364596796107,126.4536459679611,0.8,3.1,2.0,12.4,0.5,1.5418427000113297,0.0003560765053407522,0
S4_clustered,130363,100,J+,10,0.0,0,,1,0,0,0,0,0,0,290.3195,204.51946848683718,80.8,5.0,68.4553496,193.03209738821394,124.13209738821395,0.8,3.4,3.0,13.3,0.0,0.12830360000953078,0.0003151316284402128,0
S4_clustered,130363,101,I,16,0.0,0,,1,0,0,0,0,0,0,194.564,146.18896894903685,43.375,5.0,133.837709125,134.96270910780245,94.40020910780247,0.375,2.125,1.375,7.125,0.5,0.6923979999846779,0.0004968154103153211,0
S4_clustered,130363,101,J,16,0.0,0,,1,0,0,0,0,0,0,187.3178125,137.75533771617012,44.5625,5.0,122.2260500625,124.10105007448294,83.47605007448296,0.5,2.5625,2.0,7.375,0.375,1.092960200010566,0.00040345872184843756,0
S4_clustered,130363,101,J+,16,0.0,0,,1,0,0,0,0,0,0,177.4815625,132.10658160647674,40.375,5.0,109.770060875,112.02006086763372,77.58256086763372,0.5,1.875,1.6875,6.625,0.0,0.2025621999928262,0.0003057036278732994,0
S4_clustered,130363,102,I,13,0.0,0,,1,0,0,0,0,0,0,197.32438461538462,138.86287506255735,53.46153846153846,5.0,127.96133684615384,164.43196460209285,113.12427229440053,0.38461538461538464,2.8461538461538463,2.076923076923077,8.846153846153847,0.6153846153846154,0.5084262999880593,0.0003758132454549923,0
S4_clustered,130363,102,J,13,0.0,0,,1,0,0,0,0,0,0,195.32176923076923,134.70640077441445,55.61538461538461,5.0,126.77022092307692,165.62783223896037,109.8586014697296,0.23076923076923078,2.4615384615384617,1.7692307692307692,9.076923076923077,0.6153846153846154,0.8708853999851272,0.0002100673877976078,0
S4_clustered,130363,102,J+,13,0.0,0,,1,0,0,0,0,0,0,224.73984615384614,164.50908671579975,55.23076923076923,5.0,121.289806,143.88642182103032,96.04026797487646,0.5384615384615384,2.3846153846153846,2.076923076923077,9.076923076923077,0.0,0.12168449998716824,0.00012730539674521424,0
S4_clustered,130363,103,I,16,0.0,0,,1,0,0,0,0,0,0,105.222,71.47201167363674,28.75,5.0,26.3125,27.8125,14.375,1.0,2.8125,2.1875,4.6875,0.0,0.29355129998293705,0.00018677818798096268,0
S4_clustered,130363,103,J,16,0.0,0,,1,0,0,0,0,0,0,164.6915625,118.56658132736146,41.125,5.0,121.7109675,122.83596752827937,85.83596752827937,0.4375,3.0,2.125,6.75,0.5,2.1735287999908905,0.0003012377833329083,0
S4_clustered,130363,103,J+,16,0.0,0,,1,0,0,0,0,0,0,161.588625,117.4011153319518,39.1875,5.0,104.895060875,106.77006086763373,77.58256086763372,0.6875,2.6875,2.375,6.375,0.0,0.17548790000728332,0.0001546887713175238,0
S4_clustered,130363,104,I,15,0.0,0,,1,0,0,0,0,0,0,204.68633333333335,160.61968752491364,39.06666666666667,5.0,133.49069753333333,134.69069753755136,97.49069753755138,0.4,2.3333333333333335,1.6,6.4,0.5333333333333333,1.3766313999949489,0.0003128737043880392,0
S4_clustered,130363,104,J,15,0.0,0,,1,0,0,0,0,0,0,177.96033333333335,136.22703311120375,36.733333333333334,5.0,61.63357193333333,121.45363087792013,85.18696421125345,0.13333333333333333,1.8666666666666667,1.3333333333333333,6.066666666666666,0.5333333333333333,1.1159613000054378,0.0004966680560301029,0
S4_clustered,130363,104,J+,15,0.0,0,,1,0,0,0,0,0,0,173.9338,133.86714724578337,35.06666666666667,5.0,56.007132733333336,117.0269061812745,82.76023951460783,0.2,1.6,1.6,5.733333333333333,0.0,0.10481740001705475,0.00020868675051133323,0
S4_clustered,130363,105,I,14,0.0,0,,1,0,0,0,0,0,0,206.3072857142857,154.45010878245049,46.857142857142854,5.0,82.34990164285715,144.06418734385605,101.27847305814176,0.42857142857142855,2.9285714285714284,2.0,7.571428571428571,0.5714285714285714,1.8603361000132281,0.0004770456935148104,0
S4_clustered,130363,105,J,14,0.0,0,,1,0,0,0,0,0,0,208.0442142857143,153.04420120433562,50.0,5.0,66.76220742857143,138.70729121980457,93.635862648376,0.42857142857142855,3.0,2.2857142857142856,8.214285714285714,0.42857142857142855,2.9992594000068493,0.0001831393014981586,0
S4_clustered,130363,105,J+,14,0.0,0,,1,0,0,0,0,0,0,187.7652857142857,139.69387778983065,43.07142857142857,5.0,58.721927928571425,134.12322441332358,94.69465298475212,0.5714285714285714,1.8571428571428572,1.7142857142857142,7.0,0.0,0.11620750001748092,0.00028905762906106247,0
S4_clustered,130363,106,I,13,0.0,0,,1,0,0,0,0,0,0,251.46776923076925,189.69852820122202,56.76923076923077,5.0,88.09267130769231,155.3420277736066,106.49587392745273,0.9230769230769231,2.5384615384615383,2.0,9.076923076923077,0.23076923076923078,1.4492267000023276,0.00013338411372387782,0
S4_clustered,130363,106,J,13,0.0,0,,1,0,0,0,0,0,0,266.15576923076924,197.77118651505972,63.38461538461539,5.0,75.70053776923076,154.88467104969197,101.96159412661504,0.6923076923076923,3.076923076923077,1.7692307692307692,10.307692307692308,0.6153846153846154,1.6816754000028595,0.0004246957764735271,0
S4_clustered,130363,106,J+,13,0.0,0,,1,0,0,0,0,0,0,266.3009230769231,194.22401716934726,67.07692307692308,5.0,76.16207623076923,145.25545952939535,95.48622876016455,0.9230769230769231,3.6923076923076925,2.6153846153846154,10.923076923076923,0.0,0.3659763000032399,0.00022320151447274839,0
S4_clustered,130363,107,I,16,0.0,0,,1,0,0,0,0,0,0,64.565625,42.378120742614925,17.1875,5.0,7.4375,7.4375,0.0,1.0,1.625,1.375,2.8125,0.0,0.1674633999937214,6.811816115259717e-05,0
S4_clustered,130363,107,J,16,0.0,0,,1,0,0,0,0,0,0,64.565625,42.378120742614925,17.1875,5.0,7.4375,7.4375,0.0,1.0,1.625,1.375,2.8125,0.0,0.1363046999904327,6.811816115259717e-05,0
S4_clustered,130363,107,J+,16,0.0,0,,1,0,0,0,0,0,0,62.333625,40.89612712278399,16.4375,5.0,7.4375,7.4375,0.0,1.0,1.5,1.25,2.6875,0.0,0.1472172999929171,3.396454383164382e-05,0
S4_clustered,130363,108,I,14,0.0,0,,1,0,0,0,0,0,0,193.47157142857142,151.25725209686155,37.214285714285715,5.0,8.5,134.1277452607613,99.48488811790413,0.35714285714285715,2.2142857142857144,1.5714285714285714,6.142857142857143,0.5714285714285714,0.9728672999772243,0.00047064393811524496,0
S4_clustered,130363,108,J,14,0.0,0,,1,0,0,0,0,0,0,160.52735714285714,114.95595644738601,40.57142857142857,5.0,8.5,153.4224606879324,109.35103211650387,0.07142857142857142,2.357142857142857,1.7857142857142858,6.642857142857143,0.5,1.3644625999731943,0.0003902634043697617,0
S4_clustered,130363,108,J+,14,0.0,0,,1,0,0,0,0,0,0,168.78050000000002,127.85190411103224,35.92857142857143,5.0,8.5,133.0515934935273,95.76587920781299,0.07142857142857142,1.5714285714285714,1.5714285714285714,5.928571428571429,0.0,0.05656880000606179,0.00034244554876750044,0
S4_clustered,130363,109,I,11,0.0,0,,1,0,0,0,0,0,0,261.6578181818182,184.93053526533637,71.72727272727273,5.0,169.54500354545453,202.6592066267377,131.20466117219226,0.2727272727272727,3.0,2.1818181818181817,11.727272727272727,0.6363636363636364,0.8016579999821261,0.00011208129967599234,0
S4_clustered,130363,109,J,11,0.0,0,,1,0,0,0,0,0,0,241.67045454545453,167.57952293068524,69.0909090909091,5.0,112.0210059090909,181.09057952988294,114.18148862079198,0.45454545454545453,2.272727272727273,1.7272727272727273,11.363636363636363,0.36363636363636365,0.8151469999866094,0.0002477624623224983,0
S4_clustered,130363,109,J+,11,0.0,0,,1,0,0,0,0,0,0,240.9960909090909,168.9960817796224,67.0,5.0,108.51458972727274,188.76901485838997,121.67810576748087,0.36363636363636365,1.9090909090909092,1.9090909090909092,11.090909090909092,0.0,0.04870060001849197,0.00010042415374300617,0
S4_clustered,130363,110,I,12,0.0,0,,1,0,0,0,0,0,0,249.00291666666666,188.2529046780072,55.75,5.0,117.14537825000001,174.11577829039973,121.86577829039976,0.5,2.4166666666666665,1.5833333333333333,9.083333333333334,0.6666666666666666,0.643494699994335,0.00014386391330845072,0
S4_clustered,130363,110,J,12,0.0,0,,1,0,0,0,0,0,0,258.2236666666667,192.80698625995876,60.416666666666664,5.0,118.88056533333334,174.49122066929817,114.49122066929817,0.3333333333333333,2.3333333333333335,1.4166666666666667,10.0,0.6666666666666666,1.5043206999835093,0.0001648804950491467,0
S4_clustered,130363,110,J+,12,0.0,0,,1,0,0,0,0,0,0,236.08166666666668,173.83164813071596,57.25,5.0,112.43449858333334,163.71557781677353,108.04891115010685,0.4166666666666667,1.8333333333333333,1.6666666666666667,9.333333333333334,0.0,0.07200210000155494,0.00022243140847422183,0
S4_clustered,130363,111,I,12,0.0,0,,1,0,0,0,0,0,0,259.4695,204.71950281687475,49.75,5.0,97.68200516666667,168.18200518585738,120.84867185252403,0.3333333333333333,1.8333333333333333,1.0833333333333333,8.083333333333334,0.5,0.9092795000178739,3.3802497000579024e-05,0
S4_clustered,130363,111,J,12,0.0,0,,1,0,0,0,0,0,0,256.437,194.18700709889677,57.25,5.0,87.34223266666667,161.69339786453597,108.94339786453595,0.5,2.3333333333333335,1.4166666666666667,9.333333333333334,0.6666666666666666,0.3773042999964673,8.518676122548641e-05,0
S4_clustered,130363,111,J+,12,0.0,0,,1,0,0,0,0,0,0,245.08766666666668,186.17097741731286,53.916666666666664,5.0,77.50891591666667,152.36008115684496,103.44341449017827,0.5833333333333334,1.75,1.5,8.916666666666666,0.0,0.15607560001080856,0.000270992245987145,0
S4_clustered,130363,112,I,12,0.0,0,,1,0,0,0,0,0,0,222.03691666666668,162.4536221423314,54.583333333333336,5.0,145.66378025,177.66196746760238,123.24530080093575,0.25,2.25,1.5833333333333333,8.75,0.6666666666666666,0.5516646000032779,0.00046570797644562845,0
S4_clustered,130363,112,J,12,0.0,0,,1,0,0,0,0,0,0,236.55916666666667,172.1424723481597,59.416666666666664,5.0,147.83887983333332,169.301671158454,111.13500449178734,0.3333333333333333,2.0833333333333335,1.3333333333333333,9.833333333333334,0.6666666666666666,0.5748972999863327,0.0003318220833534724,0
S4_clustered,130363,112,J+,12,0.0,0,,1,0,0,0,0,0,0,223.85916666666665,166.9425251906495,51.916666666666664,5.0,73.00891591666667,153.86008115684498,103.44341449017828,0.16666666666666666,1.5833333333333333,1.4166666666666667,8.583333333333334,0.0,0.08112640000763349,0.00030228779382923676,0
S4_clustered,130363,113,I,15,0.0,0,,1,0,0,0,0,0,0,193.36133333333333,149.69469004429416,38.666666666666664,5.0,111.58502193333334,131.73274080729803,95.9994074739647,0.5333333333333333,2.466666666666667,1.6666666666666667,6.333333333333333,0.5333333333333333,0.8554992999997921,0.0003506644125081948,0
S4_clustered,130363,113,J,15,0.0,0,,1,0,0,0,0,0,0,172.43746666666667,129.10415135038775,38.333333333333336,5.0,33.806701866666664,124.31981206453582,86.98647873120248,0.26666666666666666,2.6,1.9333333333333333,6.333333333333333,0.5333333333333333,1.2335916999727488,0.00027025581630368833,0
S4_clustered,130363,113,J+,15,0.0,0,,1,0,0,0,0,0,0,163.87973333333332,126.61303705840773,32.266666666666666,5.0,24.066666666666666,118.11566517233032,86.38233183899699,0.2,1.6,1.6,5.266666666666667,0.0,0.08080409999820404,0.00044412388410819403,0
S4_clustered,130363,114,I,13,0.0,0,,1,0,0,0,0,0,0,212.5553846153846,156.55540928819613,51.0,5.0,132.83888453846154,162.0777487437398,110.69313335912443,0.07692307692307693,2.230769230769231,1.8461538461538463,8.307692307692308,0.38461538461538464,0.46816330001456663,0.00032074654995994933,0
S4_clustered,130363,114,J,13,0.0,0,,1,0,0,0,0,0,0,198.30815384615383,141.23121948623427,52.07692307692308,5.0,57.44771346153846,146.36096081442068,97.51480696826684,0.3076923076923077,2.769230769230769,2.3846153846153846,8.615384615384615,0.38461538461538464,0.9415799000125844,0.00014667895447928458,0
S4_clustered,130363,114,J+,13,0.0,0,,1,0,0,0,0,0,0,193.5370769230769,140.61400490398358,47.92307692307692,5.0,48.04257661538462,139.25545952939535,95.48622876016458,0.3076923076923077,2.076923076923077,2.0,7.923076923076923,0.0,0.08662339998409152,6.37517866834969e-05,0
S4_clustered,130363,115,I,10,0.0,0,,1,0,0,0,0,0,0,284.4246,211.42458128385815,68.0,5.0,81.1643262,201.36432624135222,140.26432624135222,0.6,2.2,1.4,11.0,0.1,0.7363495999888983,0.0001871614185802173,0
S4_clustered,130363,115,J,10,0.0,0,,1,0,0,0,0,0,0,316.6269,234.42687428638322,77.2,5.0,71.4629529,201.5862246773525,130.28622467735246,0.4,2.7,1.5,12.7,0.8,0.5873602000065148,0.00025713616741995793,0
S4_clustered,130363,115,J+,10,0.0,0,,1,0,0,0,0,0,0,271.6128,192.51283045493284,74.1,5.0,69.0553496,191.83209738821398,124.13209738821392,0.6,2.2,2.0,12.1,0.0,0.09282750001875684,0.00030454932812062907,0
S4_clustered,130363,116,I,13,0.0,0,,1,0,0,0,0,0,0,189.41784615384614,137.95630935963138,46.46153846153846,5.0,36.53379853846154,146.86378837023221,107.70994221638608,0.5384615384615384,2.4615384615384617,2.076923076923077,7.615384615384615,0.38461538461538464,0.9457083000161219,2.167520824514213e-05,0
S4_clustered,130363,116,J,13,0.0,0,,1,0,0,0,0,0,0,180.4046923076923,123.86622409314795,51.53846153846154,5.0,34.22641023076923,144.57009536370936,98.64701844063242,0.46153846153846156,2.769230769230769,2.3076923076923075,8.461538461538462,0.46153846153846156,1.5087564999994356,8.678907670400804e-05,0
S4_clustered,130363,116,J+,13,0.0,0,,1,0,0,0,0,0,0,179.118,124.34877761796153,49.76923076923077,5.0,31.0,138.1449923508256,96.76037696621019,0.5384615384615384,2.4615384615384617,2.3846153846153846,8.23076923076923,0.0,0.10474450001493096,0.00010903349971158605,0
S4_clustered,130363,117,I,14,0.0,0,,1,0,0,0,0,0,0,171.3987857142857,129.6130376194832,36.785714285714285,5.0,34.88764042857143,133.31621184227058,99.95906898512771,0.35714285714285715,1.9285714285714286,1.6428571428571428,6.071428571428571,0.21428571428571427,0.7856641999969725,0.00047332723511317454,0
S4_clustered,130363,117,J,14,0.0,0,,1,0,0,0,0,0,0,160.35514285714288,118.1408576245454,37.214285714285715,5.0,32.804586071428574,127.35256571748695,90.1382800032012,0.0,1.5714285714285714,1.2857142857142858,6.142857142857143,0.2857142857142857,0.9196085000003222,6.743635367456591e-06,0
S4_clustered,130363,117,J+,14,0.0,0,,1,0,0,0,0,0,0,166.6525,121.65251982523985,40.0,5.0,26.642857142857142,121.59435527729568,88.66578384872423,0.5714285714285714,2.0714285714285716,1.7857142857142858,6.428571428571429,0.0,0.12820950002060272,0.0002775533575913869,0
S4_clustered,130363,118,I,11,0.0,0,,1,0,0,0,0,0,0,288.1180909090909,221.1181117108009,62.0,5.0,164.75783736363636,197.6669282911821,138.12147374572757,0.5454545454545454,2.4545454545454546,1.4545454545454546,10.181818181818182,0.7272727272727273,1.193887299974449,0.00022881880977365654,0
S4_clustered,130363,118,J,11,0.0,0,,1,0,0,0,0,0,0,259.2440909090909,185.6077007264773,68.63636363636364,5.0,88.0691190909091,192.73398923708737,124.00671650981461,0.36363636363636365,3.090909090909091,2.3636363636363638,11.363636363636363,0.6363636363636364,1.6327041999902576,0.00029200874951129663,0
S4_clustered,130363,118,J+,11,0.0,0,,1,0,0,0,0,0,0,249.51045454545454,181.96500718661696,62.54545454545455,5.0,80.73699918181818,172.7564521711036,112.84736126201268,0.45454545454545453,2.090909090909091,2.0,10.272727272727273,0.0,0.09582859999500215,7.905278675934824e-05,0
S4_clustered,130363,119,I,13,0.0,0,,1,0,0,0,0,0,0,249.16223076923077,192.7006737953073,51.46153846153846,5.0,111.8417703076923,159.2978639734934,110.99017166580113,0.3076923076923077,2.6923076923076925,1.9230769230769231,8.384615384615385,0.6153846153846154,2.045482699992135,0.00024066100513664423,0
S4_clustered,130363,119,J,13,0.0,0,,1,0,0,0,0,0,0,250.55853846153846,191.86624871001658,53.69230769230769,5.0,90.99400476923077,161.07204478636257,108.99512170943947,0.3076923076923077,2.3846153846153846,1.5384615384615385,8.692307692307692,0.46153846153846156,1.6993426000117324,0.00023323021559917834,0
S4_clustered,130363,119,J+,13,0.0,0,,1,0,0,0,0,0,0,242.59569230769233,184.0572155605813,53.53846153846154,5.0,88.58926823076924,142.48622876016458,95.48622876016455,0.6153846153846154,2.3846153846153846,2.0,8.538461538461538,0.0,0.16803749999962747,0.00019771244296862278,0
S4_clustered,130363,120,I,14,0.0,0,,1,0,0,0,0,0,0,211.95107142857142,155.02247121892393,51.92857142857143,5.0,101.39833235714286,159.39993858102545,110.47136715245405,0.5,2.7857142857142856,2.0,8.357142857142858,0.5714285714285714,1.4880493999808095,0.0004029350652672292,0
S4_clustered,130363,120,J,14,0.0,0,,1,0,0,0,0,0,0,205.31385714285713,143.02816720788422,57.285714285714285,5.0,127.46936407142857,147.58032807488266,94.5088995034541,0.5,2.5,1.5714285714285714,9.428571428571429,0.5714285714285714,1.1711955000064336,0.0003409103792364476,0
S4_clustered,130363,120,J+,14,0.0,0,,1,0,0,0,0,0,0,220.40792857142856,162.05077413163662,53.357142857142854,5.0,117.76910557142857,138.3086409915814,88.66578384872425,0.42857142857142855,1.8571428571428572,1.4285714285714286,8.714285714285714,0.0,0.11811899999156594,0.00016215708728850586,0
S4_clustered,130363,121,I,11,0.0,0,,1,0,0,0,0,0,0,247.66145454545452,185.5705053996174,57.09090909090909,5.0,46.56755972727273,182.4340793484118,129.16135207568456,0.36363636363636365,2.6363636363636362,1.8181818181818181,9.363636363636363,0.7272727272727273,0.27639929999713786,0.00044060420850655646,0
S4_clustered,130363,121,J,11,0.0,0,,1,0,0,0,0,0,0,249.44000000000003,183.07634454953245,61.36363636363637,5.0,43.86780263636364,179.98715387697206,120.35079024060843,0.36363636363636365,2.5454545454545454,1.5454545454545454,10.0,0.7272727272727273,0.5575750000134576,0.00020995514319110953,0
S4_clustered,130363,121,J+,11,0.0,0,,1,0,0,0,0,0,0,215.2399090909091,149.9671609814808,60.27272727272727,5.0,33.90909090909091,171.17305828819443,115.26396737910349,0.45454545454545453,2.3636363636363638,2.090909090909091,9.818181818181818,0.0,0.10204399999929592,0.00022920371134205197,0
S4_clustered,130363,122,I,16,0.0,0,,1,0,0,0,0,0,0,182.9988125,136.81133664220854,41.1875,5.0,103.681447375,104.4314473744134,73.3689473744134,0.8125,2.5,1.875,6.8125,0.125,1.0503818000142928,0.00038627533649560064,0
S4_clustered,130363,122,J,16,0.0,0,,1,0,0,0,0,0,0,160.492125,114.2421517534155,41.25,5.0,82.600342875,83.35034289851568,56.03784289851568,1.0,2.5625,1.875,6.5625,0.125,0.5955882999987807,0.00042805464818229666,0
S4_clustered,130363,122,J+,16,0.0,0,,1,0,0,0,0,0,0,146.4369375,102.12441394807063,39.3125,5.0,82.0758739375,82.82587391175582,55.88837391175582,1.0,2.25,1.9375,6.1875,0.0,0.21281669999007136,0.000376830869981859,0
S4_clustered,130363,123,I,16,0.0,0,,1,0,0,0,0,0,0,112.707875,77.20786055724972,30.5,5.0,30.4529578125,30.45295781636323,15.515457816363233,1.0,3.1875,2.5,4.875,0.1875,0.9757280999911018,0.0002310840045538498,0
S4_clustered,130363,123,J,16,0.0,0,,1,0,0,0,0,0,0,112.9409375,75.87845833867864,32.0625,5.0,28.5841050625,28.959105085290766,13.646605085290767,1.0,3.4375,2.625,5.1875,0.1875,0.931639799993718,0.00033341885819027084,0
S4_clustered,130363,123,J+,16,0.0,0,,1,0,0,0,0,0,0,115.2141875,79.40167119499023,30.8125,5.0,24.0625,24.8125,12.5,1.0,3.25,2.4375,4.875,0.0,0.35901559999911115,0.00026088015624736727,0
S4_clustered,130363,124,I,10,0.0,0,,1,0,0,0,0,0,0,306.7908,230.59083132328843,71.2,5.0,147.39645579999998,210.79656778727295,144.29656778727292,0.4,2.6,1.8,11.7,0.4,1.3062624000012875,0.0003132328843094001,0
S4_clustered,130363,124,J,10,0.0,0,,1,0,0,0,0,0,0,294.0935,214.29346290394056,74.8,5.0,117.278942,205.620738424914,132.120738424914,0.3,2.2,1.8,12.3,0.3,1.1929296999878716,0.00037096059440955287,0
S4_clustered,130363,124,J+,10,0.0,0,,1,0,0,0,0,0,0,291.8123,209.61231055368575,77.2,5.0,116.36604870000001,195.43209738821395,124.13209738821392,0.7,2.6,2.3,12.7,0.0,0.1422809999785386,0.00010553685751801822,0
S4_clustered,130363,125,I,13,0.0,0,,1,0,0,0,0,0,0,185.92707692307692,141.3117214722168,39.61538461538461,5.0,9.153846153846153,147.1647557420185,107.54937112663387,0.0,1.8461538461538463,1.3076923076923077,6.538461538461538,0.5384615384615384,1.3658172999857925,0.0003791388182889932,0
S4_clustered,130363,125,J,13,0.0,0,,1,0,0,0,0,0,0,195.2536153846154,141.40748748086497,48.84615384615385,5.0,9.153846153846153,161.94483937645816,111.2525316841505,0.07692307692307693,2.8461538461538463,2.1538461538461537,8.076923076923077,0.6153846153846154,1.4687214000150561,0.0003372512444457243,0
S4_clustered,130363,125,J+,13,0.0,0,,1,0,0,0,0,0,0,178.78646153846154,131.40183652874958,42.38461538461539,5.0,9.153846153846153,143.1764569059979,100.56107229061328,0.15384615384615385,1.7692307692307692,1.7692307692307692,7.0,0.0,0.06659070000750944,0.00012512625539784494,0
S4_clustered,130363,126,I,14,0.0,0,,1,0,0,0,0,0,0,216.5182857142857,161.30397234931087,50.214285714285715,5.0,146.00201992857143,148.57344849779136,102.35916278350567,0.35714285714285715,2.642857142857143,1.9285714285714286,8.071428571428571,0.5,1.1076904999790713,0.0003871096478178515,0
S4_clustered,130363,126,J,14,0.0,0,,1,0,0,0,0,0,0,206.29307142857144,151.36452641306656,49.92857142857143,5.0,71.57513971428571,144.25250097212924,96.96678668641498,0.2857142857142857,2.5714285714285716,1.8571428571428572,8.142857142857142,0.5714285714285714,0.8445663999882527,0.0003697829315569834,0
S4_clustered,130363,126,J+,14,0.0,0,,1,0,0,0,0,0,0,201.22314285714285,148.79459256507926,47.42857142857143,5.0,65.15049935714286,140.65776309952494,96.51490595666776,0.42857142857142855,2.142857142857143,2.0,7.785714285714286,0.0,0.10886979999486357,0.00029591110978799406,0
S4_clustered,130363,127,I,13,0.0,0,,1,0,0,0,0,0,0,207.52815384615386,152.37433432569668,50.15384615384615,5.0,168.8797100769231,172.11047931226767,123.87971008149846,0.38461538461538464,2.923076923076923,2.076923076923077,8.23076923076923,0.46153846153846156,2.233507800003281,0.0003462340569058142,0
S4_clustered,130363,127,J,13,0.0,0,,1,0,0,0,0,0,0,200.94146153846154,138.9414806525212,57.0,5.0,158.89786815384616,162.12863736951707,109.20556044644012,0.46153846153846156,3.4615384615384617,2.1538461538461537,9.307692307692308,0.6153846153846154,1.2852295000047889,0.0002484827753050922,0
S4_clustered,130363,127,J+,13,0.0,0,,1,0,0,0,0,0,0,210.16699999999997,153.62850650467885,51.53846153846154,5.0,141.86607307692307,146.01991920405118,101.71222689635887,0.5384615384615384,2.5384615384615383,1.9230769230769231,8.461538461538462,0.0,0.10689729999285191,0.0004154391747306363,0
S4_clustered,130363,128,I,13,0.0,0,,1,0,0,0,0,0,0,226.36338461538463,155.0557187264203,66.3076923076923,5.0,142.08403953846152,167.62250105119313,106.77634720503923,0.7692307692307693,2.230769230769231,1.8461538461538463,10.923076923076923,0.23076923076923078,0.653258200007258,0.0003434434638620587,0
S4_clustered,130363,128,J,13,0.0,0,,1,0,0,0,0,0,0,263.06184615384615,183.13879279900326,74.92307692307692,5.0,150.68563553846155,170.49744289902026,101.88205828363562,0.6153846153846154,2.6153846153846154,1.5384615384615385,12.23076923076923,0.6153846153846154,0.2903992999927141,0.00030638704220109503,0
S4_clustered,130363,128,J+,13,0.0,0,,1,0,0,0,0,0,0,221.69607692307693,145.3114413012118,71.38461538461539,5.0,139.75134446153845,160.48622876016458,95.48622876016458,0.7692307692307693,2.0,1.8461538461538463,11.76923076923077,0.0,0.11586579997674562,0.00026308424639864825,0
S4_clustered,130363,129,I,16,0.0,0,,1,0,0,0,0,0,0,187.8695625,136.18208523437468,46.6875,5.0,138.424817,138.79981697374717,92.6748169737472,0.25,2.125,1.5625,7.625,0.4375,0.9780830000236165,0.00036374999490362825,0
S4_clustered,130363,129,J,16,0.0,0,,1,0,0,0,0,0,0,176.411875,121.72440051053933,49.6875,5.0,110.616011,121.99154542965451,77.24154542965452,0.5,2.4375,1.875,8.125,0.5,1.3193381000019144,0.00040816862906467577,0
S4_clustered,130363,129,J+,16,0.0,0,,1,0,0,0,0,0,0,168.283375,116.84589096826541,46.4375,5.0,103.797967375,106.04796738969478,66.73546738969478,0.6875,1.875,1.6875,7.6875,0.0,0.1884210999996867,0.00025549224642418267,0
S4_clustered,130363,130,I,10,0.0,0,,1,0,0,0,0,0,0,319.2806,228.4805734492101,85.8,5.0,216.9261568,219.9261568180096,143.32615681800957,0.7,2.9,1.6,13.8,0.8,0.25415890000294894,0.0002655078988027526,0
S4_clustered,130363,130,J,10,0.0,0,,1,0,0,0,0,0,0,331.7257,237.72567532691082,89.0,5.0,200.8679251,205.6679250919032,124.76792509190314,0.7,2.4,1.6,14.5,0.3,0.3144304000015836,0.0002467308918312483,0
S4_clustered,130363,130,J+,10,0.0,0,,1,0,0,0,0,0,0,333.1293,239.22930724055936,88.9,5.0,198.4320974,203.23209738821396,124.13209738821392,0.8,2.4,1.9,14.4,0.0,0.07550310000078753,7.240559352794662e-05,0
S4_clustered,130363,131,I,15,0.0,0,,1,0,0,0,0,0,0,238.20566666666667,187.47235420733932,45.733333333333334,5.0,101.30603366666666,139.17270033124296,97.372700331243,0.5333333333333333,2.8666666666666667,2.0,7.4,0.5333333333333333,0.9373529000149574,0.00031311008979173494,0
S4_clustered,130363,131,J,15,0.0,0,,1,0,0,0,0,0,0,187.32846666666669,134.66178358082783,47.666666666666664,5.0,121.6211638,137.59139682359395,93.72473015692725,0.5333333333333333,2.7333333333333334,1.9333333333333333,7.666666666666667,0.5333333333333333,0.7969316999951843,0.000246287582513105,0
S4_clustered,130363,131,J+,15,0.0,0,,1,0,0,0,0,0,0,205.60273333333333,156.73604043619983,43.86666666666667,5.0,105.51783186666667,123.08806492547596,82.75473159214262,0.4,2.066666666666667,1.9333333333333333,7.2,0.0,0.14405400000396185,0.0003934570027013251,0
S4_clustered,130363,132,I,13,0.0,0,,1,0,0,0,0,0,0,220.22569230769233,166.61034345290608,48.61538461538461,5.0,164.62747815384617,166.47363197721856,118.70440120798784,0.46153846153846156,2.3076923076923075,1.4615384615384615,7.846153846153846,0.6153846153846154,0.6054898999864236,0.00046488777888953337,0
S4_clustered,130363,132,J,13,0.0,0,,1,0,0,0,0,0,0,209.40592307692307,153.79053476306643,50.61538461538461,5.0,135.29330553846154,155.10511292300598,104.87434369223674,0.23076923076923078,2.4615384615384617,1.7692307692307692,8.307692307692308,0.6153846153846154,0.7520213999960106,4.808013659385324e-05,0
S4_clustered,130363,132,J+,13,0.0,0,,1,0,0,0,0,0,0,204.67223076923077,153.13380724677526,46.53846153846154,5.0,124.74991253846154,145.48479681443538,99.56171989135845,0.23076923076923078,1.7692307692307692,1.7692307692307692,7.6923076923076925,0.0,0.08206499999505468,0.0004942080784076097,0
S4_clustered,130363,133,I,13,0.0,0,,1,0,0,0,0,0,0,235.40007692307694,173.9385699365912,56.46153846153846,5.0,140.03304823076923,169.93094315202526,114.93094315202528,0.3076923076923077,2.4615384615384617,1.7692307692307692,9.153846153846153,0.6153846153846154,0.9397958999907132,0.00040917568549048156,0
S4_clustered,130363,133,J,13,0.0,0,,1,0,0,0,0,0,0,216.41684615384614,160.5706540570933,50.84615384615385,5.0,109.3726693076923,154.51764919739344,105.74841842816264,0.38461538461538464,2.4615384615384617,1.6923076923076923,8.153846153846153,0.6153846153846154,0.9584104999958072,0.0004972577871740214,0
S4_clustered,130363,133,J+,13,0.0,0,,1,0,0,0,0,0,0,205.65023076923077,152.80411252846173,47.84615384615385,5.0,99.63184484615385,139.71699799093383,95.48622876016458,0.38461538461538464,1.9230769230769231,1.8461538461538463,7.846153846153846,0.0,0.07489730001543649,0.00046287000259326305,0
S4_clustered,130363,134,I,13,0.0,0,,1,0,0,0,0,0,0,239.86100000000002,174.63024640627998,60.23076923076923,5.0,161.99536184615383,164.76459261479746,109.99536184556668,0.6153846153846154,2.6153846153846154,2.0,9.846153846153847,0.46153846153846156,0.5794430999958422,0.00020328163964222767,0
S4_clustered,130363,134,J,13,0.0,0,,1,0,0,0,0,0,0,241.1169230769231,171.347669161329,64.76923076923077,5.0,156.82615976923077,158.67231358460484,101.13385204614332,0.6923076923076923,3.1538461538461537,2.3076923076923075,10.538461538461538,0.6153846153846154,1.130208999995375,0.00030090272275629104,0
S4_clustered,130363,134,J+,13,0.0,0,,1,0,0,0,0,0,0,229.93192307692306,165.93188479687583,59.0,5.0,145.25545953846154,147.56315183708764,95.48622876016455,0.6923076923076923,2.1538461538461537,1.8461538461538463,9.76923076923077,0.0,0.13933380000526085,0.0004976406139576284,0
S4_clustered,130363,135,I,13,0.0,0,,1,0,0,0,0,0,0,222.9786923076923,169.59409741663023,48.38461538461539,5.0,136.0326983076923,162.0792354569251,115.38692776461741,0.3076923076923077,2.5384615384615383,1.8461538461538463,8.0,0.6153846153846154,0.4961198999953922,0.0002664161929715192,0
S4_clustered,130363,135,J,13,0.0,0,,1,0,0,0,0,0,0,208.18553846153844,155.57012695853555,47.61538461538461,5.0,33.37577353846154,154.4714587507621,107.47145875076214,0.23076923076923078,2.5384615384615383,1.9230769230769231,7.615384615384615,0.6153846153846154,1.1400224000099115,0.0003495390376428986,0
S4_clustered,130363,135,J+,13,0.0,0,,1,0,0,0,0,0,0,211.30607692307692,160.7675921979189,45.53846153846154,5.0,45.734884307692305,140.50825940911503,95.96979787065348,0.23076923076923078,2.0,2.0,7.461538461538462,0.0,0.08529270000872202,0.0003014270541825681,0
S4_clustered,130363,136,I,15,0.0,0,,1,0,0,0,0,0,0,218.12806666666665,171.72809367976657,41.4,5.0,73.72315073333333,134.15644413735595,95.28977747068929,0.5333333333333333,3.0,2.066666666666667,6.733333333333333,0.5333333333333333,1.7840880999865476,0.0004051964988320833,0
S4_clustered,130363,136,J,15,0.0,0,,1,0,0,0,0,0,0,185.01133333333334,142.61134046852487,37.4,5.0,30.909042733333333,126.63130625155193,88.8979729182186,0.06666666666666667,2.3333333333333335,1.8,6.066666666666666,0.5333333333333333,1.4679800000158139,0.00010702787312766304,0
S4_clustered,130363,136,J+,15,0.0,0,,1,0,0,0,0,0,0,197.46646666666666,154.59982152572852,37.86666666666667,5.0,96.2653866,116.74596507555174,84.27929840888507,0.4666666666666667,2.066666666666667,1.7333333333333334,6.2,0.0,0.11797930000466295,0.00032288592774420977,0
S4_clustered,130363,137,I,14,0.0,0,,1,0,0,0,0,0,0,193.04492857142856,136.68777125858563,51.357142857142854,5.0,128.97271721428572,157.69943705622217,105.98515134193642,0.0,2.4285714285714284,1.8571428571428572,8.5,0.5714285714285714,0.8533306000172161,0.00020237980129422795,0
S4_clustered,130363,137,J,14,0.0,0,,1,0,0,0,0,0,0,184.50978571428573,126.08124384058742,53.42857142857143,5.0,102.14786721428571,155.69336696177385,101.0505098189167,0.21428571428571427,2.357142857142857,1.7857142857142858,8.785714285714286,0.5714285714285714,1.8962920999911148,0.000413768223779698,0
S4_clustered,130363,137,J+,14,0.0,0,,1,0,0,0,0,0,0,205.5217142857143,146.95027662964776,53.57142857142857,5.0,116.9119627142857,134.88006956300995,88.66578384872425,0.5,2.0,1.5,8.571428571428571,0.0,0.1534819999942556,0.0001271849314434803,0
S4_clustered,130363,138,I,12,0.0,0,,1,0,0,0,0,0,0,303.4755,238.1421667687238,60.333333333333336,5.0,121.16525066666667,175.48685361479428,121.07018694812758,0.5,2.5833333333333335,1.5833333333333333,9.916666666666666,0.6666666666666666,1.024074400018435,1.2246855476405472e-06,0
S4_clustered,130363,138,J,12,0.0,0,,1,0,0,0,0,0,0,275.88075,206.63071542233754,64.25,5.0,101.44802783333334,181.32604466007174,119.82604466007173,0.5,2.5833333333333335,1.5833333333333333,10.5,0.6666666666666666,1.381947299989406,0.00041493194930808386,0
S4_clustered,130363,138,J+,12,0.0,0,,1,0,0,0,0,0,0,266.557,200.22365408900438,61.333333333333336,5.0,99.97170725000001,173.99793327210827,115.49793327210823,0.5833333333333334,2.0833333333333335,1.8333333333333333,10.083333333333334,0.0,0.15244559998973273,0.00015093194770088303,0
S4_clustered,130363,139,I,14,0.0,0,,1,0,0,0,0,0,0,207.778,156.70659188346744,46.07142857142857,5.0,106.27994014285714,148.1370829850064,105.99422584214925,0.5,2.7857142857142856,2.0,7.5,0.42857142857142855,1.5875834000180475,0.00028636854449359816,0
S4_clustered,130363,139,J,14,0.0,0,,1,0,0,0,0,0,0,191.597,138.38273591740358,48.214285714285715,5.0,87.96801964285714,136.30310698855126,91.58882127426556,0.35714285714285715,2.5,1.8571428571428572,7.857142857142857,0.5714285714285714,0.7930083999817725,0.000302843649933493,0
S4_clustered,130363,139,J+,14,0.0,0,,1,0,0,0,0,0,0,187.70592857142856,136.5631014297626,46.142857142857146,5.0,79.26146335714286,130.12869121551867,88.70011978694723,0.35714285714285715,2.142857142857143,2.142857142857143,7.571428571428571,0.0,0.0709019000059925,0.000420016676571322,0
S4_clustered,130363,140,I,14,0.0,0,,1,0,0,0,0,0,0,183.86921428571426,143.15495654963695,35.714285714285715,5.0,131.0957342857143,157.20679150752682,117.20679150752679,0.0,1.6428571428571428,1.1428571428571428,5.714285714285714,0.5,0.5492211999953724,0.0003916949174254114,0
S4_clustered,130363,140,J,14,0.0,0,,1,0,0,0,0,0,0,188.56414285714285,141.34982436737505,42.214285714285715,5.0,138.78846842857143,160.1146741887931,113.6146741887931,0.0,2.2142857142857144,1.6428571428571428,6.857142857142857,0.5714285714285714,1.023235000000568,0.00045885674944656785,0
S4_clustered,130363,140,J+,14,0.0,0,,1,0,0,0,0,0,0,187.73885714285714,143.38174137439177,39.357142857142854,5.0,116.69070835714285,135.94452946634678,95.23024375206104,0.07142857142857142,1.7142857142857142,1.6428571428571428,6.5,0.0,0.08912290001171641,0.00037924148455203976,0
S4_clustered,130363,141,I,14,0.0,0,,1,0,0,0,0,0,0,209.3549285714286,161.28350300881615,43.07142857142857,5.0,81.80180192857142,147.81360501446292,108.24217644303437,0.5714285714285714,2.5714285714285716,1.7857142857142858,7.0,0.5714285714285714,1.8914671000093222,4.212342628306942e-05,0
S4_clustered,130363,141,J,14,0.0,0,,1,0,0,0,0,0,0,210.84300000000002,154.1286886827492,51.714285714285715,5.0,125.95169442857143,143.491229812792,93.70551552707772,0.35714285714285715,2.9285714285714284,2.142857142857143,8.5,0.5714285714285714,2.228253000008408,0.0003584415112527495,0
S4_clustered,130363,141,J+,14,0.0,0,,1,0,0,0,0,0,0,208.26692857142856,160.48124419744235,42.785714285714285,5.0,120.2262015,138.19430834699264,95.76573691842115,0.21428571428571427,1.4285714285714286,1.4285714285714286,7.071428571428571,0.0,0.04884560001664795,0.0004187641930002428,0
S4_clustered,130363,142,I,15,0.0,0,,1,0,0,0,0,0,0,198.29799999999997,137.4313541196896,55.86666666666667,5.0,114.01898580000001,160.95831237289704,104.69164570623039,0.26666666666666666,3.066666666666667,2.3333333333333335,9.2,0.5333333333333333,1.5068028999958187,0.0003117953438049881,0
S4_clustered,130363,142,J,15,0.0,0,,1,0,0,0,0,0,0,203.4376,146.5709661065185,51.86666666666667,5.0,112.46282526666667,132.61639551927055,85.48306218593719,0.5333333333333333,2.6,1.8,8.533333333333333,0.4666666666666667,1.6116383000044152,0.0004915977779091918,0
S4_clustered,130363,142,J+,15,0.0,0,,1,0,0,0,0,0,0,172.65906666666666,120.5257108435001,47.13333333333333,5.0,107.11783186666666,124.68806492547598,82.75473159214263,0.6666666666666666,1.8,1.5333333333333334,7.8,0.0,0.13110480000614189,0.0003373474985437497,0
S4_clustered,130363,143,I,15,0.0,0,,1,0,0,0,0,0,0,206.44493333333332,162.11160602736788,39.333333333333336,5.0,51.0014224,139.63094804148005,103.29761470814677,0.4666666666666667,2.6,1.8,6.333333333333333,0.5333333333333333,1.8912734999903478,9.041051816893741e-05,0
S4_clustered,130363,143,J,15,0.0,0,,1,0,0,0,0,0,0,198.7378,152.67112392826184,41.06666666666667,5.0,45.55996853333333,134.4808826996999,93.41421603303326,0.3333333333333333,2.533333333333333,1.9333333333333333,6.733333333333333,0.5333333333333333,1.8354311999864876,0.00014107607239566278,0
S4_clustered,130363,143,J+,15,0.0,0,,1,0,0,0,0,0,0,190.6506,148.7172938834377,36.93333333333333,5.0,41.63689973333333,123.85158628005563,89.18491961338894,0.3333333333333333,1.8666666666666667,1.7333333333333334,5.933333333333334,0.0,0.11898890000884421,0.0004082515652044094,0
S4_clustered,130363,144,I,11,0.0,0,,1,0,0,0,0,0,0,270.25363636363636,198.3445228563968,66.9090909090909,5.0,166.07999381818183,195.98206326394867,133.70933599122142,0.5454545454545454,2.3636363636363638,1.5454545454545454,11.0,0.5454545454545454,0.586726900015492,0.00024857963535396266,0
S4_clustered,130363,144,J,11,0.0,0,,1,0,0,0,0,0,0,239.43836363636365,163.07474532289814,71.36363636363636,5.0,147.6191140909091,197.42911566007754,128.1563883873503,0.45454545454545453,2.090909090909091,1.1818181818181819,11.818181818181818,0.7272727272727273,0.4148873999947682,0.00019855187929351814,0
S4_clustered,130363,144,J+,11,0.0,0,,1,0,0,0,0,0,0,261.0963636363636,184.27821150139744,71.81818181818181,5.0,135.74672572727275,180.93827035292176,112.84736126201265,0.5454545454545454,2.1818181818181817,2.0,11.818181818181818,0.0,0.09599729999899864,0.00032651537185302004,0
S4_clustered,130363,145,I,16,0.0,0,,1,0,0,0,0,0,0,139.3075625,104.9325819690464,29.375,5.0,81.1490511875,81.89905120696616,58.711551206966156,0.75,2.25,1.625,4.6875,0.5,1.1347759000200313,0.00031150474251262494,0
S4_clustered,130363,145,J,16,0.0,0,,1,0,0,0,0,0,0,146.561,114.56101097446708,27.0,5.0,51.63229625,58.13773814437352,39.95023814437353,0.8125,2.1875,1.0,4.1875,0.375,1.5872521999990568,0.0001755914731802477,0
S4_clustered,130363,145,J+,16,0.0,0,,1,0,0,0,0,0,0,143.897625,113.21014129264037,25.6875,5.0,48.7566869375,55.87851921200542,39.19101921200543,0.8125,1.9375,1.1875,4.125,0.0,0.19564859999809414,0.00026068224588016164,0
S4_clustered,130363,146,I,14,0.0,0,,1,0,0,0,0,0,0,218.46392857142857,166.96391360541728,46.5,5.0,140.5880315,144.01660295036044,103.44517437893185,0.35714285714285715,3.2142857142857144,2.357142857142857,7.571428571428571,0.5714285714285714,1.551594299991848,0.0002095241579809226,0
S4_clustered,130363,146,J,14,0.0,0,,1,0,0,0,0,0,0,189.10792857142857,143.96509763801603,40.142857142857146,5.0,28.195636428571426,142.2598716052081,101.25987160520809,0.21428571428571427,2.0714285714285716,1.5,6.571428571428571,0.5714285714285714,1.4644913999945857,0.0003669322243240458,0
S4_clustered,130363,146,J+,14,0.0,0,,1,0,0,0,0,0,0,181.43692857142858,140.50838402924919,35.92857142857143,5.0,24.928571428571427,138.89665686263072,100.89665686263073,0.07142857142857142,1.3571428571428572,1.3571428571428572,5.928571428571429,0.0,0.05984239999088459,0.00037640948858097545,0
S4_clustered,130363,147,I,15,0.0,0,,1,0,0,0,0,0,0,197.2454,144.31207369675812,47.93333333333333,5.0,117.8133988,153.6800654915463,106.14673215821296,0.4,2.7333333333333334,2.066666666666667,7.933333333333334,0.5333333333333333,1.2472325999988243,0.00010545137183726183,0
S4_clustered,130363,147,J,15,0.0,0,,1,0,0,0,0,0,0,192.13393333333335,138.7339036427463,48.4,5.0,102.24713173333333,131.3875978191532,87.72093115248654,0.4666666666666667,2.2666666666666666,1.8,7.733333333333333,0.3333333333333333,0.8041632999957073,0.000445358805336582,0
S4_clustered,130363,147,J+,15,0.0,0,,1,0,0,0,0,0,0,187.64833333333334,137.11499003292198,45.53333333333333,5.0,93.14759886666667,122.68806492547597,82.75473159214263,0.4666666666666667,1.7333333333333334,1.5333333333333334,7.533333333333333,0.0,0.13464350000140257,0.00014950617014619638,0
S4_clustered,130363,148,I,11,0.0,0,,1,0,0,0,0,0,0,255.23709090909094,193.69160286400154,56.54545454545455,5.0,104.24171590909091,207.47322473072447,147.29140654890628,0.09090909090909091,2.4545454545454546,1.6363636363636365,9.272727272727273,0.7272727272727273,1.1402841999952216,0.0003684959833663015,0
S4_clustered,130363,148,J,11,0.0,0,,1,0,0,0,0,0,0,209.65463636363637,142.1092129862125,62.54545454545455,5.0,83.3933110909091,209.65466753166703,142.10921298621247,0.0,2.6363636363636362,2.0,10.272727272727273,0.6363636363636364,1.305429500003811,0.0003428483375955693,0
S4_clustered,130363,148,J+,11,0.0,0,,1,0,0,0,0,0,0,230.75427272727273,166.57249254963162,59.18181818181818,5.0,78.555181,181.07630532781184,120.98539623690272,0.09090909090909091,2.090909090909091,2.0,9.636363636363637,0.0,0.08119249998708256,0.0004180459477538534,0
S4_clustered,130363,149,I,13,0.0,0,,1,0,0,0,0,0,0,203.43353846153846,152.43356089508163,46.0,5.0,36.62355623076923,164.8847316579546,122.65396242718542,0.46153846153846156,2.4615384615384617,1.9230769230769231,7.538461538461538,0.3076923076923077,1.5531154000200331,0.00029163606109250395,0
S4_clustered,130363,149,J,13,0.0,0,,1,0,0,0,0,0,0,200.30092307692306,144.14710472580916,51.15384615384615,5.0,52.51878138461538,156.36839501552984,109.4453180924529,0.46153846153846156,2.5384615384615383,1.8461538461538463,8.461538461538462,0.3076923076923077,1.3055795000109356,0.0003614355193803931,0
S4_clustered,130363,149,J+,13,0.0,0,,1,0,0,0,0,0,0,191.63407692307692,142.48026620769656,44.15384615384615,5.0,49.427192,151.36911514707168,108.13834591630247,0.46153846153846156,1.3846153846153846,1.2307692307692308,7.230769230769231,0.0,0.09661659999983385,0.000460700055327834,0
S4_clustered,130363,150,I,14,0.0,0,,1,0,0,0,0,0,0,214.84214285714285,156.98499907118526,52.857142857142854,5.0,148.16263735714284,149.87692306572262,102.66263735143694,0.7142857142857143,2.357142857142857,1.4285714285714286,8.571428571428571,0.5714285714285714,0.5581496999948286,1.3003406365896808e-05,0
S4_clustered,130363,150,J,14,0.0,0,,1,0,0,0,0,0,0,242.9292142857143,179.3578098083481,58.57142857142857,5.0,113.94490785714287,149.9883546730791,97.05978324450766,0.5714285714285714,3.0,2.0,9.642857142857142,0.5714285714285714,1.8887773000169545,0.00033731687335603056,0
S4_clustered,130363,150,J+,14,0.0,0,,1,0,0,0,0,0,0,222.31307142857142,164.74162847360614,52.57142857142857,5.0,103.65814164285715,139.66445404605443,91.45016833176871,0.7857142857142857,2.0,1.7857142857142858,8.642857142857142,0.0,0.15177749999566004,0.0002013695138884941,0
S4_clustered,130363,151,I,12,0.0,0,,1,0,0,0,0,0,0,247.1215,186.70486906818087,55.416666666666664,5.0,93.88676433333335,168.8867643035011,118.4700976368345,0.5833333333333334,2.5,1.5,9.166666666666666,0.6666666666666666,1.0485810000100173,0.0004288181703486771,0
S4_clustered,130363,151,J,12,0.0,0,,1,0,0,0,0,0,0,311.2869166666667,249.95359237159596,56.333333333333336,5.0,78.47317908333333,156.3243443055701,106.40767763890342,0.75,2.0,1.0,9.25,0.5,0.8427151999785565,0.00010845915130630601,0
S4_clustered,130363,151,J+,12,0.0,0,,1,0,0,0,0,0,0,234.96983333333333,171.71987474072603,58.25,5.0,73.50891591666667,154.36008115684498,103.44341449017828,0.75,2.3333333333333335,2.0,9.5,0.0,0.17725860001519322,0.0004968887124050525,0
S4_clustered,130363,152,I,11,0.0,0,,1,0,0,0,0,0,0,256.04109090909094,183.041071196378,68.0,5.0,143.0212958181818,201.4254624034773,136.2436442216591,0.36363636363636365,2.090909090909091,1.0909090909090908,11.181818181818182,0.7272727272727273,0.7797729999874718,0.0002168398420963058,0
S4_clustered,130363,152,J,11,0.0,0,,1,0,0,0,0,0,0,289.291,219.56372639874752,64.72727272727273,5.0,37.72727272727273,185.1978829102798,122.83424654664341,0.36363636363636365,2.6363636363636362,1.7272727272727273,10.636363636363637,0.5454545454545454,1.2597884999995586,9.613777365302667e-06,0
S4_clustered,130363,152,J+,11,0.0,0,,1,0,0,0,0,0,0,248.28718181818184,182.83266455321552,60.45454545454545,5.0,37.72727272727273,172.94137007915648,117.03227917006554,0.45454545454545453,1.9090909090909092,1.8181818181818181,10.0,0.0,0.0620743999897968,0.00031008537075649656,0
S4_clustered,130363,153,I,13,0.0,0,,1,0,0,0,0,0,0,191.86292307692307,141.55520352873583,45.30769230769231,5.0,8.692307692307692,150.06454319989368,110.6799278152783,0.38461538461538464,2.8461538461538463,1.9230769230769231,7.230769230769231,0.6153846153846154,1.9124244999838993,0.00035412643387644493,0
S4_clustered,130363,153,J,13,0.0,0,,1,0,0,0,0,0,0,156.42038461538462,106.72804247018819,44.69230769230769,5.0,8.692307692307692,143.15974854941254,99.2366716263356,0.38461538461538464,2.1538461538461537,1.4615384615384615,7.384615384615385,0.6153846153846154,2.0682401999947615,0.00044788755349145504,0
S4_clustered,130363,153,J+,13,0.0,0,,1,0,0,0,0,0,0,151.44915384615385,105.44914755379514,41.0,5.0,8.692307692307692,138.52383394092817,97.83152624862048,0.3076923076923077,1.5384615384615385,1.4615384615384615,6.769230769230769,0.0,0.10649899998679757,8.180066311069822e-05,0
S4_clustered,130363,154,I,13,0.0,0,,1,0,0,0,0,0,0,267.14223076923076,193.98838275804476,68.15384615384616,5.0,157.07867830769231,181.69406289506793,124.07867827968333,0.9230769230769231,2.8461538461538463,2.1538461538461537,11.23076923076923,0.15384615384615385,0.6855505999992602,2.4145418137777597e-05,0
S4_clustered,130363,154,J,13,0.0,0,,1,0,0,0,0,0,0,252.08584615384615,173.8550517218997,73.23076923076923,5.0,135.20243476923076,173.4459039283035,112.13821162061117,1.0,2.8461538461538463,2.4615384615384617,12.076923076923077,0.07692307692307693,0.9149406999931671,0.0003276153038314078,0
S4_clustered,130363,154,J+,13,0.0,0,,1,0,0,0,0,0,0,256.21984615384616,176.14288462882794,75.07692307692308,5.0,135.20243476923076,171.59528023906506,112.13374177752658,1.0,3.1538461538461537,2.3846153846153846,12.384615384615385,0.0,0.249852099979762,0.0004998252370569389,0
S4_clustered,130363,155,I,13,0.0,0,,1,0,0,0,0,0,0,249.98384615384614,193.52230802679884,51.46153846153846,5.0,168.5344673846154,169.919082733664,119.84215965674095,0.46153846153846156,2.230769230769231,1.4615384615384615,8.384615384615385,0.5384615384615384,0.5223956000118051,4.348385118646547e-06,0
S4_clustered,130363,155,J,13,0.0,0,,1,0,0,0,0,0,0,237.0900769230769,179.78235885995096,52.30769230769231,5.0,95.03176369230769,154.28812159149885,102.98042928380654,0.23076923076923078,2.4615384615384617,1.6923076923076923,8.461538461538462,0.6153846153846154,0.9297722000046633,0.00033482063736300915,0
S4_clustered,130363,155,J+,13,0.0,0,,1,0,0,0,0,0,0,224.51423076923078,171.12962140527753,48.38461538461539,5.0,87.20465284615385,147.56981568756322,99.41596953371706,0.23076923076923078,1.7692307692307692,1.6923076923076923,8.0,0.0,0.053553299978375435,7.826860792192747e-05,0
S4_clustered,130363,156,I,14,0.0,0,,1,0,0,0,0,0,0,190.34942857142855,145.2779828447674,40.07142857142857,5.0,8.071428571428571,140.38853514054668,104.24567799768954,0.5,2.7142857142857144,1.9285714285714286,6.5,0.5714285714285714,0.73347060001106,0.0002401732563157566,0
S4_clustered,130363,156,J,14,0.0,0,,1,0,0,0,0,0,0,160.2137142857143,111.71374320446034,43.5,5.0,8.071428571428571,158.52838649966216,110.38552935680507,0.0,2.857142857142857,2.2857142857142856,7.071428571428571,0.5714285714285714,2.474459899996873,0.00040486244461135357,0
S4_clustered,130363,156,J+,14,0.0,0,,1,0,0,0,0,0,0,172.13171428571428,129.13174407584603,38.0,5.0,8.071428571428571,133.47846924393676,93.8356121010796,0.21428571428571427,1.9285714285714286,1.9285714285714286,6.214285714285714,0.0,0.0626019999908749,0.00041706184424583626,0
S4_clustered,130363,157,I,14,0.0,0,,1,0,0,0,0,0,0,176.3242857142857,131.53856147886566,39.785714285714285,5.0,8.071428571428571,145.83956940080924,106.05385511509496,0.2857142857142857,2.642857142857143,2.0,6.571428571428571,0.5714285714285714,1.243819600000279,0.0001392958806718525,0
S4_clustered,130363,157,J,14,0.0,0,,1,0,0,0,0,0,0,176.619,132.26182272501413,39.357142857142854,5.0,8.071428571428571,142.8911856133064,101.46261418473497,0.07142857142857142,2.142857142857143,1.5714285714285714,6.5,0.5714285714285714,1.2941194000013638,0.00048184980255427945,0
S4_clustered,130363,157,J+,14,0.0,0,,1,0,0,0,0,0,0,173.74385714285717,134.10102268002674,34.642857142857146,5.0,8.071428571428571,142.7876152515308,104.2876152515308,0.07142857142857142,1.3571428571428572,1.2857142857142858,5.714285714285714,0.0,0.0891894000233151,0.00031752037421028945,0
S4_clustered,130363,158,I,13,0.0,0,,1,0,0,0,0,0,0,213.0069230769231,157.93001661710358,50.07692307692308,5.0,61.92786607692308,153.55256308188305,109.86025538957537,0.5384615384615384,2.8461538461538463,1.8461538461538463,8.153846153846153,0.6153846153846154,1.281626599986339,0.00021602234619422234,0
S4_clustered,130363,158,J,13,0.0,0,,1,0,0,0,0,0,0,239.651,184.8048669505988,49.84615384615385,5.0,36.41287023076923,147.01069667680136,102.1645428306475,0.6923076923076923,2.6923076923076925,1.6153846153846154,7.923076923076923,0.6153846153846154,1.4103423999913502,0.0002703577843021776,0
S4_clustered,130363,158,J+,13,0.0,0,,1,0,0,0,0,0,0,194.5513076923077,143.47437894685888,46.07692307692308,5.0,30.076923076923077,142.11098165913387,100.03405858221079,0.6153846153846154,2.0,1.8461538461538463,7.615384615384615,0.0,0.12442460001329891,7.369083436969959e-05,0
S4_clustered,130363,159,I,10,0.0,0,,1,0,0,0,0,0,0,314.39639999999997,224.89636644971955,84.5,5.0,221.0439612,222.24396120125039,146.44396120125035,0.6,3.6,2.5,14.0,0.6,1.1122861000185367,0.0003355028043188213,0
S4_clustered,130363,159,J,10,0.0,0,,1,0,0,0,0,0,0,310.0485,215.84853363010188,89.2,5.0,177.5100913,214.51054692276557,132.5105469227656,0.6,3.3,2.4,14.7,0.5,1.5208104999910574,0.0003363010187058535,0
S4_clustered,130363,159,J+,10,0.0,0,,1,0,0,0,0,0,0,293.9105,203.81046561151197,85.1,5.0,172.0767478,201.43209738821398,124.13209738821392,0.5,2.6,2.4,14.1,0.0,0.11199470001156442,0.00034388488029435393,0
S4_clustered,130363,160,I,11,0.0,0,,1,0,0,0,0,0,0,249.017,186.38063623522473,57.63636363636363,5.0,39.36363636363637,177.93779199023098,127.84688289932187,0.5454545454545454,2.4545454545454546,1.2727272727272727,9.454545454545455,0.6363636363636364,1.693030499998713,1.4125280358712189e-06,0
S4_clustered,130363,160,J,11,0.0,0,,1,0,0,0,0,0,0,253.75827272727273,186.66738564546614,62.09090909090909,5.0,36.63636363636363,182.69913367880466,124.79004276971376,0.45454545454545453,2.3636363636363638,1.3636363636363635,10.272727272727273,0.7272727272727273,0.4473119000031147,0.00024210012770709,0
S4_clustered,130363,160,J+,11,0.0,0,,1,0,0,0,0,0,0,234.19709090909092,169.2880422562264,59.90909090909091,5.0,36.63636363636363,177.24408684928764,121.51681412201488,0.45454545454545453,2.0,1.8181818181818181,9.909090909090908,0.0,0.08617799999774434,0.00046481849017254717,0
S4_clustered,130363,161,I,12,0.0,0,,1,0,0,0,0,0,0,235.44083333333333,177.60748915305223,52.833333333333336,5.0,140.51921341666667,189.31140778816575,133.14474112149915,0.0,2.0833333333333335,1.4166666666666667,8.666666666666666,0.6666666666666666,0.5118387999827974,0.0001301633733419294,0
S4_clustered,130363,161,J,12,0.0,0,,1,0,0,0,0,0,0,213.56033333333335,153.22703738893793,55.333333333333336,5.0,55.46249975,159.9140632688094,107.16406326880939,0.5833333333333334,2.4166666666666665,2.0833333333333335,9.083333333333334,0.25,0.9999263999925461,0.000448667254886459,0
S4_clustered,130363,161,J+,12,0.0,0,,1,0,0,0,0,0,0,215.18683333333334,156.93682855255284,53.25,5.0,50.546124666666664,154.45766400638342,104.6243306730501,0.5,2.0833333333333335,1.9166666666666667,8.666666666666666,0.0,0.10021390000474639,5.736936623179645e-05,0
S4_clustered,130363,162,I,14,0.0,0,,1,0,0,0,0,0,0,212.9230714285714,152.2802088802221,55.642857142857146,5.0,131.41250185714287,166.85293689836206,111.06722261264774,0.21428571428571427,2.5,1.8571428571428572,9.214285714285714,0.5714285714285714,1.6463948999880813,7.567689044662984e-05,0
S4_clustered,130363,162,J,14,0.0,0,,1,0,0,0,0,0,0,226.65285714285713,163.29572701590033,58.357142857142854,5.0,108.26156642857143,150.25863776762426,95.68720919619568,0.42857142857142855,2.5714285714285716,1.6428571428571428,9.428571428571429,0.5714285714285714,0.5700201999861747,0.00017822260451794136,0
S4_clustered,130363,162,J+,14,0.0,0,,1,0,0,0,0,0,0,200.8827142857143,141.66843287553255,54.214285714285715,5.0,115.62624842857143,137.02292670586712,88.66578384872425,0.6428571428571429,1.9285714285714286,1.7142857142857142,8.857142857142858,0.0,0.11822469998151064,6.0257455515966285e-05,0
S4_clustered,130363,163,I,12,0.0,0,,1,0,0,0,0,0,0,231.13258333333332,170.9659260358051,55.166666666666664,5.0,34.583333333333336,180.80911575734865,125.55911575734866,0.3333333333333333,3.3333333333333335,2.4166666666666665,8.916666666666666,0.6666666666666666,2.5812237999925856,0.00011242966138524935,0
S4_clustered,130363,163,J,12,0.0,0,,1,0,0,0,0,0,0,223.0015,157.16816226945633,60.833333333333336,5.0,32.083333333333336,174.3179768946039,113.9013102279372,0.4166666666666667,3.5833333333333335,2.5833333333333335,10.0,0.6666666666666666,2.869155899999896,5.2766524049729924e-05,0
S4_clustered,130363,163,J+,12,0.0,0,,1,0,0,0,0,0,0,236.69291666666666,178.77621492321202,52.916666666666664,5.0,32.083333333333336,155.24391123753148,103.5772445708648,0.4166666666666667,2.25,2.1666666666666665,8.75,0.0,0.0999450999952387,0.00042092145577043993,0
S4_clustered,130363,164,I,13,0.0,0,,1,0,0,0,0,0,0,196.81984615384616,148.66599175433518,43.15384615384615,5.0,36.51674207692308,158.053639943185,117.97671686626192,0.5384615384615384,1.8461538461538463,1.2307692307692308,7.0,0.38461538461538464,1.8348798000079114,0.00010719364263422904,0
S4_clustered,130363,164,J,13,0.0,0,,1,0,0,0,0,0,0,212.21007692307694,136.74855005271547,70.46153846153847,5.0,124.59602007692307,161.37779363237632,102.22394747853015,0.6153846153846154,3.3846153846153846,2.3846153846153846,11.615384615384615,0.46153846153846156,1.2543644000252243,0.00015068530092321453,0
S4_clustered,130363,164,J+,13,0.0,0,,1,0,0,0,0,0,0,214.44007692307693,148.2862441252003,61.15384615384615,5.0,117.64633115384616,155.81272009228644,99.35118163074797,0.6153846153846154,1.8461538461538463,1.6923076923076923,10.0,0.0,0.08262250002007931,0.0001736276042265672,0
S4_clustered,130363,165,I,16,0.0,0,,1,0,0,0,0,0,0,160.460375,116.08537460764815,39.375,5.0,65.1875,67.4375,43.125,1.0,2.875,2.1875,6.25,0.0,0.3505097999877762,6.277629609030555e-06,0
S4_clustered,130363,165,J,16,0.0,0,,1,0,0,0,0,0,0,169.9643125,122.46433064579234,42.5,5.0,71.9787804375,74.97878043381687,45.04128043381686,1.0,2.625,2.0625,6.875,0.0,0.8151801000058185,0.00029033267742306634,0
S4_clustered,130363,165,J+,16,0.0,0,,1,0,0,0,0,0,0,169.0444375,122.5444405117297,41.5,5.0,71.9787804375,74.97878043381687,45.04128043381686,1.0,2.4375,2.0625,6.8125,0.0,0.2213900999922771,4.8187675474764546e-05,0
S4_clustered,130363,166,I,13,0.0,0,,1,0,0,0,0,0,0,209.26023076923076,158.72174770280887,45.53846153846154,5.0,104.81989076923077,166.4094898710347,119.94795140949626,0.3076923076923077,2.5384615384615383,1.7692307692307692,7.461538461538462,0.6153846153846154,0.8757508000126109,0.0002798634845930792,0
S4_clustered,130363,166,J,13,0.0,0,,1,0,0,0,0,0,0,222.63323076923078,170.32557092300186,47.30769230769231,5.0,29.215346846153846,156.17419280226892,108.86650049457661,0.23076923076923078,2.5384615384615383,1.6923076923076923,7.6923076923076925,0.5384615384615384,0.9727991000108887,0.0004219990241836058,0
S4_clustered,130363,166,J+,13,0.0,0,,1,0,0,0,0,0,0,238.1526153846154,182.84491248462456,50.30769230769231,5.0,26.384615384615383,142.56479629303,98.41095013918385,0.6153846153846154,3.076923076923077,2.4615384615384617,8.0,0.0,0.16461889998754486,0.00013769988072453998,0
S4_clustered,130363,167,I,10,0.0,0,,1,0,0,0,0,0,0,310.884,230.58396431996567,75.3,5.0,178.4163291,228.81856234570287,153.21856234570285,0.2,2.6,1.6,12.3,0.8,1.2642759000009391,0.00035680034352481016,0
S4_clustered,130363,167,J,10,0.0,0,,1,0,0,0,0,0,0,272.7744,185.87442468707724,81.9,5.0,179.0307703,208.4047702626698,128.90477026266984,0.4,2.3,1.6,13.4,0.6,1.1774683999828994,0.000246870772116381,0
S4_clustered,130363,167,J+,10,0.0,0,,1,0,0,0,0,0,0,272.3561,188.2560786005779,79.1,5.0,171.4767478,202.54023704163902,125.34023704163901,0.2,1.8,1.8,13.1,0.0,0.050169199996162206,0.0002139942212124879,0
S4_clustered,130363,168,I,14,0.0,0,,1,0,0,0,0,0,0,230.424,177.6382898261579,47.785714285714285,5.0,114.56643050000001,146.78751697669142,104.2875169766914,0.5714285714285714,2.7857142857142856,2.142857142857143,7.785714285714286,0.2857142857142857,0.67122289998224,5.756621021646424e-05,0
S4_clustered,130363,168,J,14,0.0,0,,1,0,0,0,0,0,0,200.32750000000001,144.54181281681068,50.785714285714285,5.0,114.15034764285714,154.24779680065095,101.8192253720795,0.14285714285714285,2.642857142857143,2.0714285714285716,8.285714285714286,0.5,1.1962028999987524,0.0003794353494868119,0
S4_clustered,130363,168,J+,14,0.0,0,,1,0,0,0,0,0,0,192.46507142857143,139.39360926970235,48.07142857142857,5.0,108.34053414285714,128.88006956300995,88.66578384872425,0.6428571428571429,2.2142857142857144,2.0714285714285716,7.714285714285714,0.0,0.13596939999843016,0.0004702241669747309,0
S4_clustered,130363,169,I,15,0.0,0,,1,0,0,0,0,0,0,208.94253333333333,162.87586209441503,41.06666666666667,5.0,114.66369046666667,145.40355174164515,106.20355174164516,0.4666666666666667,2.7333333333333334,2.066666666666667,6.733333333333333,0.5333333333333333,2.8765649999841116,6.858377446405939e-05,0
S4_clustered,130363,169,J,15,0.0,0,,1,0,0,0,0,0,0,201.676,149.9426906896181,46.733333333333334,5.0,108.41804866666666,139.62356710920776,96.4235671092078,0.6,3.2,2.533333333333333,7.733333333333333,0.5333333333333333,3.5856403000070713,0.00036034427148479153,0
S4_clustered,130363,169,J+,15,0.0,0,,1,0,0,0,0,0,0,189.17680000000001,141.44344293123334,42.733333333333334,5.0,99.51783186666667,116.28806492547596,82.75473159214262,0.5333333333333333,2.533333333333333,2.3333333333333335,7.066666666666666,0.0,0.15874920002534054,0.00035603149990492966,0
S4_clustered,130363,170,I,11,0.0,0,,1,0,0,0,0,0,0,258.7684545454545,199.58661267867555,54.18181818181818,5.0,10.818181818181818,195.07946504024497,141.07946504024497,0.18181818181818182,2.3636363636363638,1.6363636363636365,8.727272727272727,0.45454545454545453,1.2963027000078,0.000260534568951698,0
S4_clustered,130363,170,J,11,0.0,0,,1,0,0,0,0,0,0,203.07027272727274,137.07030219884643,61.0,5.0,10.818181818181818,203.07030219884638,137.07030219884638,0.0,2.6363636363636362,2.0,10.090909090909092,0.6363636363636364,1.5267890999966767,0.0003241873105253035,0
S4_clustered,130363,170,J+,11,0.0,0,,1,0,0,0,0,0,0,195.68772727272727,139.505879115731,51.18181818181818,5.0,10.818181818181818,188.36556639819446,132.63829367092168,0.0,1.0,1.0,8.454545454545455,0.0,0.04065050001372583,0.0003297269590802898,0
S4_clustered,130363,171,I,11,0.0,0,,1,0,0,0,0,0,0,293.43227272727273,228.0686788968572,60.36363636363637,5.0,129.08426227272727,186.72062588168345,130.72062588168345,0.6363636363636364,2.1818181818181817,1.6363636363636365,9.909090909090908,0.45454545454545453,0.5628230999864172,0.00046786542907284456,0
S4_clustered,130363,171,J,11,0.0,0,,1,0,0,0,0,0,0,285.7722727272727,214.13594266219243,66.63636363636364,5.0,132.68918745454545,182.35268996133848,117.71632632497489,0.18181818181818182,2.3636363636363638,1.4545454545454546,10.727272727272727,0.7272727272727273,0.8286758000031114,0.00036928411691405927,0
S4_clustered,130363,171,J+,11,0.0,0,,1,0,0,0,0,0,0,279.3213636363636,209.13954941084768,65.18181818181819,5.0,124.83763481818183,173.84736126201267,112.84736126201268,0.2727272727272727,2.090909090909091,1.9090909090909092,10.636363636363637,0.0,0.0837335999822244,4.351932466306607e-05,0
S4_clustered,130363,172,I,14,0.0,0,,1,0,0,0,0,0,0,195.06492857142857,149.13633846154838,40.92857142857143,5.0,76.73023542857142,143.79193672523013,102.29193672523013,0.14285714285714285,2.0,1.5,6.642857142857143,0.42857142857142855,0.742359799973201,0.000261538322774868,0
S4_clustered,130363,172,J,14,0.0,0,,1,0,0,0,0,0,0,191.62628571428573,142.19768926344517,44.42857142857143,5.0,66.52792342857143,136.75165898894835,92.32308756037693,0.07142857142857142,2.142857142857143,1.5714285714285714,7.285714285714286,0.5714285714285714,0.47967959998641163,0.0003503117675336398,0
S4_clustered,130363,172,J+,14,0.0,0,,1,0,0,0,0,0,0,186.728,138.22799061056716,43.5,5.0,63.43621364285714,129.73721242015282,88.66578384872423,0.2857142857142857,2.0,1.9285714285714286,7.071428571428571,0.0,0.10073750000447035,0.00013145205980436003,0
S4_clustered,130363,173,I,11,0.0,0,,1,0,0,0,0,0,0,290.4625454545455,209.91709496276565,75.54545454545455,5.0,213.6367988181818,218.54588973200234,148.81861700472962,0.5454545454545454,2.1818181818181817,1.8181818181818181,12.363636363636363,0.2727272727272727,0.23681719999876805,4.459042202142882e-05,0
S4_clustered,130363,173,J,11,0.0,0,,1,0,0,0,0,0,0,323.35972727272724,235.17788095533027,83.18181818181819,5.0,161.42105927272726,216.84765480816958,137.30220026271505,0.5454545454545454,1.9090909090909092,1.0,13.636363636363637,0.7272727272727273,0.529066299990518,0.00030949136680646916,0
S4_clustered,130363,173,J+,11,0.0,0,,1,0,0,0,0,0,0,288.03054545454546,200.30329874018932,82.72727272727273,5.0,161.42105927272726,209.8853311916223,132.52169482798595,0.7272727272727273,1.8181818181818181,1.8181818181818181,13.636363636363637,0.0,0.046720300015294924,0.00028614208258659346,0
S4_clustered,130363,174,I,15,0.0,0,,1,0,0,0,0,0,0,245.6304,192.96374369989275,47.666666666666664,5.0,128.3338722,131.13387222870784,94.46720556204119,0.8666666666666667,3.0,2.0,7.666666666666667,0.5333333333333333,0.6485778999922331,0.0001554983909954899,0
S4_clustered,130363,174,J,15,0.0,0,,1,0,0,0,0,0,0,204.2714,149.07138633348143,50.2,5.0,125.32061226666666,128.12061223841863,86.98727890508528,0.8,2.7333333333333334,1.8666666666666667,8.2,0.5333333333333333,0.7188465000072028,0.0002049977783826762,0
S4_clustered,130363,174,J+,15,0.0,0,,1,0,0,0,0,0,0,185.64733333333334,132.44732947768006,48.2,5.0,118.28806493333333,121.08806492547598,82.75473159214263,1.0,2.4,2.1333333333333333,7.866666666666666,0.0,0.22627889999421313,5.783479900856037e-05,0
S4_clustered,130363,175,I,16,0.0,0,,1,0,0,0,0,0,0,111.6828125,83.49531785883244,23.1875,5.0,7.0625,7.4375,0.0,1.0,2.6875,1.75,3.5,0.0,0.2393277999944985,8.574131902605586e-05,0
S4_clustered,130363,175,J,16,0.0,0,,1,0,0,0,0,0,0,111.6828125,83.49531785883244,23.1875,5.0,7.0625,7.4375,0.0,1.0,2.6875,1.75,3.5,0.0,0.19429059998947196,8.574131902605586e-05,0
S4_clustered,130363,175,J+,16,0.0,0,,1,0,0,0,0,0,0,80.7188125,54.531296945161344,21.1875,5.0,7.0625,7.4375,0.0,1.0,2.3125,1.625,3.375,0.0,0.2010803000011947,0.00024887741847123834,0
S4_clustered,130363,176,I,11,0.0,0,,1,0,0,0,0,0,0,240.3868181818182,176.20501470185715,59.18181818181818,5.0,172.8015290909091,202.43789276594035,142.07425640230397,0.18181818181818182,2.0,1.2727272727272727,9.636363636363637,0.7272727272727273,0.3372794999741018,0.0001617204284229956,0
S4_clustered,130363,176,J,11,0.0,0,,1,0,0,0,0,0,0,285.5497272727273,212.1861176845383,68.36363636363636,5.0,139.00703754545455,186.51587943909416,121.33406125727593,0.45454545454545453,2.727272727272727,1.4545454545454546,11.090909090909092,0.7272727272727273,0.7232543000136502,0.00029452992112055654,0
S4_clustered,130363,176,J+,11,0.0,0,,1,0,0,0,0,0,0,268.13272727272727,198.95086523843446,64.18181818181819,5.0,127.56490754545456,175.48372489837632,112.84736126201265,0.2727272727272727,2.0,1.8181818181818181,10.545454545454545,0.0,0.09793899999931455,0.000482377221032948,0
S4_clustered,130363,177,I,15,0.0,0,,1,0,0,0,0,0,0,201.74446666666665,137.67780937301328,59.06666666666667,5.0,121.94681146666667,147.81890712689503,93.08557379356171,0.6666666666666666,2.2666666666666666,1.8666666666666667,9.733333333333333,0.26666666666666666,1.0772369999904186,0.00014059519935472053,0
S4_clustered,130363,177,J,15,0.0,0,,1,0,0,0,0,0,0,186.65906666666666,129.85903346691097,51.8,5.0,107.72742973333334,125.29766280913152,82.9643294757982,0.9333333333333333,2.4,1.8,8.466666666666667,0.06666666666666667,1.0287852000037674,0.0004979963355253858,0
S4_clustered,130363,177,J+,15,0.0,0,,1,0,0,0,0,0,0,185.78066666666666,130.11397600180962,50.666666666666664,5.0,107.91783186666666,125.48806492547597,82.75473159214262,0.9333333333333333,2.2,1.8666666666666667,8.333333333333334,0.0,0.1352449000114575,0.000359972855903834,0
S4_clustered,130363,178,I,14,0.0,0,,1,0,0,0,0,0,0,216.50878571428572,157.15162080586248,54.357142857142854,5.0,152.73178871428573,154.8746458597685,104.44607443119708,0.35714285714285715,2.2857142857142856,1.5,9.0,0.5,0.43610999998054467,0.00030871792523612385,0
S4_clustered,130363,178,J,14,0.0,0,,1,0,0,0,0,0,0,192.41285714285715,141.1985655742707,46.214285714285715,5.0,55.481507642857146,139.62552257834534,93.12552257834533,0.07142857142857142,2.5,1.8571428571428572,7.642857142857143,0.5714285714285714,1.4385374000121374,8.196021053663571e-05,0
S4_clustered,130363,178,J+,14,0.0,0,,1,0,0,0,0,0,0,211.08171428571427,163.01027905115922,43.07142857142857,5.0,109.197677,127.59435527729569,88.66578384872423,0.5714285714285714,1.4285714285714286,1.1428571428571428,7.0,0.0,0.12377219999325462,9.328377063866355e-05,0
S4_clustered,130363,179,I,14,0.0,0,,1,0,0,0,0,0,0,194.8849285714286,150.3849373129699,39.5,5.0,36.77557778571428,140.50955133850803,105.22383705279375,0.5714285714285714,2.2857142857142856,1.5714285714285714,6.285714285714286,0.5714285714285714,1.027760800003307,0.00012238157842148212,0
S4_clustered,130363,179,J,14,0.0,0,,1,0,0,0,0,0,0,173.2255,123.36837762151546,44.857142857142854,5.0,34.626903,130.86411541847784,92.36411541847781,0.42857142857142855,2.7142857142857144,2.0,7.357142857142857,0.5714285714285714,1.2452081999799702,0.0002867012162823812,0
S4_clustered,130363,179,J+,14,0.0,0,,1,0,0,0,0,0,0,193.26578571428573,148.76576231293305,39.5,5.0,26.214285714285715,127.89350874124229,92.75065159838515,0.5,1.8571428571428572,1.3571428571428572,6.285714285714286,0.0,0.10980279999785125,0.0003276189372627414,0
S4_clustered,130363,180,I,12,0.0,0,,1,0,0,0,0,0,0,260.92325,196.25658277800906,59.666666666666664,5.0,174.67799933333333,175.17799929684807,121.7613326301814,0.6666666666666666,2.4166666666666665,1.25,9.666666666666666,0.6666666666666666,0.2826677999983076,6.663891326752491e-06,0
S4_clustered,130363,180,J,12,0.0,0,,1,0,0,0,0,0,0,270.70983333333334,195.62652516469007,70.08333333333333,5.0,148.24384758333335,172.70663885371286,106.78997218704615,0.4166666666666667,2.9166666666666665,1.8333333333333333,11.333333333333334,0.6666666666666666,0.6783274000044912,0.00030197628075256944,0
S4_clustered,130363,180,J+,12,0.0,0,,1,0,0,0,0,0,0,244.03108333333333,173.7810743999457,65.25,5.0,139.39728983333333,164.36008115684498,103.44341449017828,0.3333333333333333,2.0833333333333335,1.75,10.666666666666666,0.0,0.12466070000664331,0.00010720065165514825,0
S4_clustered,130363,181,I,12,0.0,0,,1,0,0,0,0,0,0,287.89383333333336,224.81053019573588,58.083333333333336,5.0,187.46553866666667,188.96553863879657,132.63220530546326,0.4166666666666667,2.4166666666666665,1.25,9.333333333333334,0.6666666666666666,1.051520300010452,0.00036234883054930833,0
S4_clustered,130363,181,J,12,0.0,0,,1,0,0,0,0,0,0,235.2465,163.49649368800183,66.75,5.0,145.11412049999998,166.07691184261213,107.24357850927873,0.6666666666666666,3.0833333333333335,2.1666666666666665,10.916666666666666,0.6666666666666666,1.1066966999787837,7.574397818643774e-05,0
S4_clustered,130363,181,J+,12,0.0,0,,1,0,0,0,0,0,0,225.74866666666665,159.4153496928245,61.333333333333336,5.0,138.39728983333333,159.86008115684498,103.44341449017827,0.5,2.1666666666666665,2.0,10.083333333333334,0.0,0.06976990000111982,0.0001963138938663178,0
S4_clustered,130363,182,I,13,0.0,0,,1,0,0,0,0,0,0,242.50853846153845,182.354669062413,55.15384615384615,5.0,90.58707692307692,168.35611249387983,116.04842018618751,0.5384615384615384,2.4615384615384617,1.9230769230769231,9.0,0.46153846153846156,1.5347261999850161,0.00030218863093978143,0
S4_clustered,130363,182,J,13,0.0,0,,1,0,0,0,0,0,0,249.25561538461537,181.87103737804904,62.38461538461539,5.0,99.59607369230768,160.01009867423258,103.54856021269408,0.6153846153846154,2.5384615384615383,1.5384615384615385,10.076923076923077,0.6153846153846154,1.0556794000149239,0.00048591463746561203,0
S4_clustered,130363,182,J+,13,0.0,0,,1,0,0,0,0,0,0,237.11792307692306,170.3486542014172,61.76923076923077,5.0,94.58926823076924,149.40930568324148,95.48622876016455,0.7692307692307693,2.230769230769231,2.0,10.23076923076923,0.0,0.15145070001017302,0.0004953815764565661,0
S4_clustered,130363,183,I,15,0.0,0,,1,0,0,0,0,0,0,192.35966666666667,150.69300602605458,36.666666666666664,5.0,68.5988704,129.38610301550457,93.71943634883789,0.26666666666666666,2.533333333333333,1.8666666666666667,6.0,0.5333333333333333,1.184279399982188,9.039081851369701e-05,0
S4_clustered,130363,183,J,15,0.0,0,,1,0,0,0,0,0,0,162.16226666666668,115.6289181948751,41.53333333333333,5.0,62.706005,139.6502017483368,94.85020174833677,0.06666666666666667,3.0,2.4,6.866666666666666,0.5333333333333333,1.7522378000139724,0.0002270768736707396,0
S4_clustered,130363,183,J+,15,0.0,0,,1,0,0,0,0,0,0,171.88973333333334,131.4897252366592,35.4,5.0,53.20713273333333,121.76684480594594,85.76684480594592,0.13333333333333333,2.0,2.0,5.733333333333333,0.0,0.07775920000858605,0.00012145011169195641,0
S4_clustered,130363,184,I,14,0.0,0,,1,0,0,0,0,0,0,236.61192857142856,182.11191247912527,49.5,5.0,140.17357021428572,143.60214163537103,102.60214163537103,0.7857142857142857,3.2857142857142856,2.0714285714285716,8.071428571428571,0.5714285714285714,1.1656214000249747,0.00022529224634126876,0
S4_clustered,130363,184,J,14,0.0,0,,1,0,0,0,0,0,0,201.57271428571428,143.64412063665924,52.92857142857143,5.0,52.845774,152.163138275024,102.2345668464526,0.42857142857142855,3.7142857142857144,2.642857142857143,8.642857142857142,0.5714285714285714,3.1214141999953426,0.00031108677058000467,0
S4_clustered,130363,184,J+,14,0.0,0,,1,0,0,0,0,0,0,182.12971428571427,133.20117640992316,43.92857142857143,5.0,46.75382114285714,128.72384688180213,89.58098973894498,0.5,2.2142857142857144,1.8571428571428572,7.142857142857143,0.0,0.10113060000003316,0.00046973892449386767,0
S4_clustered,130363,185,I,14,0.0,0,,1,0,0,0,0,0,0,180.12035714285713,132.048905430586,43.07142857142857,5.0,33.07142857142857,136.2522658921432,100.32369446357178,0.8571428571428571,2.2142857142857144,2.0,7.0,0.14285714285714285,1.1609364000032656,0.00032397179597865033,0
S4_clustered,130363,185,J,14,0.0,0,,1,0,0,0,0,0,0,170.6829285714286,119.5400936443748,46.142857142857146,5.0,30.928571428571427,127.1721610967763,88.67216109677626,1.0,2.2857142857142856,2.0,7.571428571428571,0.14285714285714285,1.1037920000089798,0.0003110212471710838,0
S4_clustered,130363,185,J+,14,0.0,0,,1,0,0,0,0,0,0,178.76285714285714,125.47715910296327,48.285714285714285,5.0,30.928571428571427,123.30864099158138,88.66578384872423,1.0,2.642857142857143,2.357142857142857,7.928571428571429,0.0,0.1734528999950271,0.0002274414860039542,0
S4_clustered,130363,186,I,13,0.0,0,,1,0,0,0,0,0,0,239.78546153846153,185.4777590226722,49.30769230769231,5.0,56.53846153846154,152.3771239886622,109.06943168096988,0.6153846153846154,2.5384615384615383,1.5384615384615385,8.153846153846153,0.6153846153846154,0.9314462000038475,0.0001327052614215063,0
S4_clustered,130363,186,J,13,0.0,0,,1,0,0,0,0,0,0,240.08346153846153,173.31422697936827,61.76923076923077,5.0,82.60987676923077,165.8545542495496,110.08532348031885,0.5384615384615384,3.6153846153846154,2.5384615384615383,10.23076923076923,0.6153846153846154,2.7845314999867696,4.9268212478637e-05,0
S4_clustered,130363,186,J+,13,0.0,0,,1,0,0,0,0,0,0,207.22338461538462,148.4541691648539,53.76923076923077,5.0,70.16207623076923,143.83288128848056,96.52518898078824,0.46153846153846156,2.3076923076923075,2.076923076923077,8.76923076923077,0.0,0.10475420000148006,0.00019914310087187914,0
S4_clustered,130363,187,I,16,0.0,0,,1,0,0,0,0,0,0,145.7284375,105.35342862142647,35.375,5.0,70.415088625,70.41508860768968,45.915088607689675,0.8125,2.75,1.9375,5.6875,0.5,1.1147587999876123,0.00014205717661752715,0
S4_clustered,130363,187,J,16,0.0,0,,1,0,0,0,0,0,0,160.7915,115.35397959846051,40.4375,5.0,87.21582625,88.71582623898988,56.90332623898989,0.8125,2.5625,1.9375,6.6875,0.5,1.2168002000253182,0.0003264246320213715,0
S4_clustered,130363,187,J+,16,0.0,0,,1,0,0,0,0,0,0,157.2315,114.16898091556077,38.0625,5.0,84.7008739375,86.20087391175582,55.88837391175582,0.75,2.1875,2.0625,6.1875,0.0,0.21186219999799505,0.00030535102791873214,0
S4_clustered,130363,188,I,11,0.0,0,,1,0,0,0,0,0,0,288.53445454545454,219.44353402864598,64.0909090909091,5.0,191.15267172727272,193.87994449467303,132.51630813103668,0.45454545454545453,2.0,1.2727272727272727,10.454545454545455,0.6363636363636364,0.6754625999892596,0.00012568489410114125,0
S4_clustered,130363,188,J,11,0.0,0,,1,0,0,0,0,0,0,291.79318181818184,211.61139092627974,75.18181818181819,5.0,161.07183963636365,184.48579376768348,115.84943013131979,0.7272727272727273,2.6363636363636362,1.5454545454545454,12.454545454545455,0.7272727272727273,0.5971705000265501,0.00030018907727935584,0
S4_clustered,130363,188,J+,11,0.0,0,,1,0,0,0,0,0,0,286.0639090909091,208.60932205697245,72.45454545454545,5.0,153.70613436363635,178.21099762564907,112.84736126201268,0.7272727272727273,2.1818181818181817,1.8181818181818181,12.0,0.0,0.1764569999941159,0.00045737330310657853,0
S4_clustered,130363,189,I,16,0.0,0,,1,0,0,0,0,0,0,162.473375,117.4733588654547,40.0,5.0,116.7477821875,117.49778216681734,83.56028216681734,0.5,2.0,1.375,6.5625,0.1875,0.28403460001572967,0.0002581527248821658,0
S4_clustered,130363,189,J,16,0.0,0,,1,0,0,0,0,0,0,102.2974375,73.79744943825285,23.5,5.0,28.7910595625,29.54105956452038,13.853559564520378,0.5625,2.0,1.375,3.8125,0.3125,0.6503956999804359,0.0001910120456614095,0
S4_clustered,130363,189,J+,16,0.0,0,,1,0,0,0,0,0,0,124.8710625,97.24605528862887,22.625,5.0,23.6875,25.5625,12.5,0.8125,1.875,1.4375,3.5625,0.0,0.1827876000024844,0.00011538193803062313,0
S4_clustered,130363,190,I,10,0.0,0,,1,0,0,0,0,0,0,241.3053,171.10532039784394,65.2,5.0,46.7882245,223.24523371479614,158.34523371479614,0.3,2.5,1.7,10.7,0.8,0.43158689999836497,0.00020397843945829663,0
S4_clustered,130363,190,J,10,0.0,0,,1,0,0,0,0,0,0,255.40210000000002,173.80209409290433,76.6,5.0,148.2385664,203.60998317424887,128.80998317424888,0.3,1.8,1.3,12.6,0.3,0.532704899989767,5.907095692236908e-05,0
S4_clustered,130363,190,J+,10,0.0,0,,1,0,0,0,0,0,0,248.3871,170.2871092646871,73.1,5.0,145.1213983,196.63209738821396,124.13209738821395,0.1,1.2,1.2,12.1,0.0,0.04681149998214096,9.264687105314806e-05,0
S4_clustered,130363,191,I,11,0.0,0,,1,0,0,0,0,0,0,303.0779090909091,235.07788597584823,63.0,5.0,142.5654667272727,199.6563758531572,139.474557671339,0.6363636363636364,3.3636363636363638,2.272727272727273,10.272727272727273,0.7272727272727273,1.4416035000176635,0.0002542656693549361,0
S4_clustered,130363,191,J,11,0.0,0,,1,0,0,0,0,0,0,285.31990909090905,214.501710209729,65.81818181818181,5.0,143.77435663636365,190.74706583572996,126.74706583572991,0.2727272727272727,2.8181818181818183,1.9090909090909092,10.818181818181818,0.7272727272727273,1.6998525000235531,0.0001876929809441208,0
S4_clustered,130363,191,J+,11,0.0,0,,1,0,0,0,0,0,0,272.95,208.04089897172145,59.90909090909091,5.0,124.83763481818183,173.6276386658589,114.90036593858616,0.2727272727272727,1.8181818181818181,1.7272727272727273,9.909090909090908,0.0,0.0938460000033956,0.0001113110638470971,0
S4_clustered,130363,192,I,16,0.0,0,,1,0,0,0,0,0,0,73.2128125,42.525283825487755,25.6875,5.0,6.6875,7.4375,0.0,1.0,3.0625,2.5,4.125,0.0,0.30042430001776665,0.0004587921959000596,0
S4_clustered,130363,192,J,16,0.0,0,,1,0,0,0,0,0,0,73.2128125,42.525283825487755,25.6875,5.0,6.6875,7.4375,0.0,1.0,3.0625,2.5,4.125,0.0,0.30106910000904463,0.0004587921959000596,0
S4_clustered,130363,192,J+,16,0.0,0,,1,0,0,0,0,0,0,72.161125,41.411147114678926,25.75,5.0,6.6875,7.4375,0.0,1.0,3.0625,2.5625,4.1875,0.0,0.22479499998735264,0.00035383486283535603,0
S4_clustered,130363,193,I,14,0.0,0,,1,0,0,0,0,0,0,207.222,150.2220099868285,52.0,5.0,141.42402342857142,145.28116631458334,99.9240234574405,0.7142857142857143,2.5714285714285716,1.8571428571428572,8.428571428571429,0.5714285714285714,0.4269417000177782,0.00013981559914100217,0
S4_clustered,130363,193,J,14,0.0,0,,1,0,0,0,0,0,0,207.59464285714284,147.59462315370124,55.0,5.0,117.24859585714286,141.2540125129439,92.61115537008673,0.5714285714285714,2.642857142857143,1.8571428571428572,8.928571428571429,0.5714285714285714,0.5988486999995075,0.0002758481823548209,0
S4_clustered,130363,193,J+,14,0.0,0,,1,0,0,0,0,0,0,211.91392857142858,150.5568024605429,56.357142857142854,5.0,113.05481985714286,134.45149813443854,88.66578384872425,0.6428571428571429,2.857142857142857,2.357142857142857,9.214285714285714,0.0,0.17361050000181422,0.00023444760063284775,0
S4_clustered,130363,194,I,15,0.0,0,,1,0,0,0,0,0,0,225.82646666666668,177.29311324733357,43.53333333333333,5.0,130.92901226666666,133.32901223427587,98.06234556760919,0.7333333333333333,2.7333333333333334,1.6,6.533333333333333,0.3333333333333333,1.375539700005902,0.0003012899965142424,0
S4_clustered,130363,194,J,15,0.0,0,,1,0,0,0,0,0,0,187.37793333333332,130.91124659352252,51.46666666666667,5.0,83.06841726666667,134.39378987564768,88.727123208981,0.7333333333333333,2.6,1.6666666666666667,8.466666666666667,0.5333333333333333,1.6861946000135504,0.000301097162264341,0
S4_clustered,130363,194,J+,15,0.0,0,,1,0,0,0,0,0,0,178.30313333333334,128.16982221624735,45.13333333333333,5.0,76.77736580000001,128.36054810430352,87.0938814376368,0.6666666666666666,1.5333333333333334,1.4,7.466666666666667,0.0,0.06340740001178347,0.0003332437104290875,0
S4_clustered,130363,195,I,13,0.0,0,,1,0,0,0,0,0,0,209.12207692307692,157.73748184770133,46.38461538461539,5.0,109.97563361538461,176.08683469637614,127.47145008099156,0.07692307692307693,2.3846153846153846,1.6153846153846154,7.538461538461538,0.6153846153846154,1.3041828999994323,0.0002640201173562673,0
S4_clustered,130363,195,J,13,0.0,0,,1,0,0,0,0,0,0,170.62915384615386,118.32148834577688,47.30769230769231,5.0,40.438383461538464,159.29151103896416,109.8299725774257,0.23076923076923078,2.4615384615384617,1.8461538461538463,7.6923076923076925,0.6153846153846154,0.9366888999938965,0.00034849509938794654,0
S4_clustered,130363,195,J+,13,0.0,0,,1,0,0,0,0,0,0,185.94715384615387,137.331759657938,43.61538461538461,5.0,28.692307692307693,143.73054621909407,101.57670006524789,0.3076923076923077,1.8461538461538463,1.8461538461538463,7.076923076923077,0.0,0.06769840000197291,0.0001244468060122017,0
S4_clustered,130363,196,I,11,0.0,0,,1,0,0,0,0,0,0,258.90554545454546,178.81465911362304,75.0909090909091,5.0,195.7890760909091,197.42543971607913,126.06180335244272,0.6363636363636364,2.5454545454545454,2.0,12.363636363636363,0.36363636363636365,0.5993509999825619,0.00025024985370691866,0
S4_clustered,130363,196,J,11,0.0,0,,1,0,0,0,0,0,0,247.79163636363637,167.79161428336636,75.0,5.0,136.29218027272728,184.9300121925029,114.6572849197756,0.7272727272727273,1.8181818181818181,1.5454545454545454,12.272727272727273,0.09090909090909091,0.614584199996898,0.0002428829700420465,0
S4_clustered,130363,196,J+,11,0.0,0,,1,0,0,0,0,0,0,246.21027272727272,165.6648164944567,75.54545454545455,5.0,136.29218027272728,182.57463398928542,112.84736126201268,0.8181818181818182,1.9090909090909092,1.7272727272727273,12.363636363636363,0.0,0.09198670001933351,1.8560976513981586e-05,0
S4_clustered,130363,197,I,16,0.0,0,,1,0,0,0,0,0,0,215.2245,166.09949072365376,44.125,5.0,132.2322566875,132.2322566603713,91.29475666037125,0.625,1.8125,1.3125,7.25,0.25,0.5195329000125639,0.0001484215399614186,0
S4_clustered,130363,197,J,16,0.0,0,,1,0,0,0,0,0,0,185.6160625,137.67858284626547,42.9375,5.0,109.578487625,111.82848763771167,73.89098763771167,0.5625,3.4375,2.625,7.0,0.5,1.8916234000062104,0.00032554024755881983,0
S4_clustered,130363,197,J+,16,0.0,0,,1,0,0,0,0,0,0,176.7188125,132.7813183074189,38.9375,5.0,92.922967375,95.17296738969478,66.73546738969476,0.8125,2.75,2.4375,6.4375,0.0,0.24095830001169816,9.2918702193856e-05,0
S4_clustered,130363,198,I,12,0.0,0,,1,0,0,0,0,0,0,238.01691666666667,183.350244124705,49.666666666666664,5.0,70.27358016666666,167.92023335477913,124.17023335477914,0.3333333333333333,1.9166666666666667,1.1666666666666667,8.0,0.3333333333333333,0.4196687999938149,7.050353997328784e-05,0
S4_clustered,130363,198,J,12,0.0,0,,1,0,0,0,0,0,0,195.84408333333332,137.01074262975848,53.833333333333336,5.0,152.92128891666667,172.8840802406265,119.63408024062646,0.3333333333333333,1.75,1.1666666666666667,8.833333333333334,0.5,0.42694639999535866,8.844289800435945e-05,0
S4_clustered,130363,198,J+,12,0.0,0,,1,0,0,0,0,0,0,228.8765,166.20987051429304,57.666666666666664,5.0,77.50891591666667,155.86008115684498,103.44341449017827,0.4166666666666667,2.5,2.0833333333333335,9.333333333333334,0.0,0.14468749999650754,0.00044617151638703945,0
S4_clustered,130363,199,I,12,0.0,0,,1,0,0,0,0,0,0,284.83008333333333,219.24671627352976,60.583333333333336,5.0,122.50501924999999,176.37673409019862,119.04340075686531,0.4166666666666667,2.75,1.75,9.75,0.6666666666666666,0.9196112000208814,0.00040471764259564225,0
S4_clustered,130363,199,J,12,0.0,0,,1,0,0,0,0,0,0,277.4474166666667,204.1140997530382,68.33333333333333,5.0,149.08965833333335,171.05244960938467,108.71911627605131,0.5,2.5833333333333335,1.75,11.25,0.6666666666666666,0.7336041000089608,0.00019703645830304595,0
S4_clustered,130363,199,J+,12,0.0,0,,1,0,0,0,0,0,0,270.86266666666666,199.52937002412247,66.33333333333333,5.0,140.89728983333333,163.36008115684498,103.44341449017828,0.5833333333333334,2.25,2.0833333333333335,10.916666666666666,0.0,0.07511320000048727,0.0004402894696795556,0
S4_clustered,130363,200,I,10,0.0,0,,1,0,0,0,0,0,0,364.6152,290.31523204708867,69.3,5.0,182.677401,222.24361400080102,153.943614000801,0.4,2.1,1.0,11.3,0.5,0.3847712999850046,0.0003204708864359418,0
S4_clustered,130363,200,J,10,0.0,0,,1,0,0,0,0,0,0,309.4056,224.30561125855576,80.1,5.0,147.973826,217.62261606120234,136.5226160612023,0.1,3.1,2.3,13.1,0.8,1.264350800018292,0.0001125855574173329,0
S4_clustered,130363,200,J+,10,0.0,0,,1,0,0,0,0,0,0,269.17109999999997,193.47114190972843,70.7,5.0,166.8659777,195.6213272585996,124.5213272585996,0.1,1.6,1.6,11.7,0.0,0.05781120000756346,0.0004190972845208307,0
