scenario,seed,case,model,n,bias_deg,anomaly,error,all_cleared,undiscovered_cases,undiscovered_sources,coverage_misses,exhausted_cases,exhausted_sources,failed_clears,total_per_source,movement_per_source,detect_switch_per_source,clear_time_per_source,last_discovery_per_source,search_end_per_source,search_movement_per_source,not_ready_rate,active_measurements_per_source,co_measurements_per_source,switches_per_source,insertions_per_source,decision_wall_s,decomposition_error_s,hard_fail
S0_baseline,130363,1,I,15,0.0,0,,1,0,0,0,0,0,0,264.42533333333336,211.49199592477237,47.93333333333333,5.0,142.46064173333335,144.8606417054464,101.1939750387797,0.5333333333333333,2.533333333333333,1.8666666666666667,7.6,0.5333333333333333,0.5102295000106096,6.112841447247774e-05,0
S0_baseline,130363,1,J,15,0.0,0,,1,0,0,0,0,0,0,247.04613333333333,197.57946732276045,44.46666666666667,5.0,93.97573773333333,133.35674795640622,90.49008128973956,0.26666666666666666,2.6,1.9333333333333333,7.133333333333334,0.3333333333333333,1.5955581000016537,9.841406608757097e-06,0
S0_baseline,130363,1,J+,15,0.0,0,,1,0,0,0,0,0,0,246.26940000000002,200.40273764699825,40.86666666666667,5.0,88.32632646666666,121.06679256522146,83.60012589855478,0.3333333333333333,2.0,1.7333333333333334,6.533333333333333,0.0,0.19592790000024252,6.470497373811668e-05,0
S0_baseline,130363,2,I,13,0.0,0,,1,0,0,0,0,0,0,349.7579230769231,292.8348525531576,51.92307692307692,5.0,111.04943200000001,159.47526782327992,112.62911397712605,0.5384615384615384,2.6153846153846154,1.6923076923076923,8.461538461538462,0.38461538461538464,0.9727533999830484,8.31910483611864e-05,0
S0_baseline,130363,2,J,13,0.0,0,,1,0,0,0,0,0,0,312.08007692307694,249.69543081884638,57.38461538461539,5.0,130.49197946153848,154.17661855637633,100.79200317176097,0.46153846153846156,3.0,1.9230769230769231,9.307692307692308,0.6153846153846154,1.622553599998355,0.00039935499717103085,0
S0_baseline,130363,2,J+,13,0.0,0,,1,0,0,0,0,0,0,302.9276923076923,245.69692260805337,52.23076923076923,5.0,120.36672907692308,144.4499232967469,97.06530791213149,0.46153846153846156,2.1538461538461537,1.6923076923076923,8.384615384615385,0.0,0.18761159997666255,6.095306162023917e-06,0
S0_baseline,130363,3,I,14,0.0,0,,1,0,0,0,0,0,0,279.5882857142857,226.51687845945096,48.07142857142857,5.0,152.62636607142855,152.62636604371758,106.76922318657475,0.35714285714285715,2.2142857142857144,1.2857142857142858,7.714285714285714,0.5714285714285714,1.333167400007369,0.0002984323136843159,0
S0_baseline,130363,3,J,14,0.0,0,,1,0,0,0,0,0,0,282.165,226.59356978286627,50.57142857142857,5.0,123.73437871428573,141.71601707527356,92.71601707527358,0.21428571428571427,2.5,1.5714285714285714,8.071428571428571,0.5714285714285714,1.0266550999949686,2.3039872303343145e-05,0
S0_baseline,130363,3,J+,14,0.0,0,,1,0,0,0,0,0,0,281.04278571428574,224.54279831069604,51.5,5.0,136.06399142857143,137.77827717438706,90.34970574581563,0.2857142857142857,2.2857142857142856,1.9285714285714286,8.285714285714286,0.0,0.15604949998669326,0.00017634974437896744,0
S0_baseline,130363,4,I,10,0.0,0,,1,0,0,0,0,0,0,380.7876,302.7875726548649,73.0,5.0,223.1238103,224.923810305832,154.523810305832,0.5,2.0,1.1,12.0,0.6,1.155421200004639,0.00027345135140421917,0
S0_baseline,130363,4,J,10,0.0,0,,1,0,0,0,0,0,0,392.9755,304.67548810679193,83.3,5.0,212.22579000000002,214.02579002622718,135.1257900262272,0.5,2.5,1.5,13.8,0.5,0.8371096999908332,0.00011893208056790172,0
S0_baseline,130363,4,J+,10,0.0,0,,1,0,0,0,0,0,0,382.3192,297.0191814846464,80.3,5.0,198.5343696,200.33436957498336,126.23436957498333,0.7,2.0,1.3,13.3,0.0,0.11334899999201298,0.00018515353576731286,0
S0_baseline,130363,5,I,14,0.0,0,,1,0,0,0,0,0,0,326.01971428571426,269.3054158545155,51.714285714285715,5.0,145.37468857142858,147.51754573983757,104.01754573983757,0.7142857142857143,3.142857142857143,1.7142857142857142,7.785714285714286,0.5714285714285714,0.5575122000009287,0.00017803678292693803,0
S0_baseline,130363,5,J,14,0.0,0,,1,0,0,0,0,0,0,299.96407142857146,245.24976659365726,49.714285714285715,5.0,120.41685071428572,140.81072540602472,95.23929683459615,0.5,2.5714285714285716,1.5,7.928571428571429,0.5714285714285714,0.7635287000157405,0.00026768879888550146,0
S0_baseline,130363,5,J+,14,0.0,0,,1,0,0,0,0,0,0,282.24764285714286,231.46192432124914,45.785714285714285,5.0,93.14517107142856,130.367099016862,88.93852758829055,0.5,2.2142857142857144,1.7857142857142858,7.214285714285714,0.0,0.16741490000276826,5.950251215836033e-05,0
S0_baseline,130363,6,I,15,0.0,0,,1,0,0,0,0,0,0,283.045,232.57833646311425,45.46666666666667,5.0,139.74583033333334,142.14583033757032,100.01249700423699,0.4666666666666667,2.066666666666667,1.2666666666666666,7.466666666666667,0.5333333333333333,0.7582583999901544,4.694671360994107e-05,0
S0_baseline,130363,6,J,15,0.0,0,,1,0,0,0,0,0,0,270.1716666666667,214.57168557257583,50.6,5.0,130.59259593333334,132.59259591821078,85.19259591821078,0.4,2.533333333333333,1.8,8.266666666666667,0.4,1.3289777000027243,0.00028358863755784114,0
S0_baseline,130363,6,J+,15,0.0,0,,1,0,0,0,0,0,0,264.1178,212.5177790927035,46.6,5.0,123.21143066666667,126.01143065054629,82.94476398387961,0.4,1.8666666666666667,1.6666666666666667,7.6,0.0,0.13439359999028966,0.000313609447402996,0
S0_baseline,130363,7,I,13,0.0,0,,1,0,0,0,0,0,0,307.4215384615385,247.036954116026,55.38461538461539,5.0,138.1620446923077,162.46648125988455,110.15878895219224,0.38461538461538464,2.3076923076923075,1.3076923076923077,8.846153846153847,0.6153846153846154,1.3651903999852948,0.00040350833796765073,0
S0_baseline,130363,7,J,13,0.0,0,,1,0,0,0,0,0,0,303.7604615384615,237.99126223204817,60.76923076923077,5.0,145.39789592307693,163.825087873334,104.90201095025706,0.3076923076923077,2.4615384615384617,1.6923076923076923,10.0,0.6153846153846154,1.138825200003339,0.00040901662623582524,0
S0_baseline,130363,7,J+,13,0.0,0,,1,0,0,0,0,0,0,289.53292307692305,228.9175051352993,55.61538461538461,5.0,129.45118869230768,148.80145762538788,95.87838070231093,0.38461538461538464,1.6153846153846154,1.3846153846153846,9.076923076923077,0.0,0.14357980000204407,0.0004332411090217647,0
S0_baseline,130363,8,I,16,0.0,0,,1,0,0,0,0,0,0,247.1665625,197.79153319472508,44.375,5.0,112.0771925,113.57719250798824,75.51469250798823,0.6875,2.8125,1.9375,7.1875,0.5,0.6806513000046834,0.0004688843987423752,0
S0_baseline,130363,8,J,16,0.0,0,,1,0,0,0,0,0,0,230.4384375,181.18845084953432,44.25,5.0,96.5679378125,98.06793780810227,60.005437808102286,0.75,3.0625,2.1875,7.0625,0.5,1.3860523999901488,0.0002135925492439128,0
S0_baseline,130363,8,J+,16,0.0,0,,1,0,0,0,0,0,0,232.5111875,189.44868336466928,38.0625,5.0,86.4771270625,88.35212707854964,56.22712707854966,0.75,2.0,1.75,6.1875,0.0,0.1487120999954641,6.61652916278399e-05,0
S0_baseline,130363,9,I,10,0.0,0,,1,0,0,0,0,0,0,386.4602,307.5602213348291,73.9,5.0,182.8064402,216.0064401574417,146.10644015744168,0.6,2.9,1.7,11.9,0.8,0.5076207999954931,0.0002133482912540785,0
S0_baseline,130363,9,J,10,0.0,0,,1,0,0,0,0,0,0,377.57460000000003,288.87462838316696,83.7,5.0,178.5026465,213.24661128430552,133.14661128430552,0.6,2.9,1.9,13.7,0.6,1.0476632000063546,0.00028383166954881744,0
S0_baseline,130363,9,J+,10,0.0,0,,1,0,0,0,0,0,0,351.40160000000003,270.30161451364336,76.1,5.0,147.4801165,202.5908155918766,128.49081559187658,0.5,1.8,1.5,12.6,0.0,0.1353625999763608,0.00014513643327518366,0
S0_baseline,130363,10,I,11,0.0,0,,1,0,0,0,0,0,0,321.95509090909087,256.77325204766186,60.18181818181818,5.0,139.0374370909091,198.19752846142057,138.83389209778423,0.36363636363636365,2.5454545454545454,1.5454545454545454,9.727272727272727,0.7272727272727273,0.7465310999832582,0.00022747571938452893,0
S0_baseline,130363,10,J,11,0.0,0,,1,0,0,0,0,0,0,308.5490909090909,234.9127401993526,68.63636363636364,5.0,136.6763880909091,186.25280836127723,119.07099017945907,0.36363636363636365,2.909090909090909,2.0,11.363636363636363,0.6363636363636364,1.5587368000124115,0.00014219287868399988,0
S0_baseline,130363,10,J+,11,0.0,0,,1,0,0,0,0,0,0,306.81072727272726,237.26527840973029,64.54545454545455,5.0,149.3438870909091,172.75784123778993,112.93965941960809,0.45454545454545453,1.9090909090909092,1.6363636363636365,10.454545454545455,0.0,0.13775639998493716,6.250703290788806e-05,0
S0_baseline,130363,11,I,10,0.0,0,,1,0,0,0,0,0,0,370.4127,290.31269466209176,75.1,5.0,152.3988468,223.06750462078617,153.36750462078618,0.7,2.7,1.6,12.1,0.6,0.6020044999895617,5.337908214642084e-05,0
S0_baseline,130363,11,J,10,0.0,0,,1,0,0,0,0,0,0,346.3804,260.7804038882067,80.6,5.0,172.8998755,202.96590042354495,127.06590042354495,0.6,3.0,1.8,13.1,0.6,1.1305058999860194,3.888206674673711e-05,0
S0_baseline,130363,11,J+,10,0.0,0,,1,0,0,0,0,0,0,342.7866,261.8865616845312,75.9,5.0,165.9818817,195.73055023610468,125.23055023610468,0.7,2.2,1.7,12.4,0.0,0.1275076000019908,0.00038315468782457174,0
S0_baseline,130363,12,I,11,0.0,0,,1,0,0,0,0,0,0,361.1287272727273,283.2196679555963,72.9090909090909,5.0,194.70397945454545,195.79488852172335,130.43125215808698,0.6363636363636364,2.909090909090909,1.8181818181818181,12.0,0.5454545454545454,1.1861095999774989,0.0003475115595392708,0
S0_baseline,130363,12,J,11,0.0,0,,1,0,0,0,0,0,0,365.48845454545454,281.1248116564001,79.36363636363636,5.0,185.34899045454546,189.71262685258688,116.25808139804138,0.6363636363636364,3.090909090909091,1.9090909090909092,13.0,0.5454545454545454,1.0728464999992866,7.177959923865274e-05,0
S0_baseline,130363,12,J+,11,0.0,0,,1,0,0,0,0,0,0,358.70272727272726,283.3391111665385,70.36363636363636,5.0,107.96913518181819,176.57463398928542,112.84736126201265,0.6363636363636364,2.3636363636363638,2.0,11.272727272727273,0.0,0.12292900000466034,0.00022283192311078892,0
S0_baseline,130363,13,I,14,0.0,0,,1,0,0,0,0,0,0,274.0297142857143,218.24399062118337,50.785714285714285,5.0,154.299798,154.72836940162077,104.9426551159065,0.2857142857142857,2.2857142857142856,1.6428571428571428,8.285714285714286,0.5,0.9829317999829073,0.00013130343313605408,0
S0_baseline,130363,13,J,14,0.0,0,,1,0,0,0,0,0,0,270.1107857142857,210.39649697574413,54.714285714285715,5.0,124.72471714285714,142.53081949741696,90.03081949741694,0.35714285714285715,2.357142857142857,1.5714285714285714,9.0,0.5714285714285714,1.3749981000146363,4.2339582250860985e-05,0
S0_baseline,130363,13,J+,14,0.0,0,,1,0,0,0,0,0,0,268.8585,210.50137730881266,53.357142857142854,5.0,119.67957650000001,136.79054048908,88.93339763193715,0.42857142857142855,2.142857142857143,1.7142857142857142,8.714285714285714,0.0,0.2039805999957025,0.0002823233776325651,0
S0_baseline,130363,14,I,14,0.0,0,,1,0,0,0,0,0,0,291.4127142857143,239.55554770745405,46.857142857142854,5.0,108.29309735714286,151.32409967478574,109.68124253192865,0.42857142857142855,2.5714285714285716,1.5,7.214285714285714,0.5714285714285714,0.4932373999909032,0.00033209564298886107,0
S0_baseline,130363,14,J,14,0.0,0,,1,0,0,0,0,0,0,278.96135714285714,223.46136173221913,50.5,5.0,102.76103407142857,141.33953137384472,94.91095994527329,0.42857142857142855,2.7142857142857144,1.7142857142857142,8.0,0.42857142857142855,1.1655634999915492,6.42510681245767e-05,0
S0_baseline,130363,14,J+,14,0.0,0,,1,0,0,0,0,0,0,252.59457142857144,200.38025351032462,47.214285714285715,5.0,95.5152845,133.0265430864619,91.16940022931905,0.5714285714285714,2.142857142857143,1.9285714285714286,7.571428571428571,0.0,0.11500309998518787,0.0004508554552558053,0
S0_baseline,130363,15,I,10,0.0,0,,1,0,0,0,0,0,0,354.5866,280.7865558587284,68.8,5.0,175.5115311,206.91153114619024,143.51153114619024,0.7,1.8,1.0,11.3,0.4,0.3177630999998655,0.000441412716099876,0
S0_baseline,130363,15,J,10,0.0,0,,1,0,0,0,0,0,0,338.8125,254.31250766799502,79.5,5.0,176.5633158,212.49745620084724,134.89745620084727,0.5,2.5,1.9,13.0,0.4,0.8125898000143934,7.667995032534236e-05,0
S0_baseline,130363,15,J+,10,0.0,0,,1,0,0,0,0,0,0,334.515,252.2149622123267,77.3,5.0,167.37829870000002,200.8038182601356,126.7038182601356,0.6,2.1,1.9,12.8,0.0,0.10642619998543523,0.0003778767331823474,0
S0_baseline,130363,16,I,14,0.0,0,,1,0,0,0,0,0,0,288.05414285714284,234.6970165789949,48.357142857142854,5.0,142.92819685714286,145.07105397896322,101.49962540753465,0.5,2.642857142857143,1.6428571428571428,7.642857142857143,0.5714285714285714,0.9155838000006042,0.00023210592871691915,0
S0_baseline,130363,16,J,14,0.0,0,,1,0,0,0,0,0,0,278.43764285714286,224.43766623077514,49.0,5.0,106.96395314285714,149.1451384467389,101.50228130388177,0.35714285714285715,2.5714285714285716,1.6428571428571428,7.928571428571429,0.5714285714285714,1.2875982999976259,0.0003272308517807687,0
S0_baseline,130363,16,J+,14,0.0,0,,1,0,0,0,0,0,0,273.0679285714286,221.63937566105827,46.42857142857143,5.0,95.94385592857144,135.7429646454426,91.38582178829974,0.35714285714285715,2.142857142857143,1.8571428571428572,7.5,0.0,0.16100680001545697,0.0002592548157736019,0
S0_baseline,130363,17,I,11,0.0,0,,1,0,0,0,0,0,0,383.58272727272725,310.0373077644799,68.54545454545455,5.0,190.02288590909092,194.38652222796657,132.38652222796662,0.7272727272727273,2.909090909090909,1.5454545454545454,11.272727272727273,0.6363636363636364,1.307891300006304,0.0003854092792607844,0
S0_baseline,130363,17,J,11,0.0,0,,1,0,0,0,0,0,0,414.5271818181818,334.43624349429905,75.0909090909091,5.0,191.08887845454547,194.90706027654994,126.36160573109541,0.6363636363636364,3.0,1.5454545454545454,11.909090909090908,0.6363636363636364,1.4494989000086207,0.00032156271026906325,0
S0_baseline,130363,17,J+,11,0.0,0,,1,0,0,0,0,0,0,371.63772727272726,299.45590137246035,67.18181818181819,5.0,131.49906645454544,178.32697474233092,116.32697474233095,0.6363636363636364,1.9090909090909092,1.2727272727272727,10.818181818181818,0.0,0.17456070001935586,8.490293612339883e-05,0
S0_baseline,130363,18,I,14,0.0,0,,1,0,0,0,0,0,0,286.20435714285713,231.41863212467703,49.785714285714285,5.0,131.62443235714287,156.0859552469338,109.3002409612195,0.42857142857142855,2.857142857142857,1.9285714285714286,8.0,0.5714285714285714,1.4366203999961726,0.00015025452148620388,0
S0_baseline,130363,18,J,14,0.0,0,,1,0,0,0,0,0,0,283.1342142857143,226.41995333505733,51.714285714285715,5.0,132.37417014285714,151.36716698242245,102.15288126813672,0.35714285714285715,2.5,1.5714285714285714,8.142857142857142,0.5714285714285714,0.79601749998983,0.0003466908028713078,0
S0_baseline,130363,18,J+,14,0.0,0,,1,0,0,0,0,0,0,267.24935714285715,213.2493315462446,49.0,5.0,121.74063042857142,139.70873724450752,93.7087372445075,0.35714285714285715,2.0,1.6428571428571428,7.928571428571429,0.0,0.1771428000065498,0.0003583525754038419,0
S0_baseline,130363,19,I,11,0.0,0,,1,0,0,0,0,0,0,354.7399090909091,281.19449183216426,68.54545454545455,5.0,167.01424872727273,198.83243058619394,134.4687942225576,0.6363636363636364,3.3636363636363638,2.090909090909091,10.818181818181818,0.7272727272727273,0.9888575999939349,0.0004101538065697241,0
S0_baseline,130363,19,J,11,0.0,0,,1,0,0,0,0,0,0,351.84645454545455,274.7555489938822,72.0909090909091,5.0,137.72894127272727,191.51919572812497,123.3373775463068,0.5454545454545454,3.090909090909091,1.7272727272727273,11.636363636363637,0.7272727272727273,1.0858373999944888,3.893270377375302e-05,0
S0_baseline,130363,19,J+,11,0.0,0,,1,0,0,0,0,0,0,334.42972727272723,261.4297435178871,68.0,5.0,128.07480672727272,176.4512225935565,113.4512225935565,0.5454545454545454,2.3636363636363638,2.0,11.181818181818182,0.0,0.14128319997689687,0.0001786967582120269,0
S0_baseline,130363,20,I,14,0.0,0,,1,0,0,0,0,0,0,251.65657142857143,200.0851142993415,46.57142857142857,5.0,130.411951,155.30378496037227,109.87521353180084,0.42857142857142855,2.4285714285714284,1.5714285714285714,7.642857142857143,0.5714285714285714,0.9018362000060733,0.0003998092188339797,0
S0_baseline,130363,20,J,14,0.0,0,,1,0,0,0,0,0,0,256.4895714285714,197.6324332449341,53.857142857142854,5.0,136.18984521428573,152.8722377913995,100.94366636282805,0.5,2.857142857142857,2.0,8.857142857142858,0.5714285714285714,1.0203778000141028,6.542907749462756e-05,0
S0_baseline,130363,20,J+,14,0.0,0,,1,0,0,0,0,0,0,246.90214285714288,193.18783846763654,48.714285714285715,5.0,120.326181,137.86571637828348,91.72285923542631,0.42857142857142855,2.0,1.8571428571428572,8.0,0.0,0.1453048999828752,0.00026145308856939664,0
S0_baseline,130363,21,I,10,0.0,0,,1,0,0,0,0,0,0,371.8786,298.1785709279061,68.7,5.0,203.6182253,210.21822527583367,143.71822527583367,0.2,2.3,1.3,11.2,0.7,0.9525705999985803,0.0002907209391196375,0
S0_baseline,130363,21,J,10,0.0,0,,1,0,0,0,0,0,0,361.31669999999997,281.0166614421926,75.3,5.0,199.23228690000002,205.23228687595446,131.73228687595446,0.3,2.3,1.3,12.3,0.6,1.3003433000121731,0.0003855780737467285,0
S0_baseline,130363,21,J+,10,0.0,0,,1,0,0,0,0,0,0,334.691,260.99095006508094,68.7,5.0,136.93317389999999,192.04387300242905,124.54387300242902,0.3,1.6,1.2,11.2,0.0,0.1404249999905005,0.0004993491902496316,0
S0_baseline,130363,22,I,11,0.0,0,,1,0,0,0,0,0,0,298.01154545454546,236.01157268696022,57.0,5.0,106.54400618181818,190.93252981676787,132.65980254404062,0.18181818181818182,2.4545454545454546,1.7272727272727273,9.272727272727273,0.5454545454545454,0.8005867000028957,0.0002995565623677976,0
S0_baseline,130363,22,J,11,0.0,0,,1,0,0,0,0,0,0,305.73845454545454,232.9202684578081,67.81818181818181,5.0,171.31296645454543,197.82572123637286,130.73481214546374,0.2727272727272727,3.090909090909091,1.9090909090909092,11.0,0.7272727272727273,1.3173037000233307,4.6964110879343934e-05,0
S0_baseline,130363,22,J+,11,0.0,0,,1,0,0,0,0,0,0,306.72672727272726,241.99942861382922,59.72727272727273,5.0,154.34165845454547,180.8544132598123,121.30895871435774,0.18181818181818182,1.7272727272727273,1.4545454545454546,9.727272727272727,0.0,0.10143120001885109,0.0002852478787644941,0
S0_baseline,130363,23,I,16,0.0,0,,1,0,0,0,0,0,0,262.731,220.23099813561643,37.5,5.0,107.843222375,120.6757641900565,88.6757641900565,0.5,2.5625,1.5,5.9375,0.5,1.031717200006824,2.9830137009412283e-05,0
S0_baseline,130363,23,J,16,0.0,0,,1,0,0,0,0,0,0,239.6410625,193.32857454924937,41.3125,5.0,107.734890875,119.20096179477758,81.32596179477758,0.375,2.375,1.3125,6.625,0.5,1.0184029999945778,0.00019278798981758882,0
S0_baseline,130363,23,J+,16,0.0,0,,1,0,0,0,0,0,0,239.6788125,196.36632121889977,38.3125,5.0,99.6616483125,111.24770711093255,77.68520711093254,0.4375,1.875,1.25,6.125,0.0,0.24813569997786544,0.00013950239645055262,0
S0_baseline,130363,24,I,14,0.0,0,,1,0,0,0,0,0,0,299.5936428571428,249.3079498003222,45.285714285714285,5.0,122.85142699999999,146.09364825747235,104.37936254318664,0.42857142857142855,2.5714285714285716,1.6428571428571428,7.071428571428571,0.5714285714285714,0.693353600014234,0.00029720451129833236,0
S0_baseline,130363,24,J,14,0.0,0,,1,0,0,0,0,0,0,294.55071428571426,239.76499241980272,49.785714285714285,5.0,125.03660114285715,142.61142715384207,94.4685700109849,0.2857142857142857,2.642857142857143,1.7142857142857142,8.0,0.5714285714285714,0.7328161000041291,0.00010612276173560531,0
S0_baseline,130363,24,J+,14,0.0,0,,1,0,0,0,0,0,0,262.6147142857143,213.68613511810784,43.92857142857143,5.0,113.4969875,131.4650943644413,88.89366579301274,0.2857142857142857,1.7142857142857142,1.5,7.142857142857143,0.0,0.13565809998544864,0.000108346490378608,0
S0_baseline,130363,25,I,15,0.0,0,,1,0,0,0,0,0,0,259.55246666666665,209.485787669552,45.06666666666667,5.0,122.16714366666666,146.37465825501874,101.64132492168538,0.3333333333333333,2.2,1.4666666666666666,7.4,0.5333333333333333,1.8664593999856152,0.00018495671974960715,0
S0_baseline,130363,25,J,15,0.0,0,,1,0,0,0,0,0,0,251.4668,193.2667803371852,53.2,5.0,125.35599586666667,142.5566202306458,91.75662023064582,0.4,3.066666666666667,2.2,8.533333333333333,0.5333333333333333,1.16348069999367,0.0002949422218989639,0
S0_baseline,130363,25,J+,15,0.0,0,,1,0,0,0,0,0,0,250.57253333333335,197.8391931163402,47.733333333333334,5.0,108.26629093333332,125.88185814830014,82.88185814830014,0.4,2.1333333333333333,1.8,7.733333333333333,0.0,0.1826844000024721,0.00010325489711249247,0
S0_baseline,130363,26,I,13,0.0,0,,1,0,0,0,0,0,0,268.6096923076923,211.7635404798762,51.84615384615385,5.0,131.7749843076923,163.0734341444427,112.30420337521196,0.3076923076923077,2.3846153846153846,1.6923076923076923,8.384615384615385,0.46153846153846156,1.2298593000159599,2.6238391001243144e-05,0
S0_baseline,130363,26,J,13,0.0,0,,1,0,0,0,0,0,0,289.01207692307696,229.47364344628724,54.53846153846154,5.0,119.87255030769231,159.56675327245225,106.1821378878369,0.38461538461538464,2.3076923076923075,1.2307692307692308,8.76923076923077,0.6153846153846154,0.5599309999961406,0.0003648017341220111,0
S0_baseline,130363,26,J+,13,0.0,0,,1,0,0,0,0,0,0,280.22492307692306,222.68642377190807,52.53846153846154,5.0,108.44684638461538,149.02209493241833,99.0990180093414,0.38461538461538464,2.0,1.6153846153846154,8.307692307692308,0.0,0.11973669999861158,0.0004909651952402783,0
S0_baseline,130363,27,I,12,0.0,0,,1,0,0,0,0,0,0,328.9700833333333,269.38677000502474,54.583333333333336,5.0,120.69975899999999,177.16579890264362,124.16579890264366,0.3333333333333333,2.5833333333333335,1.4166666666666667,8.75,0.6666666666666666,0.615554100018926,0.00024006029661904904,0
S0_baseline,130363,27,J,12,0.0,0,,1,0,0,0,0,0,0,301.17725,235.1772581464883,61.0,5.0,143.14909116666666,166.61188249033594,108.52854915700262,0.5,2.5,1.25,9.75,0.6666666666666666,1.197439099982148,9.775785974852624e-05,0
S0_baseline,130363,27,J+,12,0.0,0,,1,0,0,0,0,0,0,335.00791666666663,271.0912826435674,58.916666666666664,5.0,133.3903245,157.85311579711103,103.51978246377767,0.5,2.1666666666666665,1.5833333333333333,9.333333333333334,0.0,0.18631650001043454,0.00039172280912680435,0
S0_baseline,130363,28,I,16,0.0,0,,1,0,0,0,0,0,0,213.880125,170.19263004308925,38.6875,5.0,109.3834200625,110.13342005107238,76.32092005107239,0.625,2.8125,1.875,6.1875,0.5,1.9357744000153616,8.068942815953051e-05,0
S0_baseline,130363,28,J,16,0.0,0,,1,0,0,0,0,0,0,231.3230625,185.448045949314,40.875,5.0,93.4744785,103.53856764383984,70.03856764383985,0.6875,3.1875,2.125,6.5,0.5,1.7105000999872573,0.00026481097575015156,0
S0_baseline,130363,28,J+,16,0.0,0,,1,0,0,0,0,0,0,224.2839375,182.09643437284137,37.1875,5.0,82.0758739375,92.8899630446453,64.51496304464527,0.75,2.5625,2.0625,5.9375,0.0,0.239224999997532,5.003453816243564e-05,0
S0_baseline,130363,29,I,10,0.0,0,,1,0,0,0,0,0,0,316.9543,243.85433463144264,68.1,5.0,173.6548173,214.31792874230837,147.61792874230838,0.2,2.7,1.8,11.1,0.8,0.9760965000023134,0.0003463144262241258,0
S0_baseline,130363,29,J,10,0.0,0,,1,0,0,0,0,0,0,322.81640000000004,241.41635618419687,76.4,5.0,177.41916020000002,210.62287742692024,135.7228774269203,0.4,3.0,2.0,12.4,0.8,1.1639580000191927,0.000438158031556668,0
S0_baseline,130363,29,J+,10,0.0,0,,1,0,0,0,0,0,0,306.7219,228.32193620472998,73.4,5.0,91.2106991,198.03839530987244,127.53839530987241,0.3,2.6,2.5,11.9,0.0,0.10731550000491552,0.000362047299859114,0
S0_baseline,130363,30,I,10,0.0,0,,1,0,0,0,0,0,0,390.4912,312.19116751145555,73.3,5.0,210.518413,215.91841296366587,145.7184129636659,0.6,2.4,1.1,11.8,0.8,0.8695229000004474,0.00032488544457009993,0
S0_baseline,130363,30,J,10,0.0,0,,1,0,0,0,0,0,0,397.0814,305.68139852725636,86.4,5.0,208.21230780000002,208.8123077800768,128.9123077800768,0.7,2.7,1.2,13.9,0.7,0.842384999996284,1.4727436337125255e-05,0
S0_baseline,130363,30,J+,10,0.0,0,,1,0,0,0,0,0,0,398.9657,310.86573797092984,83.1,5.0,199.0667005,199.66670054909673,124.26670054909671,0.7,2.1,1.3,13.6,0.0,0.17925379998632707,0.00037970929815855925,0
S0_baseline,130363,31,I,11,0.0,0,,1,0,0,0,0,0,0,349.87490909090906,282.6021642786847,62.27272727272727,5.0,153.90003509090909,186.26367141840453,128.08185323658634,0.5454545454545454,2.090909090909091,1.2727272727272727,10.0,0.45454545454545453,0.8663401999801863,0.0001929344680320355,0
S0_baseline,130363,31,J,11,0.0,0,,1,0,0,0,0,0,0,348.4501818181818,273.541088210669,69.9090909090909,5.0,141.7647798181818,189.80121880457327,123.52849153184602,0.5454545454545454,2.4545454545454546,1.4545454545454546,11.272727272727273,0.6363636363636364,1.0486831000016537,2.9682641525141662e-05,0
S0_baseline,130363,31,J+,11,0.0,0,,1,0,0,0,0,0,0,335.98027272727273,263.1620639137496,67.81818181818181,5.0,129.20127118181819,176.57463398928542,112.84736126201268,0.5454545454545454,2.090909090909091,1.8181818181818181,11.0,0.0,0.1351886999909766,0.00029694875456698355,0
S0_baseline,130363,32,I,13,0.0,0,,1,0,0,0,0,0,0,306.24576923076927,248.47650070268648,52.76923076923077,5.0,168.96356323076924,169.88664012522122,120.1174093559904,0.5384615384615384,2.1538461538461537,1.1538461538461537,8.538461538461538,0.6153846153846154,0.6660207999811973,0.0004908650757897703,0
S0_baseline,130363,32,J,13,0.0,0,,1,0,0,0,0,0,0,315.05123076923076,249.82046636713116,60.23076923076923,5.0,136.94247315384615,156.7319525510081,99.27041408946965,0.38461538461538464,2.5384615384615383,1.5384615384615385,9.846153846153847,0.6153846153846154,0.4752855999977328,6.27727049504756e-05,0
S0_baseline,130363,32,J+,13,0.0,0,,1,0,0,0,0,0,0,295.5732307692308,237.41937983442983,53.15384615384615,5.0,108.465054,145.2854543066399,95.67006969125525,0.46153846153846156,1.9230769230769231,1.4615384615384615,8.538461538461538,0.0,0.22791780001716688,6.215241228346713e-05,0
S0_baseline,130363,33,I,11,0.0,0,,1,0,0,0,0,0,0,359.52536363636364,293.7071867453631,60.81818181818182,5.0,128.78059172727274,187.48330131436163,131.0287558598162,0.5454545454545454,2.3636363636363638,1.1818181818181819,9.909090909090908,0.5454545454545454,0.8419886999763548,5.419899434855324e-05,0
S0_baseline,130363,33,J,11,0.0,0,,1,0,0,0,0,0,0,375.9968181818182,299.72412666434053,71.27272727272727,5.0,171.72233554545454,195.68174419893066,127.86356238074887,0.36363636363636365,3.090909090909091,1.9090909090909092,11.272727272727273,0.7272727272727273,0.8232112000114284,0.00039330774552581715,0
S0_baseline,130363,33,J+,11,0.0,0,,1,0,0,0,0,0,0,363.9472727272727,293.94724497799666,65.0,5.0,101.42368063636364,172.21099762564907,112.84736126201268,0.5454545454545454,2.3636363636363638,1.7272727272727273,10.454545454545455,0.0,0.16724199999589473,0.00030524203702952946,0
S0_baseline,130363,34,I,12,0.0,0,,1,0,0,0,0,0,0,307.729,247.47899459451136,55.25,5.0,181.6188664166667,183.618866429479,128.618866429479,0.3333333333333333,1.9166666666666667,1.1666666666666667,9.0,0.6666666666666666,0.9835482000198681,6.486586380560766e-05,0
S0_baseline,130363,34,J,12,0.0,0,,1,0,0,0,0,0,0,297.66875,230.91874867390092,61.75,5.0,127.86256475,168.2896657617625,109.03966576176249,0.4166666666666667,2.25,1.3333333333333333,10.083333333333334,0.5,0.9592599000025075,1.5913189145067008e-05,0
S0_baseline,130363,34,J+,12,0.0,0,,1,0,0,0,0,0,0,297.56241666666665,233.22904758604543,59.333333333333336,5.0,119.1512065,159.07678910718897,104.24345577385562,0.5,1.8333333333333333,1.3333333333333333,9.75,0.0,0.16637670001364313,0.0004289674548090261,0
S0_baseline,130363,35,I,12,0.0,0,,1,0,0,0,0,0,0,248.59875,185.34875676471697,58.25,5.0,179.36787325,181.86787322451218,122.53453989117884,0.16666666666666666,2.4166666666666665,1.6666666666666667,9.5,0.6666666666666666,0.7688435000018217,8.117660354400869e-05,0
S0_baseline,130363,35,J,12,0.0,0,,1,0,0,0,0,0,0,266.97425,202.14090705224137,59.833333333333336,5.0,110.61141908333333,172.5761806377891,112.49284730445576,0.16666666666666666,2.5,1.8333333333333333,9.833333333333334,0.5833333333333334,1.4015875000040978,0.00011537310319909011,0
S0_baseline,130363,35,J+,12,0.0,0,,1,0,0,0,0,0,0,261.83433333333335,202.16764161770348,54.666666666666664,5.0,96.97170725000001,156.69990948719928,103.44990948719929,0.16666666666666666,1.6666666666666667,1.5833333333333333,8.833333333333334,0.0,0.07262520000222139,0.0003005875582857698,0
S0_baseline,130363,36,I,11,0.0,0,,1,0,0,0,0,0,0,298.33681818181816,232.70044901325812,60.63636363636363,5.0,171.0699480909091,203.44141025331416,143.62322843513235,0.36363636363636365,2.909090909090909,1.8181818181818181,9.727272727272727,0.7272727272727273,1.1355915000021923,6.0854160437884275e-05,0
S0_baseline,130363,36,J,11,0.0,0,,1,0,0,0,0,0,0,282.80845454545454,214.80849786012215,63.0,5.0,116.02789472727272,183.33152413291302,120.96788776927664,0.18181818181818182,2.5454545454545454,1.6363636363636365,10.272727272727273,0.7272727272727273,1.1093556999985594,0.00047646134362366865,0
S0_baseline,130363,36,J+,11,0.0,0,,1,0,0,0,0,0,0,272.59327272727273,208.3205417168423,59.27272727272727,5.0,102.51458972727274,172.79905029897876,114.16268666261512,0.18181818181818182,1.9090909090909092,1.8181818181818181,9.727272727272727,0.0,0.08988429998862557,4.111473435841617e-05,0
S0_baseline,130363,37,I,13,0.0,0,,1,0,0,0,0,0,0,293.29553846153846,236.91094710333982,51.38461538461539,5.0,162.21934923076924,162.68088771501587,114.06550309963123,0.46153846153846156,2.5384615384615383,1.4615384615384615,8.307692307692308,0.6153846153846154,1.101097500009928,0.0003123434175904549,0
S0_baseline,130363,37,J,13,0.0,0,,1,0,0,0,0,0,0,287.15976923076926,224.6212848251553,57.53846153846154,5.0,136.6409703846154,157.157560899124,102.61909936066246,0.5384615384615384,3.0,1.9230769230769231,9.461538461538462,0.6153846153846154,1.4200596000009682,0.0002972729812427133,0
S0_baseline,130363,37,J+,13,0.0,0,,1,0,0,0,0,0,0,287.9433846153846,230.71260947435854,52.23076923076923,5.0,127.92864653846154,147.74045385981304,99.04814616750535,0.5384615384615384,2.1538461538461537,1.7692307692307692,8.384615384615385,0.0,0.21183580000069924,7.683333888053312e-05,0
S0_baseline,130363,38,I,11,0.0,0,,1,0,0,0,0,0,0,341.19654545454546,274.832902258429,61.36363636363637,5.0,135.22658272727273,200.77502175245033,140.13865811608673,0.36363636363636365,2.5454545454545454,1.6363636363636365,10.0,0.7272727272727273,1.1732721999869682,7.515728066209704e-05,0
S0_baseline,130363,38,J,11,0.0,0,,1,0,0,0,0,0,0,333.40536363636363,262.2235466587121,66.18181818181819,5.0,138.3746557272727,185.66418851435495,121.02782487799132,0.2727272727272727,2.4545454545454546,1.4545454545454546,10.727272727272727,0.7272727272727273,0.723296299984213,1.3245833542896435e-05,0
S0_baseline,130363,38,J+,11,0.0,0,,1,0,0,0,0,0,0,332.46445454545454,265.7371408102948,61.72727272727273,5.0,127.24061554545455,174.55594254360986,115.3741243617917,0.36363636363636365,1.7272727272727273,1.3636363636363635,9.909090909090908,0.0,0.13276829998358153,0.00045108675703886547,0
S0_baseline,130363,39,I,15,0.0,0,,1,0,0,0,0,0,0,287.6297333333333,235.5630916681648,47.06666666666667,5.0,140.02784293333335,142.42784293145522,99.69450959812187,0.4666666666666667,2.6666666666666665,1.8,7.4,0.5333333333333333,0.789044000004651,0.00037502247187148896,0
S0_baseline,130363,39,J,15,0.0,0,,1,0,0,0,0,0,0,267.94919999999996,214.54920591634715,48.4,5.0,114.25889593333333,130.23652445136653,88.43652445136651,0.5333333333333333,2.8,1.6666666666666667,7.733333333333333,0.5333333333333333,0.6673504000063986,8.874520744939218e-05,0
S0_baseline,130363,39,J+,15,0.0,0,,1,0,0,0,0,0,0,259.7040666666667,209.90406607542928,44.8,5.0,109.33715013333334,125.82018053846043,85.62018053846045,0.4,2.2,1.8666666666666667,7.133333333333334,0.0,0.13800539998919703,8.868561053532176e-06,0
S0_baseline,130363,40,I,12,0.0,0,,1,0,0,0,0,0,0,306.93675,251.6867802235419,50.25,5.0,100.56766166666667,172.06766166824323,125.31766166824325,0.4166666666666667,2.0,1.0833333333333333,8.166666666666666,0.6666666666666666,0.8664720000233501,0.00036268250278226333,0
S0_baseline,130363,40,J,12,0.0,0,,1,0,0,0,0,0,0,307.9379166666667,243.10461953327828,59.833333333333336,5.0,168.07826875,168.5782687654794,113.41160209881275,0.4166666666666667,2.4166666666666665,1.3333333333333333,9.833333333333334,0.6666666666666666,0.8538678000040818,0.00043439933915578877,0
S0_baseline,130363,40,J+,12,0.0,0,,1,0,0,0,0,0,0,301.33816666666667,236.00484535905548,60.333333333333336,5.0,156.82356691666666,158.32356687517972,104.49023354184637,0.5,2.5,2.0,9.916666666666666,0.0,0.11074010000447743,0.00014430866576731205,0
S0_baseline,130363,41,I,14,0.0,0,,1,0,0,0,0,0,0,265.2057142857143,213.20574935033483,47.0,5.0,134.35417542857144,156.6465737412864,111.21800231271496,0.35714285714285715,2.2142857142857144,1.5,7.714285714285714,0.5714285714285714,1.0707873000064865,0.000490904687467264,0
S0_baseline,130363,41,J,14,0.0,0,,1,0,0,0,0,0,0,255.07892857142858,199.4360857164282,50.642857142857146,5.0,133.4849687857143,149.7415216062696,100.81295017769821,0.2857142857142857,2.2857142857142856,1.5,8.142857142857142,0.5714285714285714,0.7244597999961115,0.00020002999508506036,0
S0_baseline,130363,41,J+,14,0.0,0,,1,0,0,0,0,0,0,242.2634285714286,191.9777195158923,45.285714285714285,5.0,98.08671307142858,132.4222395784216,89.27938243556444,0.35714285714285715,1.5714285714285714,1.4285714285714286,7.428571428571429,0.0,0.08645769997383468,7.32224921193847e-05,0
S0_baseline,130363,42,I,13,0.0,0,,1,0,0,0,0,0,0,320.8370769230769,263.0678169727851,52.76923076923077,5.0,156.47075476923075,158.31690858222566,109.62460088991799,0.46153846153846156,2.1538461538461537,1.0769230769230769,8.538461538461538,0.6153846153846154,0.6222530999802984,0.00037935379305054084,0
S0_baseline,130363,42,J,13,0.0,0,,1,0,0,0,0,0,0,298.53146153846154,236.0699010131744,57.46153846153846,5.0,118.6397036923077,159.07244799818366,104.380140305876,0.46153846153846156,2.769230769230769,1.8461538461538463,9.384615384615385,0.6153846153846154,1.115981599985389,0.000286828732896538,0
S0_baseline,130363,42,J+,13,0.0,0,,1,0,0,0,0,0,0,286.6265384615385,228.47267104130785,53.15384615384615,5.0,107.52760853846154,144.84353092624772,95.61276169547848,0.46153846153846156,2.076923076923077,1.7692307692307692,8.538461538461538,0.0,0.17419869999866933,0.0002764629980447353,0
S0_baseline,130363,43,I,13,0.0,0,,1,0,0,0,0,0,0,255.09046153846154,199.3981515143268,50.69230769230769,5.0,138.70476338461538,162.3290585045717,114.71367388918705,0.38461538461538464,3.0,2.1538461538461537,8.0,0.6153846153846154,0.673130899987882,3.031375172213302e-05,0
S0_baseline,130363,43,J,13,0.0,0,,1,0,0,0,0,0,0,261.7543076923077,207.67741089573417,49.07692307692308,5.0,91.24936561538462,146.0694030960926,98.60786463455412,0.15384615384615385,2.4615384615384617,1.6923076923076923,7.923076923076923,0.6153846153846154,0.742379900009837,0.0003416445442780969,0
S0_baseline,130363,43,J+,13,0.0,0,,1,0,0,0,0,0,0,255.21353846153846,205.75202800508347,44.46153846153846,5.0,83.51234515384616,138.7939210678569,95.48622876016455,0.07692307692307693,1.6923076923076923,1.6153846153846154,7.153846153846154,0.0,0.13338909999583848,0.0003640660852397559,0
S0_baseline,130363,44,I,11,0.0,0,,1,0,0,0,0,0,0,333.6551818181818,259.7461296254341,68.9090909090909,5.0,170.66594072727273,201.33526982782632,134.06254255509904,0.2727272727272727,3.0,2.0,11.181818181818182,0.6363636363636364,1.0797803000023123,0.0004258797748661891,0
S0_baseline,130363,44,J,11,0.0,0,,1,0,0,0,0,0,0,367.71063636363635,284.4379336007271,78.27272727272727,5.0,139.15641890909092,189.8554008060294,115.94630989693852,0.45454545454545453,3.3636363636363638,2.0,12.818181818181818,0.6363636363636364,1.6836372999823652,0.0002696079977795307,0
S0_baseline,130363,44,J+,11,0.0,0,,1,0,0,0,0,0,0,317.0938181818182,243.00287459351173,69.0909090909091,5.0,131.2806408181818,179.1854859381313,113.45821321085856,0.45454545454545453,1.8181818181818181,1.2727272727272727,11.363636363636363,0.0,0.18313639998086728,0.000379471371161344,0
S0_baseline,130363,45,I,10,0.0,0,,1,0,0,0,0,0,0,414.95439999999996,331.25444905633327,78.7,5.0,179.068995,217.0689950489817,143.9689950489817,0.6,2.6,1.2,12.7,0.6,0.9464187000121456,0.0004905633327325631,0
S0_baseline,130363,45,J,10,0.0,0,,1,0,0,0,0,0,0,407.1649,313.9648528793828,88.2,5.0,188.4598375,216.61518710793558,131.8151871079356,0.5,2.6,1.3,14.2,0.6,0.6622970000025816,0.0004712061718237237,0
S0_baseline,130363,45,J+,10,0.0,0,,1,0,0,0,0,0,0,391.69960000000003,301.9996045880027,84.7,5.0,173.8767478,202.63209738821396,124.13209738821395,0.6,2.0,1.5,13.7,0.0,0.1736355999892112,4.588002684613457e-05,0
S0_baseline,130363,46,I,15,0.0,0,,1,0,0,0,0,0,0,259.2278,211.0944927154324,43.13333333333333,5.0,116.00066706666667,140.99888122411366,100.46554789078033,0.4666666666666667,2.6,1.8,7.133333333333334,0.5333333333333333,0.7855151999974623,0.0003907314862772182,0
S0_baseline,130363,46,J,15,0.0,0,,1,0,0,0,0,0,0,261.74213333333336,209.20882790010592,47.53333333333333,5.0,103.08401333333333,136.089046358575,90.75571302524166,0.4666666666666667,2.7333333333333334,2.1333333333333333,7.866666666666666,0.5333333333333333,1.3508170999994036,0.00041850158868328435,0
S0_baseline,130363,46,J+,15,0.0,0,,1,0,0,0,0,0,0,253.61139999999997,207.6114000734378,41.0,5.0,71.57736580000001,120.98484813525793,83.58484813525796,0.4666666666666667,2.0,1.7333333333333334,6.666666666666667,0.0,0.19030640000710264,1.1015672498615459e-06,0
S0_baseline,130363,47,I,14,0.0,0,,1,0,0,0,0,0,0,285.45921428571427,236.10209028200194,44.357142857142854,5.0,124.87484985714286,147.73199272946866,106.16056415804007,0.42857142857142855,2.2857142857142856,1.2857142857142858,7.214285714285714,0.5714285714285714,0.832850699982373,0.00026394802716822596,0
S0_baseline,130363,47,J,14,0.0,0,,1,0,0,0,0,0,0,263.002,207.28774642378502,50.714285714285715,5.0,107.24462414285713,142.25511697047168,93.82654554190024,0.42857142857142855,2.5714285714285716,1.7142857142857142,8.214285714285714,0.5714285714285714,1.1563997999764979,0.0004499329907048377,0
S0_baseline,130363,47,J+,14,0.0,0,,1,0,0,0,0,0,0,268.17814285714286,215.3209963055247,47.857142857142854,5.0,97.18751757142857,133.48706815148847,88.70135386577421,0.5,2.0714285714285716,1.9285714285714286,7.857142857142857,0.0,0.13516649999655783,5.1722654461627826e-05,0
S0_baseline,130363,48,I,10,0.0,0,,1,0,0,0,0,0,0,361.7942,286.7941599294863,70.0,5.0,175.7421263,214.33452904183915,145.03452904183914,0.2,3.0,1.9,11.5,0.8,0.9345001999754459,0.0004007051370535919,0
S0_baseline,130363,48,J,10,0.0,0,,1,0,0,0,0,0,0,374.5605,292.66046978103975,76.9,5.0,70.34458049999999,210.58488206457235,136.48488206457242,0.4,3.5,2.2,12.4,0.8,1.112244699994335,0.0003021896027348703,0
S0_baseline,130363,48,J+,10,0.0,0,,1,0,0,0,0,0,0,359.1698,286.16981542826215,68.0,5.0,63.0553496,197.038321010077,130.73832101007696,0.3,2.0,1.7,11.0,0.0,0.12892940000165254,0.00015428262167915818,0
S0_baseline,130363,49,I,15,0.0,0,,1,0,0,0,0,0,0,270.69626666666665,220.29624142817013,45.4,5.0,142.7253206,143.52532057023552,99.85865390356886,0.4,2.2,1.2666666666666666,7.4,0.5333333333333333,1.4715763999847695,0.0003785774479183601,0
S0_baseline,130363,49,J,15,0.0,0,,1,0,0,0,0,0,0,296.37106666666665,241.43774518094386,49.93333333333333,5.0,135.42046006666666,138.22046006179244,92.55379339512574,0.4666666666666667,2.8666666666666667,1.8,7.933333333333334,0.5333333333333333,1.6100660000229254,0.00017771415832612547,0
S0_baseline,130363,49,J+,15,0.0,0,,1,0,0,0,0,0,0,285.9121333333333,236.5121426494734,44.4,5.0,123.82178073333333,126.62178072560569,86.88844739227234,0.5333333333333333,1.9333333333333333,1.3333333333333333,7.066666666666666,0.0,0.16487340000458062,0.0001397421010551625,0
S0_baseline,130363,50,I,16,0.0,0,,1,0,0,0,0,0,0,226.5956875,183.3456897503529,38.25,5.0,111.6644911875,120.63037916500896,86.13037916500897,0.5,2.6875,1.9375,6.0625,0.5,1.254122299986193,3.6005646506964695e-05,0
S0_baseline,130363,50,J,16,0.0,0,,1,0,0,0,0,0,0,194.4185625,154.7310824813652,34.6875,5.0,80.4142638125,81.53926378158555,52.914263781585554,0.5625,2.6875,1.8125,5.3125,0.5,1.1288772000116296,0.00031970184318197425,0
S0_baseline,130363,50,J+,16,0.0,0,,1,0,0,0,0,0,0,193.8308125,157.83078208661752,31.0,5.0,69.9399941875,71.81499421254132,47.93999421254132,0.625,2.0625,1.75,4.75,0.0,0.23395660001551732,0.00048661411983630387,0
S0_baseline,130363,51,I,11,0.0,0,,1,0,0,0,0,0,0,326.50018181818183,261.8637879348031,59.63636363636363,5.0,138.8069598181818,194.18872228517964,138.55235864881598,0.6363636363636364,2.5454545454545454,1.5454545454545454,9.636363636363637,0.7272727272727273,0.6043453000020236,0.0003327171657474537,0
S0_baseline,130363,51,J,11,0.0,0,,1,0,0,0,0,0,0,305.45472727272727,228.72744126862563,71.72727272727273,5.0,176.297482,200.32455180764612,129.5063699894643,0.45454545454545453,2.1818181818181817,1.1818181818181819,11.727272727272727,0.7272727272727273,0.9114326999988407,0.00014604511807192466,0
S0_baseline,130363,51,J+,11,0.0,0,,1,0,0,0,0,0,0,299.69936363636367,230.517535922565,64.18181818181819,5.0,108.42850027272726,178.62191911463225,116.25828275099589,0.36363636363636365,1.8181818181818181,1.6363636363636365,10.545454545454545,0.0,0.08891769999172539,0.00010485178518138127,0
S0_baseline,130363,52,I,15,0.0,0,,1,0,0,0,0,0,0,278.73806666666667,229.8047271125814,43.93333333333333,5.0,135.5016804,135.90168040685867,95.835013740192,0.4666666666666667,2.4,1.3333333333333333,6.933333333333334,0.5333333333333333,0.9443063999933656,9.331127921541338e-05,0
S0_baseline,130363,52,J,15,0.0,0,,1,0,0,0,0,0,0,258.59766666666667,207.0643463973786,46.53333333333333,5.0,117.77623386666667,132.5464668980115,90.54646689801147,0.5333333333333333,2.6666666666666665,1.6666666666666667,7.533333333333333,0.5333333333333333,0.7074821999995038,0.00019596067886595847,0
S0_baseline,130363,52,J+,15,0.0,0,,1,0,0,0,0,0,0,260.4096666666667,210.60964968988876,44.8,5.0,104.65559706666666,121.82583012875891,82.75916346209222,0.4666666666666667,2.2,1.7333333333333334,7.133333333333334,0.0,0.18775720000849105,0.0002546516684560629,0
S0_baseline,130363,53,I,16,0.0,0,,1,0,0,0,0,0,0,240.3569375,194.73195801811855,40.625,5.0,127.14238925,128.26738922222873,91.45488922222874,0.5625,2.625,1.875,6.5625,0.5,1.106851300020935,0.0003282898969700909,0
S0_baseline,130363,53,J,16,0.0,0,,1,0,0,0,0,0,0,237.5154375,189.70292495558684,42.8125,5.0,108.154724875,120.32857825993105,82.01607825993105,0.4375,2.8125,1.9375,6.875,0.5,0.9627321999869309,0.00020071061044291127,0
S0_baseline,130363,53,J+,16,0.0,0,,1,0,0,0,0,0,0,233.1338125,185.63380097638415,42.5,5.0,100.4856504375,101.23565046590656,66.86065046590656,0.8125,2.3125,1.875,6.875,0.0,0.24511280001024716,0.00018437785365676973,0
S0_baseline,130363,54,I,15,0.0,0,,1,0,0,0,0,0,0,262.99646666666666,215.26313223663172,42.733333333333334,5.0,115.93261113333332,140.78821407432173,102.3215474076551,0.4666666666666667,2.4,1.5333333333333334,6.733333333333333,0.4666666666666667,1.4189714999811258,1.6450524526590016e-05,0
S0_baseline,130363,54,J,15,0.0,0,,1,0,0,0,0,0,0,254.16533333333334,204.69865827238698,44.46666666666667,5.0,96.31312733333333,129.53968140744539,87.07301474077875,0.4,2.3333333333333335,1.6,7.133333333333334,0.4666666666666667,1.7278351999993902,0.0001259141954506049,0
S0_baseline,130363,54,J+,15,0.0,0,,1,0,0,0,0,0,0,278.6888,229.82212985087946,43.86666666666667,5.0,89.14759886666667,120.68806492547598,82.75473159214263,0.4666666666666667,2.2666666666666666,1.7333333333333334,6.866666666666666,0.0,0.15598619999946095,5.2236808187444694e-05,0
S0_baseline,130363,55,I,10,0.0,0,,1,0,0,0,0,0,0,379.395,304.7949892795948,69.6,5.0,151.8788376,215.6647355142023,146.86473551420232,0.4,2.2,1.0,11.1,0.8,0.6399531000060961,0.00010720405180109083,0
S0_baseline,130363,55,J,10,0.0,0,,1,0,0,0,0,0,0,392.02049999999997,307.4205427939982,79.6,5.0,158.9044594,214.88652175734637,136.58652175734636,0.4,2.6,1.4,12.6,0.8,0.6205716000113171,0.0004279399822735286,0
S0_baseline,130363,55,J+,10,0.0,0,,1,0,0,0,0,0,0,379.2016,298.4015774221241,75.8,5.0,143.92139830000002,199.31073503197769,126.31073503197767,0.4,1.9,1.5,12.3,0.0,0.17335409999941476,0.0002257787591588567,0
S0_baseline,130363,56,I,12,0.0,0,,1,0,0,0,0,0,0,334.8725,269.62252166115474,60.25,5.0,171.28018458333335,174.78018460046368,121.61351793379704,0.6666666666666666,2.75,1.75,9.833333333333334,0.4166666666666667,0.7952714999846648,0.00025993385725087137,0
S0_baseline,130363,56,J,12,0.0,0,,1,0,0,0,0,0,0,339.5065,271.339803812635,63.166666666666664,5.0,109.21454475,169.64917112028272,109.8991711202827,0.4166666666666667,2.6666666666666665,1.5833333333333333,10.25,0.6666666666666666,0.8455934000085108,0.000354248380062927,0
S0_baseline,130363,56,J+,12,0.0,0,,1,0,0,0,0,0,0,301.3895,237.72285505861726,58.666666666666664,5.0,99.47170725000001,157.86008115684498,103.44341449017828,0.4166666666666667,1.9166666666666667,1.5,9.5,0.0,0.15663559999666177,0.0002607034070933878,0
S0_baseline,130363,57,I,16,0.0,0,,1,0,0,0,0,0,0,243.993,202.5554988868161,36.4375,5.0,108.2390503125,118.6234076008614,86.37340760086138,0.4375,2.6875,1.75,5.8125,0.5,1.0394557999970857,1.7810942154028453e-05,0
S0_baseline,130363,57,J,16,0.0,0,,1,0,0,0,0,0,0,250.0804375,206.20546095858685,38.875,5.0,114.790718125,126.20210508483831,91.13960508483834,0.5625,2.8125,1.875,6.0625,0.4375,1.8605200999882072,0.00037533738986894605,0
S0_baseline,130363,57,J+,16,0.0,0,,1,0,0,0,0,0,0,238.7284375,199.47846741609152,34.25,5.0,98.98549175,110.72334907743345,80.59834907743343,0.5625,2.0,1.625,5.5,0.0,0.19376669998746365,0.00047865746410025167,0
S0_baseline,130363,58,I,10,0.0,0,,1,0,0,0,0,0,0,359.9054,282.00539410137526,72.9,5.0,188.17664910000002,220.72468201821033,148.02468201821034,0.3,2.2,1.2,11.9,0.8,0.5219875999900978,5.898624749534065e-05,0
S0_baseline,130363,58,J,10,0.0,0,,1,0,0,0,0,0,0,352.99920000000003,267.3992034377377,80.6,5.0,191.0219164,218.4837040681813,138.08370406818128,0.3,2.3,1.2,13.1,0.7,0.7631704999948852,3.437737677813857e-05,0
S0_baseline,130363,58,J+,10,0.0,0,,1,0,0,0,0,0,0,352.3298,269.729766307462,77.6,5.0,176.896613,202.6519626136314,127.3519626136314,0.4,1.8,1.3,12.6,0.0,0.13096089998725802,0.00033692537999741035,0
S0_baseline,130363,59,I,16,0.0,0,,1,0,0,0,0,0,0,227.09725,187.53472905166032,34.5625,5.0,87.3865451875,88.51154519534775,60.88654519534774,0.5625,3.0,2.0625,5.1875,0.5,0.5548543999902904,0.0003351734349053004,0
S0_baseline,130363,59,J,16,0.0,0,,1,0,0,0,0,0,0,222.670625,181.35813270672182,36.3125,5.0,91.453802625,92.57880261019292,63.51630261019293,0.6875,2.9375,2.0625,5.6875,0.5,0.6811483000055887,0.00012330754907452501,0
S0_baseline,130363,59,J+,16,0.0,0,,1,0,0,0,0,0,0,215.628,174.2529867011831,36.375,5.0,92.547967375,96.03292512895175,67.65792512895175,0.75,2.5,2.125,5.75,0.0,0.2506911000236869,0.0002127810703314026,0
S0_baseline,130363,60,I,13,0.0,0,,1,0,0,0,0,0,0,329.43307692307695,269.5100179614772,54.92307692307692,5.0,157.18764038461538,159.95687113676118,109.49533267522271,0.6153846153846154,2.3846153846153846,1.4615384615384615,8.76923076923077,0.5384615384615384,0.7557691999827512,0.00023349920365944854,0
S0_baseline,130363,60,J,13,0.0,0,,1,0,0,0,0,0,0,294.6823076923077,230.52843175168815,59.15384615384615,5.0,136.98253246153848,159.97816463544916,103.51662617391068,0.38461538461538464,2.769230769230769,1.7692307692307692,9.538461538461538,0.6153846153846154,0.6057056999998167,0.0003872280540235806,0
S0_baseline,130363,60,J+,13,0.0,0,,1,0,0,0,0,0,0,296.28715384615384,236.1332985062524,55.15384615384615,5.0,126.36672907692308,149.78270601958678,97.78270601958675,0.46153846153846156,2.076923076923077,1.7692307692307692,9.0,0.0,0.13205259997630492,0.0001194187188957585,0
S0_baseline,130363,61,I,10,0.0,0,,1,0,0,0,0,0,0,389.3882,316.58815169411764,67.8,5.0,177.6734121,210.2734120640097,146.37341206400973,0.5,2.1,1.0,10.8,0.6,0.6842168000002857,0.0004830588236472977,0
S0_baseline,130363,61,J,10,0.0,0,,1,0,0,0,0,0,0,386.881,307.4809644029101,74.4,5.0,169.7804856,199.47294877481505,129.37294877481503,0.3,2.1,0.6,11.9,0.8,0.7137991999916267,0.0003559708989087085,0
S0_baseline,130363,61,J+,10,0.0,0,,1,0,0,0,0,0,0,378.6571,299.65709621028003,74.0,5.0,166.6767478,197.22372054029753,126.02372054029755,0.3,1.8,1.2,12.0,0.0,0.20303140001487918,3.789719949054415e-05,0
S0_baseline,130363,62,I,14,0.0,0,,1,0,0,0,0,0,0,290.1162142857143,240.75904750139586,44.357142857142854,5.0,57.32158828571429,139.96562395348886,101.32276681063172,0.6428571428571429,2.642857142857143,1.6428571428571428,6.857142857142857,0.5714285714285714,0.7039605000172742,0.00033498045786473085,0
S0_baseline,130363,62,J,14,0.0,0,,1,0,0,0,0,0,0,253.95485714285715,196.09769724981956,52.857142857142854,5.0,97.73043907142858,148.8269087714612,99.39833734288979,0.5714285714285714,2.642857142857143,1.9285714285714286,8.571428571428571,0.5714285714285714,0.9140961000230163,0.0002385025259172835,0
S0_baseline,130363,62,J+,14,0.0,0,,1,0,0,0,0,0,0,260.3167857142857,205.8167506844627,49.5,5.0,85.86333749999999,133.76765802595312,89.3390865973817,0.7142857142857143,2.0714285714285716,1.8571428571428572,8.071428571428571,0.0,0.1535880999872461,0.0004904175220872276,0
S0_baseline,130363,63,I,10,0.0,0,,1,0,0,0,0,0,0,386.8662,314.9661977663062,66.9,5.0,114.62846689999999,204.62781634567278,143.12781634567278,0.4,2.7,1.4,10.9,0.8,0.47710150000057183,2.2336937490763376e-05,0
S0_baseline,130363,63,J,10,0.0,0,,1,0,0,0,0,0,0,324.69,247.89002335947663,71.8,5.0,48.9913756,216.62349807279855,143.02349807279856,0.2,2.7,1.8,11.8,0.8,1.3766076999891084,0.00023359476608675322,0
S0_baseline,130363,63,J+,10,0.0,0,,1,0,0,0,0,0,0,347.50100000000003,273.1010296926837,69.4,5.0,61.8553496,191.2162079527189,124.21620795271888,0.4,2.1,1.9,11.4,0.0,0.08482600000570528,0.0002969268366541655,0
S0_baseline,130363,64,I,14,0.0,0,,1,0,0,0,0,0,0,323.03357142857146,268.3906859608588,49.642857142857146,5.0,125.42719528571429,147.4695983334892,103.18388404777495,0.5,2.4285714285714284,1.2142857142857142,7.857142857142857,0.5714285714285714,0.9867320999910589,0.0003965479777434666,0
S0_baseline,130363,64,J,14,0.0,0,,1,0,0,0,0,0,0,306.7358571428571,248.95011578963505,52.785714285714285,5.0,139.3910685,141.10535424816578,92.10535424816575,0.5,2.4285714285714284,1.1428571428571428,8.5,0.5714285714285714,1.586475399992196,0.0003789451088778151,0
S0_baseline,130363,64,J+,14,0.0,0,,1,0,0,0,0,0,0,296.0562857142857,242.12768713728397,48.92857142857143,5.0,130.63516807142858,133.6351680942102,88.77802523706734,0.5714285714285714,1.7857142857142858,1.2857142857142858,7.857142857142857,0.0,0.2131736000010278,0.00038007802413631,0
S0_baseline,130363,65,I,12,0.0,0,,1,0,0,0,0,0,0,301.55266666666665,242.71932711860362,53.833333333333336,5.0,147.01791591666668,174.68458257521283,121.51791590854612,0.25,2.1666666666666665,1.3333333333333333,8.833333333333334,0.6666666666666666,0.8907484999799635,7.457675656041829e-05,0
S0_baseline,130363,65,J,12,0.0,0,,1,0,0,0,0,0,0,290.47166666666664,226.6382946359938,58.833333333333336,5.0,126.33959141666666,172.46618695354883,112.54952028688218,0.16666666666666666,2.3333333333333335,1.4166666666666667,9.666666666666666,0.6666666666666666,1.0681456999736838,0.0004643680745175516,0
S0_baseline,130363,65,J+,12,0.0,0,,1,0,0,0,0,0,0,279.61225,220.27891851535517,54.333333333333336,5.0,112.77161274999999,157.990961213652,103.90762788031869,0.25,1.5833333333333333,1.4166666666666667,8.916666666666666,0.0,0.10439029999542981,2.2184261979418807e-05,0
S0_baseline,130363,66,I,15,0.0,0,,1,0,0,0,0,0,0,262.4710666666667,217.00439483813688,40.46666666666667,5.0,118.5853738,137.51870715462985,98.25204048796319,0.26666666666666666,2.2,1.5333333333333334,6.466666666666667,0.5333333333333333,0.5895735000085551,7.742794650766882e-05,0
S0_baseline,130363,66,J,15,0.0,0,,1,0,0,0,0,0,0,286.14459999999997,236.81123654057063,44.333333333333336,5.0,110.49158586666667,128.82527790561232,87.491944572279,0.3333333333333333,2.466666666666667,1.4,7.0,0.5333333333333333,1.019092999980785,0.00045189144020696403,0
S0_baseline,130363,66,J+,15,0.0,0,,1,0,0,0,0,0,0,266.69553333333334,221.49552990617966,40.2,5.0,101.43567146666666,120.60590450791223,83.13923784124555,0.4,1.7333333333333334,1.4666666666666666,6.533333333333333,0.0,0.16000080000958405,5.14073053636821e-05,0
S0_baseline,130363,67,I,10,0.0,0,,1,0,0,0,0,0,0,369.975,289.17497359001356,75.8,5.0,214.2256406,216.02564064931244,145.5256406493124,0.6,2.4,1.3,12.3,0.5,0.7904313000035472,0.00026409986458020285,0
S0_baseline,130363,67,J,10,0.0,0,,1,0,0,0,0,0,0,386.6009,297.0009020874059,84.6,5.0,216.6756383,218.475638296964,139.77563829696405,0.7,2.4,1.2,13.6,0.5,0.9268579000199679,2.0874058918707306e-05,0
S0_baseline,130363,67,J+,10,0.0,0,,1,0,0,0,0,0,0,390.1989,302.6989089049972,82.5,5.0,205.1198593,206.91985932934773,129.8198593293477,0.7,2.0,1.4,13.5,0.0,0.11933290000888519,8.904997184799868e-05,0
S0_baseline,130363,68,I,10,0.0,0,,1,0,0,0,0,0,0,385.3229,304.72290887578197,75.6,5.0,213.93783119999998,214.53783116343894,144.53783116343888,0.6,3.0,1.6,12.1,0.8,1.3053063999977894,8.875781986716902e-05,0
S0_baseline,130363,68,J,10,0.0,0,,1,0,0,0,0,0,0,374.61379999999997,285.01381652116356,84.6,5.0,211.2220589,216.62205889694033,136.02205889694028,0.6,2.7,1.5,13.6,0.6,1.0969216999947093,0.0001652116357035993,0
S0_baseline,130363,68,J+,10,0.0,0,,1,0,0,0,0,0,0,368.0234,290.7233794118741,72.3,5.0,118.1660487,194.31218520057683,126.11218520057682,0.6,1.9,1.4,11.8,0.0,0.18327049998333678,0.00020588125926224166,0
S0_baseline,130363,69,I,15,0.0,0,,1,0,0,0,0,0,0,285.2204,236.15373209948638,44.06666666666667,5.0,124.3978428,146.46535267851925,104.86535267851926,0.5333333333333333,2.533333333333333,1.8,7.066666666666666,0.5333333333333333,1.516575300018303,1.850770377131994e-05,0
S0_baseline,130363,69,J,15,0.0,0,,1,0,0,0,0,0,0,276.3198,224.3197957464208,47.0,5.0,118.92657299999999,135.79081580722408,91.19081580722408,0.4666666666666667,2.8666666666666667,1.8666666666666667,7.333333333333333,0.5333333333333333,1.2492458000197075,6.38036876807746e-05,0
S0_baseline,130363,69,J+,15,0.0,0,,1,0,0,0,0,0,0,267.5034,219.63671485682022,42.86666666666667,5.0,89.8213962,125.35410805212409,85.28744138545741,0.5333333333333333,2.066666666666667,1.7333333333333334,6.866666666666666,0.0,0.1787522000086028,0.0002771476965790498,0
S0_baseline,130363,70,I,12,0.0,0,,1,0,0,0,0,0,0,371.39366666666666,309.47704095795694,56.916666666666664,5.0,139.46982166666666,171.77140424280606,121.43807090947274,0.5833333333333334,2.6666666666666665,1.3333333333333333,9.0,0.5,1.0576340000261553,0.0004914954834021046,0
S0_baseline,130363,70,J,12,0.0,0,,1,0,0,0,0,0,0,368.44125,300.94125864943436,62.5,5.0,150.0354805,174.36019425388733,116.276860920554,0.5833333333333334,2.5833333333333335,1.25,10.0,0.6666666666666666,0.8585755999956746,0.00010379321201980929,0
S0_baseline,130363,70,J+,12,0.0,0,,1,0,0,0,0,0,0,339.64875,272.73209275353446,61.916666666666664,5.0,136.12435483333334,161.50042461644105,106.25042461644102,0.5833333333333334,2.5,1.6666666666666667,9.833333333333334,0.0,0.299954499991145,0.00011304241343168542,0
S0_baseline,130363,71,I,16,0.0,0,,1,0,0,0,0,0,0,265.3406875,219.34066364037182,41.0,5.0,107.326040125,117.52782151831667,83.9028215183167,0.625,2.5,1.6875,6.625,0.5,1.0112187000049744,0.00038175405097717885,0
S0_baseline,130363,71,J,16,0.0,0,,1,0,0,0,0,0,0,247.301375,200.86389158913457,41.4375,5.0,104.1054256875,115.95565772159469,82.08065772159466,0.625,2.4375,1.625,6.75,0.4375,1.078112700022757,0.0002654261529642099,0
S0_baseline,130363,71,J+,16,0.0,0,,1,0,0,0,0,0,0,241.8581875,197.10821321269856,39.75,5.0,96.3837414375,108.55544867448833,77.24294867448833,0.75,2.1875,1.75,6.3125,0.0,0.2649595999973826,0.0004114031767130655,0
S0_baseline,130363,72,I,16,0.0,0,,1,0,0,0,0,0,0,266.9825625,215.10758786530175,46.875,5.0,130.3073085625,132.55730854812023,91.36980854812023,0.625,2.625,1.5625,7.5,0.5,0.9097737999982201,0.00040584482849226333,0
S0_baseline,130363,72,J,16,0.0,0,,1,0,0,0,0,0,0,242.1875,184.87500279488611,52.3125,5.0,118.810416875,130.36766344497568,83.36766344497566,0.625,2.75,1.9375,8.5625,0.5,0.8200543000129983,4.471817783269216e-05,0
S0_baseline,130363,72,J+,16,0.0,0,,1,0,0,0,0,0,0,243.6165625,189.11654768710295,49.5,5.0,106.797967375,119.1480786548733,76.89807865487327,0.6875,2.3125,1.8125,7.9375,0.0,0.27879350000876,0.00023700635256318492,0
S0_baseline,130363,73,I,11,0.0,0,,1,0,0,0,0,0,0,336.70154545454545,264.51975078624923,67.18181818181819,5.0,169.0748429090909,197.62029745459785,134.52938836368875,0.5454545454545454,3.0,1.7272727272727273,10.818181818181818,0.7272727272727273,0.7133146999985911,0.0002586487412372662,0
S0_baseline,130363,73,J,11,0.0,0,,1,0,0,0,0,0,0,349.81981818181816,269.0016666666616,75.81818181818181,5.0,142.72997636363635,196.33727135119142,123.70090771482775,0.45454545454545453,3.0,1.9090909090909092,12.181818181818182,0.6363636363636364,1.4922722000046633,0.0003333332774673181,0
S0_baseline,130363,73,J+,11,0.0,0,,1,0,0,0,0,0,0,306.16845454545455,232.89575325260876,68.27272727272727,5.0,131.8453529090909,177.03689759652977,114.49144305107517,0.6363636363636364,2.272727272727273,1.9090909090909092,11.0,0.0,0.11987220001174137,0.00028577869625223684,0
S0_baseline,130363,74,I,16,0.0,0,,1,0,0,0,0,0,0,230.7595,188.88448335335892,36.875,5.0,123.952710875,126.57771086675194,91.6402108667519,0.4375,2.5,1.8125,5.9375,0.5,1.1220751000219025,0.00026634625737642637,0
S0_baseline,130363,74,J,16,0.0,0,,1,0,0,0,0,0,0,209.291125,166.35360417395887,37.9375,5.0,95.555395125,97.43039511919464,64.61789511919466,0.5625,3.0,2.0,6.0625,0.5,1.1439982999872882,0.00033321665796393063,0
S0_baseline,130363,74,J+,16,0.0,0,,1,0,0,0,0,0,0,200.584875,162.8348832216418,32.75,5.0,85.386137125,87.63613713846541,60.448637138465415,0.625,2.125,1.875,5.25,0.0,0.20307399999001063,0.0001315462686761748,0
S0_baseline,130363,75,I,11,0.0,0,,1,0,0,0,0,0,0,318.8281818181818,253.10092722479615,60.72727272727273,5.0,163.21882263636363,194.4915498819684,134.85518624560476,0.2727272727272727,2.4545454545454546,1.6363636363636365,9.818181818181818,0.7272727272727273,0.5885170999972615,0.0001994727576857258,0
S0_baseline,130363,75,J,11,0.0,0,,1,0,0,0,0,0,0,298.5948181818182,227.32211472401823,66.27272727272727,5.0,140.00457563636363,185.81044616725927,120.26499162180471,0.2727272727272727,2.727272727272727,1.8181818181818181,10.818181818181818,0.7272727272727273,0.7253769000235479,0.00026196420049018343,0
S0_baseline,130363,75,J+,11,0.0,0,,1,0,0,0,0,0,0,293.75445454545456,226.20898536525468,62.54545454545455,5.0,129.11509063636365,176.4884534560656,115.03390800152015,0.18181818181818182,2.090909090909091,2.0,10.272727272727273,0.0,0.08751810001558624,0.0001609821983947768,0
S0_baseline,130363,76,I,14,0.0,0,,1,0,0,0,0,0,0,287.45671428571427,234.45668528625853,48.0,5.0,125.47294707142858,147.10271919579083,103.31700491007655,0.5714285714285714,2.7142857142857144,1.6428571428571428,7.642857142857143,0.5714285714285714,0.9936602000088897,0.00040599238036520546,0
S0_baseline,130363,76,J,14,0.0,0,,1,0,0,0,0,0,0,301.13335714285716,244.70481423641996,51.42857142857143,5.0,125.2390215,142.32814549469498,93.47100263755215,0.42857142857142855,2.5,1.4285714285714286,8.214285714285714,0.5714285714285714,1.5291750000033062,0.00039930987941261264,0
S0_baseline,130363,76,J+,14,0.0,0,,1,0,0,0,0,0,0,265.2105714285714,215.7820346046861,44.42857142857143,5.0,117.37302414285715,134.05541667048064,91.48398809905207,0.42857142857142855,1.5714285714285714,1.2857142857142858,7.285714285714286,0.0,0.14219099999172613,0.0004844656054956431,0
S0_baseline,130363,77,I,14,0.0,0,,1,0,0,0,0,0,0,265.5426428571429,218.11405267239002,42.42857142857143,5.0,118.29469357142857,140.72326499709612,102.93755071138185,0.5714285714285714,2.4285714285714284,1.5,6.714285714285714,0.5714285714285714,0.8175133999902755,0.00026258653997501824,0
S0_baseline,130363,77,J,14,0.0,0,,1,0,0,0,0,0,0,278.6072857142857,220.89298269296427,52.714285714285715,5.0,141.91797392857143,144.06083110270905,94.2036882455662,0.2857142857142857,2.5,1.6428571428571428,8.428571428571429,0.5714285714285714,0.8977930000110064,0.0002422985003249778,0
S0_baseline,130363,77,J+,14,0.0,0,,1,0,0,0,0,0,0,269.17557142857146,213.88986439206815,50.285714285714285,5.0,143.36362471428572,145.93505327345977,97.00648184488831,0.2857142857142857,2.0714285714285716,1.7857142857142858,8.142857142857142,0.0,0.11628560000099242,0.00010148895398742752,0
S0_baseline,130363,78,I,15,0.0,0,,1,0,0,0,0,0,0,297.35086666666666,245.48422268229027,46.86666666666667,5.0,111.89679313333333,134.31033993865842,93.9770066053251,0.6666666666666666,2.3333333333333335,1.2666666666666666,7.533333333333333,0.4,1.5888401999836788,0.00034023435409835656,0
S0_baseline,130363,78,J,15,0.0,0,,1,0,0,0,0,0,0,309.097,252.3636508601397,51.733333333333334,5.0,108.9468646,128.5810303469533,83.44769701361993,0.6666666666666666,2.6,1.6666666666666667,8.4,0.4,1.9640822999936063,0.00023709790457360214,0
S0_baseline,130363,78,J+,15,0.0,0,,1,0,0,0,0,0,0,278.0817333333333,224.94842977830916,48.13333333333333,5.0,106.31783186666667,125.08806492547596,82.75473159214262,0.6666666666666666,2.0,1.6,7.8,0.0,0.21403259999351576,0.00044667463771475013,0
S0_baseline,130363,79,I,11,0.0,0,,1,0,0,0,0,0,0,360.2671818181818,291.5399152491705,63.72727272727273,5.0,195.62031763636367,198.89304487467123,138.71122669285305,0.36363636363636365,2.3636363636363638,1.0909090909090908,10.090909090909092,0.7272727272727273,1.2265696999966167,6.774087569283438e-05,0
S0_baseline,130363,79,J,11,0.0,0,,1,0,0,0,0,0,0,368.9836363636364,292.43821956733393,71.54545454545455,5.0,160.33871745454545,193.74777944015085,124.38414307651448,0.36363636363636365,2.727272727272727,1.5454545454545454,11.545454545454545,0.7272727272727273,1.2907826000009663,0.0004152406731918745,0
S0_baseline,130363,79,J+,11,0.0,0,,1,0,0,0,0,0,0,366.08190909090905,291.2637602327367,69.81818181818181,5.0,149.88795254545454,176.57463398928542,112.84736126201265,0.5454545454545454,2.4545454545454546,1.9090909090909092,11.181818181818182,0.0,0.0909191999817267,0.0003625601034400461,0
S0_baseline,130363,80,I,13,0.0,0,,1,0,0,0,0,0,0,283.6506153846154,228.49675443691655,50.15384615384615,5.0,140.05789115384616,162.82712196127952,114.59635273051032,0.38461538461538464,2.1538461538461537,1.3076923076923077,8.23076923076923,0.6153846153846154,0.6026474999962375,0.0001923200848068518,0
S0_baseline,130363,80,J,13,0.0,0,,1,0,0,0,0,0,0,270.07146153846156,208.45609955983844,56.61538461538461,5.0,134.5141506153846,157.01330290100745,100.09022597793054,0.07692307692307693,2.0,1.3846153846153846,9.307692307692308,0.6153846153846154,0.6773486000020057,0.0002942778996839479,0
S0_baseline,130363,80,J+,13,0.0,0,,1,0,0,0,0,0,0,268.77984615384617,209.39524884103855,54.38461538461539,5.0,127.75134446153847,148.94776722170306,95.48622876016458,0.15384615384615385,1.6153846153846154,1.5384615384615385,9.0,0.0,0.07625220000045374,0.0002349335013605014,0
S0_baseline,130363,81,I,15,0.0,0,,1,0,0,0,0,0,0,245.12853333333334,197.86187206580098,42.266666666666666,5.0,137.74630413333335,139.3463041196762,100.87963745300958,0.4666666666666667,2.533333333333333,1.8666666666666667,6.933333333333334,0.4,1.448946899996372,8.098701482595061e-05,0
S0_baseline,130363,81,J,15,0.0,0,,1,0,0,0,0,0,0,254.0924,198.89238865798214,50.2,5.0,139.1205908,141.92059079453196,92.78725746119862,0.26666666666666666,2.533333333333333,1.7333333333333334,8.2,0.4,1.7040241000067908,0.00017013026808854192,0
S0_baseline,130363,81,J+,15,0.0,0,,1,0,0,0,0,0,0,247.9486,195.48195856483318,47.46666666666667,5.0,127.00082146666666,130.60082144189005,87.00082144189005,0.4,2.066666666666667,1.6666666666666667,7.8,0.0,0.10166250000474975,0.00037847249768674374,0
S0_baseline,130363,82,I,12,0.0,0,,1,0,0,0,0,0,0,343.63658333333336,279.21994941937044,59.416666666666664,5.0,147.94922916666667,180.43196031764955,122.9319603176496,0.3333333333333333,2.75,1.75,9.416666666666666,0.6666666666666666,1.311173099995358,0.0003930324451175693,0
S0_baseline,130363,82,J,12,0.0,0,,1,0,0,0,0,0,0,318.62491666666665,250.37490117543015,63.25,5.0,132.89878916666666,174.72180369611422,113.63847036278092,0.5,2.6666666666666665,1.6666666666666667,10.333333333333334,0.6666666666666666,0.8259796999918763,0.00018589483806863427,0
S0_baseline,130363,82,J+,12,0.0,0,,1,0,0,0,0,0,0,313.3714166666667,247.2047141471951,61.166666666666664,5.0,119.61991208333335,161.54549472456938,104.71216139123602,0.5,2.3333333333333335,1.9166666666666667,9.916666666666666,0.0,0.17639999999664724,0.0004302336587898026,0
S0_baseline,130363,83,I,12,0.0,0,,1,0,0,0,0,0,0,348.34575,283.34572661610594,60.0,5.0,149.04509958333333,177.00560800759175,121.25560800759179,0.5833333333333334,3.25,2.0,9.583333333333334,0.6666666666666666,0.7764222999976482,0.00028060672912033624,0
S0_baseline,130363,83,J,12,0.0,0,,1,0,0,0,0,0,0,337.9044166666667,271.8210872890332,61.083333333333336,5.0,151.18449333333334,173.12537734277262,115.04204400943927,0.4166666666666667,2.4166666666666665,1.25,9.833333333333334,0.6666666666666666,1.0630432000034489,4.746839795188862e-05,0
S0_baseline,130363,83,J+,12,0.0,0,,1,0,0,0,0,0,0,339.1166666666667,270.28333082025904,63.833333333333336,5.0,157.29820308333333,161.29820306436196,103.46486973102863,0.5833333333333334,2.5,2.0,10.083333333333334,0.0,0.1578602000081446,3.0156891625665594e-05,0
S0_baseline,130363,84,I,10,0.0,0,,1,0,0,0,0,0,0,391.2434,313.04344304520544,73.2,5.0,153.6883038,215.88830376910136,147.0883037691014,0.5,2.8,1.4,11.7,0.8,0.44118160000653006,0.00043045205438829726,0
S0_baseline,130363,84,J,10,0.0,0,,1,0,0,0,0,0,0,379.2878,287.18778565457,87.1,5.0,185.40586869999998,221.92217586672047,136.72217586672045,0.4,2.7,1.6,14.1,0.7,0.8069946000177879,0.0001434543000868871,0
S0_baseline,130363,84,J+,10,0.0,0,,1,0,0,0,0,0,0,379.20770000000005,291.40770668536436,82.8,5.0,173.7767777,201.93212729988,124.13212729987997,0.5,2.0,1.3,13.3,0.0,0.09614360000705346,6.685364360237145e-05,0
S0_baseline,130363,85,I,16,0.0,0,,1,0,0,0,0,0,0,240.275125,203.21264853832133,32.0625,5.0,98.63656125,99.76156122181021,72.8240612218102,0.5625,2.4375,1.25,4.875,0.5,0.8270881999924313,0.0003766131412703544,0
S0_baseline,130363,85,J,16,0.0,0,,1,0,0,0,0,0,0,232.7043125,191.45434016191592,36.25,5.0,94.3736995,95.49869948934524,63.561199489345256,0.4375,2.6875,1.6875,5.625,0.5,1.2818454999942333,0.00044259065498408745,0
S0_baseline,130363,85,J+,16,0.0,0,,1,0,0,0,0,0,0,246.633625,207.6336359759086,34.0,5.0,93.1051046875,99.75595135463652,71.13095135463654,0.4375,2.0625,1.5625,5.5625,0.0,0.23319910001009703,0.00017561453751113731,0
S0_baseline,130363,86,I,15,0.0,0,,1,0,0,0,0,0,0,254.91173333333333,210.31173613893603,39.6,5.0,94.8466838,137.71403561584373,101.24736894917706,0.5333333333333333,2.066666666666667,1.4,6.266666666666667,0.3333333333333333,1.506018000014592,4.2084040615009144e-05,0
S0_baseline,130363,86,J,15,0.0,0,,1,0,0,0,0,0,0,259.1617333333333,203.56175450582109,50.6,5.0,106.3794146,137.39720334433005,90.39720334433005,0.4,2.8666666666666667,2.0,8.266666666666667,0.5333333333333333,1.5642796999891289,0.0003175873162035714,0
S0_baseline,130363,86,J+,15,0.0,0,,1,0,0,0,0,0,0,256.7540666666667,208.48737718259505,43.266666666666666,5.0,93.35457840000001,123.69504448928078,83.89504448928075,0.4666666666666667,1.6666666666666667,1.2,6.933333333333334,0.0,0.19350029999623075,0.0003422610743655241,0
S0_baseline,130363,87,I,14,0.0,0,,1,0,0,0,0,0,0,285.37185714285715,234.6575909922041,45.714285714285715,5.0,104.78396407142857,147.06967834135472,103.92682119849755,0.35714285714285715,2.7142857142857144,1.9285714285714286,7.5,0.5714285714285714,1.2203342000138946,0.00027389085698814597,0
S0_baseline,130363,87,J,14,0.0,0,,1,0,0,0,0,0,0,281.221,224.5067345539107,51.714285714285715,5.0,144.22691142857144,146.3697685852681,97.79834001383952,0.5,2.4285714285714284,1.6428571428571428,8.5,0.5714285714285714,0.9458448000077624,0.00028375474948916235,0
S0_baseline,130363,87,J+,14,0.0,0,,1,0,0,0,0,0,0,277.1467857142857,222.93252700785249,49.214285714285715,5.0,131.88006957142858,134.02292670586712,88.66578384872423,0.5,2.0,1.7857142857142858,8.142857142857142,0.0,0.17393429999356158,0.00037810993489983957,0
S0_baseline,130363,88,I,14,0.0,0,,1,0,0,0,0,0,0,269.8312857142857,221.40274508223607,43.42857142857143,5.0,79.83990257142857,143.59195331762155,103.30623903190725,0.35714285714285715,2.857142857142857,1.8571428571428572,7.0,0.5714285714285714,1.1282104999991134,0.00043115130483784014,0
S0_baseline,130363,88,J,14,0.0,0,,1,0,0,0,0,0,0,261.4375,213.00893697789206,43.42857142857143,5.0,68.75489142857143,143.4121152798959,101.12640099418164,0.35714285714285715,2.4285714285714284,1.4285714285714286,7.0,0.5714285714285714,1.2682299000152852,0.00011769048887799727,0
S0_baseline,130363,88,J+,14,0.0,0,,1,0,0,0,0,0,0,248.2682857142857,200.55402952819077,42.714285714285715,5.0,117.67902107142856,139.60223773304307,97.5308091616145,0.2857142857142857,2.0714285714285716,1.8571428571428572,7.0,0.0,0.11657670000568032,0.0004133946708861913,0
S0_baseline,130363,89,I,11,0.0,0,,1,0,0,0,0,0,0,403.09772727272724,334.91589151243403,63.18181818181818,5.0,155.45044181818182,191.25125184548722,132.70579730003269,0.6363636363636364,2.727272727272727,1.4545454545454546,10.0,0.7272727272727273,1.1915251000027638,0.00019336322520757676,0
S0_baseline,130363,89,J,11,0.0,0,,1,0,0,0,0,0,0,364.777,291.0497463794134,68.72727272727273,5.0,161.387783,185.8926462288343,121.71082804701614,0.45454545454545453,2.4545454545454546,1.0909090909090908,11.0,0.7272727272727273,0.6302481000020634,0.00021017354765717755,0
S0_baseline,130363,89,J+,11,0.0,0,,1,0,0,0,0,0,0,381.8681818181818,308.686361871802,68.18181818181819,5.0,150.4334070909091,175.48372489837632,112.84736126201268,0.5454545454545454,2.272727272727273,1.5454545454545454,10.909090909090908,0.0,0.2785396999970544,1.9410178538237233e-05,0
S0_baseline,130363,90,I,13,0.0,0,,1,0,0,0,0,0,0,299.272,242.27199671866853,52.0,5.0,113.68604938461539,166.24441496584933,119.55210727354164,0.6153846153846154,2.769230769230769,1.4615384615384615,8.153846153846153,0.5384615384615384,1.5842269000131637,4.26573092227045e-05,0
S0_baseline,130363,90,J,13,0.0,0,,1,0,0,0,0,0,0,289.6139230769231,228.8447063257886,55.76923076923077,5.0,99.63897153846155,158.99253525872896,105.91561218180586,0.46153846153846156,2.8461538461538463,1.6923076923076923,8.846153846153847,0.6153846153846154,1.1733596999838483,0.00018223525148641784,0
S0_baseline,130363,90,J+,13,0.0,0,,1,0,0,0,0,0,0,310.4266923076923,250.34980327084912,55.07692307692308,5.0,144.3323826153846,144.79392106785687,95.48622876016458,0.46153846153846156,2.230769230769231,1.6923076923076923,8.923076923076923,0.0,0.17231960000935942,0.00044252103862163494,0
S0_baseline,130363,91,I,16,0.0,0,,1,0,0,0,0,0,0,238.3248125,195.69982604388633,37.625,5.0,94.3228275625,95.44782759269798,66.63532759269796,0.625,2.8125,1.75,5.75,0.5,1.1811307000170927,0.00021670218120561913,0
S0_baseline,130363,91,J,16,0.0,0,,1,0,0,0,0,0,0,243.365125,198.49012949682063,39.875,5.0,118.5725808125,120.07258079172757,83.63508079172756,0.4375,2.125,1.1875,6.4375,0.5,1.1461132000258658,7.194912996055791e-05,0
S0_baseline,130363,91,J+,16,0.0,0,,1,0,0,0,0,0,0,232.0885625,187.96358649452492,39.125,5.0,116.5150706875,118.01507069338349,83.0775706933835,0.5,2.0,1.5625,6.3125,0.0,0.16913160000694916,0.0003839123987745552,0
S0_baseline,130363,92,I,13,0.0,0,,1,0,0,0,0,0,0,298.8024615384615,235.34089811646714,58.46153846153846,5.0,167.684051,167.68405101996365,112.68405101996365,0.46153846153846156,1.9230769230769231,0.8461538461538461,9.23076923076923,0.46153846153846156,0.6623372999893036,0.000324485926739726,0
S0_baseline,130363,92,J,13,0.0,0,,1,0,0,0,0,0,0,294.76084615384616,226.45312805634288,63.30769230769231,5.0,141.35575707692308,163.58337000270456,104.81413923347372,0.38461538461538464,2.3846153846153846,1.3846153846153846,10.23076923076923,0.46153846153846156,1.1240058000257704,0.0003352675425958296,0
S0_baseline,130363,92,J+,13,0.0,0,,1,0,0,0,0,0,0,287.7293076923077,221.806198386238,60.92307692307692,5.0,133.17617846153846,153.42960424087332,97.81421962548869,0.46153846153846156,2.0,1.3846153846153846,9.76923076923077,0.0,0.20129590001306497,0.0004209789062770142,0
S0_baseline,130363,93,I,13,0.0,0,,1,0,0,0,0,0,0,311.0749230769231,250.69032968539557,55.38461538461539,5.0,158.54197438461537,160.8496666557,111.15735896339228,0.6153846153846154,2.4615384615384617,1.4615384615384615,8.846153846153847,0.6153846153846154,0.3810214000113774,0.0002859101423382526,0
S0_baseline,130363,93,J,13,0.0,0,,1,0,0,0,0,0,0,301.6179230769231,237.07942463701605,59.53846153846154,5.0,139.86692053846153,159.67872790743073,104.52488175358455,0.5384615384615384,2.6153846153846154,1.5384615384615385,9.538461538461538,0.6153846153846154,0.6502975999901537,0.0004797187912117806,0
S0_baseline,130363,93,J+,13,0.0,0,,1,0,0,0,0,0,0,297.39223076923076,237.31527760902438,55.07692307692308,5.0,129.30238030769232,149.57572611607395,98.49880303915087,0.6153846153846154,1.8461538461538463,1.5384615384615385,8.923076923076923,0.0,0.13299400001415052,0.0003910826831088343,0
S0_baseline,130363,94,I,16,0.0,0,,1,0,0,0,0,0,0,239.43925,194.50175492193478,39.9375,5.0,111.035825875,112.160825848422,76.78582584842202,0.5,2.1875,1.25,6.5,0.4375,0.6903474000282586,7.875095661802334e-05,0
S0_baseline,130363,94,J,16,0.0,0,,1,0,0,0,0,0,0,259.2420625,213.67957708313764,40.5625,5.0,106.61395075,114.15100407313533,78.46350407313533,0.5625,2.25,1.1875,6.5,0.5,0.6877011000178754,0.00023333020271820715,0
S0_baseline,130363,94,J+,16,0.0,0,,1,0,0,0,0,0,0,228.765875,188.01585535610593,35.75,5.0,86.279439375,95.81940939290435,64.19440939290435,0.4375,1.625,1.1875,5.75,0.0,0.2083316000062041,0.00031430230501428014,0
S0_baseline,130363,95,I,16,0.0,0,,1,0,0,0,0,0,0,236.1859375,193.99843079974886,37.1875,5.0,106.6489989375,108.5239989581554,77.14899895815543,0.625,2.75,1.9375,5.9375,0.5,0.910346800024854,0.00010720401814978686,0
S0_baseline,130363,95,J,16,0.0,0,,1,0,0,0,0,0,0,245.1079375,199.79543596249619,40.3125,5.0,110.28429075,118.61691484721628,81.05441484721628,0.375,2.25,1.5625,6.5625,0.375,1.0080538999754936,2.4600060896773357e-05,0
S0_baseline,130363,95,J+,16,0.0,0,,1,0,0,0,0,0,0,256.4074375,214.21994647349723,37.1875,5.0,103.8515595,112.51564788314413,78.76564788314413,0.5625,1.75,1.25,5.9375,0.0,0.1513963000033982,0.0001435759554624383,0
S0_baseline,130363,96,I,12,0.0,0,,1,0,0,0,0,0,0,349.7853333333333,288.035314386107,56.75,5.0,142.50472108333335,171.6582971308735,119.24163046420688,0.5,2.3333333333333335,1.5,9.25,0.5,1.3954979999980424,0.0002273667159897741,0
S0_baseline,130363,96,J,12,0.0,0,,1,0,0,0,0,0,0,332.12333333333333,262.1233591560612,65.0,5.0,149.425311,174.75480257344745,115.50480257344742,0.6666666666666666,2.6666666666666665,1.1666666666666667,10.416666666666666,0.6666666666666666,0.8728724000102375,0.0003098727343058272,0
S0_baseline,130363,96,J+,12,0.0,0,,1,0,0,0,0,0,0,329.25083333333333,264.2508416278928,60.0,5.0,139.34833716666665,161.31112850474258,105.47779517140926,0.5,1.8333333333333333,1.25,9.583333333333334,0.0,0.19391539998468943,9.953471317203366e-05,0
S0_baseline,130363,97,I,13,0.0,0,,1,0,0,0,0,0,0,325.57876923076924,267.34799622203053,53.23076923076923,5.0,132.4094986923077,163.04458788352724,112.96766480660416,0.46153846153846156,2.4615384615384617,1.4615384615384615,8.615384615384615,0.6153846153846154,1.6516686999821104,4.911360338155646e-05,0
S0_baseline,130363,97,J,13,0.0,0,,1,0,0,0,0,0,0,310.8664615384615,247.55875307968557,58.30769230769231,5.0,126.73405715384615,149.3903102276791,96.4672333046022,0.6923076923076923,2.6923076923076925,2.0,9.461538461538462,0.38461538461538464,1.505550999980187,0.0002099640878441278,0
S0_baseline,130363,97,J+,13,0.0,0,,1,0,0,0,0,0,0,310.10476923076925,247.41243355700257,57.69230769230769,5.0,128.39006215384615,146.81725416363705,95.74033108671395,0.7692307692307693,2.3076923076923075,1.6923076923076923,9.23076923076923,0.0,0.19241350001539104,0.0003637589666141139,0
S0_baseline,130363,98,I,11,0.0,0,,1,0,0,0,0,0,0,355.361,286.997391560236,63.36363636363637,5.0,171.0082079090909,202.28093516127822,140.55366243400547,0.36363636363636365,2.272727272727273,1.1818181818181819,10.181818181818182,0.7272727272727273,0.6218664000043646,0.0003071625960728852,0
S0_baseline,130363,98,J,11,0.0,0,,1,0,0,0,0,0,0,332.26536363636365,258.0835080888589,69.18181818181819,5.0,147.45181054545455,199.24851914412582,130.430337325944,0.36363636363636365,2.3636363636363638,1.3636363636363635,11.454545454545455,0.6363636363636364,1.14242240000749,0.0004110225522708788,0
S0_baseline,130363,98,J+,11,0.0,0,,1,0,0,0,0,0,0,338.80490909090906,269.077612104249,64.72727272727273,5.0,127.77783036363635,178.72653099801371,115.72653099801373,0.36363636363636365,1.6363636363636365,1.2727272727272727,10.636363636363637,0.0,0.15088030000333674,0.00026685326110964525,0
S0_baseline,130363,99,I,15,0.0,0,,1,0,0,0,0,0,0,258.73740000000004,215.67072350796698,38.06666666666667,5.0,94.48410493333334,131.95077162538183,96.41743829204852,0.4,2.6666666666666665,1.8666666666666667,6.066666666666666,0.5333333333333333,1.168568499997491,0.0001473804954912339,0
S0_baseline,130363,99,J,15,0.0,0,,1,0,0,0,0,0,0,250.75293333333332,205.61958598225323,40.13333333333333,5.0,84.71451933333333,129.9143656758059,90.38103234247255,0.26666666666666666,2.6666666666666665,1.8666666666666667,6.466666666666667,0.5333333333333333,1.3434865000017453,0.00021026620152042597,0
S0_baseline,130363,99,J+,15,0.0,0,,1,0,0,0,0,0,0,253.86679999999998,211.00015210724013,37.86666666666667,5.0,70.3773658,123.08520312708983,87.7518697937565,0.26666666666666666,2.3333333333333335,2.0,5.866666666666666,0.0,0.2573874999943655,0.00028160860210846295,0
S0_baseline,130363,100,I,14,0.0,0,,1,0,0,0,0,0,0,266.25642857142856,214.11356106189606,47.142857142857146,5.0,105.50670428571428,147.36134696473684,103.71848982187973,0.5,2.7142857142857144,1.7857142857142858,7.5,0.5,1.456678299990017,0.0001451334551347827,0
S0_baseline,130363,100,J,14,0.0,0,,1,0,0,0,0,0,0,267.23778571428574,207.30919809576582,54.92857142857143,5.0,131.24253285714286,150.06778252097598,97.85349680669027,0.5,2.5,1.6428571428571428,8.857142857142858,0.5714285714285714,1.1017867999908049,0.0002266592787236732,0
S0_baseline,130363,100,J+,14,0.0,0,,1,0,0,0,0,0,0,272.21292857142856,214.42721774756464,52.785714285714285,5.0,119.3725967142857,139.0549892791738,90.84070356488807,0.5,2.142857142857143,1.7857142857142858,8.5,0.0,0.21782079999684356,4.8465904910699464e-05,0
S0_baseline,130363,101,I,10,0.0,0,,1,0,0,0,0,0,0,431.3522,348.75222665072585,77.6,5.0,210.74612820000002,211.3461282043433,141.3461282043433,0.7,2.5,1.2,12.6,0.5,0.25749799999175593,0.00026650725840227096,0
S0_baseline,130363,101,J,10,0.0,0,,1,0,0,0,0,0,0,412.9396,320.1395885139916,87.8,5.0,181.9703819,211.32573146480883,128.12573146480878,0.6,3.2,1.8,14.3,0.8,0.6242619999975432,0.00011486008361316635,0
S0_baseline,130363,101,J+,10,0.0,0,,1,0,0,0,0,0,0,402.7142,317.0142463854481,80.7,5.0,170.4916899,199.8470395143312,124.44703951433117,0.7,2.0,1.5,13.2,0.0,0.1456569000147283,0.000463854481040471,0
S0_baseline,130363,102,I,12,0.0,0,,1,0,0,0,0,0,0,331.795,265.8783599015187,60.916666666666664,5.0,177.23557491666668,179.73557492746195,122.23557492746198,0.5,2.5833333333333335,1.25,9.666666666666666,0.6666666666666666,1.1324238000088371,0.00031881822451396147,0
S0_baseline,130363,102,J,12,0.0,0,,1,0,0,0,0,0,0,337.78916666666663,266.53920750646165,66.25,5.0,151.49186375,176.02045343329488,113.18712009996158,0.5,2.9166666666666665,1.8333333333333333,10.833333333333334,0.6666666666666666,0.8389108999981545,0.0004900775397800317,0
S0_baseline,130363,102,J+,12,0.0,0,,1,0,0,0,0,0,0,326.40416666666664,257.82085337837816,63.583333333333336,5.0,138.89728983333333,161.36008115684498,103.44341449017828,0.5,2.5,2.0,10.25,0.0,0.20370770001318306,0.0002405405380159209,0
S0_baseline,130363,103,I,15,0.0,0,,1,0,0,0,0,0,0,225.11546666666666,179.11546091162637,41.0,5.0,112.7236446,135.19858094894025,95.79858094894026,0.3333333333333333,2.6666666666666665,2.0,6.666666666666667,0.5333333333333333,1.1380180999985896,8.632560457044747e-05,0
S0_baseline,130363,103,J,15,0.0,0,,1,0,0,0,0,0,0,251.35573333333332,200.28908488302784,46.06666666666667,5.0,117.3645964,134.92251473207486,92.05584806540818,0.4,3.1333333333333333,2.1333333333333333,7.4,0.5333333333333333,1.4407118999806698,0.0002732454177021282,0
S0_baseline,130363,103,J+,15,0.0,0,,1,0,0,0,0,0,0,212.1866,168.91991240435019,38.266666666666666,5.0,105.11062746666667,123.46702836090009,86.53369502756674,0.26666666666666666,1.8,1.6,6.266666666666667,0.0,0.1506457000214141,0.00031393474728247384,0
S0_baseline,130363,104,I,12,0.0,0,,1,0,0,0,0,0,0,277.98025,221.23027284007458,51.75,5.0,126.24862783333333,177.08196113013773,125.99862779680437,0.25,2.5833333333333335,1.6666666666666667,8.416666666666666,0.6666666666666666,1.2676208000048064,0.0002740808949965867,0
S0_baseline,130363,104,J,12,0.0,0,,1,0,0,0,0,0,0,275.1234166666667,214.70677308030443,55.416666666666664,5.0,126.1314235,173.58310689380437,117.08310689380433,0.16666666666666666,2.3333333333333335,1.5,9.166666666666666,0.6666666666666666,0.9682202999829315,0.00027696365305018844,0
S0_baseline,130363,104,J+,12,0.0,0,,1,0,0,0,0,0,0,277.856,221.4393091221998,51.416666666666664,5.0,112.01451275,159.5050525426056,107.75505254260561,0.08333333333333333,1.6666666666666667,1.5833333333333333,8.5,0.0,0.06739840001682751,0.000290533602310461,0
S0_baseline,130363,105,I,15,0.0,0,,1,0,0,0,0,0,0,266.9344,217.46775286618018,44.46666666666667,5.0,117.78894286666667,139.14702178003517,98.28035511336849,0.5333333333333333,2.466666666666667,1.6,7.133333333333334,0.5333333333333333,1.000100300007034,0.0002929927027253143,0
S0_baseline,130363,105,J,15,0.0,0,,1,0,0,0,0,0,0,282.00960000000003,229.74294699170392,47.266666666666666,5.0,117.55689686666666,136.19980355941436,92.59980355941435,0.5333333333333333,2.6666666666666665,1.6666666666666667,7.6,0.5333333333333333,0.9959674999990966,0.00020487555866566254,0
S0_baseline,130363,105,J+,15,0.0,0,,1,0,0,0,0,0,0,266.32373333333334,214.92375700611436,46.4,5.0,106.71783186666667,123.48806492547597,82.75473159214262,0.5333333333333333,2.533333333333333,2.1333333333333333,7.4,0.0,0.276903099991614,0.00035509171493686154,0
S0_baseline,130363,106,I,15,0.0,0,,1,0,0,0,0,0,0,282.32426666666663,236.72428790487422,40.6,5.0,97.97272840000001,136.25822345792312,97.7248901245898,0.4,2.066666666666667,1.3333333333333333,6.6,0.5333333333333333,0.7659962000034284,0.00031857311387284426,0
S0_baseline,130363,106,J,15,0.0,0,,1,0,0,0,0,0,0,272.31326666666666,221.11324577654395,46.2,5.0,100.8343126,133.68916712053263,89.95583378719927,0.4666666666666667,2.3333333333333335,1.6,7.533333333333333,0.4666666666666667,1.4521108999906573,0.0003133518407594238,0
S0_baseline,130363,106,J+,15,0.0,0,,1,0,0,0,0,0,0,266.9938,218.99382531489235,43.0,5.0,91.508154,123.04862007389418,83.58195340722752,0.5333333333333333,1.8,1.5333333333333334,7.0,0.0,0.18642410001484677,0.00037972338486724766,0
S0_baseline,130363,107,I,15,0.0,0,,1,0,0,0,0,0,0,271.3136666666667,223.71364157640448,42.6,5.0,116.85253093333334,138.39923295121335,98.33256628454669,0.5333333333333333,2.2,1.4666666666666666,6.933333333333334,0.5333333333333333,1.1429807000095025,0.000376353932551865,0
S0_baseline,130363,107,J,15,0.0,0,,1,0,0,0,0,0,0,262.0996666666667,209.0996955368055,48.0,5.0,116.87854806666665,132.04878113997566,87.24878113997569,0.5333333333333333,2.533333333333333,1.7333333333333334,7.666666666666667,0.4666666666666667,1.2558575000148267,0.0004330520828261797,0
S0_baseline,130363,107,J+,15,0.0,0,,1,0,0,0,0,0,0,274.7488,223.81548016661012,45.93333333333333,5.0,108.47653573333334,124.04676876517308,83.78010209850643,0.5333333333333333,2.2,1.8,7.266666666666667,0.0,0.20534939999924973,0.00020249915178283118,0
S0_baseline,130363,108,I,13,0.0,0,,1,0,0,0,0,0,0,297.6537692307692,236.73067668143725,55.92307692307692,5.0,161.80993123076922,163.6560850438934,111.11762350543184,0.3076923076923077,2.3076923076923075,1.6923076923076923,9.0,0.38461538461538464,0.5928730000159703,0.00020314131552368053,0
S0_baseline,130363,108,J,13,0.0,0,,1,0,0,0,0,0,0,290.518,226.74873249370316,58.76923076923077,5.0,134.40239146153846,153.75611177443366,99.90995792827978,0.5384615384615384,3.0,2.076923076923077,9.538461538461538,0.5384615384615384,1.1798985000059474,0.0004775818588313996,0
S0_baseline,130363,108,J+,13,0.0,0,,1,0,0,0,0,0,0,283.5860769230769,225.35531650657273,53.23076923076923,5.0,127.49033792307692,145.91752991311014,97.60983760541782,0.6153846153846154,2.076923076923077,1.7692307692307692,8.615384615384615,0.0,0.19658379998872988,0.00011458544531706139,0
S0_baseline,130363,109,I,10,0.0,0,,1,0,0,0,0,0,0,361.6712,280.37118874666464,76.3,5.0,227.81530120000002,227.81530122795712,153.31530122795715,0.4,2.8,1.4,12.3,0.8,1.0541243999905419,0.00011253335333094583,0
S0_baseline,130363,109,J,10,0.0,0,,1,0,0,0,0,0,0,332.88739999999996,254.38740087467505,73.5,5.0,156.74484520000001,213.25625306779966,139.45625306779968,0.3,2.4,1.4,12.0,0.8,1.0509953000000678,8.746750609134324e-06,0
S0_baseline,130363,109,J+,10,0.0,0,,1,0,0,0,0,0,0,318.87420000000003,245.17418133730115,68.7,5.0,144.236904,197.70572789330248,129.8057278933025,0.4,1.6,1.4,11.2,0.0,0.07704050000756979,0.0001866269885795191,0
S0_baseline,130363,110,I,13,0.0,0,,1,0,0,0,0,0,0,276.0063076923077,223.85249213951323,47.15384615384615,5.0,88.36486107692306,163.20821308216514,117.43898231293436,0.3076923076923077,2.3076923076923075,1.4615384615384615,7.538461538461538,0.6153846153846154,1.450561600009678,0.00039781367195246276,0
S0_baseline,130363,110,J,13,0.0,0,,1,0,0,0,0,0,0,266.18384615384616,211.1838364695596,50.0,5.0,91.93317369230769,151.66147896612597,102.27686358151058,0.3076923076923077,2.1538461538461537,1.5384615384615385,8.076923076923077,0.38461538461538464,1.352624899998773,0.00012589572497745394,0
S0_baseline,130363,110,J+,13,0.0,0,,1,0,0,0,0,0,0,259.56815384615385,206.3373496705284,48.23076923076923,5.0,107.7717203076923,143.67570814631574,96.90647737708498,0.3076923076923077,1.4615384615384615,1.0769230769230769,7.846153846153846,0.0,0.16114469998865388,0.00045428313069351134,0
S0_baseline,130363,111,I,10,0.0,0,,1,0,0,0,0,0,0,377.5372,299.03723128693525,73.5,5.0,167.5113047,208.37363322428004,141.27363322428005,0.9,2.0,1.1,12.0,0.4,1.0864300000248477,0.00031286935291063855,0
S0_baseline,130363,111,J,10,0.0,0,,1,0,0,0,0,0,0,366.43919999999997,280.7391505086691,80.7,5.0,167.3497535,202.0235540646046,126.62355406460458,0.6,2.1,1.4,13.2,0.2,0.7867232999997213,0.0004949133085574431,0
S0_baseline,130363,111,J+,10,0.0,0,,1,0,0,0,0,0,0,366.2866,280.68655642802435,80.6,5.0,166.0767478,200.7505483809416,126.5505483809416,0.7,2.1,1.5,13.1,0.0,0.10615370000596158,0.0004357197567514959,0
S0_baseline,130363,112,I,15,0.0,0,,1,0,0,0,0,0,0,264.7232666666667,216.38995818179967,43.333333333333336,5.0,120.03510026666666,139.36843363090242,100.36843363090242,0.5333333333333333,2.4,1.5333333333333334,7.0,0.5333333333333333,0.4879662000166718,0.0003727269950104528,0
S0_baseline,130363,112,J,15,0.0,0,,1,0,0,0,0,0,0,272.60066666666665,221.46734114059774,46.13333333333333,5.0,113.05308293333333,129.82331595512048,89.08998262178713,0.4,2.6666666666666665,1.7333333333333334,7.466666666666667,0.5333333333333333,0.6128488999966066,0.00011710896569638862,0
S0_baseline,130363,112,J+,15,0.0,0,,1,0,0,0,0,0,0,254.35346666666666,205.82013406111219,43.53333333333333,5.0,101.91783186666666,118.68806492547598,82.75473159214263,0.5333333333333333,2.2666666666666666,1.8,6.866666666666666,0.0,0.2154253000044264,1.0916682640527142e-05,0
S0_baseline,130363,113,I,12,0.0,0,,1,0,0,0,0,0,0,282.7418333333333,217.32513144785483,60.416666666666664,5.0,148.91923816666667,175.08590481969918,121.08590481969917,0.5,3.1666666666666665,2.25,9.583333333333334,0.6666666666666666,0.9357457000005525,0.00042262574197593494,0
S0_baseline,130363,113,J,12,0.0,0,,1,0,0,0,0,0,0,274.6945,203.77781586368107,65.91666666666667,5.0,153.02703175,180.0179889038177,114.5179889038177,0.3333333333333333,2.8333333333333335,2.1666666666666665,10.916666666666666,0.6666666666666666,1.2253079999936745,0.00020963582710464834,0
S0_baseline,130363,113,J+,12,0.0,0,,1,0,0,0,0,0,0,295.51416666666665,230.09752185302386,60.416666666666664,5.0,138.06180541666666,166.05168595018608,106.88501928351941,0.3333333333333333,1.9166666666666667,1.9166666666666667,10.0,0.0,0.047535099991364405,0.00026223628628940787,0
S0_baseline,130363,114,I,10,0.0,0,,1,0,0,0,0,0,0,379.56129999999996,306.3612601522311,68.2,5.0,183.0755111,217.99284129376753,148.99284129376753,0.2,2.5,1.6,11.2,0.8,0.5905249000061303,0.00039847768857725896,0
S0_baseline,130363,114,J,10,0.0,0,,1,0,0,0,0,0,0,363.8263,283.4262781612577,75.4,5.0,155.5046233,211.88388857754802,136.2838885775481,0.4,2.7,1.8,12.4,0.6,1.3862891999888234,0.00021838742304680636,0
S0_baseline,130363,114,J+,10,0.0,0,,1,0,0,0,0,0,0,355.0539,279.453876632589,70.6,5.0,145.5696137,202.56823945482003,131.76823945482005,0.3,1.9,1.6,11.6,0.0,0.16443030000664294,0.00023367410994978854,0
S0_baseline,130363,115,I,16,0.0,0,,1,0,0,0,0,0,0,248.8699375,205.1824650574191,38.6875,5.0,124.438458875,126.68845888646061,92.81345888646061,0.5,2.375,1.5,6.1875,0.5,0.7139206000138074,0.000440918705862714,0
S0_baseline,130363,115,J,16,0.0,0,,1,0,0,0,0,0,0,251.615375,207.36534394706837,39.25,5.0,112.3432385625,120.565988233551,82.50348823355102,0.375,2.375,1.4375,6.4375,0.5,1.0784665999817662,0.0004968469061168435,0
S0_baseline,130363,115,J+,16,0.0,0,,1,0,0,0,0,0,0,235.96025,196.58522356443189,34.375,5.0,101.01171625,116.00702542468358,81.69452542468358,0.3125,1.5625,1.25,5.625,0.0,0.11968400000478141,0.00042296908986827475,0
S0_baseline,130363,116,I,15,0.0,0,,1,0,0,0,0,0,0,261.94733333333335,213.21398582997605,43.733333333333334,5.0,119.09580833333332,138.82914169641015,99.49580836307682,0.6,2.8,1.9333333333333333,7.066666666666666,0.5333333333333333,0.558813099982217,0.0002125503592651512,0
S0_baseline,130363,116,J,15,0.0,0,,1,0,0,0,0,0,0,267.4497333333333,216.51640303671908,45.93333333333333,5.0,112.10257813333332,129.0183803709873,87.35171370432062,0.3333333333333333,2.8,1.8,7.266666666666667,0.5333333333333333,0.6693960000120569,4.555078612611396e-05,0
S0_baseline,130363,116,J+,15,0.0,0,,1,0,0,0,0,0,0,261.2128666666667,213.4128488256453,42.8,5.0,120.52666980000001,122.92666980384888,83.92666980384888,0.3333333333333333,2.1333333333333333,1.8,6.8,0.0,0.16906379998545162,0.00026761532035379787,0
S0_baseline,130363,117,I,14,0.0,0,,1,0,0,0,0,0,0,271.93414285714283,220.8627122709007,46.07142857142857,5.0,110.83244850000001,154.09697404049675,108.66840261192533,0.2857142857142857,2.4285714285714284,1.7857142857142858,7.5,0.5714285714285714,0.7054609000042547,2.8207390187162673e-05,0
S0_baseline,130363,117,J,14,0.0,0,,1,0,0,0,0,0,0,276.41564285714287,213.84421235063343,57.57142857142857,5.0,151.93998185714284,155.79712472275008,101.01141043703576,0.35714285714285715,2.857142857142857,1.9285714285714286,9.357142857142858,0.5714285714285714,0.5676129999919794,2.709113186938339e-05,0
S0_baseline,130363,117,J+,14,0.0,0,,1,0,0,0,0,0,0,263.9308571428572,205.07369403182474,53.857142857142854,5.0,138.6112207142857,142.46836355450037,92.61122069735752,0.5,2.2142857142857144,1.9285714285714286,8.857142857142858,0.0,0.09750850001000799,0.00028355445374472765,0
S0_baseline,130363,118,I,12,0.0,0,,1,0,0,0,0,0,0,313.59316666666666,242.50981457372757,66.08333333333333,5.0,183.167516,187.66751596970457,125.9175159697046,0.5833333333333334,2.5,1.75,10.666666666666666,0.6666666666666666,0.7222157999931369,0.00022511526913149282,0
S0_baseline,130363,118,J,12,0.0,0,,1,0,0,0,0,0,0,301.55825,223.80828387158772,72.75,5.0,153.3298275,177.7926187645505,108.04261876455051,0.5,2.0833333333333335,1.6666666666666667,11.916666666666666,0.3333333333333333,0.7462847999995574,0.0004064590525558742,0
S0_baseline,130363,118,J+,12,0.0,0,,1,0,0,0,0,0,0,304.98608333333334,229.0694238506368,70.91666666666667,5.0,144.89728983333333,169.36008115684498,103.44341449017828,0.6666666666666666,1.75,1.5833333333333333,11.75,0.0,0.11647690000245348,8.620764174338547e-05,0
S0_baseline,130363,119,I,15,0.0,0,,1,0,0,0,0,0,0,269.40319999999997,215.00321099043865,49.4,5.0,127.33724779999999,147.36441707942336,102.16441707942339,0.4666666666666667,2.8,1.8666666666666667,7.733333333333333,0.5333333333333333,1.181209400005173,0.00016485657988596358,0
S0_baseline,130363,119,J,15,0.0,0,,1,0,0,0,0,0,0,265.1236,212.0569487017584,48.06666666666667,5.0,98.9718972,132.7971456021014,88.66381226876805,0.4666666666666667,2.8666666666666667,2.1333333333333333,7.733333333333333,0.4,2.2071252999885473,0.0002305263760717935,0
S0_baseline,130363,119,J+,15,0.0,0,,1,0,0,0,0,0,0,264.11733333333336,213.38400860761934,45.733333333333334,5.0,106.3258304,122.69606343245377,82.82939676578712,0.5333333333333333,2.2666666666666666,1.9333333333333333,7.4,0.0,0.1295086000172887,0.00012911428984807571,0
S0_baseline,130363,120,I,14,0.0,0,,1,0,0,0,0,0,0,294.13085714285717,247.4165545723308,41.714285714285715,5.0,121.12748264285713,141.8417683759434,103.62748266165768,0.42857142857142855,2.4285714285714284,1.4285714285714286,6.714285714285714,0.5714285714285714,0.5410265999962576,0.00023598736925123376,0
S0_baseline,130363,120,J,14,0.0,0,,1,0,0,0,0,0,0,240.93471428571428,192.93469765060132,43.0,5.0,124.70635235714285,140.96017348390572,97.81731634104858,0.21428571428571427,2.142857142857143,1.2857142857142858,6.928571428571429,0.5714285714285714,1.0684257000102662,0.00023289158116313047,0
S0_baseline,130363,120,J+,14,0.0,0,,1,0,0,0,0,0,0,256.415,209.77213864680698,41.642857142857146,5.0,95.26587028571429,134.47607673236826,94.9046481609397,0.35714285714285715,2.142857142857143,1.9285714285714286,6.642857142857143,0.0,0.09063640001113527,5.894470223211101e-05,0
S0_baseline,130363,121,I,15,0.0,0,,1,0,0,0,0,0,0,263.58986666666664,213.38984057492942,45.2,5.0,139.29200726666667,140.89200729219073,101.89200729219075,0.6666666666666666,3.0,1.9333333333333333,7.2,0.5333333333333333,0.9131215999950655,0.0003913760588147852,0
S0_baseline,130363,121,J,15,0.0,0,,1,0,0,0,0,0,0,268.4749333333333,211.54161331104996,51.93333333333333,5.0,117.60991013333334,135.06784219254646,89.33450885921313,0.5333333333333333,3.466666666666667,2.466666666666667,8.266666666666667,0.5333333333333333,1.1370655999926385,0.00019966574973295792,0
S0_baseline,130363,121,J+,15,0.0,0,,1,0,0,0,0,0,0,257.04560000000004,206.37891875540163,45.666666666666664,5.0,104.71783186666667,123.36629194224297,83.09962527557629,0.4666666666666667,2.4,2.066666666666667,7.333333333333333,0.0,0.22612320000189357,0.00021866897577638156,0
S0_baseline,130363,122,I,11,0.0,0,,1,0,0,0,0,0,0,354.64763636363637,281.19310078397416,68.45454545454545,5.0,190.21567963636363,195.12477050228864,133.12477050228864,0.5454545454545454,2.5454545454545454,1.2727272727272727,10.727272727272727,0.5454545454545454,0.7718686999869533,0.00010862371573239216,0
S0_baseline,130363,122,J,11,0.0,0,,1,0,0,0,0,0,0,341.09327272727273,263.5477910369336,72.54545454545455,5.0,157.1323618181818,185.4556200199935,117.4556200199935,0.45454545454545453,2.6363636363636362,1.4545454545454546,11.636363636363637,0.6363636363636364,0.9676613000046927,0.00029859373080398655,0
S0_baseline,130363,122,J+,11,0.0,0,,1,0,0,0,0,0,0,372.9800909090909,298.3437143396787,69.63636363636364,5.0,150.9412659090909,177.08249277289264,113.99158368198351,0.7272727272727273,2.3636363636363638,1.3636363636363635,11.0,0.0,0.17007280001416802,0.0001422635345988965,0
S0_baseline,130363,123,I,12,0.0,0,,1,0,0,0,0,0,0,317.33391666666665,250.50060761021362,61.833333333333336,5.0,173.92803183333334,175.42803182971298,118.51136516304636,0.4166666666666667,2.9166666666666665,1.75,9.75,0.6666666666666666,0.5219618999981321,0.00029132256349839736,0
S0_baseline,130363,123,J,12,0.0,0,,1,0,0,0,0,0,0,319.3014166666667,246.71810213372785,67.58333333333333,5.0,179.55924558333334,182.05924558688886,116.89257892022219,0.3333333333333333,2.6666666666666665,2.0,10.916666666666666,0.5,0.6866916999861132,0.00022560473416888271,0
S0_baseline,130363,123,J+,12,0.0,0,,1,0,0,0,0,0,0,306.24583333333334,237.16250744287046,64.08333333333333,5.0,164.87644375,167.3764437885384,106.62644378853844,0.4166666666666667,2.0833333333333335,1.8333333333333333,10.333333333333334,0.0,0.1367731999780517,8.931444563131663e-05,0
S0_baseline,130363,124,I,10,0.0,0,,1,0,0,0,0,0,0,403.4793,326.87926325155706,71.6,5.0,148.4750779,213.81356076901398,145.213560769014,0.6,2.7,1.5,11.6,0.8,1.2531590999860782,0.0003674844292618218,0
S0_baseline,130363,124,J,10,0.0,0,,1,0,0,0,0,0,0,392.0718,306.7717506431614,80.3,5.0,178.880713,207.50787140477132,132.30787140477133,0.5,2.8,1.4,12.8,0.5,0.5638526999973692,0.0004935683859912388,0
S0_baseline,130363,124,J+,10,0.0,0,,1,0,0,0,0,0,0,383.96799999999996,304.06804271134314,74.9,5.0,166.0767478,195.33849717668792,124.13849717668793,0.6,1.6,1.1,12.4,0.0,0.11777489999076352,0.00042711343166956794,0
S0_baseline,130363,125,I,12,0.0,0,,1,0,0,0,0,0,0,321.42883333333333,251.76219014528522,64.66666666666667,5.0,154.1580345,183.37014182922795,123.2034751625613,0.6666666666666666,2.4166666666666665,1.5,10.5,0.5,0.7373891999886837,0.0002817434224198223,0
S0_baseline,130363,125,J,12,0.0,0,,1,0,0,0,0,0,0,304.42333333333335,237.25662748394367,62.166666666666664,5.0,142.4749305,166.225196093836,106.97519609383596,0.4166666666666667,2.5833333333333335,1.5833333333333333,10.083333333333334,0.5833333333333334,1.2433673999912571,0.0004701926759480557,0
S0_baseline,130363,125,J+,12,0.0,0,,1,0,0,0,0,0,0,302.46883333333335,239.71882716380674,57.75,5.0,133.81712983333333,156.77992113557454,103.4465878022412,0.6666666666666666,1.8333333333333333,1.5,9.416666666666666,0.0,0.11833019999903627,7.403431936836569e-05,0
S0_baseline,130363,126,I,16,0.0,0,,1,0,0,0,0,0,0,284.9746875,240.34968089451985,39.625,5.0,106.842181,108.34218098243493,76.21718098243491,0.625,2.9375,1.625,6.1875,0.5,1.004858600004809,0.00010568768266239204,0
S0_baseline,130363,126,J,16,0.0,0,,1,0,0,0,0,0,0,253.6148125,205.42731673383915,43.1875,5.0,108.9207300625,120.54660326257888,81.48410326257888,0.375,2.5,1.625,6.9375,0.4375,1.5515584999811836,6.77414263918763e-05,0
S0_baseline,130363,126,J+,16,0.0,0,,1,0,0,0,0,0,0,247.468625,202.59362201090454,39.875,5.0,100.4124245,113.26915880119884,77.51915880119884,0.375,1.9375,1.5625,6.4375,0.0,0.2561610999982804,4.782552741744439e-05,0
S0_baseline,130363,127,I,13,0.0,0,,1,0,0,0,0,0,0,282.219,228.60359923871115,48.61538461538461,5.0,132.750478,157.94360387482246,111.17437310559168,0.3076923076923077,2.230769230769231,1.4615384615384615,7.846153846153846,0.5384615384615384,0.9704703000024892,0.00020989675522287143,0
S0_baseline,130363,127,J,13,0.0,0,,1,0,0,0,0,0,0,279.96984615384616,221.66216824028834,53.30769230769231,5.0,100.12526192307692,154.45146461527528,102.14377230758298,0.23076923076923078,2.5384615384615383,1.6923076923076923,8.692307692307692,0.6153846153846154,0.846192400000291,0.00018712374821916455,0
S0_baseline,130363,127,J+,13,0.0,0,,1,0,0,0,0,0,0,271.1963846153846,214.81176755795525,51.38461538461539,5.0,121.82359669230769,146.39116589827674,98.1603966675075,0.38461538461538464,2.076923076923077,1.7692307692307692,8.307692307692308,0.0,0.13226969999959692,2.1746581751358462e-05,0
S0_baseline,130363,128,I,14,0.0,0,,1,0,0,0,0,0,0,283.40414285714286,228.189832409541,50.214285714285715,5.0,129.0987825,149.38449676124242,102.52735390409954,0.5,3.0714285714285716,2.2142857142857144,8.071428571428571,0.5714285714285714,1.4217957000073511,0.0003462664258222503,0
S0_baseline,130363,128,J,14,0.0,0,,1,0,0,0,0,0,0,284.5877142857143,224.23059024791266,55.357142857142854,5.0,123.65773135714286,143.97189628204345,93.543324853472,0.5714285714285714,3.0,2.2142857142857144,8.928571428571429,0.5714285714285714,1.6848593999748118,0.00026347077709942823,0
S0_baseline,130363,128,J+,14,0.0,0,,1,0,0,0,0,0,0,275.1822142857143,219.46795837544164,50.714285714285715,5.0,114.34053414285714,135.1508439106782,89.00798676782101,0.5714285714285714,2.2142857142857144,2.0,8.214285714285714,0.0,0.1279177999822423,0.000417256183027348,0
S0_baseline,130363,129,I,10,0.0,0,,1,0,0,0,0,0,0,383.8384,307.238371416554,71.6,5.0,141.06034449999999,204.64954463808786,138.74954463808785,0.8,2.6,2.0,11.6,0.2,1.176047400018433,0.00028583446010088664,0
S0_baseline,130363,129,J,10,0.0,0,,1,0,0,0,0,0,0,388.0698,296.4698098937954,86.6,5.0,177.3955166,205.04284109004138,126.74284109004138,0.8,3.1,2.1,14.1,0.4,1.3534343999926932,9.893795413518092e-05,0
S0_baseline,130363,129,J+,10,0.0,0,,1,0,0,0,0,0,0,381.5009,291.2009285104736,85.3,5.0,172.0767478,200.83209738821398,124.13209738821395,0.8,2.9,2.5,13.8,0.0,0.18267020001076162,0.00028510473612186615,0
S0_baseline,130363,130,I,12,0.0,0,,1,0,0,0,0,0,0,306.8811666666667,247.04780305436873,54.833333333333336,5.0,103.02533516666666,175.52533518458543,122.60866851791877,0.25,2.25,1.5,9.0,0.6666666666666666,0.745774100010749,0.0003633475753304083,0
S0_baseline,130363,130,J,12,0.0,0,,1,0,0,0,0,0,0,280.90500000000003,217.90498883842199,58.0,5.0,78.0090915,171.61123599826308,117.11123599826315,0.6666666666666666,2.1666666666666665,1.75,9.25,0.25,1.5246882000064943,0.00013393893641477916,0
S0_baseline,130363,130,J+,12,0.0,0,,1,0,0,0,0,0,0,294.06025,231.81021988913008,57.25,5.0,77.50891591666667,162.3631805756641,109.61318057566412,0.6666666666666666,2.0,1.75,9.333333333333334,0.0,0.11181080000824295,0.0003613304388636607,0
S0_baseline,130363,131,I,16,0.0,0,,1,0,0,0,0,0,0,227.43925,186.00177110153234,36.4375,5.0,87.77848875,90.40348877702519,61.27848877702519,0.5625,2.8125,1.9375,5.8125,0.5,1.1716285000147764,0.0003376245176696102,0
S0_baseline,130363,131,J,16,0.0,0,,1,0,0,0,0,0,0,221.173875,181.2988438819533,34.875,5.0,100.6580328125,107.37419956429372,77.18669956429372,0.5,2.375,1.5625,5.5,0.5,0.8167455999937374,0.0004978887473043869,0
S0_baseline,130363,131,J+,16,0.0,0,,1,0,0,0,0,0,0,221.3959375,181.39596200404367,35.0,5.0,109.18797025,112.18797025500383,79.75047025500382,0.375,1.875,1.6875,5.625,0.0,0.149752700002864,0.00039206469864438986,0
S0_baseline,130363,132,I,16,0.0,0,,1,0,0,0,0,0,0,252.4874375,203.4249259939553,44.0625,5.0,135.6524686875,137.5274686822412,95.46496868224118,0.375,2.1875,1.375,7.1875,0.5,1.2482549000123981,0.0001840967152020312,0
S0_baseline,130363,132,J,16,0.0,0,,1,0,0,0,0,0,0,239.899375,192.1493779338907,42.75,5.0,102.627247,116.43370461567284,80.30870461567284,0.6875,2.6875,1.9375,6.8125,0.3125,1.6449610000126995,4.694225117418682e-05,0
S0_baseline,130363,132,J+,16,0.0,0,,1,0,0,0,0,0,0,231.6955625,186.69555595338008,40.0,5.0,97.6838905625,111.90310602273847,78.77810602273846,0.75,2.1875,1.875,6.5625,0.0,0.19555300002684817,0.00010474591863385285,0
S0_baseline,130363,133,I,13,0.0,0,,1,0,0,0,0,0,0,264.4922307692308,211.64608282327984,47.84615384615385,5.0,122.5998406923077,168.84357880630063,121.92050188322372,0.46153846153846156,2.6923076923076925,1.9230769230769231,7.846153846153846,0.6153846153846154,1.4379949999856763,7.670263812542544e-05,0
S0_baseline,130363,133,J,13,0.0,0,,1,0,0,0,0,0,0,250.99615384615385,196.91922768602166,49.07692307692308,5.0,119.58198176923078,157.91529044899815,109.06913660284431,0.23076923076923078,2.230769230769231,1.3076923076923077,7.923076923076923,0.6153846153846154,1.020293200010201,4.008171845271136e-05,0
S0_baseline,130363,133,J+,13,0.0,0,,1,0,0,0,0,0,0,267.64953846153844,216.8033704118115,45.84615384615385,5.0,104.53102653846153,143.08283116843688,98.62129270689837,0.23076923076923078,1.6923076923076923,1.3846153846153846,7.384615384615385,0.0,0.16410460000042804,0.00018464645063431817,0
S0_baseline,130363,134,I,13,0.0,0,,1,0,0,0,0,0,0,304.0487692307692,241.3564745504606,57.69230769230769,5.0,165.15561507692308,165.61715355742479,112.77099971127095,0.46153846153846156,2.3076923076923075,1.3076923076923077,9.23076923076923,0.5384615384615384,1.0559193000080995,0.00016915598780542496,0
S0_baseline,130363,134,J,13,0.0,0,,1,0,0,0,0,0,0,340.22792307692305,269.0740796228613,66.15384615384616,5.0,161.39266469230768,161.3926646873315,102.85420314886993,0.6923076923076923,2.6923076923076925,1.5384615384615385,10.76923076923077,0.5384615384615384,1.44136540000909,3.5097196814604104e-05,0
S0_baseline,130363,134,J+,13,0.0,0,,1,0,0,0,0,0,0,300.31192307692305,237.54267545987366,57.76923076923077,5.0,111.17030638461539,147.10161337554922,95.48622876016458,0.6923076923076923,2.3076923076923075,1.9230769230769231,9.307692307692308,0.0,0.15123349998611957,0.00021902164235143573,0
S0_baseline,130363,135,I,13,0.0,0,,1,0,0,0,0,0,0,292.2196923076923,232.98894923696162,54.23076923076923,5.0,140.2079949230769,164.8233795192712,113.43876413465581,0.5384615384615384,2.3076923076923075,1.6153846153846154,8.846153846153847,0.6153846153846154,0.4529135999910068,0.0003400805007913732,0
S0_baseline,130363,135,J,13,0.0,0,,1,0,0,0,0,0,0,297.3524615384615,232.5832363407599,59.76923076923077,5.0,121.45150230769231,159.70754508285734,102.70754508285732,0.3076923076923077,2.5384615384615383,1.6153846153846154,9.76923076923077,0.6153846153846154,0.7729140000010375,7.242987885547336e-05,0
S0_baseline,130363,135,J+,13,0.0,0,,1,0,0,0,0,0,0,291.04192307692307,230.5034886429847,55.53846153846154,5.0,108.40107561538463,146.64007491401074,95.48622876016455,0.46153846153846156,1.8461538461538463,1.4615384615384615,9.0,0.0,0.14010509999934584,0.00035235880113759777,0
S0_baseline,130363,136,I,10,0.0,0,,1,0,0,0,0,0,0,362.70889999999997,281.7089467359998,76.0,5.0,187.5323167,222.88308588977756,147.08308588977758,0.2,2.6,1.7,12.5,0.7,0.5469396999978926,0.0004673599983107124,0
S0_baseline,130363,136,J,10,0.0,0,,1,0,0,0,0,0,0,345.0877,261.98772052005967,78.1,5.0,155.04197449999998,207.75716134352038,133.45716134352037,0.5,3.2,2.1,12.6,0.8,1.0010290000063833,0.00020520059661066625,0
S0_baseline,130363,136,J+,10,0.0,0,,1,0,0,0,0,0,0,348.40790000000004,272.00785182696876,71.4,5.0,157.6767478,190.63209738821394,124.13209738821392,0.5,1.9,1.5,11.4,0.0,0.1281172000162769,0.0004817303124582395,0
S0_baseline,130363,137,I,14,0.0,0,,1,0,0,0,0,0,0,280.3287142857143,226.47156872177897,48.857142857142854,5.0,106.91712378571428,153.2983261538261,108.65546901096899,0.5714285714285714,2.4285714285714284,1.4285714285714286,7.785714285714286,0.5,1.3845393999945372,3.78950944650569e-05,0
S0_baseline,130363,137,J,14,0.0,0,,1,0,0,0,0,0,0,289.9068571428571,230.33543441066158,54.57142857142857,5.0,131.69769371428572,148.8086577166319,96.73722914520336,0.35714285714285715,2.357142857142857,1.6428571428571428,8.857142857142858,0.5714285714285714,0.8855990000010934,8.17492623355065e-05,0
S0_baseline,130363,137,J+,14,0.0,0,,1,0,0,0,0,0,0,273.80392857142857,219.2324679322283,49.57142857142857,5.0,98.08671307142858,133.16578384872426,88.66578384872425,0.42857142857142855,2.0714285714285716,1.8571428571428572,8.142857142857142,0.0,0.16971139999805018,0.0004489488037506817,0
S0_baseline,130363,138,I,11,0.0,0,,1,0,0,0,0,0,0,383.68190909090913,311.9546649514407,66.72727272727273,5.0,162.71750081818183,194.6577832610874,131.11232871563288,0.45454545454545453,2.272727272727273,1.1818181818181819,10.818181818181818,0.6363636363636364,0.7539754000026733,0.0003144658471683215,0
S0_baseline,130363,138,J,11,0.0,0,,1,0,0,0,0,0,0,375.21554545454546,294.76097390463207,75.45454545454545,5.0,162.52879099999998,192.42417042879052,120.78780679242686,0.45454545454545453,2.727272727272727,1.7272727272727273,12.272727272727273,0.45454545454545453,0.9130937999871094,0.00028704904707410606,0
S0_baseline,130363,138,J+,11,0.0,0,,1,0,0,0,0,0,0,372.29081818181817,295.1999176440073,72.0909090909091,5.0,155.88795254545454,180.39281580746726,112.84736126201268,0.45454545454545453,2.1818181818181817,1.7272727272727273,11.636363636363637,0.0,0.11160750000271946,9.408408050148864e-05,0
S0_baseline,130363,139,I,10,0.0,0,,1,0,0,0,0,0,0,432.7724,355.4724490072671,72.3,5.0,144.9854138,210.78541380378857,143.28541380378857,0.6,3.4,1.9,11.8,0.8,0.5982074000057764,0.0004900726703453984,0
S0_baseline,130363,139,J,10,0.0,0,,1,0,0,0,0,0,0,359.7704,282.07044656548806,72.7,5.0,151.9643372,207.0750363025877,135.07503630258765,0.3,2.4,1.3,11.7,0.8,0.9230451000039466,0.0004656548803723126,0
S0_baseline,130363,139,J+,10,0.0,0,,1,0,0,0,0,0,0,352.9177,277.41767418415105,70.5,5.0,135.5136352,192.4243342861742,124.22433428617418,0.3,2.0,1.8,11.5,0.0,0.08792970000649802,0.0002581584894869593,0
S0_baseline,130363,140,I,13,0.0,0,,1,0,0,0,0,0,0,322.41876923076927,266.7264810231855,50.69230769230769,5.0,140.91725453846155,165.53263916693226,117.99417762847071,0.5384615384615384,2.076923076923077,1.0769230769230769,8.0,0.6153846153846154,0.9545794000150636,0.0002533014112486853,0
S0_baseline,130363,140,J,13,0.0,0,,1,0,0,0,0,0,0,322.2139230769231,261.9062249300765,55.30769230769231,5.0,130.42087107692308,149.77114000397972,98.84806308090278,0.46153846153846156,2.5384615384615383,1.3076923076923077,8.76923076923077,0.6153846153846154,0.7786473000014666,7.590900531795342e-05,0
S0_baseline,130363,140,J+,13,0.0,0,,1,0,0,0,0,0,0,314.35115384615386,257.6588138605058,51.69230769230769,5.0,124.5111186923077,143.86138757111138,96.09215680188058,0.46153846153846156,1.9230769230769231,1.3846153846153846,8.23076923076923,0.0,0.18928230000892654,0.0004198134247417329,0
S0_baseline,130363,141,I,10,0.0,0,,1,0,0,0,0,0,0,364.0412,288.14119670079043,70.9,5.0,157.0934906,218.69349058575486,149.59349058575486,0.3,2.5,1.4,11.4,0.8,0.5627647000073921,3.299209538454306e-05,0
S0_baseline,130363,141,J,10,0.0,0,,1,0,0,0,0,0,0,356.74609999999996,275.9461096436686,75.8,5.0,112.93640439999999,212.19865295269378,138.9986529526938,0.3,2.7,1.6,12.3,0.6,1.0896232000086457,9.64366859079746e-05,0
S0_baseline,130363,141,J+,10,0.0,0,,1,0,0,0,0,0,0,379.17449999999997,297.0745256540566,77.1,5.0,168.1786766,198.73402616146956,125.73402616146953,0.5,2.2,1.7,12.6,0.0,0.10869640001328662,0.0002565405657151132,0
S0_baseline,130363,142,I,13,0.0,0,,1,0,0,0,0,0,0,297.27592307692305,240.81434793603512,51.46153846153846,5.0,134.61205715384614,159.22744178651135,111.45821101728055,0.5384615384615384,2.3076923076923075,1.6153846153846154,8.384615384615385,0.23076923076923078,1.0255006999941543,0.0004768315434375836,0
S0_baseline,130363,142,J,13,0.0,0,,1,0,0,0,0,0,0,287.57738461538463,225.5004664017517,57.07692307692308,5.0,117.28888792307693,156.0583079890969,102.28907721986613,0.46153846153846156,2.5384615384615383,1.8461538461538463,9.384615384615385,0.38461538461538464,1.4371388000145089,6.322277249637409e-05,0
S0_baseline,130363,142,J+,13,0.0,0,,1,0,0,0,0,0,0,284.1276923076923,224.5123040680307,54.61538461538461,5.0,111.48598146153846,148.80190390222646,98.64805774838031,0.5384615384615384,2.1538461538461537,1.7692307692307692,8.846153846153847,0.0,0.22815709997667,4.711560086434474e-05,0
S0_baseline,130363,143,I,10,0.0,0,,1,0,0,0,0,0,0,358.4924,282.09244270335296,71.4,5.0,163.2273796,227.086277330312,156.48627733031194,0.4,2.9,1.7,11.4,0.8,0.6117531000054441,0.00042703352937678574,0
S0_baseline,130363,143,J,10,0.0,0,,1,0,0,0,0,0,0,353.9595,269.55950722275793,79.4,5.0,157.6264329,214.8255270004109,134.62552700041087,0.3,3.0,1.9,12.9,0.8,1.3664264000253752,7.222757949421066e-05,0
S0_baseline,130363,143,J+,10,0.0,0,,1,0,0,0,0,0,0,354.5077,277.0076619196146,72.5,5.0,174.5448499,201.17684361627315,128.47684361627313,0.3,1.4,1.1,12.0,0.0,0.10263609999674372,0.0003808038545685122,0
S0_baseline,130363,144,I,11,0.0,0,,1,0,0,0,0,0,0,373.0770909090909,299.3498049890006,68.72727272727273,5.0,194.87427172727274,198.14699901142146,132.5106353750578,0.45454545454545453,3.0,1.8181818181818181,11.0,0.7272727272727273,0.9550277000234928,0.00014512099369312637,0
S0_baseline,130363,144,J,11,0.0,0,,1,0,0,0,0,0,0,366.88745454545455,286.5237915641232,75.36363636363636,5.0,173.629198,199.34130120478196,128.25039211387286,0.6363636363636364,3.0,1.6363636363636365,12.181818181818182,0.7272727272727273,0.5871812999830581,0.00029279464524734067,0
S0_baseline,130363,144,J+,11,0.0,0,,1,0,0,0,0,0,0,342.2026363636364,266.11174861803227,71.0909090909091,5.0,157.23064763636364,183.37187448813927,116.46278357904833,0.6363636363636364,2.1818181818181817,1.8181818181818181,11.545454545454545,0.0,0.13474310000310652,0.00023479835499529145,0
S0_baseline,130363,145,I,12,0.0,0,,1,0,0,0,0,0,0,374.3723333333333,310.78899122816534,58.583333333333336,5.0,177.93275258333333,179.4327526020329,124.34941926869959,0.5,2.5,1.1666666666666667,9.416666666666666,0.6666666666666666,1.178329099988332,0.00010526201594984741,0
S0_baseline,130363,145,J,12,0.0,0,,1,0,0,0,0,0,0,320.8125,256.0624850813388,59.75,5.0,148.37271616666666,173.81627471849097,116.31627471849102,0.4166666666666667,2.4166666666666665,1.3333333333333333,9.75,0.5,1.2200984999944922,0.00017902393392432714,0
S0_baseline,130363,145,J+,12,0.0,0,,1,0,0,0,0,0,0,343.00600000000003,281.8393443654039,56.166666666666664,5.0,133.32520816666667,158.90347856703693,105.65347856703691,0.5,1.8333333333333333,1.3333333333333333,9.083333333333334,0.0,0.19186819999595173,0.00013238484689281904,0
S0_baseline,130363,146,I,10,0.0,0,,1,0,0,0,0,0,0,347.6976,266.19764792239187,76.5,5.0,184.5195234,219.51952343215908,147.8195234321591,0.6,3.4,2.2,12.5,0.8,1.0822151000029407,0.00047922391877364134,0
S0_baseline,130363,146,J,10,0.0,0,,1,0,0,0,0,0,0,353.5129,269.5128975318668,79.0,5.0,185.9947158,215.56970577166007,136.76970577166009,0.3,2.7,1.7,13.0,0.8,0.5322412000095937,2.4681331524334382e-05,0
S0_baseline,130363,146,J+,10,0.0,0,,1,0,0,0,0,0,0,343.3,264.09997808830576,74.2,5.0,169.6767478,196.63209738821396,124.13209738821392,0.3,1.9,1.8,12.2,0.0,0.07151459998567589,0.00021911694238951895,0
S0_baseline,130363,147,I,10,0.0,0,,1,0,0,0,0,0,0,337.6196,256.61964405535616,76.0,5.0,173.7968926,211.79689264203034,141.29689264203037,0.6,2.3,1.5,12.5,0.3,0.498019300022861,0.00044055356147509883,0
S0_baseline,130363,147,J,10,0.0,0,,1,0,0,0,0,0,0,317.43919999999997,234.03917711579757,78.4,5.0,148.52743370000002,206.5637979562178,128.36379795621775,0.2,1.6,1.1,12.9,0.4,0.3016400999913458,0.00022884202417117194,0
S0_baseline,130363,147,J+,10,0.0,0,,1,0,0,0,0,0,0,335.6356,255.135611317694,75.5,5.0,153.2384757,203.64674261809404,128.34674261809405,0.2,1.2,1.2,12.5,0.0,0.053588699985994026,0.00011317693997625611,0
S0_baseline,130363,148,I,12,0.0,0,,1,0,0,0,0,0,0,299.37375000000003,238.29044345454395,56.083333333333336,5.0,176.28484533333335,177.78484535750385,125.28484535750387,0.5,2.4166666666666665,1.5,9.0,0.6666666666666666,0.688638700026786,0.0003214545272385294,0
S0_baseline,130363,148,J,12,0.0,0,,1,0,0,0,0,0,0,299.56583333333333,234.89919399285796,59.666666666666664,5.0,156.69131124999998,178.65410253343532,120.57076920010199,0.3333333333333333,2.5,1.4166666666666667,9.666666666666666,0.6666666666666666,0.7498660999990534,0.00032791429566714214,0
S0_baseline,130363,148,J+,12,0.0,0,,1,0,0,0,0,0,0,279.51925,217.85261763082642,56.666666666666664,5.0,137.90148133333335,159.864272637367,106.53093930403368,0.3333333333333333,2.1666666666666665,1.9166666666666667,9.166666666666666,0.0,0.10553450000588782,0.00041156991665047826,0
S0_baseline,130363,149,I,14,0.0,0,,1,0,0,0,0,0,0,273.0355,219.53552416381166,48.5,5.0,103.96360885714286,149.2507045592483,106.2507045592483,0.5714285714285714,3.0,2.142857142857143,7.785714285714286,0.5714285714285714,0.8829033999936655,0.0003382933632565255,0
S0_baseline,130363,149,J,14,0.0,0,,1,0,0,0,0,0,0,277.4308571428572,220.93083396520052,51.5,5.0,122.30739171428571,140.93676673005248,92.8653381586239,0.42857142857142855,2.5,1.5714285714285714,8.285714285714286,0.5714285714285714,0.6680734000110533,0.00032448719275635085,0
S0_baseline,130363,149,J+,14,0.0,0,,1,0,0,0,0,0,0,273.97135714285713,218.68561607261145,50.285714285714285,5.0,116.0950665,134.92031616993373,88.77745902707657,0.35714285714285715,2.2857142857142856,2.0714285714285716,8.142857142857142,0.0,0.1683523000101559,0.0003749834399968677,0
S0_baseline,130363,150,I,11,0.0,0,,1,0,0,0,0,0,0,303.7609090909091,235.30633165929768,63.45454545454545,5.0,158.49079581818182,193.5315357117245,134.62244480263362,0.45454545454545453,3.090909090909091,1.9090909090909092,9.818181818181818,0.7272727272727273,1.119342099991627,0.00035174772528989706,0
S0_baseline,130363,150,J,11,0.0,0,,1,0,0,0,0,0,0,347.0222727272727,270.8404992354085,71.18181818181819,5.0,189.2075138181818,192.480241069356,124.6620592511742,0.5454545454545454,2.909090909090909,1.9090909090909092,11.636363636363637,0.7272727272727273,0.9900444000086281,0.0004915894937767007,0
S0_baseline,130363,150,J+,11,0.0,0,,1,0,0,0,0,0,0,344.485,273.8486083694539,65.63636363636364,5.0,175.16310736363636,178.98128914237407,116.5267436878286,0.5454545454545454,2.0,1.5454545454545454,10.636363636363637,0.0,0.1134336999966763,0.00030793600672041066,0
S0_baseline,130363,151,I,11,0.0,0,,1,0,0,0,0,0,0,354.7271818181818,285.18171510911503,64.54545454545455,5.0,161.06447890909092,197.29137514205075,135.92773877841438,0.5454545454545454,2.727272727272727,1.5454545454545454,10.454545454545455,0.7272727272727273,0.5943993999972008,0.000133799734612694,0
S0_baseline,130363,151,J,11,0.0,0,,1,0,0,0,0,0,0,366.27381818181817,286.728376530172,74.54545454545455,5.0,181.17102400000002,181.7164785024852,115.62556941157605,0.5454545454545454,2.909090909090909,1.3636363636363635,11.818181818181818,0.6363636363636364,0.8020864999853075,0.00014183189159666654,0
S0_baseline,130363,151,J+,11,0.0,0,,1,0,0,0,0,0,0,345.2901818181818,271.6538478217994,68.63636363636364,5.0,177.07744218181818,178.16835124078736,114.0774421498783,0.45454545454545453,1.9090909090909092,1.2727272727272727,10.909090909090908,0.0,0.11904160000267439,0.00032603979343548417,0
S0_baseline,130363,152,I,14,0.0,0,,1,0,0,0,0,0,0,282.85,231.9928778314432,45.857142857142854,5.0,84.65424685714287,145.511389714051,104.58281828547959,0.5714285714285714,3.0714285714285716,2.0714285714285716,7.285714285714286,0.5714285714285714,0.6983545999974012,0.00028964020475541474,0
S0_baseline,130363,152,J,14,0.0,0,,1,0,0,0,0,0,0,276.9763571428571,218.69062397157566,53.285714285714285,5.0,127.44041678571429,146.9204228593481,94.99185143077669,0.35714285714285715,2.7142857142857144,2.0,8.642857142857142,0.5714285714285714,0.8743287999823224,0.0002643979405547725,0
S0_baseline,130363,152,J+,14,0.0,0,,1,0,0,0,0,0,0,271.4769285714286,224.33403695946058,42.142857142857146,5.0,78.40432050000001,127.59435527729569,88.66578384872425,0.35714285714285715,1.9285714285714286,1.6428571428571428,6.785714285714286,0.0,0.1545969000144396,0.0004825675518986827,0
S0_baseline,130363,153,I,13,0.0,0,,1,0,0,0,0,0,0,299.67476923076924,241.59782983391062,53.07692307692308,5.0,158.25526607692308,160.10141989841617,111.17834297533923,0.46153846153846156,2.4615384615384617,1.3846153846153846,8.461538461538462,0.6153846153846154,0.8165306999871973,0.00021215916194705642,0
S0_baseline,130363,153,J,13,0.0,0,,1,0,0,0,0,0,0,305.66130769230773,240.43056637778423,60.23076923076923,5.0,158.08122830769233,161.31199753825675,105.46584369210292,0.46153846153846156,2.6153846153846154,1.5384615384615385,9.846153846153847,0.5384615384615384,1.3926213999802712,0.0003629111947702768,0
S0_baseline,130363,153,J+,13,0.0,0,,1,0,0,0,0,0,0,295.1411538461538,233.06419599228354,57.07692307692308,5.0,146.16110007692308,149.39186929094197,97.54571544478812,0.46153846153846156,2.076923076923077,1.6153846153846154,9.384615384615385,0.0,0.11304810000001453,0.0004521003138506785,0
S0_baseline,130363,154,I,11,0.0,0,,1,0,0,0,0,0,0,344.4532727272727,276.2714276734914,63.18181818181818,5.0,191.61365545454547,194.88638272497175,134.6136554522445,0.45454545454545453,2.0,1.0,10.454545454545455,0.7272727272727273,0.745995999983279,0.0002955915942948195,0
S0_baseline,130363,154,J,11,0.0,0,,1,0,0,0,0,0,0,328.6168181818182,250.8895468608889,72.72727272727273,5.0,161.53464499999998,190.32098387363848,119.77552932818398,0.45454545454545453,2.8181818181818183,1.8181818181818181,11.818181818181818,0.6363636363636364,1.0921338999760337,1.5469778190890793e-05,0
S0_baseline,130363,154,J+,11,0.0,0,,1,0,0,0,0,0,0,325.65936363636365,252.84117560190862,67.81818181818181,5.0,131.4558210909091,178.82918391748268,114.19282028111905,0.45454545454545453,2.1818181818181817,1.9090909090909092,11.0,0.0,0.14738600002601743,6.837900536993402e-05,0
S0_baseline,130363,155,I,10,0.0,0,,1,0,0,0,0,0,0,386.8406,305.64060717445705,76.2,5.0,182.0704169,217.07041691978503,145.47041691978507,0.7,2.3,1.1,12.2,0.6,0.6951887999894097,7.17445705049613e-05,0
S0_baseline,130363,155,J,10,0.0,0,,1,0,0,0,0,0,0,371.2994,281.7993832346249,84.5,5.0,157.6638293,213.58870459162503,132.58870459162506,0.6,2.7,1.4,13.5,0.7,0.6855332000122871,0.00016765375130489701,0
S0_baseline,130363,155,J+,10,0.0,0,,1,0,0,0,0,0,0,382.5436,295.3436082716386,82.2,5.0,147.52139830000002,199.63209738821396,124.13209738821392,0.7,2.3,1.7,13.2,0.0,0.16759559998172335,8.271638580481522e-05,0
S0_baseline,130363,156,I,15,0.0,0,,1,0,0,0,0,0,0,264.38126666666665,211.1812387558038,48.2,5.0,139.8416456666667,141.4416456462874,97.50831231295409,0.6,2.6,1.6666666666666667,7.533333333333333,0.5333333333333333,0.8111021000077017,0.0004186629430478206,0
S0_baseline,130363,156,J,15,0.0,0,,1,0,0,0,0,0,0,251.14626666666666,195.07960513266258,51.06666666666667,5.0,121.40333546666668,139.28664756767046,90.81998090100377,0.5333333333333333,2.6666666666666665,1.9333333333333333,8.4,0.5333333333333333,0.9692720000166446,7.698993886151584e-05,0
S0_baseline,130363,156,J+,15,0.0,0,,1,0,0,0,0,0,0,253.94326666666666,200.00996485823362,48.93333333333333,5.0,109.022037,126.19227001259306,83.52560334592637,0.6666666666666666,2.3333333333333335,2.0,7.933333333333334,0.0,0.1899750999873504,0.000472873504349991,0
S0_baseline,130363,157,I,15,0.0,0,,1,0,0,0,0,0,0,273.1106,225.37728890803524,42.733333333333334,5.0,109.94333366666666,132.03679977931753,94.97013311265087,0.6,2.533333333333333,1.5333333333333334,6.733333333333333,0.5333333333333333,0.8172401000047103,0.0003336205290906946,0
S0_baseline,130363,157,J,15,0.0,0,,1,0,0,0,0,0,0,272.5104,222.17705297538652,45.333333333333336,5.0,118.5676474,136.5378804277046,93.73788042770457,0.26666666666666666,2.4,1.4666666666666666,7.333333333333333,0.5333333333333333,0.8050078999949619,0.00020536920237645973,0
S0_baseline,130363,157,J+,15,0.0,0,,1,0,0,0,0,0,0,265.8986,218.36523420104282,42.53333333333333,5.0,107.07530560000001,125.0220404517765,84.08870711844314,0.3333333333333333,1.6,1.3333333333333333,6.866666666666666,0.0,0.15642499999376014,0.00048698435739424895,0
S0_baseline,130363,158,I,10,0.0,0,,1,0,0,0,0,0,0,352.0223,282.52226485447375,64.5,5.0,108.9688165,210.91784051098062,147.71784051098058,0.3,1.9,0.9,10.5,0.5,0.6318839999730699,0.00035145526271662675,0
S0_baseline,130363,158,J,10,0.0,0,,1,0,0,0,0,0,0,353.5852,276.58520408792026,72.0,5.0,118.1162476,211.07316884847336,140.27316884847338,0.3,2.2,1.0,11.5,0.7,1.0296348999836482,4.087920297024539e-05,0
S0_baseline,130363,158,J+,10,0.0,0,,1,0,0,0,0,0,0,348.43960000000004,273.03956738611504,70.4,5.0,112.76604870000001,197.296123800737,129.09612380073696,0.3,1.9,1.4,11.4,0.0,0.13783459999831393,0.0003261388496866857,0
S0_baseline,130363,159,I,16,0.0,0,,1,0,0,0,0,0,0,260.0615625,209.0615784351514,46.0,5.0,130.2662914375,131.39129140693564,90.01629140693561,0.6875,3.0,2.125,7.5625,0.5,1.7591003999987151,0.0002549624227867753,0
S0_baseline,130363,159,J,16,0.0,0,,1,0,0,0,0,0,0,287.2470625,235.74708852437826,46.5,5.0,111.3663808125,112.11638081743197,70.61638081743196,0.5,2.9375,2.0,7.4375,0.5,0.9667516000044998,0.00041639005166871357,0
S0_baseline,130363,159,J+,16,0.0,0,,1,0,0,0,0,0,0,254.2338125,207.5462836987889,41.6875,5.0,101.547967375,102.29796738969478,66.73546738969478,0.5625,2.125,1.6875,6.6875,0.0,0.2517539999971632,0.00046081937762210146,0
S0_baseline,130363,160,I,11,0.0,0,,1,0,0,0,0,0,0,339.76763636363637,272.6767609418362,62.09090909090909,5.0,164.44634790909092,199.0074813797976,136.64384501616124,0.18181818181818182,2.3636363636363638,1.5454545454545454,10.272727272727273,0.7272727272727273,0.6351526000071317,0.0003703601987581351,0
S0_baseline,130363,160,J,11,0.0,0,,1,0,0,0,0,0,0,350.00954545454545,274.4640952728647,70.54545454545455,5.0,161.59171918181818,193.10391652181886,124.19482561272797,0.2727272727272727,2.8181818181818183,1.6363636363636365,11.454545454545455,0.6363636363636364,1.2474119999969844,4.800151191375335e-05,0
S0_baseline,130363,160,J+,11,0.0,0,,1,0,0,0,0,0,0,314.17490909090907,245.17494340659348,64.0,5.0,130.80044754545455,177.62835584010247,115.173810385557,0.2727272727272727,1.8181818181818181,1.4545454545454546,10.363636363636363,0.0,0.1391033999971114,0.00037747252827102784,0
S0_baseline,130363,161,I,16,0.0,0,,1,0,0,0,0,0,0,257.42825,208.49071878221665,43.9375,5.0,111.367129125,113.24212914923781,75.1171291492378,0.5625,2.75,1.9375,7.0625,0.5,0.8366681000043172,0.0004994845335204445,0
S0_baseline,130363,161,J,16,0.0,0,,1,0,0,0,0,0,0,262.7215,212.221485178016,45.5,5.0,110.2909253125,112.91592533898198,72.97842533898196,0.5,2.8125,1.9375,7.375,0.5,0.9035335999797098,0.000237151743931463,0
S0_baseline,130363,161,J+,16,0.0,0,,1,0,0,0,0,0,0,251.124875,203.4998782637098,42.625,5.0,98.547967375,101.17296738969478,66.73546738969476,0.625,2.375,1.8125,6.6875,0.0,0.3755212999822106,5.2219356803107075e-05,0
S0_baseline,130363,162,I,10,0.0,0,,1,0,0,0,0,0,0,352.2229,274.5228762159917,72.7,5.0,212.01702110000002,218.61702110790742,148.31702110790744,0.4,2.6,1.6,11.7,0.7,1.0751152000157163,0.00023784008271832136,0
S0_baseline,130363,162,J,10,0.0,0,,1,0,0,0,0,0,0,376.04380000000003,280.9438064217666,90.1,5.0,187.0219575,216.44529340306272,132.64529340306268,0.6,3.4,2.3,14.6,0.7,1.2084504000085872,6.421766602215939e-05,0
S0_baseline,130363,162,J+,10,0.0,0,,1,0,0,0,0,0,0,362.36109999999996,274.46108994522695,82.9,5.0,172.6767478,200.83209738821395,124.13209738821395,0.7,2.2,1.7,13.4,0.0,0.19673850000253879,0.00010054773019874119,0
S0_baseline,130363,163,I,10,0.0,0,,1,0,0,0,0,0,0,421.32790000000006,342.12790974882614,74.2,5.0,174.8302514,211.903821281852,143.10382128185196,0.4,2.4,1.1,11.7,0.4,0.6183149999997113,9.74882609625638e-05,0
S0_baseline,130363,163,J,10,0.0,0,,1,0,0,0,0,0,0,385.5389,301.03893218918495,79.5,5.0,174.9588217,208.39025773524844,132.4902577352484,0.6,2.5,1.3,13.0,0.5,1.2697959000070114,0.00032189184912567725,0
S0_baseline,130363,163,J+,10,0.0,0,,1,0,0,0,0,0,0,383.42600000000004,301.52603909097513,76.9,5.0,167.8767478,198.17884040546917,125.77884040546914,0.6,2.1,1.4,12.4,0.0,0.2081095000030473,0.0003909097508767445,0
S0_baseline,130363,164,I,15,0.0,0,,1,0,0,0,0,0,0,313.1528,261.2194545342586,46.93333333333333,5.0,136.34110866666666,139.14110865271067,97.34110865271067,0.4666666666666667,2.6,1.3333333333333333,7.266666666666667,0.5333333333333333,1.1504811000195332,0.00018198612133346614,0
S0_baseline,130363,164,J,15,0.0,0,,1,0,0,0,0,0,0,296.0276666666667,240.36096908789895,50.666666666666664,5.0,115.6582552,135.20980980656162,89.4098098065616,0.5333333333333333,2.8666666666666667,1.6666666666666667,8.0,0.5333333333333333,1.25260919998982,0.0004636815156118246,0
S0_baseline,130363,164,J+,15,0.0,0,,1,0,0,0,0,0,0,298.99893333333335,246.9322495420574,47.06666666666667,5.0,106.71783186666667,126.92489991314234,85.05823324647567,0.5333333333333333,2.2666666666666666,1.6,7.4,0.0,0.33097760000964627,0.00025686913932077005,0
S0_baseline,130363,165,I,14,0.0,0,,1,0,0,0,0,0,0,264.07507142857145,212.64649831460332,46.42857142857143,5.0,129.72572985714285,153.80638240811777,108.37781097954635,0.35714285714285715,2.0714285714285716,1.3571428571428572,7.5,0.5714285714285714,0.9016990000091027,2.3595553557242965e-05,0
S0_baseline,130363,165,J,14,0.0,0,,1,0,0,0,0,0,0,267.7632142857143,210.69177323990814,52.07142857142857,5.0,105.65080992857143,141.6279375884881,92.98508044563098,0.42857142857142855,2.9285714285714284,2.142857142857143,8.5,0.5714285714285714,1.3471060000010766,0.00017464128586652805,0
S0_baseline,130363,165,J+,14,0.0,0,,1,0,0,0,0,0,0,269.31714285714287,218.2457281873804,46.07142857142857,5.0,93.8009987857143,132.6603621185521,90.37464783283781,0.5,1.9285714285714286,1.6428571428571428,7.5,0.0,0.15704140000161715,0.00019462332556940964,0
S0_baseline,130363,166,I,10,0.0,0,,1,0,0,0,0,0,0,381.1447,303.9447426163148,72.2,5.0,145.0237655,208.256443354528,141.356443354528,0.5,2.6,1.7,11.7,0.6,0.33795650000683963,0.00042616314749466255,0
S0_baseline,130363,166,J,10,0.0,0,,1,0,0,0,0,0,0,348.22860000000003,261.2286483200607,82.0,5.0,160.7668083,216.080462578771,134.380462578771,0.3,3.5,2.5,13.5,0.8,1.5948186999885365,0.0004832006070500938,0
S0_baseline,130363,166,J+,10,0.0,0,,1,0,0,0,0,0,0,333.3404,255.84037637205014,72.5,5.0,137.92139830000002,194.83209738821398,124.13209738821392,0.3,1.9,1.8,12.0,0.0,0.059961500024655834,0.00023627949849469587,0
S0_baseline,130363,167,I,11,0.0,0,,1,0,0,0,0,0,0,344.6531818181818,274.7441350515483,64.9090909090909,5.0,158.94312245454546,190.2158497611289,129.48857703385622,0.6363636363636364,2.6363636363636362,1.6363636363636365,10.363636363636363,0.7272727272727273,0.5558713000209536,0.0004855670317738259,0
S0_baseline,130363,167,J,11,0.0,0,,1,0,0,0,0,0,0,368.11109090909093,293.565662750208,69.54545454545455,5.0,163.14902627272727,188.04452018378342,121.95361109287431,0.36363636363636365,3.0,1.5454545454545454,10.909090909090908,0.7272727272727273,1.078941699990537,0.0002902522874137503,0
S0_baseline,130363,167,J+,11,0.0,0,,1,0,0,0,0,0,0,339.6401818181818,267.1856644040633,67.45454545454545,5.0,152.01825545454545,177.61402777089174,112.886755043619,0.45454545454545453,1.8181818181818181,1.5454545454545454,11.090909090909092,0.0,0.10953829999198206,0.0003084446962020593,0
S0_baseline,130363,168,I,10,0.0,0,,1,0,0,0,0,0,0,355.89250000000004,283.8925367819603,67.0,5.0,151.7106205,217.97409357578414,151.77409357578418,0.3,2.5,1.5,11.0,0.8,0.6550456999975722,0.00036781960261578206,0
S0_baseline,130363,168,J,10,0.0,0,,1,0,0,0,0,0,0,329.4326,253.3325663420419,71.1,5.0,128.1178134,209.40607773245884,135.90607773245887,0.1,2.2,1.4,11.6,0.7,0.6588753999967594,0.00033657958101684926,0
S0_baseline,130363,168,J+,10,0.0,0,,1,0,0,0,0,0,0,328.12800000000004,253.72796792730895,69.4,5.0,139.6610011,193.7078319266705,125.1078319266705,0.3,1.8,1.5,11.4,0.0,0.08725260000210255,0.0003207269105587329,0
S0_baseline,130363,169,I,14,0.0,0,,1,0,0,0,0,0,0,297.80535714285713,245.51965322721642,47.285714285714285,5.0,129.1913627142857,152.67713888948262,110.03428174662547,0.7142857142857143,2.2142857142857144,1.3571428571428572,7.642857142857143,0.5714285714285714,0.5189903999853414,0.0001451810303478851,0
S0_baseline,130363,169,J,14,0.0,0,,1,0,0,0,0,0,0,286.34378571428573,230.0580701806522,51.285714285714285,5.0,130.06786357142857,147.60739897702825,98.10739897702823,0.35714285714285715,2.357142857142857,1.7142857142857142,8.428571428571429,0.5714285714285714,1.1762263999844436,1.747086935210973e-05,0
S0_baseline,130363,169,J+,14,0.0,0,,1,0,0,0,0,0,0,296.2673571428572,242.19594500931674,49.07142857142857,5.0,116.40463514285715,134.37274194430515,89.51559908716227,0.42857142857142855,2.0,1.5714285714285714,8.0,0.0,0.14292930002557114,0.00023013043391983956,0
S0_baseline,130363,170,I,13,0.0,0,,1,0,0,0,0,0,0,323.70515384615385,269.3205525702201,49.38461538461539,5.0,137.60227684615384,164.99804965478822,118.38266503940359,0.38461538461538464,2.230769230769231,1.0769230769230769,7.846153846153846,0.6153846153846154,0.851004299998749,0.00018341286113354727,0
S0_baseline,130363,170,J,13,0.0,0,,1,0,0,0,0,0,0,293.26807692307693,234.11425617221397,54.15384615384615,5.0,113.28735338461539,153.2978831870907,100.605575494783,0.23076923076923078,2.4615384615384617,1.7692307692307692,8.76923076923077,0.5384615384615384,1.2287644000025466,0.0003302387813164387,0
S0_baseline,130363,170,J+,13,0.0,0,,1,0,0,0,0,0,0,285.0919230769231,229.55349143103825,50.53846153846154,5.0,105.17030638461539,143.75700595560457,95.9108521094507,0.3076923076923077,1.8461538461538463,1.6153846153846154,8.23076923076923,0.0,0.17990859999554232,0.0003886034969582397,0
S0_baseline,130363,171,I,12,0.0,0,,1,0,0,0,0,0,0,317.1770833333333,251.59371221830202,60.583333333333336,5.0,177.96834950000002,182.46834947495924,125.71834947495923,0.4166666666666667,2.75,1.5833333333333333,9.75,0.6666666666666666,0.721569500019541,0.0004533803758022259,0
S0_baseline,130363,171,J,12,0.0,0,,1,0,0,0,0,0,0,298.2,228.20000598652845,65.0,5.0,157.47702675,182.73088151586464,118.31421484919792,0.25,2.6666666666666665,1.75,10.416666666666666,0.6666666666666666,1.003589900006773,7.18383412277035e-05,0
S0_baseline,130363,171,J+,12,0.0,0,,1,0,0,0,0,0,0,298.87941666666666,235.5460853302186,58.333333333333336,5.0,136.82457133333332,161.2873626554231,103.95402932208975,0.16666666666666666,1.5,1.3333333333333333,9.583333333333334,0.0,0.09906180002144538,2.3962623345141765e-05,0
S0_baseline,130363,172,I,14,0.0,0,,1,0,0,0,0,0,0,289.3605714285714,239.14629020415842,45.214285714285715,5.0,144.6189357142857,145.04750711082264,106.19036425367979,0.6428571428571429,2.642857142857143,1.4285714285714286,7.0,0.5714285714285714,0.8267657999822404,6.285821791607304e-05,0
S0_baseline,130363,172,J,14,0.0,0,,1,0,0,0,0,0,0,272.85292857142855,220.2815296984934,47.57142857142857,5.0,126.91589642857143,144.4779438836665,98.62080102652365,0.2857142857142857,2.2857142857142856,1.3571428571428572,7.571428571428571,0.5714285714285714,1.4342247000022326,0.00041577890760891023,0
S0_baseline,130363,172,J+,14,0.0,0,,1,0,0,0,0,0,0,278.0368571428572,227.1082970639565,45.92857142857143,5.0,131.57434385714285,132.0029152647534,88.86005812189624,0.2857142857142857,1.8571428571428572,1.4285714285714286,7.357142857142857,0.0,0.19391249999171123,0.00015889539099589456,0
S0_baseline,130363,173,I,12,0.0,0,,1,0,0,0,0,0,0,357.83233333333334,290.99896779982686,61.833333333333336,5.0,149.11152441666667,177.27671274582784,123.11004607916118,0.6666666666666666,3.0,1.6666666666666667,10.166666666666666,0.6666666666666666,0.7359342999989167,0.0003864020782202715,0
S0_baseline,130363,173,J,12,0.0,0,,1,0,0,0,0,0,0,321.98083333333335,249.3974778912012,67.58333333333333,5.0,151.43736583333333,171.5209607397472,109.77096073974722,0.6666666666666666,2.9166666666666665,1.6666666666666667,10.916666666666666,0.6666666666666666,0.621280299994396,0.0002653055857990694,0
S0_baseline,130363,173,J+,12,0.0,0,,1,0,0,0,0,0,0,319.92858333333334,252.76187685758205,62.166666666666664,5.0,139.07506741666666,162.0378587268256,103.70452539349223,0.5,1.8333333333333333,1.5,10.083333333333334,0.0,0.15696910000406206,0.00047770901528565446,0
S0_baseline,130363,174,I,12,0.0,0,,1,0,0,0,0,0,0,311.7075,246.12413237885573,60.583333333333336,5.0,153.10525858333332,181.99690067667697,123.16356734334359,0.5,2.3333333333333335,1.4166666666666667,9.75,0.6666666666666666,0.7633486999839079,0.0004114537309760635,0
S0_baseline,130363,174,J,12,0.0,0,,1,0,0,0,0,0,0,300.84891666666664,228.84894749674837,67.0,5.0,111.27908508333333,171.16745900371708,107.58412567038373,0.5,3.25,2.3333333333333335,10.75,0.6666666666666666,0.7065489999949932,0.00036996098060626537,0
S0_baseline,130363,174,J+,12,0.0,0,,1,0,0,0,0,0,0,296.18108333333333,233.9310879281104,57.25,5.0,137.67531675,162.08859437610664,107.00526104277328,0.5,1.6666666666666667,1.5,9.333333333333334,0.0,0.12732060000416823,5.513732503459323e-05,0
S0_baseline,130363,175,I,10,0.0,0,,1,0,0,0,0,0,0,396.98850000000004,320.18848231487584,71.8,5.0,174.4769219,210.0769219226018,143.1769219226018,0.7,2.2,1.5,11.8,0.4,0.5382333000015933,0.0001768512420312618,0
S0_baseline,130363,175,J,10,0.0,0,,1,0,0,0,0,0,0,379.67240000000004,293.47241193132834,81.2,5.0,177.6720057,211.42082612932626,134.42082612932626,0.5,3.1,1.7,13.2,0.7,1.312793100019917,0.00011931328299397137,0
S0_baseline,130363,175,J+,10,0.0,0,,1,0,0,0,0,0,0,364.2907,284.29074813968344,75.0,5.0,168.7862128,199.34156240355452,128.2415624035545,0.5,2.1,1.5,12.0,0.0,0.15898740000557154,0.00048139683440240333,0
S0_baseline,130363,176,I,10,0.0,0,,1,0,0,0,0,0,0,360.9465,284.8464572634343,71.1,5.0,149.7852853,212.2795243078662,146.0795243078662,0.6,2.4,1.4,11.6,0.6,1.119789899996249,0.0004273656572877371,0
S0_baseline,130363,176,J,10,0.0,0,,1,0,0,0,0,0,0,393.3435,297.3434760302333,91.0,5.0,211.4519131,215.0519130799991,130.25191307999907,0.6,2.8,1.3,15.0,0.8,0.6544304999988526,0.00023969766652953695,0
S0_baseline,130363,176,J+,10,0.0,0,,1,0,0,0,0,0,0,376.00210000000004,282.9020961887983,88.1,5.0,200.971143,205.17114303915687,124.37114303915685,0.6,2.3,1.8,14.6,0.0,0.10609849999309517,3.811201759162941e-05,0
S0_baseline,130363,177,I,12,0.0,0,,1,0,0,0,0,0,0,335.4284166666667,274.7617513929144,55.666666666666664,5.0,142.81826008333334,171.98492678105512,120.56826011438842,0.5833333333333334,2.3333333333333335,1.3333333333333333,9.0,0.6666666666666666,0.4511859999911394,1.671497238930897e-05,0
S0_baseline,130363,177,J,12,0.0,0,,1,0,0,0,0,0,0,347.02666666666664,280.77670272354567,61.25,5.0,143.85484399999999,172.41682811052087,114.66682811052085,0.3333333333333333,3.0833333333333335,1.9166666666666667,10.0,0.6666666666666666,0.9403934000001755,0.0004326825483076391,0
S0_baseline,130363,177,J+,12,0.0,0,,1,0,0,0,0,0,0,336.6815833333333,274.9316083386087,56.75,5.0,133.78332983333334,163.35656825037535,109.60656825037533,0.3333333333333333,2.3333333333333335,1.9166666666666667,9.25,0.0,0.11837690000538714,0.0003000633046212897,0
S0_baseline,130363,178,I,11,0.0,0,,1,0,0,0,0,0,0,362.30245454545457,289.9387983785081,67.36363636363636,5.0,164.28003190909092,195.55275919931498,131.91639556295132,0.6363636363636364,2.8181818181818183,1.9090909090909092,11.0,0.6363636363636364,2.3098511999996845,0.00021783641113870544,0
S0_baseline,130363,178,J,11,0.0,0,,1,0,0,0,0,0,0,364.278,285.2779850593534,74.0,5.0,132.909266,185.8166240896348,117.27116954418025,0.6363636363636364,2.909090909090909,1.9090909090909092,12.181818181818182,0.6363636363636364,1.2069477000040933,0.0001643471123315976,0
S0_baseline,130363,178,J+,11,0.0,0,,1,0,0,0,0,0,0,339.90763636363636,263.5440161053994,71.36363636363636,5.0,125.92854390909092,176.61142890322662,112.97506526686298,0.7272727272727273,2.4545454545454546,2.090909090909091,11.818181818181818,0.0,0.10473720001755282,0.0001771593933881377,0
S0_baseline,130363,179,I,12,0.0,0,,1,0,0,0,0,0,0,294.5903333333333,237.4236456178862,52.166666666666664,5.0,44.987155,174.49495252649956,125.41161919316623,0.4166666666666667,2.6666666666666665,1.75,8.416666666666666,0.6666666666666666,0.6316498999949545,0.00025258536561523215,0
S0_baseline,130363,179,J,12,0.0,0,,1,0,0,0,0,0,0,283.8165833333333,224.4832506841361,54.333333333333336,5.0,59.42647016666667,167.35140980145545,113.26807646812206,0.25,2.25,1.5833333333333333,8.916666666666666,0.5833333333333334,1.1199600000109058,8.209633051592391e-06,0
S0_baseline,130363,179,J+,12,0.0,0,,1,0,0,0,0,0,0,307.62583333333333,238.87581204732703,63.75,5.0,140.39728983333333,164.9445779661966,104.19457796619655,0.4166666666666667,2.0833333333333335,1.9166666666666667,10.416666666666666,0.0,0.14806509998743422,0.0002554320758463291,0
S0_baseline,130363,180,I,11,0.0,0,,1,0,0,0,0,0,0,336.72381818181816,267.7238528975983,64.0,5.0,161.39098236363637,189.93643690624975,128.66370963352253,0.45454545454545453,2.1818181818181817,1.5454545454545454,10.363636363636363,0.36363636363636365,0.6049896000185981,0.00038187358131835936,0
S0_baseline,130363,180,J,11,0.0,0,,1,0,0,0,0,0,0,338.58454545454543,258.4026886711068,75.18181818181819,5.0,166.68856009090908,190.102514259666,117.2843324414842,0.5454545454545454,3.0,1.8181818181818181,12.454545454545455,0.7272727272727273,1.3835526999901049,0.0004246178255016275,0
S0_baseline,130363,180,J+,11,0.0,0,,1,0,0,0,0,0,0,331.073,258.07301152176325,68.0,5.0,157.25790654545455,180.67186071781634,114.9445879905436,0.45454545454545453,1.8181818181818181,1.4545454545454546,11.181818181818182,0.0,0.13250119998701848,0.00012673939590968075,0
S0_baseline,130363,181,I,14,0.0,0,,1,0,0,0,0,0,0,296.7922857142857,235.86370727106376,55.92857142857143,5.0,129.78141478571428,152.5771090911393,104.86282337685358,0.7142857142857143,3.2142857142857144,2.0714285714285716,8.785714285714286,0.5714285714285714,0.8321709999872837,9.820510695135454e-05,0
S0_baseline,130363,181,J,14,0.0,0,,1,0,0,0,0,0,0,288.6775,225.17748611650148,58.5,5.0,128.37095714285715,149.94841914397784,97.23413342969211,0.5714285714285714,2.857142857142857,1.7142857142857142,9.214285714285714,0.5714285714285714,1.2635759999975562,0.00019436897946434328,0
S0_baseline,130363,181,J+,14,0.0,0,,1,0,0,0,0,0,0,287.8829285714286,227.1686638126899,55.714285714285715,5.0,118.6989932857143,138.8099572846427,88.80995728464269,0.5714285714285714,2.357142857142857,1.9285714285714286,8.928571428571429,0.0,0.1231549000076484,0.0002933776590907655,0
S0_baseline,130363,182,I,14,0.0,0,,1,0,0,0,0,0,0,248.50792857142855,200.15081135233888,43.357142857142854,5.0,105.26640235714285,148.76650837180802,106.83793694323663,0.35714285714285715,2.357142857142857,1.4285714285714286,6.928571428571429,0.5714285714285714,0.8429405000060797,0.0003589327443478396,0
S0_baseline,130363,182,J,14,0.0,0,,1,0,0,0,0,0,0,254.30485714285714,197.30488567142314,52.0,5.0,132.82593964285715,152.49008181990504,101.490081819905,0.35714285714285715,2.642857142857143,1.8571428571428572,8.428571428571429,0.5714285714285714,1.1598048000014387,0.0003993999239355617,0
S0_baseline,130363,182,J+,14,0.0,0,,1,0,0,0,0,0,0,247.9755714285714,196.18987375016494,46.785714285714285,5.0,116.11620421428572,135.79859676501363,91.01288247929931,0.2857142857142857,1.7857142857142858,1.5714285714285714,7.5,0.0,0.13298399999621324,0.00023250230924531934,0
S0_baseline,130363,183,I,13,0.0,0,,1,0,0,0,0,0,0,257.1923076923077,203.9615087430306,48.23076923076923,5.0,139.1614943846154,165.07085126235026,115.76315895465797,0.07692307692307693,2.0,1.3846153846153846,7.846153846153846,0.6153846153846154,0.6285089000011794,0.0003863406022901472,0
S0_baseline,130363,183,J,13,0.0,0,,1,0,0,0,0,0,0,284.444,219.2901457151909,60.15384615384615,5.0,143.1517526923077,162.50202158395138,106.96356004548986,0.46153846153846156,3.3076923076923075,2.230769230769231,9.76923076923077,0.6153846153846154,0.8671104999957606,0.00010570251833996736,0
S0_baseline,130363,183,J+,13,0.0,0,,1,0,0,0,0,0,0,270.96446153846153,212.2721575088485,53.69230769230769,5.0,128.28852684615384,148.56187269194496,98.4080265380988,0.38461538461538464,2.230769230769231,2.1538461538461537,8.692307692307692,0.0,0.07584219999262132,4.761503032568726e-05,0
S0_baseline,130363,184,I,14,0.0,0,,1,0,0,0,0,0,0,329.9344285714286,277.36302860896296,47.57142857142857,5.0,153.76677450000003,155.05248879610963,109.98106022468103,0.35714285714285715,2.5,1.2142857142857142,7.571428571428571,0.5714285714285714,1.2375750999781303,0.00040052548138191923,0
S0_baseline,130363,184,J,14,0.0,0,,1,0,0,0,0,0,0,308.8867142857143,254.10099498408653,49.785714285714285,5.0,129.37987907142858,149.12028087490734,101.90599516062159,0.42857142857142855,2.5,1.3571428571428572,8.0,0.5714285714285714,1.0937128000077792,7.022278850854491e-05,0
S0_baseline,130363,184,J+,14,0.0,0,,1,0,0,0,0,0,0,303.8172142857143,252.17433301243062,46.642857142857146,5.0,117.16119035714287,137.61536341669245,95.04393484526385,0.5,2.0,1.2857142857142858,7.357142857142857,0.0,0.2187112000246998,0.00033782597120080027,0
S0_baseline,130363,185,I,14,0.0,0,,1,0,0,0,0,0,0,280.47014285714283,230.82725139007718,44.642857142857146,5.0,119.96017107142858,143.2458853623772,103.10302821952008,0.5714285714285714,2.357142857142857,1.5,7.142857142857143,0.5,0.8317879000096582,0.0004805389194189047,0
S0_baseline,130363,185,J,14,0.0,0,,1,0,0,0,0,0,0,258.94135714285716,205.798523584158,48.142857142857146,5.0,102.80136957142858,146.6577359485787,99.51487880572158,0.35714285714285715,2.4285714285714284,1.7142857142857142,7.785714285714286,0.5714285714285714,1.5231045999971684,0.00033017821215253207,0
S0_baseline,130363,185,J+,14,0.0,0,,1,0,0,0,0,0,0,256.46421428571426,207.96419658791663,43.5,5.0,93.47717671428572,132.48530595474625,91.2710202404605,0.5,1.6428571428571428,1.4285714285714286,7.071428571428571,0.0,0.12513590001617558,0.0002477691668900661,0
S0_baseline,130363,186,I,16,0.0,0,,1,0,0,0,0,0,0,287.1591875,245.2216585085183,36.9375,5.0,102.866506,105.4915059769796,75.6790059769796,0.625,2.5625,1.4375,5.6875,0.5,0.6929130000062287,0.0004638637069547258,0
S0_baseline,130363,186,J,16,0.0,0,,1,0,0,0,0,0,0,253.67675,210.80177664290974,37.875,5.0,88.4857736875,90.3607736830801,58.6732736830801,0.625,2.625,1.625,6.0,0.5,1.1365315000002738,0.0004262865559212514,0
S0_baseline,130363,186,J+,16,0.0,0,,1,0,0,0,0,0,0,253.9126875,212.78765951644803,36.125,5.0,83.3479678125,85.22296782360232,56.097967823602325,0.75,2.3125,1.75,5.8125,0.0,0.2552162999927532,0.0004477368315747299,0
S0_baseline,130363,187,I,15,0.0,0,,1,0,0,0,0,0,0,269.7488666666667,216.1488591108727,48.6,5.0,116.24419513333333,137.17752846783617,95.77752846783618,0.6666666666666666,2.933333333333333,2.0,7.6,0.5333333333333333,0.9127319999970496,0.0001133369096351089,0
S0_baseline,130363,187,J,15,0.0,0,,1,0,0,0,0,0,0,255.11206666666666,201.17874821156542,48.93333333333333,5.0,116.27252193333334,133.84275500330148,87.97608833663477,0.26666666666666666,2.466666666666667,1.8,7.933333333333334,0.5333333333333333,0.8696201000129804,0.00022317348111755564,0
S0_baseline,130363,187,J+,15,0.0,0,,1,0,0,0,0,0,0,254.373,204.10634276952499,45.266666666666666,5.0,107.51783186666667,125.48806492547598,82.75473159214262,0.2,1.8666666666666667,1.7333333333333334,7.266666666666667,0.0,0.1508077000034973,0.00014154287509882124,0
S0_baseline,130363,188,I,14,0.0,0,,1,0,0,0,0,0,0,296.0336428571428,241.67651701334316,49.357142857142854,5.0,123.71708364285713,146.57422646641018,100.78851218069588,0.42857142857142855,2.5,1.4285714285714286,7.928571428571429,0.5714285714285714,0.9959875000058673,0.00023818680483600474,0
S0_baseline,130363,188,J,14,0.0,0,,1,0,0,0,0,0,0,297.4097857142857,239.90979687816096,52.5,5.0,129.48408092857144,149.70212285818602,99.05926571532885,0.42857142857142855,2.142857142857143,1.4285714285714286,8.571428571428571,0.5714285714285714,1.016513100010343,0.00015629425342922332,0
S0_baseline,130363,188,J+,14,0.0,0,,1,0,0,0,0,0,0,286.13221428571427,230.3465086016925,50.785714285714285,5.0,118.24383999999999,136.211946820562,88.78337539199053,0.5714285714285714,1.9285714285714286,1.7142857142857142,8.285714285714286,0.0,0.1309398000012152,0.00012042369507980766,0
S0_baseline,130363,189,I,13,0.0,0,,1,0,0,0,0,0,0,292.3602307692308,232.66790841731884,54.69230769230769,5.0,162.95005415384614,165.25774642918446,113.79620796764604,0.38461538461538464,2.8461538461538463,1.6923076923076923,8.538461538461538,0.6153846153846154,1.2990897000127006,0.0001905748549688724,0
S0_baseline,130363,189,J,13,0.0,0,,1,0,0,0,0,0,0,283.0313846153846,222.56983134096689,55.46153846153846,5.0,135.41342153846153,156.53909132662568,102.23139901893336,0.3076923076923077,2.6923076923076925,1.8461538461538463,8.923076923076923,0.6153846153846154,1.095672099996591,0.00019256743053119862,0
S0_baseline,130363,189,J+,13,0.0,0,,1,0,0,0,0,0,0,271.64869230769233,216.64870315478612,50.0,5.0,121.79980392307692,147.89611838808466,99.04996454193085,0.38461538461538464,1.7692307692307692,1.4615384615384615,8.076923076923077,0.0,0.15642429998843,0.0001410122195011354,0
S0_baseline,130363,190,I,13,0.0,0,,1,0,0,0,0,0,0,274.98376923076927,217.75298935786728,52.23076923076923,5.0,134.93036384615385,162.2572033393035,114.10335718545737,0.5384615384615384,2.3076923076923075,1.4615384615384615,8.384615384615385,0.5384615384615384,0.847364400018705,0.00013834772562404396,0
S0_baseline,130363,190,J,13,0.0,0,,1,0,0,0,0,0,0,253.91353846153848,195.68276916760453,53.23076923076923,5.0,153.90164253846154,156.67087333455746,104.05548871917284,0.3076923076923077,2.3076923076923075,1.5384615384615385,8.615384615384615,0.6153846153846154,0.8837857999897096,8.211413842218462e-07,0
S0_baseline,130363,190,J+,13,0.0,0,,1,0,0,0,0,0,0,268.9143076923077,207.68351112762363,56.23076923076923,5.0,143.33754776923075,147.02985547547843,95.49139393701687,0.5384615384615384,2.0,1.6923076923076923,8.923076923076923,0.0,0.13445230000070296,0.00035534089283828507,0
S0_baseline,130363,191,I,11,0.0,0,,1,0,0,0,0,0,0,350.81218181818184,282.9940010549065,62.81818181818182,5.0,134.78153245454544,193.7715416949188,133.04426896764608,0.36363636363636365,2.8181818181818183,1.7272727272727273,10.090909090909092,0.7272727272727273,0.6258183000027202,1.1603971415752312e-05,0
S0_baseline,130363,191,J,11,0.0,0,,1,0,0,0,0,0,0,349.61309090909094,279.52216942957506,65.0909090909091,5.0,134.11655709090908,181.58388831548484,118.1293428609394,0.2727272727272727,2.272727272727273,1.2727272727272727,10.545454545454545,0.6363636363636364,0.6914741000218783,0.00013627467433252605,0
S0_baseline,130363,191,J+,11,0.0,0,,1,0,0,0,0,0,0,328.51145454545457,259.5114611915294,64.0,5.0,151.5243161818182,174.31652012857882,112.86197467403336,0.2727272727272727,1.6363636363636365,1.2727272727272727,10.363636363636363,0.0,0.14608639999642037,7.310682349270792e-05,0
S0_baseline,130363,192,I,10,0.0,0,,1,0,0,0,0,0,0,374.5258,300.5257865115579,69.0,5.0,141.8749542,207.07495416203724,143.07495416203724,0.6,2.5,1.4,11.0,0.5,0.9909201000118628,0.00013488442073139595,0
S0_baseline,130363,192,J,10,0.0,0,,1,0,0,0,0,0,0,401.64119999999997,311.04117814192483,85.6,5.0,183.3895695,222.59251583997735,141.8925158399774,0.5,3.4,1.8,13.6,0.8,1.258035499980906,0.00021858075160707813,0
S0_baseline,130363,192,J+,10,0.0,0,,1,0,0,0,0,0,0,368.3041,284.70406951434563,78.6,5.0,167.8767478,202.11148999152792,127.91148999152793,0.5,2.2,1.7,12.6,0.0,0.13644550001481548,0.00030485654360745684,0
S0_baseline,130363,193,I,13,0.0,0,,1,0,0,0,0,0,0,327.2936153846154,269.5243993634506,52.76923076923077,5.0,135.84752976923076,161.8180369524766,113.12572926016895,0.6153846153846154,2.3076923076923075,1.2307692307692308,8.538461538461538,0.6153846153846154,1.1541851999936625,0.00019172485735907685,0
S0_baseline,130363,193,J,13,0.0,0,,1,0,0,0,0,0,0,307.3953846153846,244.47233109656082,57.92307692307692,5.0,139.2392166153846,163.2592937968264,107.18237071990326,0.38461538461538464,2.5384615384615383,1.6923076923076923,9.461538461538462,0.6153846153846154,1.121989700011909,0.00030425529075728264,0
S0_baseline,130363,193,J+,13,0.0,0,,1,0,0,0,0,0,0,295.8773846153846,237.10819176044808,53.76923076923077,5.0,127.39957284615386,151.98412663712637,100.52258817558787,0.46153846153846156,1.8461538461538463,1.6923076923076923,8.76923076923077,0.0,0.08281140000326559,0.0004928858252242208,0
S0_baseline,130363,194,I,15,0.0,0,,1,0,0,0,0,0,0,257.62,212.4866994090734,40.13333333333333,5.0,93.0804906,138.32991857231664,100.39658523898333,0.4666666666666667,2.2,1.4666666666666666,6.466666666666667,0.4666666666666667,1.648262499977136,0.0004911361006634252,0
S0_baseline,130363,194,J,15,0.0,0,,1,0,0,0,0,0,0,265.831,214.4310087022388,46.4,5.0,97.82964346666667,128.811212765188,85.27787943185469,0.6,2.3333333333333335,1.5333333333333334,7.4,0.4666666666666667,1.4879519999958575,0.00013053358225079137,0
S0_baseline,130363,194,J+,15,0.0,0,,1,0,0,0,0,0,0,243.23333333333332,194.76666125416287,43.46666666666667,5.0,93.63243680000001,124.60525237083901,84.13858570417234,0.6,1.8,1.5333333333333334,7.133333333333334,0.0,0.13620759997866116,8.118755704344949e-05,0
S0_baseline,130363,195,I,10,0.0,0,,1,0,0,0,0,0,0,395.52840000000003,318.9283612900757,71.6,5.0,220.0177815,223.0177815180548,153.81778151805483,0.4,2.8,1.4,11.6,0.7,1.0651267000066582,0.00038709924319846323,0
S0_baseline,130363,195,J,10,0.0,0,,1,0,0,0,0,0,0,390.5485,310.0485141611445,75.5,5.0,74.5688519,212.95742501472168,140.85742501472168,0.4,3.2,1.6,12.0,0.8,1.2165341999789234,0.00014161144508761936,0
S0_baseline,130363,195,J+,10,0.0,0,,1,0,0,0,0,0,0,372.2973,299.1973089450012,68.1,5.0,64.2553496,196.18611078342116,129.28611078342118,0.3,1.9,1.6,11.1,0.0,0.12546300000394695,8.94500121830788e-05,0
S0_baseline,130363,196,I,10,0.0,0,,1,0,0,0,0,0,0,361.6837,286.2836693636865,70.4,5.0,206.5667515,208.96675154213463,144.56675154213463,0.6,2.5,1.6,11.4,0.3,0.6299582999781705,0.0003063631352233642,0
S0_baseline,130363,196,J,10,0.0,0,,1,0,0,0,0,0,0,365.803,282.702994351573,78.1,5.0,158.8448649,213.4685412312484,137.06854123124845,0.3,2.7,1.4,12.6,0.8,0.8176002999825869,5.648427031701431e-05,0
S0_baseline,130363,196,J+,10,0.0,0,,1,0,0,0,0,0,0,363.0732,282.0732070264014,76.0,5.0,172.9414311,200.4967806652036,126.29678066520357,0.3,1.6,1.4,12.5,0.0,0.10654109998722561,7.026401408438687e-05,0
S0_baseline,130363,197,I,16,0.0,0,,1,0,0,0,0,0,0,230.911625,184.59912205839277,41.3125,5.0,110.872190625,110.87219065404844,78.87219065404844,0.8125,2.75,1.6875,6.3125,0.375,1.6661658000084572,4.706571553469985e-05,0
S0_baseline,130363,197,J,16,0.0,0,,1,0,0,0,0,0,0,259.8366875,211.0867045167891,43.75,5.0,107.934464875,108.6844648748509,70.68446487485089,0.625,2.5625,1.5,6.875,0.5,1.0683798999816645,0.00027226862584939227,0
S0_baseline,130363,197,J+,16,0.0,0,,1,0,0,0,0,0,0,264.847,219.72201539739496,40.125,5.0,98.92729375,99.67729374553359,67.17729374553358,0.6875,1.9375,1.25,6.375,0.0,0.3122455999837257,0.0002463583196004038,0
S0_baseline,130363,198,I,14,0.0,0,,1,0,0,0,0,0,0,285.8377142857143,233.48059019283383,47.357142857142854,5.0,152.11133007142857,154.25418719653288,108.2541871965329,0.2857142857142857,2.2857142857142856,1.5714285714285714,7.714285714285714,0.5714285714285714,1.2349693999858573,0.00026269967338521383,0
S0_baseline,130363,198,J,14,0.0,0,,1,0,0,0,0,0,0,279.8254285714286,222.25401853493958,52.57142857142857,5.0,143.65958849999998,145.80244567108068,95.94530281393779,0.42857142857142855,2.357142857142857,1.5,8.642857142857142,0.5714285714285714,1.0299256999860518,0.00025948915390472393,0
S0_baseline,130363,198,J+,14,0.0,0,,1,0,0,0,0,0,0,275.8973571428572,221.54018970833212,49.357142857142854,5.0,134.5493987857143,136.69225591355863,90.5493987707015,0.42857142857142855,1.8571428571428572,1.6428571428571428,7.928571428571429,0.0,0.16771549999248236,0.0003440833502281748,0
S0_baseline,130363,199,I,13,0.0,0,,1,0,0,0,0,0,0,318.35346153846154,261.5073117890259,51.84615384615385,5.0,139.31872469230768,162.7929558400932,114.25449430163165,0.38461538461538464,2.3846153846153846,1.3846153846153846,8.384615384615385,0.38461538461538464,0.843753299996024,5.3257336276146816e-05,0
S0_baseline,130363,199,J,13,0.0,0,,1,0,0,0,0,0,0,303.3359230769231,240.87439924712774,57.46153846153846,5.0,140.6601696153846,161.44355308327647,106.90509154481494,0.46153846153846156,2.6153846153846154,1.4615384615384615,9.384615384615385,0.6153846153846154,1.0486756000027526,0.00019021266052732244,0
S0_baseline,130363,199,J+,13,0.0,0,,1,0,0,0,0,0,0,306.7103846153846,249.24883838642106,52.46153846153846,5.0,125.44365215384616,144.33238260631842,95.48622876016458,0.46153846153846156,1.7692307692307692,1.5384615384615385,8.615384615384615,0.0,0.1695350999943912,0.00010097652648255462,0
S0_baseline,130363,200,I,15,0.0,0,,1,0,0,0,0,0,0,240.25206666666665,197.05209531197752,38.2,5.0,81.17099246666666,139.3912563266989,102.12458966003223,0.3333333333333333,2.533333333333333,1.8,6.2,0.5333333333333333,0.7965711000142619,0.00042967966282958514,0
S0_baseline,130363,200,J,15,0.0,0,,1,0,0,0,0,0,0,234.5816,187.114900033781,42.46666666666667,5.0,113.74671873333334,132.6766625827335,90.6766625827335,0.2,2.466666666666667,1.7333333333333334,6.8,0.4666666666666667,1.294965199980652,0.0004994932851332123,0
S0_baseline,130363,200,J+,15,0.0,0,,1,0,0,0,0,0,0,229.71393333333333,185.78060498766098,38.93333333333333,5.0,101.81841713333333,121.61009606427726,83.81009606427726,0.2,1.8666666666666667,1.6666666666666667,6.266666666666667,0.0,0.15622069998062216,7.481491502403514e-05,0
