case,strategy,source_count,detected_channels,cleared_channels,total_virtual_time_s,measure_actions,clear_actions,all_cleared,search_sites,search_end_time_s,movement_time_s,search_movement_time_s,post_search_movement_time_s,detection_time_s,switching_time_s,clearing_time_s,failed_clear_actions,origin_discoveries,selected_route,wall_time_s
1,C,15,15,15,8783.744,316,15,1,29,5344.5264323263955,6832.743985978199,3629.5264323263946,3203.2175536518057,1580.0,296.0,75.0,0,,,0.3951025000133086
1,Crim1500,15,15,15,10950.792,440,15,1,29,6494.227593772687,8268.791854779238,4137.227593772685,4131.564261006555,2200.0,407.0,75.0,0,,,0.6299132999847643
1,Crim1700,15,15,15,10728.263,410,15,1,29,7613.4442011934525,8208.262611499566,5390.4442011934525,2817.818410306112,2050.0,395.0,75.0,0,,,0.5264331999933347
1,CrimNN,15,15,15,10518.028,420,15,1,29,6363.285445016888,7947.027861955068,4066.2854450168866,3880.7424169381843,2100.0,396.0,75.0,0,,,0.5014444999978878
2,C,10,10,10,8899.894,456,10,1,29,6219.96345213146,6128.893950987864,3653.9634521314583,2474.930498856405,2280.0,441.0,50.0,0,,,0.14095840000663884
2,Crim1500,10,10,10,9781.926,520,10,1,29,7130.227593772685,6619.925998538278,4137.227593772685,2482.6984047655915,2600.0,512.0,50.0,0,,,0.2353346000018064
2,Crim1700,10,10,10,10010.387,485,10,1,29,8157.286701703008,7057.3868268132555,5339.286701703008,1718.1001251102493,2425.0,478.0,50.0,0,,,0.17766489999485202
2,CrimNN,10,10,10,9582.909,516,10,1,29,7041.28544501689,6445.909390401235,4066.2854450168866,2379.6239453843473,2580.0,507.0,50.0,0,,,0.2422161000140477
3,C,15,15,15,7994.553,321,15,1,29,5481.7703567213175,6000.552885847467,3653.7703567213175,2346.7825291261497,1605.0,314.0,75.0,0,,,0.25539830001071095
3,Crim1500,15,15,15,10231.542,403,15,1,29,6367.471518167608,7755.54249847315,4161.471518167607,3594.0709803055424,2015.0,386.0,75.0,0,,,0.4379524000105448
3,Crim1700,15,15,15,9849.47,407,15,1,29,7729.183443085316,7340.469819958161,5381.183443085315,1959.2863768728444,2035.0,399.0,75.0,0,,,0.23365070001455024
3,CrimNN,15,15,15,10197.042,410,15,1,29,6338.529369411811,7679.0419799561305,4090.529369411809,3588.5126105443205,2050.0,393.0,75.0,0,,,0.4657444999902509
4,C,11,11,11,8167.033,405,11,1,29,5956.5264323263955,5691.0333005952625,3629.5264323263946,2061.5068682688693,2025.0,396.0,55.0,0,,,0.28640539999469183
4,Crim1500,11,11,11,8261.873,401,11,1,29,6509.059235976428,5801.872644606677,4147.059235976425,1654.813408630252,2005.0,400.0,55.0,0,,,0.16881679999642074
4,Crim1700,11,11,11,9324.636,385,11,1,29,7798.774522233272,6963.636143685454,5518.774522233271,1444.861621452184,1925.0,381.0,55.0,0,,,0.19051859999308363
4,CrimNN,11,11,11,8343.965,429,11,1,29,6597.173715528003,5715.96500797039,4067.173715528002,1648.7912924423877,2145.0,428.0,55.0,0,,,0.16194620000896975
5,C,12,12,12,8221.719,397,12,1,29,5990.373909857336,5790.7188627188825,3702.3739098573355,2088.34495286155,1985.0,386.0,60.0,0,,,0.38532410000334494
5,Crim1500,12,12,12,8466.155,388,12,1,29,6454.473037694579,6085.155025010174,4201.473037694578,1883.6819873155953,1940.0,381.0,60.0,0,,,0.22325869998894632
5,Crim1700,12,12,12,9754.929,378,12,1,29,7571.774175862606,7439.928630638764,5409.774175862606,2030.1544547761591,1890.0,365.0,60.0,0,,,0.28067040001042187
5,CrimNN,12,12,12,8388.587,380,12,1,29,6277.700777091047,6055.586674709409,4083.7007770910463,1971.8858976183622,1900.0,373.0,60.0,0,,,0.3148030000156723
6,C,12,12,12,7933.715,371,12,1,29,5811.829407671275,5656.715226807665,3665.8294076712746,1990.8858191363915,1855.0,362.0,60.0,0,,,0.31897309998748824
6,Crim1500,12,12,12,8673.095,446,12,1,29,6781.530569117566,5941.094941390304,4173.5305691175645,1767.5643722727411,2230.0,442.0,60.0,0,,,0.3012387999915518
6,Crim1700,12,12,12,9909.429,446,12,1,29,7986.685072014544,7185.428856725189,5405.685072014543,1779.7437847106455,2230.0,434.0,60.0,0,,,0.37372570001753047
6,CrimNN,12,12,12,8554.153,438,12,1,29,6662.588420361767,5870.152792634505,4102.588420361766,1767.5643722727411,2190.0,434.0,60.0,0,,,0.27759239997249097
7,C,10,10,10,8453.881,435,10,1,29,6058.5264323263955,5812.88124925609,3629.5264323263946,2183.3548169296946,2175.0,416.0,50.0,0,,,0.18892119999509305
7,Crim1500,10,10,10,9436.112,513,10,1,29,7046.227593772687,6327.111887751122,4137.227593772685,2189.8842939784354,2565.0,494.0,50.0,0,,,0.15766460000304505
7,Crim1700,10,10,10,10428.091,508,10,1,29,8253.502212131196,7346.090843737985,5345.502212131197,2000.588631606787,2540.0,492.0,50.0,0,,,0.15920700001879595
7,CrimNN,10,10,10,9335.17,508,10,1,29,6945.28544501689,6256.169738995323,4066.2854450168866,2189.8842939784354,2540.0,489.0,50.0,0,,,0.1759267000015825
8,C,11,11,11,8244.664,387,11,1,29,5752.253995729916,5884.664038104481,3630.253995729915,2254.410042374566,1935.0,370.0,55.0,0,,,0.30685510000330396
8,Crim1500,11,11,11,9882.075,489,11,1,29,6656.227593772687,6918.075051306489,4137.227593772685,2780.8474575338023,2445.0,464.0,55.0,0,,,0.5177094000100624
8,Crim1700,11,11,11,10350.973,429,11,1,29,7746.0780198674165,7740.972636500718,5349.0780198674165,2391.8946166333017,2145.0,410.0,55.0,0,,,0.43792619998566806
8,CrimNN,11,11,11,9455.521,481,11,1,29,6549.285445016888,6539.521387279963,4066.2854450168866,2473.2359422630743,2405.0,456.0,55.0,0,,,0.4917777000227943
9,C,13,13,13,7889.652,361,13,1,29,5794.299556977192,5665.651667996693,3697.299556977192,1968.3521110195004,1805.0,354.0,65.0,0,,,0.2963422999891918
9,Crim1500,13,13,13,9970.945,476,13,1,29,6956.000718423485,7060.944548206005,4205.000718423482,2855.943829782523,2380.0,465.0,65.0,0,,,0.2735187000071164
9,Crim1700,13,13,13,10272.733,431,13,1,29,8010.197319100236,7626.732517212449,5449.197319100234,2177.535198112215,2155.0,426.0,65.0,0,,,0.09720239997841418
9,CrimNN,13,13,13,9863.885,470,13,1,29,6849.058569667687,6989.884507652941,4134.0585696676835,2855.825937985258,2350.0,459.0,65.0,0,,,0.35382670001126826
10,C,12,12,12,8306.804,388,12,1,29,5938.785976454414,5922.803765365152,3679.785976454413,2243.0177889107376,1940.0,384.0,60.0,0,,,0.22381870000390336
10,Crim1500,12,12,12,9321.335,444,12,1,29,6626.227593772687,6617.334561656977,4137.227593772685,2480.106967884291,2220.0,424.0,60.0,0,,,0.46924470001249574
10,Crim1700,12,12,12,10260.294,450,12,1,29,7999.753262094079,7514.29360060441,5441.75326209408,2072.54033851033,2250.0,436.0,60.0,0,,,0.3628586999839172
10,CrimNN,12,12,12,9202.392,436,12,1,29,6507.285445016888,6546.392412901178,4066.2854450168866,2480.106967884291,2180.0,416.0,60.0,0,,,0.5528034000017215
11,C,11,11,11,7082.787,342,11,1,29,5677.289940011784,4979.786639237139,3653.289940011783,1326.496699225357,1710.0,338.0,55.0,0,,,0.12555409999913536
11,Crim1500,11,11,11,8334.492,461,11,1,29,6866.227593772685,5515.491641409538,4137.227593772685,1378.2640476368517,2305.0,459.0,55.0,0,,,0.15478519999305718
11,Crim1700,11,11,11,9242.708,451,11,1,29,8106.978969624521,6483.708382663965,5400.978969624522,1082.7294130394419,2255.0,449.0,55.0,0,,,0.06770099999266677
11,CrimNN,11,11,11,8517.071,458,11,1,29,6765.285445016888,5718.07086394141,4066.2854450168866,1651.7854189245227,2290.0,454.0,55.0,0,,,0.1639310999889858
12,C,16,16,16,6943.648,301,16,1,29,4913.231980284359,5068.6476385911255,3196.2319802843595,1872.4156583067675,1505.0,290.0,80.0,0,,,0.42880769999464974
12,Crim1500,16,16,16,9482.331,414,16,1,29,6089.759636597716,6933.330936690363,3787.759636597715,3145.5713000926494,2070.0,399.0,80.0,0,,,0.41274309999425896
12,Crim1700,16,16,16,8715.033,371,16,1,29,5727.619953737048,6422.03281427105,3660.619953737048,2761.4128605340056,1855.0,358.0,80.0,0,,,0.24401900000520982
12,CrimNN,16,16,16,9357.389,405,16,1,29,5964.817487841919,6862.388787934566,3716.817487841917,3145.5713000926494,2025.0,390.0,80.0,0,,,0.4032143999938853
13,C,16,16,16,6445.669,267,16,1,29,4484.591581147868,4764.669064847489,2944.5915811478676,1820.077483699621,1335.0,266.0,80.0,0,,,0.2453416000062134
13,Crim1500,16,16,16,8491.921,440,16,1,29,4506.52522065158,5780.921119296558,2659.5252206515793,3121.3958986449798,2200.0,431.0,80.0,0,,,0.8010088999872096
13,Crim1700,16,16,16,8302.92,430,16,1,29,4079.013253148556,5644.920122147409,2544.013253148556,3100.9068689988535,2150.0,428.0,80.0,0,,,0.759102600015467
13,CrimNN,16,16,16,8189.863,420,16,1,29,4223.29327855594,5598.863338411223,2496.293278555939,3102.570059855285,2100.0,411.0,80.0,0,,,0.7036273000121582
14,C,12,12,12,7841.904,389,12,1,29,5884.5264323263955,5451.903854680952,3629.5264323263946,1822.3774223545572,1945.0,385.0,60.0,0,,,0.3882382999872789
14,Crim1500,12,12,12,8646.587,460,12,1,29,6883.264976014202,5830.586723016261,4173.264976014199,1657.3217470020609,2300.0,456.0,60.0,0,,,0.21380160000990145
14,Crim1700,12,12,12,9836.09,481,12,1,29,8215.760154998408,6910.090320648967,5455.760154998408,1454.33016565056,2405.0,461.0,60.0,0,,,0.5223470999917481
14,CrimNN,12,12,12,8539.645,454,12,1,29,6776.322827258403,5759.644574260464,4102.322827258402,1657.3217470020609,2270.0,450.0,60.0,0,,,0.22375950001878664
15,C,11,11,11,7997.836,449,11,1,29,6294.870760077045,5254.8359368744495,3674.870760077043,1579.965176797406,2245.0,443.0,55.0,0,,,0.2060291999951005
15,Crim1500,11,11,11,9220.802,486,11,1,29,6988.571921523336,6260.801703205513,4182.571921523333,2078.2297816821797,2430.0,475.0,55.0,0,,,0.2910607999947388
15,Crim1700,11,11,11,10579.2,460,11,1,29,8009.990296194278,7778.200121592258,5383.990296194278,2394.209825397981,2300.0,446.0,55.0,0,,,0.26067479999619536
15,CrimNN,11,11,11,9256.968,481,11,1,29,6881.629772767538,6325.968352328128,4111.6297727675355,2214.338579560592,2405.0,471.0,55.0,0,,,0.21364299999549985
16,C,15,15,15,7910.396,329,15,1,29,5512.5264323263955,5868.396436212978,3629.5264323263946,2238.870003886584,1645.0,322.0,75.0,0,,,0.42582150001544505
16,Crim1500,15,15,15,9260.481,399,15,1,29,6476.397491842487,6792.480687704229,4163.3974918424865,2629.0831958617414,1995.0,398.0,75.0,0,,,0.277917500003241
16,Crim1700,15,15,15,10342.928,416,15,1,29,7754.985694305837,7780.92777701232,5363.985694305837,2416.942082706483,2080.0,407.0,75.0,0,,,0.36226530000567436
16,CrimNN,15,15,15,9175.379,392,15,1,29,6327.9150139157855,6749.37889159832,4067.915013915784,2681.4638776825354,1960.0,391.0,75.0,0,,,0.2814522000262514
17,C,15,15,15,7993.999,332,15,1,29,5441.576929576963,5943.99943734343,3717.576929576963,2226.4225077664673,1660.0,315.0,75.0,0,,,0.18082229999708943
17,Crim1500,15,15,15,8630.552,413,15,1,29,6430.774413844684,6095.552097099012,4183.774413844682,1911.777683254332,2065.0,395.0,75.0,0,,,0.46522559999721125
17,Crim1700,15,15,15,9921.895,387,15,1,29,7482.55732440835,7541.894804310908,5398.55732440835,2143.3374799025587,1935.0,370.0,75.0,0,,,0.2840571999840904
17,CrimNN,15,15,15,8425.085,419,15,1,29,6476.20136195014,5854.085000185763,4159.20136195014,1694.8836382356249,2095.0,401.0,75.0,0,,,0.4219185000110883
18,C,14,14,14,8217.217,414,14,1,29,5760.165893741247,5673.216556279533,3632.165893741246,2041.050662538289,2070.0,404.0,70.0,0,,,0.44849389998125844
18,Crim1500,14,14,14,9266.572,474,14,1,29,6870.336353114694,6361.57218460035,4252.336353114693,2109.2358314856574,2370.0,465.0,70.0,0,,,0.31719790000352077
18,Crim1700,14,14,14,10224.554,456,14,1,29,7913.1531108993,7427.554384115064,5446.1531108993,1981.4012732157637,2280.0,447.0,70.0,0,,,0.2425766999949701
18,CrimNN,14,14,14,9352.446,499,14,1,29,6795.1628571015,6297.445654028158,4098.162857101497,2199.282796926662,2495.0,490.0,70.0,0,,,0.45534989997395314
19,C,16,16,16,7716.275,361,16,1,29,4431.657804533346,5472.274857202502,2952.657804533346,2519.6170526691562,1805.0,359.0,80.0,0,,,0.5959182000078727
19,Crim1500,16,16,16,8970.933,383,16,1,29,6041.946878407386,6614.933430734589,3938.946878407384,2675.986552327209,1915.0,361.0,80.0,0,,,0.5713192999828607
19,Crim1700,16,16,16,8261.564,336,16,1,29,5730.869223905792,6179.563631030744,3820.8692239057905,2358.694407124957,1680.0,322.0,80.0,0,,,0.33302289998391643
19,CrimNN,16,16,16,8833.991,372,16,1,29,5905.004729651588,6543.9912819787905,3868.004729651586,2675.986552327209,1860.0,350.0,80.0,0,,,0.5768046000157483
20,C,15,15,15,7859.567,371,15,1,29,5874.2465533591285,5560.566717051746,3688.2465533591276,1872.320163692617,1855.0,369.0,75.0,0,,,0.14698499999940395
20,Crim1500,15,15,15,9086.776,443,15,1,29,6792.322925098329,6364.775951398167,4229.322925098327,2135.45302629984,2215.0,432.0,75.0,0,,,0.35826609999639913
20,Crim1700,15,15,15,10200.76,395,15,1,29,7744.2544548678725,7767.76021601984,5470.2544548678725,2297.5057611519696,1975.0,383.0,75.0,0,,,0.4056164999783505
20,CrimNN,15,15,15,8945.894,435,15,1,29,6644.460095767942,6271.893846641353,4129.460095767941,2142.4337508734106,2175.0,424.0,75.0,0,,,0.3863038999843411
21,C,12,12,12,7728.648,333,12,1,29,5589.597740872509,5673.647984882982,3648.5977408725084,2025.0502440104729,1665.0,330.0,60.0,0,,,0.21260650001931936
21,Crim1500,12,12,12,8991.408,485,12,1,29,6996.403888952721,6024.408390183428,4148.403888952718,1876.0045012307094,2425.0,482.0,60.0,0,,,0.25136910000583157
21,Crim1700,12,12,12,11030.566,471,12,1,29,8083.0165327969635,8156.565518250831,5386.016532796963,2770.5489854538696,2355.0,459.0,60.0,0,,,0.38496190001023933
21,CrimNN,12,12,12,8890.466,480,12,1,29,6895.4617401969235,5953.46624142763,4077.4617401969194,1876.0045012307094,2400.0,477.0,60.0,0,,,0.22843879999709316
22,C,14,14,14,8223.057,393,14,1,29,5846.987392933862,5815.057267467431,3640.987392933861,2174.0698745335717,1965.0,373.0,70.0,0,,,0.41017489999649115
22,Crim1500,14,14,14,9908.111,444,14,1,29,6561.962890889038,7200.111135903797,4152.962890889037,3047.1482450147623,2220.0,418.0,70.0,0,,,0.4438172999944072
22,Crim1700,14,14,14,10448.323,453,14,1,29,7879.726455152312,7672.323405469044,5363.726455152312,2308.596950316732,2265.0,441.0,70.0,0,,,0.3282160999951884
22,CrimNN,14,14,14,9889.862,436,14,1,29,6427.746405624354,7230.861811670953,4077.746405624353,3153.115406046604,2180.0,409.0,70.0,0,,,0.5014301000046544
23,C,13,13,13,7562.632,307,13,1,29,5416.5264323263955,5659.6315083883455,3629.5264323263946,2030.1050760619496,1535.0,303.0,65.0,0,,,0.23581640000338666
23,Crim1500,13,13,13,9480.122,429,13,1,29,6596.227593772687,6851.121882355525,4137.227593772685,2713.894288582841,2145.0,419.0,65.0,0,,,0.24087959999451414
23,Crim1700,13,13,13,9870.246,416,13,1,29,7865.594163347429,7314.2461241447045,5422.594163347428,1891.6519607972757,2080.0,411.0,65.0,0,,,0.21364880001056008
23,CrimNN,13,13,13,9343.219,423,13,1,29,6483.285445016888,6750.219148817395,4066.2854450168866,2683.9337038005106,2115.0,413.0,65.0,0,,,0.28373789999750443
24,C,16,16,16,7302.763,307,16,1,29,4033.4926307306223,5406.762913303029,2606.4926307306223,2800.2702825724105,1535.0,281.0,80.0,0,,,0.5630589999782387
24,Crim1500,16,16,16,9246.199,415,16,1,29,6135.796920778718,6701.198985780469,3959.796920778716,2741.402065001752,2075.0,390.0,80.0,0,,,0.5094617000140715
24,Crim1700,16,16,16,8385.416,362,16,1,29,5751.529501389444,6148.416032531094,3796.5295013894433,2351.886531141652,1810.0,347.0,80.0,0,,,0.4353179000027012
24,CrimNN,16,16,16,9215.44,422,16,1,29,6167.042445574986,6625.440299824091,3927.0424455749844,2698.3978542491063,2110.0,400.0,80.0,0,,,0.4673489000124391
25,C,12,12,12,7081.519,336,12,1,29,5629.286715659127,5006.5189373021385,3634.2867156591265,1372.2322216430127,1680.0,335.0,60.0,0,,,0.1277334000042174
25,Crim1500,12,12,12,8543.714,425,12,1,29,6641.933824572035,5937.714346629377,4141.933824572033,1795.7805220573455,2125.0,421.0,60.0,0,,,0.18460330000380054
25,Crim1700,12,12,12,9510.955,419,12,1,29,7821.877195380276,6942.954981730432,5348.877195380275,1594.0777863501585,2095.0,413.0,60.0,0,,,0.2270291000022553
25,CrimNN,12,12,12,8441.185,436,12,1,29,6650.686562671591,5769.185070968425,4079.68656267159,1689.4985082968356,2180.0,432.0,60.0,0,,,0.1716524999937974
26,C,16,16,16,6725.07,258,16,1,29,4061.9562588212175,5109.069947756925,2761.9562588212184,2347.113688935707,1290.0,246.0,80.0,0,,,0.5273238999943715
26,Crim1500,16,16,16,9297.925,506,16,1,29,5945.374326147816,6187.9247358865605,3613.3743261478144,2574.5504097387425,2530.0,500.0,80.0,0,,,0.5508861999842338
26,Crim1700,16,16,16,8611.618,454,16,1,29,5505.862358644792,5816.617624087932,3497.862358644791,2318.7552654431415,2270.0,445.0,80.0,0,,,0.6413979999779258
26,CrimNN,16,16,16,9172.983,497,16,1,29,5820.432177392018,6116.982587130762,3542.4321773920165,2574.5504097387425,2485.0,491.0,80.0,0,,,0.532782700000098
27,C,10,10,10,7873.523,396,10,1,29,5914.5264323263955,5458.523273609702,3629.5264323263946,1828.996841283311,1980.0,385.0,50.0,0,,,0.34175570000661537
27,Crim1500,10,10,10,9328.234,471,10,1,29,6857.922366090638,6468.233858426264,4159.922366090636,2308.3114923356297,2355.0,455.0,50.0,0,,,0.40807679999852553
27,Crim1700,10,10,10,9860.719,449,10,1,29,7975.340740761582,7125.7186525283,5361.340740761581,1764.3779117667175,2245.0,440.0,50.0,0,,,0.22166260000085458
27,CrimNN,10,10,10,9314.621,484,10,1,29,6844.309537544029,6376.621029879653,4068.3095375440257,2308.3114923356297,2420.0,468.0,50.0,0,,,0.45933479999075644
28,C,15,15,15,7845.343,312,15,1,29,5491.339672623344,5901.342860584549,3671.339672623344,2230.003187961206,1560.0,309.0,75.0,0,,,0.19946560001699254
28,Crim1500,15,15,15,9982.137,359,15,1,29,6159.5894687892005,7767.137288181538,4169.5894687892,3597.5478193923377,1795.0,345.0,75.0,0,,,0.4698715999838896
28,Crim1700,15,15,15,10736.496,395,15,1,29,7585.0467783782,8309.49627299112,5374.046778378199,2935.449494612924,1975.0,377.0,75.0,0,,,0.5296928000170738
28,CrimNN,15,15,15,9961.245,367,15,1,29,6136.647320033401,7698.244915534428,4098.647320033401,3599.5975955010267,1835.0,353.0,75.0,0,,,0.4146080999926198
29,C,15,15,15,7579.953,308,15,1,29,5423.121076948859,5661.95269589461,3637.1210769488584,2024.8316189457514,1540.0,303.0,75.0,0,,,0.23942619998706505
29,Crim1500,15,15,15,9746.382,421,15,1,29,6493.675717521729,7169.381817543209,4167.675717521728,3001.706100021481,2105.0,397.0,75.0,0,,,0.4474086999834981
29,Crim1700,15,15,15,9734.346,392,15,1,29,7684.253056031073,7314.346232711437,5403.253056031072,1911.093176680365,1960.0,385.0,75.0,0,,,0.3172150000173133
29,CrimNN,15,15,15,9435.031,412,15,1,29,6333.285445016888,6911.030683890191,4066.2854450168866,2844.745238873305,2060.0,389.0,75.0,0,,,0.5855336999811698
30,C,15,15,15,9190.895,397,15,1,29,5628.384361936625,6749.895399361124,3645.3843619366244,3104.5110374245,1985.0,381.0,75.0,0,,,0.4458163999952376
30,Crim1500,15,15,15,10101.893,472,15,1,29,6646.085523382917,7208.89269102287,4153.085523382914,3055.807167639957,2360.0,458.0,75.0,0,,,0.45233110000845045
30,Crim1700,15,15,15,10880.701,443,15,1,29,7738.0866344359865,8159.700980578688,5361.086634435986,2798.614346142702,2215.0,431.0,75.0,0,,,0.3462051000096835
30,CrimNN,15,15,15,10089.568,482,15,1,29,6627.676637937162,7136.568138443654,4074.67663793716,3061.891500506494,2410.0,468.0,75.0,0,,,0.4143712999939453
31,C,15,15,15,8022.96,325,15,1,29,5528.7302035968105,6002.959737345995,3652.7302035968105,2350.2295337491837,1625.0,320.0,75.0,0,,,0.2524553000112064
31,Crim1500,15,15,15,10682.026,495,15,1,29,6884.227593772687,7664.026288883201,4137.227593772685,3526.798695110521,2475.0,468.0,75.0,0,,,0.6042372999945655
31,Crim1700,15,15,15,11174.023,465,15,1,29,7963.259949590377,8322.022838102861,5362.259949590377,2959.762888512485,2325.0,452.0,75.0,0,,,0.41009809999377467
31,CrimNN,15,15,15,10569.084,488,15,1,29,6771.28544501689,7593.084140127403,4066.2854450168866,3526.798695110521,2440.0,461.0,75.0,0,,,0.6399840000085533
32,C,13,13,13,7796.382,337,13,1,29,5602.331684610733,5715.382433666043,3637.331684610732,2078.0507490553114,1685.0,331.0,65.0,0,,,0.22942869999678805
32,Crim1500,13,13,13,9590.525,463,13,1,29,6787.212393802076,6762.525183177012,4143.212393802073,2619.3127893749424,2315.0,448.0,65.0,0,,,0.435561799997231
32,Crim1700,13,13,13,9989.395,418,13,1,29,7789.08694490746,7422.394773837596,5351.08694490746,2071.307828930138,2090.0,412.0,65.0,0,,,0.26959250000072643
32,CrimNN,13,13,13,9477.583,456,13,1,29,6674.270245046278,6691.583034421214,4072.2702450462743,2619.3127893749424,2280.0,441.0,65.0,0,,,0.3952602999925148
33,C,16,16,16,5281.414,205,16,1,29,2457.941601312379,3995.4135105226883,1553.9416013123796,2441.471909210309,1025.0,181.0,80.0,0,,,0.6729466999822762
33,Crim1500,16,16,16,8529.087,383,16,1,29,6297.619086780927,6160.087316402248,4104.619086780927,2055.468229621321,1915.0,374.0,80.0,0,,,0.2700184999848716
33,Crim1700,16,16,16,7987.216,356,16,1,29,6046.75480768279,5779.2160301707645,4003.7548076827907,1775.461222487975,1780.0,348.0,80.0,0,,,0.28063140000449494
33,CrimNN,16,16,16,8250.561,393,16,1,29,6286.67693802513,5820.560518264117,4033.6769380251294,1786.883580238987,1965.0,385.0,80.0,0,,,0.2629453999979887
34,C,13,13,13,8133.915,384,13,1,29,5858.046074512151,5775.915321202341,3636.0460745121495,2139.869246690194,1920.0,373.0,65.0,0,,,0.2787614999979269
34,Crim1500,13,13,13,9459.676,442,13,1,29,6667.2409249727925,6756.67555739072,4143.240924972792,2613.4346324179296,2210.0,428.0,65.0,0,,,0.3563207999977749
34,Crim1700,13,13,13,9875.222,405,13,1,29,7674.4571173515,7392.222310195694,5355.4571173515,2036.7651928441956,2025.0,393.0,65.0,0,,,0.3456360000127461
34,CrimNN,13,13,13,9254.544,435,13,1,29,6560.298776216995,6592.543632492404,4072.2987762169932,2520.2448562754125,2175.0,422.0,65.0,0,,,0.35672619999968447
35,C,15,15,15,8280.399,353,15,1,29,5637.963690730492,6095.399294813091,3635.963690730492,2459.435604082599,1765.0,345.0,75.0,0,,,0.3078363999957219
35,Crim1500,15,15,15,9197.05,410,15,1,29,6545.272592507846,6677.050020978663,4204.272592507846,2472.7774284708184,2050.0,395.0,75.0,0,,,0.23389400000451133
35,Crim1700,15,15,15,10222.706,410,15,1,29,7746.481788817117,7698.706398717642,5393.481788817117,2305.2246099005215,2050.0,399.0,75.0,0,,,0.20699760000570677
35,CrimNN,15,15,15,9365.144,404,15,1,29,6440.015226320264,6883.143517129604,4147.0152263202635,2736.1282908093417,2020.0,387.0,75.0,0,,,0.20366550001199357
36,C,10,10,10,8292.438,428,10,1,29,6108.47591519354,5686.437766709597,3632.4759151935386,2053.96185151606,2140.0,416.0,50.0,0,,,0.28715960000408813
36,Crim1500,10,10,10,8516.693,434,10,1,29,6663.326694297612,5873.692594671886,4140.326694297613,1733.3659003742748,2170.0,423.0,50.0,0,,,0.29712500001187436
36,Crim1700,10,10,10,9590.019,422,10,1,29,7905.669041312969,7020.019161121631,5444.669041312969,1575.3501198086637,2110.0,410.0,50.0,0,,,0.22505160002037883
36,CrimNN,10,10,10,8416.278,428,10,1,29,6556.384545541813,5809.277725514169,4069.384545541815,1739.8931799723564,2140.0,417.0,50.0,0,,,0.23158920000423677
37,C,13,13,13,6805.081,297,13,1,29,5449.758490880217,4962.08092001295,3707.7584908802173,1254.3224291327342,1485.0,293.0,65.0,0,,,0.18622979999054223
37,Crim1500,13,13,13,8957.42,507,13,1,29,7199.459652326509,5855.4200254899815,4215.459652326507,1639.960373163475,2535.0,502.0,65.0,0,,,0.2514046000142116
37,Crim1700,13,13,13,9552.564,472,13,1,29,8154.197177477375,6667.563980136118,5417.197177477374,1250.366802658747,2360.0,460.0,65.0,0,,,0.4362629000097513
37,CrimNN,13,13,13,8868.478,504,13,1,29,7110.517503570713,5784.477876734184,4144.51750357071,1639.960373163475,2520.0,499.0,65.0,0,,,0.20836779999081045
38,C,14,14,14,7779.038,328,14,1,29,5531.5198223602565,5759.038084247082,3704.5198223602556,2054.5182618868284,1640.0,310.0,70.0,0,,,0.6107525000115857
38,Crim1500,14,14,14,9749.066,446,14,1,29,6718.325888389651,7021.066354761085,4189.325888389649,2831.7404663714387,2230.0,428.0,70.0,0,,,0.46099099999992177
38,Crim1700,14,14,14,10150.788,415,14,1,29,7758.009816236041,7608.787530827523,5399.009816236043,2209.777714591483,2075.0,397.0,70.0,0,,,0.5058748000010382
38,CrimNN,14,14,14,9624.527,437,14,1,29,6593.383739633851,6950.526547428287,4118.38373963385,2832.1428077944397,2185.0,419.0,70.0,0,,,0.46190110000316054
39,C,10,10,10,7541.354,389,10,1,29,5952.538322598368,5160.35374224652,3662.538322598368,1497.8154196481514,1945.0,386.0,50.0,0,,,0.15804959999513812
39,Crim1500,10,10,10,8739.954,479,10,1,29,6968.227593772687,5817.954086405251,4137.227593772685,1680.7264926325631,2395.0,477.0,50.0,0,,,0.1656562000280246
39,Crim1700,10,10,10,9491.233,454,10,1,29,8075.777081826983,6718.232802645762,5367.777081826983,1350.455720818779,2270.0,453.0,50.0,0,,,0.15487699999357574
39,CrimNN,10,10,10,8663.467,476,10,1,29,6879.28544501689,5759.4666400513615,4066.2854450168866,1693.1811950344743,2380.0,474.0,50.0,0,,,0.15430120000382885
40,C,12,12,12,7966.219,379,12,1,29,5874.508281913468,5636.218860972028,3650.5082819134677,1985.7105790585597,1895.0,375.0,60.0,0,,,0.26713150000432506
40,Crim1500,12,12,12,8803.16,483,12,1,29,7055.692989744689,5846.159794915215,4183.692989744686,1662.4668051705285,2415.0,482.0,60.0,0,,,0.10906990000512451
40,Crim1700,12,12,12,9846.266,449,12,1,29,8046.678570787525,7093.266186631847,5362.678570787525,1730.587615844319,2245.0,448.0,60.0,0,,,0.05858670000452548
40,CrimNN,12,12,12,8708.218,479,12,1,29,6960.7508409888915,5775.217646159417,4112.750840988889,1662.4668051705285,2395.0,478.0,60.0,0,,,0.09475940000265837
41,C,10,10,10,7962.574,411,10,1,29,6016.526432326396,5454.573596166451,3629.5264323263946,1825.047163840058,2055.0,403.0,50.0,0,,,0.20322850000229664
41,Crim1500,10,10,10,8818.509,413,10,1,29,6482.227593772685,6303.508767575043,4137.227593772685,2166.2811738023547,2065.0,400.0,50.0,0,,,0.446241600002395
41,Crim1700,10,10,10,9840.187,414,10,1,29,7713.6459684436295,7315.187261351842,5338.6459684436295,1976.5412929082133,2070.0,405.0,50.0,0,,,0.347613200021442
41,CrimNN,10,10,10,8816.23,424,10,1,29,6477.285445016888,6235.229813645704,4066.2854450168866,2168.9443686288155,2120.0,411.0,50.0,0,,,0.3388791999896057
42,C,13,13,13,7436.332,341,13,1,29,5646.984664418051,5327.331927790256,3638.9846644180498,1688.3472633722067,1705.0,339.0,65.0,0,,,0.1710161000082735
42,Crim1500,13,13,13,8841.013,441,13,1,29,6716.227593772687,6136.012655792735,4137.227593772685,1998.7850620200509,2205.0,435.0,65.0,0,,,0.19402420002734289
42,Crim1700,13,13,13,9839.776,410,13,1,29,7777.364706121635,7327.775828294025,5407.364706121635,1920.411122172389,2050.0,397.0,65.0,0,,,0.1732546999992337
42,CrimNN,13,13,13,8722.071,433,13,1,29,6597.285445016888,6065.070507036937,4066.2854450168866,1998.7850620200509,2165.0,427.0,65.0,0,,,0.21219449999625795
43,C,11,11,11,8099.666,410,11,1,29,6044.871695284696,5590.665793911921,3670.871695284696,1919.7940986272272,2050.0,404.0,55.0,0,,,0.1918755000224337
43,Crim1500,11,11,11,10143.024,499,11,1,29,6938.227593772687,7118.023805793583,4137.227593772685,2980.7962120209013,2495.0,475.0,55.0,0,,,0.4405574999982491
43,Crim1700,11,11,11,10618.25,472,11,1,29,8109.92867402939,7740.250102281761,5363.92867402939,2376.3214282523713,2360.0,463.0,55.0,0,,,0.2184793000051286
43,CrimNN,11,11,11,9929.329,493,11,1,29,6837.28544501689,6939.329249332292,4066.2854450168866,2873.0438043154113,2465.0,470.0,55.0,0,,,0.5161511999904178
44,C,11,11,11,8224.461,395,11,1,29,5812.5264323263955,5811.461306206858,3629.5264323263946,2181.9348738804615,1975.0,383.0,55.0,0,,,0.23719949999940582
44,Crim1500,11,11,11,9232.714,508,11,1,29,7010.227593772687,6141.714285462521,4137.227593772685,2004.4866916898354,2540.0,496.0,55.0,0,,,0.23201430001063272
44,Crim1700,11,11,11,10226.13,480,11,1,29,8046.235301970823,7301.130008226672,5348.235301970823,1952.89470625585,2400.0,470.0,55.0,0,,,0.2284808999975212
44,CrimNN,11,11,11,9298.861,525,11,1,29,7029.28544501689,6105.861408447469,4066.2854450168866,2039.5759634305832,2625.0,513.0,55.0,0,,,0.23473809999995865
45,C,13,13,13,8164.721,371,13,1,29,5758.5264323263955,5882.72127146302,3629.5264323263946,2253.1948391366245,1855.0,362.0,65.0,0,,,0.3557522999763023
45,Crim1500,13,13,13,9663.723,441,13,1,29,6582.934545383651,6980.72268836981,4142.93454538365,2837.788142986167,2205.0,413.0,65.0,0,,,0.598633699992206
45,Crim1700,13,13,13,10027.8,405,13,1,29,7776.985895960773,7535.800121498079,5381.985895960773,2153.814225537305,2025.0,402.0,65.0,0,,,0.24830579999252222
45,CrimNN,13,13,13,9200.457,421,13,1,29,6451.992396627854,6627.4565303330355,4071.9923966278516,2555.464133705187,2105.0,403.0,65.0,0,,,0.3518008000100963
46,C,14,14,14,7865.895,337,14,1,29,5517.591048450789,5788.894925377233,3629.5910484507876,2159.303876926447,1685.0,322.0,70.0,0,,,0.604948600026546
46,Crim1500,14,14,14,9484.356,456,14,1,29,6774.894153768401,6689.355712237763,4166.8941537684,2522.4615584693643,2280.0,445.0,70.0,0,,,0.42315329998382367
46,Crim1700,14,14,14,10315.019,419,14,1,29,7749.805552091777,7745.018943439457,5388.805552091775,2356.2133913476846,2095.0,405.0,70.0,0,,,0.34335840001585893
46,CrimNN,14,14,14,9168.289,450,14,1,29,6673.952005012604,6408.289401137241,4095.9520050126016,2312.3373961246402,2250.0,440.0,70.0,0,,,0.40022379998117685
47,C,12,12,12,7756.908,342,12,1,29,5608.5264323263955,5649.907859777954,3629.5264323263946,2020.38142745156,1710.0,337.0,60.0,0,,,0.2910326000128407
47,Crim1500,12,12,12,9392.795,396,12,1,29,6386.27219311858,6979.7953496164955,4186.272193118579,2793.52315649792,1980.0,373.0,60.0,0,,,0.4750678000273183
47,Crim1700,12,12,12,9788.954,396,12,1,29,7722.830373480524,7362.9536690581235,5418.830373480524,1944.1232955776015,1980.0,386.0,60.0,0,,,0.3175172000192106
47,CrimNN,12,12,12,9298.438,388,12,1,29,6267.330044362782,6933.43788928676,4115.330044362781,2818.1078449239817,1940.0,365.0,60.0,0,,,0.508827299985569
48,C,13,13,13,8191.274,384,13,1,29,5860.5264323263955,5828.27381881719,3629.5264323263946,2198.7473864907943,1920.0,378.0,65.0,0,,,0.2972629999858327
48,Crim1500,13,13,13,9170.974,412,13,1,29,6523.373684215615,6640.973836004985,4137.373684215614,2503.600151789371,2060.0,405.0,65.0,0,,,0.2653390000050422
48,Crim1700,13,13,13,10469.445,403,13,1,29,7774.066358271691,7990.444600511659,5431.066358271691,2559.3782422399713,2015.0,399.0,65.0,0,,,0.2618911999743432
48,CrimNN,13,13,13,8882.521,405,13,1,29,6437.111733983721,6397.521103223213,4106.11173398372,2291.4093692394936,2025.0,395.0,65.0,0,,,0.2958068000152707
49,C,16,16,16,7461.766,302,16,1,29,3103.4108809155528,5588.765991546389,1965.4108809155534,3623.3551106308364,1510.0,283.0,80.0,0,,,0.9849838000081945
49,Crim1500,16,16,16,8999.088,466,16,1,29,3816.198088933525,6137.088277232042,2143.1980889335246,3993.8901882985215,2330.0,452.0,80.0,0,,,0.9551317000004929
49,Crim1700,16,16,16,8149.044,404,16,1,29,3477.957980127828,5659.043878045835,2044.9579801278278,3614.0858979180116,2020.0,390.0,80.0,0,,,0.7196678999753203
49,CrimNN,16,16,16,9859.183,455,16,1,29,4575.645036229516,7058.182928758744,2662.6450362295154,4395.537892529229,2275.0,446.0,80.0,0,,,0.6725101999763865
50,C,14,14,14,7848.495,365,14,1,29,5776.853866255023,5596.494967329381,3667.853866255022,1928.6411010743593,1825.0,357.0,70.0,0,,,0.4392690999957267
50,Crim1500,14,14,14,9917.246,470,14,1,29,6777.528318889392,7050.2457510809745,4157.528318889389,2892.7174321915863,2350.0,447.0,70.0,0,,,0.43673640000633895
50,Crim1700,14,14,14,11021.996,438,14,1,29,7844.226637524591,8344.996449470142,5388.22663752459,2956.7698119455545,2190.0,417.0,70.0,0,,,0.37689650000538677
50,CrimNN,14,14,14,9441.477,460,14,1,29,6701.2921893873845,6632.477057874089,4118.292189387382,2514.184868486709,2300.0,439.0,70.0,0,,,0.4351414999982808
51,C,10,10,10,8030.141,401,10,1,29,5968.5264323263955,5578.141317722852,3629.5264323263946,1948.6148853964585,2005.0,397.0,50.0,0,,,0.15727229998447
51,Crim1500,10,10,10,8601.047,486,10,1,29,6996.239693693148,5643.047021024839,4138.239693693147,1504.8073273316916,2430.0,478.0,50.0,0,,,0.16893999997409992
51,Crim1700,10,10,10,9816.09,474,10,1,29,8137.74520158382,6926.090251316275,5339.74520158382,1586.3450497324545,2370.0,470.0,50.0,0,,,0.1758181000186596
51,CrimNN,10,10,10,8605.066,478,10,1,29,6889.691901527421,5691.066382419858,4066.6919015274184,1624.37448089244,2390.0,474.0,50.0,0,,,0.1489655000041239
52,C,10,10,10,8209.594,449,10,1,29,6191.499126093872,5482.593988179947,3668.499126093872,1814.0948620860752,2245.0,432.0,50.0,0,,,0.15674249999574386
52,Crim1500,10,10,10,9229.334,529,10,1,29,7108.283362888901,6025.3338050065495,4146.283362888899,1879.0504421176488,2645.0,509.0,50.0,0,,,0.24058690000674687
52,Crim1700,10,10,10,10183.74,505,10,1,29,8214.765719541338,7118.740054980847,5374.765719541337,1743.9743354395102,2525.0,490.0,50.0,0,,,0.23107059998437762
52,CrimNN,10,10,10,9205.025,526,10,1,29,6999.28544501689,6020.02472144175,4066.2854450168866,1953.739276424863,2630.0,505.0,50.0,0,,,0.2064441000111401
53,C,13,13,13,8234.992,408,13,1,29,5902.5264323263955,5730.992420133133,3629.5264323263946,2101.4659878067387,2040.0,399.0,65.0,0,,,0.22960300001432188
53,Crim1500,13,13,13,9511.564,433,13,1,29,6494.227593772687,6859.564030147716,4137.227593772685,2722.336436375031,2165.0,422.0,65.0,0,,,0.3710717000067234
53,Crim1700,13,13,13,10122.082,418,13,1,29,7755.98548682482,7553.082440626822,5345.98548682482,2207.0969538020004,2090.0,414.0,65.0,0,,,0.21740520000457764
53,CrimNN,13,13,13,9380.252,423,13,1,29,6363.285445016888,6788.251563924244,4066.2854450168866,2721.9661189073586,2115.0,412.0,65.0,0,,,0.4453353999997489
54,C,12,12,12,8217.763,388,12,1,29,5885.857716222908,5839.76261714043,3643.8577162229067,2195.9049009175224,1940.0,378.0,60.0,0,,,0.290540800022427
54,Crim1500,12,12,12,10455.627,471,12,1,29,6764.227593772687,7594.626676263926,4137.227593772685,3457.3990824912407,2355.0,446.0,60.0,0,,,0.36708170000929385
54,Crim1700,12,12,12,10583.131,448,12,1,29,7886.362655999428,7858.13082823619,5352.362655999428,2505.768172236764,2240.0,425.0,60.0,0,,,0.28378599998541176
54,CrimNN,12,12,12,10336.685,463,12,1,29,6645.28544501689,7523.684527508127,4066.2854450168866,3457.3990824912407,2315.0,438.0,60.0,0,,,0.38677380001172423
55,C,14,14,14,7343.4,316,14,1,29,5525.753343782454,5379.40025153241,3652.7533437824545,1726.646907749955,1580.0,314.0,70.0,0,,,0.1403066999919247
55,Crim1500,14,14,14,9163.871,427,14,1,29,6576.408792148921,6545.870986212985,4137.408792148919,2408.4621940640695,2135.0,413.0,70.0,0,,,0.24535819998709485
55,Crim1700,14,14,14,9393.779,395,14,1,29,7717.9704698801925,6955.778880629316,5365.970469880193,1589.8084107491243,1975.0,393.0,70.0,0,,,0.180208700010553
55,CrimNN,14,14,14,8857.382,415,14,1,29,6475.466643393122,6304.382358266558,4066.4666433931206,2237.915714873439,2075.0,408.0,70.0,0,,,0.2552547999948729
56,C,11,11,11,7960.905,423,11,1,29,6104.444160573663,5377.90543355936,3653.444160573662,1724.4612729856972,2115.0,413.0,55.0,0,,,0.22329309998895042
56,Crim1500,11,11,11,9006.989,498,11,1,29,6986.227593772687,5973.988575658799,4137.227593772685,1836.7609818861133,2490.0,488.0,55.0,0,,,0.2675943999784067
56,Crim1700,11,11,11,9965.672,479,11,1,29,8155.362943407233,7046.672148937808,5375.362943407233,1671.3092055305788,2395.0,469.0,55.0,0,,,0.38806080000358634
56,CrimNN,11,11,11,8907.954,492,11,1,29,6879.28544501689,5910.954228492276,4066.2854450168866,1844.668783475389,2460.0,482.0,55.0,0,,,0.28079109999816865
57,C,12,12,12,8079.657,416,12,1,29,6011.724766980496,5531.657053569215,3644.724766980494,1886.9322865887227,2080.0,408.0,60.0,0,,,0.3481956000032369
57,Crim1500,12,12,12,8382.115,408,12,1,29,6491.486782895973,5880.114927893433,4141.486782895973,1738.628144997461,2040.0,402.0,60.0,0,,,0.21194239999749698
57,Crim1700,12,12,12,9402.373,411,12,1,29,7749.005196556645,6881.37273204123,5401.005196556645,1480.367535484583,2055.0,406.0,60.0,0,,,0.20874020000337623
57,CrimNN,12,12,12,8198.569,397,12,1,29,6418.975834670041,5761.569108346057,4111.97583467004,1649.593273676019,1985.0,392.0,60.0,0,,,0.17966439999872819
58,C,13,13,13,9708.978,406,13,1,29,5842.5264323263955,7232.978205678806,3629.5264323263946,3603.4517733524135,2030.0,381.0,65.0,0,,,0.5317625000025146
58,Crim1500,13,13,13,10245.671,451,13,1,29,6674.060997685608,7497.670573659954,4156.060997685608,3341.6095759743466,2255.0,428.0,65.0,0,,,0.38148219999857247
58,Crim1700,13,13,13,11145.972,451,13,1,29,7762.978841259746,8395.972426188693,5366.978841259746,3028.993584928945,2255.0,430.0,65.0,0,,,0.3706324999802746
58,CrimNN,13,13,13,10565.555,461,13,1,29,6663.11884892981,7757.55531371681,4085.118848929809,3672.436464787,2305.0,438.0,65.0,0,,,0.40124659999855794
59,C,13,13,13,8333.301,426,13,1,29,5949.841796640037,5737.300766481778,3674.841796640038,2062.4589698417385,2130.0,401.0,65.0,0,,,0.3102544999856036
59,Crim1500,13,13,13,9693.776,460,13,1,29,6671.538325588651,6887.77609815657,4147.53832558865,2740.237772567921,2300.0,441.0,65.0,0,,,0.2923104999936186
59,Crim1700,13,13,13,10267.699,442,13,1,29,7886.465542038539,7567.699205251821,5400.465542038538,2167.2336632132838,2210.0,425.0,65.0,0,,,0.24152630000025965
59,CrimNN,13,13,13,9245.864,448,13,1,29,6552.596176832853,6511.864103671784,4076.596176832851,2435.267926838933,2240.0,429.0,65.0,0,,,0.2204409999831114
60,C,14,14,14,7490.048,305,14,1,29,5528.757125926498,5592.048200342116,3721.757125926497,1870.2910744156202,1525.0,303.0,70.0,0,,,0.17630520000238903
60,Crim1500,14,14,14,9572.235,414,14,1,29,6617.008542671037,7024.235276211354,4202.008542671035,2822.2267335403217,2070.0,408.0,70.0,0,,,0.16814359999261796
60,Crim1700,14,14,14,9588.72,408,14,1,29,7838.7305342222535,7073.719865273291,5403.7305342222535,1669.989331051039,2040.0,405.0,70.0,0,,,0.10490030000801198
60,CrimNN,14,14,14,9436.252,407,14,1,29,6481.025005216698,6930.251738757017,4108.0250052166975,2822.2267335403217,2035.0,401.0,70.0,0,,,0.1836145999841392
61,C,14,14,14,8191.208,390,14,1,29,5718.088344878244,5800.20832902418,3644.0883448782433,2156.119984145939,1950.0,371.0,70.0,0,,,0.5884770999837201
61,Crim1500,14,14,14,8462.461,446,14,1,29,6732.8373877989225,5727.46114946357,4197.837387798922,1529.6237616646472,2230.0,435.0,70.0,0,,,0.2609517999808304
61,Crim1700,14,14,14,9668.199,426,14,1,29,7761.74463089143,7054.1987202687515,5370.74463089143,1683.4540893773235,2130.0,414.0,70.0,0,,,0.30942960001993924
61,CrimNN,14,14,14,8361.595,440,14,1,29,6575.370846432202,5662.595029937404,4088.370846432201,1574.224183505202,2200.0,429.0,70.0,0,,,0.24496670000371523
62,C,12,12,12,8389.21,411,12,1,29,6084.26747032086,5876.209770146206,3712.26747032086,2163.942299825346,2055.0,398.0,60.0,0,,,0.3768407999887131
62,Crim1500,12,12,12,9059.767,417,12,1,29,6598.549248436811,6503.767403861744,4158.549248436811,2345.2181554249346,2085.0,411.0,60.0,0,,,0.17535380000481382
62,Crim1700,12,12,12,9609.869,398,12,1,29,7772.57800095271,7168.868982371721,5426.57800095271,1742.2909814190127,1990.0,391.0,60.0,0,,,0.22681319998810068
62,CrimNN,12,12,12,8953.934,408,12,1,29,6492.715785853324,6451.933941278256,4106.715785853322,2345.2181554249346,2040.0,402.0,60.0,0,,,0.14463369999430142
63,C,14,14,14,7576.083,334,14,1,29,5628.355322529323,5505.083104231421,3669.3553225293217,1835.7277817021004,1670.0,331.0,70.0,0,,,0.18450360000133514
63,Crim1500,14,14,14,9442.717,410,14,1,29,6484.454795009223,6928.716648518165,4176.454795009222,2752.261853508943,2050.0,394.0,70.0,0,,,0.28694809999433346
63,Crim1700,14,14,14,10611.754,399,14,1,29,7698.086582715712,8166.754444816029,5453.086582715712,2713.6678621003143,1995.0,380.0,70.0,0,,,0.29512910000630654
63,CrimNN,14,14,14,9319.483,400,14,1,29,6353.512646253424,6865.482623443814,4105.5126462534245,2759.9699771903897,2000.0,384.0,70.0,0,,,0.2936284000170417
64,C,10,10,10,8005.99,442,10,1,29,6323.0529390771935,5307.990404622217,3716.0529390771935,1591.9374655450238,2210.0,438.0,50.0,0,,,0.2619739999936428
64,Crim1500,10,10,10,9437.492,497,10,1,29,7095.761501561472,6412.491754069541,4188.761501561471,2223.730252508069,2485.0,490.0,50.0,0,,,0.19969680000212975
64,Crim1700,10,10,10,9813.04,463,10,1,29,8059.272398980348,6991.039892584421,5344.272398980348,1646.7674936040721,2315.0,457.0,50.0,0,,,0.1797216999984812
64,CrimNN,10,10,10,9330.55,491,10,1,29,6988.819352805676,6341.549605313742,4117.819352805673,2223.730252508069,2455.0,484.0,50.0,0,,,0.24968370000715367
65,C,15,15,15,7261.738,274,15,1,29,5262.951157641417,5547.738175310813,3675.951157641416,1871.787017669399,1370.0,269.0,75.0,0,,,0.2269687999796588
65,Crim1500,15,15,15,10106.752,475,15,1,29,6862.652319087708,7200.751812045472,4183.652319087706,3017.099492957769,2375.0,456.0,75.0,0,,,0.6300023999938276
65,Crim1700,15,15,15,10449.919,422,15,1,29,7822.066312523632,7859.918910493898,5427.066312523633,2432.852597970267,2110.0,405.0,75.0,0,,,0.5245162999781314
65,CrimNN,15,15,15,9993.81,468,15,1,29,6749.71017033191,7129.809663289675,4112.710170331909,3017.099492957769,2340.0,449.0,75.0,0,,,0.5961328000121284
66,C,10,10,10,7551.969,412,10,1,29,6003.656807095088,5040.968677668347,3629.656807095088,1411.3118705732597,2060.0,401.0,50.0,0,,,0.2969577999901958
66,Crim1500,10,10,10,9629.712,499,10,1,29,7033.95996564371,6600.7116040836945,4167.959965643709,2432.751638439987,2495.0,484.0,50.0,0,,,0.22997590000159107
66,Crim1700,10,10,10,10366.236,515,10,1,29,8335.506142214754,7240.235507271232,5373.506142214753,1866.7293650564798,2575.0,501.0,50.0,0,,,0.33365230000345036
66,CrimNN,10,10,10,9474.067,493,10,1,29,6933.017816887913,6480.0673515335575,4097.017816887911,2383.0495346456482,2465.0,479.0,50.0,0,,,0.16422280002734624
67,C,14,14,14,7861.695,329,14,1,29,5518.5264323263955,5822.694718827177,3629.5264323263946,2193.168286500782,1645.0,324.0,70.0,0,,,0.46956179998232983
67,Crim1500,14,14,14,8716.773,408,14,1,29,6523.396858383029,6207.772521261125,4163.396858383027,2044.3756628780984,2040.0,399.0,70.0,0,,,0.2625384999846574
67,Crim1700,14,14,14,9580.703,397,14,1,29,7643.064810020126,7135.703291072444,5348.064810020126,1787.6384810523166,1985.0,390.0,70.0,0,,,0.28217510000104085
67,CrimNN,14,14,14,8512.413,398,14,1,29,6403.5549676096625,6062.413003742543,4097.554967609661,1964.8580361328816,1990.0,390.0,70.0,0,,,0.2798106000118423
68,C,16,16,16,8045.857,329,16,1,29,4660.19930060834,6011.856738215283,3113.19930060834,2898.6574376069493,1645.0,309.0,80.0,0,,,1.085343999991892
68,Crim1500,16,16,16,9614.112,505,16,1,29,4871.498895532781,6516.112329280406,2809.4988955327804,3706.6134337476283,2525.0,493.0,80.0,0,,,0.5571162999840453
68,Crim1700,16,16,16,9217.46,543,16,1,29,4419.986928029757,5884.460257226362,2693.986928029757,3190.4733291966036,2715.0,538.0,80.0,0,,,0.5962434000102803
68,CrimNN,16,16,16,8698.913,499,16,1,29,4541.29327855594,5634.913314281705,2496.293278555939,3138.6200357257635,2495.0,489.0,80.0,0,,,0.47325090001686476
69,C,12,12,12,8292.112,418,12,1,29,5896.5264323263955,5736.112492663735,3629.5264323263946,2106.5860603373417,2090.0,406.0,60.0,0,,,0.3828642000153195
69,Crim1500,12,12,12,10162.244,462,12,1,29,6633.778751323934,7345.243775511159,4145.778751323934,3199.465024187226,2310.0,447.0,60.0,0,,,0.37438329998985864
69,Crim1700,12,12,12,10161.731,462,12,1,29,7883.528452870408,7338.730753170928,5365.528452870407,1973.202300300522,2310.0,453.0,60.0,0,,,0.40869260000181384
69,CrimNN,12,12,12,10027.804,454,12,1,29,6582.053858619684,7257.804229041929,4119.053858619684,3138.7503704222454,2270.0,440.0,60.0,0,,,0.35017369998968206
70,C,16,16,16,8028.474,308,16,1,29,5258.884490878034,6121.474386117676,3629.884490878034,2491.5898952396483,1540.0,287.0,80.0,0,,,0.6063709000009112
70,Crim1500,16,16,16,9294.973,455,16,1,29,5270.355351731436,6491.972583915279,3225.355351731435,3266.617232183843,2275.0,448.0,80.0,0,,,0.6490425000083633
70,Crim1700,16,16,16,8685.667,406,16,1,29,4840.966735822154,6175.666772894021,3144.966735822153,3030.700037071868,2030.0,400.0,80.0,0,,,0.3846004999941215
70,CrimNN,16,16,16,9268.681,460,16,1,29,5157.413202975637,6435.680626837877,3154.4132029756365,3281.2674238622394,2300.0,453.0,80.0,0,,,0.5867744999995921
71,C,12,12,12,7540.357,358,12,1,29,5854.64940034597,5335.3574911394,3729.6494003459698,1605.70809079343,1790.0,355.0,60.0,0,,,0.13340900000184774
71,Crim1500,12,12,12,9179.734,426,12,1,29,6749.846067697523,6570.734082800508,4263.846067697521,2306.888015102986,2130.0,419.0,60.0,0,,,0.21591659999103285
71,Crim1700,12,12,12,10287.462,423,12,1,29,7887.386674498164,7702.461657086661,5439.386674498162,2263.0749825884996,2115.0,410.0,60.0,0,,,0.34678180000628345
71,CrimNN,12,12,12,8810.024,416,12,1,29,6635.463612851758,6258.0240119404125,4185.463612851755,2072.5603990886584,2080.0,412.0,60.0,0,,,0.11894850002136081
72,C,11,11,11,7657.702,391,11,1,29,5935.59623610161,5265.702344177864,3663.596236101609,1602.1061080762536,1955.0,382.0,55.0,0,,,0.38483419999829493
72,Crim1500,11,11,11,9159.483,469,11,1,29,6863.297397547901,6303.483379794916,4171.2973975479,2132.185982247016,2345.0,456.0,55.0,0,,,0.48770329999388196
72,Crim1700,11,11,11,10193.168,482,11,1,29,8168.254651663133,7263.1684987652725,5388.254651663133,1874.9138471021415,2410.0,465.0,55.0,0,,,0.4465775999997277
72,CrimNN,11,11,11,9234.627,482,11,1,29,6864.355248792103,6301.627039248899,4100.3552487921015,2201.271790456797,2410.0,468.0,55.0,0,,,0.4070759000023827
73,C,12,12,12,7517.856,388,12,1,29,5930.765361376306,5131.855589278955,3635.7653613763055,1496.090227902649,1940.0,386.0,60.0,0,,,0.13963769999099895
73,Crim1500,12,12,12,9698.727,457,12,1,29,6709.656744753809,6918.727262715586,4143.656744753808,2775.0705179617817,2285.0,435.0,60.0,0,,,0.46465450001414865
73,Crim1700,12,12,12,10483.486,437,12,1,29,7858.51920432812,7813.48631813361,5347.5192043281195,2465.9671138054937,2185.0,425.0,60.0,0,,,0.32717439997941256
73,CrimNN,12,12,12,9171.951,449,12,1,29,6602.714595998011,6437.951182531508,4072.7145959980094,2365.2365865335028,2245.0,429.0,60.0,0,,,0.42637510001077317
74,C,14,14,14,8414.857,344,14,1,29,5560.681733147091,6293.856869103814,3630.68173314709,2663.1751359567256,1720.0,331.0,70.0,0,,,0.23662710000644438
74,Crim1500,14,14,14,9389.993,455,14,1,29,6770.382894593383,6600.99284120512,4138.38289459338,2462.609946611743,2275.0,444.0,70.0,0,,,0.20438429998466745
74,Crim1700,14,14,14,10511.986,434,14,1,29,7780.279422348832,7862.985687653304,5385.279422348832,2477.706265304473,2170.0,409.0,70.0,0,,,0.17049719998613
74,CrimNN,14,14,14,8917.626,442,14,1,29,6662.617393487836,6200.626343875943,4067.617393487834,2133.0089503881118,2210.0,437.0,70.0,0,,,0.16603480000048876
75,C,10,10,10,7884.096,408,10,1,29,6031.98626420117,5393.095981856563,3651.9862642011694,1741.1097176553965,2040.0,401.0,50.0,0,,,0.2944156000157818
75,Crim1500,10,10,10,8560.357,462,10,1,29,6859.521312843708,5746.356905089875,4168.521312843705,1577.8355922461717,2310.0,454.0,50.0,0,,,0.2725200999993831
75,Crim1700,10,10,10,9688.013,454,10,1,29,8043.655632281744,6926.013155383055,5402.655632281744,1523.3575231013137,2270.0,442.0,50.0,0,,,0.38365850000991486
75,CrimNN,10,10,10,8594.51,457,10,1,29,6744.745276891663,5810.509595180337,4088.745276891661,1721.7643182886793,2285.0,449.0,50.0,0,,,0.28852349999942817
76,C,15,15,15,8918.824,366,15,1,29,5729.43113910371,6659.824321458949,3643.4311391037095,3016.393182355243,1830.0,354.0,75.0,0,,,0.39149449998512864
76,Crim1500,15,15,15,10061.04,446,15,1,29,6812.035568587559,7316.0399544081965,4199.035568587559,3117.0043858206354,2230.0,440.0,75.0,0,,,0.1487984000123106
76,Crim1700,15,15,15,10475.171,425,15,1,29,7935.750890002553,7855.170564622385,5443.750890002553,2411.4196746198313,2125.0,420.0,75.0,0,,,0.1811662999971304
76,CrimNN,15,15,15,9942.098,438,15,1,29,6693.093419831762,7245.097805652399,4128.093419831762,3117.0043858206354,2190.0,432.0,75.0,0,,,0.19617809998453595
77,C,10,10,10,7719.068,397,10,1,29,6033.804922933507,5289.068006135557,3672.8049229335065,1616.2630832020507,1985.0,395.0,50.0,0,,,0.14377230001264252
77,Crim1500,10,10,10,9171.456,457,10,1,29,6864.242718365499,6385.456081869784,4179.242718365497,2206.213363504286,2285.0,451.0,50.0,0,,,0.17681189998984337
77,Crim1700,10,10,10,9679.428,427,10,1,29,7951.114908438842,7071.427872833883,5418.114908438841,1653.312964395041,2135.0,423.0,50.0,0,,,0.10155809999560006
77,CrimNN,10,10,10,9060.84,450,10,1,29,6751.300569609702,6316.840426352101,4108.300569609699,2208.5398567424013,2250.0,444.0,50.0,0,,,0.19393750000745058
78,C,15,15,15,7866.701,319,15,1,29,5465.0558651041765,5882.701280505086,3631.055865104176,2251.6454154009093,1595.0,314.0,75.0,0,,,0.2785163000226021
78,Crim1500,15,15,15,9302.386,405,15,1,29,6442.2767240220755,6813.386030205708,4165.276724022074,2648.109306183636,2025.0,389.0,75.0,0,,,0.5609589999949094
78,Crim1700,15,15,15,10371.108,367,15,1,29,7487.683334740565,8108.108168598315,5421.6833347405645,2686.424833857755,1835.0,353.0,75.0,0,,,0.44464969998807646
78,CrimNN,15,15,15,9097.431,393,15,1,29,6338.973146742413,6677.430574319519,4115.973146742413,2561.457427577108,1965.0,380.0,75.0,0,,,0.37324220000300556
79,C,14,14,14,8093.767,343,14,1,29,5500.5264323263955,5977.766864708941,3629.5264323263946,2348.2404323825463,1715.0,331.0,70.0,0,,,0.4410665000032168
79,Crim1500,14,14,14,10201.922,458,14,1,29,6692.227593772687,7398.922454698567,4137.227593772685,3261.6948609258798,2290.0,443.0,70.0,0,,,0.3818201999820303
79,Crim1700,14,14,14,10652.896,434,14,1,29,7821.540384713208,7996.895762666995,5370.540384713208,2626.3553779537856,2170.0,416.0,70.0,0,,,0.3346406999917235
79,CrimNN,14,14,14,10081.805,450,14,1,29,6573.285445016888,7326.805322615586,4066.2854450168866,3260.5198775986983,2250.0,435.0,70.0,0,,,0.33056889998260885
80,C,14,14,14,7701.987,336,14,1,29,5657.507137476004,5617.9871844363015,3674.5071374760028,1943.4800469602988,1680.0,334.0,70.0,0,,,0.21088369999779388
80,Crim1500,14,14,14,9115.955,421,14,1,29,6717.166129446624,6522.955373386058,4231.166129446624,2291.7892439394354,2105.0,418.0,70.0,0,,,0.17540249999728985
80,Crim1700,14,14,14,9678.448,392,14,1,29,7840.214490949725,7258.448425172724,5512.214490949726,1746.2339342229989,1960.0,390.0,70.0,0,,,0.17369799999869429
80,CrimNN,14,14,14,8812.446,415,14,1,29,6627.034350129109,6255.4463862507955,4172.034350129109,2083.4120361216883,2075.0,412.0,70.0,0,,,0.1675485000014305
81,C,16,16,16,8238.051,335,16,1,29,5434.692623814944,6159.051013007122,3529.6926238149435,2629.358389192178,1675.0,324.0,80.0,0,,,0.336256400012644
81,Crim1500,16,16,16,9411.578,559,16,1,29,4634.173462978005,5985.577981997685,2493.1734629780035,3492.404519019684,2795.0,551.0,80.0,0,,,0.3803782000031788
81,Crim1700,16,16,16,9279.027,417,16,1,29,5872.933059623428,6709.027301294253,3804.9330596234263,2904.094241670826,2085.0,405.0,80.0,0,,,0.4602952999994159
81,CrimNN,16,16,16,8870.885,504,16,1,29,4601.293278555941,5774.885051268043,2496.293278555939,3278.5917727121055,2520.0,496.0,80.0,0,,,0.35318269999697804
82,C,10,10,10,7341.53,405,10,1,29,6102.531135339024,4865.530396061902,3724.5311353390216,1140.99926072288,2025.0,401.0,50.0,0,,,0.16117580002173781
82,Crim1500,10,10,10,8560.805,543,10,1,29,7359.524332869878,5257.804963885835,4194.524332869875,1063.2806310159597,2715.0,538.0,50.0,0,,,0.16256180001073517
82,Crim1700,10,10,10,9588.006,505,10,1,29,8371.362039319783,6512.006100488356,5405.3620393197825,1106.644061168575,2525.0,501.0,50.0,0,,,0.13561310002114624
82,CrimNN,10,10,10,8481.744,541,10,1,29,7276.582184114081,5190.744110808231,4123.582184114078,1067.1619266941534,2705.0,536.0,50.0,0,,,0.14538609998999164
83,C,14,14,14,7195.371,313,14,1,29,5507.973420130909,5250.37122980604,3674.9734201309084,1575.3978096751323,1565.0,310.0,70.0,0,,,0.18068209997727536
83,Crim1500,14,14,14,9215.837,386,14,1,29,6388.365623468986,6842.837280256218,4201.365623468985,2641.471656787233,1930.0,373.0,70.0,0,,,0.35935850001988
83,Crim1700,14,14,14,10378.181,375,14,1,29,7535.888977202525,8071.180767693984,5415.888977202525,2655.2917904914602,1875.0,362.0,70.0,0,,,0.4675803999998607
83,CrimNN,14,14,14,9307.967,386,14,1,29,6245.732424100597,6941.967136023497,4111.732424100596,2830.234711922904,1930.0,366.0,70.0,0,,,0.6481615999946371
84,C,15,15,15,8315.607,302,15,1,29,5339.740845744821,6441.607363667103,3655.740845744819,2785.866517922286,1510.0,289.0,75.0,0,,,0.43906049997895025
84,Crim1500,15,15,15,9687.471,369,15,1,29,6303.442007191111,7402.470519917592,4163.44200719111,3239.028512726482,1845.0,365.0,75.0,0,,,0.23291730001801625
84,Crim1700,15,15,15,10196.942,373,15,1,29,7547.484876454221,7891.941842925354,5392.48487645422,2499.456966471132,1865.0,365.0,75.0,0,,,0.2974936999962665
84,CrimNN,15,15,15,9394.104,356,15,1,29,6172.1939779121385,7187.104260193084,4105.193977912137,3081.910282280947,1780.0,352.0,75.0,0,,,0.1839175999921281
85,C,16,16,16,6542.837,298,16,1,29,2779.585850867441,4684.836669217621,1706.5858508674416,2978.2508183501805,1490.0,288.0,80.0,0,,,0.44469000000390224
85,Crim1500,16,16,16,9762.813,449,16,1,29,6050.048493740135,6991.813024429502,3741.0484937401347,3250.7645306893705,2245.0,446.0,80.0,0,,,0.3806879000039771
85,Crim1700,16,16,16,9137.229,386,16,1,29,5605.257795637449,6745.2285351876335,3669.257795637449,3075.970739550188,1930.0,382.0,80.0,0,,,0.24979299999540672
85,CrimNN,16,16,16,8997.0,423,16,1,29,5963.789824117509,6386.000474655179,3686.7898241175076,2699.2106505376737,2115.0,416.0,80.0,0,,,0.38840870000422
86,C,10,10,10,9565.429,478,10,1,29,6024.791739339996,6668.428710297985,3632.791739339995,3035.6369709579963,2390.0,457.0,50.0,0,,,0.42129619998740964
86,Crim1500,10,10,10,10059.293,494,10,1,29,6812.227593772685,7068.293041746785,4137.227593772685,2931.065447974101,2470.0,471.0,50.0,0,,,0.19691440000315197
86,Crim1700,10,10,10,10445.095,489,10,1,29,8065.6753872179825,7482.095043042204,5338.6753872179825,2143.4196558242243,2445.0,468.0,50.0,0,,,0.20700450000003912
86,CrimNN,10,10,10,10004.109,489,10,1,29,6711.285445016888,7043.109204071768,4066.2854450168866,2976.8237590548847,2445.0,466.0,50.0,0,,,0.19454619998577982
87,C,16,16,16,7778.47,298,16,1,29,4455.369788528068,5921.469938703571,2944.3697885280676,2977.1001501755027,1490.0,287.0,80.0,0,,,0.4240775999787729
87,Crim1500,16,16,16,8163.909,360,16,1,29,4868.6165904962645,5929.908616481853,3106.616590496264,2823.2920259855878,1800.0,354.0,80.0,0,,,0.2743929999996908
87,Crim1700,16,16,16,7334.059,344,16,1,29,4609.104622993241,5196.058624196757,2991.104622993241,2204.954001203514,1720.0,338.0,80.0,0,,,0.37805920001119375
87,CrimNN,16,16,16,8828.268,352,16,1,29,4801.352322769606,6651.268363111752,3002.3523227696055,3648.9160403421447,1760.0,337.0,80.0,0,,,0.3538488999765832
88,C,11,11,11,7989.764,404,11,1,29,6016.5264323263955,5511.764226996858,3629.5264323263946,1882.2377946704612,2020.0,403.0,55.0,0,,,0.12106750000384636
88,Crim1500,11,11,11,8898.3,444,11,1,29,6734.781958029808,6182.299881057174,4138.781958029807,2043.5179230273668,2220.0,441.0,55.0,0,,,0.1971670999773778
88,Crim1700,11,11,11,9427.199,446,11,1,29,8036.118956115882,6697.199192770186,5371.118956115882,1326.0802366543041,2230.0,445.0,55.0,0,,,0.1593505000055302
88,CrimNN,11,11,11,8779.358,436,11,1,29,6615.839809274011,6111.357732301376,4067.839809274009,2043.5179230273668,2180.0,433.0,55.0,0,,,0.22381409999798052
89,C,16,16,16,4501.092,221,16,1,29,1771.1709205370303,3099.092167220947,1010.1709205370303,2088.9212466839176,1105.0,217.0,80.0,0,,,0.3290957999997772
89,Crim1500,16,16,16,8544.934,383,16,1,29,5313.536309257966,6176.933966966351,3438.536309257966,2738.397657708385,1915.0,373.0,80.0,0,,,0.28556180000305176
89,Crim1700,16,16,16,8298.889,421,16,1,29,5080.73869512013,5698.888972819626,3312.738695120129,2386.150277699494,2105.0,415.0,80.0,0,,,0.4357589000137523
89,CrimNN,16,16,16,9069.662,429,16,1,29,5155.260922553238,6434.661634219201,3345.2609225532356,3089.4007116659664,2145.0,410.0,80.0,0,,,0.42185780001454987
90,C,16,16,16,5728.009,233,16,1,29,2230.0584243583853,4261.00878083109,1375.0584243583853,2885.950356472705,1165.0,222.0,80.0,0,,,0.5099923999805469
90,Crim1500,16,16,16,9739.177,502,16,1,29,4063.949180470239,6663.176625594962,2319.9491804702384,4343.227445124729,2510.0,486.0,80.0,0,,,0.7685695000109263
90,Crim1700,16,16,16,9500.09,454,16,1,29,3677.709071664542,6712.09028930069,2221.7090716645416,4490.381217636152,2270.0,438.0,80.0,0,,,0.8017578000144567
90,CrimNN,16,16,16,10029.581,576,16,1,29,4198.340854745502,6508.581431176334,2340.3408547455015,4168.240576430836,2880.0,561.0,80.0,0,,,0.8580819999915548
91,C,14,14,14,8257.1,355,14,1,29,5590.5264323263955,6069.100063049774,3629.5264323263946,2439.5736307233788,1775.0,343.0,70.0,0,,,0.2849350000033155
91,Crim1500,14,14,14,9788.203,429,14,1,29,6512.227593772687,7156.202559644773,4137.227593772685,3018.974965872086,2145.0,417.0,70.0,0,,,0.31711119998362847
91,Crim1700,14,14,14,10512.526,397,14,1,29,7583.763178044625,8072.5260720286005,5347.763178044625,2724.7628939839765,1985.0,385.0,70.0,0,,,0.45772999999462627
91,CrimNN,14,14,14,9762.047,437,14,1,29,6501.285445016888,7082.046757204233,4066.2854450168866,3015.761312187344,2185.0,425.0,70.0,0,,,0.3394972999813035
92,C,11,11,11,8277.228,394,11,1,29,5954.656334410775,5870.228136393716,3683.6563344107744,2186.571801982945,1970.0,382.0,55.0,0,,,0.34131930000148714
92,Crim1500,11,11,11,9921.051,461,11,1,29,6764.227593772685,7116.050593613763,4137.227593772685,2978.822999841082,2305.0,445.0,55.0,0,,,0.37026749999495223
92,Crim1700,11,11,11,10414.409,434,11,1,29,7853.182193416432,7772.409314392248,5385.182193416432,2387.2271209758214,2170.0,417.0,55.0,0,,,0.5282975999871269
92,CrimNN,11,11,11,9817.201,456,11,1,29,6663.285445016888,7042.201238949599,4066.2854450168866,2975.9157939327174,2280.0,440.0,55.0,0,,,0.43686149999848567
93,C,13,13,13,7570.85,351,13,1,29,5638.101595320822,5410.849902791487,3631.101595320821,1779.7483074706681,1755.0,340.0,65.0,0,,,0.43310850000125356
93,Crim1500,13,13,13,9363.003,428,13,1,29,6577.227593772685,6741.002698421587,4137.227593772685,2603.775104648905,2140.0,417.0,65.0,0,,,0.3431978000153322
93,Crim1700,13,13,13,9428.46,415,13,1,29,7760.6459684436295,6875.460115017043,5338.6459684436295,1536.8141465734132,2075.0,413.0,65.0,0,,,0.22015879998798482
93,CrimNN,13,13,13,9171.752,418,13,1,29,6452.285445016888,6608.752416876252,4066.2854450168866,2542.4669718593686,2090.0,408.0,65.0,0,,,0.27194050000980496
94,C,15,15,15,7834.24,333,15,1,29,5632.486603383013,5763.239818981871,3679.486603383013,2083.753215598856,1665.0,331.0,75.0,0,,,0.26407010000548325
94,Crim1500,15,15,15,9512.133,412,15,1,29,6607.9410253151855,6971.133068851817,4193.941025315184,2777.1920435366346,2060.0,406.0,75.0,0,,,0.20528090000152588
94,Crim1700,15,15,15,9953.113,395,15,1,29,7796.717775883204,7514.113464842742,5474.717775883204,2039.3956889595406,1975.0,389.0,75.0,0,,,0.24710559999221005
94,CrimNN,15,15,15,9491.567,407,15,1,29,6435.006484963169,6983.566633892726,4074.0064849631685,2909.560148929558,2035.0,398.0,75.0,0,,,0.3506409999972675
95,C,10,10,10,7914.912,423,10,1,29,6028.5264323263955,5338.911696342186,3629.5264323263946,1709.3852640157907,2115.0,411.0,50.0,0,,,0.14767659999779426
95,Crim1500,10,10,10,9037.878,499,10,1,29,6968.227593772687,6005.878387570445,4137.227593772685,1868.6507937977592,2495.0,487.0,50.0,0,,,0.18095720000565052
95,Crim1700,10,10,10,9770.14,480,10,1,29,8142.750945653707,6849.1402219731035,5372.750945653707,1476.3892763193946,2400.0,471.0,50.0,0,,,0.15128450002521276
95,CrimNN,10,10,10,8929.189,493,10,1,29,6861.28544501689,5933.188507830289,4066.2854450168866,1866.9030628134024,2465.0,481.0,50.0,0,,,0.14493469998706132
96,C,10,10,10,7471.325,390,10,1,29,5954.923769432701,5086.325072130805,3653.9237694326994,1432.401302698106,1950.0,385.0,50.0,0,,,0.1683622000273317
96,Crim1500,10,10,10,8620.609,436,10,1,29,6674.310722435502,5963.608748101572,4156.310722435502,1807.2980256660717,2180.0,427.0,50.0,0,,,0.18813460000092164
96,Crim1700,10,10,10,9832.83,433,10,1,29,7887.729097106446,7188.83037623684,5357.729097106446,1831.1012791303936,2165.0,429.0,50.0,0,,,0.26207279998925515
96,CrimNN,10,10,10,8504.998,430,10,1,29,6567.368573679702,5883.997805687666,4085.368573679703,1798.629232007964,2150.0,421.0,50.0,0,,,0.22676039999350905
97,C,13,13,13,7853.493,376,13,1,29,5748.749329748947,5547.492611362699,3633.749329748947,1913.743281613752,1880.0,361.0,65.0,0,,,0.21794580001733266
97,Crim1500,13,13,13,9328.924,462,13,1,29,6691.839755526437,6508.923860341384,4174.839755526435,2334.084104814949,2310.0,445.0,65.0,0,,,0.36875329999020323
97,Crim1700,13,13,13,10088.201,458,13,1,29,7924.69687562886,7292.200605110869,5384.696875628858,1907.5037294820088,2290.0,441.0,65.0,0,,,0.27050100002088584
97,CrimNN,13,13,13,9164.219,454,13,1,29,6572.89760677064,6392.218591045169,4103.897606770637,2288.3209842745305,2270.0,437.0,65.0,0,,,0.3178835999860894
98,C,10,10,10,7385.583,385,10,1,29,5957.178120333993,5027.583302564343,3674.178120333994,1353.4051822303486,1925.0,383.0,50.0,0,,,0.12643410000600852
98,Crim1500,10,10,10,8951.614,476,10,1,29,6968.115853895242,6050.613635381769,4169.11585389524,1881.497781486529,2380.0,471.0,50.0,0,,,0.11814929998945445
98,Crim1700,10,10,10,9931.906,448,10,1,29,8019.0776141068245,7195.906431929423,5371.0776141068245,1824.8288178225996,2240.0,446.0,50.0,0,,,0.14094159999513067
98,CrimNN,10,10,10,8820.045,470,10,1,29,6896.341404241863,5954.044637231403,4116.341404241863,1837.7032329895399,2350.0,466.0,50.0,0,,,0.09135659999446943
99,C,13,13,13,8313.896,382,13,1,29,5759.257813235284,5971.895535739808,3643.2578132352837,2328.6377225045235,1910.0,367.0,65.0,0,,,0.20837949999258853
99,Crim1500,13,13,13,8986.403,443,13,1,29,6619.434765767158,6278.403436532503,4137.434765767156,2140.968670765347,2215.0,428.0,65.0,0,,,0.185267599998042
99,Crim1700,13,13,13,10045.243,423,13,1,29,7827.1008642255265,7465.243126579423,5416.100864225525,2049.1422623539015,2115.0,400.0,65.0,0,,,0.23179620000883006
99,CrimNN,13,13,13,9193.56,455,13,1,29,6646.665198849722,6413.560033349326,4092.6651988497206,2320.8948344996047,2275.0,440.0,65.0,0,,,0.2258719000092242
100,C,15,15,15,7786.398,317,15,1,29,5404.5264323263955,5820.398172756747,3629.5264323263946,2190.8717404303534,1585.0,306.0,75.0,0,,,0.5652946000045631
100,Crim1500,15,15,15,8772.904,379,15,1,29,6236.227593772685,6440.903728235396,4137.227593772685,2303.6761344627107,1895.0,362.0,75.0,0,,,0.5699632000178099
100,Crim1700,15,15,15,9916.6,363,15,1,29,7364.996509578447,7679.60021871336,5338.996509578447,2340.6037091349117,1815.0,347.0,75.0,0,,,0.429402800014941
100,CrimNN,15,15,15,9132.233,388,15,1,29,6219.285445016888,6745.233339997485,4066.2854450168866,2678.9478949805984,1940.0,372.0,75.0,0,,,0.5053747000056319
101,C,10,10,10,8110.455,412,10,1,29,6044.832772134688,5594.454713525203,3646.832772134686,1947.6219413905185,2060.0,406.0,50.0,0,,,0.22902550001163036
101,Crim1500,10,10,10,8709.721,444,10,1,29,6763.082510825045,5999.7207788225805,4168.082510825043,1831.638267997538,2220.0,440.0,50.0,0,,,0.2078806999779772
101,Crim1700,10,10,10,9970.153,494,10,1,29,8173.604916259414,6969.152953715527,5362.604916259413,1606.548037456113,2470.0,481.0,50.0,0,,,0.2211869000166189
101,CrimNN,10,10,10,8695.517,441,10,1,29,6656.140362069247,6006.517368064331,4097.140362069245,1909.3770059950864,2205.0,434.0,50.0,0,,,0.21930589998373762
102,C,14,14,14,7730.537,328,14,1,29,5392.5264323263955,5709.53738013709,3629.5264323263946,2080.0109478106956,1640.0,311.0,70.0,0,,,0.17222160001983866
102,Crim1500,14,14,14,9429.994,485,14,1,29,6828.295349514686,6465.994446885222,4155.295349514683,2310.699097370538,2425.0,469.0,70.0,0,,,0.30970859999069944
102,Crim1700,14,14,14,10348.474,467,14,1,29,7990.035182346976,7489.474387800945,5399.035182346975,2090.4392054539703,2335.0,454.0,70.0,0,,,0.27660389998345636
102,CrimNN,14,14,14,9362.728,478,14,1,29,6714.122885170914,6441.728002602326,4082.12288517091,2359.6051174314143,2390.0,461.0,70.0,0,,,0.24491209999541752
103,C,16,16,16,7224.424,300,16,1,29,4519.467470796347,5368.423518804304,2950.4674707963463,2417.9560480079585,1500.0,276.0,80.0,0,,,0.6430956999829505
103,Crim1500,16,16,16,9128.285,466,16,1,29,5088.294471525405,6266.285110351091,3073.294471525404,3192.99063882569,2330.0,452.0,80.0,0,,,0.6862172000110149
103,Crim1700,16,16,16,9330.491,391,16,1,29,5454.5365262371115,6940.490766912208,3625.5365262371115,3314.954240675105,1955.0,355.0,80.0,0,,,0.9473974999855272
103,CrimNN,16,16,16,8725.387,451,16,1,29,4969.352322769606,5950.386969226563,3002.3523227696055,2948.034646456962,2255.0,440.0,80.0,0,,,0.6256759999960195
104,C,14,14,14,7819.394,389,14,1,29,5921.4842772697175,5416.394017110923,3631.4842772697166,1784.909739841206,1945.0,388.0,70.0,0,,,0.24774059999617748
104,Crim1500,14,14,14,8864.882,454,14,1,29,6883.234723545828,6072.88182674292,4187.2347235458265,1885.647103197095,2270.0,452.0,70.0,0,,,0.11060620000353083
104,Crim1700,14,14,14,9251.443,420,14,1,29,7902.666434642471,6663.442915772404,5405.66643464247,1257.7764811299337,2100.0,418.0,70.0,0,,,0.1339528000098653
104,CrimNN,14,14,14,8553.406,448,14,1,29,6813.485737091753,5797.405546421594,4148.485737091752,1648.9198093298426,2240.0,446.0,70.0,0,,,0.1279391999996733
105,C,13,13,13,7492.949,328,13,1,29,5636.043888059378,5463.948715195253,3696.0438880593774,1767.9048271358754,1640.0,324.0,65.0,0,,,0.16839449998224154
105,Crim1500,13,13,13,8917.067,447,13,1,29,6827.992862530483,6179.067190663996,4197.992862530483,1981.0743281335137,2235.0,438.0,65.0,0,,,0.1887241000076756
105,Crim1700,13,13,13,10095.561,458,13,1,29,8056.483645654007,7297.561294571489,5404.483645654008,1893.0776489174812,2290.0,443.0,65.0,0,,,0.1866036000137683
105,CrimNN,13,13,13,8668.521,439,13,1,29,6758.6921721763,5975.520963003544,4153.6921721763,1821.828790827245,2195.0,433.0,65.0,0,,,0.09436089999508113
106,C,14,14,14,7449.082,301,14,1,29,5410.495037856338,5580.081805908812,3662.495037856337,1917.5867680524752,1505.0,294.0,70.0,0,,,0.2559340999869164
106,Crim1500,14,14,14,8973.448,425,14,1,29,6600.863280149432,6365.448096119889,4144.863280149432,2220.584815970455,2125.0,413.0,70.0,0,,,0.3071477999910712
106,Crim1700,14,14,14,9559.911,417,14,1,29,7854.2215359240345,6993.910537427168,5394.221535924035,1599.6890015031327,2085.0,411.0,70.0,0,,,0.2405012999952305
106,CrimNN,14,14,14,8854.5,417,14,1,29,6481.921131393635,6294.499735534792,4073.9211313936335,2220.578604141158,2085.0,405.0,70.0,0,,,0.3386348999920301
107,C,10,10,10,7787.964,389,10,1,29,5872.5264323263955,5411.964122431892,3629.5264323263946,1782.4376901054993,1945.0,381.0,50.0,0,,,0.20544650001102127
107,Crim1500,10,10,10,8786.101,448,10,1,29,6824.554427295839,6052.101131807876,4181.554427295837,1870.5467045120397,2240.0,444.0,50.0,0,,,0.10939369999687187
107,Crim1700,10,10,10,9623.953,457,10,1,29,8091.714596759176,6838.953432622259,5412.714596759177,1426.2388358630828,2285.0,450.0,50.0,0,,,0.1812015000032261
107,CrimNN,10,10,10,8679.159,442,10,1,29,6717.612278540041,5981.158983052079,4110.612278540039,1870.5467045120397,2210.0,438.0,50.0,0,,,0.11766499999794178
108,C,10,10,10,8406.353,417,10,1,29,5992.526432326396,5870.352975762219,3629.5264323263946,2240.826543435827,2085.0,401.0,50.0,0,,,0.5332888000120874
108,Crim1500,10,10,10,9591.381,458,10,1,29,6709.238799488442,6817.38083238413,4137.23879948844,2680.1420328956933,2290.0,434.0,50.0,0,,,0.2221834000083618
108,Crim1700,10,10,10,9685.661,442,10,1,29,7926.953796071155,6998.661138140061,5375.953796071154,1622.7073420689076,2210.0,427.0,50.0,0,,,0.28396390000125393
108,CrimNN,10,10,10,9472.439,450,10,1,29,6590.296650732645,6746.438683628332,4066.2966507326423,2680.1420328956933,2250.0,426.0,50.0,0,,,0.2879395000054501
109,C,11,11,11,7523.666,393,11,1,29,5971.014776050322,5114.665620638328,3675.0147760503205,1439.6508445880072,1965.0,389.0,55.0,0,,,0.2908690000185743
109,Crim1500,11,11,11,9480.075,492,11,1,29,7030.715937496613,6480.075049093308,4182.715937496611,2297.3591115966947,2460.0,485.0,55.0,0,,,0.3094822999846656
109,Crim1700,11,11,11,10410.398,483,11,1,29,8082.134312167555,7483.397793636154,5384.134312167556,2099.2634814686044,2415.0,457.0,55.0,0,,,0.782743500021752
109,CrimNN,11,11,11,9126.565,484,11,1,29,6935.773788740816,6172.56538780275,4111.773788740813,2060.791599061936,2420.0,479.0,55.0,0,,,0.2182850000099279
110,C,16,16,16,7713.72,323,16,1,29,5157.472707983527,5701.719692705797,3311.472707983526,2390.2469847222706,1615.0,317.0,80.0,0,,,0.4217898999922909
110,Crim1500,16,16,16,9696.781,414,16,1,29,6215.0414688924675,7142.781095164328,3912.0414688924666,3230.7396262718603,2070.0,404.0,80.0,0,,,0.4501911000115797
110,Crim1700,16,16,16,8619.899,367,16,1,29,5877.529501389444,6341.898621165074,3796.5295013894433,2545.369119775628,1835.0,363.0,80.0,0,,,0.39040340000065044
110,CrimNN,16,16,16,9401.551,414,16,1,29,6253.798778330246,6845.550645185743,3885.7987783302437,2959.7518668554985,2070.0,406.0,80.0,0,,,0.40798580000409856
111,C,16,16,16,8470.921,423,16,1,29,4480.682783692291,5869.920741551256,2790.682783692292,3079.237957858966,2115.0,406.0,80.0,0,,,0.46925520000513643
111,Crim1500,16,16,16,9201.896,356,16,1,29,5374.968741723748,7004.895696163142,3432.968741723747,3571.9269544393997,1780.0,337.0,80.0,0,,,0.5776703000010457
111,Crim1700,16,16,16,8290.246,297,16,1,29,4953.121527058524,6443.246129874242,3330.121527058524,3113.124602815723,1485.0,282.0,80.0,0,,,0.4174881000071764
111,CrimNN,16,16,16,9315.616,353,16,1,29,5211.975275918423,7141.615699694271,3334.9752759184216,3806.640423775854,1765.0,329.0,80.0,0,,,0.6938177999982145
112,C,12,12,12,9400.439,446,12,1,29,6106.526432326396,6681.439462956396,3629.5264323263946,3051.9130306300012,2230.0,429.0,60.0,0,,,0.28140640002675354
112,Crim1500,12,12,12,9331.338,455,12,1,29,6719.991368443553,6558.337667144896,4147.991368443551,2410.346298701345,2275.0,438.0,60.0,0,,,0.17021339997882023
112,Crim1700,12,12,12,9991.428,417,12,1,29,7759.992581408932,7439.428368894136,5356.992581408932,2082.4357874852017,2085.0,407.0,60.0,0,,,0.31414800000493415
112,CrimNN,12,12,12,9204.106,447,12,1,29,6579.285445016888,6480.105881455905,4066.2854450168866,2413.820436439019,2235.0,429.0,60.0,0,,,0.1966899000108242
113,C,13,13,13,7335.011,311,13,1,29,5446.5264323263955,5406.010769245276,3629.5264323263946,1776.484336918879,1555.0,309.0,65.0,0,,,0.1952480000036303
113,Crim1500,13,13,13,8621.336,466,13,1,29,6878.227593772687,5762.336061462749,4137.227593772685,1625.1084676900628,2330.0,464.0,65.0,0,,,0.15966119998483919
113,Crim1700,13,13,13,9565.273,427,13,1,29,7859.257596334519,6943.27346859826,5360.257596334519,1583.0158722637407,2135.0,422.0,65.0,0,,,0.3482040999806486
113,CrimNN,13,13,13,8511.242,462,13,1,29,6783.28544501689,5676.2418904122005,4066.2854450168866,1609.9564453953124,2310.0,460.0,65.0,0,,,0.14785730000585318
114,C,16,16,16,7047.815,272,16,1,29,4191.176207841585,5353.815295080247,2755.176207841585,2598.639087238663,1360.0,254.0,80.0,0,,,0.5360401999787427
114,Crim1500,16,16,16,10175.006,387,16,1,29,5724.099872722095,7787.006318638437,3789.0998727220945,3997.906445916341,1935.0,373.0,80.0,0,,,0.38044059998355806
114,Crim1700,16,16,16,9323.938,376,16,1,29,5613.530149221146,7002.938205609731,3744.530149221145,3258.4080563885855,1880.0,361.0,80.0,0,,,0.3584872999927029
114,CrimNN,16,16,16,10269.834,413,16,1,29,5823.723584359784,7725.834492762342,3732.7235843597828,3993.1109084025566,2065.0,399.0,80.0,0,,,0.38413399999262765
115,C,14,14,14,7537.95,346,14,1,29,5678.263457184758,5398.950395601269,3678.2634571847593,1720.6869384165134,1730.0,339.0,70.0,0,,,0.30590149998897687
115,Crim1500,14,14,14,9568.399,446,14,1,29,6736.431542000074,6832.398882933347,4170.431542000072,2661.9673409332772,2230.0,436.0,70.0,0,,,0.4713043999799993
115,Crim1700,14,14,14,10269.539,423,14,1,29,7832.279297472096,7672.53928263095,5405.279297472097,2267.2599851588543,2115.0,412.0,70.0,0,,,0.44186600000830367
115,CrimNN,14,14,14,9711.824,448,14,1,29,6623.4893932442765,6972.823573472178,4099.489393244275,2873.3341802279065,2240.0,429.0,70.0,0,,,0.6785336000029929
116,C,12,12,12,8171.396,405,12,1,29,5951.06772976684,5699.395975205478,3655.0677297668394,2044.3282454386417,2025.0,387.0,60.0,0,,,0.4330410999828018
116,Crim1500,12,12,12,9758.718,483,12,1,29,6872.227593772687,6819.718162772835,4137.227593772685,2682.4905690001547,2415.0,464.0,60.0,0,,,0.419395800010534
116,Crim1700,12,12,12,11004.433,457,12,1,29,7945.301751123149,8221.433171391756,5356.301751123149,2865.1314202686117,2285.0,438.0,60.0,0,,,0.40704240000923164
116,CrimNN,12,12,12,9415.504,474,12,1,29,6753.28544501689,6529.504105431005,4066.2854450168866,2463.218660414123,2370.0,456.0,60.0,0,,,0.4159728999948129
117,C,13,13,13,7885.025,368,13,1,29,5691.7951982531995,5629.024570826082,3629.7951982531995,1999.2293725728837,1840.0,351.0,65.0,0,,,0.44936920001055114
117,Crim1500,13,13,13,9634.493,387,13,1,29,6307.49635969949,7261.493351630929,4137.496359699489,3123.996991931442,1935.0,373.0,65.0,0,,,0.4791955999971833
117,Crim1700,13,13,13,9812.601,390,13,1,29,7611.525819193741,7420.601037589163,5389.525819193741,2031.075218395421,1950.0,377.0,65.0,0,,,0.41693999999552034
117,CrimNN,13,13,13,9158.724,377,13,1,29,6242.97358275024,6844.724256642358,4115.973582750238,2728.750673892123,1885.0,364.0,65.0,0,,,0.3920356000016909
118,C,13,13,13,7554.106,349,13,1,29,5634.4958367319105,5404.1061010254225,3632.495836731909,1771.610264293513,1745.0,340.0,65.0,0,,,0.3845186999824364
118,Crim1500,13,13,13,8873.549,386,13,1,29,6362.227593772685,6499.5489670392035,4137.227593772685,2362.3213732665176,1930.0,379.0,65.0,0,,,0.2363103000097908
118,Crim1700,13,13,13,9674.985,360,13,1,29,7467.2565493635375,7456.985074325475,5377.2565493635375,2079.7285249619367,1800.0,353.0,65.0,0,,,0.2739798999973573
118,CrimNN,13,13,13,8871.82,382,13,1,29,6258.85637630761,6526.819771367076,4082.856376307609,2443.963395059471,1910.0,370.0,65.0,0,,,0.3875943999737501
119,C,16,16,16,8003.342,336,16,1,29,4532.56056836789,5915.342179248873,2827.560568367889,3087.781610880987,1680.0,328.0,80.0,0,,,0.47532119997777045
119,Crim1500,16,16,16,8980.568,390,16,1,29,4567.319624620896,6566.568485573352,2697.3196246208954,3869.248860952453,1950.0,384.0,80.0,0,,,0.3801406999991741
119,Crim1700,16,16,16,9713.535,471,16,1,29,4259.013253148556,6811.5346519429595,2544.013253148556,4267.521398794402,2355.0,467.0,80.0,0,,,0.5250825000111945
119,CrimNN,16,16,16,8433.255,354,16,1,29,4284.087682525255,6236.254663888611,2534.0876825252553,3702.166981363355,1770.0,347.0,80.0,0,,,0.35628300000098534
120,C,12,12,12,7519.293,366,12,1,29,5787.849171910067,5274.293086366267,3703.8491719100666,1570.4439144562002,1830.0,355.0,60.0,0,,,0.3450031999964267
120,Crim1500,12,12,12,9306.072,485,12,1,29,6884.7959941533245,6348.072428839791,4187.795994153323,2160.276434686471,2425.0,473.0,60.0,0,,,0.5101193000155035
120,Crim1700,12,12,12,10512.714,477,12,1,29,8252.463479001686,7597.713796553887,5492.463479001688,2105.250317552198,2385.0,470.0,60.0,0,,,0.22074010001961142
120,CrimNN,12,12,12,9200.412,479,12,1,29,6777.853845397527,6278.41236135153,4116.853845397524,2161.5585159540074,2395.0,467.0,60.0,0,,,0.5084700000006706
121,C,11,11,11,8057.052,433,11,1,29,6088.042976462299,5424.051599975442,3649.0429764622972,1775.0086235131444,2165.0,413.0,55.0,0,,,0.3472992000170052
121,Crim1500,11,11,11,9478.404,468,11,1,29,6746.227593772685,6637.404119384071,4137.227593772685,2500.1765256113895,2340.0,446.0,55.0,0,,,0.4116535999928601
121,Crim1700,11,11,11,10659.954,443,11,1,29,7795.180881926592,7969.953843290069,5343.180881926592,2626.772961363482,2215.0,420.0,55.0,0,,,0.39062300001387484
121,CrimNN,11,11,11,9473.462,479,11,1,29,6741.28544501689,6566.461970628272,4066.2854450168866,2500.1765256113895,2395.0,457.0,55.0,0,,,0.37799820001237094
122,C,16,16,16,6409.806,258,16,1,29,3951.183943630552,4801.806180860108,2576.183943630552,2225.6222372295574,1290.0,238.0,80.0,0,,,0.38753629999700934
122,Crim1500,16,16,16,10097.891,393,16,1,29,5651.055518587806,7688.8910225701,3570.055518587803,4118.835503982303,1965.0,364.0,80.0,0,,,0.5939397999900393
122,Crim1700,16,16,16,10054.776,385,16,1,29,5307.54355108478,7687.7755069994555,3454.5435510847797,4233.231955914683,1925.0,362.0,80.0,0,,,0.5678774999978486
122,CrimNN,16,16,16,10167.987,389,16,1,29,5502.113369832006,7791.987335887739,3499.1133698320045,4292.873966055741,1945.0,351.0,80.0,0,,,0.7617224999994505
123,C,15,15,15,7678.724,289,15,1,29,5340.560005615083,5872.724445625112,3668.5600056150824,2204.164440010027,1445.0,286.0,75.0,0,,,0.2583901999751106
123,Crim1500,15,15,15,9249.977,405,15,1,29,6577.772695228533,6750.976917916443,4217.772695228532,2533.2042226879144,2025.0,399.0,75.0,0,,,0.27817430000868626
123,Crim1700,15,15,15,10239.187,382,15,1,29,7693.848406606272,7883.187328181656,5474.848406606273,2408.3389215753828,1910.0,371.0,75.0,0,,,0.2818344999977853
123,CrimNN,15,15,15,9275.835,396,15,1,29,6445.057222233726,6830.835087096396,4144.057222233725,2686.777864862675,1980.0,390.0,75.0,0,,,0.2538607000024058
124,C,16,16,16,5871.912,230,16,1,29,3895.244554455101,4418.911884523354,2607.244554455102,1811.6673300682523,1150.0,223.0,80.0,0,,,0.2475008000037633
124,Crim1500,16,16,16,9566.325,474,16,1,29,6441.506721767767,6653.325013008034,3960.5067217677656,2692.818291240269,2370.0,463.0,80.0,0,,,0.29213699998217635
124,Crim1700,16,16,16,8942.874,407,16,1,29,5990.4360318269,6437.873929929052,3844.4360318268987,2593.437898102154,2035.0,390.0,80.0,0,,,0.27992669999366626
124,CrimNN,16,16,16,9845.671,478,16,1,29,6281.658042574515,6913.671169525161,3841.6580425745124,3072.0131269506505,2390.0,462.0,80.0,0,,,0.4303801999776624
125,C,10,10,10,7838.89,394,10,1,29,5993.509761003425,5426.890372009743,3667.5097610034245,1759.3806110063174,1970.0,392.0,50.0,0,,,0.1334216999821365
125,Crim1500,10,10,10,8678.903,454,10,1,29,6849.210922449717,5906.903464989291,4175.210922449714,1731.6925425395755,2270.0,452.0,50.0,0,,,0.11591910000424832
125,Crim1700,10,10,10,9442.863,431,10,1,29,7971.380885521837,6807.862643783653,5418.380885521836,1389.4817582618184,2155.0,430.0,50.0,0,,,0.13204339999356307
125,CrimNN,10,10,10,8559.961,446,10,1,29,6730.268773693918,5835.961316233492,4104.268773693916,1731.6925425395755,2230.0,444.0,50.0,0,,,0.16495629999553785
126,C,16,16,16,7630.816,319,16,1,29,4996.590746988931,5648.815608785421,3319.5907469889303,2329.224861796492,1595.0,307.0,80.0,0,,,0.22844089998397976
126,Crim1500,16,16,16,9498.356,458,16,1,29,6050.341898530259,6686.355501693015,3785.34189853026,2901.0136031627544,2290.0,442.0,80.0,0,,,0.44260769998072647
126,Crim1700,16,16,16,8446.773,413,16,1,29,5787.346649167684,5900.773219705994,3696.346649167684,2204.4265705383114,2065.0,401.0,80.0,0,,,0.3270617999951355
126,CrimNN,16,16,16,9355.413,446,16,1,29,5907.399749774461,6615.4133529372175,3714.399749774462,2901.0136031627544,2230.0,430.0,80.0,0,,,0.5124011999869253
127,C,11,11,11,7623.298,388,11,1,29,5920.821025820262,5245.297847857263,3643.8210258202607,1601.4768220370033,1940.0,383.0,55.0,0,,,0.22053150000283495
127,Crim1500,11,11,11,8282.303,427,11,1,29,6675.829109333997,5669.302754797447,4159.829109333998,1509.473645463449,2135.0,423.0,55.0,0,,,0.1573676000116393
127,Crim1700,11,11,11,9582.212,409,11,1,29,7768.718795965591,7085.212461200223,5397.718795965592,1687.4936652346319,2045.0,397.0,55.0,0,,,0.3260819000133779
127,CrimNN,11,11,11,8510.357,434,11,1,29,6555.580038510753,5867.357152422949,4080.580038510753,1786.7771139121976,2170.0,418.0,55.0,0,,,0.49709940000320785
128,C,12,12,12,8522.521,433,12,1,29,6071.546920015015,5882.521299782351,3656.5469200150137,2225.9743797673377,2165.0,415.0,60.0,0,,,0.22711220002383925
128,Crim1500,12,12,12,10362.979,522,12,1,29,6944.227593772687,7189.9794302549635,4137.227593772685,3052.7518364822804,2610.0,503.0,60.0,0,,,0.3825807999819517
128,Crim1700,12,12,12,11192.72,508,12,1,29,8188.224902890651,8102.719886109455,5365.224902890651,2737.494983218804,2540.0,490.0,60.0,0,,,0.26515069999732077
128,CrimNN,12,12,12,10256.037,516,12,1,29,6837.28544501689,7119.037281499164,4066.2854450168866,3052.7518364822804,2580.0,497.0,60.0,0,,,0.26315889999386854
129,C,15,15,15,7727.356,328,15,1,29,5523.852989077529,5691.356341212442,3629.852989077528,2061.5033521349146,1640.0,321.0,75.0,0,,,0.14385769999353215
129,Crim1500,15,15,15,9207.096,414,15,1,29,6410.227593772685,6660.09586488769,4137.227593772685,2522.8682711150045,2070.0,402.0,75.0,0,,,0.351047899981495
129,Crim1700,15,15,15,9987.376,411,15,1,29,7700.02008817935,7456.376057661123,5376.02008817935,2080.355969481775,2055.0,401.0,75.0,0,,,0.18362039999919944
129,CrimNN,15,15,15,8476.573,396,15,1,29,6297.285445016888,6035.573403387477,4066.2854450168866,1969.2879583705908,1980.0,386.0,75.0,0,,,0.3210661000048276
130,C,16,16,16,8700.882,405,16,1,29,5843.143917329,6207.881811812105,3670.143917328999,2537.737894483107,2025.0,388.0,80.0,0,,,0.28107440000167117
130,Crim1500,16,16,16,9701.66,449,16,1,29,5611.672656558761,6944.65971263501,3424.67265655876,3519.987056076253,2245.0,432.0,80.0,0,,,0.4974404000095092
130,Crim1700,16,16,16,9564.849,444,16,1,29,5213.461313004979,6836.849266617164,3321.4613130049793,3515.387953612189,2220.0,428.0,80.0,0,,,0.6951453999790829
130,CrimNN,16,16,16,9380.929,428,16,1,29,5474.730507802963,6749.929303269553,3353.730507802962,3396.198795466593,2140.0,411.0,80.0,0,,,0.3099385999958031
131,C,16,16,16,6984.096,286,16,1,29,2957.937608541018,5201.0960806941175,1872.937608541018,3328.1584721531,1430.0,273.0,80.0,0,,,0.41106959999888204
131,Crim1500,16,16,16,9103.62,358,16,1,29,5921.0414688924675,6883.620172231175,3912.0414688924666,2971.5787033387087,1790.0,350.0,80.0,0,,,0.4033251999935601
131,Crim1700,16,16,16,7738.198,304,16,1,29,5547.529501389444,5836.198003271762,3796.5295013894433,2039.6685018823168,1520.0,302.0,80.0,0,,,0.2760969999944791
131,CrimNN,16,16,16,8944.212,347,16,1,29,5819.386708142813,6791.211534050926,3871.386708142811,2919.8248259081156,1735.0,338.0,80.0,0,,,0.35634660001960583
132,C,16,16,16,5736.166,272,16,1,29,3033.013668583621,4027.1662870429313,1877.013668583621,2150.152618459311,1360.0,269.0,80.0,0,,,0.3830424000043422
132,Crim1500,16,16,16,9141.575,438,16,1,29,5741.855159975719,6446.574626481314,3571.855159975717,2874.719466505598,2190.0,425.0,80.0,0,,,0.6263003000058234
132,Crim1700,16,16,16,8108.684,361,16,1,29,5299.833609309819,5867.6841325086625,3477.8336093098187,2389.8505231988424,1805.0,356.0,80.0,0,,,0.3850086000165902
132,CrimNN,16,16,16,8889.067,428,16,1,29,5693.536200985383,6253.067109884855,3555.5362009853816,2697.530908899476,2140.0,416.0,80.0,0,,,0.6064597999793477
133,C,10,10,10,8432.215,479,10,1,29,6287.117952400034,5516.214639604036,3637.1179524000318,1879.0966872040058,2395.0,471.0,50.0,0,,,0.20744980001472868
133,Crim1500,10,10,10,9115.593,499,10,1,29,6912.438781586644,6080.593142618839,4142.438781586644,1938.1543610321944,2495.0,490.0,50.0,0,,,0.18803620000835508
133,Crim1700,10,10,10,10250.994,470,10,1,29,8033.935490588533,7391.99371014175,5372.935490588533,2019.058219553216,2350.0,459.0,50.0,0,,,0.17478860000846907
133,CrimNN,10,10,10,9001.568,490,10,1,29,6805.4966328308465,6020.567955622744,4071.496632830845,1949.0713227918984,2450.0,481.0,50.0,0,,,0.19362259999616072
134,C,11,11,11,7858.681,408,11,1,29,6054.564643186931,5360.680926734342,3663.56464318693,1697.1162835474113,2040.0,403.0,55.0,0,,,0.18230479999328963
134,Crim1500,11,11,11,9408.664,461,11,1,29,6826.265804633223,6599.6643653904575,4171.26580463322,2428.3985607572363,2305.0,449.0,55.0,0,,,0.31002500001341105
134,Crim1700,11,11,11,10257.401,482,11,1,29,8172.928098843999,7329.401494805134,5405.928098843998,1923.4733959611372,2410.0,463.0,55.0,0,,,0.29121299998951145
134,CrimNN,11,11,11,9360.863,454,11,1,29,6707.323655877425,6593.8630394633265,4100.3236558774215,2493.539383585904,2270.0,442.0,55.0,0,,,0.3165711000037845
135,C,11,11,11,8109.231,435,11,1,29,6184.526432326396,5449.231242831104,3629.5264323263946,1819.7048105047113,2175.0,430.0,55.0,0,,,0.1697808999742847
135,Crim1500,11,11,11,9208.919,467,11,1,29,6888.579303390706,6359.9193932664,4172.579303390705,2187.340089875695,2335.0,459.0,55.0,0,,,0.28466560001834296
135,Crim1700,11,11,11,9946.734,450,11,1,29,8043.38150571042,7195.734419046029,5400.381505710421,1795.352913335608,2250.0,446.0,55.0,0,,,0.2671496999973897
135,CrimNN,11,11,11,9079.123,460,11,1,29,6781.637154634908,6271.123408586224,4101.637154634906,2169.486253951316,2300.0,453.0,55.0,0,,,0.2570846000162419
136,C,14,14,14,8089.021,355,14,1,29,5626.5264323263955,5895.020660126151,3629.5264323263946,2265.4942277997566,1775.0,349.0,70.0,0,,,0.2904543000040576
136,Crim1500,14,14,14,9474.366,437,14,1,29,6608.227593772685,6791.3664618669245,4137.227593772685,2654.138868094241,2185.0,428.0,70.0,0,,,0.27841209998587146
136,Crim1700,14,14,14,10079.428,418,14,1,29,7742.112838118538,7512.428027768443,5394.112838118538,2118.315189649904,2090.0,407.0,70.0,0,,,0.22310179998748936
136,CrimNN,14,14,14,9350.131,428,14,1,29,6489.285445016888,6720.13103397931,4066.2854450168866,2653.8455889624247,2140.0,420.0,70.0,0,,,0.2912239999859594
137,C,12,12,12,8746.106,433,12,1,29,6082.526432326396,6104.105803799822,3629.5264323263946,2474.5793714734295,2165.0,417.0,60.0,0,,,0.3435276999953203
137,Crim1500,12,12,12,9298.143,443,12,1,29,6725.791258144339,6597.142901122005,4184.791258144338,2412.3516429776682,2215.0,426.0,60.0,0,,,0.19498830000520684
137,Crim1700,12,12,12,10201.209,418,12,1,29,7791.906946127121,7642.209242704795,5420.906946127121,2221.3022965776713,2090.0,409.0,60.0,0,,,0.09149220000836067
137,CrimNN,12,12,12,9253.053,439,12,1,29,6586.631250353014,6577.052707033772,4092.631250353012,2484.42145668076,2195.0,421.0,60.0,0,,,0.21689149999292567
138,C,10,10,10,7405.975,371,10,1,29,5824.5264323263955,5130.974547854308,3629.5264323263946,1501.4481155279132,1855.0,370.0,50.0,0,,,0.11163860000669956
138,Crim1500,10,10,10,9348.511,456,10,1,29,6719.17503147054,6586.511175916836,4165.175031470538,2421.336144446298,2280.0,432.0,50.0,0,,,0.5013489999982994
138,Crim1700,10,10,10,10274.293,466,10,1,29,8095.881678726064,7442.292698135454,5405.881678726065,2036.4110194093892,2330.0,452.0,50.0,0,,,0.35849129999405704
138,CrimNN,10,10,10,8453.325,429,10,1,29,6606.23288271474,5834.324982520729,4094.2328827147394,1740.0920998059908,2145.0,424.0,50.0,0,,,0.18065530000603758
139,C,16,16,16,8881.914,306,16,1,29,4738.122785538759,6987.914283472977,3163.1227855387588,3824.791497934215,1530.0,284.0,80.0,0,,,0.48294700001133606
139,Crim1500,16,16,16,9478.658,386,16,1,29,6117.743697017728,7100.658366999322,3967.743697017727,3132.9146699815983,1930.0,368.0,80.0,0,,,0.416689999983646
139,Crim1700,16,16,16,8824.548,350,16,1,29,5799.312371839814,6659.5479873278055,3846.3123718398124,2813.235615487994,1750.0,335.0,80.0,0,,,0.3988553000090178
139,CrimNN,16,16,16,9366.513,394,16,1,29,6100.80154826193,6939.513226073325,3896.8015482619285,3042.7116778113964,1970.0,377.0,80.0,0,,,0.5450223999796435
140,C,16,16,16,7316.076,319,16,1,29,5103.588598264545,5330.075838871451,3361.588598264545,1968.4872406069076,1595.0,311.0,80.0,0,,,0.30812329999753274
140,Crim1500,16,16,16,9329.23,447,16,1,29,6402.748065489232,6577.230204683386,3938.7480654892297,2638.482139194158,2235.0,437.0,80.0,0,,,0.30164789999253117
140,Crim1700,16,16,16,9196.899,400,16,1,29,6065.903100035638,6729.899100688454,3848.9031000356367,2880.996000652817,2000.0,387.0,80.0,0,,,0.23752579998108558
140,CrimNN,16,16,16,9204.288,438,16,1,29,6277.805916733435,6506.288055927587,3867.8059167334313,2638.482139194158,2190.0,428.0,80.0,0,,,0.29859429999487475
141,C,11,11,11,8197.867,423,11,1,29,6166.688057458188,5606.867151600971,3660.6880574581864,1946.1790941427844,2115.0,421.0,55.0,0,,,0.18560330002219416
141,Crim1500,11,11,11,9708.372,469,11,1,29,6867.76115595912,6855.37233693095,4182.761155959118,2672.611180971834,2345.0,453.0,55.0,0,,,0.3079637000046205
141,Crim1700,11,11,11,10096.391,433,11,1,29,7979.004982058945,7447.390694612667,5422.004982058946,2025.385712553719,2165.0,429.0,55.0,0,,,0.19341160001931712
141,CrimNN,11,11,11,9575.207,461,11,1,29,6722.485355515949,6770.206542633595,4085.4853555159475,2684.72118711765,2305.0,445.0,55.0,0,,,0.2886270000017248
142,C,14,14,14,7967.404,374,14,1,29,5825.85088734484,5655.403936202986,3638.850887344839,2016.5530488581494,1870.0,372.0,70.0,0,,,0.27263660001335666
142,Crim1500,14,14,14,8745.328,417,14,1,29,6624.284679510848,6177.328015113352,4197.284679510848,1980.0433356025026,2085.0,413.0,70.0,0,,,0.34311620000516996
142,Crim1700,14,14,14,9479.716,401,14,1,29,7853.247239482691,7007.716047923328,5473.247239482691,1534.468808440636,2005.0,397.0,70.0,0,,,0.1480357999971602
142,CrimNN,14,14,14,9432.354,438,14,1,29,6607.342530755052,6750.354312585912,4126.342530755051,2624.011781830861,2190.0,422.0,70.0,0,,,0.5604890999966301
143,C,12,12,12,8056.554,411,12,1,29,6101.901988625315,5542.553914127412,3717.901988625314,1824.6519255020978,2055.0,399.0,60.0,0,,,0.37773519998881966
143,Crim1500,12,12,12,8876.807,427,12,1,29,6668.857403564352,6259.806972350627,4181.85740356435,2077.949568786277,2135.0,422.0,60.0,0,,,0.21728010001243092
143,Crim1700,12,12,12,10122.413,455,12,1,29,8024.960595530055,7347.412820939224,5412.960595530054,1934.4522254091717,2275.0,440.0,60.0,0,,,0.40963829998509027
143,CrimNN,12,12,12,8676.133,418,12,1,29,6543.915254808555,6113.133485643156,4110.915254808552,2002.218230834604,2090.0,413.0,60.0,0,,,0.2775160000019241
144,C,14,14,14,8667.884,378,14,1,29,5782.101557314726,6342.883770975408,3680.101557314726,2662.782213660681,1890.0,365.0,70.0,0,,,0.30578190000960603
144,Crim1500,14,14,14,10095.978,432,14,1,29,6466.189805524739,7448.977683935403,4170.189805524739,3278.787878410662,2160.0,417.0,70.0,0,,,0.3766868000093382
144,Crim1700,14,14,14,9937.942,416,14,1,29,7792.297598805223,7384.941779297511,5422.297598805224,1962.6441804922874,2080.0,403.0,70.0,0,,,0.24416829997790046
144,CrimNN,14,14,14,9883.041,439,14,1,29,6495.478306214437,7193.041387024008,4134.478306214436,3058.5630808095702,2195.0,425.0,70.0,0,,,0.37238829999114387
145,C,14,14,14,8058.986,354,14,1,29,5638.5264323263955,5877.98601224605,3629.5264323263946,2248.4595799196577,1770.0,341.0,70.0,0,,,0.3513085000158753
145,Crim1500,14,14,14,8997.03,419,14,1,29,6572.227593772687,6419.029598496114,4137.227593772685,2281.80200472343,2095.0,413.0,70.0,0,,,0.2115029999986291
145,Crim1700,14,14,14,9758.429,411,14,1,29,7739.901519897733,7235.429333673662,5373.901519897733,1861.5278137759299,2055.0,398.0,70.0,0,,,0.34542259998852387
145,CrimNN,14,14,14,8910.679,414,14,1,29,6465.285445016888,6362.678984707603,4066.2854450168866,2296.3935396907177,2070.0,408.0,70.0,0,,,0.24035830001230352
146,C,16,16,16,7085.583,315,16,1,29,3843.140873057046,5118.583352284744,2440.140873057046,2678.4424792276996,1575.0,312.0,80.0,0,,,0.18332899999222718
146,Crim1500,16,16,16,8418.911,402,16,1,29,5959.169519026798,5933.910755940742,3628.169519026798,2305.741236913946,2010.0,395.0,80.0,0,,,0.17654169999877922
146,Crim1700,16,16,16,8068.349,358,16,1,29,5459.657551523775,5855.349202666304,3512.6575515237746,2342.691651142531,1790.0,343.0,80.0,0,,,0.1742186000046786
146,CrimNN,16,16,16,8438.752,401,16,1,29,5802.093405198875,5961.751503915546,3506.093405198874,2455.6580987166744,2005.0,392.0,80.0,0,,,0.26381319999927655
147,C,14,14,14,7987.965,356,14,1,29,5739.419596798144,5790.964514579792,3677.4195967981423,2113.5449177816504,1780.0,347.0,70.0,0,,,0.3452714000013657
147,Crim1500,14,14,14,9473.959,442,14,1,29,6596.227593772687,6772.959344913392,4137.227593772685,2635.7317511407114,2210.0,421.0,70.0,0,,,0.7412836000148673
147,Crim1700,14,14,14,9821.662,422,14,1,29,7798.215928545819,7239.6620365246745,5427.215928545819,1812.44610797886,2110.0,402.0,70.0,0,,,0.5948043999960646
147,CrimNN,14,14,14,9078.765,424,14,1,29,6471.285445016888,6476.764793860236,4066.2854450168866,2410.479348843352,2120.0,412.0,70.0,0,,,0.5244346000254154
148,C,13,13,13,7978.38,368,13,1,29,5736.076732012026,5718.3801787340935,3652.0767320120244,2066.3034467220723,1840.0,355.0,65.0,0,,,0.3035188000067137
148,Crim1500,13,13,13,8812.598,445,13,1,29,6681.02883824937,6083.597678574054,4163.028838249369,1920.5688403246859,2225.0,439.0,65.0,0,,,0.2714389000029769
148,Crim1700,13,13,13,10112.488,422,13,1,29,7762.722875523677,7520.487602414664,5390.722875523678,2129.7647268909896,2110.0,417.0,65.0,0,,,0.32779580002534203
148,CrimNN,13,13,13,8682.161,436,13,1,29,6556.0866894935725,6007.1607360968865,4092.086689493571,1915.0740466033164,2180.0,430.0,65.0,0,,,0.2739549999823794
149,C,10,10,10,7970.422,379,10,1,29,5806.5264323263955,5657.421865145575,3629.5264323263946,2027.8954328191826,1895.0,368.0,50.0,0,,,0.27910320000955835
149,Crim1500,10,10,10,10305.532,487,10,1,29,6888.872710613413,7357.532010561034,4148.872710613412,3208.6592999476275,2435.0,463.0,50.0,0,,,0.3680412999819964
149,Crim1700,10,10,10,9656.142,468,10,1,29,8088.9219239496515,6803.1417675055345,5348.9219239496515,1454.2198435558835,2340.0,463.0,50.0,0,,,0.23162809998029843
149,CrimNN,10,10,10,10070.837,480,10,1,29,6781.930561857615,7163.836951646702,4077.930561857613,3085.9063897890933,2400.0,457.0,50.0,0,,,0.3234329999831971
150,C,16,16,16,7367.134,279,16,1,29,4859.8900317627185,5623.134089066647,3289.890031762718,2333.244057303929,1395.0,269.0,80.0,0,,,0.31424979999428615
150,Crim1500,16,16,16,9626.711,382,16,1,29,6051.533162450537,7263.710910647556,4002.533162450536,3261.1777481970203,1910.0,373.0,80.0,0,,,0.3053729999810457
150,Crim1700,16,16,16,9353.243,419,16,1,29,5879.360168428316,6762.243275897009,3897.360168428315,2864.8831074686977,2095.0,416.0,80.0,0,,,0.43074560002423823
150,CrimNN,16,16,16,9477.943,374,16,1,29,5851.111668066734,7162.943388138177,3861.1116680667315,3301.831720071446,1870.0,365.0,80.0,0,,,0.32647040000301786
151,C,16,16,16,4946.015,184,16,1,29,2457.8509345897014,3774.0146586165747,1572.8509345897019,2201.163724026873,920.0,172.0,80.0,0,,,0.32511150001664646
151,Crim1500,16,16,16,9347.851,395,16,1,29,5365.7579414282645,6908.850612638973,3402.757941428264,3506.0926712107093,1975.0,384.0,80.0,0,,,0.39288719999603927
151,Crim1700,16,16,16,8706.692,383,16,1,29,5090.365051130837,6342.691729597453,3294.3650511308356,3048.3266784666175,1915.0,369.0,80.0,0,,,0.3630667999968864
151,CrimNN,16,16,16,8724.417,384,16,1,29,5294.138415383198,6349.416823570446,3367.138415383197,2982.27840818725,1920.0,375.0,80.0,0,,,0.3327528999943752
152,C,11,11,11,7713.428,400,11,1,29,5973.792242599058,5263.428060238651,3629.7922425990573,1633.6358176395938,2000.0,395.0,55.0,0,,,0.2604760999965947
152,Crim1500,11,11,11,9614.82,492,11,1,29,6962.227593772687,6621.819833461709,4137.227593772685,2484.592239689027,2460.0,478.0,55.0,0,,,0.3346270000038203
152,Crim1700,11,11,11,10360.753,500,11,1,29,8254.538961472044,7324.752933911608,5384.538961472045,1940.2139724395677,2500.0,481.0,55.0,0,,,0.44817540000076406
152,CrimNN,11,11,11,9466.238,485,11,1,29,6861.28544501689,6513.23826787214,4066.2854450168866,2446.952822855256,2425.0,473.0,55.0,0,,,0.3276348999934271
153,C,11,11,11,8807.601,459,11,1,29,6299.5911164061135,6008.600903223706,3673.5911164061117,2335.0097868175953,2295.0,449.0,55.0,0,,,0.4456069000007119
153,Crim1500,11,11,11,9821.242,479,11,1,29,6891.292277852403,6908.24221925914,4181.292277852403,2726.9499414067404,2395.0,463.0,55.0,0,,,0.2920862000028137
153,Crim1700,11,11,11,11171.539,522,11,1,29,8156.629537673333,7999.539024359343,5394.629537673334,2604.9094866860096,2610.0,507.0,55.0,0,,,0.5267424000194296
153,CrimNN,11,11,11,9537.049,472,11,1,29,6790.350129096605,6664.048741578244,4110.350129096604,2553.698612481641,2360.0,458.0,55.0,0,,,0.24189279999700375
154,C,12,12,12,7974.734,377,12,1,29,5831.1100945878015,5666.734131899728,3698.1100945878006,1968.6240373119263,1885.0,363.0,60.0,0,,,0.24539710002136417
154,Crim1500,12,12,12,9301.458,459,12,1,29,6731.524483773961,6503.457783924835,4159.52448377396,2343.933300150875,2295.0,443.0,60.0,0,,,0.2219945000251755
154,Crim1700,12,12,12,9783.613,440,12,1,29,7920.454770496761,7087.61269240439,5369.454770496761,1718.157921907631,2200.0,436.0,60.0,0,,,0.2133169999870006
154,CrimNN,12,12,12,9188.027,453,12,1,29,6624.582335018162,6426.02678374252,4088.5823350181613,2337.4444487243586,2265.0,437.0,60.0,0,,,0.17927230001077987
155,C,10,10,10,8110.627,434,10,1,29,6015.870698276,5478.627129876298,3653.8706982759995,1824.7564316003,2170.0,412.0,50.0,0,,,0.3633677999896463
155,Crim1500,10,10,10,9972.79,505,10,1,29,6877.57185972229,6924.789547277324,4161.571859722289,2763.2176875550394,2525.0,473.0,50.0,0,,,0.22404339999775402
155,Crim1700,10,10,10,11266.37,537,10,1,29,8207.452510589941,8025.370166899086,5384.45251058994,2640.917656309149,2685.0,506.0,50.0,0,,,0.5344501000072341
155,CrimNN,10,10,10,9865.847,499,10,1,29,6770.629710966491,6853.847398521527,4090.629710966491,2763.2176875550394,2495.0,467.0,50.0,0,,,0.2336770000110846
156,C,16,16,16,6662.98,281,16,1,29,2934.3713897289563,4904.980242852799,1930.3713897289563,2974.6088531238433,1405.0,273.0,80.0,0,,,0.5375500000081956
156,Crim1500,16,16,16,10266.771,487,16,1,29,5552.360678680583,7289.770981917411,3443.36067868058,3846.410303236837,2435.0,462.0,80.0,0,,,0.8400160000019241
156,Crim1700,16,16,16,8804.573,388,16,1,29,5253.300701015423,6421.572836913244,3343.3007010154215,3078.2721358978247,1940.0,363.0,80.0,0,,,0.7650479000003543
156,CrimNN,16,16,16,9911.762,481,16,1,29,5425.942726820709,6970.762012312501,3352.9427268207073,3617.819285491799,2405.0,456.0,80.0,0,,,0.8769410999957472
157,C,15,15,15,7629.706,308,15,1,29,5434.5264323263955,5708.705534987613,3629.5264323263946,2079.179102661218,1540.0,306.0,75.0,0,,,0.2554461999970954
157,Crim1500,15,15,15,9121.759,417,15,1,29,6541.2282706515225,6552.758593283197,4137.2282706515225,2415.530322631674,2085.0,409.0,75.0,0,,,0.4159954999922775
157,Crim1700,15,15,15,10352.67,412,15,1,29,7826.651199335717,7809.6696793970395,5406.651199335717,2403.018480061322,2060.0,408.0,75.0,0,,,0.29357249999884516
157,CrimNN,15,15,15,8999.019,408,15,1,29,6416.286121895725,6484.018729100377,4066.2861218957246,2417.732607204653,2040.0,400.0,75.0,0,,,0.4786880000028759
158,C,10,10,10,8797.751,444,10,1,29,6075.5426136978585,6097.750646445544,3629.5426136978567,2468.208032747688,2220.0,430.0,50.0,0,,,0.2213153000047896
158,Crim1500,10,10,10,9827.032,489,10,1,29,6812.227593772685,6859.031780118757,4137.227593772685,2721.8041863460717,2445.0,473.0,50.0,0,,,0.32080089999362826
158,Crim1700,10,10,10,10658.193,469,10,1,29,8029.348493363868,7810.192746539296,5349.348493363868,2460.8442531754276,2345.0,453.0,50.0,0,,,0.23616029997356236
158,CrimNN,10,10,10,9719.948,483,10,1,29,6705.285445016888,6787.948264371732,4066.2854450168866,2721.6628193548468,2415.0,467.0,50.0,0,,,0.2819548000115901
159,C,12,12,12,7929.749,354,12,1,29,5713.088772133607,5755.7488386318455,3669.0887721336067,2086.660066498239,1770.0,344.0,60.0,0,,,0.2773610999865923
159,Crim1500,12,12,12,9724.074,450,12,1,29,6590.227593772687,6994.073886169692,4137.227593772685,2856.84629239701,2250.0,420.0,60.0,0,,,0.8420795999991242
159,Crim1700,12,12,12,10871.616,452,12,1,29,7843.34464206048,8126.615663828466,5343.34464206048,2783.271021767988,2260.0,425.0,60.0,0,,,0.7514302000054158
159,CrimNN,12,12,12,9401.016,435,12,1,29,6477.285445016888,6753.015668366394,4066.2854450168866,2686.7302233495097,2175.0,413.0,60.0,0,,,0.6639523000048939
160,C,16,16,16,8682.126,396,16,1,29,5328.658806105775,6252.125808915391,3290.658806105775,2961.467002809618,1980.0,370.0,80.0,0,,,0.678326900000684
160,Crim1500,16,16,16,9059.348,439,16,1,29,4189.424506821641,6357.347886499055,2384.4245068216405,3972.9233796774124,2195.0,427.0,80.0,0,,,0.5271747000224423
160,Crim1700,16,16,16,8355.718,393,16,1,29,5259.02416424826,5924.718181190741,3408.024164248258,2516.694016942484,1965.0,386.0,80.0,0,,,0.554240999976173
160,CrimNN,16,16,16,9352.391,491,16,1,29,3996.192564726001,6338.3906321135155,2221.1925647260005,4117.198067387514,2455.0,479.0,80.0,0,,,0.5195283000066411
161,C,16,16,16,6702.329,264,16,1,29,3807.140873057046,5043.328552803906,2440.140873057046,2603.1876797468603,1320.0,259.0,80.0,0,,,0.28923560000839643
161,Crim1500,16,16,16,9072.988,439,16,1,29,6403.048866468315,6372.987737681071,3970.0488664683144,2402.9388712127547,2195.0,425.0,80.0,0,,,0.46481750000384636
161,Crim1700,16,16,16,8670.227,378,16,1,29,5863.1189235145,6336.226661119918,3819.1189235145007,2517.107737605417,1890.0,364.0,80.0,0,,,0.3783194999850821
161,CrimNN,16,16,16,8944.595,430,16,1,29,6278.106717712518,6298.5952005271865,3899.106717712516,2399.4884828146673,2150.0,416.0,80.0,0,,,0.5011931000044569
162,C,11,11,11,8061.621,437,11,1,29,6246.743901721658,5393.621383862428,3699.743901721657,1693.8774821407712,2185.0,428.0,55.0,0,,,0.2755325000034645
162,Crim1500,11,11,11,9080.74,436,11,1,29,6668.006456765393,6421.740318358552,4150.006456765392,2271.733861593159,2180.0,424.0,55.0,0,,,0.264768399996683
162,Crim1700,11,11,11,9715.287,410,11,1,29,7777.699348330884,7215.28709244177,5401.699348330883,1813.5877441108898,2050.0,395.0,55.0,0,,,0.3692829000065103
162,CrimNN,11,11,11,9049.459,431,11,1,29,6549.064308009595,6423.459427425853,4079.064308009593,2344.3951194162614,2155.0,416.0,55.0,0,,,0.2948906999954488
163,C,15,15,15,7693.523,336,15,1,29,5524.8833202133565,5612.523152078631,3673.883320213356,1938.6398318652746,1680.0,326.0,75.0,0,,,0.2926662999961991
163,Crim1500,15,15,15,9019.907,414,15,1,29,6422.227593772685,6472.906518357855,4137.227593772685,2335.6789245851683,2070.0,402.0,75.0,0,,,0.31959520000964403
163,Crim1700,15,15,15,11125.395,422,15,1,29,7655.838857894258,8530.39544867266,5353.838857894258,3176.5565907784035,2110.0,410.0,75.0,0,,,0.45527139998739585
163,CrimNN,15,15,15,9112.518,441,15,1,29,6513.285445016888,6403.51838172137,4066.2854450168866,2337.232936704482,2205.0,429.0,75.0,0,,,0.37462290000985377
164,C,13,13,13,7526.107,354,13,1,29,5586.237271687905,5353.1070216414655,3687.2372716879054,1665.8697499535608,1770.0,338.0,65.0,0,,,0.3569292000029236
164,Crim1500,13,13,13,9367.207,503,13,1,29,6965.836437953213,6301.206822303712,4183.8364379532095,2117.3703843505023,2515.0,486.0,65.0,0,,,0.2209285999997519
164,Crim1700,13,13,13,10815.214,469,13,1,29,7996.643860925648,7960.214097030996,5431.6438609256475,2528.5702361053477,2345.0,445.0,65.0,0,,,0.6019164999888744
164,CrimNN,13,13,13,9276.038,499,13,1,29,6870.894289197416,6234.038390633172,4112.894289197412,2121.144101435759,2495.0,482.0,65.0,0,,,0.22686399999656714
165,C,10,10,10,7592.985,400,10,1,29,5986.5264323263955,5143.985436078352,3629.5264323263946,1514.459003751957,2000.0,399.0,50.0,0,,,0.23248889998649247
165,Crim1500,10,10,10,9599.992,481,10,1,29,6940.290836967278,6674.99161903979,4146.290836967278,2528.700782072514,2405.0,470.0,50.0,0,,,0.18405159999383613
165,Crim1700,10,10,10,9964.165,458,10,1,29,8097.188280870314,7171.164814005803,5378.188280870313,1792.9765331354924,2290.0,453.0,50.0,0,,,0.1088037000154145
165,CrimNN,10,10,10,9513.531,473,10,1,29,6865.5720404231315,6635.530555853143,4102.572040423131,2532.958515430015,2365.0,463.0,50.0,0,,,0.10251629998674616
166,C,13,13,13,8765.763,418,13,1,29,5901.227880447195,6209.762634310766,3690.2278804471944,2519.534753863571,2090.0,401.0,65.0,0,,,0.3580755000002682
166,Crim1500,13,13,13,9610.86,457,13,1,29,6672.569106491904,6820.860179135666,4154.569106491902,2666.2910726437653,2285.0,440.0,65.0,0,,,0.35663470000145026
166,Crim1700,13,13,13,9120.817,408,13,1,29,7796.054270341845,6615.817119085654,5421.054270341845,1194.7628487438085,2040.0,400.0,65.0,0,,,0.15962500000023283
166,CrimNN,13,13,13,9492.339,450,13,1,29,6588.678749174528,6743.338736851111,4101.678749174527,2641.6599876765863,2250.0,434.0,65.0,0,,,0.35536539999884553
167,C,15,15,15,8009.057,325,15,1,29,5404.5264323263955,6002.0567659548,3629.5264323263946,2372.5303336284064,1625.0,307.0,75.0,0,,,0.6772589000174776
167,Crim1500,15,15,15,10058.094,412,15,1,29,6376.412695242844,7545.09408006236,4176.412695242842,3368.6813848195243,2060.0,378.0,75.0,0,,,0.8570556000049692
167,Crim1700,15,15,15,10487.079,400,15,1,29,7560.031236149315,8047.079066641829,5404.031236149314,2643.0478304925196,2000.0,365.0,75.0,0,,,0.8331039000186138
167,CrimNN,15,15,15,10160.656,426,15,1,29,6365.470546487047,7568.6557303216705,4105.470546487045,3463.18518383463,2130.0,387.0,75.0,0,,,0.8232121999899391
168,C,10,10,10,7762.089,423,10,1,29,6090.55043565878,5188.089398636288,3657.550435658778,1530.5389629775125,2115.0,409.0,50.0,0,,,0.32378109998535365
168,Crim1500,10,10,10,8054.094,405,10,1,29,6556.929719931159,5584.093889579224,4202.9297199311595,1381.1641696480644,2025.0,395.0,50.0,0,,,0.2538468999846373
168,Crim1700,10,10,10,8657.012,412,10,1,29,7913.597913351519,6141.012316705052,5471.597913351519,669.4144033535356,2060.0,406.0,50.0,0,,,0.17515159997856244
168,CrimNN,10,10,10,8085.349,419,10,1,29,6527.30944834927,5530.349206242883,4094.30944834927,1436.039757893613,2095.0,410.0,50.0,0,,,0.2559522000083234
169,C,12,12,12,8177.817,414,12,1,29,6066.0039607570425,5641.816866308422,3663.0039607570407,1978.8129055513807,2070.0,406.0,60.0,0,,,0.36521270000957884
169,Crim1500,12,12,12,10143.573,473,12,1,29,6832.1205580971555,7260.573134076988,4140.120558097155,3120.4525759798335,2365.0,458.0,60.0,0,,,0.5480304000084288
169,Crim1700,12,12,12,10850.596,441,12,1,29,7883.5389327681,8152.595844878954,5341.538932768099,2811.0569121108565,2205.0,433.0,60.0,0,,,0.45869269999093376
169,CrimNN,12,12,12,10021.559,465,12,1,29,6711.28544501689,7185.559129917763,4066.2854450168866,3119.273684900877,2325.0,451.0,60.0,0,,,0.4755557000171393
170,C,10,10,10,7686.26,411,10,1,29,6052.5264323263955,5174.260134789418,3629.5264323263946,1544.7337024630247,2055.0,407.0,50.0,0,,,0.15836339999805205
170,Crim1500,10,10,10,9627.635,509,10,1,29,7046.227593772685,6540.635061682218,4137.227593772685,2403.4074679095324,2545.0,492.0,50.0,0,,,0.30764410001575015
170,Crim1700,10,10,10,10178.312,472,10,1,29,8072.88114530749,7310.31236645472,5362.88114530749,1947.43122114723,2360.0,458.0,50.0,0,,,0.3622795999981463
170,CrimNN,10,10,10,9520.693,503,10,1,29,6939.28544501689,6469.69291292642,4066.2854450168866,2403.4074679095324,2515.0,486.0,50.0,0,,,0.444174500007648
171,C,13,13,13,8331.239,385,13,1,29,5864.693453429732,5971.2390779432235,3677.6934534297297,2293.5456245134956,1925.0,370.0,65.0,0,,,0.3140956000133883
171,Crim1500,13,13,13,9172.854,405,13,1,29,6485.239030521244,6688.854331830444,4166.239030521242,2522.6153013092007,2025.0,394.0,65.0,0,,,0.38583360001211986
171,Crim1700,13,13,13,9973.726,427,13,1,29,7895.744442551239,7352.7260269698045,5392.7444425512385,1959.9815844185657,2135.0,421.0,65.0,0,,,0.23769300000276417
171,CrimNN,13,13,13,9087.25,397,13,1,29,6354.296881765446,6653.2499785263735,4095.296881765444,2557.95309676093,1985.0,384.0,65.0,0,,,0.4691400000010617
172,C,15,15,15,7589.462,342,15,1,29,5572.5264323263955,5469.461730000473,3629.5264323263946,1839.935297674077,1710.0,335.0,75.0,0,,,0.4979019000020344
172,Crim1500,15,15,15,9315.313,440,15,1,29,6638.227593772687,6610.3129181989625,4137.227593772685,2473.085324426277,2200.0,430.0,75.0,0,,,0.468421199999284
172,Crim1700,15,15,15,10039.641,428,15,1,29,7866.806531790067,7402.641358388242,5374.806531790067,2027.8348265981767,2140.0,422.0,75.0,0,,,0.3112041000276804
172,CrimNN,15,15,15,9184.371,430,15,1,29,6507.28544501689,6539.370769443163,4066.2854450168866,2473.085324426277,2150.0,420.0,75.0,0,,,0.45752929997979663
173,C,16,16,16,7570.117,301,16,1,29,5032.587640443834,5694.1171438447545,3325.587640443833,2368.5295034009223,1505.0,291.0,80.0,0,,,0.42263610000372864
173,Crim1500,16,16,16,8475.175,349,16,1,29,4039.424506821641,6308.175185500876,2384.4245068216405,3923.7506786792346,1745.0,342.0,80.0,0,,,0.5351129999908153
173,Crim1700,16,16,16,7418.444,357,16,1,29,3972.6614954749803,5197.443866772644,2377.6614954749803,2819.782371297663,1785.0,356.0,80.0,0,,,0.3694460999977309
173,CrimNN,16,16,16,7850.723,326,16,1,29,3750.192564726001,5822.722999855088,2221.1925647260005,3601.530435129086,1630.0,318.0,80.0,0,,,0.5335926999978255
174,C,16,16,16,5572.474,223,16,1,29,2989.0883026863744,4167.47366096546,1912.0883026863744,2255.385358279086,1115.0,210.0,80.0,0,,,0.39597019998473115
174,Crim1500,16,16,16,9446.794,370,16,1,29,6080.757088352403,7164.794341741619,4059.7570883524027,3105.0372533892164,1850.0,352.0,80.0,0,,,0.6617913999943994
174,Crim1700,16,16,16,9473.925,369,16,1,29,5833.245120849379,7198.925085171688,3944.2451208493794,3254.6799643223085,1845.0,350.0,80.0,0,,,0.6164914000255521
174,CrimNN,16,16,16,9303.852,358,16,1,29,5937.814939596606,7093.852192985821,3988.8149395966043,3105.0372533892164,1790.0,340.0,80.0,0,,,0.7585954999958631
175,C,16,16,16,8827.533,423,16,1,29,4749.369788528068,6224.533190241924,2944.3697885280676,3280.1634017138563,2115.0,408.0,80.0,0,,,0.9586831000051461
175,Crim1500,16,16,16,8875.11,353,16,1,29,4956.294471525404,6704.109536021302,3073.294471525404,3630.8150644959005,1765.0,326.0,80.0,0,,,0.42539650000981055
175,Crim1700,16,16,16,8041.682,284,16,1,29,4514.126300262043,6274.681891972074,2968.1263002620435,3306.555591710032,1420.0,267.0,80.0,0,,,0.3147698000248056
175,CrimNN,16,16,16,8543.45,341,16,1,29,4826.515096945384,6444.4503487422835,3010.5150969453834,3433.9352517969023,1705.0,314.0,80.0,0,,,0.40486059998511337
176,C,16,16,16,7602.639,275,16,1,29,4695.070939864439,5885.638871526308,3156.0709398644394,2729.567931661871,1375.0,262.0,80.0,0,,,0.4003278999880422
176,Crim1500,16,16,16,9372.483,365,16,1,29,5756.59375249136,7118.483219370117,3754.59375249136,3363.8894668787534,1825.0,349.0,80.0,0,,,0.3645344999968074
176,Crim1700,16,16,16,10082.09,388,16,1,29,5478.5365262371115,7696.090363440377,3625.5365262371115,4070.5538372032674,1940.0,366.0,80.0,0,,,0.5908467000117525
176,CrimNN,16,16,16,9219.979,353,16,1,29,5604.0892952652675,7037.978762144024,3674.089295265266,3363.8894668787534,1765.0,337.0,80.0,0,,,0.511927099985769
177,C,12,12,12,8221.345,392,12,1,29,5806.0030159685275,5832.344894015901,3631.0030159685266,2201.341878047379,1960.0,369.0,60.0,0,,,0.5597010999917984
177,Crim1500,12,12,12,8586.847,435,12,1,29,6673.652442041072,5921.846746529283,4137.6524420410715,1784.1943044882119,2175.0,430.0,60.0,0,,,0.3256507999903988
177,Crim1700,12,12,12,9467.907,407,12,1,29,7776.115226578991,6969.907102481655,5386.1152265789915,1583.7918759026643,2035.0,403.0,60.0,0,,,0.21369380000396632
177,CrimNN,12,12,12,8467.069,427,12,1,29,6554.710293285274,5850.068725479964,4066.710293285273,1783.358432194691,2135.0,422.0,60.0,0,,,0.20551599998725578
178,C,13,13,13,7891.87,351,13,1,29,5668.5264323263955,5724.870474646778,3629.5264323263946,2095.344042320383,1755.0,347.0,65.0,0,,,0.21417250001104549
178,Crim1500,13,13,13,8690.032,463,13,1,29,6866.61466907011,5851.032405888784,4145.614669070109,1705.417736818676,2315.0,459.0,65.0,0,,,0.2624906999990344
178,Crim1700,13,13,13,9189.669,435,13,1,29,7957.458931124761,6519.668753459439,5383.458931124761,1136.2098223346786,2175.0,430.0,65.0,0,,,0.30042869999306276
178,CrimNN,13,13,13,8626.214,457,13,1,29,6759.672520314312,5823.213596945231,4074.672520314311,1748.5410766309221,2285.0,453.0,65.0,0,,,0.24302029999671504
179,C,13,13,13,7876.043,381,13,1,29,5870.797356314932,5531.042944142614,3670.7973563149308,1860.2455878276828,1905.0,375.0,65.0,0,,,0.398726399987936
179,Crim1500,13,13,13,9287.974,396,13,1,29,6356.227593772685,6863.973752757433,4137.227593772685,2726.7461589847508,1980.0,379.0,65.0,0,,,0.3755276000010781
179,Crim1700,13,13,13,10290.813,396,13,1,29,7620.543806214665,7858.812646936852,5342.543806214665,2516.2688407221867,1980.0,387.0,65.0,0,,,0.27783269999781623
179,CrimNN,13,13,13,8815.96,375,13,1,29,6263.853523408866,6506.959608838165,4099.853523408866,2407.1060854292987,1875.0,369.0,65.0,0,,,0.2056215000047814
180,C,12,12,12,8507.19,393,12,1,29,5932.5264323263955,6092.190123029114,3629.5264323263946,2462.6636907027223,1965.0,390.0,60.0,0,,,0.2673843000084162
180,Crim1500,12,12,12,9229.848,440,12,1,29,6710.227593772685,6532.848334550147,4137.227593772685,2395.62074077746,2200.0,437.0,60.0,0,,,0.24632600002223626
180,Crim1700,12,12,12,9416.835,404,12,1,29,7753.665305700032,6934.8353866890075,5368.665305700032,1566.170080988975,2020.0,402.0,60.0,0,,,0.18335199999273755
180,CrimNN,12,12,12,9116.229,433,12,1,29,6597.285445016888,6461.228573785195,4066.2854450168866,2394.9431287683083,2165.0,430.0,60.0,0,,,0.2503904000041075
181,C,14,14,14,8618.363,390,14,1,29,5692.044859227611,6237.363498082799,3631.0448592276102,2606.3186388551862,1950.0,361.0,70.0,0,,,0.7641734999779146
181,Crim1500,14,14,14,11046.381,482,14,1,29,6662.227593772687,8124.381138588665,4137.227593772685,3987.1535448159784,2410.0,442.0,70.0,0,,,0.8325322999735363
181,Crim1700,14,14,14,10926.213,436,14,1,29,7718.224287905722,8253.213063970708,5344.224287905722,2908.988776064988,2180.0,423.0,70.0,0,,,0.3795958000118844
181,CrimNN,14,14,14,10860.762,473,14,1,29,6543.285445016888,7991.762468104704,4066.2854450168866,3925.4770230878157,2365.0,434.0,70.0,0,,,0.8274719000037294
182,C,16,16,16,8098.685,350,16,1,29,5254.429728936942,5938.684903216804,3354.429728936942,2584.2551742798646,1750.0,330.0,80.0,0,,,0.5495811000000685
182,Crim1500,16,16,16,10311.289,447,16,1,29,5704.746109663819,7576.2889646912745,3427.746109663817,4148.542855027462,2235.0,420.0,80.0,0,,,0.4704102999821771
182,Crim1700,16,16,16,9895.187,469,16,1,29,5425.157245536592,7017.187427571077,3377.157245536592,3640.030182034489,2345.0,453.0,80.0,0,,,0.4458714999782387
182,CrimNN,16,16,16,10186.628,438,16,1,29,5579.803960908021,7505.627713172247,3356.8039609080192,4148.823752264233,2190.0,411.0,80.0,0,,,0.409902699990198
183,C,11,11,11,8557.908,414,11,1,29,5976.514688287553,6041.908048095049,3645.5146882875515,2396.3933598074977,2070.0,391.0,55.0,0,,,0.2877448000072036
183,Crim1500,11,11,11,9643.94,481,11,1,29,6939.065381727883,6717.939960773113,4187.065381727882,2530.8745790452303,2405.0,466.0,55.0,0,,,0.25879140000324696
183,Crim1700,11,11,11,10663.664,487,11,1,29,8177.694074800849,7707.6636017722,5397.694074800847,2309.969526971352,2435.0,466.0,55.0,0,,,0.3537216999975499
183,CrimNN,11,11,11,9537.081,476,11,1,29,6832.20593009248,6641.080509137711,4110.205930092479,2530.8745790452303,2380.0,461.0,55.0,0,,,0.2317646000010427
184,C,15,15,15,8169.519,358,15,1,29,5666.898318046761,5960.51939215228,3647.8983180467612,2312.6210741055193,1790.0,344.0,75.0,0,,,0.5041376000153832
184,Crim1500,15,15,15,9245.604,412,15,1,29,6470.593160905911,6714.604396083068,4139.59316090591,2575.0112351771586,2060.0,396.0,75.0,0,,,0.394222400005674
184,Crim1700,15,15,15,10494.511,391,15,1,29,7637.408618040603,8087.510769559158,5388.408618040604,2699.102151518554,1955.0,377.0,75.0,0,,,0.2788155000016559
184,CrimNN,15,15,15,9135.34,403,15,1,29,6348.952950365115,6658.340363944504,4076.952950365113,2581.3874135793913,2015.0,387.0,75.0,0,,,0.4206566000066232
185,C,10,10,10,8264.154,443,10,1,29,6202.526432326396,5564.153970614072,3629.5264323263946,1934.6275382876786,2215.0,435.0,50.0,0,,,0.2407592000090517
185,Crim1500,10,10,10,9255.828,448,10,1,29,6716.227593772685,6527.827788945121,4137.227593772685,2390.6001951724375,2240.0,438.0,50.0,0,,,0.28092190000461414
185,Crim1700,10,10,10,10367.708,439,10,1,29,7918.182847514342,7688.708399800036,5340.182847514342,2348.5255522856946,2195.0,434.0,50.0,0,,,0.12937149999197572
185,CrimNN,10,10,10,9134.825,440,10,1,29,6603.285445016888,6453.825450984467,4066.2854450168866,2387.5400059675826,2200.0,431.0,50.0,0,,,0.24238830001559108
186,C,13,13,13,7938.05,327,13,1,29,5447.468995858158,5927.049933815882,3631.4689958581575,2295.580937957724,1635.0,311.0,65.0,0,,,0.4119352000125218
186,Crim1500,13,13,13,9291.49,425,13,1,29,6549.17015730445,6691.489744634403,4139.170157304448,2552.3195873299574,2125.0,410.0,65.0,0,,,0.4349815000023227
186,Crim1700,13,13,13,10202.893,416,13,1,29,7753.027653761035,7651.892531479687,5345.027653761036,2306.8648777186513,2080.0,406.0,65.0,0,,,0.34417610001401044
186,CrimNN,13,13,13,9165.63,417,13,1,29,6430.228008548651,6613.629625863315,4068.22800854865,2545.401617314666,2085.0,402.0,65.0,0,,,0.4491390000039246
187,C,16,16,16,6454.298,255,16,1,29,4456.27449755861,4855.298364576216,3015.274497558611,1840.0238670176057,1275.0,244.0,80.0,0,,,0.2990646999969613
187,Crim1500,16,16,16,10410.94,410,16,1,29,5097.280679762763,7898.940382103486,3413.280679762762,4485.659702340726,2050.0,382.0,80.0,0,,,0.6765077000018209
187,Crim1700,16,16,16,7740.584,358,16,1,29,5016.113551778541,5517.584048784067,3297.11355177854,2220.470497005528,1790.0,353.0,80.0,0,,,0.38490490001277067
187,CrimNN,16,16,16,10175.951,392,16,1,29,4972.840918303471,7771.951481659406,3349.84091830347,4422.110563355938,1960.0,364.0,80.0,0,,,0.612344099994516
188,C,10,10,10,7842.494,426,10,1,29,6189.257524067276,5237.493878872804,3648.2575240672763,1589.2363548055293,2130.0,425.0,50.0,0,,,0.08729319999110885
188,Crim1500,10,10,10,8708.906,456,10,1,29,6831.910968066458,5926.905953662358,4139.910968066456,1786.9949855959035,2280.0,452.0,50.0,0,,,0.11216540000168607
188,Crim1700,10,10,10,9761.188,437,10,1,29,7931.006075525684,7095.187618949526,5366.006075525684,1729.1815434238447,2185.0,431.0,50.0,0,,,0.22002840001368895
188,CrimNN,10,10,10,8589.964,448,10,1,29,6712.968819310659,5855.963804906561,4068.968819310658,1786.9949855959035,2240.0,444.0,50.0,0,,,0.15349100000457838
189,C,12,12,12,7564.256,350,12,1,29,5656.5264323263955,5409.256483031688,3629.5264323263946,1779.730050705294,1750.0,345.0,60.0,0,,,0.3209795999864582
189,Crim1500,12,12,12,9420.706,504,12,1,29,7106.227593772687,6340.705977010554,4137.227593772685,2203.4783832378675,2520.0,500.0,60.0,0,,,0.16375099998549558
189,Crim1700,12,12,12,10308.853,483,12,1,29,8203.711237436826,7358.8525820966315,5375.711237436826,1983.1413446598049,2415.0,475.0,60.0,0,,,0.18103469998459332
189,CrimNN,12,12,12,9331.764,501,12,1,29,7017.28544501689,6269.763828254756,4066.2854450168866,2203.4783832378675,2505.0,497.0,60.0,0,,,0.13892659998964518
190,C,11,11,11,8042.907,442,11,1,29,6196.526432326396,5341.906632870599,3629.5264323263946,1712.3802005442046,2210.0,436.0,55.0,0,,,0.3131107999943197
190,Crim1500,11,11,11,9712.132,482,11,1,29,6916.491357423366,6775.132415060652,4146.491357423365,2628.6410576372873,2410.0,472.0,55.0,0,,,0.3158416000078432
190,Crim1700,11,11,11,10075.864,445,11,1,29,7921.384865749836,7360.864006756102,5356.384865749835,2004.4791410062662,2225.0,435.0,55.0,0,,,0.357263799989596
190,CrimNN,11,11,11,9605.427,474,11,1,29,6783.28544501689,6716.426673299693,4066.2854450168866,2650.141228282807,2370.0,464.0,55.0,0,,,0.2557742000208236
191,C,13,13,13,8073.013,351,13,1,29,5645.1761859732715,5915.012859564201,3655.1761859732705,2259.8366735909285,1755.0,338.0,65.0,0,,,0.516051399987191
191,Crim1500,13,13,13,9042.576,433,13,1,29,6665.161396556914,6398.576318011304,4209.161396556912,2189.4149214543954,2165.0,414.0,65.0,0,,,0.44602629999280907
191,Crim1700,13,13,13,10230.097,422,13,1,29,7751.105337372748,7660.097067225361,5404.105337372746,2255.9917298526175,2110.0,395.0,65.0,0,,,0.6445928000030108
191,CrimNN,13,13,13,9098.684,431,13,1,29,6513.90233282029,6471.683777296742,4110.902332820288,2360.781444476459,2155.0,407.0,65.0,0,,,0.652034900005674
192,C,12,12,12,7743.178,380,12,1,29,5854.767133820032,5410.177521478794,3631.7671338200307,1778.4103876587646,1900.0,373.0,60.0,0,,,0.2052689999982249
192,Crim1500,12,12,12,9880.277,431,12,1,29,6620.227593772685,7243.277226291218,4137.227593772685,3106.04963251853,2155.0,422.0,60.0,0,,,0.1948444000154268
192,Crim1700,12,12,12,10550.842,416,12,1,29,7747.795104803873,8003.842484249343,5339.795104803873,2664.047379445472,2080.0,407.0,60.0,0,,,0.2251737999904435
192,CrimNN,12,12,12,9749.335,421,12,1,29,6489.285445016888,7172.335077535418,4066.2854450168866,3106.04963251853,2105.0,412.0,60.0,0,,,0.16955180000513792
193,C,16,16,16,7195.314,318,16,1,29,4707.777543591354,5219.314341023204,2987.777543591354,2231.53679743185,1590.0,306.0,80.0,0,,,0.28959780000150204
193,Crim1500,16,16,16,8595.841,370,16,1,29,6116.318071354265,6303.840992887194,3984.318071354262,2319.522921532931,1850.0,362.0,80.0,0,,,0.20769100001780316
193,Crim1700,16,16,16,8920.805,397,16,1,29,6030.8061038512415,6474.804862334811,3868.806103851239,2605.9987584835703,1985.0,381.0,80.0,0,,,0.33310670001083054
193,CrimNN,16,16,16,8508.342,360,16,1,29,6025.321147260459,6273.341691737436,3953.321147260456,2320.0205444769804,1800.0,355.0,80.0,0,,,0.3026593000104185
194,C,16,16,16,6263.431,245,16,1,29,1900.7884289332053,4724.430528334275,1166.7884289332053,3557.64209940107,1225.0,234.0,80.0,0,,,0.4186041000066325
194,Crim1500,16,16,16,8901.333,437,16,1,29,5818.940759393767,6210.333457440389,3456.9407593937644,2753.392698046626,2185.0,426.0,80.0,0,,,0.2784520999994129
194,Crim1700,16,16,16,8394.923,381,16,1,29,5382.979226536565,6040.923364945084,3345.9792265365645,2694.944138408521,1905.0,369.0,80.0,0,,,0.29335240001091734
194,CrimNN,16,16,16,8803.236,432,16,1,29,5717.998610637969,6142.235960787069,3385.998610637966,2756.2373501491056,2160.0,421.0,80.0,0,,,0.30176159998518415
195,C,11,11,11,8107.112,405,11,1,29,6004.526432326396,5626.111637999988,3629.5264323263946,1996.5852056735923,2025.0,401.0,55.0,0,,,0.16362620002473705
195,Crim1500,11,11,11,8899.144,404,11,1,29,6470.227593772685,6425.144082827767,4137.227593772685,2287.916489055083,2020.0,399.0,55.0,0,,,0.20121739999740385
195,Crim1700,11,11,11,10386.884,420,11,1,29,7724.135723563887,7833.883990024387,5381.135723563887,2452.7482664605045,2100.0,398.0,55.0,0,,,0.5923113999888301
195,CrimNN,11,11,11,8615.406,395,11,1,29,6351.285445016888,6194.40615357196,4066.2854450168866,2128.120708555073,1975.0,391.0,55.0,0,,,0.1281336999963969
196,C,15,15,15,8079.254,357,15,1,29,5524.957412194344,5884.254322910758,3680.957412194344,2203.296910716414,1785.0,335.0,75.0,0,,,0.33679030000348575
196,Crim1500,15,15,15,9563.355,408,15,1,29,6248.227593772685,7065.355238439516,4137.227593772685,2928.127644666832,2040.0,383.0,75.0,0,,,0.37964699999429286
196,Crim1700,15,15,15,10649.119,384,15,1,29,7449.020274163721,8290.119149073034,5346.020274163721,2944.098874909315,1920.0,364.0,75.0,0,,,0.380390600010287
196,CrimNN,15,15,15,9513.482,402,15,1,29,6117.285445016888,7051.481881514392,4066.2854450168866,2985.196436497508,2010.0,377.0,75.0,0,,,0.4213595000037458
197,C,13,13,13,7403.756,364,13,1,29,5705.298842092921,5161.755612692732,3631.2988420929205,1530.4567705998113,1820.0,357.0,65.0,0,,,0.3212158000096679
197,Crim1500,13,13,13,9318.087,442,13,1,29,6647.831929135417,6617.0866696802705,4171.831929135416,2445.2547405448568,2210.0,426.0,65.0,0,,,0.4507688000157941
197,Crim1700,13,13,13,9334.554,404,13,1,29,7625.501853066831,6861.554107561751,5342.501853066831,1519.052254494922,2020.0,388.0,65.0,0,,,0.4181044999859296
197,CrimNN,13,13,13,9187.145,432,13,1,29,6516.88978037962,6546.144520924471,4100.889780379618,2445.2547405448568,2160.0,416.0,65.0,0,,,0.47625549999065697
198,C,10,10,10,7567.332,421,10,1,29,6188.7722328269165,4996.331922837082,3685.772232826915,1310.559690010167,2105.0,416.0,50.0,0,,,0.12722240001312457
198,Crim1500,10,10,10,8310.735,462,10,1,29,6934.500928319668,5498.7349324396655,4227.500928319667,1271.2340041199996,2310.0,452.0,50.0,0,,,0.24536770000122488
198,Crim1700,10,10,10,9278.822,460,10,1,29,8157.591473064999,6475.822361432269,5427.591473064998,1048.2308883672695,2300.0,453.0,50.0,0,,,0.16170090000377968
198,CrimNN,10,10,10,8219.462,458,10,1,29,6843.228041278772,5431.46204539877,4160.228041278771,1271.2340041199996,2290.0,448.0,50.0,0,,,0.25665460000163876
199,C,12,12,12,8178.193,400,12,1,29,5873.710292239068,5739.193107950386,3631.7102922390663,2107.48281571132,2000.0,379.0,60.0,0,,,0.5282952999987174
199,Crim1500,12,12,12,9743.834,453,12,1,29,6669.201288815532,6987.833652719859,4139.2012888155305,2848.6323639043294,2265.0,431.0,60.0,0,,,0.5849514000001363
199,Crim1700,12,12,12,9823.508,403,12,1,29,7727.086490138187,7353.508078825164,5391.0864901381865,1962.4215886869802,2015.0,395.0,60.0,0,,,0.23442950000753626
199,CrimNN,12,12,12,9735.433,447,12,1,29,6549.285445016888,7016.433306046586,4066.2854450168866,2950.1478610297013,2235.0,424.0,60.0,0,,,0.5567940000037197
200,C,15,15,15,9253.292,456,15,1,29,5978.61196251132,6453.291977076483,3676.611962511318,2776.680014565168,2280.0,445.0,75.0,0,,,0.4417341999942437
200,Crim1500,15,15,15,10293.531,465,15,1,29,6494.227593772685,7441.53113177787,4137.227593772685,3304.3035380051883,2325.0,452.0,75.0,0,,,0.4499583000142593
200,Crim1700,15,15,15,11067.179,427,15,1,29,7544.360510969922,8448.178725241803,5346.360510969922,3101.81821427188,2135.0,409.0,75.0,0,,,0.27451220000511967
200,CrimNN,15,15,15,9597.18,420,15,1,29,6375.285445016888,7012.179696118141,4066.2854450168866,2945.8942511012533,2100.0,410.0,75.0,0,,,0.2984419999993406
