seed,case,model,source_count,all_cleared,total_time_per_source_s,movement_time_per_source_s,detection_switch_time_per_source_s,clear_action_time_per_source_s,measure_actions_per_source,channel_switches_per_source,last_discovery_time_per_source_s,search_end_time_per_source_s,search_movement_time_per_source_s,unfinished_after_search_rate,not_clear_ready_after_search_rate,active_measurements_per_source,co_measurements_per_source,coverage_insertions_per_source,decomposition_error_s
112358,1,I,16,1,249.3956875,204.58321232020177,39.8125,5.0,6.6875,6.375,123.6737811875,125.54878119665526,88.73628119665526,0.8125,0.375,2.4375,1.5,0.5,0.00039712322814011713
112358,1,J,16,1,243.517,198.26697179516705,40.25,5.0,6.75,6.5,110.25980525,122.02109897112133,84.89609897112133,0.75,0.4375,2.5,1.6875,0.5,0.00045127732710170676
112358,1,Jplus,16,1,243.8069375,201.61946616744706,37.1875,5.0,6.25,5.9375,95.172967375,107.20613658641435,75.45613658641435,0.9375,0.625,2.0,1.5,0.0,0.0004586791528709
112358,1,Ring8,16,1,255.6510625,208.5260570915997,42.125,5.0,7.0625,6.8125,103.8221790625,105.69717907800451,68.1971790780045,0.6875,0.4375,2.625,1.5,0.5,8.653440454509109e-05
112358,2,I,16,1,245.6231875,201.49816911551025,39.125,5.0,6.625,6.0,91.56985275,92.3198527626514,60.06985276265141,0.875,0.6875,2.6875,1.625,0.5,0.0002941518359875772
112358,2,J,16,1,236.002,185.06448170394114,45.9375,5.0,7.6875,7.5,111.1706375625,112.29563756020971,71.67063756020971,0.8125,0.625,2.5,1.6875,0.5,0.00029273694190123933
112358,2,Jplus,16,1,213.057625,175.7450946384352,32.3125,5.0,5.5,4.8125,54.7566869375,56.63168695587791,34.19418695587791,1.0,0.8125,2.25,1.6875,0.0,0.00048578503674434614
112358,2,Ring8,16,1,273.0998125,219.34983736723322,48.75,5.0,8.1875,7.8125,123.7875815625,124.162581561592,81.22508156159203,0.875,0.5,2.8125,1.8125,0.5,0.0003978757317781856
112358,3,I,14,1,278.61364285714285,225.4708055460655,48.142857142857146,5.0,8.071428571428571,7.785714285714286,123.99707264285713,147.67909298700206,103.32195012985918,0.8571428571428571,0.5,3.0,2.142857142857143,0.5714285714285714,0.0002776449168777617
112358,3,J,14,1,276.53421428571426,222.8199270991686,48.714285714285715,5.0,8.214285714285714,7.642857142857143,103.574019,139.03949915852746,91.96807058709886,0.7142857142857143,0.2857142857142857,2.7857142857142856,1.7857142857142858,0.5714285714285714,2.0611639229173306e-05
112358,3,Jplus,14,1,266.3682142857143,218.72533492653886,42.642857142857146,5.0,7.142857142857143,6.928571428571429,95.07579871428571,131.40683623931994,89.33540766789135,0.7142857142857143,0.2857142857142857,1.7142857142857142,1.5,0.0,0.00031102845605346374
112358,3,Ring8,14,1,263.6535714285714,207.0821716238107,51.57142857142857,5.0,8.642857142857142,8.357142857142858,100.22212378571429,144.48278116090142,94.33992401804433,0.6428571428571429,0.2857142857142857,2.7857142857142856,1.9285714285714286,0.5714285714285714,0.00040273334980156505
112358,4,I,10,1,308.0179,225.61791406397452,77.4,5.0,13.0,12.4,182.9518935,220.35189354054245,148.15189354054252,0.8,0.7,2.9,1.8,0.8,0.00014063974504097132
112358,4,J,10,1,326.7404,235.74044394671256,86.0,5.0,14.4,14.0,178.9103335,210.97047384892613,129.7704738489261,0.8,0.3,2.9,2.1,0.4,0.0004394671254885907
112358,4,Jplus,10,1,326.8274,240.5274496310914,81.3,5.0,13.6,13.3,171.6675486,201.62289813706312,124.42289813706309,0.9,0.4,2.1,2.1,0.0,0.000496310914058995
112358,4,Ring8,10,1,304.8808,206.58084244502297,93.3,5.0,15.6,15.3,169.6611813,229.7826562296365,139.08265622963648,0.7,0.4,3.0,2.1,0.8,0.00042445022972970037
112358,5,I,14,1,268.8455,220.91691906673893,42.92857142857143,5.0,7.214285714285714,6.857142857142857,101.32556985714287,142.7541412768113,104.53985556252562,0.7857142857142857,0.6428571428571429,2.4285714285714284,1.4285714285714286,0.5714285714285714,0.00013306565506354673
112358,5,J,14,1,269.5837857142857,214.36946938166793,50.214285714285715,5.0,8.428571428571429,8.071428571428571,88.65017492857143,140.28753567291648,93.43039281577362,0.8571428571428571,0.42857142857142855,3.357142857142857,2.357142857142857,0.5714285714285714,0.0004286566486371157
112358,5,Jplus,14,1,244.71157142857143,198.49725203807273,41.214285714285715,5.0,6.928571428571429,6.571428571428571,74.54717764285715,132.57692190561278,93.07692190561279,0.7142857142857143,0.2857142857142857,1.8571428571428572,1.5714285714285714,0.0,0.00047146698170763557
112358,5,Ring8,14,1,241.71714285714285,185.8599678921628,50.857142857142854,5.0,8.5,8.357142857142858,74.91041471428571,142.27062842873514,92.627771285878,0.5714285714285714,0.42857142857142855,3.0,2.2142857142857144,0.5714285714285714,0.00044950972051083227
112358,6,I,11,1,343.18963636363634,275.0078183979052,63.18181818181818,5.0,10.636363636363637,10.0,161.09856636363637,193.60978781253118,134.5188787216221,0.8181818181818182,0.5454545454545454,2.8181818181818183,1.6363636363636365,0.7272727272727273,2.3769575818732847e-06
112358,6,J,11,1,354.29845454545455,279.207571857974,70.0909090909091,5.0,11.818181818181818,11.0,138.5027951818182,189.25322930612393,123.16232021521479,0.6363636363636364,0.45454545454545453,2.6363636363636362,1.2727272727272727,0.6363636363636364,0.00029043771428405307
112358,6,Jplus,11,1,356.86190909090914,283.316485504051,68.54545454545455,5.0,11.545454545454545,10.818181818181818,131.96603263636365,177.7030318863465,115.15757734089193,0.9090909090909091,0.5454545454545454,2.3636363636363638,1.7272727272727273,0.0,0.00034054456091325847
112358,6,Ring8,11,1,334.75454545454545,250.481836244185,79.27272727272727,5.0,13.272727272727273,12.909090909090908,174.52765736363637,200.8658163314669,124.32036178601237,0.7272727272727273,0.5454545454545454,2.8181818181818183,1.7272727272727273,0.7272727272727273,0.0001986860347642505
112358,7,I,16,1,243.9683125,200.28082729351362,38.6875,5.0,6.5,6.1875,112.096485,113.97148500872892,79.47148500872893,0.75,0.625,2.3125,1.5,0.4375,0.0002366962180531118
112358,7,J,16,1,243.5883125,196.83833312158293,41.75,5.0,7.0,6.75,108.5068310625,120.5641918202865,81.43919182028651,0.8125,0.4375,2.375,1.625,0.5,0.0003299453269391961
112358,7,Jplus,16,1,246.3555,201.2305000676169,40.125,5.0,6.75,6.375,99.297967375,112.09883430458333,77.34883430458333,0.9375,0.625,2.125,1.875,0.0,1.0818703231052496e-06
112358,7,Ring8,16,1,242.6166875,192.17918178166533,45.4375,5.0,7.625,7.3125,115.448224,124.49841634181365,82.56091634181367,0.75,0.625,2.375,1.5625,0.4375,9.14933548301633e-05
112358,8,I,16,1,250.2765,209.9014988882622,35.375,5.0,5.9375,5.6875,128.98604525,131.61104523177517,98.98604523177515,0.75,0.3125,2.3125,1.5,0.5,1.778780460881535e-05
112358,8,J,16,1,244.60475,201.72974110217842,37.875,5.0,6.375,6.0,103.2327579375,116.72626468782896,83.03876468782894,0.6875,0.5,2.5,1.375,0.5,0.000142365145165968
112358,8,Jplus,16,1,234.36575,193.67821959729864,35.6875,5.0,6.0,5.6875,95.426537125,109.33310931661701,78.458109316617,0.8125,0.5,2.125,1.5625,0.0,0.0004864432216891146
112358,8,Ring8,16,1,246.1605,198.72297468728894,42.4375,5.0,7.125,6.8125,115.865179875,123.74231729966061,83.99231729966067,0.8125,0.3125,2.3125,1.3125,0.5,0.0004050033771818562
112358,9,I,15,1,270.1156,220.64894312483975,44.46666666666667,5.0,7.466666666666667,7.133333333333334,120.42543493333332,139.3587682976445,98.49210163097784,0.7333333333333333,0.5333333333333333,2.6,1.7333333333333334,0.5333333333333333,0.0001468725963604811
112358,9,J,15,1,262.39793333333336,210.46460190107746,46.93333333333333,5.0,7.866666666666666,7.6,119.101865,135.62097591610421,90.82097591610422,0.6666666666666666,0.4666666666666667,2.6,1.6666666666666667,0.5333333333333333,2.851616181942518e-05
112358,9,Jplus,15,1,259.1908,210.99080857238758,43.2,5.0,7.266666666666667,6.866666666666666,109.03568413333333,125.00591719617245,85.2725838628391,0.8,0.4666666666666667,2.0,1.6666666666666667,0.0,0.00012858581339969533
112358,9,Ring8,15,1,296.8243333333333,238.22435586848061,53.6,5.0,9.0,8.6,122.14545026666666,136.54177481767584,87.94177481767584,0.8666666666666667,0.4,2.533333333333333,1.4,0.5333333333333333,0.00033802720963649335
112358,10,I,16,1,250.2665,208.95399370801846,36.3125,5.0,6.125,5.6875,126.0405045625,127.91550454963908,94.91550454963908,0.75,0.4375,2.1875,1.25,0.5,0.00010067170478578191
112358,10,J,16,1,252.756,204.0684709938289,43.6875,5.0,7.3125,7.125,110.5429104375,121.9631322646146,82.0881322646146,0.8125,0.5625,2.8125,1.875,0.5,0.00046409873766606324
112358,10,Jplus,16,1,250.722875,206.2853844669047,39.4375,5.0,6.625,6.3125,102.1216295625,103.62162956449379,69.30912956449379,0.875,0.5,2.125,1.625,0.0,0.00015147047542996006
112358,10,Ring8,16,1,248.9151875,203.16519717099175,40.75,5.0,6.875,6.375,109.0864890625,120.22345262460516,82.41095262460514,0.6875,0.4375,2.4375,1.5625,0.5,0.00015473586790903937
112358,11,I,11,1,345.8390909090909,278.4754795137335,62.36363636363637,5.0,10.454545454545455,10.090909090909092,197.03803854545455,201.4016748735745,140.31076578266547,0.6363636363636364,0.2727272727272727,2.3636363636363638,1.3636363636363635,0.6363636363636364,0.00027465106859381194
112358,11,J,11,1,347.9844545454546,274.25716725707906,68.72727272727273,5.0,11.545454545454545,11.0,141.27640472727273,189.63454729221164,123.08909274675703,0.7272727272727273,0.45454545454545453,2.6363636363636362,1.5454545454545454,0.6363636363636364,0.00016017213056329638
112358,11,Jplus,11,1,347.89154545454545,276.70968937354615,66.18181818181819,5.0,11.090909090909092,10.727272727272727,128.65581663636365,175.48372489837632,112.84736126201265,1.0,0.45454545454545453,2.1818181818181817,1.8181818181818181,0.0,0.00041689099180075573
112358,11,Ring8,11,1,360.66872727272727,279.7596409974137,75.9090909090909,5.0,12.727272727272727,12.272727272727273,133.5691109090909,199.17515442063657,128.08424532972742,0.7272727272727273,0.5454545454545454,3.1818181818181817,1.6363636363636365,0.7272727272727273,5.097155099065276e-05
112358,12,I,14,1,278.83842857142855,224.4812581006179,49.357142857142854,5.0,8.285714285714286,7.928571428571429,129.03911264285713,149.75339835845634,104.32482692988492,0.7142857142857143,0.6428571428571429,2.7857142857142856,1.6428571428571428,0.5714285714285714,0.0003865913490699313
112358,12,J,14,1,285.274,226.5597471614569,53.714285714285715,5.0,9.0,8.714285714285714,128.32195885714285,145.00435142467722,96.36149428182007,0.8571428571428571,0.5,2.857142857142857,1.7142857142857142,0.5714285714285714,0.0004602603967214236
112358,12,Jplus,14,1,255.65942857142858,205.80231407916705,44.857142857142854,5.0,7.5,7.357142857142857,93.37242735714287,130.54999250293585,90.83570678865014,0.9285714285714286,0.42857142857142855,1.9285714285714286,1.5714285714285714,0.0,0.0003971083388023544
112358,12,Ring8,14,1,296.0527857142857,233.12422132170323,57.92857142857143,5.0,9.714285714285714,9.357142857142858,136.75913035714285,151.00339492244777,97.78910920816209,0.8571428571428571,0.5714285714285714,3.0,1.9285714285714286,0.5714285714285714,9.850384549281443e-05
112358,13,I,10,1,375.8655,303.66549653488477,67.2,5.0,11.3,10.7,144.4338469,216.82847675190374,151.52847675190372,0.7,0.4,2.3,1.3,0.8,3.4651152418518905e-05
112358,13,J,10,1,390.56219999999996,308.3622350786911,77.2,5.0,13.0,12.2,151.5996364,209.38559164840726,136.18559164840727,0.7,0.6,2.9,1.4,0.8,0.0003507869114400819
112358,13,Jplus,10,1,384.6435,306.6434635395865,73.0,5.0,12.3,11.5,138.0299622,192.73572863605665,124.63572863605665,0.8,0.5,2.2,1.4,0.0,0.00036460413502936717
112358,13,Ring8,10,1,386.1598,294.5597848178856,86.6,5.0,14.5,14.1,162.8734338,211.52641065523352,128.52641065523352,0.8,0.5,2.7,1.6,0.8,0.00015182114384515444
112358,14,I,16,1,241.2414375,192.55391457946013,43.6875,5.0,7.375,6.8125,105.1012408125,106.97624080669324,74.41374080669326,1.0,0.875,3.0,2.125,0.3125,0.00036672863780040643
112358,14,J,16,1,269.6110625,218.54855449984868,46.0625,5.0,7.75,7.3125,106.145331375,108.39533137287626,71.39533137287626,0.9375,0.8125,2.8125,1.75,0.3125,0.00012800242120647454
112358,14,Jplus,16,1,227.2815625,179.84405736509936,42.4375,5.0,7.125,6.8125,98.5073474375,100.75734744859804,66.75734744859804,0.9375,0.8125,2.1875,1.75,0.0,8.215841035053018e-05
112358,14,Ring8,16,1,256.30925,197.62176262751905,53.6875,5.0,9.0,8.6875,115.0310779375,115.78107793510628,68.28107793510627,0.9375,0.8125,2.6875,2.0,0.375,0.00020204030442982912
112358,15,I,11,1,299.70118181818185,237.15577100562794,57.54545454545455,5.0,9.636363636363637,9.363636363636363,129.14980945454545,192.02489411476378,134.29762138749103,0.5454545454545454,0.2727272727272727,2.5454545454545454,1.7272727272727273,0.7272727272727273,0.0004810619070667599
112358,15,J,11,1,293.5538181818182,227.00840449960285,61.54545454545455,5.0,10.272727272727273,10.181818181818182,91.38403145454545,189.62242260548885,125.34969533276163,0.45454545454545453,0.0,2.4545454545454546,1.7272727272727273,0.7272727272727273,0.00044949563107365975
112358,15,Jplus,11,1,310.56572727272726,247.2930143800244,58.27272727272727,5.0,9.727272727272727,9.636363636363637,78.00972645454546,174.09535607967067,115.45899244330708,0.8181818181818182,0.09090909090909091,1.9090909090909092,1.9090909090909092,0.0,0.00015818026849956368
112358,15,Ring8,11,1,303.67727272727274,229.5863356912946,69.0909090909091,5.0,11.545454545454545,11.363636363636363,129.1317789090909,196.00841638743486,125.09932547834396,0.5454545454545454,0.09090909090909091,2.727272727272727,1.9090909090909092,0.7272727272727273,0.0003073957591368526
112358,16,I,14,1,270.072,221.5005727099401,43.57142857142857,5.0,7.285714285714286,7.142857142857143,110.63912114285714,156.4274444179376,112.78458727508051,0.5714285714285714,0.2857142857142857,2.7142857142857144,1.8571428571428572,0.5714285714285714,1.7939161352842348e-05
112358,16,J,14,1,261.60364285714286,208.81793368643426,47.785714285714285,5.0,8.0,7.785714285714286,93.12878457142857,145.8405419352465,97.98339907810364,0.5714285714285714,0.2857142857142857,2.9285714285714284,2.0714285714285716,0.5714285714285714,7.161007943068398e-05
112358,16,Jplus,14,1,287.111,237.89673719602436,44.214285714285715,5.0,7.428571428571429,7.071428571428571,78.53945714285715,129.4437776577119,88.87234908628334,0.9285714285714286,0.2857142857142857,2.357142857142857,1.9285714285714286,0.0,0.0003207443410246924
112358,16,Ring8,14,1,265.13235714285713,208.84663239349132,51.285714285714285,5.0,8.571428571428571,8.428571428571429,102.91679,146.69254048421888,96.4782547699332,0.7142857142857143,0.35714285714285715,3.0,2.142857142857143,0.5714285714285714,0.00014649112154074828
112358,17,I,16,1,258.573,213.94802212183512,39.625,5.0,6.625,6.5,131.03530075,132.91030073550712,97.59780073550712,0.75,0.5625,2.5625,1.6875,0.5,0.0003539493623065937
112358,17,J,16,1,233.9409375,191.94092765133706,37.0,5.0,6.1875,6.0625,101.00382675,108.45022874041217,74.20022874041216,0.8125,0.4375,2.0,1.3125,0.5,0.00015757860683152103
112358,17,Jplus,16,1,234.4635,191.02599085361524,38.4375,5.0,6.4375,6.25,98.066411625,100.69141165060356,68.25391165060357,0.875,0.625,2.25,1.9375,0.0,0.0001463421563130396
112358,17,Ring8,16,1,257.289875,209.0398950612784,43.25,5.0,7.25,7.0,109.51426925,109.88926926170821,70.70176926170822,0.875,0.5625,2.75,1.75,0.5,0.0003209804544894723
112358,18,I,11,1,342.0266363636364,268.29933677705156,68.72727272727273,5.0,11.545454545454545,11.0,164.4651668181818,204.54842280257628,138.45751371166722,0.7272727272727273,0.36363636363636365,2.909090909090909,1.7272727272727273,0.7272727272727273,0.0002954524329652486
112358,18,J,11,1,331.68718181818184,252.05083334215877,74.63636363636364,5.0,12.545454545454545,11.909090909090908,162.26665318181819,191.41626277164207,121.32535368073299,0.8181818181818182,0.45454545454545453,2.909090909090909,1.8181818181818181,0.7272727272727273,0.00016676374616508838
112358,18,Jplus,11,1,347.8620909090909,272.8620837354843,70.0,5.0,11.727272727272727,11.363636363636363,149.88795254545454,177.12008853473998,112.84736126201268,1.0,0.6363636363636364,2.1818181818181817,1.8181818181818181,0.0,7.890967299317708e-05
112358,18,Ring8,11,1,356.468,269.46795871194325,82.0,5.0,13.727272727272727,13.363636363636363,146.5090109090909,196.70921072523032,119.436483452503,0.9090909090909091,0.5454545454545454,3.3636363636363638,2.1818181818181817,0.6363636363636364,0.0004541686244010634
112358,19,I,10,1,415.61800000000005,340.4180005233946,70.2,5.0,11.8,11.2,178.47489330000002,215.33221586827167,146.93221586827173,0.6,0.3,2.5,1.3,0.5,5.233945557847619e-06
112358,19,J,10,1,377.2025,296.90249515970265,75.3,5.0,12.6,12.3,158.2077945,213.65581707042634,138.0558170704264,0.6,0.3,2.3,1.3,0.7,4.840297333430499e-05
112358,19,Jplus,10,1,371.952,294.0520423320589,72.9,5.0,12.2,11.9,138.52139830000002,198.71100460084193,127.6110046008419,0.8,0.4,1.9,1.6,0.0,0.00042332058865213185
112358,19,Ring8,10,1,384.831,293.6310395726623,86.2,5.0,14.4,14.2,193.214104,216.0807815205077,130.18078152050776,0.6,0.3,2.7,1.7,0.7,0.0003957266230827372
112358,20,I,10,1,399.9676,323.36762601404257,71.6,5.0,12.0,11.6,183.0968135,214.4968134919915,146.8968134919915,0.9,0.6,3.0,1.6,0.8,0.0002601404257802642
112358,20,J,10,1,338.8136,261.5136047305703,72.3,5.0,12.1,11.8,129.6721063,203.938155014376,132.43815501437598,0.7,0.3,2.4,1.4,0.7,4.730570299216197e-05
112358,20,Jplus,10,1,334.7788,259.77880135847045,70.0,5.0,11.7,11.5,114.56604870000001,191.23209738821396,124.13209738821392,1.0,0.4,2.0,1.7,0.0,1.3584704447566764e-05
112358,20,Ring8,10,1,340.1598,256.15983865178396,79.0,5.0,13.2,13.0,122.10678399999999,213.70863844032314,134.50863844032315,0.6,0.3,2.4,1.4,0.8,0.00038651783961540787
112358,21,I,11,1,330.5420909090909,267.3603103075974,58.18181818181818,5.0,9.727272727272727,9.545454545454545,161.1444140909091,190.78077769136797,133.32623223682253,0.8181818181818182,0.2727272727272727,2.090909090909091,1.1818181818181819,0.7272727272727273,0.0004133835709581035
112358,21,J,11,1,289.503,222.68479284802189,61.81818181818182,5.0,10.363636363636363,10.0,154.033881,179.16789495852734,118.07698586761829,0.7272727272727273,0.36363636363636365,1.9090909090909092,1.0,0.7272727272727273,0.0002786717591334309
112358,21,Jplus,11,1,306.539,240.62992438889717,60.90909090909091,5.0,10.181818181818182,10.0,83.79887836363636,172.4776931153409,113.29587493352273,0.8181818181818182,0.36363636363636365,1.8181818181818181,1.5454545454545454,0.0,0.0001682778688518738
112358,21,Ring8,11,1,299.6991818181818,224.33551390895707,70.36363636363636,5.0,11.818181818181818,11.272727272727273,143.24227709090908,186.07366261213286,116.89184443031468,0.7272727272727273,0.36363636363636365,2.5454545454545454,1.5454545454545454,0.7272727272727273,0.0003470014721642656
112358,22,I,12,1,351.7418333333333,279.24185994325853,67.5,5.0,11.333333333333334,10.833333333333334,154.64077508333332,183.78816699387048,121.03816699387046,0.8333333333333334,0.5,3.0833333333333335,1.5833333333333333,0.6666666666666666,0.00031931910234561656
112358,22,J,12,1,341.8555833333333,271.27223666700723,65.58333333333333,5.0,11.0,10.583333333333334,152.16035116666666,176.12314243064085,115.45647576397418,0.8333333333333334,0.5,2.5833333333333335,1.3333333333333333,0.6666666666666666,0.00015999591278159642
112358,22,Jplus,12,1,334.78058333333337,266.6139484698047,63.166666666666664,5.0,10.583333333333334,10.25,138.33833725,162.80112854925676,105.4677952159234,0.9166666666666666,0.5833333333333334,2.1666666666666665,1.5,0.0,0.00038163765657373006
112358,22,Ring8,12,1,336.38975,259.47306872414475,71.91666666666667,5.0,12.083333333333334,11.5,162.29151408333334,184.11641691037426,116.69975024370763,0.6666666666666666,0.5833333333333334,3.25,1.8333333333333333,0.6666666666666666,0.00017531026287542772
112358,23,I,12,1,272.4123333333333,216.99563302152345,50.416666666666664,5.0,8.416666666666666,8.333333333333334,117.99691825000001,171.55290433435712,120.96957100102382,0.6666666666666666,0.25,2.25,1.5,0.6666666666666666,0.0004037417184008518
112358,23,J,12,1,263.6779166666667,205.26125964642083,53.416666666666664,5.0,8.916666666666666,8.833333333333334,99.65928466666666,165.5058237509208,110.50582375092081,0.5833333333333334,0.08333333333333333,2.0,1.3333333333333333,0.6666666666666666,0.00011575704957067501
112358,23,Jplus,12,1,258.5035,201.0868506356056,52.416666666666664,5.0,8.75,8.666666666666666,113.548381,161.06602691093124,107.4826935775979,0.6666666666666666,0.08333333333333333,1.6666666666666667,1.6666666666666667,0.0,0.00020762726717293845
112358,23,Ring8,12,1,260.16858333333334,196.75188918015579,58.416666666666664,5.0,9.75,9.666666666666666,80.2629495,172.89763607160072,112.98096940493407,0.5,0.16666666666666666,2.4166666666666665,1.75,0.6666666666666666,0.0003298381307104137
112358,24,I,12,1,319.80025,252.80027895777323,62.0,5.0,10.416666666666666,9.916666666666666,178.69126316666666,182.69126315335492,125.44126315335491,0.8333333333333334,0.5,2.5,1.5833333333333333,0.5,0.0003474932786957652
112358,24,J,12,1,380.8319166666667,305.24855415921417,70.58333333333333,5.0,11.833333333333334,11.416666666666666,179.32329525,180.8232952690415,116.23996193570811,0.8333333333333334,0.5833333333333334,3.0833333333333335,1.75,0.6666666666666666,0.00035008942995773396
112358,24,Jplus,12,1,342.40625,275.82292977868383,61.583333333333336,5.0,10.333333333333334,9.916666666666666,162.28815699999998,164.28815700514164,107.45482367180826,0.9166666666666666,0.5,2.0,1.3333333333333333,0.0,0.00015734420594526455
112358,24,Ring8,12,1,340.3806666666667,265.2973024836194,70.08333333333333,5.0,11.75,11.333333333333334,152.30094066666666,171.41924932062514,107.00258265395848,1.0,0.5833333333333334,3.0833333333333335,1.8333333333333333,0.6666666666666666,0.00037019656747361296
112358,25,I,13,1,278.0332307692307,224.3409363003908,48.69230769230769,5.0,8.153846153846153,7.923076923076923,140.6190393846154,166.61903936841387,118.00365475302925,0.7692307692307693,0.15384615384615385,2.3846153846153846,1.5384615384615385,0.6153846153846154,0.00017190508060593856
112358,25,J,13,1,280.20376923076924,221.5114938832577,53.69230769230769,5.0,9.0,8.692307692307692,149.611326,167.57697954846665,113.65390262538975,0.6153846153846154,0.15384615384615385,2.230769230769231,1.3846153846153846,0.6153846153846154,0.0004204823503641819
112358,25,Jplus,13,1,275.79423076923075,220.2557373815104,50.53846153846154,5.0,8.461538461538462,8.23076923076923,131.51095684615385,149.93814884770308,100.86122577077997,0.7692307692307693,0.3076923076923077,1.6923076923076923,1.4615384615384615,0.0,0.0004140403648307256
112358,25,Ring8,13,1,271.99546153846154,211.7647175824366,55.23076923076923,5.0,9.23076923076923,9.076923076923077,91.45083038461539,159.47135127006737,104.08673588545201,0.6923076923076923,0.23076923076923078,2.5384615384615383,1.7692307692307692,0.6153846153846154,0.0003285716757090995
112358,26,I,13,1,282.12438461538466,226.50896934034654,50.61538461538461,5.0,8.461538461538462,8.307692307692308,140.64908046153846,163.87984968310673,115.72600352926058,0.8461538461538461,0.46153846153846156,2.230769230769231,1.4615384615384615,0.6153846153846154,0.00039857549518274027
112358,26,J,13,1,264.6159230769231,205.3851682799668,54.23076923076923,5.0,9.076923076923077,8.846153846153847,135.5007446153846,163.15207176320197,108.76745637858662,0.6153846153846154,0.3076923076923077,2.6153846153846154,1.9230769230769231,0.6153846153846154,0.00018763956813927507
112358,26,Jplus,13,1,255.6716153846154,201.05626527537086,49.61538461538461,5.0,8.307692307692308,8.076923076923077,122.79641384615385,148.16553052952284,99.6270689910613,0.6923076923076923,0.3076923076923077,1.8461538461538463,1.6923076923076923,0.0,0.0004485798208406777
112358,26,Ring8,13,1,265.18407692307693,202.337903868111,57.84615384615385,5.0,9.692307692307692,9.384615384615385,124.88489861538461,156.94946848239485,101.02639155931794,0.6923076923076923,0.46153846153846156,2.769230769230769,1.8461538461538463,0.6153846153846154,0.0002497145569577697
112358,27,I,14,1,290.18835714285717,235.75981760177507,49.42857142857143,5.0,8.285714285714286,8.0,150.53715442857143,154.39429730947157,107.96572588090014,0.7857142857142857,0.5,2.642857142857143,1.7142857142857142,0.5714285714285714,0.00044642485090662376
112358,27,J,14,1,292.03257142857143,232.60400864326556,54.42857142857143,5.0,9.142857142857142,8.714285714285714,130.97593571428573,154.0613289430343,102.63275751446288,0.7857142857142857,0.5,2.7142857142857144,1.7857142857142858,0.5714285714285714,0.00012100571757400758
112358,27,Jplus,14,1,282.39307142857143,227.03590895918123,50.357142857142854,5.0,8.428571428571429,8.214285714285714,115.21406757142857,139.3131726880171,92.38460125944563,0.8571428571428571,0.42857142857142855,2.0,1.7857142857142858,0.0,0.0002745714627963025
112358,27,Ring8,14,1,290.1142142857143,229.18562931030397,55.92857142857143,5.0,9.357142857142858,9.142857142857142,131.234508,148.35722126656785,94.21436412371068,0.8571428571428571,0.21428571428571427,2.642857142857143,1.9285714285714286,0.5714285714285714,0.00018965574463436496
112358,28,I,16,1,246.2523125,201.56480455890934,39.6875,5.0,6.6875,6.25,106.9804384375,108.10543846536383,75.23043846536385,0.9375,0.6875,2.8125,1.75,0.5,0.0001270574502996169
112358,28,J,16,1,215.8468125,171.9093105445996,38.9375,5.0,6.5625,6.125,93.7620785625,93.76207856430406,61.324578564304055,0.875,0.625,2.75,1.625,0.5,3.128640628347057e-05
112358,28,Jplus,16,1,197.73225,160.91972738247466,31.8125,5.0,5.375,4.9375,68.65649325,68.65649322054986,45.90649322054986,0.9375,0.8125,2.0625,1.5625,0.0,0.0003618804053076019
112358,28,Ring8,16,1,257.4389375,208.25142033758436,44.1875,5.0,7.4375,7.0,112.94415775,124.0574100742443,84.36991007424429,0.6875,0.5,2.5625,1.4375,0.5,0.0002745986503214226
112358,29,I,12,1,321.4845833333333,259.81788487121776,56.666666666666664,5.0,9.5,9.166666666666666,150.177134,178.7179918728881,122.30132520622142,0.75,0.25,2.25,1.5,0.6666666666666666,0.00038154538697199314
112358,29,J,12,1,308.20533333333333,240.455331064075,62.75,5.0,10.5,10.25,149.04494041666666,175.6197735286767,113.95310686201003,0.75,0.25,2.3333333333333335,1.75,0.4166666666666667,2.7231099920754787e-05
112358,29,Jplus,12,1,303.44125,240.1078874935997,58.333333333333336,5.0,9.75,9.583333333333334,137.89728983333333,164.9120987860019,107.66209878600188,0.8333333333333334,0.25,1.5833333333333333,1.4166666666666667,0.0,0.0003500768038975366
112358,29,Ring8,12,1,310.92225,240.2556247158028,65.66666666666667,5.0,11.0,10.666666666666666,137.79075916666667,176.22405336551506,111.55738669884845,0.8333333333333334,0.25,2.6666666666666665,1.9166666666666667,0.6666666666666666,0.0004965896337125741
112358,30,I,13,1,341.82161538461537,283.74469478630886,53.07692307692308,5.0,8.923076923076923,8.461538461538462,137.07476561538462,162.85891959481472,114.62815036404548,0.9230769230769231,0.5384615384615384,2.3846153846153846,1.1538461538461537,0.5384615384615384,3.2222015761362854e-05
112358,30,J,13,1,329.42784615384613,268.35095919425066,56.07692307692308,5.0,9.384615384615385,9.153846153846153,120.68404615384614,164.2311713291753,111.00040209840606,0.7692307692307693,0.46153846153846156,2.1538461538461537,1.0769230769230769,0.6153846153846154,0.00046952525872256956
112358,30,Jplus,13,1,293.4080769230769,233.71578881676163,54.69230769230769,5.0,9.153846153846153,8.923076923076923,108.86261407692308,145.25545952939535,95.48622876016458,1.0,0.5384615384615384,1.9230769230769231,1.6153846153846154,0.0,0.00025461790119152283
112358,30,Ring8,13,1,322.4686923076923,253.62254600600556,63.84615384615385,5.0,10.692307692307692,10.384615384615385,142.90354038461538,161.01274840295613,102.08967147987921,0.9230769230769231,0.5384615384615384,2.6153846153846154,1.4615384615384615,0.6153846153846154,9.80780723693897e-05
112358,31,I,16,1,272.593,224.40552839182595,43.1875,5.0,7.25,6.9375,124.7985696875,126.67356968040961,90.1110696804096,1.0,0.625,2.9375,1.9375,0.5,0.00045426921496982686
112358,31,J,16,1,252.1295625,204.87957629394296,42.25,5.0,7.125,6.625,108.6789711875,120.70510199735861,86.2051019973586,0.75,0.625,2.5625,1.375,0.4375,0.00022070308750699041
112358,31,Jplus,16,1,262.3194375,216.31945528072768,41.0,5.0,6.875,6.625,112.184377875,114.43437789912691,79.43437789912693,0.8125,0.625,2.0625,1.4375,0.0,0.0002844916430149169
112358,31,Ring8,16,1,274.7973125,220.04734145878706,49.75,5.0,8.375,7.875,114.512412,115.6374119750915,73.19991197509151,0.8125,0.625,3.25,1.875,0.5,0.0004633405933418544
112358,32,I,14,1,303.9150714285714,249.20075527403364,49.714285714285715,5.0,8.357142857142858,7.928571428571429,150.14353557142857,151.42924984819885,105.42924984819886,0.7857142857142857,0.42857142857142855,2.7857142857142856,1.5714285714285714,0.5,0.0004261635285729426
112358,32,J,14,1,286.3892142857143,227.0320568544843,54.357142857142854,5.0,9.142857142857142,8.642857142857142,128.70166642857143,145.94437664576668,96.51580521719528,0.7857142857142857,0.5714285714285714,3.0714285714285716,1.9285714285714286,0.5714285714285714,0.00020403722010087222
112358,32,Jplus,14,1,281.64342857142856,229.28627759219327,47.357142857142854,5.0,7.928571428571429,7.714285714285714,115.62624842857143,131.88006956300998,88.66578384872425,1.0,0.5,1.7857142857142858,1.3571428571428572,0.0,0.0001137092940552975
112358,32,Ring8,14,1,288.115,226.75784629983994,56.357142857142854,5.0,9.428571428571429,9.214285714285714,119.09889035714286,150.28941679674287,95.43227393960002,0.7142857142857143,0.42857142857142855,2.9285714285714284,2.0,0.5714285714285714,0.0001518022409072728
112358,33,I,11,1,382.79554545454545,311.06825450553276,66.72727272727273,5.0,11.181818181818182,10.818181818181818,172.46621736363636,200.46621737995693,136.4662173799569,0.8181818181818182,0.36363636363636365,2.0,0.8181818181818182,0.7272727272727273,0.00020043913991685258
112358,33,J,11,1,338.22090909090906,257.94814772008937,75.27272727272727,5.0,12.636363636363637,12.090909090909092,180.5301929090909,184.34837469573807,113.71201105937443,0.8181818181818182,0.6363636363636364,1.7272727272727273,0.8181818181818182,0.2727272727272727,0.0003750790169760876
112358,33,Jplus,11,1,337.24600000000004,257.5186983247939,74.72727272727273,5.0,12.545454545454545,12.0,178.18278899999999,182.54642537051518,112.91006173415153,0.9090909090909091,0.6363636363636364,1.6363636363636365,1.0,0.0,0.00031842726730246795
112358,33,Ring8,11,1,346.4877272727272,257.4877138167956,84.0,5.0,14.090909090909092,13.545454545454545,186.62167200000002,190.43985382341137,111.076217459775,0.8181818181818182,0.6363636363636364,2.6363636363636362,1.4545454545454546,0.5454545454545454,0.0001480152486692532
112358,34,I,14,1,309.5377142857143,259.5377470087375,45.0,5.0,7.571428571428571,7.142857142857143,143.0634427142857,145.20629985593578,103.8491569987929,0.8571428571428571,0.35714285714285715,2.142857142857143,1.0714285714285714,0.5714285714285714,0.0004581223242894339
112358,34,J,14,1,293.079,240.22187780932694,47.857142857142854,5.0,8.0,7.857142857142857,106.40956385714286,140.20292040468783,95.34577754754501,0.9285714285714286,0.42857142857142855,2.4285714285714284,1.5714285714285714,0.5714285714285714,0.00028933057728863787
112358,34,Jplus,14,1,270.9587142857143,221.10155432740234,44.857142857142854,5.0,7.5,7.357142857142857,95.94385592857144,131.0229267058671,88.66578384872425,1.0,0.42857142857142855,1.9285714285714286,1.7142857142857142,0.0,0.0002394163670942362
112358,34,Ring8,14,1,278.9030714285714,223.1173888274578,50.785714285714285,5.0,8.5,8.285714285714286,119.17767421428572,148.95191766219972,99.95191766219975,0.7857142857142857,0.35714285714285715,2.357142857142857,1.4285714285714286,0.5714285714285714,0.0004435844093677588
112358,35,I,15,1,249.02439999999999,198.7577242848367,45.266666666666666,5.0,7.6,7.266666666666667,146.070875,148.07087499164666,106.13754165831334,0.6,0.5333333333333333,2.7333333333333334,1.8666666666666667,0.5333333333333333,0.00013572744910561596
112358,35,J,15,1,257.76300000000003,205.09631541467823,47.666666666666664,5.0,8.0,7.666666666666667,123.98503606666667,140.7552691273574,94.68860246069069,0.7333333333333333,0.3333333333333333,2.6,1.6666666666666667,0.5333333333333333,0.00026877982691075886
112358,35,Jplus,15,1,246.81846666666667,198.95176788986782,42.86666666666667,5.0,7.2,6.866666666666666,106.05018686666668,125.92765599632297,85.39432266298962,0.8,0.4,1.8,1.4,0.0,0.00048165198268179665
112358,35,Ring8,15,1,232.04793333333333,181.9812337892078,45.06666666666667,5.0,7.533333333333333,7.4,75.36856113333333,128.7970638571226,84.46373052378928,0.6666666666666666,0.26666666666666666,2.4,1.6666666666666667,0.5333333333333333,0.0004931618827868078
112358,36,I,10,1,412.1367,334.83669123949994,72.3,5.0,12.2,11.3,110.34405799999999,208.16959716140565,143.66959716140562,0.9,0.7,3.4,1.7,0.8,8.760500077187316e-05
112358,36,J,10,1,375.5064,291.20644506698704,79.3,5.0,13.3,12.8,177.7520657,204.10741529930252,128.1074152993025,0.9,0.4,2.7,1.8,0.5,0.00045066987058817176
112358,36,Jplus,10,1,369.9815,290.3815071912554,74.6,5.0,12.5,12.1,170.1252491,197.08059862716067,125.28059862716066,0.9,0.4,1.9,1.6,0.0,7.191255417637876e-05
112358,36,Ring8,10,1,399.37440000000004,306.6743723748065,87.7,5.0,14.7,14.2,185.7106587,211.05262913796423,128.9526291379642,1.0,0.5,3.0,1.7,0.8,0.0002762519347925263
112358,37,I,16,1,280.4803125,236.04279675913273,39.4375,5.0,6.625,6.3125,123.98853025,125.48853023556393,89.48853023556391,0.8125,0.4375,2.5625,1.6875,0.4375,0.00025185387676174287
112358,37,J,16,1,294.91125,247.2862590437145,42.625,5.0,7.1875,6.6875,105.1456255,118.74460338670994,81.93210338670994,0.8125,0.5625,2.75,1.5625,0.375,0.0001446994319849182
112358,37,Jplus,16,1,268.577625,224.4526412991624,39.125,5.0,6.5625,6.3125,98.2541905625,112.67092072076723,78.35842072076723,0.875,0.5625,2.125,1.625,0.0,0.0002607865981190116
112358,37,Ring8,16,1,289.2511875,238.50119264324073,45.75,5.0,7.6875,7.3125,102.564416125,104.06441610160411,64.18941610160412,0.8125,0.5625,3.125,2.0625,0.4375,8.22918514131743e-05
112358,38,I,16,1,268.8861875,226.823675516559,37.0625,5.0,6.25,5.8125,91.310956375,93.18595639099668,63.43595639099668,0.875,0.625,2.5,1.25,0.5,0.00019173505597791518
112358,38,J,16,1,272.1555,224.4054711449872,42.75,5.0,7.1875,6.8125,92.8753213125,94.75032131106418,60.37532131106417,0.9375,0.625,2.875,1.5625,0.5,0.0004616802052623825
112358,38,Jplus,16,1,279.6994375,232.51191853219152,42.1875,5.0,7.125,6.5625,85.8258739375,87.70087391175582,55.88837391175581,1.0,0.6875,2.8125,1.875,0.0,0.0003034849355572078
112358,38,Ring8,16,1,257.6015625,210.8515436630208,41.75,5.0,7.0,6.75,107.104585,116.55968910168139,79.0596891016814,0.75,0.4375,2.8125,1.875,0.5,0.00030139166710796417
112358,39,I,16,1,256.05975,208.24724815568817,42.8125,5.0,7.1875,6.875,110.9258844375,112.42588442708825,75.80088442708825,0.9375,0.625,2.3125,1.5,0.5,2.9508989427995402e-05
112358,39,J,16,1,267.471375,213.78384760701758,48.6875,5.0,8.1875,7.75,111.84416025,112.21916024810145,71.46916024810143,0.9375,0.6875,2.75,1.625,0.5,0.0004382877191346779
112358,39,Jplus,16,1,264.7629375,214.4504461913694,45.3125,5.0,7.625,7.1875,103.422967375,103.79796738969478,66.73546738969478,1.0,0.75,2.1875,1.6875,0.0,0.00013906190997658996
112358,39,Ring8,16,1,262.695,207.8199698116234,49.875,5.0,8.375,8.0,111.97370275,113.47370272601957,68.97370272601957,0.9375,0.625,2.4375,1.625,0.375,0.00048301402557626716
112358,40,I,11,1,367.78854545454544,297.78851149847264,65.0,5.0,10.909090909090908,10.454545454545455,164.5701070909091,194.75192528714987,134.93374346896806,0.9090909090909091,0.7272727272727273,2.727272727272727,1.2727272727272727,0.7272727272727273,0.0003735168011189671
112358,40,J,11,1,369.0968181818182,296.7332136745471,67.36363636363636,5.0,11.272727272727273,11.0,165.50618581818182,187.2837762954843,121.10195811366613,0.8181818181818182,0.2727272727272727,2.0,1.0,0.7272727272727273,0.0003504200176394079
112358,40,Jplus,11,1,330.6718181818182,262.58092919195315,63.09090909090909,5.0,10.545454545454545,10.363636363636363,106.16282500000001,177.72544188324193,115.81635097415102,0.8181818181818182,0.2727272727272727,1.8181818181818181,1.5454545454545454,0.0,0.00022111148473413778
112358,40,Ring8,11,1,352.6054545454545,274.2418549798415,73.36363636363636,5.0,12.272727272727273,12.0,152.55751172727273,195.3417674350924,122.70540379872877,0.7272727272727273,0.2727272727272727,2.1818181818181817,1.1818181818181819,0.7272727272727273,0.0004047782567795366
112358,41,I,13,1,324.3046153846154,269.381575543408,49.92307692307692,5.0,8.461538461538462,7.615384615384615,131.8524723846154,162.01585826698906,116.01585826698904,0.6923076923076923,0.38461538461538464,2.923076923076923,1.5384615384615385,0.6153846153846154,0.00048206430437858216
112358,41,J,13,1,272.7711538461539,214.15577387610398,53.61538461538461,5.0,9.0,8.615384615384615,123.34857392307693,162.29993081275776,109.83839235121931,0.6153846153846154,0.38461538461538464,2.6923076923076925,1.6153846153846154,0.6153846153846154,6.038935180185945e-05
112358,41,Jplus,13,1,271.0856153846154,219.70099758281538,46.38461538461539,5.0,7.769230769230769,7.538461538461538,69.73183915384615,141.66361898256142,97.20208052102296,0.7692307692307693,0.3076923076923077,1.9230769230769231,1.5384615384615385,0.0,3.142339983241982e-05
112358,41,Ring8,13,1,291.3544615384616,228.04675436564452,58.30769230769231,5.0,9.846153846153847,9.076923076923077,125.74293338461538,158.01100725726175,103.54946879572327,0.6923076923076923,0.38461538461538464,2.923076923076923,1.5384615384615385,0.6153846153846154,0.00019324662162034656
112358,42,I,15,1,254.56493333333336,203.49823881063242,46.06666666666667,5.0,7.733333333333333,7.4,134.460232,135.26023198400418,94.26023198400418,0.8666666666666667,0.6666666666666666,2.6666666666666665,1.8,0.5333333333333333,0.00041784051381910103
112358,42,J,15,1,261.79833333333335,209.1316825564621,47.666666666666664,5.0,8.0,7.666666666666667,115.30879053333334,133.8945027698958,88.96116943656244,0.8,0.3333333333333333,2.6,1.8,0.5333333333333333,0.00023834693138269358
112358,42,Jplus,15,1,259.434,210.70063373363908,43.733333333333334,5.0,7.333333333333333,7.066666666666666,106.58530906666667,125.3572920322953,85.1572920322953,0.8666666666666667,0.4666666666666667,1.9333333333333333,1.6,0.0,0.0004939954142173519
112358,42,Ring8,15,1,259.73673333333335,207.27005068396363,47.46666666666667,5.0,7.933333333333334,7.8,111.2108564,137.5162747340677,92.31627473406769,0.7333333333333333,0.4666666666666667,2.533333333333333,1.7333333333333334,0.5333333333333333,0.00023974054556674673
112358,43,I,10,1,369.7892,290.78917028196963,74.0,5.0,12.4,12.0,183.319424,220.35526341879736,148.15526341879735,0.7,0.4,2.5,1.6,0.5,0.0002971803032778553
112358,43,J,10,1,389.49,305.2899932307165,79.2,5.0,13.3,12.7,183.9440535,212.1182265177054,136.3182265177054,0.8,0.4,2.4,1.0,0.7,6.769283527319203e-05
112358,43,Jplus,10,1,361.42539999999997,281.12543769119713,75.3,5.0,12.6,12.3,173.4578591,202.30929923860734,129.40929923860733,0.8,0.4,1.7,1.2,0.0,0.00037691197167077917
112358,43,Ring8,10,1,380.92719999999997,290.82723843597466,85.1,5.0,14.3,13.6,192.1094482,218.7688021189524,135.9688021189524,0.6,0.4,2.6,1.1,0.8,0.0003843597469312954
112358,44,I,10,1,361.2284,289.12839818323346,67.1,5.0,11.2,11.1,145.1891599,210.98915987541395,145.889159875414,0.8,0.4,2.3,1.1,0.8,1.8167665530199884e-05
112358,44,J,10,1,347.5075,266.7075205176012,75.8,5.0,12.7,12.3,121.65815130000001,205.99628140372215,131.99628140372218,0.7,0.4,2.8,1.8,0.6,0.00020517601205938263
112358,44,Jplus,10,1,354.0792,277.47922896566996,71.6,5.0,12.0,11.6,112.47993890000001,195.40712696492866,127.30712696492867,0.8,0.4,2.1,1.5,0.0,0.00028965669980607345
112358,44,Ring8,10,1,367.9023,274.9022780951338,88.0,5.0,14.7,14.5,167.6118329,213.64501889562158,128.84501889562156,0.8,0.4,3.2,2.0,0.7,0.00021904866207478335
112358,45,I,13,1,304.8917692307692,248.5841140624495,51.30769230769231,5.0,8.615384615384615,8.23076923076923,169.21996738461536,169.68150581689693,119.06612120151236,0.6153846153846154,0.3076923076923077,2.4615384615384617,1.3846153846153846,0.6153846153846154,0.000482811843539821
112358,45,J,13,1,300.39230769230767,241.2384524996132,54.15384615384615,5.0,9.076923076923077,8.76923076923077,137.72321723076922,160.65895646706232,107.19741800552384,0.6923076923076923,0.3076923076923077,2.6923076923076925,1.7692307692307692,0.6153846153846154,0.00011750502835639054
112358,45,Jplus,13,1,293.2547692307692,239.02403055171524,49.23076923076923,5.0,8.23076923076923,8.076923076923077,123.68977638461539,147.6359674867952,99.94365979448752,0.7692307692307693,0.38461538461538464,1.8461538461538463,1.5384615384615385,0.0,0.0003971722981077619
112358,45,Ring8,13,1,305.9316153846154,242.16237893293453,58.76923076923077,5.0,9.846153846153847,9.538461538461538,143.66823784615383,162.97478933823953,106.20555856900882,0.6923076923076923,0.38461538461538464,2.769230769230769,1.7692307692307692,0.5384615384615384,7.387185087281978e-05
112358,46,I,15,1,281.07039999999995,234.20372993331293,41.86666666666667,5.0,7.066666666666666,6.533333333333333,112.50997913333335,133.07151073829556,97.73817740496223,0.9333333333333333,0.6,2.6,1.4,0.5333333333333333,5.100030557514401e-05
112358,46,J,15,1,266.76886666666667,216.90218031603806,44.86666666666667,5.0,7.533333333333333,7.2,98.99890246666668,132.51609334356598,89.98276001023262,0.8,0.3333333333333333,2.6,1.6,0.5333333333333333,0.00029525942909458536
112358,46,Jplus,15,1,258.35446666666667,213.28781483938235,40.06666666666667,5.0,6.733333333333333,6.4,88.15510993333334,121.91602123301882,84.58268789968548,0.8,0.4,1.8,1.3333333333333333,0.0,0.00022259073512032046
112358,46,Ring8,15,1,269.0258,215.7591283138834,48.266666666666666,5.0,8.133333333333333,7.6,104.19966246666667,132.25388788731246,87.38722122064581,0.8,0.4,2.8,1.7333333333333334,0.5333333333333333,7.529174945375416e-05
112358,47,I,16,1,288.3200625,245.13254429917663,38.1875,5.0,6.4375,6.0,124.025744,125.90074400580174,91.33824400580173,0.8125,0.4375,2.375,1.375,0.5,0.0002912131740231416
112358,47,J,16,1,256.269375,214.14440034674325,37.125,5.0,6.25,5.875,103.0484505,115.72991587206056,83.41741587206056,0.8125,0.6875,2.25,1.4375,0.375,0.00040554789165980765
112358,47,Jplus,16,1,275.108,230.92050262556802,39.1875,5.0,6.625,6.0625,97.33141875,110.76726567726801,79.829765677268,0.875,0.8125,2.625,2.0,0.0,4.2009088247141335e-05
112358,47,Ring8,16,1,265.526625,216.02663976875226,44.5,5.0,7.5,7.0,109.4752730625,116.97869493170079,78.2286949317008,0.8125,0.625,2.625,1.75,0.3125,0.0002363000357945566
112358,48,I,11,1,344.47227272727275,276.0177174340528,63.45454545454545,5.0,10.636363636363637,10.272727272727273,169.5689879090909,198.041152058472,136.40478842210834,0.6363636363636364,0.45454545454545453,2.4545454545454546,1.5454545454545454,0.6363636363636364,0.00010822541935340269
112358,48,J,11,1,348.1947272727273,271.5583518660473,71.63636363636364,5.0,12.0,11.636363636363637,164.66976554545454,194.964644324448,126.2373715971753,0.6363636363636364,0.45454545454545453,2.6363636363636362,1.6363636363636365,0.5454545454545454,0.000129473479319131
112358,48,Jplus,11,1,346.3568181818182,273.53867129635927,67.81818181818181,5.0,11.363636363636363,11.0,156.8377459090909,181.46532301774522,117.37441392683608,0.8181818181818182,0.45454545454545453,2.0,1.5454545454545454,0.0,0.00038425995171564864
112358,48,Ring8,11,1,346.06263636363633,260.1535072654368,80.9090909090909,5.0,13.545454545454545,13.181818181818182,169.52860136363637,195.94311487129252,117.85220578038343,0.7272727272727273,0.5454545454545454,3.0,2.1818181818181817,0.45454545454545453,0.0004200801949991728
112358,49,I,16,1,268.2559375,221.31841671983176,41.9375,5.0,7.0625,6.625,134.4701445625,135.5951445457988,97.6576445457988,0.8125,0.5625,2.5,1.5625,0.5,0.00033248269210162107
112358,49,J,16,1,235.83,188.89252951120085,41.9375,5.0,7.0625,6.625,108.691674875,117.24203926746875,79.99203926746877,0.8125,0.5625,2.3125,1.375,0.5,0.00047217921337505686
112358,49,Jplus,16,1,239.3174375,193.8799067893339,40.4375,5.0,6.8125,6.375,100.1397279375,109.51198870652526,75.57448870652524,0.875,0.625,2.0625,1.6875,0.0,0.0004913706579827704
112358,49,Ring8,16,1,252.1646875,203.039683154255,44.125,5.0,7.4375,6.9375,107.2794645625,109.15446459277294,70.71696459277294,0.875,0.5625,2.75,1.6875,0.5,6.953192041692091e-05
112358,50,I,11,1,341.97263636363635,273.8817418804627,63.09090909090909,5.0,10.545454545454545,10.363636363636363,133.21674436363637,194.0027776881102,133.18459586992842,0.8181818181818182,0.45454545454545453,2.727272727272727,1.6363636363636365,0.7272727272727273,0.00016068508966782247
112358,50,J,11,1,339.877,264.6952191568041,70.18181818181819,5.0,11.818181818181818,11.090909090909092,144.39680863636363,189.0428987217555,123.95198963084636,0.8181818181818182,0.5454545454545454,3.0,1.8181818181818181,0.7272727272727273,0.00041072484555115807
112358,50,Jplus,11,1,355.4708181818182,284.561726538266,65.9090909090909,5.0,11.090909090909092,10.454545454545455,133.53464136363638,178.72618604812865,116.81709513903773,0.8181818181818182,0.36363636363636365,2.272727272727273,1.6363636363636365,0.0,8.079074177658185e-06
112358,50,Ring8,11,1,352.9051818181818,269.4506529789577,78.45454545454545,5.0,13.181818181818182,12.545454545454545,176.7171071818182,201.26196991879348,126.08015173697531,0.6363636363636364,0.36363636363636365,3.090909090909091,1.6363636363636365,0.7272727272727273,0.0001827685346142971
112358,51,I,13,1,307.4886153846154,249.1040205758747,53.38461538461539,5.0,9.0,8.384615384615385,144.18597046153846,169.56645147228286,119.48952839535976,0.6153846153846154,0.46153846153846156,2.3846153846153846,1.3076923076923077,0.6153846153846154,0.0002674863712854858
112358,51,J,13,1,296.17992307692305,231.71840091985757,59.46153846153846,5.0,10.0,9.461538461538462,142.04713015384615,163.09721291758297,107.32798214835219,0.6923076923076923,0.6153846153846154,2.4615384615384617,1.4615384615384615,0.6153846153846154,0.00021195814861130202
112358,51,Jplus,13,1,296.32876923076924,235.32878627467034,56.0,5.0,9.384615384615385,9.076923076923077,127.681593,149.33955423361328,97.41647731053634,0.8461538461538461,0.6153846153846154,1.8461538461538463,1.5384615384615385,0.0,0.00022157071452966193
112358,51,Ring8,13,1,304.3803846153846,237.22652794423567,62.15384615384615,5.0,10.461538461538462,9.846153846153847,107.05370592307692,159.8091480010525,102.50145569336021,0.7692307692307693,0.5384615384615384,2.8461538461538463,1.7692307692307692,0.6153846153846154,0.00013672493651029072
112358,52,I,10,1,352.2007,271.8006828288554,75.4,5.0,12.6,12.4,216.57370070000002,220.17370066122112,149.77370066122117,0.7,0.5,2.6,1.3,0.6,0.000171711446455447
112358,52,J,10,1,342.1465,248.54653485552163,88.6,5.0,14.8,14.6,188.59266789999998,214.3480174592959,131.74801745929588,0.9,0.5,3.6,2.2,0.8,0.00034855521607823903
112358,52,Jplus,10,1,357.0888,268.7888149916832,83.3,5.0,14.0,13.3,146.3213983,198.43209738821395,124.13209738821395,1.0,0.5,2.9,2.4,0.0,0.00014991683201515116
112358,52,Ring8,10,1,343.8166,242.4166254227786,96.4,5.0,16.1,15.9,189.3755655,213.51753596764055,124.31753596764062,0.9,0.6,3.4,2.1,0.8,0.0002542277857173758
112358,53,I,14,1,289.5827142857143,237.79700698486903,46.785714285714285,5.0,7.857142857142857,7.5,157.02335664285715,157.02335661529565,112.0233566152957,0.7142857142857143,0.42857142857142855,1.8571428571428572,1.0,0.5,9.778816638572607e-05
112358,53,J,14,1,285.6612857142857,227.01843873921962,53.642857142857146,5.0,9.0,8.642857142857142,131.95170742857144,150.5561774596063,99.84189174532055,0.7857142857142857,0.5,2.5,1.5,0.5714285714285714,0.000142349074849335
112358,53,Jplus,14,1,291.18135714285717,235.89561797662196,50.285714285714285,5.0,8.428571428571429,8.142857142857142,116.05481985714286,134.45149813443854,88.66578384872425,1.0,0.5714285714285714,2.142857142857143,1.6428571428571428,0.0,0.0003483272926132486
112358,53,Ring8,14,1,281.7805714285714,218.49484891888474,58.285714285714285,5.0,9.785714285714286,9.357142857142858,134.09434685714285,147.91004004866298,94.26718290580583,0.7857142857142857,0.5714285714285714,2.5714285714285716,1.5714285714285714,0.5714285714285714,0.00011513561366882641
112358,54,I,12,1,322.94758333333334,255.19756195454343,62.75,5.0,10.5,10.25,177.70994166666665,181.20994166847447,123.12660833514114,0.75,0.6666666666666666,2.75,1.75,0.5833333333333334,0.00025654547880549217
112358,54,J,12,1,314.71541666666667,245.04875270377747,64.66666666666667,5.0,10.833333333333334,10.5,145.96924325,168.93203455478226,108.76536788811558,0.9166666666666666,0.4166666666666667,2.3333333333333335,1.4166666666666667,0.6666666666666666,3.244532945245737e-05
112358,54,Jplus,12,1,307.6691666666667,240.41918371791317,62.25,5.0,10.416666666666666,10.166666666666666,137.86142433333333,161.8242156412555,103.99088230792216,0.9166666666666666,0.3333333333333333,1.9166666666666667,1.6666666666666667,0.0,0.00020461495796553208
112358,54,Ring8,12,1,330.74583333333334,253.99582956732172,71.75,5.0,12.0,11.75,143.92746016666666,181.55752901835376,113.89086235168708,0.75,0.4166666666666667,2.8333333333333335,1.75,0.6666666666666666,4.519213916864828e-05
112358,55,I,11,1,360.67936363636363,285.3157045837607,70.36363636363636,5.0,11.818181818181818,11.272727272727273,161.89752509090908,202.50635979530642,135.86999615894277,0.7272727272727273,0.5454545454545454,3.090909090909091,1.7272727272727273,0.7272727272727273,0.000249578632065095
112358,55,J,11,1,384.4658181818182,307.1021365627088,72.36363636363636,5.0,12.090909090909092,11.909090909090908,175.92348854545455,201.48249674431884,129.93704219886428,0.6363636363636364,0.36363636363636365,2.1818181818181817,1.0909090909090908,0.7272727272727273,0.0004978102033419418
112358,55,Jplus,11,1,364.1372727272728,286.500884915653,72.63636363636364,5.0,12.181818181818182,11.727272727272727,157.6843669090909,182.18923017051054,115.28013926141962,0.9090909090909091,0.5454545454545454,2.272727272727273,1.7272727272727273,0.0,0.0002659278170540347
112358,55,Ring8,11,1,360.8899090909091,277.52624786149255,78.36363636363636,5.0,13.181818181818182,12.454545454545455,141.5703589090909,194.62314002346173,120.895867296189,0.6363636363636364,0.5454545454545454,2.6363636363636362,1.1818181818181819,0.6363636363636364,0.0002735235821091919
112358,56,I,14,1,329.1985714285714,271.98427972178894,52.214285714285715,5.0,8.785714285714286,8.285714285714286,125.02655178571429,151.64171353795118,104.78457068080839,0.8571428571428571,0.5714285714285714,2.642857142857143,1.5,0.5714285714285714,8.389495496885502e-05
112358,56,J,14,1,308.9153571428571,248.1296492906372,55.785714285714285,5.0,9.357142857142858,9.0,106.77780421428572,148.66194550292454,97.16194550292455,0.7857142857142857,0.5714285714285714,2.5714285714285716,1.5714285714285714,0.5714285714285714,9.006892105389852e-05
112358,56,Jplus,14,1,303.69149999999996,246.1200961695678,52.57142857142857,5.0,8.857142857142858,8.285714285714286,116.9119627142857,138.6337649905451,91.63376499054509,0.9285714285714286,0.5714285714285714,1.8571428571428572,1.3571428571428572,0.0,0.00034637394946912536
112358,56,Ring8,14,1,307.9573571428572,243.45738002147303,59.5,5.0,10.0,9.5,116.25612978571428,152.3095925939078,96.09530687962207,0.7857142857142857,0.5,2.5714285714285716,1.7142857142857142,0.5714285714285714,0.00032030062220655964
112358,57,I,11,1,327.8090909090909,256.0817810599247,66.72727272727273,5.0,11.181818181818182,10.818181818181818,161.4462542727273,195.03483522395135,132.76210795122404,0.7272727272727273,0.5454545454545454,2.6363636363636362,1.6363636363636365,0.6363636363636364,0.00040834082801666227
112358,57,J,11,1,306.3992727272727,228.5810966260362,72.81818181818181,5.0,12.181818181818182,11.909090909090908,149.85696645454547,194.79074100549315,124.51801373276591,0.5454545454545454,0.45454545454545453,2.8181818181818183,1.9090909090909092,0.5454545454545454,6.288639860940748e-05
112358,57,Jplus,11,1,305.8348181818182,228.1984720891602,72.63636363636364,5.0,12.181818181818182,11.727272727272727,135.54010418181818,180.7316488739494,117.09528523758577,0.9090909090909091,0.6363636363636364,2.8181818181818183,2.4545454545454546,0.0,0.00019298076222185045
112358,57,Ring8,11,1,342.4818181818182,247.75456752059944,89.72727272727273,5.0,15.0,14.727272727272727,184.8055509090909,207.96282408737824,123.41736954192366,0.5454545454545454,0.5454545454545454,3.727272727272727,2.272727272727273,0.7272727272727273,0.00024272659356938675
112358,58,I,13,1,291.57869230769234,237.57865481687435,49.0,5.0,8.23076923076923,7.846153846153846,120.145217,164.29906311854933,116.68367850316469,0.6923076923076923,0.23076923076923078,2.6923076923076925,1.6923076923076923,0.6153846153846154,0.0004873806337855058
112358,58,J,13,1,282.9468461538462,222.40840044836673,55.53846153846154,5.0,9.307692307692308,9.0,115.17555838461539,155.66204391013937,102.89281314090857,0.7692307692307693,0.38461538461538464,2.8461538461538463,1.9230769230769231,0.6153846153846154,0.00020582876732078148
112358,58,Jplus,13,1,273.97907692307695,217.59449022692044,51.38461538461539,5.0,8.615384615384615,8.307692307692308,106.91902738461538,148.66489408183634,99.04950946645171,0.8461538461538461,0.23076923076923078,2.1538461538461537,2.076923076923077,0.0,0.00037294996582204476
112358,58,Ring8,13,1,260.1101538461538,197.2640343299813,57.84615384615385,5.0,9.692307692307692,9.384615384615385,146.71063369230768,164.81984168361748,107.28138014515596,0.6153846153846154,0.3076923076923077,2.3846153846153846,1.5384615384615385,0.6153846153846154,0.0004462897572921065
112358,59,I,15,1,262.3041333333333,214.23744525229276,43.06666666666667,5.0,7.2,7.066666666666666,114.231694,137.95901279449726,96.95901279449727,0.8666666666666667,0.4,2.0,1.4,0.4666666666666667,0.00032121560843734187
112358,59,J,15,1,269.5566,218.82325266816673,45.733333333333334,5.0,7.666666666666667,7.4,116.30642873333333,134.11708638045647,89.98375304712312,0.8666666666666667,0.26666666666666666,1.9333333333333333,1.2,0.5333333333333333,0.00020997749925300013
112358,59,Jplus,15,1,258.34166666666664,207.4750288569755,45.86666666666667,5.0,7.666666666666667,7.533333333333333,109.11783186666666,127.6331632664131,83.36649659974644,0.9333333333333333,0.26666666666666666,1.9333333333333333,1.8,0.0,0.00043285463289066684
112358,59,Ring8,15,1,282.6176666666667,225.28436088761774,52.333333333333336,5.0,8.8,8.333333333333334,113.1399128,142.32398507282497,93.39065173949162,0.8,0.4666666666666667,2.4,1.3333333333333333,0.5333333333333333,0.000413314265642839
112358,60,I,12,1,333.01466666666664,272.2646949225787,55.75,5.0,9.333333333333334,9.083333333333334,122.196723,176.25976164705125,122.92642831371786,0.9166666666666666,0.4166666666666667,2.3333333333333335,1.5,0.6666666666666666,0.0003390709443920059
112358,60,J,12,1,332.35583333333335,265.27249649358885,62.083333333333336,5.0,10.416666666666666,10.0,161.09187675,179.55466804629907,120.9713347129658,0.75,0.5833333333333334,2.75,1.4166666666666667,0.6666666666666666,4.207693382340949e-05
112358,60,Jplus,12,1,337.92941666666667,270.42941671492264,62.5,5.0,10.5,10.0,159.76876308333334,160.7687631172772,104.43542978394383,0.9166666666666666,0.6666666666666666,2.3333333333333335,1.6666666666666667,0.0,5.790716386400163e-07
112358,60,Ring8,12,1,338.20033333333333,262.4503344873669,70.75,5.0,11.833333333333334,11.583333333333334,150.97384366666668,186.44196880583286,118.35863547249949,0.6666666666666666,0.5833333333333334,2.8333333333333335,1.5833333333333333,0.6666666666666666,1.3848402431904105e-05
112358,61,I,10,1,383.1486,304.64864348984895,73.5,5.0,12.3,12.0,175.777177,216.8622526814076,145.86225268140763,0.8,0.5,2.6,1.5,0.7,0.0004348984898570052
112358,61,J,10,1,360.889,275.2889560186779,80.6,5.0,13.5,13.1,184.2785488,215.43389837936465,136.73389837936466,0.7,0.4,2.3,1.3,0.7,0.00043981322096442454
112358,61,Jplus,10,1,372.0273,287.52731318022836,79.5,5.0,13.3,13.0,167.8767478,200.23209738821396,124.13209738821395,1.0,0.4,2.1,1.7,0.0,0.00013180228324927157
112358,61,Ring8,10,1,349.1614,260.26143986706967,83.9,5.0,14.1,13.4,140.20025040000002,226.10585013147744,142.50585013147742,0.5,0.3,2.5,1.3,0.8,0.00039867069654064835
112358,62,I,11,1,282.9961818181818,216.17803948552043,61.81818181818182,5.0,10.363636363636363,10.0,198.84808118181817,201.5753538657791,141.5753538657791,0.6363636363636364,0.2727272727272727,2.5454545454545454,1.4545454545454546,0.7272727272727273,0.00043434072449599626
112358,62,J,11,1,270.48454545454547,202.12095189739458,63.36363636363637,5.0,10.636363636363637,10.181818181818182,159.40020081818182,193.71281844677836,130.1673639013238,0.5454545454545454,0.2727272727272727,2.3636363636363638,1.3636363636363635,0.7272727272727273,0.0004708713404397713
112358,62,Jplus,11,1,296.0204545454545,232.29321008835348,58.72727272727273,5.0,9.818181818181818,9.636363636363637,144.9130289090909,178.6109930216654,120.6109930216654,0.7272727272727273,0.2727272727272727,1.5454545454545454,1.3636363636363635,0.0,0.00031097188821149757
112358,62,Ring8,11,1,271.3801818181818,194.56198467091997,71.81818181818181,5.0,12.0,11.818181818181818,171.03612363636364,200.87825750194688,126.7873484110378,0.45454545454545453,0.09090909090909091,2.3636363636363638,1.6363636363636365,0.6363636363636364,0.00016861988024174934
112358,63,I,16,1,227.6396875,189.45215708077245,33.1875,5.0,5.625,5.0625,87.8923080625,88.26730807097887,61.39230807097888,0.9375,0.5,2.5625,1.5,0.375,0.0004867076409027504
112358,63,J,16,1,224.574375,179.8243903562473,39.75,5.0,6.6875,6.3125,113.89388825,123.72408373908533,86.03658373908533,0.625,0.5,2.5,1.75,0.5,0.00024569995684942114
112358,63,Jplus,16,1,247.4944375,201.24444126735818,41.25,5.0,6.9375,6.5625,112.4150344375,114.29003442525499,77.66503442525496,0.9375,0.4375,2.25,1.875,0.0,6.027773088135291e-05
112358,63,Ring8,16,1,215.4325,169.18247457272932,41.25,5.0,6.9375,6.5625,101.98471575,103.10971577496764,67.04721577496764,0.75,0.5625,2.5625,1.625,0.5,0.00040683633096705307
112358,64,I,10,1,350.4687,270.5686774011314,74.9,5.0,12.5,12.4,181.650261,219.6489091515868,147.9489091515868,0.8,0.5,2.5,1.5,0.8,0.00022598868554268847
112358,64,J,10,1,346.6352,259.7352372119972,81.9,5.0,13.7,13.4,184.4680181,214.99652788317024,136.09652788317024,0.8,0.3,2.4,1.5,0.7,0.0003721199718711432
112358,64,Jplus,10,1,347.6354,268.3353764648099,74.3,5.0,12.4,12.3,190.1450928,197.94509282058448,126.14509282058448,0.9,0.4,1.7,1.3,0.0,0.00023535190121037886
112358,64,Ring8,10,1,353.12420000000003,256.6242263146165,91.5,5.0,15.3,15.0,192.8664176,221.41830376221037,131.71830376221038,0.8,0.3,2.8,1.9,0.6,0.0002631461652526923
112358,65,I,14,1,300.5852142857143,249.51380575302764,46.07142857142857,5.0,7.714285714285714,7.5,149.64766657142857,152.21909514834036,109.21909514834036,0.7857142857142857,0.5,2.2142857142857144,1.2142857142857142,0.5714285714285714,0.0002805423869176593
112358,65,J,14,1,279.0137142857143,224.08514816582195,49.92857142857143,5.0,8.357142857142858,8.142857142857142,132.98027207142857,153.475867124301,104.19015283858668,0.6428571428571429,0.35714285714285715,2.357142857142857,1.5714285714285714,0.5,7.432150732711307e-05
112358,65,Jplus,14,1,279.06149999999997,227.990076731787,46.07142857142857,5.0,7.714285714285714,7.5,115.74207,136.31009617195716,91.59581045767145,0.7857142857142857,0.35714285714285715,1.7857142857142858,1.5,0.0,7.424501836794661e-05
112358,65,Ring8,14,1,290.32514285714285,232.39660479442182,52.92857142857143,5.0,8.857142857142858,8.642857142857142,108.78498678571428,144.57071724724767,93.92786010439056,0.7857142857142857,0.42857142857142855,2.5,1.6428571428571428,0.42857142857142855,0.00046712190533071407
112358,66,I,16,1,252.9211875,203.23370768674107,44.6875,5.0,7.5,7.1875,132.031943625,133.15694364025143,93.71944364025146,0.8125,0.6875,2.1875,1.4375,0.375,0.0003229878570891742
112358,66,J,16,1,252.9335,199.93351485601863,48.0,5.0,8.0625,7.6875,126.790621,127.54062101745541,83.60312101745538,0.8125,0.5,2.1875,1.5625,0.375,0.00023769629797243397
112358,66,Jplus,16,1,251.7928125,201.292841311366,45.5,5.0,7.625,7.375,113.520060875,115.77006086763372,77.5825608676337,1.0,0.5625,2.375,2.0625,0.0,0.0004609818561220891
112358,66,Ring8,16,1,250.6576875,198.78267173049042,46.875,5.0,7.875,7.5,113.058350375,121.41291580283948,78.91291580283948,0.8125,0.5,2.4375,1.8125,0.4375,0.00025231215340681956
112358,67,I,10,1,362.53229999999996,288.832290184541,68.7,5.0,11.5,11.2,110.5602302,212.68167676908638,144.68167676908638,0.8,0.2,2.7,1.7,0.8,9.815458952289191e-05
112358,67,J,10,1,358.6496,276.94955474536187,76.7,5.0,12.8,12.7,157.3535055,212.66247811722118,136.8624781172212,0.7,0.4,2.2,1.0,0.8,0.0004525463814388786
112358,67,Jplus,10,1,352.6829,268.7829440557811,78.9,5.0,13.2,12.9,193.1836843,199.78368427125739,124.38368427125738,0.9,0.4,2.2,1.8,0.0,0.00044055781108909287
112358,67,Ring8,10,1,341.2321,249.33213051571448,86.9,5.0,14.6,13.9,169.2191156,214.5030564263133,128.30305642631325,0.6,0.3,2.9,1.8,0.8,0.00030515714479406597
112358,68,I,12,1,306.50391666666667,243.75390028810315,57.75,5.0,9.666666666666666,9.416666666666666,152.44315425,177.609820929075,122.44315426240831,0.8333333333333334,0.5,2.1666666666666665,1.3333333333333333,0.6666666666666666,0.0001965427622963034
112358,68,J,12,1,326.40208333333334,258.1520904067462,63.25,5.0,10.583333333333334,10.333333333333334,150.12462741666667,170.74180554387746,108.49180554387745,0.8333333333333334,0.25,2.3333333333333335,1.5833333333333333,0.5,8.488095454595168e-05
112358,68,Jplus,12,1,319.8183333333333,253.06832778182522,61.75,5.0,10.333333333333334,10.083333333333334,141.31730158333332,161.78009292045624,103.44675958712288,0.9166666666666666,0.4166666666666667,2.0833333333333335,1.75,0.0,6.661809766228544e-05
112358,68,Ring8,12,1,326.9225833333333,255.1725784368933,66.75,5.0,11.166666666666666,10.916666666666666,142.97579633333334,178.71241372854624,113.6290803952129,0.75,0.4166666666666667,2.75,1.75,0.6666666666666666,5.875728038517991e-05
112358,69,I,16,1,219.0323125,181.46983165554616,32.5625,5.0,5.5,5.0625,65.6397351875,66.38973520973218,45.452235209732194,1.0,0.8125,2.75,1.75,0.25,0.0003064887387154158
112358,69,J,16,1,213.917375,174.9798881398505,33.9375,5.0,5.75,5.1875,60.0386841875,61.91368420662094,37.66368420662093,0.9375,0.8125,2.625,1.75,0.1875,0.00021023760791649693
112358,69,Jplus,16,1,203.9775,163.91499989900365,35.0625,5.0,5.9375,5.375,56.93270125,58.80770122803166,37.18270122803167,0.9375,0.8125,2.8125,2.0,0.0,1.615941528143594e-06
112358,69,Ring8,16,1,242.02525,190.40024426082633,46.625,5.0,7.8125,7.5625,105.2644108125,105.6394108340574,65.38941083405743,0.875,0.75,3.1875,2.1875,0.5,9.182677877106471e-05
112358,70,I,12,1,324.82416666666666,260.15748140614465,59.666666666666664,5.0,10.0,9.666666666666666,148.85470391666667,181.24995913773944,124.08329247107281,0.75,0.4166666666666667,2.5833333333333335,1.4166666666666667,0.6666666666666666,0.0002231262637906184
112358,70,J,12,1,312.11575,244.86574385801865,62.25,5.0,10.416666666666666,10.166666666666666,147.35632525,174.27423528681524,113.10756862014854,0.75,0.25,2.0833333333333335,1.1666666666666667,0.5833333333333334,7.370377625193214e-05
112358,70,Jplus,12,1,324.67941666666667,257.9294463917168,61.75,5.0,10.333333333333334,10.083333333333334,139.89728983333333,166.1055168982982,106.77218356496483,0.9166666666666666,0.3333333333333333,2.0,1.5833333333333333,0.0,0.0003567006015146035
112358,70,Ring8,12,1,311.533,236.28300164514712,70.25,5.0,11.75,11.5,137.45573366666667,173.1828032220993,105.93280322209927,0.8333333333333334,0.5833333333333334,2.5,1.5,0.6666666666666666,1.9741765299841063e-05
112358,71,I,16,1,254.554125,206.8666045713866,42.6875,5.0,7.1875,6.75,109.9894600625,117.13432062058214,81.69682062058214,0.875,0.6875,2.625,1.6875,0.4375,0.00032685781434338423
112358,71,J,16,1,229.6695625,182.8570820001161,41.8125,5.0,7.0625,6.5,88.586382,89.33638199940299,57.58638199940299,0.9375,0.6875,2.9375,1.875,0.25,0.00031200185730995145
112358,71,Jplus,16,1,243.41925,198.60675933448326,39.8125,5.0,6.6875,6.375,96.241299375,105.60252036593111,73.16502036593111,0.875,0.8125,2.0,1.4375,0.0,0.00014935173203411978
112358,71,Ring8,16,1,247.9415,193.44152246946032,49.5,5.0,8.3125,7.9375,97.0365304375,98.16153045999232,59.22403045999232,1.0,0.8125,3.1875,2.3125,0.3125,0.0003595113653318549
112358,72,I,13,1,310.0578461538461,257.3655118331618,47.69230769230769,5.0,8.0,7.6923076923076925,133.416663,159.01640340642624,114.55486494488774,0.7692307692307693,0.46153846153846156,2.3846153846153846,1.3076923076923077,0.6153846153846154,0.00034616889661265304
112358,72,J,13,1,271.0903846153846,211.93653179832114,54.15384615384615,5.0,9.076923076923077,8.76923076923077,120.46889353846154,159.74618670834136,106.74618670834136,0.6153846153846154,0.3076923076923077,2.923076923076923,2.076923076923077,0.6153846153846154,8.66218251758255e-05
112358,72,Jplus,13,1,279.3543846153846,226.12365091498864,48.23076923076923,5.0,8.076923076923077,7.846153846153846,105.6639486923077,146.2217568876173,99.83714150300187,0.8461538461538461,0.38461538461538464,1.9230769230769231,1.6923076923076923,0.0,0.00046189485237846384
112358,72,Ring8,13,1,286.29284615384614,220.67745019888204,60.61538461538461,5.0,10.153846153846153,9.846153846153847,129.22630923076923,170.50273810473257,111.50273810473261,0.5384615384615384,0.46153846153846156,3.3076923076923075,2.230769230769231,0.6153846153846154,0.00014741453333044774
112358,73,I,16,1,288.1456875,241.02067398198898,42.125,5.0,7.0625,6.8125,127.9169603125,129.41696030512836,91.35446030512837,1.0,0.4375,2.375,1.5,0.5,0.00021628817648888798
112358,73,J,16,1,261.6201875,206.80770171058398,49.8125,5.0,8.375,7.9375,128.0302775,129.5302774715829,86.78027747158288,0.8125,0.5625,3.0625,2.0,0.5,0.00022736934397471487
112358,73,Jplus,16,1,255.7264375,203.35146104937624,47.375,5.0,7.9375,7.6875,121.434218125,122.93421812959208,83.43421812959208,0.8125,0.625,2.625,2.125,0.0,0.0003767900197999552
112358,73,Ring8,16,1,268.1695625,210.16955751258632,53.0,5.0,8.875,8.625,129.26735475,130.01735477094383,83.5798547709438,0.75,0.5,3.0625,2.0,0.5,7.979861857165815e-05
112358,74,I,16,1,260.293625,212.48114728475517,42.8125,5.0,7.25,6.5625,115.6259985625,117.87599854358037,82.62599854358037,0.75,0.6875,3.5,2.1875,0.5,0.0003565560823517444
112358,74,J,16,1,256.7328125,208.35778589740553,43.375,5.0,7.25,7.125,106.733148125,122.21007469204812,83.33507469204812,0.9375,0.4375,2.875,2.125,0.5,0.00042564151181068155
112358,74,Jplus,16,1,246.3893125,200.51431438764007,40.875,5.0,6.875,6.5,97.047967375,100.04796738969478,66.73546738969478,1.0,0.6875,2.5,2.0,0.0,3.0202241305232747e-05
112358,74,Ring8,16,1,246.96075,194.46073162480974,47.5,5.0,8.0,7.5,111.40264925,123.44075785470677,80.50325785470679,0.875,0.5,3.125,2.25,0.5,0.0002940030440186092
112358,75,I,12,1,357.4939166666666,299.327275653067,53.166666666666664,5.0,8.916666666666666,8.583333333333334,117.89806650000001,171.44068831828918,121.77402165162248,0.75,0.5,2.4166666666666665,1.25,0.6666666666666666,0.00030783680404056213
112358,75,J,12,1,306.3136666666667,242.2303368019518,59.083333333333336,5.0,9.916666666666666,9.5,125.03415224999999,166.8776095242628,109.46094285759612,0.6666666666666666,0.3333333333333333,2.5,1.5,0.6666666666666666,4.1623421566328034e-05
112358,75,Jplus,12,1,302.8718333333333,243.03847297691502,54.833333333333336,5.0,9.166666666666666,9.0,113.10704158333334,156.4496782207522,103.78301155408549,0.75,0.3333333333333333,1.75,1.4166666666666667,0.0,0.0003242770198994549
112358,75,Ring8,12,1,354.83566666666667,279.7523141569385,70.08333333333333,5.0,11.75,11.333333333333334,170.28682333333333,174.78682334943414,109.1201566827675,0.8333333333333334,0.3333333333333333,2.75,1.4166666666666667,0.6666666666666666,0.0002301167382938729
112358,76,I,15,1,267.0682,215.13487191255575,46.93333333333333,5.0,7.866666666666666,7.6,137.05966593333332,138.25966594601388,97.65966594601386,0.8666666666666667,0.6666666666666666,3.066666666666667,2.1333333333333333,0.5333333333333333,7.868833608881687e-05
112358,76,J,15,1,267.9354,213.73538144226384,49.2,5.0,8.266666666666667,7.866666666666666,120.33313553333333,135.10336859202215,91.63670192535547,0.9333333333333333,0.5333333333333333,2.6,1.6,0.5333333333333333,0.00027836604249387165
112358,76,Jplus,15,1,281.6294,227.3627360885121,49.266666666666666,5.0,8.266666666666667,7.933333333333334,108.31783186666667,123.08806492547598,82.75473159214262,1.0,0.5333333333333333,2.6,1.8,0.0,4.132768162889988e-05
112358,76,Ring8,15,1,260.3324,207.26570723435472,48.06666666666667,5.0,8.066666666666666,7.733333333333333,117.18527366666667,132.0799206134153,88.746587280082,0.8666666666666667,0.4666666666666667,2.6666666666666665,1.8,0.5333333333333333,0.00039148467885752325
112358,77,I,16,1,226.0323125,182.407339692527,38.625,5.0,6.5,6.125,110.3827250625,112.25772508302076,77.32022508302076,0.75,0.5,2.1875,1.625,0.25,0.0004350804319983581
112358,77,J,16,1,224.722,175.78449357914215,43.9375,5.0,7.375,7.0625,101.1679476875,103.79294771305368,65.54294771305365,0.6875,0.5625,3.125,2.1875,0.5,0.00010273372572555672
112358,77,Jplus,16,1,227.8235625,180.51105749192823,42.3125,5.0,7.125,6.6875,100.8796315,103.50463152504477,67.31713152504477,0.875,0.5,2.1875,1.75,0.0,8.012914850041852e-05
112358,77,Ring8,16,1,251.9313125,197.61882881439954,49.3125,5.0,8.25,8.0625,123.4939006875,126.49390068371058,81.43140068371058,0.8125,0.375,2.8125,2.0,0.5,0.00026103039272129536
112358,78,I,11,1,322.1469090909091,257.9650791286641,59.18181818181818,5.0,9.909090909090908,9.636363636363637,158.9740608181818,190.7922426032759,132.883151694185,0.7272727272727273,0.36363636363636365,2.3636363636363638,1.5454545454545454,0.5454545454545454,0.00012958469460500055
112358,78,J,11,1,355.46936363636365,280.1057014197685,70.36363636363636,5.0,11.818181818181818,11.272727272727273,165.68125227272728,195.26488997250524,126.71943542705061,0.5454545454545454,0.36363636363636365,2.6363636363636362,1.4545454545454546,0.6363636363636364,0.0002843825468517025
112358,78,Jplus,11,1,330.48954545454546,258.67134734228006,66.81818181818181,5.0,11.181818181818182,10.909090909090908,155.34005872727272,187.62428299697646,122.53337390606734,0.7272727272727273,0.45454545454545453,2.0,1.7272727272727273,0.0,0.00017923491941473912
112358,78,Ring8,11,1,311.45954545454543,235.00501905096965,71.45454545454545,5.0,12.0,11.454545454545455,172.32172172727272,197.7924608831957,126.06518815592295,0.45454545454545453,0.2727272727272727,2.5454545454545454,1.4545454545454546,0.7272727272727273,0.00020956066646249383
112358,79,I,12,1,342.5625,274.0624707110201,63.5,5.0,10.666666666666666,10.166666666666666,153.22406391666667,179.59086010355986,121.8408601035599,0.9166666666666666,0.5833333333333334,2.8333333333333335,1.6666666666666667,0.6666666666666666,0.00035146775871908176
112358,79,J,12,1,309.866,239.0326480008819,65.83333333333333,5.0,11.083333333333334,10.416666666666666,171.09424783333336,174.59424781450238,111.59424781450234,0.5833333333333334,0.4166666666666667,2.6666666666666665,1.6666666666666667,0.5,0.0002239894170088519
112358,79,Jplus,12,1,305.3229166666667,238.32289884144873,62.0,5.0,10.416666666666666,9.916666666666666,160.3790625,163.879062502272,106.71239583560534,0.75,0.5833333333333334,2.0,1.6666666666666667,0.0,0.00021390261508713593
112358,79,Ring8,12,1,327.4695,249.21953728987228,73.25,5.0,12.25,12.0,140.63303858333333,176.87695812451872,106.62695812451871,0.8333333333333334,0.5,2.6666666666666665,1.8333333333333333,0.5833333333333334,0.0004474784673220711
112358,80,I,15,1,285.98319999999995,241.3832217478628,39.6,5.0,6.666666666666667,6.266666666666667,139.59639506666664,140.39639504295823,104.72972837629159,0.8,0.4666666666666667,2.1333333333333333,1.2,0.5333333333333333,0.000326217942074436
112358,80,J,15,1,269.23873333333336,214.83876501431843,49.4,5.0,8.266666666666667,8.066666666666666,104.2551026,137.6868651836067,89.62019851694001,0.8,0.3333333333333333,3.0,2.2,0.5333333333333333,0.0004752147760882508
112358,80,Jplus,15,1,272.7382666666667,223.60496649162712,44.13333333333333,5.0,7.466666666666667,6.8,92.1374594,123.67792545714991,85.07792545714987,0.8666666666666667,0.5333333333333333,2.2,1.7333333333333334,0.0,0.0004973744066774088
112358,80,Ring8,15,1,279.38013333333333,221.84681761145768,52.53333333333333,5.0,8.8,8.533333333333333,137.38982026666665,140.58982024306127,92.1231535763946,0.8,0.4,2.7333333333333334,1.8666666666666667,0.5333333333333333,0.00026417186518301605
112358,81,I,10,1,383.8253,298.4252556936157,80.4,5.0,13.5,12.9,182.6937289,227.06703492340085,151.8670349234008,0.8,0.8,2.6,1.3,0.7,0.0004430638427947997
112358,81,J,10,1,375.47130000000004,279.87133952929764,90.6,5.0,15.2,14.6,189.99397449999998,219.60941826957702,133.50941826957694,0.9,0.6,2.9,1.9,0.6,0.0003952929764636792
112358,81,Jplus,10,1,360.4398,271.7398470683926,83.7,5.0,14.0,13.7,175.116212,203.87156155240774,124.87156155240773,0.9,0.7,1.7,1.3,0.0,0.00047068392541405046
112358,81,Ring8,10,1,386.7673,281.0673184479309,100.7,5.0,16.9,16.2,172.85725680000002,227.26530094424825,132.76530094424825,0.8,0.7,3.3,1.8,0.8,0.00018447930915499455
112358,82,I,11,1,330.2903636363636,266.19949664102575,59.09090909090909,5.0,9.909090909090908,9.545454545454545,73.17742309090909,193.49570508061595,136.67752326243414,0.7272727272727273,0.45454545454545453,2.6363636363636362,1.6363636363636365,0.7272727272727273,0.0004630512835319678
112358,82,J,11,1,340.43654545454547,268.1638516353856,67.27272727272727,5.0,11.272727272727273,10.909090909090908,98.65719681818182,187.40392250773465,123.76755887137098,0.9090909090909091,0.45454545454545453,3.0,1.8181818181818181,0.7272727272727273,0.00036798924156755675
112358,82,Jplus,11,1,334.4745454545454,268.6563343729116,60.81818181818182,5.0,10.181818181818182,9.909090909090908,80.19154463636363,171.12008853473995,112.84736126201265,1.0,0.36363636363636365,1.9090909090909092,1.6363636363636365,0.0,0.00032189797229875694
112358,82,Ring8,11,1,312.78754545454547,236.24206207398618,71.54545454545455,5.0,12.0,11.545454545454545,61.987975,185.12167070896155,115.66712525441609,0.7272727272727273,0.36363636363636365,3.090909090909091,2.090909090909091,0.7272727272727273,0.00031718615218778723
112358,83,I,10,1,365.08939999999996,286.4894311615353,73.6,5.0,12.3,12.1,177.3596672,211.78434660500466,142.48434660500465,0.9,0.4,2.5,1.4,0.7,0.00031161535343926516
112358,83,J,10,1,335.89050000000003,252.09046278374868,78.8,5.0,13.2,12.8,200.2159413,200.81594130944183,126.61594130944181,0.9,0.6,2.4,1.8,0.3,0.00037216251348581864
112358,83,Jplus,10,1,336.4446,255.04460628672118,76.4,5.0,12.8,12.4,193.6320974,194.83209738821395,124.13209738821395,1.0,0.7,2.0,1.8,0.0,6.286721190917888e-05
112358,83,Ring8,10,1,370.4765,279.0765240131928,86.4,5.0,14.5,13.9,88.1845244,204.2656982096193,127.16569820961936,0.9,0.6,3.1,2.0,0.4,0.00024013192796701333
112358,84,I,11,1,349.7883636363636,278.6974697274687,66.0909090909091,5.0,11.090909090909092,10.636363636363637,128.37495245454545,188.77154570108823,128.95336388290642,0.9090909090909091,0.6363636363636364,2.5454545454545454,1.7272727272727273,0.45454545454545453,0.00016700215519449557
112358,84,J,11,1,347.476,266.0214127480624,76.45454545454545,5.0,12.818181818181818,12.363636363636363,134.80781972727274,189.272910396507,118.09109221468883,0.9090909090909091,0.5454545454545454,2.8181818181818183,2.0,0.5454545454545454,0.00045977131367180846
112358,84,Jplus,11,1,344.29554545454545,265.6592230417439,73.63636363636364,5.0,12.363636363636363,11.818181818181818,130.83763481818184,179.8473612620127,112.84736126201268,1.0,0.6363636363636364,2.3636363636363638,2.0,0.0,0.00045345918306338717
112358,84,Ring8,11,1,360.7278181818182,272.8187020765134,82.9090909090909,5.0,13.909090909090908,13.363636363636363,127.38461481818182,190.79951578557774,113.07224305830505,0.8181818181818182,0.5454545454545454,3.090909090909091,2.0,0.6363636363636364,0.00027715835267372313
112358,85,I,10,1,365.584,287.8840276076852,72.7,5.0,12.2,11.7,180.4233102,214.8233102432966,145.02331024329663,0.8,0.4,3.1,2.0,0.7,0.00027607685206021415
112358,85,J,10,1,376.9989,298.09893562590196,73.9,5.0,12.4,11.9,144.8711893,202.4984219765463,131.3984219765463,0.9,0.3,2.6,1.6,0.7,0.0003562590195542725
112358,85,Jplus,10,1,370.4719,293.9718626427964,71.5,5.0,12.0,11.5,135.52139830000002,193.17195174176763,125.57195174176763,0.9,0.4,2.2,1.8,0.0,0.00037357203609644785
112358,85,Ring8,10,1,385.0179,292.61788955826484,87.4,5.0,14.6,14.4,170.9993541,216.88329493750263,133.18329493750264,0.8,0.4,3.1,1.7,0.8,0.00010441735184940626
112358,86,I,16,1,273.1375,227.26248714773737,40.875,5.0,6.875,6.5,108.3011031875,110.17610316467518,77.80110316467518,0.875,0.6875,2.75,1.625,0.5,0.0002056362018265645
112358,86,J,16,1,259.10125,210.91372630987192,43.1875,5.0,7.25,6.9375,109.6832689375,121.58150734650117,83.01900734650118,0.6875,0.5625,2.625,1.5625,0.4375,0.00037904204918959294
112358,86,Jplus,16,1,247.366,201.4285256580956,40.9375,5.0,6.875,6.5625,99.07179775,114.24800931639338,78.49800931639336,0.8125,0.5625,2.25,2.0,0.0,0.0004105295292902156
112358,86,Ring8,16,1,230.1361875,185.44868764999788,39.6875,5.0,6.6875,6.25,82.1927621875,90.59822515562121,54.785725155621186,0.875,0.375,2.75,1.75,0.5,2.399965978838736e-06
112358,87,I,11,1,320.75,258.11366885924735,57.63636363636363,5.0,9.636363636363637,9.454545454545455,105.93964418181818,194.56964672938514,137.66055582029426,0.8181818181818182,0.2727272727272727,2.1818181818181817,1.2727272727272727,0.7272727272727273,0.0003574517209017358
112358,87,J,11,1,370.0635454545455,292.6999101280374,72.36363636363636,5.0,12.090909090909092,11.909090909090908,137.60563472727273,183.91546234580554,117.55182598216916,0.9090909090909091,0.6363636363636364,3.3636363636363638,2.090909090909091,0.7272727272727273,1.1408411410229746e-05
112358,87,Jplus,11,1,325.3308181818182,260.6035440347874,59.72727272727273,5.0,10.0,9.727272727272727,76.37336281818182,174.38415042287983,117.2932413319707,0.9090909090909091,0.2727272727272727,2.0,1.5454545454545454,0.0,1.561733915877994e-05
112358,87,Ring8,11,1,335.41872727272727,253.96414240808264,76.45454545454545,5.0,12.818181818181818,12.363636363636363,149.2634038181818,193.52861042792455,120.16497406428817,0.8181818181818182,0.36363636363636365,3.090909090909091,1.8181818181818181,0.7272727272727273,0.00043351109115974396
112358,88,I,14,1,240.1105,190.610479046296,44.5,5.0,7.428571428571429,7.357142857142857,122.8451642142857,144.4165928002231,103.41659280022313,0.9285714285714286,0.42857142857142855,2.357142857142857,1.4285714285714286,0.5714285714285714,0.0002933518558165815
112358,88,J,14,1,234.9495,180.3780690928635,49.57142857142857,5.0,8.285714285714286,8.142857142857142,112.379657,145.31587065355822,97.6730135107011,0.7857142857142857,0.42857142857142855,2.7142857142857144,1.9285714285714286,0.5714285714285714,3.269991111665149e-05
112358,88,Jplus,14,1,218.44942857142857,170.37802865083958,43.07142857142857,5.0,7.214285714285714,7.0,80.496145,130.5216555107751,92.16451265363222,0.8571428571428571,0.5714285714285714,2.0714285714285716,1.9285714285714286,0.0,0.0004011117543996079
112358,88,Ring8,14,1,232.89607142857145,175.8960749798646,52.0,5.0,8.714285714285714,8.428571428571429,111.13574528571428,141.868317261883,93.72546011902587,0.7857142857142857,0.5,2.5714285714285716,1.7857142857142858,0.5714285714285714,4.9718104492058046e-05
112358,89,I,10,1,406.0573,329.5572585191584,71.5,5.0,12.0,11.5,180.9843994,216.5797760933097,147.87977609330966,0.8,0.3,2.8,1.4,0.8,0.0004148084158259735
112358,89,J,10,1,401.4719,315.37194775508107,81.1,5.0,13.6,13.1,186.2471916,211.40254114573062,133.60254114573067,1.0,0.4,2.7,1.4,0.8,0.00047755081050127046
112358,89,Jplus,10,1,373.7724,294.7723908642837,74.0,5.0,12.4,12.0,166.0767478,194.83209738821395,124.13209738821395,1.0,0.3,1.6,1.0,0.0,9.135716345554101e-05
112358,89,Ring8,10,1,414.9085,318.10845141038396,91.8,5.0,15.4,14.8,198.8390023,221.18097270007655,133.28097270007652,0.9,0.5,3.2,1.8,0.8,0.0004858961601712508
112358,90,I,12,1,318.96008333333333,254.4600655192054,59.5,5.0,10.0,9.5,158.7743345,188.19230594840053,132.10897261506724,0.6666666666666666,0.5,2.6666666666666665,1.3333333333333333,0.6666666666666666,0.00021376953554863576
112358,90,J,12,1,276.9939166666667,208.41056460344632,63.583333333333336,5.0,10.666666666666666,10.25,125.36810233333334,169.894408090207,108.72774142354031,0.75,0.3333333333333333,2.5833333333333335,1.5833333333333333,0.6666666666666666,0.00022475864443549654
112358,90,Jplus,12,1,271.6145833333333,205.94793314743615,60.666666666666664,5.0,10.166666666666666,9.833333333333334,118.5919515,161.3550458457146,104.10504584571463,0.8333333333333334,0.5,2.0833333333333335,1.9166666666666667,0.0,0.0001977692336367909
112358,90,Ring8,12,1,286.84066666666666,206.67400168314427,75.16666666666667,5.0,12.583333333333334,12.25,159.14106191666667,191.69634930585403,119.19634930585403,0.5833333333333334,0.5833333333333334,3.0,2.1666666666666665,0.5,2.0197730918880552e-05
112358,91,I,12,1,302.11674999999997,244.0333926753818,53.083333333333336,5.0,8.916666666666666,8.5,121.783306,172.61663931024793,122.7833059769146,0.9166666666666666,0.4166666666666667,2.75,1.75,0.6666666666666666,0.00028789541829610243
112358,91,J,12,1,297.0743333333333,231.32430952898312,60.75,5.0,10.166666666666666,9.916666666666666,141.13407791666666,168.41207745427263,111.1620774542726,0.8333333333333334,0.5,3.0,2.0833333333333335,0.6666666666666666,0.0002856522023648722
112358,91,Jplus,12,1,293.68625000000003,235.5195638103328,53.166666666666664,5.0,8.916666666666666,8.583333333333334,50.546124666666664,152.86008115684498,103.44341449017827,1.0,0.4166666666666667,2.3333333333333335,2.1666666666666665,0.0,0.00023427600626746425
112358,91,Ring8,12,1,304.43649999999997,237.1865222802946,62.25,5.0,10.416666666666666,10.166666666666666,73.44466475,169.27910106234145,108.02910106234144,0.8333333333333334,0.16666666666666666,3.0833333333333335,2.25,0.6666666666666666,0.0002673635353858117
112358,92,I,16,1,241.5311875,196.46867887605325,40.0625,5.0,6.6875,6.625,108.6010845625,111.97608454009047,79.03858454009045,1.0,0.6875,2.625,1.8125,0.5,0.00013798314785162802
112358,92,J,16,1,236.79975,186.42475497033,45.375,5.0,7.625,7.25,114.94101025,115.3160102236644,75.3785102236644,0.875,0.625,2.625,1.875,0.5,7.952528039822937e-05
112358,92,Jplus,16,1,219.9116875,175.22416954875143,39.6875,5.0,6.6875,6.25,87.15601675,91.7085893087739,58.89608930877389,0.875,0.625,2.3125,1.875,0.0,0.0002872199770536099
112358,92,Ring8,16,1,222.6759375,170.48843569131512,47.1875,5.0,7.9375,7.5,103.3226441875,104.07264419277696,63.072644192776934,0.8125,0.6875,3.0625,1.9375,0.5,2.893895816669101e-05
112358,93,I,11,1,356.7002727272727,289.0638711436557,62.63636363636363,5.0,10.545454545454545,9.909090909090908,140.16800218181817,200.64792192586253,141.73883101677163,0.7272727272727273,0.5454545454545454,2.6363636363636362,1.4545454545454546,0.5454545454545454,0.0004174197870270291
112358,93,J,11,1,318.79754545454546,246.88843562105004,66.9090909090909,5.0,11.181818181818182,11.0,107.87799700000001,186.17033970903603,119.89761243630873,0.8181818181818182,0.18181818181818182,2.4545454545454546,1.6363636363636365,0.6363636363636364,0.00020816844971704995
112358,93,Jplus,11,1,310.5313636363636,244.53137750068416,61.0,5.0,10.181818181818182,10.090909090909092,104.99271872727273,178.5450340664827,117.72685224830091,0.8181818181818182,0.18181818181818182,1.4545454545454546,1.3636363636363635,0.0,0.00015250752585416194
112358,93,Ring8,11,1,368.55745454545456,286.92107742657623,76.63636363636364,5.0,12.818181818181818,12.545454545454545,150.9184582727273,193.17658631058248,119.81294994694612,0.9090909090909091,0.45454545454545453,2.727272727272727,1.5454545454545454,0.7272727272727273,0.00014830766167506226
112358,94,I,14,1,280.0281428571428,226.4567489781969,48.57142857142857,5.0,8.142857142857142,7.857142857142857,124.25177550000001,150.56018620018466,104.56018620018465,0.7857142857142857,0.42857142857142855,2.0714285714285716,1.3571428571428572,0.42857142857142855,0.0004856947571170167
112358,94,J,14,1,294.27750000000003,233.42036563493244,55.857142857142854,5.0,9.357142857142858,9.071428571428571,128.18049507142857,148.66815730399125,95.31101444684839,0.9285714285714286,0.35714285714285715,2.2857142857142856,1.4285714285714286,0.5714285714285714,0.0001188890537378029
112358,94,Jplus,14,1,282.5475714285714,223.4761110656884,54.07142857142857,5.0,9.071428571428571,8.714285714285714,117.76910557142857,137.45149813443854,88.66578384872425,1.0,0.5714285714285714,2.0,1.7142857142857142,0.0,0.0004450803626241395
112358,94,Ring8,14,1,277.7532142857143,208.39606266124065,64.35714285714286,5.0,10.785714285714286,10.428571428571429,153.018044,154.7323297474912,94.2323297474912,0.8571428571428571,0.5,2.5714285714285716,1.7142857142857142,0.5714285714285714,0.000122742630992434
112358,95,I,12,1,292.86333333333334,231.69669336553272,56.166666666666664,5.0,9.416666666666666,9.083333333333334,171.38049866666665,174.88049863008655,122.21383196341985,0.8333333333333334,0.4166666666666667,2.6666666666666665,1.8333333333333333,0.6666666666666666,0.0003203863925591577
112358,95,J,12,1,311.49425,248.66092407667944,57.833333333333336,5.0,9.666666666666666,9.5,140.30718041666668,165.39159439410392,108.14159439410389,0.8333333333333334,0.16666666666666666,2.1666666666666665,1.5,0.6666666666666666,8.892015330275171e-05
112358,95,Jplus,12,1,297.97533333333337,234.64197443997045,58.333333333333336,5.0,9.75,9.583333333333334,131.89728983333333,156.86008115684498,103.44341449017828,1.0,0.3333333333333333,2.25,2.1666666666666665,0.0,0.00030672035472889547
112358,95,Ring8,12,1,305.60258333333337,235.93595774421465,64.66666666666667,5.0,10.833333333333334,10.5,146.96609575,171.520767669977,108.77076766997702,0.9166666666666666,0.25,2.5,1.6666666666666667,0.6666666666666666,0.0004929305755467794
112358,96,I,14,1,286.18857142857144,235.1885826584755,46.0,5.0,7.714285714285714,7.428571428571429,125.46301914285714,146.1773048359622,104.39159055024793,0.9285714285714286,0.5,2.4285714285714284,1.5,0.5714285714285714,0.00015721865702289506
112358,96,J,14,1,297.89464285714286,243.53747394868785,49.357142857142854,5.0,8.285714285714286,7.928571428571429,122.59380007142856,143.2537398800295,96.82516845145805,0.8571428571428571,0.42857142857142855,2.5,1.5714285714285714,0.5714285714285714,0.0003647183698376466
112358,96,Jplus,14,1,279.08185714285713,227.15328094472625,46.92857142857143,5.0,7.857142857142857,7.642857142857143,115.67452121428572,137.2243946334577,92.86725177631483,0.8571428571428571,0.42857142857142855,2.0714285714285716,1.7857142857142858,0.0,6.677383271380677e-05
112358,96,Ring8,14,1,277.4852857142857,217.1281385150148,55.357142857142854,5.0,9.285714285714286,8.928571428571429,135.6932412142857,153.9244427153856,99.92444271538561,0.6428571428571429,0.35714285714285715,2.5714285714285716,1.6428571428571428,0.5714285714285714,6.07897927693557e-05
112358,97,I,15,1,273.4688,220.80216600930154,47.666666666666664,5.0,8.0,7.666666666666667,140.29607886666665,142.69607884337645,99.02941217670976,0.8666666666666667,0.6,2.4,1.6,0.5333333333333333,0.0004901395232081995
112358,97,J,15,1,242.93293333333335,182.99962838221953,54.93333333333333,5.0,9.2,8.933333333333334,124.94271493333333,144.13190385867,91.19857052533668,0.8,0.4,2.533333333333333,1.8,0.5333333333333333,0.00042573329255901626
112358,97,Jplus,15,1,249.10506666666666,193.7050451258148,50.4,5.0,8.466666666666667,8.066666666666666,112.290774,129.061007019851,83.66100701985097,0.8666666666666667,0.6,1.8,1.4666666666666666,0.0,0.00032311277800545213
112358,97,Ring8,15,1,272.3852,210.31853173343328,57.06666666666667,5.0,9.533333333333333,9.4,122.97751866666667,139.09795466540047,87.63128799873382,0.9333333333333333,0.6666666666666666,3.2666666666666666,2.466666666666667,0.5333333333333333,2.3998500637389952e-05
112358,98,I,10,1,382.76370000000003,302.46371450026464,75.3,5.0,12.6,12.3,181.632241,221.95035815171045,148.55035815171044,0.7,0.5,2.8,1.8,0.6,0.00014500264614980551
112358,98,J,10,1,389.3163,302.71625847861486,81.6,5.0,13.7,13.1,177.46902070000002,206.82437026198795,129.52437026198794,0.7,0.4,2.7,1.1,0.8,0.00041521385128362454
112358,98,Jplus,10,1,361.0577,280.85766922014415,75.2,5.0,12.6,12.2,167.8932502,197.24859971750578,125.04859971750582,0.7,0.4,1.6,0.9,0.0,0.0003077985588788579
112358,98,Ring8,10,1,356.5519,262.1518688643957,89.4,5.0,15.0,14.4,142.1776835,215.12223976062396,128.22223976062403,0.6,0.5,3.1,1.7,0.8,0.0003113560428573692
112358,99,I,15,1,298.27819999999997,249.9448782365675,43.333333333333336,5.0,7.333333333333333,6.666666666666667,137.77538346666668,138.17538348648085,99.24205015314752,0.8666666666666667,0.4,2.1333333333333333,1.0,0.4,0.00017354851252093795
112358,99,J,15,1,292.73473333333334,238.93476525870352,48.8,5.0,8.2,7.8,133.570277,134.37027699227488,88.57027699227486,0.8666666666666667,0.4,2.6,1.4666666666666666,0.5333333333333333,0.00047888055314615485
112358,99,Jplus,15,1,286.44373333333334,237.51036897698125,43.93333333333333,5.0,7.4,6.933333333333334,124.33446626666667,125.1344662789202,84.93446627892018,0.8666666666666667,0.4666666666666667,1.8,1.2666666666666666,0.0,0.0004653452810998715
112358,99,Ring8,15,1,294.28093333333334,236.68092926074613,52.6,5.0,8.866666666666667,8.266666666666667,125.32426853333332,138.2189155036687,90.41891550366876,0.8666666666666667,0.4666666666666667,2.8,1.6,0.5333333333333333,6.108880825195229e-05
112358,100,I,13,1,307.62123076923075,247.54430824624959,55.07692307692308,5.0,9.23076923076923,8.923076923076923,137.36306392307694,169.49370489532834,115.49370489532832,0.7692307692307693,0.3076923076923077,2.076923076923077,1.3076923076923077,0.6153846153846154,7.201244443422183e-06
112358,100,J,13,1,292.4696153846154,225.08500444007075,62.38461538461539,5.0,10.461538461538462,10.076923076923077,162.3584886153846,166.0507963144987,106.358488622191,0.8461538461538461,0.38461538461538464,2.230769230769231,1.3846153846153846,0.6153846153846154,5.7720919812709326e-05
112358,100,Jplus,13,1,314.5210769230769,249.82873471775278,59.69230769230769,5.0,10.0,9.692307692307692,148.0246903076923,152.1785364524723,95.48622876016458,1.0,0.3076923076923077,1.7692307692307692,1.3846153846153846,0.0,0.0004486692137106729
112358,100,Ring8,13,1,296.13092307692307,222.8232234272402,68.3076923076923,5.0,11.461538461538462,11.0,150.45104507692307,171.45679197069387,106.30294581684772,0.7692307692307693,0.46153846153846156,2.6923076923076925,1.6923076923076923,0.6153846153846154,9.544587737764232e-05
112358,101,I,16,1,271.598625,224.22363048474696,42.375,5.0,7.125,6.75,131.58244925,132.7074492794258,94.20744927942584,0.6875,0.5,2.75,1.8125,0.4375,8.775595097176847e-05
112358,101,J,16,1,245.783625,196.65860665928463,44.125,5.0,7.4375,6.9375,95.443637,96.5686369857981,61.81863698579808,0.9375,0.75,3.75,2.625,0.5,0.000293451445941173
112358,101,Jplus,16,1,241.1113125,197.5487825832741,38.5625,5.0,6.5,6.0625,97.797967375,108.52934152591158,76.02934152591158,0.9375,0.625,2.25,1.8125,0.0,0.0004786676145158708
112358,101,Ring8,16,1,244.4724375,192.6599478392135,46.8125,5.0,7.875,7.4375,97.1571549375,105.52584610312068,67.15084610312068,0.875,0.8125,3.25,2.25,0.5,0.0001654274155953317
112358,102,I,10,1,379.10749999999996,306.70752955407636,67.4,5.0,11.3,10.9,140.1687586,209.82617859388978,145.32617859388978,0.8,0.5,2.4,1.3,0.5,0.00029554076354543213
112358,102,J,10,1,364.9316,286.33161939076905,73.6,5.0,12.3,12.1,148.9851898,204.14134508213255,130.84134508213256,0.7,0.3,2.3,1.5,0.5,0.00019390769057281432
112358,102,Jplus,10,1,359.5163,282.7163214188536,71.8,5.0,12.0,11.8,139.7213983,193.63209738821394,124.13209738821395,1.0,0.3,2.0,1.7,0.0,0.00021418853611976374
112358,102,Ring8,10,1,366.1526,280.8525518232922,80.3,5.0,13.4,13.3,134.1112441,203.65223167726353,124.75223167726355,0.8,0.4,2.4,1.6,0.4,0.0004817670783268113
112358,103,I,10,1,361.1857,282.98574007315034,73.2,5.0,12.3,11.7,171.5660484,207.41198146918515,141.0119814691851,0.9,0.7,2.9,1.9,0.5,0.0004007315033049963
112358,103,J,10,1,370.1175,285.8175315938924,79.3,5.0,13.3,12.8,179.5097855,206.3493876973955,131.8493876973955,0.7,0.5,2.6,1.3,0.7,0.00031593892390446854
112358,103,Jplus,10,1,354.3668,271.1668131161002,78.2,5.0,13.1,12.7,168.4093466,195.9646961530455,124.1646961530455,0.9,0.6,2.2,1.6,0.0,0.00013116100171828293
112358,103,Ring8,10,1,375.2881,276.18807237643375,94.1,5.0,15.8,15.1,219.3195549,220.51955493317058,132.6195549331706,0.8,0.5,3.3,2.2,0.5,0.00027623566256806953
112358,104,I,11,1,363.4857272727273,288.66754312012193,69.81818181818181,5.0,11.727272727272727,11.181818181818182,197.71696863636362,198.80787775688995,133.80787775688998,0.7272727272727273,0.5454545454545454,2.6363636363636362,1.2727272727272727,0.6363636363636364,2.5678658857941628e-05
112358,104,J,11,1,333.6467272727273,263.55581262802866,65.0909090909091,5.0,10.909090909090908,10.545454545454545,128.003859,198.05125328952872,133.86943510771056,0.5454545454545454,0.45454545454545453,2.0,0.8181818181818182,0.7272727272727273,6.109168452894664e-05
112358,104,Jplus,11,1,349.04581818181816,277.4094281751059,66.63636363636364,5.0,11.181818181818182,10.727272727272727,154.28818754545455,177.70214166782466,115.70214166782465,0.9090909090909091,0.5454545454545454,2.090909090909091,1.5454545454545454,0.0,0.00029007383454882074
112358,104,Ring8,11,1,331.4890909090909,253.9435989971067,72.54545454545455,5.0,12.181818181818182,11.636363636363637,116.40686290909092,195.37852642057575,124.56034460239397,0.6363636363636364,0.45454545454545453,2.4545454545454546,1.2727272727272727,0.7272727272727273,0.0004110318263883528
112358,105,I,15,1,274.0725333333333,225.939231890127,43.13333333333333,5.0,7.266666666666667,6.8,120.61176959999999,139.48187333442905,99.88187333442902,0.7333333333333333,0.5333333333333333,2.2666666666666666,1.1333333333333333,0.5333333333333333,0.0004783519052580232
112358,105,J,15,1,268.01526666666666,211.21529904904432,51.8,5.0,8.666666666666666,8.466666666666667,118.5401128,138.9887483242279,88.92208165756126,0.7333333333333333,0.4666666666666667,2.466666666666667,1.6666666666666667,0.5333333333333333,0.0004857356648244604
112358,105,Jplus,15,1,271.96273333333335,220.36271341529755,46.6,5.0,7.8,7.6,106.27077966666667,123.04101273937923,82.77434607271253,0.9333333333333333,0.6666666666666666,2.1333333333333333,1.8,0.0,0.0002987705365740112
112358,105,Ring8,15,1,270.07980000000003,212.87979678820187,52.2,5.0,8.733333333333333,8.533333333333333,91.12889413333333,131.03402309424678,82.43402309424681,0.8666666666666667,0.5333333333333333,2.7333333333333334,2.0,0.5333333333333333,4.817697208636673e-05
112358,106,I,13,1,304.582,247.88971112487613,51.69230769230769,5.0,8.692307692307692,8.23076923076923,146.01088469230768,174.61558944833993,122.76943560218608,0.46153846153846156,0.3076923076923077,2.5384615384615383,1.6153846153846154,0.5384615384615384,0.00024462338978992193
112358,106,J,13,1,290.49123076923075,234.1066185239551,51.38461538461539,5.0,8.615384615384615,8.307692307692308,120.9574773076923,161.86937744643487,110.71553129258872,0.5384615384615384,0.3076923076923077,2.230769230769231,1.3076923076923077,0.46153846153846156,4.08114160563855e-05
112358,106,Jplus,13,1,301.7916153846154,245.02239603234798,51.76923076923077,5.0,8.692307692307692,8.307692307692308,107.0824213076923,144.3983437044188,95.62911293518802,0.9230769230769231,0.38461538461538464,2.076923076923077,1.5384615384615385,0.0,0.00014842052360108937
112358,106,Ring8,13,1,307.13953846153845,241.60111472939312,60.53846153846154,5.0,10.153846153846153,9.76923076923077,104.20142176923076,155.25687147767005,99.4107176315162,0.6923076923076923,0.46153846153846156,3.0,1.7692307692307692,0.6153846153846154,0.0004914821106467571
112358,107,I,16,1,261.7316875,215.85669733920975,40.875,5.0,6.875,6.5,127.3705689375,128.12056893937591,90.24556893937594,0.8125,0.5,2.0625,1.125,0.5,0.00015742735558887944
112358,107,J,16,1,240.23375,191.60873184909622,43.625,5.0,7.3125,7.0625,123.4521954375,123.8271954170682,82.9521954170682,0.6875,0.5,2.125,1.1875,0.5,0.00029041446032351814
112358,107,Jplus,16,1,260.626125,213.5011231736972,42.125,5.0,7.0625,6.8125,114.309264375,115.43426438965315,77.74676438965317,0.875,0.5625,1.875,1.375,0.0,2.9220844680821756e-05
112358,107,Ring8,16,1,252.2268125,203.66431398964426,43.5625,5.0,7.3125,7.0,106.8680885625,106.86808856127713,67.80558856127713,0.75,0.5625,2.8125,1.8125,0.5,2.3834308194636833e-05
112358,108,I,13,1,348.88253846153845,288.03635884049334,55.84615384615385,5.0,9.384615384615385,8.923076923076923,158.02573492307693,162.17958108926635,111.10265801234328,0.9230769230769231,0.46153846153846156,2.923076923076923,1.6153846153846154,0.5384615384615384,0.0003350735864842136
112358,108,J,13,1,337.1095384615385,273.0326231741773,59.07692307692308,5.0,9.923076923076923,9.461538461538462,152.58290661538462,155.81367588182093,100.19829126643631,0.8461538461538461,0.38461538461538464,2.6923076923076925,1.4615384615384615,0.5384615384615384,0.00010126430470336345
112358,108,Jplus,13,1,333.4469230769231,273.9853800390667,54.46153846153846,5.0,9.153846153846153,8.692307692307692,130.95260061538463,151.68748485913608,100.68748485913608,0.8461538461538461,0.46153846153846156,2.076923076923077,1.5384615384615385,0.0,5.949213345957105e-05
112358,108,Ring8,13,1,339.54892307692313,271.6258696699208,62.92307692307692,5.0,10.538461538461538,10.23076923076923,155.22797538461538,158.45874458169789,98.68951381246717,0.8461538461538461,0.46153846153846156,2.6923076923076925,1.4615384615384615,0.5384615384615384,0.0003057089702451776
112358,109,I,16,1,261.0303125,218.03032431112953,38.0,5.0,6.4375,5.8125,107.2607190625,108.38571907172033,77.94821907172033,0.875,0.5625,2.5625,1.375,0.5,0.00018897807285611634
112358,109,J,16,1,254.0793125,206.9543149835489,42.125,5.0,7.0625,6.8125,107.590817625,119.95264167552062,82.76514167552062,0.75,0.5625,2.75,1.6875,0.5,3.9736782582622254e-05
112358,109,Jplus,16,1,250.06775,204.88024669388818,40.1875,5.0,6.75,6.4375,98.547967375,100.04796738969476,66.73546738969476,1.0,0.5625,2.4375,1.875,0.0,5.289778891892638e-05
112358,109,Ring8,16,1,240.3584375,198.04595368607826,37.3125,5.0,6.3125,5.75,84.36100725,88.14224887019216,57.32974887019215,0.8125,0.625,2.8125,1.625,0.5,0.00025897725208778866
112358,110,I,14,1,293.5367857142857,240.1796295521315,48.357142857142854,5.0,8.142857142857142,7.642857142857143,100.41590871428572,142.43576332988408,100.57862047274122,0.9285714285714286,0.7142857142857143,2.4285714285714284,1.5714285714285714,0.2857142857142857,0.0001862701592472149
112358,110,J,14,1,303.34171428571426,237.055985034898,61.285714285714285,5.0,10.285714285714286,9.857142857142858,148.84332285714285,150.98617998955527,94.41475141812673,0.7857142857142857,0.5714285714285714,2.357142857142857,1.2142857142857142,0.5,0.0002095114277835819
112358,110,Jplus,14,1,289.14692857142853,224.43262334210985,59.714285714285715,5.0,10.0,9.714285714285714,140.02292671428572,142.59435527729568,88.66578384872423,1.0,0.6428571428571429,2.0714285714285716,1.5,0.0,0.0002732104617280129
112358,110,Ring8,14,1,299.84214285714285,237.55639508299387,57.285714285714285,5.0,9.571428571428571,9.428571428571429,126.90480671428573,146.3412605832785,94.3412605832785,0.7857142857142857,0.5714285714285714,2.2857142857142856,1.5,0.2857142857142857,0.00046883808590791887
112358,111,I,11,1,351.16354545454544,284.34531839866236,61.81818181818182,5.0,10.363636363636363,10.0,151.0332490909091,190.93651023058803,131.30014659422437,0.8181818181818182,0.36363636363636365,2.0,1.1818181818181819,0.5454545454545454,0.0004976147138222586
112358,111,J,11,1,339.6528181818182,266.38009431410893,68.27272727272727,5.0,11.454545454545455,11.0,127.07317127272727,180.3067369842422,117.2158278933331,0.9090909090909091,0.36363636363636365,2.4545454545454546,1.9090909090909092,0.2727272727272727,3.7455198253155686e-05
112358,111,Jplus,11,1,337.56254545454544,264.8352841125214,67.72727272727273,5.0,11.363636363636363,10.909090909090908,124.83763481818183,172.65886262987522,113.38613535714794,0.9090909090909091,0.6363636363636364,2.3636363636363638,2.0,0.0,0.00012523773511929903
112358,111,Ring8,11,1,333.1021818181818,250.46582484665416,77.63636363636364,5.0,13.0,12.636363636363637,162.12891227272726,192.7563434694391,118.93816165125723,0.7272727272727273,0.5454545454545454,2.727272727272727,1.9090909090909092,0.36363636363636365,7.331319602599251e-05
112358,112,I,16,1,262.2241875,215.47417524169134,41.75,5.0,7.0,6.75,134.155428625,135.28042861266914,97.03042861266914,0.6875,0.5625,2.1875,1.3125,0.4375,0.00019613293898146367
112358,112,J,16,1,269.349,218.16152070726534,46.1875,5.0,7.75,7.4375,113.2262468125,125.5116315576696,85.76163155766959,0.6875,0.5625,2.75,1.8125,0.375,0.0003313162455924612
112358,112,Jplus,16,1,248.7706875,199.20817622410507,44.5625,5.0,7.5,7.0625,104.17574,109.51527403286477,73.45277403286475,0.75,0.625,2.5,1.9375,0.0,0.00018041431894744164
112358,112,Ring8,16,1,256.83775,205.02524422943233,46.8125,5.0,7.875,7.4375,117.3744831875,128.93029277744816,86.55529277744817,0.6875,0.5625,2.625,1.625,0.5,9.232908314515953e-05
112358,113,I,15,1,268.4610666666667,221.061048667018,42.4,5.0,7.133333333333334,6.733333333333333,113.33680693333334,134.27014026602907,96.60347359936242,0.8666666666666667,0.6,2.7333333333333334,1.9333333333333333,0.5333333333333333,0.00026999472993338713
112358,113,J,15,1,276.2206,226.2206266418079,45.0,5.0,7.6,7.0,96.79279693333334,131.1460928065999,90.27942613993325,0.8,0.5333333333333333,2.6666666666666665,1.4666666666666666,0.5333333333333333,0.00039962711844054866
112358,113,Jplus,15,1,267.4134666666667,220.68010389927014,41.733333333333334,5.0,7.0,6.733333333333333,87.54759886666668,121.58412381499001,84.58412381499002,0.8666666666666667,0.6,2.066666666666667,1.6,0.0,0.0004415109483488777
112358,113,Ring8,15,1,280.95553333333334,228.4888512546231,47.46666666666667,5.0,8.0,7.466666666666667,89.44413553333334,130.3853371938334,87.58533719383344,0.8666666666666667,0.6,2.6666666666666665,1.6,0.5333333333333333,0.0002311806529178284
112358,114,I,11,1,348.00481818181817,272.5502393892272,70.45454545454545,5.0,11.818181818181818,11.363636363636363,166.98468945454545,199.34832584357767,133.53014402539583,0.9090909090909091,0.6363636363636364,3.5454545454545454,2.4545454545454546,0.7272727272727273,0.00036671850057246047
112358,114,J,11,1,334.83227272727277,263.8322318039408,66.0,5.0,11.090909090909092,10.545454545454545,108.59446363636363,184.08312563140973,121.71948926777337,0.7272727272727273,0.45454545454545453,2.727272727272727,1.6363636363636365,0.5454545454545454,0.0004501566518229083
112358,114,Jplus,11,1,327.36281818181817,254.3627855583835,68.0,5.0,11.363636363636363,11.181818181818182,150.46696972727273,177.80105867416526,113.71014958325617,0.8181818181818182,0.45454545454545453,1.9090909090909092,1.5454545454545454,0.0,0.00035885778152078274
112358,114,Ring8,11,1,333.0685454545455,246.06850358443197,82.0,5.0,13.727272727272727,13.363636363636363,151.84201418181817,199.51851054934806,120.2457832766208,0.7272727272727273,0.36363636363636365,3.4545454545454546,2.4545454545454546,0.7272727272727273,0.00046057124836806906
112358,115,I,11,1,358.4900909090909,291.03554102676276,62.45454545454545,5.0,10.454545454545455,10.181818181818182,189.57279490909093,190.11824945433682,132.02734036342773,0.8181818181818182,0.5454545454545454,2.090909090909091,1.0909090909090908,0.45454545454545453,4.8705609970056685e-05
112358,115,J,11,1,352.9894545454545,280.2621817056178,67.72727272727273,5.0,11.363636363636363,10.909090909090908,142.7762548181818,184.69507223922417,120.60416314831505,0.8181818181818182,0.5454545454545454,2.5454545454545454,1.3636363636363635,0.7272727272727273,1.2382042768877e-06
112358,115,Jplus,11,1,356.41663636363637,284.1439431509967,67.27272727272727,5.0,11.272727272727273,10.909090909090908,173.84736127272728,175.48372489837632,112.84736126201265,1.0,0.5454545454545454,1.9090909090909092,1.3636363636363635,0.0,0.00037466096318894415
112358,115,Ring8,11,1,361.5842727272727,278.3115018470808,78.27272727272727,5.0,13.090909090909092,12.818181818181818,168.6969558181818,192.9751551939038,117.42970064844926,0.9090909090909091,0.45454545454545453,2.6363636363636362,1.6363636363636365,0.7272727272727273,0.0004796821108357108
112358,116,I,14,1,240.58685714285713,190.58682491371493,45.0,5.0,7.571428571428571,7.142857142857143,145.3077297857143,147.02201550528812,103.0220155052881,0.6428571428571429,0.21428571428571427,2.7857142857142856,2.2142857142857144,0.42857142857142855,0.0004512079908636224
112358,116,J,14,1,246.7865,196.50079543827195,45.285714285714285,5.0,7.571428571428571,7.428571428571429,51.93230942857143,142.2460542545179,97.17462568308932,0.7142857142857143,0.21428571428571427,2.857142857142857,2.0,0.5714285714285714,0.00013613580722449115
112358,116,Jplus,14,1,243.58457142857145,196.72739947034276,41.857142857142854,5.0,7.0,6.857142857142857,114.22425071428572,132.6992437791161,91.41352949340181,0.7857142857142857,0.14285714285714285,2.0,1.9285714285714286,0.0,0.000407415201607364
112358,116,Ring8,14,1,249.161,193.51813944780127,50.642857142857146,5.0,8.5,8.142857142857142,121.04915228571429,152.60076465521166,102.5293360837831,0.5714285714285714,0.21428571428571427,2.5714285714285716,1.7142857142857142,0.5714285714285714,4.773078217112925e-05
112358,117,I,12,1,347.47625,283.8095692526944,58.666666666666664,5.0,9.833333333333334,9.5,177.47706391666668,181.47706394123648,127.4770639412365,0.6666666666666666,0.5833333333333334,2.3333333333333335,1.25,0.4166666666666667,0.0001689676673777285
112358,117,J,12,1,339.1619166666667,271.32858933086396,62.833333333333336,5.0,10.583333333333334,9.916666666666666,132.92808283333332,173.8536654329182,113.4369987662515,0.75,0.4166666666666667,2.5,1.4166666666666667,0.6666666666666666,7.197036711659166e-05
112358,117,Jplus,12,1,339.64625,273.7295924578712,60.916666666666664,5.0,10.25,9.666666666666666,141.62032991666666,163.0831212151049,106.24978788177157,0.9166666666666666,0.4166666666666667,1.9166666666666667,1.4166666666666667,0.0,0.00010949445459118579
112358,117,Ring8,12,1,359.32349999999997,283.1568167456745,71.16666666666667,5.0,11.916666666666666,11.583333333333334,152.77777366666666,175.8896513452731,108.1396513452731,0.8333333333333334,0.4166666666666667,2.4166666666666665,1.3333333333333333,0.5833333333333334,0.00019905190538338502
112358,118,I,16,1,261.0570625,216.55708734023023,39.5,5.0,6.625,6.375,119.8606139375,122.11061394952131,88.17311394952132,0.9375,0.6875,2.25,1.5625,0.5,0.0003974436840508133
112358,118,J,16,1,267.374125,218.87413347236586,43.5,5.0,7.3125,6.9375,108.2684721875,108.64347220892428,73.20597220892427,0.875,0.625,2.5,1.375,0.4375,0.00013555785380958696
112358,118,Jplus,16,1,257.0468125,206.17181595363436,45.875,5.0,7.6875,7.4375,103.422967375,114.88127466321173,76.00627466321171,0.9375,0.6875,2.0,1.5625,0.0,5.525815004148171e-05
112358,118,Ring8,16,1,291.0975,236.97248021511967,49.125,5.0,8.25,7.875,117.9348833125,129.14157491583728,85.9540749158373,0.75,0.625,2.625,1.375,0.5,0.00031655808561481535
112358,119,I,13,1,270.24538461538464,216.63002649283405,48.61538461538461,5.0,8.153846153846153,7.846153846153846,117.87303746153846,161.10380669815808,115.41149900585036,0.6923076923076923,0.46153846153846156,2.230769230769231,1.3076923076923077,0.6153846153846154,0.0003444068424869329
112358,119,J,13,1,251.34346153846155,193.18960411664918,53.15384615384615,5.0,8.923076923076923,8.538461538461538,97.33671738461538,155.84647236418456,105.0772415949538,0.6923076923076923,0.38461538461538464,2.5384615384615383,1.6923076923076923,0.6153846153846154,0.00014648356091129244
112358,119,Jplus,13,1,255.54084615384616,200.0023703478599,50.53846153846154,5.0,8.461538461538462,8.23076923076923,87.66619130769232,142.11365315834402,95.65211469680555,0.9230769230769231,0.38461538461538464,2.076923076923077,1.8461538461538463,0.0,0.00018547782110545086
112358,119,Ring8,13,1,259.20369230769234,197.6652094080069,56.53846153846154,5.0,9.461538461538462,9.23076923076923,88.15150415384616,159.2152142822248,103.75367582068633,0.6923076923076923,0.38461538461538464,2.5384615384615383,1.8461538461538463,0.6153846153846154,0.0002776959104267007
112358,120,I,15,1,280.1990666666667,232.66573064316404,42.53333333333333,5.0,7.133333333333334,6.866666666666666,118.05180013333333,137.38513344760526,97.58513344760526,0.9333333333333333,0.4,2.0,1.2666666666666666,0.5333333333333333,4.035253914480563e-05
112358,120,J,15,1,269.2308,217.69748969856423,46.53333333333333,5.0,7.8,7.533333333333333,111.024617,129.99232458830053,87.79232458830054,0.8666666666666667,0.4,2.4,1.4666666666666666,0.4,0.0003454784632594965
112358,120,Jplus,15,1,280.21046666666666,224.5438316911523,50.666666666666664,5.0,8.466666666666667,8.333333333333334,127.82656933333332,130.62656936570806,85.15990269904138,0.9333333333333333,0.4666666666666667,2.066666666666667,1.6666666666666667,0.0,0.00047536728425257024
112358,120,Ring8,15,1,269.05260000000004,211.58591632903568,52.46666666666667,5.0,8.8,8.466666666666667,120.11318733333333,136.25952763509986,88.12619430176655,0.8666666666666667,0.5333333333333333,2.8666666666666667,1.9333333333333333,0.5333333333333333,0.00025506446490908274
112358,121,I,14,1,295.3595714285714,239.57384608034522,50.785714285714285,5.0,8.5,8.285714285714286,149.15693021428572,150.87121596048885,103.08550167477458,0.8571428571428571,0.42857142857142855,2.2142857142857144,1.5,0.5,0.00015487516657231026
112358,121,J,14,1,263.6101428571429,205.7529954753758,52.857142857142854,5.0,8.857142857142858,8.571428571428571,124.3410992857143,146.21158085176273,96.78300942319129,0.7857142857142857,0.42857142857142855,2.5714285714285716,1.7857142857142858,0.42857142857142855,6.33447389191133e-05
112358,121,Jplus,14,1,271.4093571428572,216.19505413333223,50.214285714285715,5.0,8.428571428571429,8.071428571428571,115.56784207142857,134.39309175209308,89.53594889495018,0.9285714285714286,0.5,2.142857142857143,1.7142857142857142,0.0,0.00024213334882006166
112358,121,Ring8,14,1,281.71342857142855,216.2848324160021,60.42857142857143,5.0,10.142857142857142,9.714285714285714,133.29257021428572,156.30535545044154,98.09106973615586,0.7857142857142857,0.2857142857142857,2.7857142857142856,1.9285714285714286,0.5714285714285714,0.0003461759702076961
112358,122,I,12,1,289.46183333333335,229.79519216564304,54.666666666666664,5.0,9.166666666666666,8.833333333333334,149.30657083333332,175.47323753470803,125.1399042013747,0.9166666666666666,0.5833333333333334,2.25,1.25,0.6666666666666666,0.0003059877167288505
112358,122,J,12,1,274.6585833333333,209.57522705616103,60.083333333333336,5.0,10.083333333333334,9.666666666666666,125.74945791666666,169.94388916465968,112.77722249799301,0.75,0.4166666666666667,3.0,1.9166666666666667,0.6666666666666666,0.00027532606736713205
112358,122,Jplus,12,1,275.05058333333335,214.883902625842,55.166666666666664,5.0,9.25,8.916666666666666,134.98731566666666,160.69997949959378,107.94997949959377,0.8333333333333334,0.4166666666666667,2.0833333333333335,1.8333333333333333,0.0,0.0001684898957137193
112358,122,Ring8,12,1,272.06533333333334,203.3153202733258,63.75,5.0,10.666666666666666,10.416666666666666,125.19686108333333,181.62122913985365,117.70456247318698,0.5,0.25,2.5,1.5833333333333333,0.6666666666666666,0.00015672009067202453
112358,123,I,16,1,265.239,221.17647959673383,39.0625,5.0,6.5625,6.25,114.9617856875,116.08678565708155,83.71178565708155,0.8125,0.75,2.5625,1.4375,0.5,0.0003264522583776852
112358,123,J,16,1,270.501875,225.6893880048324,39.8125,5.0,6.6875,6.375,108.67604025,113.18733855990278,76.74983855990278,0.75,0.5,2.1875,1.375,0.5,0.00020807731880267966
112358,123,Jplus,16,1,270.5905625,225.52809084859288,40.0625,5.0,6.75,6.3125,99.640899875,104.52719820177789,71.33969820177788,0.875,0.625,2.25,1.75,0.0,0.000453577486496215
112358,123,Ring8,16,1,247.8271875,199.38968112312742,43.4375,5.0,7.3125,6.875,102.2103320625,102.21033208796875,64.58533208796875,0.8125,0.625,2.4375,1.5,0.375,0.00010202996145380894
112358,124,I,12,1,292.56183333333337,234.39519506821182,53.166666666666664,5.0,8.916666666666666,8.583333333333334,124.98904233333333,186.33325569577752,133.41658902911087,0.5833333333333334,0.25,2.5,1.4166666666666667,0.6666666666666666,0.00034081854164469405
112358,124,J,12,1,299.65024999999997,234.73361154725615,59.916666666666664,5.0,10.083333333333334,9.5,123.22533025,169.90811910079847,112.24145243413182,0.75,0.25,2.9166666666666665,1.75,0.5,0.00033856707386803464
112358,124,Jplus,12,1,270.284,211.5340412819078,53.75,5.0,9.0,8.75,113.83498275,163.18953761152903,110.02287094486235,0.75,0.25,1.8333333333333333,1.5833333333333333,0.0,0.0004953828938596416
112358,124,Ring8,12,1,296.115,227.86497163851774,63.25,5.0,10.583333333333334,10.333333333333334,133.54898599999999,181.93537326530145,118.01870659863475,0.5,0.16666666666666666,2.5,1.5833333333333333,0.5833333333333334,0.0003403377872928104
112358,125,I,14,1,273.179,217.39327812104736,50.785714285714285,5.0,8.5,8.285714285714286,150.63303850000003,152.3473242350401,105.41875280646865,0.8571428571428571,0.5714285714285714,2.5714285714285716,1.6428571428571428,0.5714285714285714,0.00010630533688527066
112358,125,J,14,1,286.8667142857143,224.7952792926276,57.07142857142857,5.0,9.571428571428571,9.214285714285714,122.09596071428572,142.2071953337547,92.13576676232613,1.0,0.7142857142857143,3.142857142857143,2.2142857142857144,0.5,8.990321339297225e-05
112358,125,Jplus,14,1,276.57221428571427,217.78651244449716,53.785714285714285,5.0,9.0,8.785714285714286,114.76910557142857,133.16578384872426,88.66578384872423,1.0,0.7142857142857143,2.5714285714285716,2.142857142857143,0.0,0.00017422296014046879
112358,125,Ring8,14,1,284.91214285714284,220.41217817201118,59.5,5.0,10.0,9.5,126.90725164285713,144.58008768625743,91.79437340054315,0.9285714285714286,0.7857142857142857,3.2142857142857144,2.2142857142857144,0.5714285714285714,0.000494408156555437
112358,126,I,13,1,310.90553846153847,253.59780856085462,52.30769230769231,5.0,8.76923076923077,8.461538461538462,134.44303823076922,159.0584228804268,110.3661151881191,0.9230769230769231,0.46153846153846156,2.6153846153846154,1.6923076923076923,0.6153846153846154,0.0004887088898613001
112358,126,J,13,1,289.6516923076923,228.1132209453562,56.53846153846154,5.0,9.461538461538462,9.23076923076923,121.51124876923078,159.61483840524033,105.23022302062499,0.6153846153846154,0.5384615384615384,2.8461538461538463,1.7692307692307692,0.6153846153846154,0.00012771036972480942
112358,126,Jplus,13,1,295.16607692307696,235.62758975074055,54.53846153846154,5.0,9.153846153846153,8.76923076923077,127.40530507692309,146.7555739433681,95.67865086644503,0.9230769230769231,0.46153846153846156,1.9230769230769231,1.4615384615384615,0.0,0.00033324037303827936
112358,126,Ring8,13,1,301.88807692307694,235.8880435649354,61.0,5.0,10.23076923076923,9.846153846153847,140.62592692307692,161.17613017887987,102.40689940964913,0.8461538461538461,0.3076923076923077,2.769230769230769,2.0,0.6153846153846154,0.0004336558399700152
112358,127,I,14,1,285.7140714285714,229.42833517962876,51.285714285714285,5.0,8.642857142857142,8.071428571428571,126.3721752142857,149.23494759000602,103.66351901857743,0.8571428571428571,0.5714285714285714,2.857142857142857,1.8571428571428572,0.5714285714285714,0.0003074851970268355
112358,127,J,14,1,261.38471428571427,203.31328036938325,53.07142857142857,5.0,8.928571428571429,8.428571428571429,124.22434185714285,143.08343199905192,93.72628914190908,0.8571428571428571,0.42857142857142855,2.5714285714285716,1.8571428571428572,0.5,7.482863429686404e-05
112358,127,Jplus,14,1,272.7682142857143,216.69675637379777,51.07142857142857,5.0,8.571428571428571,8.214285714285714,116.48339128571429,134.88006956300998,88.66578384872423,1.0,0.5,2.2142857142857144,1.8571428571428572,0.0,0.0004107668314645707
112358,127,Ring8,14,1,273.7992857142857,212.94216529706495,55.857142857142854,5.0,9.357142857142858,9.071428571428571,127.18228292857142,142.71226177570117,92.28369034712975,0.9285714285714286,0.5714285714285714,3.0714285714285716,2.142857142857143,0.5714285714285714,0.00031415890907737776
112358,128,I,12,1,316.75441666666666,252.1710615270117,59.583333333333336,5.0,10.0,9.583333333333334,177.49656858333333,179.99656856686738,122.41323523353405,0.75,0.4166666666666667,2.3333333333333335,1.1666666666666667,0.6666666666666666,0.00026167585974690155
112358,128,J,12,1,327.3233333333333,255.32334580810735,67.0,5.0,11.25,10.75,150.3248085,170.34078918765215,107.17412252098545,0.8333333333333334,0.5833333333333334,2.75,1.75,0.5833333333333334,0.0001496972881795955
112358,128,Jplus,12,1,296.03608333333335,231.45273999516897,59.583333333333336,5.0,10.0,9.583333333333334,119.0001565,161.30735566777417,105.55735566777417,0.8333333333333334,0.5833333333333334,2.0,1.75,0.0,0.00012005797225356218
112358,128,Ring8,12,1,320.7626666666667,241.34598342260904,74.41666666666667,5.0,12.5,11.916666666666666,157.74393075,175.3622394590154,106.61223945901538,0.8333333333333334,0.6666666666666666,3.25,2.0,0.6666666666666666,0.00019892869158866233
112358,129,I,13,1,298.1753076923077,238.3291788547261,54.84615384615385,5.0,9.23076923076923,8.692307692307692,142.0549667692308,164.36265906448327,113.97804367986788,0.8461538461538461,0.6153846153846154,2.3846153846153846,1.3076923076923077,0.6153846153846154,0.0003251114394515753
112358,129,J,13,1,299.34615384615387,233.26925958402782,61.07692307692308,5.0,10.23076923076923,9.923076923076923,145.06594407692307,163.95467451909374,106.57005913447831,0.7692307692307693,0.6153846153846154,3.1538461538461537,2.1538461538461537,0.6153846153846154,0.0003745923618225788
112358,129,Jplus,13,1,292.61753846153846,232.15601571843047,55.46153846153846,5.0,9.307692307692308,8.923076923076923,130.64230176923076,149.99257070042677,99.4541091619652,0.8461538461538461,0.6923076923076923,2.230769230769231,1.6923076923076923,0.0,0.00020433959616639186
112358,129,Ring8,13,1,290.96361538461537,223.34820928671894,62.61538461538461,5.0,10.461538461538462,10.307692307692308,122.9918626153846,158.41026117085298,98.3333380939299,0.7692307692307693,0.6153846153846154,2.4615384615384617,1.6923076923076923,0.38461538461538464,0.0002792726536426926
112358,130,I,14,1,288.27664285714286,233.2766280789492,50.0,5.0,8.357142857142858,8.214285714285714,150.59479864285714,154.4519414895604,108.523370060989,0.7142857142857143,0.5,2.642857142857143,1.6428571428571428,0.5714285714285714,0.00020689471148216398
112358,130,J,14,1,266.93357142857144,213.43358958653002,48.5,5.0,8.142857142857142,7.785714285714286,103.61674207142858,142.4418466441663,94.79898950130917,0.7857142857142857,0.14285714285714285,2.142857142857143,1.2142857142857142,0.5714285714285714,0.0002542114202697121
112358,130,Jplus,14,1,259.8998571428571,210.11412118549924,44.785714285714285,5.0,7.5,7.285714285714286,96.40998907142857,136.3167387576704,92.03102447195613,0.7857142857142857,0.14285714285714285,1.5,1.2142857142857142,0.0,0.00030340301054820884
112358,130,Ring8,14,1,280.84042857142856,223.55469839655922,52.285714285714285,5.0,8.785714285714286,8.357142857142858,92.96717328571428,145.11650633041145,94.47364918755436,0.7142857142857143,0.2857142857142857,2.357142857142857,1.3571428571428572,0.5,0.00022244817091632285
112358,131,I,11,1,328.6742727272727,259.67425272432587,64.0,5.0,10.727272727272727,10.363636363636363,164.1399910909091,194.2309067567329,131.4127249385511,0.7272727272727273,0.2727272727272727,2.8181818181818183,1.7272727272727273,0.7272727272727273,0.00022003241519996664
112358,131,J,11,1,348.0171818181818,274.2899073546009,68.72727272727273,5.0,11.545454545454545,11.0,159.121237,196.02137094308208,128.38500730671842,0.6363636363636364,0.2727272727272727,2.6363636363636362,1.3636363636363635,0.7272727272727273,1.9099389646726195e-05
112358,131,Jplus,11,1,340.9683636363636,270.87742452965017,65.0909090909091,5.0,10.909090909090908,10.545454545454545,146.79872990909092,175.12177492646475,113.12177492646474,0.9090909090909091,0.45454545454545453,2.0,1.5454545454545454,0.0,0.00033017384839695296
112358,131,Ring8,11,1,337.57509090909093,258.665970646601,73.9090909090909,5.0,12.363636363636363,12.090909090909092,147.00212927272727,205.3482811990618,131.71191756269815,0.5454545454545454,0.36363636363636365,2.6363636363636362,1.5454545454545454,0.7272727272727273,0.00032288738884744816
112358,132,I,16,1,283.0496875,232.42470299423263,45.625,5.0,7.6875,7.1875,111.3977535625,112.52275355491071,76.02275355491071,0.8125,0.75,3.375,2.0625,0.5,0.0002479077220414183
112358,132,J,16,1,256.209125,207.5841391776677,43.625,5.0,7.375,6.75,94.5454053125,107.79105431284444,71.66605431284442,0.8125,0.6875,3.3125,1.9375,0.5,0.00022684268378725392
112358,132,Jplus,16,1,255.287875,208.10039503190194,42.1875,5.0,7.125,6.5625,100.422967375,116.68462415810889,80.18462415810886,0.8125,0.625,2.375,1.875,0.0,0.00032051043081082753
112358,132,Ring8,16,1,256.0483125,201.67333067113145,49.375,5.0,8.375,7.5,110.3187215,120.24838449646641,79.43588449646643,0.75,0.75,3.125,1.875,0.5,0.00029073810310364934
112358,133,I,13,1,346.77084615384615,286.3093041699715,55.46153846153846,5.0,9.307692307692308,8.923076923076923,160.8651779230769,163.63440871168447,112.6344087116845,0.9230769230769231,0.46153846153846156,2.769230769230769,1.6923076923076923,0.6153846153846154,4.579037022267585e-05
112358,133,J,13,1,336.372,272.9104764130491,58.46153846153846,5.0,9.846153846153847,9.23076923076923,136.31528623076923,160.39499834801842,106.31807527109535,0.8461538461538461,0.46153846153846156,2.6923076923076925,1.5384615384615385,0.6153846153846154,0.0001933696375999716
112358,133,Jplus,13,1,320.25330769230766,260.3302161333678,54.92307692307692,5.0,9.23076923076923,8.76923076923077,124.05903676923077,146.3799485507857,95.76456393540107,0.9230769230769231,0.5384615384615384,2.076923076923077,1.5384615384615385,0.0,0.00019026621794182574
112358,133,Ring8,13,1,323.52969230769236,254.76042898943373,63.76923076923077,5.0,10.692307692307692,10.307692307692308,136.85825292307692,158.02977930721988,98.79901007645068,0.8461538461538461,0.5384615384615384,2.8461538461538463,1.7692307692307692,0.6153846153846154,0.00042313736184951267
112358,134,I,11,1,325.5892727272727,257.1347313301174,63.45454545454545,5.0,10.636363636363637,10.272727272727273,138.2439059090909,194.24390594026656,133.9711786675393,0.8181818181818182,0.5454545454545454,2.727272727272727,1.6363636363636365,0.7272727272727273,4.463129153009504e-05
112358,134,J,11,1,308.09963636363636,233.19054453623673,69.9090909090909,5.0,11.727272727272727,11.272727272727273,147.08367409090908,190.63885516252824,123.36612788980095,0.8181818181818182,0.2727272727272727,2.8181818181818183,1.8181818181818181,0.7272727272727273,1.010139612844796e-05
112358,134,Jplus,11,1,323.3851818181818,253.29429968284356,65.0909090909091,5.0,10.909090909090908,10.545454545454545,132.24999418181818,177.44153889021777,115.44153889021779,0.9090909090909091,0.2727272727272727,2.0,1.7272727272727273,0.0,0.0002965112789752311
112358,134,Ring8,11,1,314.10381818181816,228.64926532144892,80.45454545454545,5.0,13.454545454545455,13.181818181818182,156.99548900000002,197.59074624070942,119.95438260434577,0.7272727272727273,0.36363636363636365,3.090909090909091,2.090909090909091,0.6363636363636364,8.146406162268249e-05
112358,135,I,16,1,267.6596875,221.40970691808062,41.25,5.0,6.9375,6.5625,126.0186649375,127.14366495898413,90.58116495898413,0.875,0.5625,2.375,1.25,0.5,0.00031068928956301534
112358,135,J,16,1,283.763875,235.51386188786324,43.25,5.0,7.3125,6.6875,108.1079945625,118.08422817920888,81.20922817920888,0.8125,0.5,3.0,1.875,0.5,0.0002097941878673737
112358,135,Jplus,16,1,274.310125,230.49760282168404,38.8125,5.0,6.5625,6.0,97.047967375,98.54796738969478,66.73546738969476,1.0,0.625,2.25,1.625,0.0,0.00035485305579641135
112358,135,Ring8,16,1,282.47925,230.97926840407212,46.5,5.0,7.8125,7.4375,116.0458079375,126.67365506596425,84.98615506596425,0.75,0.5625,2.875,1.8125,0.5,0.0002944651541838539
112358,136,I,12,1,345.51275000000004,283.9294287803777,56.583333333333336,5.0,9.5,9.083333333333334,175.84918391666668,175.84918393516645,122.34918393516642,0.75,0.3333333333333333,2.5,1.4166666666666667,0.6666666666666666,0.0001453645318179042
112358,136,J,12,1,319.96858333333336,251.55187719230688,63.416666666666664,5.0,10.666666666666666,10.083333333333334,177.5474345,177.54743449182465,116.130767825158,0.5833333333333334,0.4166666666666667,2.8333333333333335,1.6666666666666667,0.6666666666666666,0.0004736923174277763
112358,136,Jplus,12,1,314.76125,249.1778940172895,60.583333333333336,5.0,10.166666666666666,9.75,163.28710083333334,164.2871008386825,107.53710083868249,0.8333333333333334,0.4166666666666667,2.3333333333333335,1.9166666666666667,0.0,0.0002717925262913923
112358,136,Ring8,12,1,310.1834166666667,237.0167307949309,68.16666666666667,5.0,11.416666666666666,11.083333333333334,157.73864633333332,183.24631205260036,116.32964538593372,0.5833333333333334,0.4166666666666667,2.9166666666666665,2.0,0.6666666666666666,0.00023046082924338407
112358,137,I,15,1,272.2784666666667,219.87845345782034,47.4,5.0,7.933333333333334,7.733333333333333,142.5097182,144.50971819550523,101.17638486217187,0.8666666666666667,0.4666666666666667,2.2666666666666666,1.5333333333333334,0.5333333333333333,0.0001981326950044604
112358,137,J,15,1,247.1258,196.3257793357699,45.8,5.0,7.666666666666667,7.466666666666667,102.18593126666666,133.36227909867767,88.89561243201099,0.7333333333333333,0.4,2.2666666666666666,1.6,0.5333333333333333,0.00030996345140010817
112358,137,Jplus,15,1,247.62053333333333,199.62053062578687,43.0,5.0,7.2,7.0,91.5715598,123.12495402522535,82.92495402522533,0.8666666666666667,0.4,1.8,1.6,0.0,4.06131971431023e-05
112358,137,Ring8,15,1,251.32340000000002,196.59005884531572,49.733333333333334,5.0,8.333333333333334,8.066666666666666,107.8440512,134.85782827209056,87.1911616054239,0.7333333333333333,0.4666666666666667,2.4,1.6,0.5333333333333333,0.00011732026405297802
112358,138,I,16,1,274.6865625,226.6240535925783,43.0625,5.0,7.25,6.8125,131.4249155625,132.92491558981897,95.42491558981898,0.8125,0.6875,2.8125,1.75,0.5,0.0001425187469976663
112358,138,J,16,1,256.130125,208.81762866519543,42.3125,5.0,7.0625,7.0,111.2040025,125.89668246868594,86.45918246868594,0.75,0.6875,2.875,2.0625,0.5,5.8643126521928934e-05
112358,138,Jplus,16,1,245.211875,203.2743560564203,36.9375,5.0,6.1875,6.0,98.2391973125,111.54670356781347,79.17170356781347,0.8125,0.6875,2.0,1.6875,0.0,0.0003030972752640082
112358,138,Ring8,16,1,260.9104375,205.72291345217658,50.1875,5.0,8.4375,8.0,112.9919515625,121.43452534683715,77.55952534683713,0.75,0.6875,2.875,1.6875,0.5,0.00038476517465824145
112358,139,I,10,1,424.5481,349.7481019228273,69.8,5.0,11.7,11.3,171.2645324,206.87268837538926,142.27268837538927,0.9,0.5,2.4,1.5,0.3,1.9228273231419735e-05
112358,139,J,10,1,376.91089999999997,293.11091072957765,78.8,5.0,13.2,12.8,178.1916747,206.83627068115456,129.73627068115456,0.8,0.3,2.6,1.7,0.7,0.00010729577661550138
112358,139,Jplus,10,1,371.8433,292.9432668600985,73.9,5.0,12.4,11.9,168.6247768,197.716925576081,126.61692557608099,0.8,0.4,1.8,1.4,0.0,0.00033139901506729075
112358,139,Ring8,10,1,388.4346,290.13460394583626,93.3,5.0,15.6,15.3,196.3694668,224.45239108804836,132.4523910880484,0.7,0.4,3.1,1.9,0.8,3.9458362607547315e-05
112358,140,I,16,1,272.944125,232.00661872251044,35.9375,5.0,6.0625,5.625,84.94873475,86.44873475706225,60.26123475706224,1.0,0.6875,2.4375,1.25,0.4375,0.00010043983274954371
112358,140,J,16,1,274.812125,225.81215404317135,44.0,5.0,7.375,7.125,123.170768375,124.29576838253945,84.79576838253946,0.8125,0.5,2.625,1.8125,0.375,0.0004646907418646151
112358,140,Jplus,16,1,264.112375,220.48737035933146,38.625,5.0,6.5,6.125,81.7008739375,83.95087391175582,55.88837391175582,1.0,0.8125,2.5625,1.875,0.0,7.425069634336978e-05
112358,140,Ring8,16,1,284.956375,229.70637737028008,50.25,5.0,8.4375,8.0625,124.305640125,125.4306401058056,80.93064010580561,1.0,0.5,3.125,1.9375,0.5,3.7924481603113236e-05
112358,141,I,11,1,376.8041818181818,307.16780758288814,64.63636363636364,5.0,10.818181818181818,10.545454545454545,190.55402218181817,191.64493131512208,130.82674949694027,0.9090909090909091,0.5454545454545454,2.6363636363636362,1.3636363636363635,0.7272727272727273,0.00011658822995741502
112358,141,J,11,1,367.532,294.16837051348466,68.36363636363636,5.0,11.454545454545455,11.090909090909092,140.17334345454546,186.93920326527896,120.75738508346076,0.7272727272727273,0.45454545454545453,2.6363636363636362,1.3636363636363635,0.7272727272727273,7.564833140349947e-05
112358,141,Jplus,11,1,359.26527272727276,290.2652540134649,64.0,5.0,10.727272727272727,10.363636363636363,127.53970436363637,174.3055641783036,112.94192781466727,0.8181818181818182,0.45454545454545453,1.9090909090909092,1.3636363636363635,0.0,0.0002058518862213532
112358,141,Ring8,11,1,385.8565454545454,300.76559159925444,80.0909090909091,5.0,13.454545454545455,12.818181818181818,198.1189697272727,200.30078793864095,123.57351521136816,0.5454545454545454,0.45454545454545453,3.0,1.6363636363636365,0.5454545454545454,0.0004924082008983532
112358,142,I,15,1,262.29113333333333,213.4244457499282,43.86666666666667,5.0,7.333333333333333,7.2,135.7307346,137.73073457866116,97.53073457866113,0.8666666666666667,0.6,2.466666666666667,1.8,0.4666666666666667,0.00031375107710118755
112358,142,J,15,1,247.88746666666665,191.9541465297565,50.93333333333333,5.0,8.533333333333333,8.266666666666667,123.29086266666667,140.96322065380338,91.69655398713667,0.7333333333333333,0.3333333333333333,2.6666666666666665,2.0,0.5333333333333333,0.00019794634772551944
112358,142,Jplus,15,1,244.39313333333334,193.32644632972398,46.06666666666667,5.0,7.733333333333333,7.4,114.10529960000001,131.79524375162012,88.46191041828678,0.8,0.4,1.8666666666666667,1.6666666666666667,0.0,0.00030505414042636403
112358,142,Ring8,15,1,244.89173333333335,191.95840608486438,47.93333333333333,5.0,8.066666666666666,7.6,80.45792713333334,133.21493918851988,88.74827252185322,0.8,0.4,2.933333333333333,2.0,0.5333333333333333,9.127296561928233e-05
112358,143,I,11,1,289.61045454545456,220.51951329755718,64.0909090909091,5.0,10.727272727272727,10.454545454545455,164.9627198181818,198.54850565745355,134.27577838472632,0.5454545454545454,0.2727272727272727,2.8181818181818183,2.0,0.7272727272727273,0.0003537268712534569
112358,143,J,11,1,269.55927272727274,198.74109851129154,65.81818181818181,5.0,11.0,10.818181818181818,136.5797470909091,188.62642623496106,123.17188078041562,0.6363636363636364,0.2727272727272727,2.8181818181818183,1.9090909090909092,0.7272727272727273,8.362420703633688e-05
112358,143,Jplus,11,1,302.2894545454546,235.28946207761882,62.0,5.0,10.363636363636363,10.181818181818182,123.86704463636364,176.9565616032019,117.22928887592911,0.8181818181818182,0.2727272727272727,2.1818181818181817,2.0,0.0,8.28538068162743e-05
112358,143,Ring8,11,1,278.8550909090909,204.30967786143262,69.54545454545455,5.0,11.636363636363637,11.363636363636363,66.17128254545455,192.5024441406175,122.7751714133448,0.5454545454545454,0.2727272727272727,2.909090909090909,2.0,0.6363636363636364,0.00045647575871043955
112358,144,I,14,1,305.9113571428571,248.4828067897955,52.42857142857143,5.0,8.785714285714286,8.5,147.21303892857142,149.35589608355335,104.92732465498196,0.9285714285714286,0.5714285714285714,2.857142857142857,1.7857142857142858,0.5714285714285714,0.00029505713700928027
112358,144,J,14,1,289.5600714285714,228.98867753070869,55.57142857142857,5.0,9.357142857142858,8.785714285714286,142.06802507142856,144.63945360913746,95.7823107519946,0.7142857142857143,0.5714285714285714,3.2142857142857144,2.0,0.5,0.0004854299218095548
112358,144,Jplus,14,1,280.0032142857143,226.3603887998206,48.642857142857146,5.0,8.142857142857142,7.928571428571429,131.29477207142858,133.8662006341496,89.58048634843533,0.7857142857142857,0.5,2.0,1.5714285714285714,0.0,0.00044319748849375173
112358,144,Ring8,14,1,280.3682142857143,213.51103628053517,61.857142857142854,5.0,10.357142857142858,10.071428571428571,133.90282785714285,149.8613781470656,95.36137814706558,0.7857142857142857,0.7857142857142857,3.642857142857143,2.5714285714285716,0.5714285714285714,0.0004920725077681709
112358,145,I,14,1,283.4908571428571,229.2766013491686,49.214285714285715,5.0,8.285714285714286,7.785714285714286,152.45613521428572,152.88470667136684,107.67042095708113,0.8571428571428571,0.35714285714285715,3.0,1.7857142857142858,0.5714285714285714,0.0004188883604001603
112358,145,J,14,1,272.89335714285716,220.10766766256089,47.785714285714285,5.0,8.0,7.785714285714286,106.35186657142857,140.33965708182694,94.6967999389698,0.8571428571428571,0.2857142857142857,2.5,1.6428571428571428,0.5714285714285714,0.00034727585216387524
112358,145,Jplus,14,1,263.69635714285715,214.83924802663265,43.857142857142854,5.0,7.357142857142857,7.071428571428571,98.26369985714287,135.6048014354852,93.81908714977092,0.8571428571428571,0.35714285714285715,1.8571428571428572,1.5,0.0,0.0004723728570752428
112358,145,Ring8,14,1,283.3997857142857,223.328355014702,55.07142857142857,5.0,9.214285714285714,9.0,134.2047167142857,153.1836619958145,98.82651913867166,0.6428571428571429,0.35714285714285715,2.7857142857142856,1.8571428571428572,0.5714285714285714,2.9794172405672725e-05
112358,146,I,15,1,306.87606666666665,256.6094278338822,45.266666666666666,5.0,7.6,7.266666666666667,138.17132766666666,140.17132768509134,100.77132768509131,0.8666666666666667,0.5333333333333333,2.7333333333333334,1.6666666666666667,0.5333333333333333,0.00041750823311303975
112358,146,J,15,1,279.75326666666666,226.08660599296692,48.666666666666664,5.0,8.133333333333333,8.0,132.9095224666667,135.70952244132414,90.7761891079908,0.8,0.4666666666666667,2.6,1.7333333333333334,0.5333333333333333,8.989450407170807e-05
112358,146,Jplus,15,1,271.63800000000003,222.43800689518346,44.2,5.0,7.4,7.2,95.84081913333333,128.18128523941257,87.24795190607925,0.8,0.4,2.066666666666667,1.8666666666666667,0.0,0.00010342775158278528
112358,146,Ring8,15,1,273.34860000000003,217.015266568002,51.333333333333336,5.0,8.6,8.333333333333334,122.13290980000001,137.02755672859377,88.4942233952604,0.8,0.4666666666666667,2.6666666666666665,1.8666666666666667,0.5333333333333333,1.4799702512391377e-06
112358,147,I,15,1,280.14293333333336,229.87628578319882,45.266666666666666,5.0,7.6,7.266666666666667,119.8674106,139.59378426732584,99.79378426732586,0.8666666666666667,0.5333333333333333,2.4,1.6666666666666667,0.4,0.000286747982045199
112358,147,J,15,1,261.56006666666667,203.29338636297717,53.266666666666666,5.0,8.933333333333334,8.6,121.49836839999999,139.99362004420522,90.26028671087188,0.8,0.4666666666666667,2.3333333333333335,1.4666666666666666,0.5333333333333333,0.00020455534240682027
112358,147,Jplus,15,1,287.86913333333337,231.26915851040079,51.6,5.0,8.666666666666666,8.266666666666667,115.16122193333334,130.7314549774506,85.26478831078389,0.9333333333333333,0.5333333333333333,2.0,1.4666666666666666,0.0,0.0003776560115511529
112358,147,Ring8,15,1,287.58299999999997,220.0496490686468,62.53333333333333,5.0,10.466666666666667,10.2,130.243193,143.13783997192584,84.93783997192583,0.9333333333333333,0.6,3.066666666666667,2.066666666666667,0.5333333333333333,0.0002639702979649883
112358,148,I,13,1,332.07753846153844,265.9236639141822,61.15384615384615,5.0,10.23076923076923,10.0,163.43643538461538,168.0518199686421,110.97489689171903,1.0,0.5384615384615384,2.3076923076923075,1.5384615384615385,0.5384615384615384,0.0003691156307468191
112358,148,J,13,1,315.8470769230769,246.46244753927536,64.38461538461539,5.0,10.76923076923077,10.538461538461538,139.01109561538462,165.77315612530356,104.54238689453429,0.9230769230769231,0.5384615384615384,2.3076923076923075,1.5384615384615385,0.46153846153846156,0.00018198942007074947
112358,148,Jplus,13,1,306.5063846153846,240.89097519837807,60.61538461538461,5.0,10.153846153846153,9.846153846153847,129.13595984615384,152.65950411726826,96.96719642496056,0.9230769230769231,0.6923076923076923,1.6923076923076923,1.2307692307692308,0.0,0.0003224210850021336
112358,148,Ring8,13,1,320.16369230769226,242.93292021506008,72.23076923076923,5.0,12.076923076923077,11.846153846153847,161.08538115384616,164.7776888479721,98.46999654027978,0.9230769230769231,0.6923076923076923,2.3076923076923075,1.6923076923076923,0.15384615384615385,3.720421864272794e-05
112358,149,I,13,1,294.89453846153845,238.12528904555685,51.76923076923077,5.0,8.692307692307692,8.307692307692308,160.6212513076923,162.46740516626056,113.08278978164523,0.7692307692307693,0.46153846153846156,2.3076923076923075,1.5384615384615385,0.6153846153846154,0.00024240776065198588
112358,149,J,13,1,285.36215384615383,224.90062438839954,55.46153846153846,5.0,9.307692307692308,8.923076923076923,140.94362861538463,162.30716172890612,107.46100788275231,0.6923076923076923,0.23076923076923078,2.3076923076923075,1.3846153846153846,0.6153846153846154,0.0001170491937045881
112358,149,Jplus,13,1,283.34853846153845,228.81008669425952,49.53846153846154,5.0,8.307692307692308,8.0,103.78569100000001,142.94776722170303,95.48622876016455,1.0,0.23076923076923078,1.8461538461538463,1.6923076923076923,0.0,0.00012702537378572742
112358,149,Ring8,13,1,294.8482307692308,226.6943466582863,63.15384615384615,5.0,10.615384615384615,10.076923076923077,147.641716,164.36630866368657,103.3663086636866,0.8461538461538461,0.3076923076923077,2.6923076923076925,1.7692307692307692,0.6153846153846154,0.000493442278184375
112358,150,I,13,1,298.70446153846154,244.55065076291913,49.15384615384615,5.0,8.23076923076923,8.0,110.94417715384614,155.55956179535718,110.02110025689564,0.9230769230769231,0.5384615384615384,2.5384615384615383,1.6153846153846154,0.6153846153846154,0.0004599179487740912
112358,150,J,13,1,286.02423076923077,229.17804353832545,51.84615384615385,5.0,8.692307692307692,8.384615384615385,93.51566815384616,148.26499124678395,98.26499124678395,0.9230769230769231,0.38461538461538464,2.4615384615384617,1.6153846153846154,0.6153846153846154,0.00043400176900831866
112358,150,Jplus,13,1,291.0426153846154,236.27337026574517,49.76923076923077,5.0,8.307692307692308,8.23076923076923,124.05903676923077,142.94776722170303,95.48622876016455,1.0,0.38461538461538464,1.9230769230769231,1.6923076923076923,0.0,0.00018654531277206843
112358,150,Ring8,13,1,297.4349230769231,231.12724041982418,61.30769230769231,5.0,10.307692307692308,9.76923076923077,147.14981476923077,162.95133046047096,103.95133046047097,0.7692307692307693,0.38461538461538464,2.1538461538461537,1.0,0.6153846153846154,0.0001254577141480695
112358,151,I,10,1,390.06489999999997,312.1649157766708,72.9,5.0,12.2,11.9,186.3705446,217.17054464290428,147.37054464290426,0.8,0.5,2.5,1.7,0.5,0.00015776670807099435
112358,151,J,10,1,392.09090000000003,302.6908952171424,84.4,5.0,14.2,13.4,159.34995510000002,208.4606542681012,131.8606542681012,0.9,0.6,3.5,2.3,0.4,4.7828576498432085e-05
112358,151,Jplus,10,1,370.1921,288.3921467977023,76.8,5.0,12.9,12.3,146.3213983,195.43209738821395,124.13209738821392,1.0,0.6,2.2,1.8,0.0,0.0004679770231632574
112358,151,Ring8,10,1,385.7099,291.40989029903244,89.3,5.0,15.0,14.3,162.6932853,206.17722615667336,124.1772261566734,0.9,0.6,3.0,1.9,0.2,9.700967575554387e-05
112358,152,I,12,1,339.68416666666667,274.51750278959906,60.166666666666664,5.0,10.083333333333334,9.75,158.44878391666666,184.11545059197132,126.03211725863798,0.75,0.4166666666666667,2.5833333333333335,1.4166666666666667,0.6666666666666666,3.3475188956799684e-05
112358,152,J,12,1,335.2715,264.3548459035493,65.91666666666667,5.0,11.083333333333334,10.5,149.70569475,171.67471523855625,109.00804857188962,0.8333333333333334,0.3333333333333333,2.5,1.25,0.6666666666666666,0.00015084259166542324
112358,152,Jplus,12,1,328.3495,260.8495250351593,62.5,5.0,10.5,10.0,140.56035875,162.52315005430907,103.68981672097573,0.9166666666666666,0.4166666666666667,1.9166666666666667,1.5,0.0,0.00030042191110624117
112358,152,Ring8,12,1,342.3268333333333,263.57680551479933,73.75,5.0,12.333333333333334,12.083333333333334,159.05845308333332,182.13125451298083,110.96458784631415,0.75,0.5833333333333334,2.9166666666666665,1.75,0.6666666666666666,0.00033382240781065775
112358,153,I,10,1,350.8359,278.4358550574792,67.4,5.0,11.3,10.9,193.0643981,225.59486966313375,158.49486966313378,0.6,0.3,2.1,1.0,0.8,0.00044942520798940677
112358,153,J,10,1,339.853,253.85303197486033,81.0,5.0,13.6,13.0,182.4860456,214.16480137184686,133.86480137184685,0.6,0.3,2.6,1.4,0.8,0.0003197486030330765
112358,153,Jplus,10,1,347.79740000000004,264.1974411951269,78.6,5.0,13.2,12.6,169.94902770000002,199.3043773127374,125.10437731273737,0.9,0.5,2.2,1.6,0.0,0.00041195126868842635
112358,153,Ring8,10,1,331.7381,245.33812846257212,81.4,5.0,13.6,13.4,177.1866063,204.88514200045142,123.78514200045147,0.6,0.3,2.2,1.6,0.3,0.00028462572117859963
112358,154,I,15,1,284.0698,231.40315248950373,47.666666666666664,5.0,8.0,7.666666666666667,137.4961064,138.29610642553936,96.49610642553935,0.8666666666666667,0.6666666666666666,2.4,1.2666666666666666,0.5333333333333333,0.0002873425564757781
112358,154,J,15,1,308.02233333333334,248.2889734600927,54.733333333333334,5.0,9.2,8.733333333333333,117.68051753333334,133.6343073002365,87.4343073002365,0.8666666666666667,0.6,3.066666666666667,1.8666666666666667,0.5333333333333333,0.0003980986093665706
112358,154,Jplus,15,1,284.2062666666667,230.0062376037773,49.2,5.0,8.266666666666667,7.866666666666666,109.23710233333333,125.58861488826462,82.9886148882646,0.8666666666666667,0.5333333333333333,2.1333333333333333,1.6666666666666667,0.0,0.0004359433405625168
112358,154,Ring8,15,1,304.83546666666666,244.70212069044632,55.13333333333333,5.0,9.266666666666667,8.8,107.4318154,135.8598493125659,86.52651597923254,0.8,0.6,2.7333333333333334,1.5333333333333334,0.5333333333333333,0.00018964330547532882
112358,155,I,16,1,235.07,192.69500603782197,37.375,5.0,6.25,6.125,115.6735045,117.17350448336333,82.23600448336333,0.75,0.4375,2.5,1.75,0.4375,9.6605151611584e-05
112358,155,J,16,1,243.2430625,193.55554863531972,44.6875,5.0,7.5,7.1875,122.8674584375,125.49245846383687,85.36745846383687,0.75,0.5,2.375,1.625,0.5,0.0002218348845417495
112358,155,Jplus,16,1,246.9884375,198.73840739446507,43.25,5.0,7.25,7.0,113.833731625,116.83373162306033,78.02123162306033,0.875,0.5,2.125,1.9375,0.0,0.00048168855892072315
112358,155,Ring8,16,1,257.5765,204.70152606047554,47.875,5.0,8.0625,7.5625,114.338389875,127.19237796288685,83.94237796288687,0.8125,0.5,2.625,1.75,0.5,0.0004169676085439278
112358,156,I,16,1,261.295,220.91999386977892,35.375,5.0,5.9375,5.6875,107.8346179375,109.70961795516105,79.58461795516105,0.875,0.6875,2.3125,1.5,0.375,9.808353752305266e-05
112358,156,J,16,1,260.3838125,210.25884273819483,45.125,5.0,7.5625,7.3125,118.3861694375,132.39464737167737,90.3946473716774,0.6875,0.4375,2.875,2.0,0.5,0.0004838111176468374
112358,156,Jplus,16,1,238.5643125,195.9393336385847,37.625,5.0,6.375,5.75,84.4002968125,95.02557290715774,65.96307290715774,0.875,0.75,2.4375,1.75,0.0,0.00033821735542005626
112358,156,Ring8,16,1,282.7135,234.83852606866088,42.875,5.0,7.25,6.625,94.676425125,96.1764251156238,62.17642511562381,0.9375,0.6875,3.1875,2.0625,0.375,0.0004170985739619937
112358,157,I,15,1,255.86273333333332,208.72943281362575,42.13333333333333,5.0,7.066666666666666,6.8,117.2005924,137.42035508415054,96.15368841748388,0.7333333333333333,0.26666666666666666,2.466666666666667,1.7333333333333334,0.5333333333333333,0.0004922043863189174
112358,157,J,15,1,260.9564,213.42309960025221,42.53333333333333,5.0,7.133333333333334,6.866666666666666,94.51730373333334,132.1588145669744,89.82548123364106,0.6666666666666666,0.26666666666666666,2.533333333333333,1.8,0.5333333333333333,0.0004940037833875977
112358,157,Jplus,15,1,256.0316,209.564911692954,41.46666666666667,5.0,7.0,6.466666666666667,87.14759886666667,120.49404673128245,83.89404673128244,0.8666666666666667,0.4,2.4,2.0,0.0,0.00032460568991155014
112358,157,Ring8,15,1,262.73786666666666,207.2045184175477,50.53333333333333,5.0,8.466666666666667,8.2,121.6838164,137.10296334024648,89.43629667357985,0.7333333333333333,0.4,3.0,2.1333333333333333,0.5333333333333333,0.00022373678484655102
112358,158,I,14,1,289.94592857142857,240.58876712484016,44.357142857142854,5.0,7.428571428571429,7.214285714285714,124.133059,147.14305859366146,104.64305859366151,0.7142857142857143,0.35714285714285715,2.357142857142857,1.5,0.5714285714285714,0.0002602522376946581
112358,158,J,14,1,275.6917857142857,219.26323365379014,51.42857142857143,5.0,8.642857142857142,8.214285714285714,123.36028835714285,143.15815003814023,93.7295786095688,0.8571428571428571,0.2857142857142857,2.642857142857143,1.8571428571428572,0.5714285714285714,0.0002711530619308178
112358,158,Jplus,14,1,267.5464285714286,214.04640818931765,48.5,5.0,8.142857142857142,7.785714285714286,114.76910557142857,134.45149813443854,88.66578384872425,1.0,0.2857142857142857,2.142857142857143,2.0,0.0,0.0002853495529961947
112358,158,Ring8,14,1,274.686,213.82887693533488,55.857142857142854,5.0,9.357142857142858,9.071428571428571,135.25732785714285,152.20667930970288,98.13525073827428,0.7857142857142857,0.35714285714285715,2.857142857142857,2.0714285714285716,0.5714285714285714,0.0002770946884993464
112358,159,I,11,1,409.9991818181818,341.72644728001495,63.27272727272727,5.0,10.636363636363637,10.090909090909092,166.70712027272728,201.8368504568243,141.6550322750061,0.8181818181818182,0.36363636363636365,2.0,0.5454545454545454,0.7272727272727273,7.99198355707631e-05
112358,159,J,11,1,383.0357272727273,304.8539008286757,73.18181818181819,5.0,12.272727272727273,11.818181818181818,168.87274663636364,196.66475747326513,126.66475747326508,0.7272727272727273,0.5454545454545454,2.6363636363636362,1.2727272727272727,0.7272727272727273,9.088456727113225e-05
112358,159,Jplus,11,1,395.19345454545453,322.9207317271234,67.27272727272727,5.0,11.272727272727273,10.909090909090908,149.97855518181817,176.11978203276317,113.0288729418541,0.9090909090909091,0.5454545454545454,1.7272727272727273,1.0909090909090908,0.0,4.899835721516865e-05
112358,159,Ring8,11,1,386.9815454545454,302.34514597563543,79.63636363636364,5.0,13.363636363636363,12.818181818181818,180.13884427272725,203.42486017696103,126.51576926787017,0.7272727272727273,0.5454545454545454,2.4545454545454546,1.0909090909090908,0.7272727272727273,0.00039426801004083245
112358,160,I,15,1,281.65773333333334,235.85772569829635,40.8,5.0,6.866666666666666,6.466666666666667,116.05285733333334,143.5613832127761,104.82804987944274,0.6666666666666666,0.4,1.9333333333333333,1.0,0.4666666666666667,0.00011452555463620229
112358,160,J,15,1,301.7685333333333,248.83518648964093,47.93333333333333,5.0,8.066666666666666,7.6,137.4784448,139.07844477861906,93.14511144528572,0.6666666666666666,0.3333333333333333,2.2,1.0666666666666667,0.5333333333333333,0.00020265538614694378
112358,160,Jplus,15,1,297.21119999999996,246.27787734967296,45.93333333333333,5.0,7.733333333333333,7.266666666666667,126.55659086666667,128.15659083727138,85.22325750393806,0.8,0.3333333333333333,1.8666666666666667,1.2666666666666666,0.0,0.0001602450947757461
112358,160,Ring8,15,1,280.27720000000005,223.1438931476003,52.13333333333333,5.0,8.733333333333333,8.466666666666667,124.6434036,140.3305621991196,89.86389553245294,0.7333333333333333,0.3333333333333333,2.6,1.6666666666666667,0.5333333333333333,0.0003972140038968064
112358,161,I,15,1,214.27513333333334,174.2751242380564,35.0,5.0,5.866666666666666,5.666666666666667,33.04392953333333,129.8973382883222,96.69733828832223,0.7333333333333333,0.4,2.2666666666666666,1.6666666666666667,0.5333333333333333,0.00013642915382661158
112358,161,J,15,1,214.3972,171.19716827999179,38.2,5.0,6.4,6.2,50.42299833333333,129.88322905652672,91.54989572319337,0.6666666666666666,0.2,2.4,1.8,0.5333333333333333,0.00047580012324033305
112358,161,Jplus,15,1,217.32873333333333,175.7953829187683,36.53333333333333,5.0,6.133333333333334,5.866666666666666,38.83689973333333,119.79212198342547,85.99212198342548,0.8666666666666667,0.26666666666666666,2.1333333333333333,2.0,0.0,0.0002562184754424379
112358,161,Ring8,15,1,231.32233333333335,180.98896715202275,45.333333333333336,5.0,7.6,7.333333333333333,70.83580126666668,134.77035213210328,92.23701879876997,0.8,0.4,3.1333333333333333,2.2,0.5333333333333333,0.0004927196587232174
112358,162,I,10,1,419.0826,341.5826094202487,72.5,5.0,12.2,11.5,151.9003285,218.80025935928262,152.7002593592826,0.7,0.6,2.9,1.1,0.8,9.420248670721776e-05
112358,162,J,10,1,382.85970000000003,296.2597402087275,81.6,5.0,13.7,13.1,176.2167038,211.23508561453554,133.1350856145355,0.7,0.6,2.6,1.1,0.8,0.0004020872752334981
112358,162,Jplus,10,1,375.4207,293.52065248951965,76.9,5.0,12.9,12.4,166.6767478,201.91031274578228,128.41031274578222,0.8,0.5,1.8,1.2,0.0,0.0004751048036268912
112358,162,Ring8,10,1,380.9168,288.11675339609235,87.8,5.0,14.7,14.3,142.3817254,218.0307350937922,134.43073509379218,0.8,0.6,3.1,1.7,0.8,0.0004660390768549405
112358,163,I,14,1,312.31514285714286,259.52942723348275,47.785714285714285,5.0,8.071428571428571,7.428571428571429,148.84661164285714,149.70375450964596,105.63232593821738,0.7857142857142857,0.5714285714285714,2.2857142857142856,1.2857142857142858,0.5714285714285714,1.8731241652858444e-05
112358,163,J,14,1,278.72942857142857,220.51515613972347,53.214285714285715,5.0,8.928571428571429,8.571428571428571,124.7783852857143,141.39804642363083,93.32661785220223,0.7857142857142857,0.6428571428571429,3.0,1.7142857142857142,0.5714285714285714,0.0001859561284618394
112358,163,Jplus,14,1,286.4027142857143,232.90268620287958,48.5,5.0,8.142857142857142,7.785714285714286,115.58601342857142,131.83983456197353,88.69697741911638,0.9285714285714286,0.5,2.0,1.6428571428571428,0.0,0.0003931596857000841
112358,163,Ring8,14,1,295.7647857142857,233.47906975197364,57.285714285714285,5.0,9.642857142857142,9.071428571428571,128.3519247857143,143.6101101224736,90.39582440818788,0.7857142857142857,0.5,2.642857142857143,1.4285714285714286,0.5714285714285714,2.3472369321098085e-05
112358,164,I,10,1,320.8202,249.5202170564258,66.3,5.0,11.1,10.8,78.9672494,208.16767465725556,143.86767465725555,0.7,0.4,2.5,1.6,0.8,0.00017056425758710247
112358,164,J,10,1,326.9828,246.58284045828813,75.4,5.0,12.6,12.4,130.1607404,216.06652655192474,139.26652655192478,0.5,0.1,2.4,1.5,0.8,0.0004045828814014385
112358,164,Jplus,10,1,329.9335,252.63348327701956,72.3,5.0,12.1,11.8,119.6354536,197.89598562453855,127.39598562453853,0.8,0.3,1.9,1.8,0.0,0.00016722980444683344
112358,164,Ring8,10,1,300.2134,217.01339846499363,78.2,5.0,13.1,12.7,65.52554219999999,213.50487080061484,134.40487080061482,0.5,0.2,2.5,1.6,0.8,1.5350063677033177e-05
112358,165,I,15,1,248.92700000000002,199.79366745818652,44.13333333333333,5.0,7.4,7.133333333333334,143.46107053333333,144.6610705107381,102.59440384407142,0.8,0.4,2.2,1.4666666666666666,0.5333333333333333,1.18727975859656e-05
112358,165,J,15,1,249.4854,197.2854042963402,47.2,5.0,7.933333333333334,7.533333333333333,85.936319,131.8764451892835,90.07644518928346,0.9333333333333333,0.26666666666666666,3.0,2.2,0.5333333333333333,6.44451029074844e-05
112358,165,Jplus,15,1,238.46193333333335,190.26193924643397,43.2,5.0,7.266666666666667,6.866666666666666,75.97366013333334,120.28435929249191,83.21769262582524,0.9333333333333333,0.4,2.3333333333333335,2.066666666666667,0.0,8.869650946508045e-05
112358,165,Ring8,15,1,251.89906666666667,196.03242761064763,50.86666666666667,5.0,8.6,7.866666666666666,113.31771666666667,135.6146608760681,90.3479942094014,0.8,0.4666666666666667,2.933333333333333,2.0,0.5333333333333333,0.0004141597146372078
112358,166,I,16,1,251.3656875,205.86570034640204,40.5,5.0,6.8125,6.4375,137.494266125,138.61926613545944,100.93176613545945,0.625,0.375,2.625,1.75,0.5,0.00020554243246806436
112358,166,J,16,1,216.2199375,169.71994905508467,41.5,5.0,6.9375,6.8125,110.03569325,120.5250159620647,81.65001596206469,0.5625,0.5,2.8125,2.1875,0.375,0.00018488135492589208
112358,166,Jplus,16,1,223.7974375,183.29743296262976,35.5,5.0,5.9375,5.8125,99.641394375,110.13458605162174,78.69708605162172,0.625,0.5,1.8125,1.5625,0.0,7.259792391778319e-05
112358,166,Ring8,16,1,197.631125,158.50611478851334,34.125,5.0,5.75,5.375,67.4909508125,75.21791255063856,48.46791255063856,0.8125,0.625,2.6875,1.8125,0.5,0.00016338378645741614
112358,167,I,11,1,343.7991818181818,276.07192547670775,62.72727272727273,5.0,10.545454545454545,10.0,157.06030636363636,186.69666998574684,129.15121544029228,0.9090909090909091,0.6363636363636364,2.1818181818181817,1.1818181818181819,0.45454545454545453,0.0001802437850528804
112358,167,J,11,1,331.1449090909091,257.87218649234177,68.27272727272727,5.0,11.454545454545455,11.0,135.54244045454544,180.20666733090496,115.47939460363222,0.9090909090909091,0.45454545454545453,2.4545454545454546,1.4545454545454546,0.45454545454545453,5.141575957168243e-05
112358,167,Jplus,11,1,329.53445454545454,259.89809852127803,64.63636363636364,5.0,10.818181818181818,10.545454545454545,128.1103620909091,172.75645217110358,112.84736126201265,1.0,0.6363636363636364,1.8181818181818181,1.3636363636363635,0.0,8.373405853490112e-05
112358,167,Ring8,11,1,363.9737272727273,276.7010138183971,82.27272727272727,5.0,13.818181818181818,13.181818181818182,191.1273610909091,192.218270161246,115.21827016124602,0.9090909090909091,0.6363636363636364,2.909090909090909,1.7272727272727273,0.5454545454545454,0.00015200236839518766
112358,168,I,16,1,257.083875,214.0838541711353,38.0,5.0,6.375,6.125,114.85051225,125.26576653193018,90.76576653193015,0.75,0.5,2.375,1.5,0.4375,0.00033326183483950444
112358,168,J,16,1,271.4798125,222.54231684078098,43.9375,5.0,7.375,7.0625,122.276991,123.40199099676438,83.4644909967644,0.875,0.4375,2.5,1.5625,0.5,6.945249606360449e-05
112358,168,Jplus,16,1,254.4621875,209.8372178562918,39.625,5.0,6.6875,6.1875,96.672967375,104.17847281533717,70.92847281533716,0.9375,0.5625,2.1875,1.4375,0.0,0.00048570066883257823
112358,168,Ring8,16,1,251.8825625,200.88255789554162,46.0,5.0,7.75,7.25,112.60248575,122.50601018175344,79.69351018175344,0.75,0.375,2.3125,1.375,0.5,7.367133412117255e-05
112358,169,I,11,1,332.09018181818186,260.2719987521897,66.81818181818181,5.0,11.181818181818182,10.909090909090908,193.23799536363637,196.51072265533458,133.51072265533458,0.8181818181818182,0.6363636363636364,2.272727272727273,1.6363636363636365,0.36363636363636365,1.3725913504458731e-05
112358,169,J,11,1,288.536,209.6268945549674,73.9090909090909,5.0,12.363636363636363,12.090909090909092,170.22380045454545,196.3659427123866,125.4568518032957,0.7272727272727273,0.36363636363636365,2.5454545454545454,1.6363636363636365,0.7272727272727273,0.00015989535859262105
112358,169,Jplus,11,1,322.28254545454547,247.1916496434077,70.0909090909091,5.0,11.727272727272727,11.454545454545455,152.06977072727273,179.33571786480354,112.97208150116715,0.9090909090909091,0.45454545454545453,1.9090909090909092,1.7272727272727273,0.0,0.00014607748425987666
112358,169,Ring8,11,1,329.77154545454545,246.68064233335133,78.0909090909091,5.0,13.090909090909092,12.636363636363637,161.53750863636364,189.29522156294976,115.29522156294973,0.9090909090909091,0.45454545454545453,3.090909090909091,2.1818181818181817,0.5454545454545454,6.566686442965874e-05
112358,170,I,10,1,387.9062,315.3061654306898,67.6,5.0,11.3,11.1,117.4471808,216.78162371994145,151.08162371994143,0.8,0.3,2.6,1.7,0.8,0.00034569310173537815
112358,170,J,10,1,341.8034,260.10343141370157,76.7,5.0,12.8,12.7,129.4237984,208.84461316640494,132.94461316640493,0.8,0.3,2.8,1.9,0.8,0.0003141370157209167
112358,170,Jplus,10,1,331.51480000000004,254.6147809283644,71.9,5.0,12.0,11.9,115.1660487,194.83209738821398,124.13209738821395,1.0,0.2,2.0,2.0,0.0,0.00019071635597356362
112358,170,Ring8,10,1,338.3678,249.66775396989163,83.7,5.0,14.0,13.7,118.1179362,214.0350843579662,130.93508435796622,0.9,0.2,3.0,2.1,0.8,0.00046030108342165477
112358,171,I,14,1,275.20721428571426,222.1357549995451,48.07142857142857,5.0,8.071428571428571,7.714285714285714,129.31731307142857,150.46017023694415,106.1030273798013,0.9285714285714286,0.5,2.4285714285714284,1.5714285714285714,0.5714285714285714,0.00043000636833312456
112358,171,J,14,1,264.732,208.3748652544091,51.357142857142854,5.0,8.571428571428571,8.5,113.71970085714285,152.2500075081782,101.10715036532102,0.7857142857142857,0.21428571428571427,2.7142857142857144,2.0714285714285716,0.5714285714285714,0.0001135617271756928
112358,171,Jplus,14,1,254.8669285714286,205.50975953303654,44.357142857142854,5.0,7.428571428571429,7.214285714285714,95.08671307142858,133.61701966726724,91.75987681012434,0.9285714285714286,0.35714285714285715,1.5714285714285714,1.3571428571428572,0.0,0.0003665374883894401
112358,171,Ring8,14,1,261.47828571428573,203.76398606613586,52.714285714285715,5.0,8.857142857142858,8.428571428571429,104.22825414285714,150.0342349063002,98.31994919201449,0.6428571428571429,0.35714285714285715,2.4285714285714284,1.4285714285714286,0.5714285714285714,0.000195074097973702
112358,172,I,12,1,273.5266666666667,210.10997956388465,58.416666666666664,5.0,9.75,9.666666666666666,149.89513733333334,182.86591016865722,126.19924350199052,0.75,0.5,2.9166666666666665,1.9166666666666667,0.6666666666666666,0.0002452333842484222
112358,172,J,12,1,248.53883333333332,185.28886211141537,58.25,5.0,9.75,9.5,124.42212441666668,166.4682777984876,108.88494446515426,0.75,0.25,2.3333333333333335,1.5,0.6666666666666666,0.00034533698453742545
112358,172,Jplus,12,1,243.82333333333335,183.6566869132507,55.166666666666664,5.0,9.25,8.916666666666666,114.62224441666666,161.8564750426664,108.18980837599976,0.75,0.25,1.8333333333333333,1.75,0.0,0.00024295900811921456
112358,172,Ring8,12,1,272.93233333333336,202.18236316832989,65.75,5.0,11.0,10.75,156.45102958333334,175.669454163143,110.0861208298097,0.75,0.16666666666666666,2.4166666666666665,1.6666666666666667,0.5833333333333334,0.0003580199586394883
112358,173,I,14,1,283.3336428571428,231.61935826519405,46.714285714285715,5.0,7.857142857142857,7.428571428571429,140.97872735714287,143.97872733251958,101.40729876109101,0.9285714285714286,0.5,2.2142857142857144,1.5,0.42857142857142855,1.5712716958660167e-05
112358,173,J,14,1,268.6887142857143,210.83154249268105,52.857142857142854,5.0,8.857142857142858,8.571428571428571,140.36195521428573,142.07624095521933,93.50481238379075,0.9285714285714286,0.5714285714285714,2.857142857142857,2.0,0.5714285714285714,0.0004051024652653723
112358,173,Jplus,14,1,275.28035714285716,227.49466083540855,42.785714285714285,5.0,7.142857142857143,7.071428571428571,78.83289192857144,128.45149813443854,88.66578384872425,1.0,0.5,1.6428571428571428,1.4285714285714286,0.0,0.0002516957197258307
112358,173,Ring8,14,1,264.9478571428571,203.37646281885606,56.57142857142857,5.0,9.5,9.071428571428571,113.37154414285715,144.78466925542577,92.92752639828294,0.8571428571428571,0.5,3.0714285714285716,2.357142857142857,0.5714285714285714,0.00047946398490239517
112358,174,I,10,1,335.62530000000004,257.92529165826613,72.7,5.0,12.2,11.7,180.35554050000002,212.42252747543498,142.722527475435,0.8,0.6,2.7,1.7,0.8,8.341733882843982e-05
112358,174,J,10,1,358.1973,266.8973321196811,86.3,5.0,14.4,14.3,189.651068,219.26819336827194,136.16819336827197,0.8,0.6,3.3,2.3,0.8,0.00032119681100084563
112358,174,Jplus,10,1,356.6541,274.35405412552615,77.3,5.0,12.9,12.8,169.0767478,200.38728918759185,127.98728918759184,0.9,0.6,2.2,1.9,0.0,0.0004587447388075816
112358,174,Ring8,10,1,360.709,263.5090309038405,92.2,5.0,15.4,15.2,197.6738714,220.61584182191876,131.61584182191885,0.8,0.5,3.1,2.1,0.8,0.0003090384047936823
112358,175,I,16,1,242.7845625,198.5345700685978,39.25,5.0,6.625,6.125,108.4978176875,109.99781768041316,76.56031768041316,0.875,0.5625,2.5625,1.6875,0.5,0.00012109756471545552
112358,175,J,16,1,256.396,206.20848282764712,45.1875,5.0,7.625,7.0625,111.5596559375,122.21936559151176,82.40686559151175,0.8125,0.5,3.0625,2.125,0.5,0.00027475764636619715
112358,175,Jplus,16,1,228.089,184.52648677830328,38.5625,5.0,6.5,6.0625,99.2079041875,100.70790418881839,66.77040418881838,0.875,0.5,1.9375,1.6875,0.0,0.00021154714750082348
112358,175,Ring8,16,1,236.6933125,190.4433145331903,41.25,5.0,6.9375,6.5625,104.46706625,114.01729312788888,76.20479312788888,0.75,0.4375,2.5,1.6875,0.5,3.253104478062596e-05
112358,176,I,11,1,326.09827272727273,259.46189268020953,61.63636363636363,5.0,10.363636363636363,9.818181818181818,133.0214497272727,189.34383820616304,130.70747456979944,0.9090909090909091,0.36363636363636365,2.5454545454545454,1.2727272727272727,0.7272727272727273,0.0001805176952984766
112358,176,J,11,1,320.7259090909091,241.1804352779959,74.54545454545455,5.0,12.454545454545455,12.272727272727273,160.58770590909091,185.63802370787397,114.91075098060122,0.9090909090909091,0.45454545454545453,2.3636363636363638,1.8181818181818181,0.2727272727272727,0.00021194204509811243
112358,176,Jplus,11,1,319.78654545454543,242.51380625884147,72.27272727272727,5.0,12.090909090909092,11.818181818181818,155.88306945454545,180.93338727580405,112.93338727580402,0.9090909090909091,0.5454545454545454,2.0,1.6363636363636365,0.0,0.00013115274396113819
112358,176,Ring8,11,1,345.7403636363636,261.64941658478926,79.0909090909091,5.0,13.272727272727273,12.727272727272727,176.57223427272726,199.158911413035,122.7952750493987,0.8181818181818182,0.36363636363636365,2.4545454545454546,1.3636363636363635,0.7272727272727273,0.0004175673179815931
112358,177,I,11,1,384.6349090909091,310.8167349579772,68.81818181818181,5.0,11.545454545454545,11.090909090909092,171.82132036363635,200.3667749229873,138.00313855935096,0.9090909090909091,0.7272727272727273,2.8181818181818183,1.4545454545454546,0.7272727272727273,8.45377489895327e-05
112358,177,J,11,1,350.3346363636364,269.0618916933931,76.27272727272727,5.0,12.818181818181818,12.181818181818182,165.72614390909092,190.77646165887833,119.0491889316056,0.9090909090909091,0.5454545454545454,3.0,1.8181818181818181,0.7272727272727273,0.00019137267645419342
112358,177,Jplus,11,1,342.50854545454547,265.872160330108,71.63636363636364,5.0,12.0,11.636363636363637,154.02554309090908,179.62131538016536,113.257679016529,0.9090909090909091,0.5454545454545454,2.1818181818181817,1.6363636363636365,0.0,0.00023636881223865203
112358,177,Ring8,11,1,347.9414545454546,259.94148805846356,83.0,5.0,13.909090909090908,13.454545454545455,149.97158636363636,192.33274163249226,114.06001435976503,0.9090909090909091,0.6363636363636364,3.0,1.9090909090909092,0.7272727272727273,0.0003686430986817868
112358,178,I,12,1,287.90425,225.23758986560222,57.666666666666664,5.0,9.666666666666666,9.333333333333334,173.478673,175.9786729856727,120.9786729856727,0.75,0.4166666666666667,2.5,1.5,0.6666666666666666,7.838722649466945e-05
112358,178,J,12,1,294.4398333333333,230.10649122505072,59.333333333333336,5.0,9.916666666666666,9.75,131.24207408333334,172.09089939296095,112.92423272629424,0.75,0.16666666666666666,2.4166666666666665,1.5833333333333333,0.6666666666666666,0.00010529939117986942
112358,178,Jplus,12,1,292.50600000000003,231.17263649349925,56.333333333333336,5.0,9.416666666666666,9.25,136.31912558333332,158.78191691342843,103.44858358009508,0.9166666666666666,0.16666666666666666,1.75,1.5833333333333333,0.0,0.00036207800894771935
112358,178,Ring8,12,1,291.912,222.16203281738822,64.75,5.0,10.833333333333334,10.583333333333334,118.30955741666666,174.83162930215914,110.33162930215912,0.5833333333333334,0.25,2.8333333333333335,1.75,0.6666666666666666,0.0003938086588277656
112358,179,I,16,1,259.8938125,211.33132379547806,43.5625,5.0,7.3125,7.0,113.0759538125,114.20095380819785,77.95095380819785,0.9375,0.75,2.375,1.5625,0.375,0.00018072764851240208
112358,179,J,16,1,287.0360625,236.03603918144313,46.0,5.0,7.75,7.25,110.56518225,122.5909581196396,85.4034581196396,0.8125,0.6875,3.3125,2.0,0.5,0.0003730969101525261
112358,179,Jplus,16,1,240.0366875,196.03666388660517,39.0,5.0,6.5625,6.1875,96.075906625,98.80244629203915,68.23994629203915,0.875,0.75,2.1875,1.6875,0.0,0.0003778143172894488
112358,179,Ring8,16,1,261.5001875,203.75017944581967,52.75,5.0,8.875,8.375,112.1244275,113.24942750685982,68.81192750685982,0.9375,0.6875,2.875,2.0,0.4375,0.00012886688500657328
112358,180,I,13,1,301.8730769230769,242.48847679647162,54.38461538461539,5.0,9.153846153846153,8.615384615384615,140.10710823076923,167.36147964763984,116.36147964763981,0.6153846153846154,0.5384615384615384,2.4615384615384617,1.4615384615384615,0.6153846153846154,0.0001983541310437431
112358,180,J,13,1,292.9737692307692,227.89686606372953,60.07692307692308,5.0,10.076923076923077,9.692307692307692,135.68016023076922,155.95627627507062,100.57166089045523,0.7692307692307693,0.6153846153846154,2.923076923076923,1.9230769230769231,0.6153846153846154,0.0002588284837656829
112358,180,Jplus,13,1,294.0857692307692,234.62422715106078,54.46153846153846,5.0,9.153846153846153,8.692307692307692,124.52057523076923,144.7939210678569,95.48622876016455,1.0,0.5384615384615384,2.0,1.5384615384615385,0.0,4.703620970758493e-05
112358,180,Ring8,13,1,329.09430769230767,258.17122826423696,65.92307692307692,5.0,11.076923076923077,10.538461538461538,144.88769584615386,166.50276922090552,105.04123075936704,0.7692307692307693,0.5384615384615384,2.923076923076923,1.7692307692307692,0.6153846153846154,3.2564919365540845e-05
112358,181,I,11,1,343.3299090909091,272.6935386464645,65.63636363636364,5.0,11.0,10.636363636363637,135.03479345454545,191.58024798685838,129.6711570777675,0.9090909090909091,0.45454545454545453,2.727272727272727,1.6363636363636365,0.7272727272727273,7.48888901398459e-05
112358,181,J,11,1,353.3185454545455,273.13672086194515,75.18181818181819,5.0,12.636363636363637,12.0,165.08734545454547,191.878220541323,120.3327659958684,0.8181818181818182,0.5454545454545454,2.6363636363636362,1.5454545454545454,0.7272727272727273,7.05186030245386e-05
112358,181,Jplus,11,1,338.9646363636364,264.8736972129802,69.0909090909091,5.0,11.545454545454545,11.363636363636363,154.67157045454545,179.17643372336667,112.90370645063939,0.8181818181818182,0.5454545454545454,1.5454545454545454,1.1818181818181819,0.0,0.00033065721800085157
112358,181,Ring8,11,1,401.1202727272728,309.3929979442391,86.72727272727273,5.0,14.545454545454545,14.0,173.76266672727272,201.38475174513596,118.83929719968138,0.8181818181818182,0.45454545454545453,2.8181818181818183,1.6363636363636365,0.7272727272727273,2.261337021991494e-05
112358,182,I,13,1,304.4765384615385,247.0149751159288,52.46153846153846,5.0,8.76923076923077,8.615384615384615,166.86050346153846,168.7066572894184,117.55281113557227,0.6153846153846154,0.38461538461538464,2.230769230769231,1.2307692307692308,0.6153846153846154,0.00032349292587241507
112358,182,J,13,1,319.4731538461538,253.85779901813171,60.61538461538461,5.0,10.153846153846153,9.846153846153847,139.5446539230769,159.31203895903474,103.85050049749627,0.7692307692307693,0.6153846153846154,2.8461538461538463,1.5384615384615385,0.6153846153846154,0.0003872357124237169
112358,182,Jplus,13,1,312.9283076923077,251.92830940657026,56.0,5.0,9.384615384615385,9.076923076923077,126.36672907692308,146.13411412599064,95.518729510606,0.9230769230769231,0.5384615384615384,2.076923076923077,1.6923076923076923,0.0,2.2285413251665886e-05
112358,182,Ring8,13,1,305.15723076923075,237.0033509969701,63.15384615384615,5.0,10.615384615384615,10.076923076923077,106.13775423076923,156.57359554694548,99.72744170079166,0.8461538461538461,0.6153846153846154,3.3076923076923075,2.230769230769231,0.6153846153846154,0.00043703938854378066
112358,183,I,11,1,359.2684545454545,287.99572435125947,66.27272727272727,5.0,11.090909090909092,10.818181818181818,191.8723250909091,192.96323417935363,130.5086887248082,0.8181818181818182,0.5454545454545454,2.4545454545454546,1.4545454545454546,0.36363636363636365,3.213614581909496e-05
112358,183,J,11,1,362.9107272727273,286.2743962790336,71.63636363636364,5.0,12.0,11.636363636363637,161.627625,183.95067006256716,117.04157915347622,0.9090909090909091,0.45454545454545453,2.5454545454545454,1.5454545454545454,0.45454545454545453,0.000359069370006182
112358,183,Jplus,11,1,353.93863636363636,281.66593841125587,67.27272727272727,5.0,11.272727272727273,10.909090909090908,154.18530709090908,176.50835215705362,112.87198852069,0.9090909090909091,0.45454545454545453,1.8181818181818181,1.3636363636363635,0.0,0.00032252381470243563
112358,183,Ring8,11,1,364.3076363636364,280.8530933823236,78.45454545454545,5.0,13.181818181818182,12.545454545454545,149.83364972727273,190.12135229084504,116.30317047266321,0.8181818181818182,0.5454545454545454,2.909090909090909,1.6363636363636365,0.5454545454545454,2.72055594905396e-05
112358,184,I,16,1,232.001,193.0009968190317,34.0,5.0,5.75,5.25,94.620736,94.99573598764054,68.30823598764053,0.75,0.625,2.4375,1.1875,0.5,5.0895492677227594e-05
112358,184,J,16,1,216.76425,174.9517785094603,36.8125,5.0,6.25,5.5625,93.8978438125,93.89784381081553,62.08534381081553,0.6875,0.5,2.4375,1.375,0.5,0.0004561513646876847
112358,184,Jplus,16,1,262.544625,222.7946025632766,34.75,5.0,5.875,5.375,87.078790625,87.45379062966964,59.141290629669655,0.875,0.625,2.0625,1.3125,0.0,0.0003589875741454307
112358,184,Ring8,16,1,250.1209375,203.0584136017533,42.0625,5.0,7.0625,6.75,112.094944,112.46994397011618,73.03244397011618,0.75,0.375,2.9375,1.875,0.5,0.00038237194712564815
112358,185,I,15,1,262.28333333333336,212.74997346015502,44.53333333333333,5.0,7.466666666666667,7.2,125.92339806666668,147.97026465460277,107.63693132126946,0.6666666666666666,0.4666666666666667,2.7333333333333334,2.0,0.4666666666666667,0.00039809767486076453
112358,185,J,15,1,252.3644,204.4310439930713,42.93333333333333,5.0,7.2,6.933333333333334,82.866729,126.37742815916431,86.64409482583098,0.8666666666666667,0.3333333333333333,2.3333333333333335,1.4,0.5333333333333333,0.00034010393028438557
112358,185,Jplus,15,1,253.36466666666666,204.63135360731212,43.733333333333334,5.0,7.333333333333333,7.066666666666666,119.08806493333333,122.28806492547598,82.75473159214262,1.0,0.4,2.0,1.8,0.0,0.00030410968201977084
112358,185,Ring8,15,1,240.98013333333336,187.98015233808937,48.0,5.0,8.066666666666666,7.666666666666667,79.42269013333333,130.79702798998753,87.46369465665421,0.8,0.5333333333333333,3.066666666666667,2.066666666666667,0.5333333333333333,0.00028507134038591175
112358,186,I,12,1,338.50124999999997,275.6679364091995,57.833333333333336,5.0,9.75,9.083333333333334,147.96512308333334,174.65785683216697,121.90785683216701,0.8333333333333334,0.5833333333333334,2.4166666666666665,1.25,0.5,0.0002369103940509376
112358,186,J,12,1,337.03133333333335,267.2813746357735,64.75,5.0,10.833333333333334,10.583333333333334,147.1513615,171.16607453438522,109.91607453438523,0.8333333333333334,0.5833333333333334,2.75,1.5833333333333333,0.6666666666666666,0.0004956292818860675
112358,186,Jplus,12,1,331.30266666666665,265.55262758257714,60.75,5.0,10.166666666666666,9.916666666666666,140.03112366666667,161.99391500677135,106.16058167343802,0.9166666666666666,0.5833333333333334,2.0833333333333335,1.5833333333333333,0.0,0.000469009074549831
112358,186,Ring8,12,1,334.23875,259.57207686825166,69.66666666666667,5.0,11.666666666666666,11.333333333333334,134.07349541666667,170.86880311161863,106.61880311161865,0.9166666666666666,0.5833333333333334,3.0833333333333335,2.0,0.6666666666666666,7.758097990517854e-05
112358,187,I,10,1,339.31239999999997,269.0123671691033,65.3,5.0,10.9,10.8,85.2314656,209.97507517570074,147.77507517570078,0.9,0.5,2.3,1.4,0.6,0.00032830896680025035
112358,187,J,10,1,297.8632,223.6632423252475,69.2,5.0,11.6,11.2,49.7484187,209.15867382512434,141.25867382512428,0.6,0.3,2.1,1.4,0.5,0.00042325247477492667
112358,187,Jplus,10,1,317.25210000000004,242.85206679774222,69.4,5.0,11.6,11.4,40.9,192.40474256094961,126.6047425609496,0.9,0.4,2.1,1.9,0.0,0.00033202257782249944
112358,187,Ring8,10,1,309.8775,227.67754570324718,77.2,5.0,12.9,12.7,47.5382415,214.58077353295644,137.7807735329564,0.6,0.3,2.4,1.5,0.7,0.00045703247178607853
112358,188,I,13,1,297.47523076923073,244.01370846850762,48.46153846153846,5.0,8.153846153846153,7.6923076923076925,134.42406753846154,159.96252910278216,115.3471444873975,0.9230769230769231,0.46153846153846156,2.3846153846153846,1.5384615384615385,0.6153846153846154,0.00021009059901189175
112358,188,J,13,1,273.0225384615385,219.33026870587673,48.69230769230769,5.0,8.153846153846153,7.923076923076923,72.73391646153847,150.60497599364473,102.75882214749086,0.9230769230769231,0.15384615384615385,2.1538461538461537,1.4615384615384615,0.6153846153846154,0.0004931763974127534
112358,188,Jplus,13,1,275.004,224.54246436558532,45.46153846153846,5.0,7.615384615384615,7.384615384615385,65.08515315384615,138.79392106785687,95.48622876016458,1.0,0.3076923076923077,1.6153846153846154,1.5384615384615385,0.0,3.675260904856259e-05
112358,188,Ring8,13,1,273.7653846153846,211.8423173817752,56.92307692307692,5.0,9.538461538461538,9.23076923076923,111.66972584615384,161.41030362690566,105.5641497807518,0.6153846153846154,0.3076923076923077,2.3076923076923075,1.3076923076923077,0.6153846153846154,0.00012596307760759373
112358,189,I,10,1,349.1975,271.2975162419341,72.9,5.0,12.2,11.9,217.31591469999998,221.51591472138276,150.61591472138278,0.7,0.5,2.3,1.2,0.8,0.0001624193409952568
112358,189,J,10,1,357.9201,275.42012807340217,77.5,5.0,13.0,12.5,183.9062188,216.8702376140434,140.7702376140434,0.7,0.4,2.5,1.4,0.8,0.00028073402154404903
112358,189,Jplus,10,1,341.1343,260.23427329280037,75.9,5.0,12.7,12.4,165.4381855,197.70604549982224,124.80604549982226,0.8,0.5,2.2,2.0,0.0,0.0002670719959496637
112358,189,Ring8,10,1,332.0286,242.72859397055785,84.3,5.0,14.1,13.8,162.97868069999998,213.07777721848817,130.1777772184882,0.6,0.3,2.8,1.7,0.8,6.0294421473372495e-05
112358,190,I,15,1,303.5206,249.3872504245066,49.13333333333333,5.0,8.266666666666667,7.8,134.15388046666666,137.75388049452042,96.35388049452044,0.8666666666666667,0.7333333333333333,2.533333333333333,1.4,0.4,0.0002436324011796387
112358,190,J,15,1,269.5828666666667,213.11617546706987,51.46666666666667,5.0,8.6,8.466666666666667,121.6835832,137.06527654944662,89.79860988277997,0.7333333333333333,0.6,2.4,1.6,0.4,0.00036799395184061723
112358,190,Jplus,15,1,250.80613333333335,196.40612717967431,49.4,5.0,8.266666666666667,8.066666666666666,114.72231459999999,130.96907279908913,85.96907279908913,0.8666666666666667,0.6,2.066666666666667,1.8666666666666667,0.0,9.230488558387151e-05
112358,190,Ring8,15,1,249.58193333333332,190.1152407113771,54.46666666666667,5.0,9.133333333333333,8.8,103.82338293333333,139.42883547629054,90.22883547629053,0.7333333333333333,0.6666666666666666,3.0,1.9333333333333333,0.5333333333333333,0.0003893293433065992
112358,191,I,10,1,363.4393,293.4392681329056,65.0,5.0,10.9,10.5,78.6062216,211.98143480241555,148.68143480241557,0.8,0.2,2.4,1.4,0.6,0.00031867094367044047
112358,191,J,10,1,338.9466,262.9466205283659,71.0,5.0,11.9,11.5,74.30975600000001,203.068601902621,133.36860190262098,0.7,0.3,2.4,1.2,0.8,0.00020528365894278977
112358,191,Jplus,10,1,328.8531,252.65311232779308,71.2,5.0,11.9,11.7,90.0106991,191.23209738821396,124.13209738821395,1.0,0.4,2.1,1.8,0.0,0.00012327793092481443
112358,191,Ring8,10,1,330.779,242.77897191039816,83.0,5.0,13.9,13.5,188.5286501,214.9154076255707,132.11540762557064,0.6,0.2,2.5,1.4,0.7,0.00028089601846659207
112358,192,I,10,1,423.3295,341.4295133266384,76.9,5.0,12.9,12.4,188.0673028,220.66730276752247,148.16730276752247,1.0,0.5,2.2,0.8,0.7,0.00013326638418220682
112358,192,J,10,1,397.9181,305.71805487899206,87.2,5.0,14.7,13.7,179.21919989999998,205.5745494419235,126.07454944192345,1.0,0.8,2.4,1.1,0.5,0.000451210079518205
112358,192,Jplus,10,1,390.6602,301.1601723410227,84.5,5.0,14.2,13.5,174.4767478,201.43209738821395,124.13209738821392,1.0,0.8,1.9,1.2,0.0,0.00027658977296596277
112358,192,Ring8,10,1,388.6427,291.4427475165654,92.2,5.0,15.4,15.2,168.32461849999999,217.68735979665817,130.2873597966581,0.9,0.5,2.5,1.4,0.5,0.00047516565427940805
112358,193,I,16,1,244.7019375,200.45192495100096,39.25,5.0,6.5625,6.4375,113.02648925,114.15148926738446,80.58898926738448,0.875,0.5625,2.8125,1.8125,0.5,0.0002007839848374715
112358,193,J,16,1,231.718,180.46800354562586,46.25,5.0,7.75,7.5,113.793193375,114.918193351164,73.10569335116399,0.875,0.5625,2.9375,2.0,0.5,5.673001396644395e-05
112358,193,Jplus,16,1,222.9793125,176.35428191743327,41.625,5.0,7.0,6.625,102.94570125,104.44570123719535,68.94570123719534,0.9375,0.5625,2.1875,1.8125,0.0,0.000489321067561832
112358,193,Ring8,16,1,223.948875,176.44884446677645,42.5,5.0,7.125,6.875,95.0678629375,98.67988378325667,61.367383783256685,0.875,0.4375,2.625,1.9375,0.5,0.0004885315765932319
112358,194,I,11,1,347.6619090909091,278.4801076345143,64.18181818181819,5.0,10.818181818181818,10.090909090909092,165.03491027272727,193.58036479352523,133.48945570261614,0.7272727272727273,0.45454545454545453,2.727272727272727,1.1818181818181819,0.7272727272727273,0.00018397965732219745
112358,194,J,11,1,352.4190909090909,279.5099718372639,67.9090909090909,5.0,11.363636363636363,11.090909090909092,161.058584,187.35055548276034,122.35055548276036,0.6363636363636364,0.36363636363636365,2.272727272727273,0.9090909090909091,0.7272727272727273,0.00030979009716247674
112358,194,Jplus,11,1,332.0287272727273,260.2105841326242,66.81818181818181,5.0,11.181818181818182,10.909090909090908,130.76702054545456,177.05609469791986,113.6015492433744,0.7272727272727273,0.45454545454545453,1.7272727272727273,1.2727272727272727,0.0,0.00042545886662992416
112358,194,Ring8,11,1,333.9099090909091,255.72805889315416,73.18181818181819,5.0,12.272727272727273,11.818181818181818,144.7567528181818,186.63822638103704,117.27459001740068,0.6363636363636364,0.45454545454545453,2.4545454545454546,1.2727272727272727,0.45454545454545453,0.00035217530421505217
112358,195,I,16,1,240.4083125,198.90832967990616,36.5,5.0,6.125,5.875,107.11869275,108.61869272959666,77.24369272959666,0.9375,0.6875,2.1875,1.5,0.375,0.0002748784986579267
112358,195,J,16,1,223.7091875,180.334215163026,38.375,5.0,6.4375,6.1875,89.708433375,91.2084333653016,58.64593336530161,1.0,0.625,2.625,1.8125,0.5,0.00044260841559662367
112358,195,Jplus,16,1,253.27725,210.21476304762461,38.0625,5.0,6.4375,5.875,82.0758739375,83.9508739117558,55.88837391175581,1.0,0.8125,2.625,2.0625,0.0,0.00020876199369013193
112358,195,Ring8,16,1,246.5889375,199.2764270911325,42.3125,5.0,7.125,6.6875,97.6212805,98.74628050198392,62.87128050198392,0.9375,0.6875,2.6875,1.6875,0.4375,0.00016654187993481173
112358,196,I,13,1,253.80392307692307,202.88082494805292,45.92307692307692,5.0,7.6923076923076925,7.461538461538462,42.54576115384615,162.9569198323547,116.41845829389318,0.6153846153846154,0.23076923076923078,2.6923076923076925,1.9230769230769231,0.6153846153846154,0.0002756753119683708
112358,196,J,13,1,252.29176923076923,197.06101865599527,50.23076923076923,5.0,8.384615384615385,8.307692307692308,125.40939476923077,147.90462621955547,99.21231852724776,0.8461538461538461,0.3076923076923077,2.4615384615384617,1.8461538461538463,0.6153846153846154,0.00024252793855339405
112358,196,Jplus,13,1,254.20346153846154,201.4342309954295,47.76923076923077,5.0,8.0,7.769230769230769,117.13595984615384,140.3593573482955,96.20551119444933,0.9230769230769231,0.38461538461538464,2.076923076923077,2.076923076923077,0.0,2.9405832719930913e-06
112358,196,Ring8,13,1,255.82776923076923,197.59698899236167,53.23076923076923,5.0,8.923076923076923,8.615384615384615,36.62467169230769,150.39043155166306,99.46735462858615,0.7692307692307693,0.38461538461538464,2.8461538461538463,2.1538461538461537,0.6153846153846154,0.0001430992983841861
112358,197,I,11,1,407.9215454545454,341.1033244033299,61.81818181818182,5.0,10.363636363636363,10.0,158.2633148181818,186.2633147907999,128.62695115443626,0.9090909090909091,0.5454545454545454,2.1818181818181817,1.1818181818181819,0.45454545454545453,0.0004315633705118671
112358,197,J,11,1,386.0287272727273,308.483239350604,72.54545454545455,5.0,12.181818181818182,11.636363636363637,161.64067863636365,188.09142368458387,120.09142368458384,0.9090909090909091,0.45454545454545453,2.090909090909091,1.0,0.45454545454545453,0.0003671433560157311
112358,197,Jplus,11,1,381.2904545454545,304.8358775686264,71.45454545454545,5.0,12.0,11.454545454545455,156.4334070909091,182.06388105772754,115.15479014863662,0.9090909090909091,0.5454545454545454,1.9090909090909092,1.2727272727272727,0.0,0.00034674510925469804
112358,197,Ring8,11,1,400.7569090909091,312.8478309938001,82.9090909090909,5.0,13.909090909090908,13.363636363636363,176.31466945454545,198.6560828348054,120.38335556207812,0.9090909090909091,0.6363636363636364,3.1818181818181817,1.8181818181818181,0.7272727272727273,0.00014093180107010994
112358,198,I,13,1,322.5097692307693,262.4328323481545,55.07692307692308,5.0,9.23076923076923,8.923076923076923,147.33830738461538,170.56907657859273,119.64599965551581,0.8461538461538461,0.46153846153846156,2.769230769230769,1.6923076923076923,0.6153846153846154,0.0001794739923752786
112358,198,J,13,1,325.2697692307692,262.96204718121237,57.30769230769231,5.0,9.615384615384615,9.23076923076923,132.46068461538462,156.19510720072887,104.27203027765196,0.9230769230769231,0.5384615384615384,2.3076923076923075,1.0769230769230769,0.5384615384615384,0.0003866442389153235
112358,198,Jplus,13,1,320.8849230769231,260.34649774287584,55.53846153846154,5.0,9.307692307692308,9.0,124.05903676923077,149.6396132152522,99.0242285998676,0.9230769230769231,0.5384615384615384,2.0,1.4615384615384615,0.0,0.0004706573859039054
112358,198,Ring8,13,1,319.819,253.35745865305853,61.46153846153846,5.0,10.307692307692308,9.923076923076923,128.80899853846154,161.33510687658398,104.02741456889167,0.7692307692307693,0.38461538461538464,2.6923076923076925,1.5384615384615385,0.6153846153846154,3.751023905351758e-05
112358,199,I,15,1,281.4530666666667,235.51976590844396,40.93333333333333,5.0,6.866666666666666,6.6,118.08040986666667,147.9070087208919,108.24034205422524,0.7333333333333333,0.26666666666666666,1.9333333333333333,1.1333333333333333,0.5333333333333333,0.0004886266592620814
112358,199,J,15,1,276.85499999999996,228.58833613772006,43.266666666666666,5.0,7.266666666666667,6.933333333333334,105.36521026666667,134.1056763464574,92.83900967979069,0.8,0.3333333333333333,2.2,1.4,0.5333333333333333,4.206580115351244e-05
112358,199,Jplus,15,1,252.03593333333336,206.03591168807165,41.0,5.0,6.866666666666666,6.666666666666667,88.34867166666666,120.2891377493426,82.82247108267593,0.9333333333333333,0.4,1.9333333333333333,1.7333333333333334,0.0,0.00032467892560816836
112358,199,Ring8,15,1,265.822,213.88866101249033,46.93333333333333,5.0,7.866666666666666,7.6,92.70880919999999,133.82019436169008,88.42019436169008,0.8666666666666667,0.26666666666666666,2.466666666666667,1.8,0.5333333333333333,8.481264512738562e-05
112358,200,I,15,1,283.35139999999996,233.8847120110788,44.46666666666667,5.0,7.466666666666667,7.133333333333334,118.67661013333333,139.22276084728796,97.88942751395462,0.8666666666666667,0.5333333333333333,2.533333333333333,1.6666666666666667,0.5333333333333333,0.00031983381768441177
112358,200,J,15,1,287.50466666666665,233.63799791452433,48.86666666666667,5.0,8.2,7.866666666666666,136.01588306666665,136.41588304898565,90.28254971565232,0.8,0.4,2.6,1.7333333333333334,0.5333333333333333,3.128213484160369e-05
112358,200,Jplus,15,1,271.88846666666666,224.155135667628,42.733333333333334,5.0,7.2,6.733333333333333,111.11464686666666,130.3109258033452,91.37759247001186,0.8,0.5333333333333333,2.066666666666667,1.6666666666666667,0.0,3.501441960906959e-05
112358,200,Ring8,15,1,295.4830666666667,235.48304455181363,55.0,5.0,9.266666666666667,8.666666666666666,137.061128,137.46112800464113,88.4611280046411,0.8666666666666667,0.6666666666666666,3.0,1.7333333333333334,0.5333333333333333,0.00033172279563586926
271828,1,I,15,1,258.15726666666666,207.22393326566473,45.93333333333333,5.0,7.733333333333333,7.266666666666667,121.03095206666667,141.85901111335838,98.72567778002505,0.7333333333333333,0.5333333333333333,2.1333333333333333,1.3333333333333333,0.5333333333333333,1.0150288289878517e-06
271828,1,J,15,1,249.21286666666668,200.81283890450476,43.4,5.0,7.266666666666667,7.066666666666666,81.39305406666668,127.16627616685052,86.23294283351719,0.8,0.4,2.4,1.8,0.4666666666666667,0.000416432428664848
271828,1,Jplus,15,1,247.38446666666667,202.25116050195825,40.13333333333333,5.0,6.733333333333333,6.466666666666667,77.42941346666666,123.1003242923724,86.56699095903907,0.8,0.5333333333333333,1.8666666666666667,1.6,0.0,0.00040752937411525636
271828,1,Ring8,15,1,273.67226666666664,213.47225068665813,55.2,5.0,9.266666666666667,8.866666666666667,124.64318033333333,139.18130914397142,88.78130914397143,0.8,0.4666666666666667,2.466666666666667,1.6,0.5333333333333333,0.0002397001280769473
271828,2,I,11,1,346.38681818181817,275.477697027117,65.9090909090909,5.0,11.090909090909092,10.454545454545455,161.56727981818182,192.29455257667612,132.56727984940338,0.8181818181818182,0.7272727272727273,2.272727272727273,1.3636363636363635,0.18181818181818182,0.0003327017129777232
271828,2,J,11,1,351.73063636363634,274.09425598525655,72.63636363636364,5.0,12.181818181818182,11.727272727272727,189.89940527272728,192.08122349285998,123.08122349285999,0.8181818181818182,0.45454545454545453,2.727272727272727,1.4545454545454546,0.7272727272727273,0.0001841621779021807
271828,2,Jplus,11,1,337.52645454545456,264.70830686814855,67.81818181818181,5.0,11.363636363636363,11.0,176.212387,178.3942051924731,114.303296101564,0.8181818181818182,0.45454545454545453,1.9090909090909092,1.3636363636363635,0.0,0.0003755496341000253
271828,2,Ring8,11,1,333.2895454545455,255.4713620761904,72.81818181818181,5.0,12.181818181818182,11.909090909090908,105.58792272727273,189.3496103932371,119.34961039323716,0.8181818181818182,0.45454545454545453,2.727272727272727,1.7272727272727273,0.7272727272727273,1.716190581646515e-05
271828,3,I,11,1,328.469,255.19630134367708,68.27272727272727,5.0,11.454545454545455,11.0,165.91196054545455,196.9138898695063,132.36843532405175,0.8181818181818182,0.5454545454545454,2.4545454545454546,1.3636363636363635,0.45454545454545453,0.00031478044775212766
271828,3,J,11,1,322.63981818181816,243.3670667299077,74.27272727272727,5.0,12.454545454545455,12.0,161.908555,187.22313409385507,116.49586136658235,0.9090909090909091,0.45454545454545453,2.5454545454545454,1.5454545454545454,0.6363636363636364,0.0002659710153238848
271828,3,Jplus,11,1,318.8158181818182,241.0885762819651,72.72727272727273,5.0,12.181818181818182,11.818181818181818,154.72384281818182,178.68325153644298,112.86506971826115,0.9090909090909091,0.6363636363636364,2.272727272727273,1.7272727272727273,0.0,0.00033910161573658115
271828,3,Ring8,11,1,388.9729090909091,301.5183554680756,82.45454545454545,5.0,13.818181818181818,13.363636363636363,148.91914063636364,193.9230647284985,118.377610183044,0.8181818181818182,0.6363636363636364,3.0,1.5454545454545454,0.7272727272727273,8.985116892290534e-05
271828,4,I,12,1,302.69033333333334,239.60701918426525,58.083333333333336,5.0,9.75,9.333333333333334,151.29671308333334,175.96361882576522,118.88028549243188,0.75,0.25,2.5833333333333335,1.6666666666666667,0.6666666666666666,0.00023021118295218912
271828,4,J,12,1,299.2948333333333,232.71146336331495,61.583333333333336,5.0,10.333333333333334,9.916666666666666,148.082042,167.54483334364616,108.04483334364618,0.8333333333333334,0.4166666666666667,2.25,1.3333333333333333,0.6666666666666666,0.0004396402205202321
271828,4,Jplus,12,1,279.83,217.6633218218476,57.166666666666664,5.0,9.583333333333334,9.25,116.43449858333334,165.69011668557758,110.44011668557756,0.8333333333333334,0.3333333333333333,1.8333333333333333,1.75,0.0,0.00013813782879879
271828,4,Ring8,12,1,299.89166666666665,227.64165851759637,67.25,5.0,11.25,11.0,154.83317133333333,180.81741619565685,115.15074952899018,0.75,0.3333333333333333,2.6666666666666665,1.6666666666666667,0.6666666666666666,9.778884350453154e-05
271828,5,I,12,1,313.10241666666667,253.76908234723854,54.333333333333336,5.0,9.083333333333334,8.916666666666666,120.37096924999999,170.20430259281352,119.8709692594802,1.0,0.5,2.3333333333333335,1.3333333333333333,0.6666666666666666,1.1833137250505388e-05
271828,5,J,12,1,312.41408333333334,244.7474075694005,62.666666666666664,5.0,10.5,10.166666666666666,129.02285824999998,172.16519446332953,112.49852779666286,0.8333333333333334,0.4166666666666667,2.3333333333333335,1.3333333333333333,0.6666666666666666,0.00010916719384113094
271828,5,Jplus,12,1,307.48983333333337,243.90650416220515,58.583333333333336,5.0,9.833333333333334,9.416666666666666,115.43449858333334,164.2495007776464,108.9995007776464,0.8333333333333334,0.4166666666666667,1.75,1.3333333333333333,0.0,4.9946461786021246e-05
271828,5,Ring8,12,1,323.10066666666665,252.43401880529117,65.66666666666667,5.0,11.0,10.666666666666666,113.09610158333334,169.51795244467363,107.9346191113403,0.8333333333333334,0.3333333333333333,2.5833333333333335,1.5,0.6666666666666666,0.00022566349389308016
271828,6,I,11,1,354.4961818181818,284.3143481126845,65.18181818181819,5.0,10.909090909090908,10.636363636363637,164.96218245454546,193.168457810762,130.71391235621653,0.8181818181818182,0.45454545454545453,2.1818181818181817,1.2727272727272727,0.45454545454545453,0.00017076047015507356
271828,6,J,11,1,351.0315454545455,274.84973561455627,71.18181818181819,5.0,11.909090909090908,11.636363636363637,166.27587354545454,195.6333289319991,126.08787438654454,0.8181818181818182,0.36363636363636365,2.3636363636363638,1.4545454545454546,0.7272727272727273,9.176011872114032e-05
271828,6,Jplus,11,1,340.35145454545454,264.62420387559064,70.72727272727273,5.0,11.818181818181818,11.636363636363637,155.797953,180.848270751155,112.848270751155,0.9090909090909091,0.45454545454545453,1.7272727272727273,1.3636363636363635,0.0,0.00024263149725811672
271828,6,Ring8,11,1,340.3143636363636,260.2234814407793,75.0909090909091,5.0,12.545454545454545,12.363636363636363,169.16088318181818,196.58979317423282,123.3170659015056,0.7272727272727273,0.45454545454545453,2.3636363636363638,1.3636363636363635,0.6363636363636364,0.0002958485724775528
271828,7,I,12,1,329.57141666666666,264.8214053896767,59.75,5.0,10.0,9.75,146.93106091666667,182.50712822578194,125.34046155911524,0.8333333333333334,0.4166666666666667,2.3333333333333335,1.5,0.5833333333333334,0.0001353238794763456
271828,7,J,12,1,331.42475,258.25804584771817,68.16666666666667,5.0,11.416666666666666,11.083333333333334,148.948342,174.25594367884716,109.9226103455138,1.0,0.3333333333333333,2.6666666666666665,1.5833333333333333,0.6666666666666666,0.00044982738199905725
271828,7,Jplus,12,1,323.2866666666667,253.619998490728,64.66666666666667,5.0,10.833333333333334,10.5,139.39728983333333,161.86008115684498,103.44341449017827,1.0,0.5833333333333334,2.0833333333333335,1.6666666666666667,0.0,1.8111264125764137e-05
271828,7,Ring8,12,1,331.9676666666667,255.80103093528308,71.16666666666667,5.0,11.916666666666666,11.583333333333334,153.27250949999998,175.6187044078506,108.86870440785064,0.9166666666666666,0.5833333333333334,2.5833333333333335,1.5833333333333333,0.6666666666666666,0.0003712233969963563
271828,8,I,10,1,380.5524,302.8523547247224,72.7,5.0,12.2,11.7,216.50869029999998,219.50869025461492,150.308690254615,0.8,0.5,2.4,1.4,0.6,0.0004527527762547834
271828,8,J,10,1,343.4552,259.1552481405741,79.3,5.0,13.3,12.8,133.80998879999999,212.8104881787868,136.41048817878684,0.7,0.4,2.9,1.8,0.6,0.00048140574062927044
271828,8,Jplus,10,1,337.2737,259.4736871178177,72.8,5.0,12.2,11.8,118.76604870000001,198.36654808585735,128.96654808585737,0.9,0.4,1.8,1.5,0.0,0.00012882182318207924
271828,8,Ring8,10,1,381.6663,283.2663148616985,93.4,5.0,15.7,14.9,181.630693,216.25260511616597,128.952605116166,0.8,0.4,3.6,2.1,0.7,0.0001486169849158614
271828,9,I,12,1,375.19216666666665,315.02548718457166,55.166666666666664,5.0,9.25,8.916666666666666,153.692531,179.83525548136967,127.75192214803634,0.75,0.5,2.5,1.3333333333333333,0.6666666666666666,0.00015378513944597216
271828,9,J,12,1,352.7008333333333,283.1174586832475,64.58333333333333,5.0,10.833333333333334,10.416666666666666,130.86515125,171.86564306184997,112.78230972851662,0.6666666666666666,0.5,2.8333333333333335,1.3333333333333333,0.6666666666666666,0.0004958010299560556
271828,9,Jplus,12,1,371.30199999999996,301.71869342015066,64.58333333333333,5.0,10.833333333333334,10.416666666666666,157.36008116666667,160.36008115684498,103.44341449017828,1.0,0.6666666666666666,2.6666666666666665,2.0833333333333335,0.0,0.0003210418080925592
271828,9,Ring8,12,1,346.642,273.72530753295695,67.91666666666667,5.0,11.416666666666666,10.833333333333334,150.58405233333335,171.6670248444395,108.50035817777285,0.75,0.4166666666666667,2.5,1.25,0.5,0.0003096045165875694
271828,10,I,11,1,337.4377272727273,267.8923040805632,64.54545454545455,5.0,10.818181818181818,10.454545454545455,168.38733563636364,196.38733560544162,135.4782446963507,0.9090909090909091,0.5454545454545454,2.5454545454545454,1.5454545454545454,0.7272727272727273,0.00034488619485273375
271828,10,J,11,1,323.86027272727273,249.3147793403923,69.54545454545455,5.0,11.636363636363637,11.363636363636363,171.64174672727273,195.80619440018518,127.53346712745794,0.6363636363636364,0.36363636363636365,2.4545454545454546,1.5454545454545454,0.7272727272727273,0.00042725568482637755
271828,10,Jplus,11,1,334.13827272727275,261.50186588791286,67.63636363636364,5.0,11.363636363636363,10.818181818181818,151.5243161818182,177.40254920803284,113.7661855716692,0.9090909090909091,0.45454545454545453,2.1818181818181817,1.8181818181818181,0.0,0.00047523295870632865
271828,10,Ring8,11,1,328.39245454545454,246.0288459856324,77.36363636363636,5.0,13.0,12.363636363636363,150.45841563636364,193.20030624863637,118.9275789759091,0.8181818181818182,0.45454545454545453,2.5454545454545454,1.7272727272727273,0.5454545454545454,0.0003058419561057235
271828,11,I,11,1,315.63536363636365,244.81719922629097,65.81818181818181,5.0,11.090909090909092,10.363636363636363,202.35244754545454,205.62517484207802,140.5342657511689,0.5454545454545454,0.2727272727272727,2.272727272727273,1.0,0.7272727272727273,0.00019148920046063722
271828,11,J,11,1,308.5258181818182,230.52586271320112,73.0,5.0,12.272727272727273,11.636363636363637,161.93774672727272,191.3287085602484,121.96507219661208,0.7272727272727273,0.45454545454545453,3.1818181818181817,1.9090909090909092,0.7272727272727273,0.0004898452120869479
271828,11,Jplus,11,1,327.7019090909091,256.0655672614744,66.63636363636364,5.0,11.181818181818182,10.727272727272727,147.722452,174.95458798608146,113.04549707699053,0.8181818181818182,0.45454545454545453,2.090909090909091,1.5454545454545454,0.0,0.00023987621898413636
271828,11,Ring8,11,1,338.5767272727273,252.12218817002713,81.45454545454545,5.0,13.636363636363637,13.272727272727273,130.41226563636363,192.75403009338717,115.572211911569,0.8181818181818182,0.5454545454545454,3.6363636363636362,2.4545454545454546,0.6363636363636364,6.987029837546288e-05
271828,12,I,15,1,269.2504,223.650386771337,40.6,5.0,6.8,6.6,117.00583773333332,138.2192023178686,99.35253565120192,0.8,0.3333333333333333,2.3333333333333335,1.5333333333333334,0.5333333333333333,0.0001984299447030935
271828,12,J,15,1,263.42760000000004,212.56090720314666,45.86666666666667,5.0,7.733333333333333,7.2,118.35674133333333,136.03737424250662,92.43737424250662,0.7333333333333333,0.3333333333333333,2.533333333333333,1.6,0.5333333333333333,0.0003919528003279993
271828,12,Jplus,15,1,267.33453333333335,219.46784261014557,42.86666666666667,5.0,7.2,6.866666666666666,108.71973986666667,127.13047826293061,88.19714492959727,0.8,0.4,2.0,1.6,0.0,0.00036084781640965957
271828,12,Ring8,15,1,255.3286,204.7286101416654,45.6,5.0,7.666666666666667,7.266666666666667,101.69674493333333,131.26736969026817,88.4007030236015,0.8,0.4,2.6666666666666665,1.7333333333333334,0.5333333333333333,0.00015212498101391247
271828,13,I,13,1,329.56300000000005,276.4091684992573,48.15384615384615,5.0,8.076923076923077,7.769230769230769,156.79393653846154,157.71701347803867,112.79393655496172,0.7692307692307693,0.46153846153846156,2.3846153846153846,1.1538461538461537,0.6153846153846154,0.0001904903442664363
271828,13,J,13,1,281.45284615384617,226.52980164561765,49.92307692307692,5.0,8.384615384615385,8.0,99.03372938461538,160.02113707224711,110.63652168763176,0.6923076923076923,0.23076923076923078,2.6153846153846154,1.6923076923076923,0.6153846153846154,0.00042139302922805655
271828,13,Jplus,13,1,282.2613846153846,230.95372926102226,46.30769230769231,5.0,7.769230769230769,7.461538461538462,82.58926823076924,142.11508242061808,97.49969780523347,0.9230769230769231,0.15384615384615385,2.0,1.6923076923076923,0.0,0.0004803932893082674
271828,13,Ring8,13,1,273.6916153846154,215.38388465905203,53.30769230769231,5.0,8.923076923076923,8.692307692307692,118.66963607692308,160.89534138069246,106.89534138069244,0.6153846153846154,0.15384615384615385,2.3076923076923075,1.5384615384615385,0.6153846153846154,0.0004994323235223419
271828,14,I,12,1,325.04641666666663,259.963114508216,60.083333333333336,5.0,10.083333333333334,9.666666666666666,154.70103658333332,183.716560495747,126.71656049574693,0.6666666666666666,0.4166666666666667,2.8333333333333335,1.75,0.6666666666666666,0.00037409859214676544
271828,14,J,12,1,321.10949999999997,253.69284824001178,62.416666666666664,5.0,10.5,9.916666666666666,148.03451575,176.31845988805517,116.98512655472183,0.6666666666666666,0.4166666666666667,2.75,1.5833333333333333,0.6666666666666666,0.00017888014144773479
271828,14,Jplus,12,1,309.7343333333333,247.1509721348572,57.583333333333336,5.0,9.666666666666666,9.25,132.98378583333331,158.58767041209856,105.33767041209857,0.8333333333333334,0.4166666666666667,1.9166666666666667,1.3333333333333333,0.0,0.00033438171340094414
271828,14,Ring8,12,1,333.03933333333333,260.7892931879031,67.25,5.0,11.25,11.0,139.90271333333334,178.77478707302942,113.7747870730294,0.6666666666666666,0.4166666666666667,2.6666666666666665,1.5,0.6666666666666666,0.00048174516268773004
271828,15,I,14,1,296.7635714285714,243.263538964816,48.5,5.0,8.142857142857142,7.785714285714286,155.51101642857142,157.22530215369034,110.1538735822618,0.7142857142857143,0.35714285714285715,2.142857142857143,1.1428571428571428,0.5714285714285714,0.0004544925754998985
271828,15,J,14,1,290.76,232.76002328893122,53.0,5.0,8.857142857142858,8.714285714285714,132.256913,152.2260465742338,100.36890371709096,0.7142857142857143,0.35714285714285715,2.4285714285714284,1.6428571428571428,0.5714285714285714,0.00032604503712718724
271828,15,Jplus,14,1,291.8663571428571,236.22351132771558,50.642857142857146,5.0,8.5,8.142857142857142,115.197677,134.88006956300998,88.66578384872425,1.0,0.42857142857142855,2.0,1.7142857142857142,0.0,0.00015858801816648338
271828,15,Ring8,14,1,290.60614285714286,226.89186743559887,58.714285714285715,5.0,9.857142857142858,9.428571428571429,115.22643935714287,147.1806290179961,92.10920044656748,0.8571428571428571,0.5,3.142857142857143,2.0714285714285716,0.5714285714285714,0.00014409838422579924
271828,16,I,10,1,383.19,297.4900299727424,80.7,5.0,13.6,12.7,219.6815361,221.48153606140414,147.28153606140415,0.9,0.6,2.2,1.1,0.4,0.00029972742368045147
271828,16,J,10,1,386.4212,291.2211847002513,90.2,5.0,15.1,14.7,181.0501389,215.62217569081236,130.72217569081235,1.0,0.5,2.4,1.4,0.6,0.00015299748702091165
271828,16,Jplus,10,1,358.7129,271.1128651936089,82.6,5.0,13.8,13.6,172.3844729,204.13982243676747,125.73982243676747,0.9,0.6,1.8,1.4,0.0,0.0003480639106783201
271828,16,Ring8,10,1,377.1549,288.3549227188132,83.8,5.0,14.1,13.3,109.63743480000001,205.96189882882558,128.8618988288256,0.9,0.5,2.3,1.1,0.4,0.00022718813215760747
271828,17,I,12,1,377.18266666666665,312.84933143926395,59.333333333333336,5.0,10.0,9.333333333333334,144.47267933333333,171.6393459947535,120.38934599475355,0.8333333333333334,0.6666666666666666,3.25,1.75,0.6666666666666666,2.2728832391294418e-05
271828,17,J,12,1,303.09616666666665,239.34616103485075,58.75,5.0,9.833333333333334,9.583333333333334,126.59096608333334,167.90583269766535,110.32249936433199,0.6666666666666666,0.3333333333333333,2.6666666666666665,1.75,0.5833333333333334,6.758179097232642e-05
271828,17,Jplus,12,1,323.247,258.74700161726327,59.5,5.0,10.0,9.5,136.67047875,160.13327009494637,104.38327009494635,0.8333333333333334,0.4166666666666667,2.1666666666666665,1.75,0.0,1.9407159015827347e-05
271828,17,Ring8,12,1,332.05016666666666,261.05016252924344,66.0,5.0,11.083333333333334,10.583333333333334,146.98709225000002,169.35954106626852,105.69287439960185,0.8333333333333334,0.3333333333333333,2.75,1.75,0.6666666666666666,4.964907884641434e-05
271828,18,I,16,1,256.219375,212.96934398056467,38.25,5.0,6.4375,6.0625,110.5836416875,111.70864170539627,79.33364170539627,0.8125,0.625,2.625,1.8125,0.3125,0.0004963109654454456
271828,18,J,16,1,257.362,212.04948271536537,40.3125,5.0,6.8125,6.25,106.4389385,115.57210566397497,79.447105663975,0.8125,0.4375,2.6875,1.6875,0.4375,0.00027655415442495723
271828,18,Jplus,16,1,273.08075,227.95572214545254,40.125,5.0,6.75,6.375,113.124735,114.62473498245174,78.74973498245173,0.9375,0.4375,2.0,1.5,0.0,0.00044567275972440257
271828,18,Ring8,16,1,254.44725,210.88477123874935,38.5625,5.0,6.5,6.0625,86.740043375,87.86504340375713,55.490043403757134,0.8125,0.5,2.8125,1.625,0.5,0.00033981998967647087
271828,19,I,13,1,299.54053846153846,242.38668469628732,52.15384615384615,5.0,8.76923076923077,8.307692307692308,130.94240153846155,163.1933980125549,112.80878262793952,0.7692307692307693,0.3076923076923077,2.6153846153846154,1.7692307692307692,0.5384615384615384,9.894826507661492e-05
271828,19,J,13,1,302.2046923076923,239.8969895907098,57.30769230769231,5.0,9.615384615384615,9.23076923076923,138.42867507692307,158.98300727199302,103.98300727199302,0.6923076923076923,0.46153846153846156,2.8461538461538463,1.8461538461538463,0.5384615384615384,0.00013532077264244435
271828,19,Jplus,13,1,281.6750769230769,223.05968092255307,53.61538461538461,5.0,9.0,8.615384615384615,131.33074907692307,151.60409487858868,100.68101795551173,0.7692307692307693,0.46153846153846156,2.230769230769231,1.9230769230769231,0.0,0.0001480068099226628
271828,19,Ring8,13,1,290.01161538461537,227.93465566009093,57.07692307692308,5.0,9.538461538461538,9.384615384615385,125.52104223076923,161.20951776717487,103.51721007486715,0.6923076923076923,0.15384615384615385,2.230769230769231,1.5384615384615385,0.6153846153846154,0.0004764188179251505
271828,20,I,12,1,313.60991666666666,251.3599482450388,57.25,5.0,9.583333333333334,9.333333333333334,154.66610916666667,181.750001094142,125.66666776080869,0.6666666666666666,0.4166666666666667,2.6666666666666665,1.8333333333333333,0.6666666666666666,0.00037894046545261517
271828,20,J,12,1,301.7535,236.42015099632215,60.333333333333336,5.0,10.083333333333334,9.916666666666666,147.20329158333334,172.10749630020382,111.94082963353713,0.75,0.16666666666666666,2.9166666666666665,2.25,0.6666666666666666,0.0001880441341199912
271828,20,Jplus,12,1,297.2676666666667,235.18431278136578,57.083333333333336,5.0,9.583333333333334,9.166666666666666,135.78513058333334,159.7479219187151,106.41458858538174,0.9166666666666666,0.3333333333333333,2.4166666666666665,2.25,0.0,0.00024662361056471127
271828,20,Ring8,12,1,310.3693333333333,240.70269645910082,64.66666666666667,5.0,10.833333333333334,10.5,137.82002641666665,177.4241945146217,113.50752784795503,0.75,0.3333333333333333,3.0,2.1666666666666665,0.6666666666666666,0.0003575092100618349
271828,21,I,12,1,336.2961666666667,264.7128314245872,66.58333333333333,5.0,11.166666666666666,10.75,156.25149566666667,185.92231310386876,125.08897977053543,0.9166666666666666,0.75,2.8333333333333335,1.6666666666666667,0.6666666666666666,2.290495376655599e-05
271828,21,J,12,1,346.46883333333335,274.9688608537086,66.5,5.0,11.166666666666666,10.666666666666666,143.82442658333335,167.78721787881506,106.70388454548173,0.8333333333333334,0.6666666666666666,2.3333333333333335,1.25,0.4166666666666667,0.00033024450294760754
271828,21,Jplus,12,1,320.33525000000003,250.50194810068604,64.83333333333333,5.0,10.833333333333334,10.666666666666666,137.93019583333333,161.89298713231065,103.55965379897735,0.9166666666666666,0.75,2.0,1.5,0.0,0.0003772082322939241
271828,21,Ring8,12,1,330.0724166666667,245.9057913901734,79.16666666666667,5.0,13.25,12.916666666666666,161.64653108333331,182.2648397797924,108.01483977979238,0.9166666666666666,0.6666666666666666,2.75,1.8333333333333333,0.5,0.0004966820806657779
271828,22,I,15,1,269.8348,218.1681136965217,46.666666666666664,5.0,7.866666666666666,7.333333333333333,137.5061772,138.3061771789783,97.83951051231163,0.8666666666666667,0.6,2.4,1.4666666666666666,0.5333333333333333,0.0002945521746369195
271828,22,J,15,1,258.29586666666665,205.69587164824898,47.6,5.0,8.0,7.6,117.65317346666667,133.22340648597705,90.35673981931036,0.8,0.4666666666666667,2.4,1.4666666666666666,0.5333333333333333,7.47237345422036e-05
271828,22,Jplus,15,1,270.4016666666667,219.26831346261727,46.13333333333333,5.0,7.733333333333333,7.466666666666667,124.64423253333332,125.44423253280947,82.77756586614278,0.9333333333333333,0.4,1.7333333333333334,1.4666666666666666,0.0,0.0002980607409881486
271828,22,Ring8,15,1,249.84506666666667,197.11174365936452,47.733333333333334,5.0,8.0,7.733333333333333,117.02572466666668,133.40474129351216,88.87140796017887,0.8,0.4,2.6666666666666665,1.8666666666666667,0.4666666666666667,0.0001548904679111729
271828,23,I,14,1,288.4933571428572,237.85048662149936,45.642857142857146,5.0,7.642857142857143,7.428571428571429,125.52420807142857,149.6030563359887,108.24591347884585,0.8571428571428571,0.5714285714285714,2.357142857142857,1.2857142857142858,0.5714285714285714,0.00018729900921243825
271828,23,J,14,1,275.65664285714286,219.58523834343455,51.07142857142857,5.0,8.571428571428571,8.214285714285714,105.7703132857143,140.7214560686942,93.00717035440847,0.8571428571428571,0.5,2.9285714285714284,1.9285714285714286,0.5714285714285714,0.0003368080833752174
271828,23,Jplus,14,1,269.1817142857143,217.82457271993658,46.357142857142854,5.0,7.785714285714286,7.428571428571429,95.44674578571428,130.52581661554674,88.66867375840388,0.9285714285714286,0.5,2.142857142857143,1.7857142857142858,0.0,1.807911212381441e-05
271828,23,Ring8,14,1,250.71507142857143,195.14367242928697,50.57142857142857,5.0,8.5,8.071428571428571,101.56974235714286,143.45851801480183,94.67280372908752,0.6428571428571429,0.42857142857142855,2.5,1.6428571428571428,0.5714285714285714,0.00041401001772101154
271828,24,I,10,1,289.5442,210.9442203905543,73.6,5.0,12.3,12.1,183.58677849999998,225.8357986966261,150.43579869662614,0.4,0.2,2.5,1.5,0.8,0.00020390554300320218
271828,24,J,10,1,311.0729,232.57290798612203,73.5,5.0,12.3,12.0,39.7170604,211.8803186057797,138.08031860577972,0.6,0.3,2.9,2.3,0.5,7.986122045622324e-05
271828,24,Jplus,10,1,296.5745,222.87453785964294,68.7,5.0,11.5,11.2,37.9,196.25644803604368,128.25644803604368,0.7,0.3,2.1,2.0,0.0,0.0003785964295275335
271828,24,Ring8,10,1,324.39189999999996,239.3918946539098,80.0,5.0,13.4,13.0,58.882960000000004,214.0664446939508,134.76644469395086,0.7,0.2,2.9,1.9,0.8,5.346090210878174e-05
271828,25,I,16,1,275.2621875,231.6371964067126,38.625,5.0,6.5,6.125,117.5156868125,118.64068678270381,85.1406867827038,0.8125,0.5625,2.8125,1.8125,0.5,0.0001425074019607564
271828,25,J,16,1,255.6436875,211.7062025239974,38.9375,5.0,6.5625,6.125,92.9771194375,102.38337266551062,68.6333726655106,0.8125,0.625,2.6875,1.5625,0.5,0.00024038395849856897
271828,25,Jplus,16,1,250.6185,208.49351088568122,37.125,5.0,6.25,5.875,86.4737229375,96.24094805902836,65.67844805902834,0.875,0.6875,2.375,1.75,0.0,0.00017417089929949725
271828,25,Ring8,16,1,276.72225,228.15976991240802,43.5625,5.0,7.375,6.6875,99.3689075625,100.86890755585588,64.43140755585588,0.8125,0.5625,3.125,1.8125,0.5,0.0003185985287927906
271828,26,I,12,1,406.34291666666667,341.1762242242846,60.166666666666664,5.0,10.166666666666666,9.333333333333334,184.05202966666664,185.55202970407802,130.6353630374114,0.5833333333333334,0.5,2.9166666666666665,1.1666666666666667,0.6666666666666666,0.0003093085842920118
271828,26,J,12,1,309.46049999999997,241.87719077881556,62.583333333333336,5.0,10.5,10.083333333333334,146.93985391666666,170.950757298363,111.45075729836297,0.5833333333333334,0.5,3.0833333333333335,1.8333333333333333,0.6666666666666666,0.0002893457867685356
271828,26,Jplus,12,1,309.35133333333334,246.18469413960847,58.166666666666664,5.0,9.75,9.416666666666666,134.14303033333334,159.1107663869664,104.86076638696638,0.8333333333333334,0.5,2.3333333333333335,1.8333333333333333,0.0,0.0003296753016002185
271828,26,Ring8,12,1,316.714,244.96400181141897,66.75,5.0,11.25,10.5,154.87829,181.91307182342484,117.57973849009151,0.5,0.4166666666666667,2.9166666666666665,1.5833333333333333,0.6666666666666666,2.1737027509516338e-05
271828,27,I,10,1,326.7256,255.0256322802034,66.7,5.0,11.2,10.7,148.8814109,214.7857128409126,148.88571284091262,0.6,0.3,2.8,1.8,0.8,0.00032280203413392883
271828,27,J,10,1,290.2324,210.8324453895948,74.4,5.0,12.5,11.9,74.6152704,217.1900131028371,143.1900131028371,0.3,0.2,3.3,2.1,0.8,0.0004538959478850302
271828,27,Jplus,10,1,309.6578,239.0578265065207,65.6,5.0,11.0,10.6,35.5,195.5477736854887,130.64777368548866,0.6,0.2,1.9,1.6,0.0,0.0002650652072588855
271828,27,Ring8,10,1,324.5111,241.81114475721742,77.7,5.0,13.0,12.7,135.92933490000001,212.41454474674742,133.31454474674746,0.4,0.1,2.5,1.5,0.7,0.00044757217438018415
271828,28,I,13,1,288.3053076923077,233.84375310782414,49.46153846153846,5.0,8.307692307692308,7.923076923076923,115.14715130769231,163.19963136265773,115.50732367035,0.7692307692307693,0.3076923076923077,2.4615384615384617,1.5384615384615385,0.5384615384615384,0.0002095982863465906
271828,28,J,13,1,285.2675384615385,227.57519231137985,52.69230769230769,5.0,8.846153846153847,8.461538461538462,132.41610384615385,154.17003389865027,102.86234159095801,0.7692307692307693,0.3076923076923077,2.3846153846153846,1.4615384615384615,0.6153846153846154,0.000499952062000375
271828,28,Jplus,13,1,292.7416923076923,235.58785616540584,52.15384615384615,5.0,8.76923076923077,8.307692307692308,125.4142553076923,146.14913955703767,98.76452417242227,0.9230769230769231,0.5384615384615384,2.3076923076923075,1.6923076923076923,0.0,0.00013015027616347652
271828,28,Ring8,13,1,297.12892307692306,226.4366087483938,65.6923076923077,5.0,11.0,10.692307692307692,151.2347506923077,169.8054971989364,105.95934335278258,0.7692307692307693,0.38461538461538464,3.076923076923077,2.0,0.6153846153846154,8.627088027424179e-05
271828,29,I,10,1,377.43330000000003,303.7333107317404,68.7,5.0,11.5,11.2,147.12307470000002,210.81907509280046,144.0190750928005,0.7,0.4,2.4,1.0,0.8,0.00010731740394476219
271828,29,J,10,1,385.06370000000004,302.0637093549237,78.0,5.0,13.1,12.5,158.7000869,212.00038293870392,136.9003829387039,0.7,0.4,2.9,1.5,0.8,9.354923668070114e-05
271828,29,Jplus,10,1,361.9356,284.93557219940215,72.0,5.0,12.1,11.5,116.436139,194.54158393356292,125.94158393356297,0.7,0.4,2.0,1.3,0.0,0.0002780059785436606
271828,29,Ring8,10,1,374.7994,287.6993627533192,82.1,5.0,13.7,13.6,139.5333005,208.93635357111793,127.13635357111794,0.7,0.3,2.4,1.3,0.8,0.00037246680813041166
271828,30,I,12,1,322.9329166666667,262.599594173188,55.333333333333336,5.0,9.25,9.083333333333334,155.12589933333334,182.2869284111231,128.70359507778974,0.6666666666666666,0.5,2.3333333333333335,1.25,0.6666666666666666,0.00013007825555177988
271828,30,J,12,1,328.4044166666667,259.8210450980179,63.583333333333336,5.0,10.666666666666666,10.25,132.043428,170.96901064861993,110.6356773152866,0.9166666666666666,0.4166666666666667,2.8333333333333335,1.5,0.6666666666666666,0.0004588237848111021
271828,30,Jplus,12,1,315.07458333333335,251.9079045991859,58.166666666666664,5.0,9.75,9.416666666666666,118.42409775,158.3496803380278,103.51634700469447,0.9166666666666666,0.4166666666666667,1.9166666666666667,1.3333333333333333,0.0,0.00014480976915365318
271828,30,Ring8,12,1,348.60358333333335,280.77027421541203,62.833333333333336,5.0,10.583333333333334,9.916666666666666,92.30729433333333,166.2079369352475,108.45793693524746,0.8333333333333334,0.5,2.75,1.3333333333333333,0.6666666666666666,0.0002905849437411234
271828,31,I,12,1,318.13975,261.38975282106077,51.75,5.0,8.666666666666666,8.416666666666666,121.56887666666667,170.9022100220891,121.15221002208914,0.8333333333333334,0.4166666666666667,2.3333333333333335,1.25,0.6666666666666666,3.3852729302452644e-05
271828,31,J,12,1,317.69266666666664,257.0259675460813,55.666666666666664,5.0,9.333333333333334,9.0,101.93882458333333,170.66044674824505,115.99378008157835,0.75,0.16666666666666666,2.3333333333333335,1.25,0.6666666666666666,0.000389447024645051
271828,31,Jplus,12,1,311.18741666666665,252.60411925320128,53.583333333333336,5.0,9.0,8.583333333333334,90.97170725000001,157.56043432771486,106.31043432771486,0.8333333333333334,0.3333333333333333,2.0,1.5833333333333333,0.0,0.000431038415626972
271828,31,Ring8,12,1,317.71208333333334,250.37871975205977,62.333333333333336,5.0,10.416666666666666,10.25,133.64361633333334,174.9838329189774,112.90049958564411,0.6666666666666666,0.25,2.25,1.25,0.6666666666666666,0.00036297528276918456
271828,32,I,15,1,254.2656,207.4655748344003,41.8,5.0,7.0,6.8,97.58472066666667,135.8221993011644,97.2221993011644,0.8666666666666667,0.5333333333333333,2.7333333333333334,1.9333333333333333,0.5333333333333333,0.00037748399563497514
271828,32,J,15,1,259.50686666666667,204.44017912447953,50.06666666666667,5.0,8.4,8.066666666666666,136.56321313333333,138.16321311523612,90.42987978190281,0.8666666666666667,0.3333333333333333,3.0,2.2,0.5333333333333333,0.0003131328071503958
271828,32,Jplus,15,1,250.2556,199.72223815031072,45.53333333333333,5.0,7.666666666666667,7.2,123.28104773333332,124.88104772411008,83.88104772411005,0.8666666666666667,0.4666666666666667,2.2666666666666666,2.0,0.0,0.0004277453390386654
271828,32,Ring8,15,1,264.6487333333333,207.78207690462958,51.86666666666667,5.0,8.666666666666666,8.533333333333333,107.36285273333333,133.95214664918726,86.48547998252062,0.9333333333333333,0.6,3.1333333333333333,2.1333333333333333,0.5333333333333333,0.00015356944322775234
271828,33,I,14,1,284.40635714285713,233.83491283549117,45.57142857142857,5.0,7.642857142857143,7.357142857142857,128.1146907857143,148.33200611507502,104.9748632579322,0.7142857142857143,0.5,2.2142857142857144,1.2857142857142858,0.5714285714285714,0.00022030312356946524
271828,33,J,14,1,276.5144285714286,219.30013457272113,52.214285714285715,5.0,8.714285714285714,8.642857142857142,148.20169092857142,149.9159766574629,100.98740522889148,0.7142857142857143,0.5,2.5,1.6428571428571428,0.5714285714285714,0.00011598190440054168
271828,33,Jplus,14,1,280.3339285714286,223.6910685350734,51.642857142857146,5.0,8.642857142857142,8.428571428571429,133.8612242857143,136.43265283765916,89.07550998051626,0.8571428571428571,0.5,2.4285714285714284,2.0,0.0,4.0508972233510576e-05
271828,33,Ring8,14,1,278.5565,217.34220880513467,56.214285714285715,5.0,9.428571428571429,9.071428571428571,128.79263678571428,146.61232066609256,93.89803495180684,0.7142857142857143,0.35714285714285715,2.7142857142857144,1.8571428571428572,0.5714285714285714,7.67281148910115e-05
271828,34,I,14,1,276.93964285714287,223.3681890538721,48.57142857142857,5.0,8.142857142857142,7.857142857142857,105.03522442857142,151.0465436183103,105.33225790402457,0.9285714285714286,0.35714285714285715,2.2142857142857144,1.4285714285714286,0.5714285714285714,0.0003532457908477227
271828,34,J,14,1,273.91692857142857,214.8454806761037,54.07142857142857,5.0,9.071428571428571,8.714285714285714,113.28476714285715,147.38399783964542,97.81256926821686,0.9285714285714286,0.5714285714285714,2.5714285714285716,1.5,0.5714285714285714,0.000270534548235446
271828,34,Jplus,14,1,261.5956428571429,206.8813390992832,49.714285714285715,5.0,8.357142857142858,7.928571428571429,99.37242735714287,133.4851100556791,89.91368148425049,0.9285714285714286,0.7857142857142857,1.8571428571428572,1.4285714285714286,0.0,0.0002526100352042704
271828,34,Ring8,14,1,280.4382857142857,210.72401137282228,64.71428571428571,5.0,10.857142857142858,10.428571428571429,117.31397921428571,151.34286457722007,91.62857886293436,0.9285714285714286,0.6428571428571429,2.5,1.7142857142857142,0.5714285714285714,0.00015921951171549154
271828,35,I,15,1,275.5706666666667,226.30398294467378,44.266666666666666,5.0,7.466666666666667,6.933333333333334,139.58768486666668,139.9876848602342,100.38768486023417,0.7333333333333333,0.6,2.6,1.4,0.5333333333333333,0.00025582989383110544
271828,35,J,15,1,250.15279999999998,205.4861206621508,39.666666666666664,5.0,6.666666666666667,6.333333333333333,99.11633673333334,130.832806651881,92.43280665188095,0.7333333333333333,0.26666666666666666,2.1333333333333333,1.2666666666666666,0.5333333333333333,0.00019006773800356314
271828,35,Jplus,15,1,251.74953333333332,207.8828690811409,38.86666666666667,5.0,6.533333333333333,6.2,89.47583039999999,121.01629645835528,84.74962979168859,0.9333333333333333,0.3333333333333333,2.0,1.6666666666666667,0.0,3.621711357482127e-05
271828,35,Ring8,15,1,248.63340000000002,201.70004658874632,41.93333333333333,5.0,7.066666666666666,6.6,86.9530702,125.40541092812575,86.07207759479245,0.8,0.3333333333333333,2.2,1.2666666666666666,0.4666666666666667,0.00030116880543573643
271828,36,I,16,1,261.409625,215.4721141861388,40.9375,5.0,6.875,6.5625,128.66561675,129.79061674213165,92.60311674213166,0.8125,0.4375,2.1875,1.375,0.5,0.0001730217791191535
271828,36,J,16,1,268.0854375,217.08546148401118,46.0,5.0,7.75,7.25,130.198381,131.6983809760405,90.94838097604051,0.625,0.5625,2.4375,1.5625,0.25,0.00038374417863451527
271828,36,Jplus,16,1,275.164875,225.47739485785996,44.6875,5.0,7.5,7.1875,117.265951125,119.14095110881756,81.07845110881757,0.875,0.5625,2.1875,1.625,0.0,0.00031772575948707527
271828,36,Ring8,16,1,249.471375,199.90886302931838,44.5625,5.0,7.5,7.0625,98.462834875,105.09097042773519,66.09097042773519,0.75,0.5625,2.3125,1.5,0.1875,0.00019153090579493437
271828,37,I,10,1,405.7708,321.37076286678496,79.4,5.0,13.3,12.9,183.2316299,218.8316298787825,145.33162987878254,1.0,0.7,2.8,1.5,0.8,0.00037133215028006816
271828,37,J,10,1,397.78290000000004,307.1828783157664,85.6,5.0,14.3,14.1,180.3486441,210.30399369824227,131.8039936982422,1.0,0.7,3.0,1.7,0.7,0.00021684233615815174
271828,37,Jplus,10,1,385.9302,299.5301893869686,81.4,5.0,13.6,13.4,165.4767478,197.23209738821396,124.13209738821392,1.0,0.8,2.3,1.7,0.0,0.00010613031417960883
271828,37,Ring8,10,1,394.3897,296.78966612275605,92.6,5.0,15.5,15.1,183.381204,212.5375771129689,125.63757711296884,1.0,0.6,2.7,1.8,0.5,0.00033877243959068437
271828,38,I,13,1,297.25323076923075,237.4070778024061,54.84615384615385,5.0,9.23076923076923,8.692307692307692,135.88074346153846,160.03458960022675,112.72689729253443,0.9230769230769231,0.7692307692307693,3.1538461538461537,2.230769230769231,0.6153846153846154,1.1431279290263774e-05
271828,38,J,13,1,275.95776923076926,213.49625859360623,57.46153846153846,5.0,9.615384615384615,9.384615384615385,137.73588507692307,159.29764064623703,104.75917910777547,0.7692307692307693,0.46153846153846156,3.1538461538461537,2.230769230769231,0.6153846153846154,0.00036171688088870724
271828,38,Jplus,13,1,269.14576923076925,213.99189945946955,50.15384615384615,5.0,8.384615384615385,8.23076923076923,125.41450507692308,146.9736083934932,98.74283916272394,0.8461538461538461,0.38461538461538464,1.9230769230769231,1.7692307692307692,0.0,0.0003070268958254019
271828,38,Ring8,13,1,288.5566923076923,223.94127772364922,59.61538461538461,5.0,10.0,9.615384615384615,125.0471393076923,159.54230222157332,103.54230222157334,0.8461538461538461,0.46153846153846156,3.0,2.076923076923077,0.6153846153846154,0.0003895925601682393
271828,39,I,16,1,221.557625,181.30759801377602,35.25,5.0,5.9375,5.5625,89.4109210625,94.15613521523875,64.90613521523876,0.6875,0.625,2.625,1.625,0.4375,0.0004317795837778249
271828,39,J,16,1,242.10525,197.66776114743044,39.4375,5.0,6.625,6.3125,97.1190433125,103.18471453105734,67.55971453105735,0.6875,0.5,2.8125,1.6875,0.5,0.00017835888684203383
271828,39,Jplus,16,1,236.0625,196.43748087947245,34.625,5.0,5.8125,5.5625,83.539133375,89.60480457622528,60.9173045762253,0.875,0.5625,2.0,1.625,0.0,0.0003059284408664098
271828,39,Ring8,16,1,227.8456875,181.59571548105518,41.25,5.0,6.9375,6.5625,101.0052545,104.80925528713115,66.62175528713117,0.625,0.4375,2.75,1.75,0.5,0.0004476968829294492
271828,40,I,13,1,289.16123076923077,235.08433918060885,49.07692307692308,5.0,8.23076923076923,7.923076923076923,139.41981576923078,162.65058503066047,115.03520041527585,0.8461538461538461,0.38461538461538464,2.3076923076923075,1.5384615384615385,0.6153846153846154,0.00040934791513791424
271828,40,J,13,1,287.31261538461536,229.08182167989128,53.23076923076923,5.0,8.923076923076923,8.615384615384615,136.22093776923077,158.1050447737428,105.02812169681968,0.8461538461538461,0.15384615384615385,2.230769230769231,1.5384615384615385,0.6153846153846154,0.00031816141336094006
271828,40,Jplus,13,1,288.3694615384615,231.9848732238015,51.38461538461539,5.0,8.615384615384615,8.307692307692308,123.5974983076923,146.37733727732936,97.14656804656013,0.9230769230769231,0.23076923076923078,1.9230769230769231,1.7692307692307692,0.0,0.0003519094193507044
271828,40,Ring8,13,1,280.66707692307693,221.05166466641802,54.61538461538461,5.0,9.153846153846153,8.846153846153847,102.81906930769232,151.88940360931514,98.27401899393054,0.7692307692307693,0.23076923076923078,2.3076923076923075,1.5384615384615385,0.6153846153846154,0.00035933656590714236
271828,41,I,15,1,277.5676,227.0342613687371,45.53333333333333,5.0,7.666666666666667,7.2,137.0736496,139.07364956913196,99.80698290246526,0.8666666666666667,0.6,2.6,1.6666666666666667,0.5333333333333333,7.946894356791745e-05
271828,41,J,15,1,244.30313333333334,190.10312705958083,49.2,5.0,8.266666666666667,7.866666666666666,115.09642573333333,134.6924242485619,90.22575758189525,0.8,0.4666666666666667,2.7333333333333334,1.9333333333333333,0.5333333333333333,9.410628763362183e-05
271828,41,Jplus,15,1,248.00660000000002,195.47323615570346,47.53333333333333,5.0,8.0,7.533333333333333,105.11783186666666,123.08806492547598,82.75473159214262,1.0,0.5333333333333333,2.466666666666667,2.066666666666667,0.0,0.00045766444827677333
271828,41,Ring8,15,1,249.00953333333334,191.476232670734,52.53333333333333,5.0,8.8,8.533333333333333,123.23475006666666,140.37222107939849,91.97222107939847,0.7333333333333333,0.4666666666666667,2.6666666666666665,1.8666666666666667,0.5333333333333333,0.0004900610097138269
271828,42,I,12,1,308.82666666666665,252.4099610297726,51.416666666666664,5.0,8.583333333333334,8.5,125.02426158333333,177.91099266284166,127.82765932950836,0.6666666666666666,0.5,1.6666666666666667,0.8333333333333334,0.5833333333333334,0.0004676427288359264
271828,42,J,12,1,306.86216666666667,245.028812199469,56.833333333333336,5.0,9.5,9.333333333333334,112.5675455,172.3744885666648,117.20782189999808,0.75,0.4166666666666667,2.0,1.1666666666666667,0.6666666666666666,0.0002536063720981474
271828,42,Jplus,12,1,298.79591666666664,239.54588724410107,54.25,5.0,9.083333333333334,8.833333333333334,73.00891591666667,158.16575793863618,107.41575793863615,0.8333333333333334,0.5833333333333334,1.6666666666666667,1.3333333333333333,0.0,0.0003530707872414496
271828,42,Ring8,12,1,306.1095833333333,237.44292406404216,63.666666666666664,5.0,10.666666666666666,10.333333333333334,119.38687375,173.8383636335243,112.3383636335243,0.75,0.4166666666666667,2.0,1.1666666666666667,0.5,8.87685059751675e-05
271828,43,I,10,1,371.5426,294.14263760941776,72.4,5.0,12.1,11.9,208.38594429999998,210.78594429163476,142.58594429163477,1.0,0.5,2.4,1.3,0.6,0.0003760941776818072
271828,43,J,10,1,350.0913,268.69126371741083,76.4,5.0,12.8,12.4,125.8168281,210.66166726796763,134.36166726796768,0.7,0.2,2.4,1.3,0.8,0.00036282589189795544
271828,43,Jplus,10,1,337.0071,262.10706181943897,69.9,5.0,11.7,11.4,119.05547019999999,196.85133766394807,127.65133766394811,0.7,0.3,1.3,1.0,0.0,0.00038180561023182236
271828,43,Ring8,10,1,358.9551,268.45511853896926,85.5,5.0,14.3,14.0,146.5607116,215.3852744099351,130.68527440993506,0.7,0.4,2.7,1.7,0.7,0.0001853896924330911
271828,44,I,10,1,391.49940000000004,315.39935958039956,71.1,5.0,12.0,11.1,173.8523397,205.23322243932617,141.33322243932616,0.9,0.6,3.0,1.8,0.3,0.0004041960046379245
271828,44,J,10,1,370.83939999999996,287.6393777578081,78.2,5.0,13.1,12.7,195.828782,226.38413160743872,149.1841316074387,0.5,0.5,2.5,1.2,0.8,0.00022242191835175618
271828,44,Jplus,10,1,389.7098,308.20981831250344,76.5,5.0,12.8,12.5,165.4767478,197.23209738821396,124.13209738821395,1.0,0.5,2.2,1.7,0.0,0.0001831250342547719
271828,44,Ring8,10,1,409.3213,320.72128735465634,83.6,5.0,14.0,13.6,165.865698,213.82007589403216,132.62007589403214,0.8,0.4,2.8,1.8,0.5,0.00012645343667827547
271828,45,I,10,1,364.15659999999997,288.75660203082083,70.4,5.0,11.8,11.4,181.96231419999998,221.61372013640934,152.61372013640934,0.7,0.3,2.4,1.4,0.7,2.0308208604546962e-05
271828,45,J,10,1,355.9008,273.4008481109569,77.5,5.0,13.0,12.5,148.2173034,204.6993498199209,130.6993498199209,0.7,0.4,2.6,1.6,0.6,0.00048110956868185895
271828,45,Jplus,10,1,345.2656,266.7656489424382,73.5,5.0,12.3,12.0,142.6341734,194.65889390055926,124.15889390055926,0.8,0.4,1.9,1.6,0.0,0.0004894243820672273
271828,45,Ring8,10,1,372.07730000000004,279.1772888271817,87.9,5.0,14.7,14.4,162.9917549,215.255162162874,131.65516216287398,0.7,0.5,3.2,1.9,0.7,0.00011172818312843447
271828,46,I,11,1,327.83227272727277,260.9231505774244,61.90909090909091,5.0,10.363636363636363,10.090909090909092,191.02439645454544,195.38803282918477,134.7516691928211,0.7272727272727273,0.2727272727272727,2.272727272727273,1.2727272727272727,0.7272727272727273,0.00034364833209110657
271828,46,J,11,1,291.7804545454546,218.87133424397115,67.9090909090909,5.0,11.363636363636363,11.090909090909092,158.5857831818182,185.274224413897,117.45604259571515,0.8181818181818182,0.18181818181818182,2.4545454545454546,1.9090909090909092,0.5454545454545454,0.0003233163174627407
271828,46,Jplus,11,1,296.8068181818182,225.62500360246003,66.18181818181819,5.0,11.090909090909092,10.727272727272727,153.1678040909091,178.76357642851937,115.21812188306481,0.8181818181818182,0.36363636363636365,2.1818181818181817,2.0,0.0,3.9627060232305666e-05
271828,46,Ring8,11,1,304.4818181818182,223.93639848401742,75.54545454545455,5.0,12.636363636363637,12.363636363636363,145.8651168181818,193.92935806640708,119.74753988458889,0.6363636363636364,0.45454545454545453,2.6363636363636362,1.9090909090909092,0.5454545454545454,0.00038332419126163586
271828,47,I,10,1,381.12710000000004,298.5270999192327,77.6,5.0,13.0,12.6,215.5592992,215.55929924335004,143.05929924335007,1.0,0.5,2.5,1.4,0.6,8.076735866779927e-07
271828,47,J,10,1,372.29769999999996,282.09773553955586,85.2,5.0,14.3,13.7,184.8072257,214.7625752388693,132.96257523886928,0.9,0.5,2.9,1.9,0.7,0.00035539555892682984
271828,47,Jplus,10,1,362.1778,275.97784346664673,81.2,5.0,13.6,13.2,170.8767478,200.83209738821395,124.13209738821392,1.0,0.5,2.2,2.0,0.0,0.00043466646729939384
271828,47,Ring8,10,1,377.39369999999997,281.59369347734975,90.8,5.0,15.2,14.8,138.4293529,210.98279938180403,125.882799381804,1.0,0.6,3.3,2.2,0.6,6.522650255647022e-05
271828,48,I,11,1,311.6900909090909,245.87189497425786,60.81818181818182,5.0,10.181818181818182,9.909090909090908,162.62404145454545,198.0260665752244,136.48061202976984,0.6363636363636364,0.18181818181818182,2.4545454545454546,1.7272727272727273,0.7272727272727273,0.00015528316362178884
271828,48,J,11,1,287.0920909090909,215.09204677498357,67.0,5.0,11.272727272727273,10.636363636363637,138.56059009090907,189.34988968385005,121.98625332021369,0.5454545454545454,0.18181818181818182,2.8181818181818183,1.9090909090909092,0.7272727272727273,0.0004854751805396518
271828,48,Jplus,11,1,287.5552727272727,221.2825105801361,61.27272727272727,5.0,10.272727272727273,9.909090909090908,124.25882254545455,175.60271241642053,115.42089423460233,0.7272727272727273,0.2727272727272727,1.8181818181818181,1.6363636363636365,0.0,0.00038361850329238223
271828,48,Ring8,11,1,307.41881818181815,228.9643019939491,73.45454545454545,5.0,12.272727272727273,12.090909090909092,125.78587036363636,186.16601409786855,113.43874137059584,0.8181818181818182,0.2727272727272727,3.1818181818181817,2.1818181818181817,0.7272727272727273,0.00032193344031838933
271828,49,I,13,1,292.47092307692304,232.54781090699922,54.92307692307692,5.0,9.23076923076923,8.76923076923077,139.72639853846155,166.60141213754832,114.9860275221637,0.6153846153846154,0.5384615384615384,2.5384615384615383,1.5384615384615385,0.5384615384615384,0.00045820901004844927
271828,49,J,13,1,293.6386153846154,227.79242431038458,60.84615384615385,5.0,10.23076923076923,9.692307692307692,121.2913523076923,158.07438036570855,101.61284190417008,0.7692307692307693,0.6153846153846154,2.8461538461538463,1.6153846153846154,0.6153846153846154,0.00048396500051239855
271828,49,Jplus,13,1,287.66130769230773,227.1228171876713,55.53846153846154,5.0,9.307692307692308,9.0,109.64300146153846,146.88633565297883,95.88633565297883,0.8461538461538461,0.6153846153846154,1.9230769230769231,1.5384615384615385,0.0,0.00037656027325283503
271828,49,Ring8,13,1,290.4152307692308,219.1844434546797,66.23076923076923,5.0,11.076923076923077,10.846153846153847,128.24408146153846,161.74565061833357,98.36103523371818,0.7692307692307693,0.46153846153846156,2.769230769230769,2.076923076923077,0.46153846153846156,0.00023508916410719394
271828,50,I,10,1,348.03679999999997,278.43677547655136,64.6,5.0,10.8,10.6,148.1870306,213.05777032797246,148.15777032797251,0.6,0.3,2.2,1.2,0.8,0.0002452344861012534
271828,50,J,10,1,360.37710000000004,277.47712201860435,77.9,5.0,13.0,12.9,160.1526929,217.04215208881374,138.94215208881377,0.6,0.3,3.0,2.0,0.8,0.0002201860434070113
271828,50,Jplus,10,1,350.0976,272.7975686201028,72.3,5.0,12.1,11.8,140.88536449999998,196.41463147252858,126.51463147252855,0.8,0.4,2.3,2.0,0.0,0.0003137989720016776
271828,50,Ring8,10,1,351.242,259.5420031542441,86.7,5.0,14.5,14.2,180.8189811,211.33441141777902,126.434411417779,0.8,0.4,3.1,2.0,0.8,3.154244132019812e-05
271828,51,I,16,1,232.1825625,195.7450666670579,31.4375,5.0,5.3125,4.875,90.7496885,92.24968848523115,66.62468848523116,0.8125,0.6875,2.0625,1.125,0.375,6.667292655038182e-05
271828,51,J,16,1,235.409875,189.8473924267626,40.5625,5.0,6.8125,6.5,113.5987006875,114.72370066797703,77.59870066797701,0.75,0.4375,2.1875,1.3125,0.5,0.0002788282017718302
271828,51,Jplus,16,1,265.366875,218.1793650646944,42.1875,5.0,7.0625,6.875,114.5319933125,116.78199329039434,78.28199329039433,0.9375,0.4375,1.875,1.5,0.0,0.00015896488957878319
271828,51,Ring8,16,1,262.363875,210.23887657954984,47.125,5.0,7.875,7.75,128.5813536875,130.83135367038818,86.0813536703882,0.8125,0.5,2.25,1.4375,0.5,2.527279730202281e-05
271828,52,I,13,1,283.5443846153846,225.69825308847723,52.84615384615385,5.0,8.846153846153847,8.615384615384615,133.35372184615383,159.0728942986984,109.07289429869843,0.7692307692307693,0.3076923076923077,2.6153846153846154,2.0,0.46153846153846156,0.0002901502039094339
271828,52,J,13,1,284.3357692307692,223.72040518503047,55.61538461538461,5.0,9.307692307692308,9.076923076923077,159.2826106153846,160.20568757569072,107.43645680645992,0.7692307692307693,0.46153846153846156,2.3076923076923075,1.3076923076923077,0.6153846153846154,0.00026740539624370285
271828,52,Jplus,13,1,273.84584615384614,216.8458091366201,52.0,5.0,8.692307692307692,8.538461538461538,148.9060533076923,150.2906687112108,100.75220717274928,0.7692307692307693,0.46153846153846156,1.6923076923076923,1.3846153846153846,0.0,0.00048122393900484894
271828,52,Ring8,13,1,282.366,216.90447842427955,60.46153846153846,5.0,10.153846153846153,9.692307692307692,142.62809969230767,160.34789911861148,102.5786683493807,0.6923076923076923,0.38461538461538464,2.5384615384615383,1.5384615384615385,0.6153846153846154,0.0002195156343987037
271828,53,I,10,1,371.8929,296.9929059948802,69.9,5.0,11.7,11.4,181.5738713,215.373871267953,146.07387126795305,0.8,0.2,2.4,1.4,0.8,5.994880166326766e-05
271828,53,J,10,1,377.88,295.17998835148876,77.7,5.0,13.0,12.7,157.1910257,209.1115810338647,132.61158103386464,0.9,0.2,2.5,1.6,0.8,0.00011648511281237006
271828,53,Jplus,10,1,367.12440000000004,289.22443873898015,72.9,5.0,12.2,11.9,143.92139830000002,197.18680591066695,125.98680591066693,0.9,0.2,1.7,1.5,0.0,0.00038738980128982803
271828,53,Ring8,10,1,366.78290000000004,274.6829061004547,87.1,5.0,14.6,14.1,185.1440068,209.28597724822708,123.88597724822708,0.9,0.3,2.9,1.8,0.8,6.100454720581183e-05
271828,54,I,14,1,241.1367857142857,195.6367979566718,40.5,5.0,6.785714285714286,6.571428571428571,124.06664457142857,146.05017198666542,107.55017198666542,0.6428571428571429,0.42857142857142855,2.0714285714285716,1.4285714285714286,0.5714285714285714,0.00017139340525318403
271828,54,J,14,1,224.02407142857143,174.45263629312294,44.57142857142857,5.0,7.5,7.071428571428571,121.90341464285714,141.28698239187162,98.14412524901448,0.5,0.42857142857142855,2.2857142857142856,1.4285714285714286,0.5714285714285714,9.189627871819539e-05
271828,54,Jplus,14,1,261.8008571428571,211.9436981396033,44.857142857142854,5.0,7.5,7.357142857142857,109.61558692857143,129.23041968932955,89.65899111790098,0.7857142857142857,0.42857142857142855,2.2857142857142856,2.0,0.0,0.00022604555397265358
271828,54,Ring8,14,1,239.6342857142857,182.205716399748,52.42857142857143,5.0,8.785714285714286,8.5,67.69397964285714,145.8944903782628,96.25163323540563,0.6428571428571429,0.5,3.0714285714285716,2.142857142857143,0.5714285714285714,2.9596471904369537e-05
271828,55,I,16,1,224.8586875,184.29621569515746,35.5625,5.0,6.0625,5.25,96.9125870625,108.15583478604617,78.2808347860462,0.6875,0.6875,2.625,1.5625,0.5,0.0004511225192800339
271828,55,J,16,1,224.259375,180.63436408751227,38.625,5.0,6.5,6.125,113.2767825,124.00983887031666,86.00983887031667,0.5625,0.25,2.75,1.9375,0.5,0.0001745998038131802
271828,55,Jplus,16,1,247.5250625,203.2750904347407,39.25,5.0,6.5625,6.4375,113.1888998125,115.06389979905684,80.00139979905683,0.875,0.4375,2.1875,1.9375,0.0,0.00044695585120280157
271828,55,Ring8,16,1,254.9421875,203.81719624917417,46.125,5.0,7.75,7.375,119.623056,121.87305600084184,80.24805600084184,0.6875,0.4375,3.0625,2.0625,0.5,0.00013998678696225397
271828,56,I,13,1,287.26523076923075,231.34211898853897,50.92307692307692,5.0,8.538461538461538,8.23076923076923,113.4256006923077,164.4606825980811,115.99914413654263,0.6923076923076923,0.3076923076923077,2.6153846153846154,1.7692307692307692,0.46153846153846156,0.00045314899307413725
271828,56,J,13,1,280.6843076923077,221.83813816148393,53.84615384615385,5.0,9.0,8.846153846153847,95.25440492307692,155.67241095298334,102.44164172221414,0.7692307692307693,0.23076923076923078,2.4615384615384617,1.7692307692307692,0.46153846153846156,0.00020390070903886226
271828,56,Jplus,13,1,271.1220769230769,216.35281845227658,49.76923076923077,5.0,8.307692307692308,8.23076923076923,89.85027423076923,146.5885166094808,97.97313199409612,0.7692307692307693,0.38461538461538464,1.7692307692307692,1.6153846153846154,0.0,0.000360120404366171
271828,56,Ring8,13,1,276.0143076923077,209.78352576968766,61.23076923076923,5.0,10.23076923076923,10.076923076923077,109.67159323076923,159.55149055282436,99.47456747590132,0.6923076923076923,0.38461538461538464,3.0,2.230769230769231,0.6153846153846154,0.00016499406046932563
271828,57,I,15,1,274.4386,224.97191495750673,44.46666666666667,5.0,7.466666666666667,7.133333333333334,122.8780912,142.21142454692549,101.21142454692547,0.8666666666666667,0.4666666666666667,2.3333333333333335,1.4666666666666666,0.5333333333333333,0.0002756373987722327
271828,57,J,15,1,264.2820666666667,211.88209965089234,47.4,5.0,7.933333333333334,7.733333333333333,121.77092626666666,138.94115934220727,93.60782600887391,0.8,0.3333333333333333,2.4,1.6,0.5333333333333333,0.0004947633847223187
271828,57,Jplus,15,1,252.2151333333333,203.81513562524606,43.4,5.0,7.266666666666667,7.066666666666666,108.1851832,126.92507490268217,86.79174156934884,0.8,0.4666666666666667,1.7333333333333334,1.4,0.0,3.437869099798263e-05
271828,57,Ring8,15,1,262.04859999999996,206.71523884309968,50.333333333333336,5.0,8.466666666666667,8.0,106.05024060000001,137.42160619967927,90.15493953301258,0.8,0.4666666666666667,2.6666666666666665,1.6666666666666667,0.5333333333333333,0.00041735350441740593
271828,58,I,13,1,299.2109230769231,236.74936456604672,57.46153846153846,5.0,9.615384615384615,9.384615384615385,166.26214315384615,167.64675853266382,114.10829699420233,0.6923076923076923,0.46153846153846156,2.769230769230769,1.7692307692307692,0.6153846153846154,0.00026064139274240006
271828,58,J,13,1,286.62053846153844,225.15896891519273,56.46153846153846,5.0,9.461538461538462,9.153846153846153,160.87785561538462,161.80093257102166,107.4932402633294,0.6153846153846154,0.3076923076923077,2.6923076923076925,1.8461538461538463,0.46153846153846156,0.00040410249448541435
271828,58,Jplus,13,1,283.30899999999997,225.92435179236526,52.38461538461539,5.0,8.76923076923077,8.538461538461538,144.3198723846154,146.16602619390142,97.01218004005526,0.8461538461538461,0.3076923076923077,2.0,1.6153846153846154,0.0,0.00042669925142035936
271828,58,Ring8,13,1,266.89307692307693,204.66228106523027,57.23076923076923,5.0,9.615384615384615,9.153846153846153,157.68713746153847,158.14867591211484,101.91790668134564,0.6923076923076923,0.23076923076923078,2.230769230769231,1.6153846153846154,0.46153846153846156,0.0003461520063865464
271828,59,I,13,1,329.04538461538465,272.27613497805027,51.76923076923077,5.0,8.692307692307692,8.307692307692308,160.310911,161.69552637649224,114.38783406879996,0.9230769230769231,0.6153846153846154,2.923076923076923,1.7692307692307692,0.6153846153846154,0.00024528534686396597
271828,59,J,13,1,339.7872307692308,279.94105199934063,54.84615384615385,5.0,9.23076923076923,8.692307692307692,135.68337484615384,157.09502268022155,105.7104072956061,0.7692307692307693,0.3076923076923077,2.6153846153846154,1.3076923076923077,0.5384615384615384,0.0003240085725337849
271828,59,Jplus,13,1,307.86184615384616,252.40027181779845,50.46153846153846,5.0,8.461538461538462,8.153846153846153,139.700006,142.93077526597887,95.54615988136347,0.9230769230769231,0.3076923076923077,1.9230769230769231,1.4615384615384615,0.0,0.0004663686204366968
271828,59,Ring8,13,1,297.92753846153846,236.69675115744224,56.23076923076923,5.0,9.384615384615385,9.307692307692308,123.01832030769232,158.77332380584357,103.69640072892054,0.7692307692307693,0.3076923076923077,2.3076923076923075,1.4615384615384615,0.5384615384615384,0.0002349532510379504
271828,60,I,14,1,275.61285714285714,221.54139485683328,49.07142857142857,5.0,8.214285714285714,8.0,148.76296371428572,151.76296368717658,105.90582083003376,0.7142857142857143,0.5,2.642857142857143,1.7857142857142858,0.5,0.00047200433391481056
271828,60,J,14,1,304.3737857142857,242.73093305119724,56.642857142857146,5.0,9.5,9.142857142857142,126.82125635714286,145.21793463099328,93.6465060595647,0.7857142857142857,0.5,3.142857142857143,1.9285714285714286,0.5714285714285714,6.271676102187485e-05
271828,60,Jplus,14,1,278.80978571428574,223.0240357307927,50.785714285714285,5.0,8.5,8.285714285714286,116.40325157142857,136.08564413068896,89.08564413068893,0.9285714285714286,0.5714285714285714,1.9285714285714286,1.6428571428571428,0.0,0.0004997689025003638
271828,60,Ring8,14,1,281.02135714285714,213.44990449529104,62.57142857142857,5.0,10.5,10.071428571428571,133.365972,150.61023658022734,92.18166515165592,0.7857142857142857,0.5714285714285714,3.0714285714285716,2.142857142857143,0.5,0.00033706592557791737
271828,61,I,12,1,360.15775,297.0744519317158,58.083333333333336,5.0,9.75,9.333333333333334,176.49840500000002,177.99840502656687,122.33173835990021,0.75,0.3333333333333333,2.25,1.1666666666666667,0.5833333333333334,0.00042318059013268794
271828,61,J,12,1,360.93474999999995,291.85145580019474,64.08333333333333,5.0,10.75,10.333333333333334,166.32772458333332,186.74938904081867,123.832722374152,0.5833333333333334,0.3333333333333333,2.9166666666666665,1.6666666666666667,0.6666666666666666,0.0004696023374890501
271828,61,Jplus,12,1,345.85741666666667,281.7741148002362,59.083333333333336,5.0,9.916666666666666,9.5,137.89728983333333,159.31895428775417,103.48562095442081,0.9166666666666666,0.3333333333333333,2.0833333333333335,1.5833333333333333,0.0,0.0003776028347601823
271828,61,Ring8,12,1,321.5734166666667,248.74010813835105,67.83333333333333,5.0,11.333333333333334,11.166666666666666,139.95611358333335,176.4271154683668,110.26044880170019,0.75,0.4166666666666667,2.5833333333333335,1.6666666666666667,0.5,0.000297660212709161
271828,62,I,14,1,291.7540714285714,242.03977443314895,44.714285714285715,5.0,7.5,7.214285714285714,124.15535835714286,148.29821550068138,105.72678692925282,0.8571428571428571,0.35714285714285715,2.357142857142857,1.5,0.5714285714285714,0.00015793591455803835
271828,62,J,14,1,291.2202857142857,235.57744366397645,50.642857142857146,5.0,8.5,8.142857142857142,128.85948028571428,146.7775169061757,97.7775169061757,0.8571428571428571,0.2857142857142857,2.857142857142857,2.0,0.5714285714285714,0.00021129567039679387
271828,62,Jplus,14,1,283.6362857142857,229.6363066995255,49.0,5.0,8.214285714285714,7.928571428571429,121.86626242857143,140.69151210441717,95.04865496156003,0.8571428571428571,0.5,2.142857142857143,1.8571428571428572,0.0,0.00029379335728663136
271828,62,Ring8,14,1,279.96257142857144,223.7482804283689,51.214285714285715,5.0,8.571428571428571,8.357142857142858,123.77304521428572,142.04805922609683,91.33377351181107,0.7857142857142857,0.21428571428571427,2.2142857142857144,1.5714285714285714,0.35714285714285715,7.400283539027441e-05
271828,63,I,14,1,331.17928571428575,274.53643840511535,51.642857142857146,5.0,8.714285714285714,8.071428571428571,123.84333721428571,144.98619435278516,102.27190863849947,0.9285714285714286,0.6428571428571429,2.9285714285714284,1.2142857142857142,0.5714285714285714,0.00013767161453870358
271828,63,J,14,1,283.35985714285715,229.00274605409717,49.357142857142854,5.0,8.285714285714286,7.928571428571429,102.22613742857142,138.55243097513258,93.83814526084686,0.7857142857142857,0.5,2.642857142857143,1.8571428571428572,0.42857142857142855,0.00044475736058302573
271828,63,Jplus,14,1,279.5210714285714,225.37821812128348,49.142857142857146,5.0,8.214285714285714,8.071428571428571,112.62624842857143,133.06190914576229,89.06190914576227,0.9285714285714286,0.5,2.2857142857142856,2.0,0.0,5.3697968724009115e-05
271828,63,Ring8,14,1,289.21257142857144,228.2839929173542,55.92857142857143,5.0,9.357142857142858,9.142857142857142,127.98609292857144,147.13706129587632,93.85134701016204,0.7857142857142857,0.42857142857142855,2.642857142857143,2.0,0.5,9.91570414043963e-05
271828,64,I,13,1,255.93769230769232,204.16847385402903,46.76923076923077,5.0,7.846153846153846,7.538461538461538,41.43407023076923,167.56810551430124,120.9527208989166,0.6923076923076923,0.23076923076923078,2.769230769230769,2.1538461538461537,0.6153846153846154,0.00016010237732189125
271828,64,J,13,1,257.0119230769231,201.93503278789527,50.07692307692308,5.0,8.384615384615385,8.153846153846153,61.66844415384616,158.90960135481276,108.7557552009666,0.5384615384615384,0.23076923076923078,2.6153846153846154,2.0,0.5384615384615384,0.0004262426382410922
271828,64,Jplus,13,1,257.877,202.72315042333184,50.15384615384615,5.0,8.384615384615385,8.23076923076923,105.64605946153846,147.17385016422736,98.94308093345813,0.8461538461538461,0.23076923076923078,1.6923076923076923,1.4615384615384615,0.0,4.4496685859485297e-05
271828,64,Ring8,13,1,260.4030769230769,198.40304690145427,57.0,5.0,9.538461538461538,9.307692307692308,144.8228836923077,165.95712896638378,110.64943665869146,0.5384615384615384,0.3076923076923077,2.5384615384615383,1.7692307692307692,0.6153846153846154,0.0003902810940417112
271828,65,I,16,1,278.581625,232.9566361149782,40.625,5.0,6.8125,6.5625,129.47787925,131.35287927860404,93.47787927860404,0.6875,0.4375,2.5,1.4375,0.5,0.00017783965176931815
271828,65,J,16,1,259.7180625,212.2805352159858,42.4375,5.0,7.125,6.8125,111.84841275,118.47305259047403,78.34805259047401,0.6875,0.375,2.6875,1.8125,0.4375,0.0004365442268863262
271828,65,Jplus,16,1,252.3254375,210.5129535685289,36.8125,5.0,6.1875,5.875,100.3904239375,107.47551644342843,74.03801644342842,0.75,0.4375,1.75,1.25,0.0,0.00025709646251925733
271828,65,Ring8,16,1,267.751125,216.87615030000416,45.875,5.0,7.6875,7.4375,120.4162591875,128.1776347038624,83.30263470386238,0.5625,0.3125,2.875,1.9375,0.5,0.0004048000664624851
271828,66,I,15,1,292.7532,242.81987815914974,44.93333333333333,5.0,7.533333333333333,7.266666666666667,140.0640918,142.46409183250756,100.26409183250759,0.8666666666666667,0.4,2.6666666666666665,1.9333333333333333,0.5333333333333333,0.00017238724649359938
271828,66,J,15,1,272.6053333333333,218.93867580080666,48.666666666666664,5.0,8.2,7.666666666666667,115.22642653333334,134.10603428598185,90.77270095264849,0.8666666666666667,0.6666666666666666,2.8666666666666667,1.8666666666666667,0.5333333333333333,0.00013701209991268115
271828,66,Jplus,15,1,281.05873333333335,228.992064609324,47.06666666666667,5.0,7.933333333333334,7.4,104.71783186666667,123.99498251773761,83.72831585107095,0.9333333333333333,0.6666666666666666,2.6,2.1333333333333333,0.0,3.0860140668664826e-05
271828,66,Ring8,15,1,285.6116,230.81162905758165,49.8,5.0,8.4,7.8,101.96224406666667,132.16134515132066,87.22801181798734,0.9333333333333333,0.4,3.0,2.0,0.5333333333333333,0.0004358637247605657
271828,67,I,11,1,309.49827272727276,241.1346724814055,63.36363636363637,5.0,10.636363636363637,10.181818181818182,191.43556054545454,196.34465148014212,134.7082878437785,0.7272727272727273,0.45454545454545453,2.3636363636363638,1.4545454545454546,0.7272727272727273,0.0003972954600612866
271828,67,J,11,1,314.2129090909091,241.57657944167875,67.63636363636364,5.0,11.363636363636363,10.818181818181818,96.5971219090909,187.3591601721131,123.35916017211306,0.8181818181818182,0.45454545454545453,2.8181818181818183,1.6363636363636365,0.7272727272727273,0.0003738584659913613
271828,67,Jplus,11,1,302.42199999999997,234.51286870434512,62.90909090909091,5.0,10.545454545454545,10.181818181818182,82.37336281818182,174.30229983212038,113.93866346848402,0.9090909090909091,0.2727272727272727,2.0,1.7272727272727273,0.0,0.0004442522035787988
271828,67,Ring8,11,1,323.16736363636363,248.25824294866044,69.9090909090909,5.0,11.727272727272727,11.272727272727273,40.029706000000004,191.514363559209,123.2416362864817,0.7272727272727273,0.2727272727272727,3.0,2.0,0.7272727272727273,0.0003275647350164945
271828,68,I,10,1,311.32,242.42003023232024,63.9,5.0,10.7,10.4,110.22019949999999,216.94810703902107,153.24810703902108,0.6,0.3,2.0,1.3,0.4,0.00030232320250433986
271828,68,J,10,1,329.5074,247.90738709911906,76.6,5.0,12.8,12.6,206.22271270000002,211.02271272653266,135.42271272653267,0.6,0.2,2.7,1.7,0.7,0.0001290088093810482
271828,68,Jplus,10,1,321.89050000000003,244.49051623368024,72.4,5.0,12.1,11.9,195.52623390000002,200.32623389152187,130.52623389152183,0.7,0.3,2.0,1.7,0.0,0.00016233680207733414
271828,68,Ring8,10,1,315.8504,225.25041768271416,85.6,5.0,14.3,14.1,184.2189837,214.31485196203516,128.51485196203512,0.5,0.3,3.2,2.1,0.8,0.00017682714178590686
271828,69,I,16,1,243.2496875,196.7496869353285,41.5,5.0,7.0,6.5,113.0256741875,114.52567416294502,79.52567416294502,0.8125,0.5625,2.75,1.8125,0.3125,9.034743925440125e-06
271828,69,J,16,1,230.34675,183.7842608241488,41.5625,5.0,7.0,6.5625,94.7227905625,96.5977905548923,61.9102905548923,0.9375,0.75,2.8125,2.0,0.5,0.00017318638083452242
271828,69,Jplus,16,1,231.832875,186.77038590925804,40.0625,5.0,6.75,6.3125,86.153495,88.02849502091689,56.278495020916885,0.9375,0.6875,2.5625,1.9375,0.0,0.0001745481285979622
271828,69,Ring8,16,1,267.2325,208.1699758989521,54.0625,5.0,9.0625,8.75,130.3906754375,131.14067542946586,82.51567542946586,0.9375,0.5625,3.1875,2.25,0.5,0.00038561676683457335
271828,70,I,16,1,239.8694375,195.0569493981163,39.8125,5.0,6.6875,6.375,109.57775775,111.45275773039411,78.20275773039411,1.0,0.6875,2.75,1.8125,0.5,0.00019036986077480833
271828,70,J,16,1,238.2178125,189.84279360584824,43.375,5.0,7.25,7.125,107.02057825,119.3922732223256,81.32977322232558,0.875,0.6875,2.6875,1.75,0.5,0.0003023064282388077
271828,70,Jplus,16,1,237.7781875,191.90316627165853,40.875,5.0,6.875,6.5,99.4425353125,111.83311483017336,77.14561483017334,0.875,0.625,2.3125,1.8125,0.0,0.000339653463470313
271828,70,Ring8,16,1,199.480875,156.29334638569793,38.1875,5.0,6.4375,6.0,69.8339643125,71.3339643181872,41.8339643181872,1.0,0.8125,2.875,1.75,0.5,0.00045782883307765587
271828,71,I,10,1,322.0562,249.75619615567672,67.3,5.0,11.3,10.8,178.0970942,213.4934757322282,149.19347573222817,0.6,0.5,2.4,1.4,0.7,3.8443232824647566e-05
271828,71,J,10,1,319.8559,242.15587979386586,72.7,5.0,12.2,11.7,72.7113181,201.03410222316288,131.13410222316287,0.8,0.4,2.6,1.6,0.7,0.00020206134149702848
271828,71,Jplus,10,1,311.2591,238.95908669156142,67.3,5.0,11.3,10.8,63.6553496,190.14774563135504,125.64774563135502,0.8,0.4,1.7,1.3,0.0,0.0001330843856521824
271828,71,Ring8,10,1,330.0694,240.36943260785182,84.7,5.0,14.2,13.7,211.9920917,214.39209172454494,132.4920917245449,0.8,0.3,3.0,1.7,0.8,0.0003260785183556436
271828,72,I,11,1,371.88072727272726,307.8806980654453,59.0,5.0,9.909090909090908,9.454545454545455,94.06794845454546,192.52145106766784,135.79417834039512,0.5454545454545454,0.36363636363636365,2.727272727272727,1.3636363636363635,0.6363636363636364,0.0003212801016161393
271828,72,J,11,1,337.45454545454544,271.09087525005526,61.36363636363637,5.0,10.272727272727273,10.0,64.10979881818183,185.84871527938506,125.12144255211234,0.7272727272727273,0.18181818181818182,2.4545454545454546,1.3636363636363635,0.7272727272727273,0.0003722493920577108
271828,72,Jplus,11,1,324.142,259.0511038576657,60.09090909090909,5.0,10.090909090909092,9.636363636363637,81.04957009090909,181.5016642070859,123.04711875254043,0.6363636363636364,0.2727272727272727,2.090909090909091,1.6363636363636365,0.0,0.0001424343226972269
271828,72,Ring8,11,1,324.1057272727273,247.9239485958271,71.18181818181819,5.0,11.909090909090908,11.636363636363637,170.2497311818182,191.1060679341285,121.56061338867394,0.8181818181818182,0.36363636363636365,2.8181818181818183,1.7272727272727273,0.7272727272727273,0.0004345540983194951
271828,73,I,10,1,383.5687,301.96869969258404,76.6,5.0,12.9,12.1,182.92349529999998,220.43610298491322,148.33610298491323,0.7,0.6,2.3,0.9,0.7,3.0741593946004286e-06
271828,73,J,10,1,382.7088,291.80879108580257,85.9,5.0,14.4,13.9,186.9951008,214.86027414335678,132.56027414335676,0.8,0.6,2.7,1.6,0.8,8.914197451304062e-05
271828,73,Jplus,10,1,370.7924,285.2923809205654,80.5,5.0,13.5,13.0,172.9340343,201.39015748910103,125.49015748910101,0.8,0.6,1.8,1.3,0.0,0.00019079434605373535
271828,73,Ring8,10,1,374.6166,276.4166253620159,93.2,5.0,15.6,15.2,189.3766812,212.318651633485,123.318651633485,0.8,0.7,2.4,1.4,0.4,0.00025362015867358423
271828,74,I,11,1,349.38300000000004,279.74664214266386,64.63636363636364,5.0,10.818181818181818,10.545454545454545,158.45344936363637,191.89065279931648,130.07247098113467,0.7272727272727273,0.45454545454545453,2.5454545454545454,1.5454545454545454,0.5454545454545454,6.356930225592805e-05
271828,74,J,11,1,355.2569090909091,280.1660316491902,70.0909090909091,5.0,11.727272727272727,11.454545454545455,158.305896,185.5008279222369,119.2281006495096,0.9090909090909091,0.36363636363636365,2.272727272727273,1.1818181818181819,0.5454545454545454,0.0003481410917629546
271828,74,Jplus,11,1,344.35736363636363,272.99374005116135,66.36363636363636,5.0,11.090909090909092,10.909090909090908,130.86731109090908,176.0588557551122,112.96794666420311,0.9090909090909091,0.5454545454545454,1.9090909090909092,1.4545454545454546,0.0,0.00014056277495910763
271828,74,Ring8,11,1,363.4973636363636,283.04281510161354,75.45454545454545,5.0,12.636363636363637,12.272727272727273,150.2741209090909,192.12080619044028,120.9389880086221,0.8181818181818182,0.5454545454545454,2.6363636363636362,1.4545454545454546,0.7272727272727273,3.388225104572484e-05
271828,75,I,15,1,295.5260666666666,245.72609085340954,44.8,5.0,7.6,6.8,111.62842933333333,133.5590865674284,96.69241990076173,0.8666666666666667,0.7333333333333333,2.466666666666667,1.4,0.3333333333333333,0.0003628011436376255
271828,75,J,15,1,273.1795333333333,219.1795651472074,49.0,5.0,8.266666666666667,7.666666666666667,111.7521612,128.12239421335573,85.18906088002242,0.9333333333333333,0.6666666666666666,2.533333333333333,1.5333333333333334,0.5333333333333333,0.00047720811062390567
271828,75,Jplus,15,1,268.61486666666667,218.3481862208196,45.266666666666666,5.0,7.6,7.266666666666667,106.3230676,122.6933006755515,82.82663400888482,0.9333333333333333,0.6666666666666666,1.8666666666666667,1.5333333333333334,0.0,0.00020668770594056696
271828,75,Ring8,15,1,279.65413333333333,217.52078558620332,57.13333333333333,5.0,9.6,9.133333333333333,122.50262093333335,137.83070952228226,86.49737618894896,0.8666666666666667,0.6666666666666666,3.1333333333333333,2.066666666666667,0.5333333333333333,0.00021620694997182
271828,76,I,12,1,284.28366666666665,224.9503254320392,54.333333333333336,5.0,9.083333333333334,8.916666666666666,117.47007683333334,178.21320553928356,125.12987220595016,0.6666666666666666,0.3333333333333333,2.25,1.5,0.5833333333333334,9.48155297919584e-05
271828,76,J,12,1,273.21183333333335,206.54517136219644,61.666666666666664,5.0,10.333333333333334,10.0,112.03649675000001,169.9768638800854,110.39353054675207,0.6666666666666666,0.4166666666666667,2.8333333333333335,1.75,0.6666666666666666,5.6346357268921565e-05
271828,76,Jplus,12,1,267.4778333333333,204.72780095986153,57.75,5.0,9.666666666666666,9.416666666666666,97.388446,163.9986174208488,107.41528408751545,0.6666666666666666,0.3333333333333333,2.0,1.8333333333333333,0.0,0.00038848166150273755
271828,76,Ring8,12,1,293.38233333333335,223.63229385621227,64.75,5.0,10.833333333333334,10.583333333333334,153.94945708333333,174.36065404220824,110.77732070887492,0.6666666666666666,0.4166666666666667,2.4166666666666665,1.6666666666666667,0.6666666666666666,0.000473725453048246
271828,77,I,10,1,379.4122,302.1122435405859,72.3,5.0,12.1,11.8,189.538285,225.71490432665286,154.81490432665288,0.7,0.4,2.5,1.7,0.6,0.0004354058592070942
271828,77,J,10,1,354.076,270.37601146448054,78.7,5.0,13.2,12.7,182.754405,212.12357740144336,135.6235774014433,0.8,0.3,2.5,1.5,0.7,0.000114644805307762
271828,77,Jplus,10,1,347.1888,266.58878493062014,75.6,5.0,12.7,12.1,173.1645955,201.31994502200115,128.91994502200117,0.9,0.3,2.0,1.7,0.0,0.0001506937983322132
271828,77,Ring8,10,1,355.4312,266.83123467562433,83.6,5.0,14.0,13.6,140.1770496,216.75298772738984,133.8529877273898,0.7,0.2,2.4,1.5,0.6,0.00034675624328883714
271828,78,I,16,1,271.22425,224.84924964321536,41.375,5.0,6.9375,6.6875,127.094791625,129.34479164316588,90.5322916431659,0.875,0.3125,2.6875,1.6875,0.5,5.7085539992840495e-06
271828,78,J,16,1,243.05725,192.55727048108832,45.5,5.0,7.625,7.375,125.23299225,127.10799225762912,82.92049225762909,0.6875,0.3125,2.5625,1.75,0.5,0.00032769741301308386
271828,78,Jplus,16,1,234.58,191.7675276553636,37.8125,5.0,6.375,5.9375,87.517504375,88.64250437867419,58.89250437867419,0.8125,0.625,2.0625,1.5,0.0,0.0004424858175298141
271828,78,Ring8,16,1,258.0153125,209.5153370677361,43.5,5.0,7.3125,6.9375,129.8786996875,131.75369965716988,89.50369965716986,0.625,0.375,2.5625,1.5625,0.5,0.00039308377790803206
271828,79,I,16,1,235.6079375,195.7329379650717,34.875,5.0,5.875,5.5,111.066096125,111.81609613891405,80.25359613891406,0.75,0.3125,2.375,1.375,0.5,7.441147317877039e-06
271828,79,J,16,1,241.8913125,199.70383037291043,37.1875,5.0,6.25,5.9375,77.0293071875,77.7793072180533,48.71680721805332,0.9375,0.625,2.75,1.5625,0.4375,0.00028596656693480327
271828,79,Jplus,16,1,236.652625,198.84014579767626,32.8125,5.0,5.5,5.3125,70.1973994375,70.94739942409242,47.07239942409242,0.9375,0.875,2.0,1.125,0.0,0.00033276282010774594
271828,79,Ring8,16,1,210.9724375,172.59745801970803,33.375,5.0,5.6875,4.9375,57.0848595625,57.83485954185456,33.89735954185457,1.0,0.6875,2.5625,1.5,0.3125,0.0003283153282609419
271828,80,I,12,1,335.41041666666666,273.7437382829898,56.666666666666664,5.0,9.5,9.166666666666666,151.50144600000002,179.23975139593858,124.23975139593854,0.75,0.5,2.25,1.3333333333333333,0.5833333333333334,0.00014060412286198698
271828,80,J,12,1,327.7060833333333,257.6227372490711,65.08333333333333,5.0,10.916666666666666,10.5,157.42259683333333,177.3853881386126,114.30205480527924,0.75,0.4166666666666667,2.5,1.5833333333333333,0.6666666666666666,0.00015301114626709023
271828,80,Jplus,12,1,338.567,274.73362813534214,58.833333333333336,5.0,9.833333333333334,9.666666666666666,117.93449858333334,157.81737347872755,103.4840401453942,0.9166666666666666,0.4166666666666667,1.9166666666666667,1.3333333333333333,0.0,0.00046237589413067326
271828,80,Ring8,12,1,340.35425000000004,265.1876190724227,70.16666666666667,5.0,11.75,11.416666666666666,138.79490941666668,174.05307502640207,107.30307502640204,0.8333333333333334,0.5833333333333334,2.5833333333333335,1.5833333333333333,0.5,0.00042886907249339856
271828,81,I,15,1,265.36706666666663,218.7004067642204,41.666666666666664,5.0,7.0,6.666666666666667,124.11674,143.9142182317076,104.44755156504091,0.5333333333333333,0.4,2.8666666666666667,1.8,0.5333333333333333,0.00010146330578209017
271828,81,J,15,1,271.815,222.81502753493078,44.0,5.0,7.4,7.0,123.71293453333332,139.88460058511427,97.21793391844761,0.5333333333333333,0.3333333333333333,2.6666666666666665,1.6,0.5333333333333333,0.00041302396175524336
271828,81,Jplus,15,1,256.01466666666664,213.6813314940527,37.333333333333336,5.0,6.266666666666667,6.0,89.08943306666667,124.50426060223818,89.17092726890483,0.8,0.3333333333333333,1.9333333333333333,1.5333333333333334,0.0,2.758920936685172e-05
271828,81,Ring8,15,1,272.2892,222.3558563516288,44.93333333333333,5.0,7.533333333333333,7.266666666666667,81.8505562,141.3022765753015,96.96894324196818,0.6,0.26666666666666666,2.8666666666666667,2.0,0.5333333333333333,0.00015472556833628914
271828,82,I,13,1,285.55853846153843,227.40471009494115,53.15384615384615,5.0,8.923076923076923,8.538461538461538,133.3732103846154,158.450133426111,110.21936419534177,0.9230769230769231,0.46153846153846156,2.6923076923076925,1.8461538461538463,0.6153846153846154,0.00023123423488868866
271828,82,J,13,1,275.16746153846157,204.47513579771106,65.6923076923077,5.0,11.0,10.692307692307692,142.80355192307692,167.7546054455093,105.29306698397085,0.7692307692307693,0.46153846153846156,2.923076923076923,1.9230769230769231,0.6153846153846154,0.0002346297565054556
271828,82,Jplus,13,1,271.7593076923077,205.22083911384422,61.53846153846154,5.0,10.307692307692308,10.0,130.52057523076923,151.71699799093383,95.48622876016458,1.0,0.46153846153846156,2.230769230769231,1.8461538461538463,0.0,9.152002530754544e-05
271828,82,Ring8,13,1,278.49546153846154,207.8031623106889,65.6923076923077,5.0,11.0,10.692307692307692,139.91698292307692,165.33727828813315,103.72189367274852,0.8461538461538461,0.46153846153846156,3.076923076923077,2.076923076923077,0.6153846153846154,0.00011003895588146406
271828,83,I,15,1,269.4789333333334,222.21227356645267,42.266666666666666,5.0,7.133333333333334,6.6,116.60467733333333,138.16820326916636,101.43486993583305,0.6666666666666666,0.6,2.4,1.4,0.4666666666666667,0.00010349678996135481
271828,83,J,15,1,286.4768666666667,232.54355077172997,48.93333333333333,5.0,8.2,7.933333333333334,133.5670768,135.16707681605092,89.50041014938432,0.7333333333333333,0.5333333333333333,2.3333333333333335,1.3333333333333333,0.5333333333333333,0.00026157594948017504
271828,83,Jplus,15,1,260.6120666666667,211.14540869816557,44.46666666666667,5.0,7.466666666666667,7.133333333333334,110.67718306666667,127.12588874166106,85.45922207499439,0.7333333333333333,0.5333333333333333,1.9333333333333333,1.5333333333333334,0.0,0.00013047248330622097
271828,83,Ring8,15,1,271.7058666666667,214.50587629011014,52.2,5.0,8.733333333333333,8.533333333333333,110.32349653333334,136.39767266970344,89.86433933637007,0.8,0.6,2.933333333333333,1.9333333333333333,0.5333333333333333,0.0001443516516701493
271828,84,I,12,1,360.2356666666667,297.90234853015033,57.333333333333336,5.0,9.666666666666666,9.0,122.02678166666668,174.1640260831147,120.9140260831147,0.8333333333333334,0.4166666666666667,2.9166666666666665,1.3333333333333333,0.6666666666666666,0.00018236180358144338
271828,84,J,12,1,361.8208333333334,291.15412791121645,65.66666666666667,5.0,11.083333333333334,10.25,143.58997191666666,166.05276324724812,107.3027632472481,0.8333333333333334,0.5,3.5,1.8333333333333333,0.6666666666666666,0.00046506540275004227
271828,84,Jplus,12,1,303.9153333333333,242.83197458830657,56.083333333333336,5.0,9.416666666666666,9.0,93.97170725000001,156.26103763165773,103.51103763165774,0.8333333333333334,0.4166666666666667,2.0,1.5833333333333333,0.0,0.0003049403212571633
271828,84,Ring8,12,1,339.4596666666667,264.7096643163565,69.75,5.0,11.666666666666666,11.416666666666666,152.38823741666667,174.1436436462765,105.47697697960983,0.75,0.25,2.75,1.75,0.6666666666666666,2.8203721740283072e-05
271828,85,I,13,1,309.0799230769231,254.46452849340068,49.61538461538461,5.0,8.307692307692308,8.076923076923077,132.8569913076923,156.54929903239483,110.93391441701024,1.0,0.46153846153846156,2.769230769230769,1.9230769230769231,0.6153846153846154,0.0001295857914556109
271828,85,J,13,1,285.648,224.18648735269412,56.46153846153846,5.0,9.461538461538462,9.153846153846153,134.5144093846154,157.1834791451188,101.26040222204186,0.7692307692307693,0.23076923076923078,2.4615384615384617,1.6153846153846154,0.6153846153846154,0.00033558502354935626
271828,85,Jplus,13,1,287.18807692307695,228.95728951292818,53.23076923076923,5.0,8.923076923076923,8.615384615384615,125.44365215384616,148.2771025434047,96.8155640818662,0.8461538461538461,0.3076923076923077,1.9230769230769231,1.6923076923076923,0.0,0.0002363319335927372
271828,85,Ring8,13,1,294.9432307692308,226.32782581904422,63.61538461538461,5.0,10.615384615384615,10.538461538461538,138.94544492307693,161.2573066888951,101.48807591966435,0.8461538461538461,0.46153846153846156,3.076923076923077,2.230769230769231,0.6153846153846154,0.00026435242534716963
271828,86,I,11,1,343.5672727272727,277.1127278993578,61.45454545454545,5.0,10.272727272727273,10.090909090909092,185.00150554545453,188.2742327826283,129.54696005535556,0.9090909090909091,0.45454545454545453,2.4545454545454546,1.8181818181818181,0.45454545454545453,6.892936198710231e-06
271828,86,J,11,1,356.00572727272726,280.18756432644903,70.81818181818181,5.0,11.909090909090908,11.272727272727273,181.38358063636363,185.20176245845826,119.01994427664008,0.8181818181818182,0.5454545454545454,2.272727272727273,1.0909090909090908,0.45454545454545453,0.00020759093922606553
271828,86,Jplus,11,1,370.75918181818184,296.9409850008365,68.81818181818181,5.0,11.545454545454545,11.090909090909092,172.17041027272728,175.9885921187174,112.8976830278083,0.9090909090909091,0.5454545454545454,1.9090909090909092,1.1818181818181819,0.0,0.00016499079811183037
271828,86,Ring8,11,1,350.8468181818182,265.9377365776522,79.9090909090909,5.0,13.363636363636363,13.090909090909092,150.98943372727274,193.92919927606087,117.20192654878811,0.9090909090909091,0.45454545454545453,2.6363636363636362,1.4545454545454546,0.7272727272727273,0.00010235417357762344
271828,87,I,14,1,296.6362142857143,246.99334845018416,44.642857142857146,5.0,7.5,7.142857142857143,105.18344364285714,147.04058646902314,106.18344361188029,0.7857142857142857,0.42857142857142855,2.357142857142857,1.5714285714285714,0.35714285714285715,0.00012169742194600985
271828,87,J,14,1,248.11392857142854,196.3996697514056,46.714285714285715,5.0,7.857142857142857,7.428571428571429,92.50369635714286,141.27109369913424,96.62823655627706,0.7142857142857143,0.2857142857142857,2.142857142857143,1.4285714285714286,0.35714285714285715,0.0003765196788663161
271828,87,Jplus,14,1,257.54,205.89715722433039,46.642857142857146,5.0,7.857142857142857,7.357142857142857,82.69003478571429,130.59435527729568,88.66578384872425,1.0,0.35714285714285715,2.142857142857143,1.7857142857142858,0.0,0.00020114062544962508
271828,87,Ring8,14,1,279.2995,220.29948686917774,54.0,5.0,9.071428571428571,8.642857142857142,122.92627728571428,151.84337793133858,100.91480650276718,0.6428571428571429,0.42857142857142855,2.5,1.5,0.5714285714285714,0.00018383151200396242
271828,88,I,13,1,298.8763076923077,238.49166199909055,55.38461538461539,5.0,9.307692307692308,8.846153846153847,158.5362300769231,158.53623008869883,109.22853778100655,1.0,0.5384615384615384,3.1538461538461537,2.1538461538461537,0.6153846153846154,0.00039401182266374235
271828,88,J,13,1,283.09092307692305,220.16786650736583,57.92307692307692,5.0,9.692307692307692,9.461538461538462,138.0548566153846,156.9435870248178,102.6358947171255,0.9230769230769231,0.38461538461538464,3.0,2.1538461538461537,0.6153846153846154,0.00026459575610715547
271828,88,Jplus,13,1,279.541,221.77175728416145,52.76923076923077,5.0,8.846153846153847,8.538461538461538,87.20465284615385,145.86812343661427,97.56043112892192,0.9230769230769231,0.38461538461538464,2.1538461538461537,1.9230769230769231,0.0,0.00015530590098933317
271828,88,Ring8,13,1,289.67715384615383,216.138691910814,68.53846153846153,5.0,11.461538461538462,11.23076923076923,148.7614933846154,170.13407356514801,108.0571504882249,0.8461538461538461,0.6153846153846154,3.3076923076923075,2.3846153846153846,0.6153846153846154,5.159417924005538e-06
271828,89,I,10,1,380.65999999999997,300.5599824778186,75.1,5.0,12.6,12.1,207.26894069999997,212.66894066959654,142.76894066959653,0.8,0.5,2.7,1.5,0.5,0.0001752218136061856
271828,89,J,10,1,404.7106,316.81056969155645,82.9,5.0,13.9,13.4,201.9852505,207.38525049729492,130.28525049729492,0.8,0.5,2.8,1.2,0.6,0.0003030844359273033
271828,89,Jplus,10,1,390.0407,306.3407126080995,78.7,5.0,13.2,12.7,194.8631989,201.4631989227572,128.4631989227572,0.9,0.5,2.1,1.3,0.0,0.00012608099495992064
271828,89,Ring8,10,1,391.1162,296.51617817415,89.6,5.0,15.1,14.1,146.009687,218.2871905028548,132.48719050285484,0.7,0.4,3.3,1.8,0.8,0.0002182584998990933
271828,90,I,13,1,317.4433076923077,261.05872397143605,51.38461538461539,5.0,8.615384615384615,8.307692307692308,139.40480892307693,162.83587264401925,113.6820264901731,0.8461538461538461,0.3076923076923077,2.6923076923076925,1.6923076923076923,0.6153846153846154,0.00041162866864397074
271828,90,J,13,1,315.2763076923077,257.1224458172048,53.15384615384615,5.0,8.923076923076923,8.538461538461538,95.61111584615385,159.29622751558298,108.4500736694291,0.6923076923076923,0.3076923076923077,2.769230769230769,1.6923076923076923,0.6153846153846154,0.00020437633747860673
271828,90,Jplus,13,1,309.0656153846154,255.45020225632788,48.61538461538461,5.0,8.153846153846153,7.846153846153846,83.0508066923077,144.34047769130737,98.34047769130736,0.9230769230769231,0.3076923076923077,2.0,1.6923076923076923,0.0,0.00037066773757032934
271828,90,Ring8,13,1,297.3432307692308,238.11246176106357,54.23076923076923,5.0,9.076923076923077,8.846153846153847,87.51417992307691,156.04163615747552,102.42625154209091,0.6923076923076923,0.23076923076923078,2.1538461538461537,1.3846153846153846,0.5384615384615384,2.893826604122296e-06
271828,91,I,16,1,248.7608125,204.26080633990603,39.5,5.0,6.625,6.375,128.452688875,129.95268889922403,93.51518889922401,0.8125,0.5,2.1875,1.4375,0.5,9.856150336418068e-05
271828,91,J,16,1,227.6158125,180.5533107624148,42.0625,5.0,7.0625,6.75,93.9749084375,102.55787597269826,66.37037597269827,0.875,0.6875,2.875,1.75,0.5,2.7801363103208132e-05
271828,91,Jplus,16,1,222.425625,179.23810254108412,38.1875,5.0,6.4375,6.0,83.9508739375,85.07587391175582,55.88837391175582,1.0,0.9375,2.25,1.625,0.0,0.000359342654064676
271828,91,Ring8,16,1,265.6040625,206.5415476253164,54.0625,5.0,9.0625,8.75,114.3952291875,115.52022919622294,72.14522919622297,0.9375,0.75,3.3125,1.9375,0.5,0.00023799493737897137
271828,92,I,10,1,372.7269,298.3269015746029,69.4,5.0,11.6,11.4,169.8593796,215.77205710334698,148.27205710334692,0.8,0.4,2.2,1.1,0.6,1.5746029475849355e-05
271828,92,J,10,1,365.81129999999996,287.21129084000404,73.6,5.0,12.3,12.1,181.502184,207.8519830131283,135.55198301312822,0.8,0.3,2.3,1.4,0.5,9.159995943264221e-05
271828,92,Jplus,10,1,350.98560000000003,274.2855896468651,71.7,5.0,12.0,11.7,166.6767478,198.28917625421641,128.8891762542164,0.9,0.3,2.0,1.5,0.0,0.00010353134939578013
271828,92,Ring8,10,1,366.0259,280.82591298863684,80.2,5.0,13.4,13.2,165.9545529,210.63849377521782,132.43849377521786,0.8,0.5,2.4,1.3,0.8,0.00012988636854061042
271828,93,I,15,1,263.106,215.63932945102846,42.46666666666667,5.0,7.133333333333334,6.8,92.30832253333332,134.7811000415919,96.91443337492525,0.9333333333333333,0.5333333333333333,2.6,1.8,0.5333333333333333,5.823457331644022e-05
271828,93,J,15,1,254.23713333333333,201.97047968022747,47.266666666666666,5.0,7.933333333333334,7.6,132.95623766666665,132.95623764783824,88.08957098117159,0.7333333333333333,0.4666666666666667,2.4,1.4666666666666666,0.5333333333333333,0.00019520341220413684
271828,93,Jplus,15,1,247.3726,198.23923708464244,44.13333333333333,5.0,7.4,7.133333333333334,124.81216866666666,125.21216866987463,83.87883533654127,0.8,0.4666666666666667,1.8666666666666667,1.4666666666666666,0.0,0.0004437303632585099
271828,93,Ring8,15,1,253.8998,201.89976692787909,47.0,5.0,7.866666666666666,7.666666666666667,106.69709200000001,135.50645744246927,90.30645744246925,0.7333333333333333,0.4,2.3333333333333335,1.4666666666666666,0.5333333333333333,0.0004960818137078604
271828,94,I,15,1,314.0078666666667,263.2078855466871,45.8,5.0,7.733333333333333,7.133333333333334,138.81892340000002,140.81892341296086,100.21892341296089,0.8666666666666667,0.4,2.6,1.4666666666666666,0.5333333333333333,0.00028320030605755164
271828,94,J,15,1,277.89753333333334,217.23086042581224,55.666666666666664,5.0,9.333333333333334,9.0,124.43064046666667,141.5039630819619,90.30396308196188,0.8,0.5333333333333333,3.0,2.0,0.5333333333333333,9.361281627207063e-05
271828,94,Jplus,15,1,274.55486666666667,219.75485233560602,49.8,5.0,8.333333333333334,8.133333333333333,109.51783186666667,128.15871202192204,83.09204535525538,0.9333333333333333,0.4666666666666667,2.0,1.6666666666666667,0.0,0.00021496590989045217
271828,94,Ring8,15,1,288.55353333333335,227.6201911117326,55.93333333333333,5.0,9.4,8.933333333333334,120.95979286666667,136.76802159058886,85.03468825725555,0.8666666666666667,0.4666666666666667,2.7333333333333334,1.7333333333333334,0.5333333333333333,0.0001333240111307532
271828,95,I,14,1,267.55242857142855,217.9095774470438,44.642857142857146,5.0,7.5,7.142857142857143,124.68324435714285,146.68324436999026,104.18324436999028,0.8571428571428571,0.2857142857142857,2.5,1.7857142857142858,0.5714285714285714,8.425861324212747e-05
271828,95,J,14,1,271.35328571428573,215.63898496731002,50.714285714285715,5.0,8.5,8.214285714285714,127.45631407142857,144.99584950274422,98.99584950274418,0.8571428571428571,0.5,2.7857142857142856,2.0,0.5714285714285714,0.00021045765970484354
271828,95,Jplus,14,1,264.23464285714283,212.37753269531868,46.857142857142854,5.0,7.857142857142857,7.571428571428571,114.57012214285714,133.58055464285454,90.93769749999738,0.8571428571428571,0.42857142857142855,2.142857142857143,1.8571428571428572,0.0,0.00045773446163366316
271828,95,Ring8,14,1,262.90621428571427,203.26332549939124,54.642857142857146,5.0,9.142857142857142,8.928571428571429,117.66372535714287,149.43886794395954,96.22458222967381,0.7142857142857143,0.42857142857142855,3.0,2.0714285714285716,0.5714285714285714,0.000443008522324817
271828,96,I,11,1,338.1429090909091,272.23380577302777,60.90909090909091,5.0,10.181818181818182,10.0,130.87904327272727,191.24267959819827,132.5154068709255,0.9090909090909091,0.36363636363636365,2.909090909090909,2.090909090909091,0.7272727272727273,0.00013649669472215464
271828,96,J,11,1,337.611,268.5200610248518,64.0909090909091,5.0,10.727272727272727,10.454545454545455,112.84136672727273,186.39409428178732,122.48500337269643,0.6363636363636364,0.18181818181818182,2.6363636363636362,1.5454545454545454,0.7272727272727273,0.00032872662995941937
271828,96,Jplus,11,1,342.89481818181815,275.07664627569875,62.81818181818182,5.0,10.545454545454545,10.090909090909092,126.30392809090908,174.22274545725446,113.40456363907265,0.8181818181818182,0.2727272727272727,2.1818181818181817,1.8181818181818181,0.0,0.00010903268639594899
271828,96,Ring8,11,1,360.0263636363636,283.11724275333063,71.9090909090909,5.0,12.090909090909092,11.454545454545455,144.274279,190.75056323959913,120.84147233050817,0.6363636363636364,0.2727272727272727,2.727272727272727,1.3636363636363635,0.7272727272727273,0.000329713363043993
271828,97,I,15,1,269.07239999999996,223.53908568541232,40.53333333333333,5.0,6.8,6.533333333333333,116.14243446666666,137.4627095751114,99.86270957511141,0.7333333333333333,0.4666666666666667,2.2,1.4666666666666666,0.4,0.00028528118491522036
271828,97,J,15,1,273.9872666666667,222.1206218927292,46.86666666666667,5.0,7.866666666666666,7.533333333333333,114.990067,132.17410818496154,88.50744151829488,0.8,0.3333333333333333,2.8666666666666667,2.0,0.5333333333333333,0.00032839093773873174
271828,97,Jplus,15,1,277.8158666666667,231.94921895668784,40.86666666666667,5.0,6.866666666666666,6.533333333333333,103.13046613333333,120.72892905072672,82.92892905072671,0.8666666666666667,0.3333333333333333,1.8666666666666667,1.6,0.0,0.0002843503175427031
271828,97,Ring8,15,1,260.2930666666667,208.5597288501367,46.733333333333334,5.0,7.866666666666666,7.4,104.0996032,135.08819594166778,89.95486260833444,0.7333333333333333,0.3333333333333333,2.466666666666667,1.6666666666666667,0.5333333333333333,6.724794957335689e-05
271828,98,I,16,1,223.34275,178.34273829620184,40.0,5.0,6.6875,6.5625,98.0672644375,98.81726444750333,63.75476444750333,0.875,0.5,2.5625,1.8125,0.5,0.0001872607704171969
271828,98,J,16,1,248.538375,196.60086705616493,46.9375,5.0,7.875,7.5625,106.8080040625,107.55800404580113,68.80800404580111,0.875,0.625,2.5625,1.875,0.25,0.00012710136115856585
271828,98,Jplus,16,1,250.2424375,198.4924523964911,46.75,5.0,7.8125,7.6875,104.547967375,105.29796738969478,66.73546738969476,1.0,0.625,2.5,2.1875,0.0,0.00023834385774534894
271828,98,Ring8,16,1,235.6465,184.58402992204756,46.0625,5.0,7.75,7.3125,106.1876126875,107.31261271556646,67.12511271556644,0.875,0.6875,2.75,1.875,0.5,0.00047875276095510344
271828,99,I,12,1,303.6895,241.2728478104807,57.416666666666664,5.0,9.583333333333334,9.5,125.54163375,174.87944177598357,118.6294417759836,0.8333333333333334,0.3333333333333333,2.3333333333333335,1.4166666666666667,0.6666666666666666,0.00017372576849083998
271828,99,J,12,1,320.99625,250.57958926861352,65.41666666666667,5.0,11.0,10.416666666666666,147.06255925,169.61505025565478,109.3650502556548,0.9166666666666666,0.5833333333333334,2.75,1.5833333333333333,0.6666666666666666,7.122336228349013e-05
271828,99,Jplus,12,1,311.80316666666664,244.8031734203245,62.0,5.0,10.416666666666666,9.916666666666666,138.39728983333333,159.36008115684498,103.44341449017827,1.0,0.6666666666666666,2.1666666666666665,1.6666666666666667,0.0,8.104389416985214e-05
271828,99,Ring8,12,1,341.30108333333334,263.3844535253658,72.91666666666667,5.0,12.25,11.666666666666666,156.60362275,175.22193143834457,108.97193143834458,0.9166666666666666,0.6666666666666666,3.0833333333333335,1.75,0.6666666666666666,0.00044230439016246237
271828,100,I,15,1,293.6292,246.29586315900863,42.333333333333336,5.0,7.133333333333334,6.666666666666667,96.76238213333333,136.22904877532318,98.82904877532317,0.8666666666666667,0.5333333333333333,2.466666666666667,1.4666666666666666,0.5333333333333333,5.261487058305647e-05
271828,100,J,15,1,296.1143333333333,242.78100199451958,48.333333333333336,5.0,8.133333333333333,7.666666666666667,116.92944000000001,132.49967307585538,91.89967307585538,0.8666666666666667,0.5333333333333333,3.1333333333333333,1.8666666666666667,0.5333333333333333,2.9917793654021807e-05
271828,100,Jplus,15,1,265.94440000000003,220.41105499661958,40.53333333333333,5.0,6.8,6.533333333333333,101.7243842,120.09461725399724,83.42795058733057,0.9333333333333333,0.5333333333333333,2.0,1.7333333333333334,0.0,0.0001750507062752149
271828,100,Ring8,15,1,276.6623333333334,218.59563667495527,53.06666666666667,5.0,8.933333333333334,8.4,109.19805173333333,138.85554188058325,89.25554188058325,0.8,0.4666666666666667,3.0,2.066666666666667,0.5333333333333333,0.00044987567116550053
271828,101,I,13,1,344.83353846153847,289.52581573133057,50.30769230769231,5.0,8.461538461538462,8.0,108.9368056923077,156.7740617614573,110.46636945376498,0.8461538461538461,0.46153846153846156,2.3076923076923075,1.0,0.6153846153846154,0.0003954927028644306
271828,101,J,13,1,293.26376923076924,235.72531389929475,52.53846153846154,5.0,8.846153846153847,8.307692307692308,99.05412638461539,155.3750965957666,105.45201967268969,0.7692307692307693,0.3076923076923077,2.6153846153846154,1.4615384615384615,0.6153846153846154,8.069083150985534e-05
271828,101,Jplus,13,1,310.8128461538462,256.2743524526144,49.53846153846154,5.0,8.307692307692308,8.0,118.98211369230769,142.02469029862613,95.48622876016458,1.0,0.3076923076923077,1.9230769230769231,1.5384615384615385,0.0,0.0004181160134066886
271828,101,Ring8,13,1,308.13784615384617,246.67631818582745,56.46153846153846,5.0,9.461538461538462,9.153846153846153,83.744547,156.18150563997446,102.02765948612831,0.7692307692307693,0.3076923076923077,2.769230769230769,1.7692307692307692,0.6153846153846154,0.00013641575696965447
271828,102,I,14,1,268.3418571428571,219.62756602043896,43.714285714285715,5.0,7.357142857142857,6.928571428571429,85.03243214285715,143.68298577590713,104.18298577590714,0.7142857142857143,0.5714285714285714,2.5,1.4285714285714286,0.5714285714285714,7.571385458504665e-05
271828,102,J,14,1,270.69757142857145,214.84043224646194,50.857142857142854,5.0,8.571428571428571,8.0,125.67382328571429,142.86480521899543,96.22194807613828,0.7142857142857143,0.5,3.0,1.9285714285714286,0.5714285714285714,5.1450467253744137e-05
271828,102,Jplus,14,1,265.2015,212.91580404204882,47.285714285714285,5.0,7.928571428571429,7.642857142857143,113.53537200000001,132.85053115858645,90.63624544430071,0.8571428571428571,0.5,2.357142857142857,2.0714285714285716,0.0,0.0002565886834418052
271828,102,Ring8,14,1,272.635,216.99213221886774,50.642857142857146,5.0,8.5,8.142857142857142,72.14674507142857,141.35903878393776,93.2876102125092,0.7142857142857143,0.5,2.857142857142857,1.9285714285714286,0.5714285714285714,0.00014893585148456623
271828,103,I,12,1,307.14050000000003,245.97381978570886,56.166666666666664,5.0,9.416666666666666,9.083333333333334,176.27566000000002,177.77566002309445,125.1089933564278,0.8333333333333334,0.4166666666666667,2.1666666666666665,1.25,0.6666666666666666,0.0001625714940018952
271828,103,J,12,1,337.0869166666667,270.0035558716227,62.083333333333336,5.0,10.416666666666666,10.0,147.67224858333333,174.1434534626247,116.64345346262472,0.75,0.5833333333333334,2.75,1.4166666666666667,0.6666666666666666,0.0003295405272183416
271828,103,Jplus,12,1,306.41908333333333,240.75240061705412,60.666666666666664,5.0,10.166666666666666,9.833333333333334,142.80003491666668,163.7628262518525,106.42949291851913,0.9166666666666666,0.4166666666666667,2.1666666666666665,1.8333333333333333,0.0,0.000192595350654301
271828,103,Ring8,12,1,312.06558333333334,241.48222829059046,65.58333333333333,5.0,11.0,10.583333333333334,127.42635141666666,183.26370994889453,119.34704328222786,0.6666666666666666,0.4166666666666667,2.6666666666666665,1.5833333333333333,0.6666666666666666,0.00026051291433759616
271828,104,I,14,1,286.25214285714287,234.3949868600401,46.857142857142854,5.0,7.857142857142857,7.571428571428571,123.94240607142856,147.11272216709162,104.18415073852022,0.7857142857142857,0.5714285714285714,2.2142857142857144,1.4285714285714286,0.42857142857142855,0.0001839594388002297
271828,104,J,14,1,305.35078571428573,245.85078519068534,54.5,5.0,9.142857142857142,8.785714285714286,130.36493685714285,150.17772842139465,101.17772842139459,0.7857142857142857,0.5714285714285714,3.0,2.0,0.5,7.330405423999764e-06
271828,104,Jplus,14,1,306.18364285714284,249.9693861034084,51.214285714285715,5.0,8.571428571428571,8.357142857142858,133.69639064285715,134.55353349778085,91.83924778349513,0.9285714285714286,0.6428571428571429,2.4285714285714284,1.7857142857142858,0.0,0.0004054477176396176
271828,104,Ring8,14,1,299.9765714285714,239.04803321956237,55.92857142857143,5.0,9.357142857142858,9.142857142857142,116.50923335714286,146.643714635294,95.5008574924369,0.7857142857142857,0.6428571428571429,2.642857142857143,1.9285714285714286,0.35714285714285715,0.0004650738737836946
271828,105,I,11,1,321.8471818181818,252.11994960054733,64.72727272727273,5.0,10.818181818181818,10.636363636363637,167.74389036363638,198.62710064572292,134.89982791845023,0.5454545454545454,0.45454545454545453,2.6363636363636362,1.6363636363636365,0.7272727272727273,0.0004456060205484391
271828,105,J,11,1,342.8545454545455,265.7636537759786,72.0909090909091,5.0,12.090909090909092,11.636363636363637,188.05301163636366,193.507557071877,123.6893752536951,0.8181818181818182,0.2727272727272727,2.5454545454545454,1.6363636363636365,0.7272727272727273,0.00019153576431563124
271828,105,Jplus,11,1,333.093,259.0930283121847,69.0,5.0,11.545454545454545,11.272727272727273,177.11429754545455,182.56884298873203,117.29611571600475,0.9090909090909091,0.36363636363636365,2.0,1.7272727272727273,0.0,0.0003114340311185515
271828,105,Ring8,11,1,331.0386363636364,247.67495868717316,78.36363636363636,5.0,13.090909090909092,12.909090909090908,151.3807120909091,196.2954281798522,118.74997363439769,0.7272727272727273,0.36363636363636365,2.6363636363636362,2.0,0.45454545454545453,0.00045444109537129407
271828,106,I,13,1,288.754,223.36938983336765,60.38461538461539,5.0,10.076923076923077,10.0,139.86763753846154,176.61543584716733,115.69235892409041,0.6153846153846154,0.23076923076923078,2.3076923076923075,1.5384615384615385,0.6153846153846154,6.783377921237843e-05
271828,106,J,13,1,271.49607692307694,209.80379859759017,56.69230769230769,5.0,9.461538461538462,9.384615384615385,155.9963103076923,157.84246416239128,104.15015647008362,0.7692307692307693,0.5384615384615384,2.3846153846153846,1.9230769230769231,0.23076923076923078,0.00038176867201400455
271828,106,Jplus,13,1,262.4626923076923,206.84727747966642,50.61538461538461,5.0,8.461538461538462,8.307692307692308,85.82003746153848,145.39615115753844,100.85768961907691,0.8461538461538461,0.6923076923076923,2.230769230769231,2.0,0.0,0.0003927643365386757
271828,106,Ring8,13,1,265.6023076923077,204.6023042525073,56.0,5.0,9.384615384615385,9.076923076923077,87.2369676923077,157.7513022294462,105.36668684483081,0.8461538461538461,0.46153846153846156,2.6153846153846154,1.8461538461538463,0.6153846153846154,4.4717404762195656e-05
271828,107,I,16,1,262.129875,220.1298974097898,37.0,5.0,6.25,5.75,109.2080723125,111.08307232335461,79.08307232335461,0.8125,0.5625,2.5,1.3125,0.5,0.00035855663645634195
271828,107,J,16,1,243.2830625,197.8455734445922,40.4375,5.0,6.8125,6.375,110.9468856875,120.92259940707629,82.79759940707626,0.6875,0.3125,2.5625,1.6875,0.5,0.00017511347505205777
271828,107,Jplus,16,1,240.564375,196.50189647427112,39.0625,5.0,6.5625,6.25,98.484488,107.37003077171707,74.24503077171707,0.8125,0.5625,2.0,1.5625,0.0,0.00034358833772785147
271828,107,Ring8,16,1,252.989375,204.05184979687292,43.9375,5.0,7.375,7.0625,126.3847875625,127.50978754774148,85.13478754774147,0.6875,0.375,2.6875,1.8125,0.5,0.0004032500332868949
271828,108,I,12,1,283.10616666666664,225.27283335193712,52.833333333333336,5.0,8.833333333333334,8.666666666666666,144.43242233333334,173.51598187104779,120.7659818710478,0.8333333333333334,0.16666666666666666,2.4166666666666665,1.5833333333333333,0.6666666666666666,2.2324547899188474e-07
271828,108,J,12,1,274.14074999999997,210.55743116730403,58.583333333333336,5.0,9.833333333333334,9.416666666666666,122.13535591666665,168.0265021913098,110.94316885797646,0.75,0.25,2.3333333333333335,1.5,0.6666666666666666,0.00017400764863850782
271828,108,Jplus,12,1,264.84774999999996,205.51438368183588,54.333333333333336,5.0,9.083333333333334,8.916666666666666,113.36291408333334,160.76348495547376,106.59681828880707,0.75,0.16666666666666666,1.5833333333333333,1.4166666666666667,0.0,0.00039581796909260447
271828,108,Ring8,12,1,294.89866666666666,224.31537253277713,65.58333333333333,5.0,11.0,10.583333333333334,162.74177808333334,185.80647041559303,119.55647041559304,0.5,0.25,2.5,1.5833333333333333,0.6666666666666666,0.0004703933254859294
271828,109,I,15,1,253.63706666666667,205.70376194653898,42.93333333333333,5.0,7.2,6.933333333333334,111.2159616,140.00154930067592,99.93488263400926,0.7333333333333333,0.3333333333333333,2.533333333333333,1.8666666666666667,0.3333333333333333,0.0004291980844755017
271828,109,J,15,1,223.415,179.14830144285935,39.266666666666666,5.0,6.6,6.266666666666667,47.12172773333334,123.01949657351709,86.08616324018377,0.8,0.4,2.2666666666666666,1.7333333333333334,0.4,0.0004783571098414541
271828,109,Jplus,15,1,212.18926666666667,171.5226061640548,35.666666666666664,5.0,6.0,5.666666666666667,42.79286286666666,116.45469141243562,83.85469141243563,0.8666666666666667,0.4,1.6666666666666667,1.5333333333333334,0.0,9.246082208846929e-05
271828,109,Ring8,15,1,220.3307333333333,173.19742403684,42.13333333333333,5.0,7.066666666666666,6.8,48.8670896,128.1342344255064,88.53423442550638,0.7333333333333333,0.4,2.3333333333333335,1.6,0.5333333333333333,0.00036055260034117964
271828,110,I,16,1,248.686125,204.93614216392808,38.75,5.0,6.5625,5.9375,111.9529283125,112.7029283382318,79.64042833823181,0.75,0.5,3.0625,1.9375,0.5,0.0002746228492469527
271828,110,J,16,1,235.339125,195.21414499288213,35.125,5.0,5.9375,5.4375,99.6094860625,113.38070960991575,81.19320960991577,0.75,0.3125,2.375,1.375,0.5,0.00031988611408451106
271828,110,Jplus,16,1,240.8796875,200.5046778812822,35.375,5.0,5.9375,5.6875,99.3267044375,100.07670444478575,69.26420444478575,0.75,0.5625,2.0,1.5625,0.0,0.00015389948475785786
271828,110,Ring8,16,1,237.3145,195.18952973456877,37.125,5.0,6.25,5.875,92.2951795625,102.4783050318096,67.79080503180958,0.5625,0.3125,2.75,1.625,0.5,0.00047575310009051464
271828,111,I,16,1,245.2735,202.64848542581234,37.625,5.0,6.3125,6.0625,120.39930875,123.02430873388397,91.71180873388398,0.875,0.5625,2.5,1.625,0.5,0.000233187002777413
271828,111,J,16,1,231.525375,186.21287585918716,40.3125,5.0,6.75,6.5625,119.9790315,121.8540315058277,84.91653150582769,0.875,0.375,2.375,1.6875,0.5,1.3746994682151126e-05
271828,111,Jplus,16,1,221.9594375,181.08440864920127,35.875,5.0,6.0,5.875,112.0523218125,114.67732183133796,80.05232183133798,0.8125,0.3125,1.625,1.5,0.0,0.0004616127798726666
271828,111,Ring8,16,1,235.5098125,185.1347908256599,45.375,5.0,7.625,7.25,123.2911009375,125.16610090794482,83.85360090794484,0.75,0.4375,2.5,1.625,0.5,0.00034678944166444126
271828,112,I,14,1,301.62600000000003,249.05458960549126,47.57142857142857,5.0,8.0,7.571428571428571,102.24793564285714,145.8193642410224,103.1050785267367,0.9285714285714286,0.6428571428571429,2.642857142857143,1.6428571428571428,0.5714285714285714,0.00025447687767155003
271828,112,J,14,1,295.44478571428573,237.01624913760512,53.42857142857143,5.0,9.0,8.428571428571429,111.48027235714287,146.559343163397,99.13077173482554,0.9285714285714286,0.5714285714285714,2.7857142857142856,1.7142857142857142,0.5714285714285714,0.0004879264715782483
271828,112,Jplus,14,1,297.25607142857143,241.68460776921083,50.57142857142857,5.0,8.5,8.071428571428571,97.22957021428572,132.3086409915814,88.66578384872423,1.0,0.7142857142857143,2.2857142857142856,1.7142857142857142,0.0,0.0004912310482723115
271828,112,Ring8,14,1,307.65628571428573,244.4420192710664,58.214285714285715,5.0,9.785714285714286,9.285714285714286,122.05995307142858,139.23688700378742,86.7368870037874,0.9285714285714286,0.7142857142857143,2.9285714285714284,2.142857142857143,0.2857142857142857,0.0002697949298635649
271828,113,I,10,1,359.5714,284.3713894262049,70.2,5.0,11.8,11.2,147.6116101,217.59432467478,147.69432467478,0.6,0.4,2.6,1.5,0.8,0.00010573795088930638
271828,113,J,10,1,331.9846,249.88456488847106,77.1,5.0,12.9,12.6,185.80468000000002,211.17580667857092,133.67580667857095,0.6,0.2,2.7,1.8,0.6,0.00035111528950437787
271828,113,Jplus,10,1,326.2158,250.01583919596132,71.2,5.0,11.9,11.7,169.2295863,195.83641952106592,125.33641952106589,0.8,0.3,1.7,1.5,0.0,0.00039195961335281027
271828,113,Ring8,10,1,353.7679,266.76788639749617,82.0,5.0,13.7,13.5,136.4442674,212.10496065804287,129.30496065804286,0.6,0.2,2.8,1.9,0.7,0.00013602503850052017
271828,114,I,10,1,337.6092,257.4092352481184,75.2,5.0,12.6,12.2,180.2424929,229.85981616092994,155.05981616092998,0.5,0.4,2.2,1.3,0.6,0.0003524811841089104
271828,114,J,10,1,324.9274,236.32736199903715,83.6,5.0,14.0,13.6,182.1510965,216.12030083963987,135.12030083963984,0.7,0.4,2.7,1.9,0.6,0.00038000962831574725
271828,114,Jplus,10,1,342.8953,257.1952726115327,80.7,5.0,13.5,13.2,171.3556603,201.31100990991985,125.91100990991985,0.9,0.4,2.2,1.9,0.0,0.0002738846733336686
271828,114,Ring8,10,1,347.2803,253.0802553061398,89.2,5.0,14.9,14.7,185.292597,214.46038455817194,128.56038455817193,0.7,0.4,2.2,1.7,0.3,0.00044693860172628774
271828,115,I,12,1,325.794,263.54396414308013,57.25,5.0,9.583333333333334,9.333333333333334,148.4035925,175.73812876293584,120.98812876293579,0.8333333333333334,0.4166666666666667,1.75,1.1666666666666667,0.3333333333333333,0.00043028303798564593
271828,115,J,12,1,335.50416666666666,266.004173320171,64.5,5.0,10.833333333333334,10.333333333333334,180.96135800000002,182.46135802512435,120.29469135845773,0.75,0.25,2.4166666666666665,1.1666666666666667,0.6666666666666666,7.984205194588867e-05
271828,115,Jplus,12,1,331.37308333333334,265.3730983835913,61.0,5.0,10.25,9.75,161.51201541666669,163.0120154090932,106.17868207575987,0.9166666666666666,0.4166666666666667,1.8333333333333333,1.1666666666666667,0.0,0.00018060309548673104
271828,115,Ring8,12,1,332.8155,257.2321739483054,70.58333333333333,5.0,11.833333333333334,11.416666666666666,181.85708366666665,183.35708362706444,115.69041696039778,0.75,0.4166666666666667,2.5833333333333335,1.25,0.6666666666666666,8.737966481930926e-05
271828,116,I,15,1,257.95046666666667,209.61716602431383,43.333333333333336,5.0,7.266666666666667,7.0,135.74076926666666,136.54076923963277,97.14076923963279,0.8666666666666667,0.5333333333333333,2.3333333333333335,1.4,0.5333333333333333,0.0004903647072751482
271828,116,J,15,1,245.27653333333333,193.8765098813184,46.4,5.0,7.8,7.4,129.76123146666666,130.16123149364253,85.3612314936425,0.7333333333333333,0.2,2.1333333333333333,1.3333333333333333,0.5333333333333333,0.00035178022380932816
271828,116,Jplus,15,1,267.25006666666667,218.05006259785785,44.2,5.0,7.4,7.2,123.94481613333333,125.14481616548511,83.41148283215176,0.8,0.26666666666666666,1.7333333333333334,1.4666666666666666,0.0,6.1032132634863956e-05
271828,116,Ring8,15,1,261.05713333333335,202.5238056488365,53.53333333333333,5.0,9.0,8.533333333333333,132.83003986666665,135.23003988262116,85.23003988262118,0.8,0.4,2.6,1.7333333333333334,0.5333333333333333,8.473254729324253e-05
271828,117,I,10,1,406.03200000000004,327.1320366347271,73.9,5.0,12.4,11.9,213.8589933,213.85899332797726,143.95899332797725,0.9,0.6,2.4,1.3,0.5,0.00036634727075579576
271828,117,J,10,1,404.4177,318.2177487883126,81.2,5.0,13.6,13.2,183.07903770000001,208.23438723945029,130.03438723945027,0.9,0.5,2.5,1.3,0.7,0.00048788312551550916
271828,117,Jplus,10,1,399.38710000000003,317.18709718874777,77.2,5.0,12.9,12.7,176.9743429,202.12969247523148,127.92969247523146,0.9,0.5,1.8,1.4,0.0,2.811252215906279e-05
271828,117,Ring8,10,1,417.3522,319.9522464517287,92.4,5.0,15.5,14.9,176.0057951,219.55103278821267,132.2510327882126,0.8,0.7,3.1,1.5,0.8,0.0004645172866730718
271828,118,I,13,1,305.41776923076924,249.03313300693085,51.38461538461539,5.0,8.615384615384615,8.307692307692308,160.1931716153846,160.19317162098272,113.2700946979058,0.9230769230769231,0.6923076923076923,3.0,1.8461538461538463,0.6153846153846154,0.0002709098989726044
271828,118,J,13,1,274.2066153846154,216.36047342060425,52.84615384615385,5.0,8.846153846153847,8.615384615384615,135.36539146153845,157.02335265203655,104.79258342126731,0.6923076923076923,0.23076923076923078,2.769230769230769,1.8461538461538463,0.6153846153846154,0.00015446785528183682
271828,118,Jplus,13,1,275.09423076923076,222.78657177325016,47.30769230769231,5.0,7.923076923076923,7.6923076923076925,119.42525207692307,142.00629023448775,95.62167484987236,0.8461538461538461,0.15384615384615385,1.8461538461538463,1.5384615384615385,0.0,0.0004330522519921942
271828,118,Ring8,13,1,269.2480769230769,207.4019586588652,56.84615384615385,5.0,9.538461538461538,9.153846153846153,138.6528742307692,154.25063218297856,98.71217064451706,0.7692307692307693,0.23076923076923078,2.6923076923076925,1.7692307692307692,0.6153846153846154,0.0004625652477443509
271828,119,I,14,1,280.2412857142857,228.52697608865083,46.714285714285715,5.0,7.857142857142857,7.428571428571429,127.32032857142858,152.59041953378124,108.37613381949554,0.7142857142857143,0.35714285714285715,2.5,1.7142857142857142,0.35714285714285715,0.00033475888858447433
271828,119,J,14,1,271.96735714285717,216.68161469162573,50.285714285714285,5.0,8.428571428571429,8.142857142857142,124.54894285714285,143.09749662946828,95.38321091518262,0.7857142857142857,0.42857142857142855,2.2857142857142856,1.4285714285714286,0.42857142857142855,0.0003943172400795447
271828,119,Jplus,14,1,267.9212857142857,215.20699672608308,47.714285714285715,5.0,8.0,7.714285714285714,113.9119627142857,132.70865908359912,89.13723051217055,0.9285714285714286,0.5,1.8571428571428572,1.4285714285714286,0.0,4.583483723763493e-05
271828,119,Ring8,14,1,294.9908571428572,235.20512365665095,54.785714285714285,5.0,9.214285714285714,8.714285714285714,129.10498092857142,146.34924553978323,94.84924553978327,0.7142857142857143,0.42857142857142855,3.0,1.7857142857142858,0.5714285714285714,0.0002688068871066207
271828,120,I,13,1,273.28700000000003,220.51778766516716,47.76923076923077,5.0,8.0,7.769230769230769,162.76241476923076,163.685491690588,116.99318399828032,0.7692307692307693,0.3076923076923077,2.5384615384615383,1.7692307692307692,0.6153846153846154,0.00023964717274793657
271828,120,J,13,1,263.8487692307692,208.61802270231254,50.23076923076923,5.0,8.384615384615385,8.307692307692308,138.0901813846154,157.77384398276456,107.77384398276453,0.7692307692307693,0.23076923076923078,2.3846153846153846,1.6923076923076923,0.6153846153846154,0.0002951300630229525
271828,120,Jplus,13,1,252.14807692307693,201.53266906695234,45.61538461538461,5.0,7.615384615384615,7.538461538461538,124.58998046153846,144.40178781592638,98.94024935438789,0.8461538461538461,0.15384615384615385,1.6153846153846154,1.6153846153846154,0.0,0.00030212961974029895
271828,120,Ring8,13,1,265.35930769230765,205.59010132328584,54.76923076923077,5.0,9.153846153846153,9.0,72.57544038461539,155.97360765149364,101.74283842072442,0.8461538461538461,0.15384615384615385,2.8461538461538463,2.076923076923077,0.6153846153846154,0.0003172027159052959
271828,121,I,15,1,274.6424,222.10904167007087,47.53333333333333,5.0,7.933333333333334,7.866666666666666,134.9370314,136.53703141918305,94.67036475251638,0.9333333333333333,0.6666666666666666,2.8,1.8666666666666667,0.5333333333333333,0.0003749489374058612
271828,121,J,15,1,252.23573333333334,203.83571840176168,43.4,5.0,7.266666666666667,7.066666666666666,99.86303073333333,131.80349680320288,89.20349680320287,0.9333333333333333,0.13333333333333333,2.066666666666667,1.5333333333333334,0.5333333333333333,0.00022397357497538906
271828,121,Jplus,15,1,242.36126666666667,198.22793481775378,39.13333333333333,5.0,6.533333333333333,6.466666666666667,109.1492922,125.11952522249666,86.11952522249665,0.8666666666666667,0.13333333333333333,1.4,1.3333333333333333,0.0,2.226630658697104e-05
271828,121,Ring8,15,1,265.30626666666666,213.57291160024087,46.733333333333334,5.0,7.866666666666666,7.4,107.11260220000001,135.56515997130674,91.09849330464013,0.8,0.26666666666666666,2.533333333333333,1.6666666666666667,0.5333333333333333,0.00032599638689134736
271828,122,I,13,1,295.9928461538462,241.14666796913005,49.84615384615385,5.0,8.384615384615385,7.923076923076923,139.14708138461538,164.8668476694659,116.86684766946588,0.7692307692307693,0.38461538461538464,2.4615384615384617,1.5384615384615385,0.6153846153846154,0.00031640130964660784
271828,122,J,13,1,303.803,243.64918903486847,55.15384615384615,5.0,9.23076923076923,9.0,136.67115138461537,157.40603567053697,105.02142028592154,0.8461538461538461,0.46153846153846156,2.6923076923076925,1.6153846153846154,0.6153846153846154,0.00045745329043711536
271828,122,Jplus,13,1,291.1010769230769,236.1010962745784,50.0,5.0,8.384615384615385,8.076923076923077,121.38933030769232,143.04729150098686,96.12421457790991,0.9230769230769231,0.46153846153846156,1.8461538461538463,1.4615384615384615,0.0,0.0002515695191505074
271828,122,Ring8,13,1,291.43184615384615,224.35490615618352,62.07692307692308,5.0,10.384615384615385,10.153846153846153,137.63275346153847,156.2034999504117,97.81888456579632,0.8461538461538461,0.46153846153846156,3.0,1.9230769230769231,0.6153846153846154,0.00021996961413606186
271828,123,I,14,1,290.6465,236.9322094896467,48.714285714285715,5.0,8.142857142857142,8.0,125.66673621428572,149.37721178891272,103.80578321748418,0.7857142857142857,0.5714285714285714,2.5714285714285716,1.8571428571428572,0.5714285714285714,6.714494611514965e-05
271828,123,J,14,1,277.8912142857143,218.46267472859043,54.42857142857143,5.0,9.142857142857142,8.714285714285714,143.07108692857142,143.9282297805439,94.85680120911532,0.8571428571428571,0.5714285714285714,2.7857142857142856,1.7857142857142858,0.5714285714285714,0.0004462002661966835
271828,123,Jplus,14,1,284.0482857142857,229.83402871352837,49.214285714285715,5.0,8.285714285714286,7.785714285714286,115.35617057142858,134.35083208742944,89.99368923028656,0.8571428571428571,0.5714285714285714,2.0714285714285716,1.5714285714285714,0.0,0.0004019893972326827
271828,123,Ring8,14,1,284.3642142857143,217.64994311266656,61.714285714285715,5.0,10.357142857142858,9.928571428571429,149.78176778571427,150.63891062526127,93.99605348240412,0.7857142857142857,0.6428571428571429,3.0714285714285716,2.142857142857143,0.5714285714285714,0.00020357733183118398
271828,124,I,10,1,350.0424,272.64242507421875,72.4,5.0,12.1,11.9,157.0555209,220.50409758643167,150.00409758643167,0.9,0.4,2.3,1.7,0.5,0.0002507421877453453
271828,124,J,10,1,317.2047,231.70473243510165,80.5,5.0,13.5,13.0,181.57948879999998,221.77476270535607,140.9747627053561,0.6,0.2,2.3,1.5,0.8,0.00032435101638839114
271828,124,Jplus,10,1,305.3998,221.99976365726246,78.4,5.0,13.1,12.9,172.71399830000001,200.26934785500816,125.46934785500817,0.9,0.3,1.9,1.9,0.0,0.00036342737530503655
271828,124,Ring8,10,1,312.19960000000003,216.4996102024592,90.7,5.0,15.2,14.7,182.341457,218.82136222998224,132.4213622299822,0.8,0.4,3.1,2.3,0.7,0.00010202459179708967
271828,125,I,15,1,274.17,224.23668878263172,44.93333333333333,5.0,7.533333333333333,7.266666666666667,116.7758738,136.90920710629763,96.30920710629765,0.9333333333333333,0.5333333333333333,2.933333333333333,2.066666666666667,0.5333333333333333,0.0003317394757686998
271828,125,J,15,1,264.7974,210.9973797899312,48.8,5.0,8.2,7.8,136.1534738,137.75347376979232,91.28680710312564,0.8,0.3333333333333333,2.533333333333333,1.6,0.5333333333333333,0.0003031510318578512
271828,125,Jplus,15,1,261.1934,213.39339348531135,42.8,5.0,7.2,6.8,123.43611266666667,125.03611268757605,84.5027793542427,0.8,0.26666666666666666,1.5333333333333334,1.0666666666666667,0.0,9.772032944965758e-05
271828,125,Ring8,15,1,250.43653333333333,197.4365584041195,48.0,5.0,8.066666666666666,7.666666666666667,104.5864714,134.0719943427688,87.60532767610214,0.7333333333333333,0.26666666666666666,2.3333333333333335,1.5333333333333334,0.5333333333333333,0.0003760617928492138
271828,126,I,12,1,310.133,251.54967625453585,53.583333333333336,5.0,9.0,8.583333333333334,131.04477508333335,182.37810841294058,131.2947750796072,0.75,0.5,2.3333333333333335,1.3333333333333333,0.6666666666666666,0.00011505443035275675
271828,126,J,12,1,322.3546666666667,253.85468848163407,63.5,5.0,10.666666666666666,10.166666666666666,146.36024266666666,171.54282019909476,110.95948686576143,0.8333333333333334,0.4166666666666667,2.25,1.1666666666666667,0.6666666666666666,0.00026177960899076425
271828,126,Jplus,12,1,312.99741666666665,247.33076844969446,60.666666666666664,5.0,10.166666666666666,9.833333333333334,138.33471749999998,165.28417509704096,107.53417509704094,0.8333333333333334,0.5,1.75,1.3333333333333333,0.0,0.0002213963334725122
271828,126,Ring8,12,1,302.40024999999997,232.3168936879944,65.08333333333333,5.0,10.916666666666666,10.5,101.74837608333333,174.22171277792964,112.6383794445963,0.75,0.5,2.8333333333333335,1.8333333333333333,0.6666666666666666,0.00027574406703934073
271828,127,I,15,1,279.6462666666667,232.9129287235477,41.733333333333334,5.0,7.0,6.733333333333333,100.19266046666667,140.3530145538932,101.08634788722654,0.7333333333333333,0.4,2.2666666666666666,1.3333333333333333,0.5333333333333333,6.914678488101345e-05
271828,127,J,15,1,293.29353333333336,239.36020431942018,48.93333333333333,5.0,8.2,7.933333333333334,140.31510986666666,141.5151098775734,96.3151098775734,0.6666666666666666,0.5333333333333333,2.4,1.2666666666666666,0.5333333333333333,6.479130252046161e-05
271828,127,Jplus,15,1,259.0964,208.6963817280645,45.4,5.0,7.6,7.4,123.57977526666667,124.77977525359259,83.44644192025928,0.8,0.5333333333333333,1.8,1.4,0.0,0.0002740790323514375
271828,127,Ring8,15,1,257.79206666666664,203.05873401226765,49.733333333333334,5.0,8.333333333333334,8.066666666666666,124.3990268,140.0167356895626,91.81673568956258,0.6,0.4666666666666667,2.466666666666667,1.6,0.5333333333333333,1.0184015081904363e-05
271828,128,I,15,1,275.83446666666663,229.23445624988582,41.6,5.0,7.066666666666666,6.266666666666667,114.79337173333333,134.68364801996202,98.55031468662871,0.8666666666666667,0.5333333333333333,2.6666666666666665,1.4666666666666666,0.5333333333333333,0.00015625171226929524
271828,128,J,15,1,281.5396,229.2729040361516,47.266666666666666,5.0,7.933333333333334,7.6,115.51922160000001,132.28945462027463,89.28945462027465,0.9333333333333333,0.6,2.6,1.6666666666666667,0.5333333333333333,0.00043945772586084786
271828,128,Jplus,15,1,272.9148,223.1148260696504,44.8,5.0,7.533333333333333,7.133333333333334,105.51783186666667,122.68806492547598,82.75473159214263,1.0,0.6,2.2,1.9333333333333333,0.0,0.00039104475581552833
271828,128,Ring8,15,1,274.17699999999996,219.11031424620458,50.06666666666667,5.0,8.4,8.066666666666666,116.64112879999999,132.73577575477648,88.5357757547765,0.8666666666666667,0.4666666666666667,3.0,2.066666666666667,0.5333333333333333,0.0002863069312297739
271828,129,I,12,1,324.47825,263.72827964639424,55.75,5.0,9.333333333333334,9.083333333333334,151.05186866666665,180.9788685048991,125.56220183823244,0.6666666666666666,0.3333333333333333,2.1666666666666665,1.25,0.6666666666666666,0.00035575673064158764
271828,129,J,12,1,332.8070833333333,263.2237823583574,64.58333333333333,5.0,10.833333333333334,10.416666666666666,126.54785616666668,171.3047644427705,111.13809777610385,0.8333333333333334,0.6666666666666666,3.0,1.6666666666666667,0.6666666666666666,0.0003883002891598153
271828,129,Jplus,12,1,335.63783333333333,272.8044841516415,57.833333333333336,5.0,9.666666666666666,9.5,114.43449858333334,156.86008115684496,103.44341449017827,1.0,0.5,1.8333333333333333,1.3333333333333333,0.0,0.0001901803020700754
271828,129,Ring8,12,1,334.28558333333336,259.11893051419645,70.16666666666667,5.0,11.75,11.416666666666666,134.4471605,178.83069585398948,111.24736252065611,0.75,0.5,3.0833333333333335,2.1666666666666665,0.5,0.00016617035726085305
271828,130,I,10,1,403.36060000000003,324.46060338143326,73.9,5.0,12.4,11.9,214.5715922,219.37159223052063,150.2715922305206,0.7,0.5,2.6,1.3,0.6,3.3814332255133195e-05
271828,130,J,10,1,390.5763,308.77626382697116,76.8,5.0,12.9,12.3,175.48813869999998,207.3643843506333,132.76438435063326,0.9,0.3,2.3,1.6,0.5,0.0003617302882048534
271828,130,Jplus,10,1,389.7582,310.1582238976358,74.6,5.0,12.5,12.1,164.2767478,195.43209738821398,124.13209738821395,1.0,0.4,1.9,1.6,0.0,0.00023897635810499196
271828,130,Ring8,10,1,374.0648,284.16478867960393,84.9,5.0,14.2,13.9,181.2245789,208.96654937148696,126.466549371487,0.8,0.4,2.2,1.5,0.4,0.00011320396060909843
271828,131,I,15,1,263.52233333333334,217.98896778118237,40.53333333333333,5.0,6.8,6.533333333333333,120.4611498,147.2229359328862,107.02293593288617,0.6,0.3333333333333333,1.9333333333333333,1.2,0.5333333333333333,0.00048328226466765045
271828,131,J,15,1,255.15506666666667,202.6884046886607,47.46666666666667,5.0,7.933333333333334,7.8,110.99084133333334,135.20912152442776,89.94245485776108,0.7333333333333333,0.5333333333333333,2.6,1.9333333333333333,0.4666666666666667,7.032991061350913e-05
271828,131,Jplus,15,1,247.5285333333333,199.46187736959433,43.06666666666667,5.0,7.2,7.066666666666666,107.31548746666667,125.01033587246576,85.27700253913244,0.8,0.5333333333333333,1.8666666666666667,1.6666666666666667,0.0,0.00016054391517172917
271828,131,Ring8,15,1,258.6542666666667,204.65423914495108,49.0,5.0,8.2,8.0,109.46606440000001,140.55069970695655,93.28403304028987,0.7333333333333333,0.4666666666666667,2.466666666666667,1.7333333333333334,0.5333333333333333,0.00041282573374701315
271828,132,I,10,1,375.5419,304.2418655075154,66.3,5.0,11.1,10.8,142.0571473,216.17473791193362,151.37473791193366,0.6,0.4,2.2,1.3,0.5,0.00034492484610382235
271828,132,J,10,1,341.2481,259.048086353928,77.2,5.0,12.9,12.7,150.8802531,212.18044966616662,134.6804496661666,0.6,0.2,2.5,1.5,0.8,0.00013646072011397337
271828,132,Jplus,10,1,350.1397,273.4396571647764,71.7,5.0,12.0,11.7,141.8704888,201.67752040925322,130.7775204092532,0.6,0.3,1.6,1.2,0.0,0.00042835223575821146
271828,132,Ring8,10,1,344.27779999999996,255.17776394427997,84.1,5.0,14.1,13.6,146.1814742,214.22178727968767,131.32178727968773,0.7,0.2,2.8,1.6,0.8,0.00036055720011063386
271828,133,I,12,1,270.0874166666667,206.1707128346162,58.916666666666664,5.0,9.833333333333334,9.75,154.33078708333332,183.71121361811228,125.21121361811231,0.5833333333333334,0.4166666666666667,2.25,1.5,0.6666666666666666,0.00044598460544875707
271828,133,J,12,1,262.7390833333333,196.4057797229874,61.333333333333336,5.0,10.25,10.083333333333334,151.05229758333334,176.59418123058535,115.09418123058532,0.5833333333333334,0.25,2.3333333333333335,1.5833333333333333,0.6666666666666666,0.0003566758487068
271828,133,Jplus,12,1,280.11175,217.86175246118728,57.25,5.0,9.583333333333334,9.333333333333334,135.72533791666666,161.76722153741113,105.60055487074447,0.75,0.25,1.6666666666666667,1.5,0.0,2.953424746010569e-05
271828,133,Ring8,12,1,274.69983333333334,201.11649941742098,68.58333333333333,5.0,11.5,11.083333333333334,144.48205733333333,183.7636320073902,116.26363200739023,0.5833333333333334,0.25,2.9166666666666665,1.9166666666666667,0.6666666666666666,6.990948349994142e-06
271828,134,I,15,1,282.47026666666665,230.33695138530578,47.13333333333333,5.0,7.933333333333334,7.466666666666667,120.28838866666666,142.07171676235313,98.33838342901979,0.8,0.4,2.466666666666667,1.5333333333333334,0.5333333333333333,0.0002707795865717344
271828,134,J,15,1,278.2506666666667,223.65066867185914,49.6,5.0,8.333333333333334,7.933333333333334,102.76858779999999,134.2674884767257,88.93415514339237,0.8666666666666667,0.5333333333333333,2.6,1.7333333333333334,0.5333333333333333,3.0077887004154036e-05
271828,134,Jplus,15,1,264.8206,212.62060572071064,47.2,5.0,7.933333333333334,7.533333333333333,92.74759886666668,125.48806492547598,82.75473159214263,1.0,0.5333333333333333,2.2,1.9333333333333333,0.0,8.581065958424006e-05
271828,134,Ring8,15,1,269.1343333333333,211.86764038605395,52.266666666666666,5.0,8.733333333333333,8.6,118.35873646666667,134.476373419833,85.876373419833,0.8666666666666667,0.5333333333333333,2.466666666666667,1.5333333333333334,0.5333333333333333,0.00039420919074473204
271828,135,I,15,1,278.0653333333333,228.7986847106934,44.266666666666666,5.0,7.4,7.266666666666667,113.74959733333334,135.48293064399536,96.41626397732868,0.9333333333333333,0.4666666666666667,2.533333333333333,1.6,0.5333333333333333,0.0002706604013837932
271828,135,J,15,1,277.3895333333333,224.7895571696094,47.6,5.0,8.0,7.6,116.91406780000001,134.08430086204916,91.55096752871583,0.8,0.6,2.7333333333333334,1.7333333333333334,0.5333333333333333,0.0003575441410248459
271828,135,Jplus,15,1,269.5704666666667,221.50383315529507,43.06666666666667,5.0,7.2,7.066666666666666,88.74759886666668,121.88806492547596,82.75473159214263,1.0,0.5333333333333333,1.7333333333333334,1.4,0.0,0.0004973294262526906
271828,135,Ring8,15,1,276.546,219.34597603272317,52.2,5.0,8.733333333333333,8.533333333333333,106.65896193333333,134.84825584844916,88.71492251511584,0.8,0.6,3.066666666666667,2.066666666666667,0.5333333333333333,0.00035950915207649814
271828,136,I,14,1,307.2097857142857,253.56695264876544,48.642857142857146,5.0,8.142857142857142,7.928571428571429,127.01303564285715,149.44160708879943,105.37017851737086,1.0,0.42857142857142855,2.7142857142857144,1.7857142857142858,0.5714285714285714,0.00033708271621435415
271828,136,J,14,1,295.75257142857146,238.46685380617237,52.285714285714285,5.0,8.785714285714286,8.357142857142858,144.77089135714286,145.62803421934814,95.77089136220528,0.7857142857142857,0.35714285714285715,2.357142857142857,1.3571428571428572,0.5714285714285714,4.6713586925761774e-05
271828,136,Jplus,14,1,287.45592857142856,232.74161540103506,49.714285714285715,5.0,8.357142857142858,7.928571428571429,132.29386792857142,133.15101077844128,88.72243934986982,0.9285714285714286,0.42857142857142855,1.9285714285714286,1.2857142857142858,0.0,0.00038438550882347045
271828,136,Ring8,14,1,307.2096428571429,247.35251218266995,54.857142857142854,5.0,9.214285714285714,8.785714285714286,148.00085978571428,150.14371690217473,97.92943118788902,0.6428571428571429,0.42857142857142855,2.4285714285714284,1.2142857142857142,0.5714285714285714,0.00017055737907867297
271828,137,I,10,1,368.5448,296.14478935481804,67.4,5.0,11.3,10.9,160.801305,222.40130495869948,158.60130495869947,0.8,0.4,2.3,1.1,0.8,0.00010645181964719086
271828,137,J,10,1,364.67330000000004,282.07328144830893,77.6,5.0,13.0,12.6,197.5005883,223.25593782848483,148.1559378284848,0.7,0.4,2.2,1.2,0.7,0.0001855169107329857
271828,137,Jplus,10,1,343.1757,266.5756914264264,71.6,5.0,12.0,11.6,119.4645209,201.76956015462946,133.06956015462941,0.8,0.5,1.9,1.7,0.0,8.57357363202027e-05
271828,137,Ring8,10,1,345.6624,260.76241499252444,79.9,5.0,13.4,12.9,136.3466242,203.35646010180685,125.75646010180688,0.8,0.4,2.3,1.2,0.8,0.00014992524484114256
271828,138,I,10,1,369.7188,293.218776653106,71.5,5.0,12.0,11.5,180.83340379999999,217.06851437615347,147.26851437615346,0.9,0.2,2.1,1.0,0.8,0.00023346894022324705
271828,138,J,10,1,358.0679,274.66789058930294,78.4,5.0,13.1,12.9,178.7948386,212.51077452640698,136.71077452640696,0.7,0.4,2.2,1.2,0.7,9.410697066414286e-05
271828,138,Jplus,10,1,342.90700000000004,261.90698599593225,76.0,5.0,12.7,12.5,166.2440953,196.7994448992269,125.59944489922688,0.9,0.6,1.9,1.5,0.0,0.00014004067770656548
271828,138,Ring8,10,1,361.32550000000003,267.22545389824603,89.1,5.0,14.9,14.6,171.171142,217.42477358261527,131.32477358261525,0.8,0.5,2.9,1.8,0.8,0.0004610175396919658
271828,139,I,10,1,412.6345,332.13446355586467,75.5,5.0,12.7,12.0,186.2578719,220.05787187203492,150.3578718720349,0.8,0.6,3.1,1.5,0.8,0.00036444135366764385
271828,139,J,10,1,370.9293,287.82934137823406,78.1,5.0,13.1,12.6,129.4188285,210.3114273944023,135.0114273944023,0.9,0.4,2.8,1.9,0.8,0.00041378234072908526
271828,139,Jplus,10,1,361.1043,282.2043140424688,73.9,5.0,12.4,11.9,116.36604870000001,198.45864754365573,129.0586475436557,0.9,0.6,2.1,1.8,0.0,0.0001404246877427795
271828,139,Ring8,10,1,378.9071,286.10705336921626,87.8,5.0,14.7,14.3,159.6341113,209.97283586594057,126.27283586594062,0.8,0.6,2.7,1.7,0.6,0.00046630783754153526
271828,140,I,16,1,282.7543125,232.31678965844378,45.4375,5.0,7.625,7.3125,128.463603375,131.46360336703694,91.15110336703692,0.875,0.6875,2.6875,1.8125,0.5,0.0003654648999145138
271828,140,J,16,1,248.2515625,199.62654514082283,43.625,5.0,7.3125,7.0625,106.8065078125,111.86920083267727,72.68170083267725,0.9375,0.4375,2.1875,1.5,0.5,0.0002777468348540424
271828,140,Jplus,16,1,246.0766875,199.3266682877076,41.75,5.0,7.0,6.75,100.797967375,106.19816511600332,70.32316511600331,0.9375,0.5625,1.875,1.5625,0.0,0.0003073966781812487
271828,140,Ring8,16,1,253.911,199.59850641864384,49.3125,5.0,8.3125,7.75,114.12476175,115.99976172893592,73.12476172893592,0.9375,0.625,2.75,1.75,0.5,0.00010269830136167002
271828,141,I,11,1,359.4839090909091,288.57481238601605,65.9090909090909,5.0,11.090909090909092,10.454545454545455,161.41712409090908,194.58349801885814,131.85622529158542,0.8181818181818182,0.45454545454545453,2.1818181818181817,1.0909090909090908,0.6363636363636364,6.375382326950785e-05
271828,141,J,11,1,357.7137272727273,278.4409585690994,74.27272727272727,5.0,12.454545454545455,12.0,186.61470945454548,190.43289127010567,119.79652763374203,0.8181818181818182,0.5454545454545454,2.727272727272727,1.6363636363636365,0.5454545454545454,0.00045573990701086586
271828,141,Jplus,11,1,364.27945454545454,288.3703517283497,70.9090909090909,5.0,11.909090909090908,11.363636363636363,173.84736127272728,178.21099762564907,112.84736126201268,1.0,0.6363636363636364,2.1818181818181817,1.5454545454545454,0.0,0.0001309881531597057
271828,141,Ring8,11,1,364.52454545454543,279.16091401605553,80.36363636363636,5.0,13.454545454545455,13.090909090909092,149.87222981818184,196.68405079231823,118.50223261050004,0.8181818181818182,0.45454545454545453,2.909090909090909,1.7272727272727273,0.7272727272727273,5.417661077444791e-05
271828,142,I,10,1,402.788,320.2879971346839,77.5,5.0,13.0,12.5,182.92664870000002,219.12664866395508,145.12664866395508,0.9,0.5,2.9,1.6,0.8,2.865316128008999e-05
271828,142,J,10,1,379.933,290.6330324822666,84.3,5.0,14.1,13.8,188.68682819999998,219.2607161033797,136.36071610337973,0.8,0.4,2.6,1.6,0.8,0.00032482266578881536
271828,142,Jplus,10,1,385.69079999999997,302.29075661618214,78.4,5.0,13.1,12.9,169.0767478,197.23209738821396,124.13209738821395,1.0,0.7,1.8,1.2,0.0,0.0004338381786510581
271828,142,Ring8,10,1,387.6645,292.36447633676215,90.3,5.0,15.1,14.8,164.0727326,213.53454424845773,127.43454424845774,0.9,0.7,2.8,1.5,0.8,0.0002366323783462576
271828,143,I,10,1,350.2368,277.3367653199301,67.9,5.0,11.4,10.9,141.9386925,210.18917976502206,144.18917976502206,0.6,0.4,2.2,1.2,0.5,0.00034680069893511245
271828,143,J,10,1,308.66880000000003,228.4687732465862,75.2,5.0,12.6,12.2,101.6589077,220.96773016619008,144.56773016619007,0.4,0.3,2.6,1.6,0.8,0.0002675341379472229
271828,143,Jplus,10,1,312.4873,234.78727758926212,72.7,5.0,12.2,11.7,147.3803652,199.5243050679415,128.0243050679415,0.6,0.3,1.8,1.4,0.0,0.0002241073789264192
271828,143,Ring8,10,1,351.929,260.328969157309,86.6,5.0,14.5,14.1,142.5834311,216.77147167274993,131.57147167274996,0.7,0.4,3.0,1.9,0.8,0.00030842690966892405
271828,144,I,12,1,357.50483333333335,297.0047974083229,55.5,5.0,9.333333333333334,8.833333333333334,171.52600083333334,175.02600082796138,122.77600082796141,0.8333333333333334,0.3333333333333333,2.5,1.1666666666666667,0.6666666666666666,0.000431100125751982
271828,144,J,12,1,300.32716666666664,231.82719414200506,63.5,5.0,10.666666666666666,10.166666666666666,169.24942791666666,173.24942795178268,110.41609461844935,0.5,0.3333333333333333,2.8333333333333335,1.6666666666666667,0.6666666666666666,0.0003297040607321833
271828,144,Jplus,12,1,290.6670833333333,227.58373053474568,58.083333333333336,5.0,9.75,9.333333333333334,157.07627383333332,161.0762738513266,104.49294051799326,0.6666666666666666,0.3333333333333333,1.9166666666666667,1.4166666666666667,0.0,0.0002335830517949944
271828,144,Ring8,12,1,337.35991666666666,265.2766148952852,67.08333333333333,5.0,11.25,10.833333333333334,117.65782816666666,170.51275424974583,107.34608758307921,0.75,0.3333333333333333,3.0833333333333335,1.75,0.6666666666666666,0.00037874342251598136
271828,145,I,16,1,242.921375,200.29636099351643,37.625,5.0,6.375,5.75,114.231301375,115.35630136949547,83.85630136949547,0.75,0.625,2.4375,1.375,0.5,0.0002241037373096333
271828,145,J,16,1,263.746375,215.99638143268095,42.75,5.0,7.1875,6.8125,108.3769574375,110.25195742267259,72.56445742267258,0.875,0.4375,2.75,1.75,0.5,0.00010292289516655728
271828,145,Jplus,16,1,259.060125,213.7476413728212,40.3125,5.0,6.8125,6.25,100.62082825,102.87082826605007,69.68332826605005,0.875,0.5,2.375,1.75,0.0,0.0002619651386339683
271828,145,Ring8,16,1,237.4930625,190.93053660121885,41.5625,5.0,7.0,6.5625,85.938316625,87.06331659990236,53.125816599902365,0.9375,0.75,2.75,1.625,0.5,0.00041438049856878933
271828,146,I,10,1,396.9269,317.6268802877688,74.3,5.0,12.4,12.3,188.0168997,222.99683394379045,151.19683394379044,0.9,0.5,2.6,1.6,0.8,0.00019712231141966186
271828,146,J,10,1,391.4516,303.5516159757706,82.9,5.0,13.9,13.4,160.7552657,216.6243508989847,136.52435089898464,0.9,0.4,3.0,1.7,0.8,0.00015975770566001302
271828,146,Jplus,10,1,378.3313,296.1312981158278,77.2,5.0,12.9,12.7,173.0159118,200.5712613927771,126.37126139277711,0.9,0.5,1.7,1.3,0.0,1.884172206700896e-05
271828,146,Ring8,10,1,380.1784,285.7783864453246,89.4,5.0,15.0,14.4,173.56931300000002,223.83216236972368,139.03216236972364,0.7,0.6,2.9,1.6,0.7,0.00013554675433624652
271828,147,I,10,1,383.14050000000003,310.1405391731359,68.0,5.0,11.4,11.0,120.4567861,215.72440946223523,149.62440946223518,0.6,0.4,2.8,1.4,0.8,0.00039173135883174837
271828,147,J,10,1,353.2824,271.08242561857935,77.2,5.0,12.9,12.7,130.9321541,215.09860297792125,138.79860297792123,0.6,0.4,3.0,1.7,0.8,0.00025618579320507706
271828,147,Jplus,10,1,332.7858,257.6858452773733,70.1,5.0,11.7,11.6,115.7856841,198.8551370059457,129.05513700594565,0.7,0.3,1.8,1.5,0.0,0.00045277373283170164
271828,147,Ring8,10,1,326.334,241.63404278904937,79.7,5.0,13.3,13.2,119.08472509999999,211.18482549445918,130.2848254944592,0.4,0.3,2.4,1.6,0.5,0.00042789049348357366
271828,148,I,16,1,273.1455625,230.5830708235454,37.5625,5.0,6.375,5.6875,102.2935765,104.16857650242,74.66857650242,1.0,0.875,2.8125,1.75,0.5,0.0001331767266492534
271828,148,J,16,1,281.50675,236.8817515200814,39.625,5.0,6.75,5.875,89.0819671875,96.88645709905204,66.63645709905202,0.9375,0.6875,3.1875,1.6875,0.5,2.4321302134922007e-05
271828,148,Jplus,16,1,253.7569375,213.1319171604241,35.625,5.0,6.0625,5.3125,80.5758739375,88.38036383767856,61.505363837678544,0.9375,0.6875,2.5,1.6875,0.0,0.00032543321412958903
271828,148,Ring8,16,1,267.314625,222.25209662099093,40.0625,5.0,6.8125,6.0,92.6533983125,94.15339833914342,61.028398339143436,0.875,0.625,2.875,1.625,0.5,0.0004540641448329552
271828,149,I,16,1,232.981875,191.10688095078413,36.875,5.0,6.1875,5.9375,110.399791,111.89979098725341,78.8997909872534,0.8125,0.625,2.3125,1.625,0.5,9.521254605715512e-05
271828,149,J,16,1,231.7375,187.55001155879734,39.1875,5.0,6.625,6.0625,93.8341764375,94.95917646060317,62.39667646060316,1.0,0.6875,2.9375,1.9375,0.5,0.00018494075720809633
271828,149,Jplus,16,1,220.1806875,179.61817114087881,35.5625,5.0,6.0,5.5625,80.2008739375,82.45087391175582,55.88837391175581,1.0,0.875,2.3125,1.875,0.0,0.00026174593904215726
271828,149,Ring8,16,1,263.2006875,215.26318279351034,42.9375,5.0,7.25,6.6875,101.7907616875,102.54076167091819,66.10326167091817,0.75,0.5,3.0,1.5625,0.5,7.530383481935132e-05
271828,150,I,14,1,280.9087142857143,225.1229697386914,50.785714285714285,5.0,8.5,8.285714285714286,134.4361107857143,156.28425355128405,109.49853926556975,0.7142857142857143,0.5714285714285714,3.2142857142857144,2.142857142857143,0.5714285714285714,0.0004236583204146882
271828,150,J,14,1,275.74314285714286,222.8859983968792,47.857142857142854,5.0,8.0,7.857142857142857,97.2111005,145.4726565106952,97.40122793926662,0.7857142857142857,0.14285714285714285,2.5714285714285716,1.8571428571428572,0.5714285714285714,2.2443691250373377e-05
271828,150,Jplus,14,1,252.5064285714286,202.6492966310574,44.857142857142854,5.0,7.5,7.357142857142857,99.37242735714287,132.237305109057,88.66587653762842,0.9285714285714286,0.21428571428571427,1.7857142857142858,1.6428571428571428,0.0,0.00015283480342986877
271828,150,Ring8,14,1,265.7832142857143,208.85466660701584,51.92857142857143,5.0,8.714285714285714,8.357142857142858,123.51422835714285,140.75849294941597,90.25849294941597,0.7142857142857143,0.35714285714285715,2.5714285714285716,1.7142857142857142,0.5714285714285714,0.00033249822172365384
271828,151,I,16,1,257.450875,212.45090458035295,40.0,5.0,6.75,6.25,105.6921783125,118.5089072165057,86.5089072165057,0.8125,0.6875,2.875,1.8125,0.5,0.0004732856473310676
271828,151,J,16,1,240.137125,191.762124960326,43.375,5.0,7.3125,6.8125,93.9389503125,95.81395031169903,62.12645031169903,1.0,0.8125,3.5,2.1875,0.5,6.347841008391697e-07
271828,151,Jplus,16,1,225.449875,182.6373489893697,37.8125,5.0,6.375,5.9375,81.3258739375,83.20087391175582,55.88837391175581,1.0,0.875,2.5625,2.0,0.0,0.0004161700844633742
271828,151,Ring8,16,1,246.7910625,196.66606235616007,45.125,5.0,7.5625,7.3125,112.862351125,114.73735111877313,75.29985111877313,0.8125,0.5,3.0625,2.1875,0.5,2.3014390535536222e-06
271828,152,I,12,1,306.164,247.49732255205095,53.666666666666664,5.0,9.0,8.666666666666666,117.99926841666667,172.4201415123001,119.92014151230008,0.75,0.4166666666666667,2.3333333333333335,1.4166666666666667,0.6666666666666666,0.0001293753884965554
271828,152,J,12,1,305.92383333333333,240.2571500733235,60.666666666666664,5.0,10.166666666666666,9.833333333333334,151.00940108333333,174.30893383031108,114.72560049697772,0.6666666666666666,0.25,2.8333333333333335,1.9166666666666667,0.5833333333333334,0.00019912011794076534
271828,152,Jplus,12,1,292.15433333333334,231.4042999327404,55.75,5.0,9.333333333333334,9.083333333333334,134.86646199999998,158.16599474889938,105.41599474889938,0.8333333333333334,0.4166666666666667,2.0,1.6666666666666667,0.0,0.0004008071150565229
271828,152,Ring8,12,1,315.37533333333334,244.7086696385323,65.66666666666667,5.0,11.0,10.666666666666666,115.99046,172.7985407332219,109.63187406655523,0.8333333333333334,0.3333333333333333,2.6666666666666665,1.5833333333333333,0.6666666666666666,3.566238774510566e-05
271828,153,I,14,1,297.2408571428572,240.74084096107876,51.5,5.0,8.642857142857142,8.285714285714286,148.15009492857143,149.4358092077857,100.93580920778565,0.7857142857142857,0.42857142857142855,3.0,1.9285714285714286,0.5714285714285714,0.00022654489748674678
271828,153,J,14,1,319.36164285714284,258.5759166973313,55.785714285714285,5.0,9.357142857142858,9.0,146.8950707857143,148.60935646678874,98.46649932393161,0.7142857142857143,0.5,3.0714285714285716,1.7142857142857142,0.5714285714285714,0.00016623736155452207
271828,153,Jplus,14,1,288.1665,233.45220405993146,49.714285714285715,5.0,8.357142857142858,7.928571428571429,135.39755642857145,137.54041356412668,90.68327070698379,0.7857142857142857,0.42857142857142855,2.0714285714285716,1.5714285714285714,0.0,0.00014316095985122956
271828,153,Ring8,14,1,288.14035714285717,227.42607144689805,55.714285714285715,5.0,9.357142857142858,8.928571428571429,113.0430887142857,146.6990329526015,93.48474723831579,0.7857142857142857,0.42857142857142855,2.7857142857142856,1.6428571428571428,0.5714285714285714,2.5657254809630103e-07
271828,154,I,12,1,289.26550000000003,226.9321866222365,57.333333333333336,5.0,9.583333333333334,9.416666666666666,151.02627258333334,184.95935283719152,128.2926861705249,0.75,0.3333333333333333,2.25,1.75,0.4166666666666667,0.00023946683768372168
271828,154,J,12,1,286.0005,217.41714945690532,63.583333333333336,5.0,10.666666666666666,10.25,142.7195215,169.6732287087759,109.00656204210922,0.8333333333333334,0.3333333333333333,2.5833333333333335,1.8333333333333333,0.6666666666666666,0.000206517136120965
271828,154,Jplus,12,1,283.2604166666667,223.42707109041635,54.833333333333336,5.0,9.166666666666666,9.0,130.39728983333333,158.18733506447668,105.35400173114334,0.9166666666666666,0.25,1.8333333333333333,1.75,0.0,0.00014691500382468803
271828,154,Ring8,12,1,293.84499999999997,217.51165563578334,71.33333333333333,5.0,11.916666666666666,11.75,136.45055116666666,180.65299608113915,110.48632941447254,0.8333333333333334,0.25,2.75,1.9166666666666667,0.6666666666666666,0.00013237059965831577
271828,155,I,12,1,343.3425,277.17586044857785,61.166666666666664,5.0,10.25,9.916666666666666,155.1589535,181.26848033593703,122.6018136692703,0.8333333333333334,0.5,2.3333333333333335,1.25,0.6666666666666666,0.0003253829345339909
271828,155,J,12,1,336.42833333333334,264.261697724233,67.16666666666667,5.0,11.25,10.916666666666666,150.78948375000002,172.95344604218235,110.20344604218235,0.8333333333333334,0.5,2.3333333333333335,1.4166666666666667,0.4166666666666667,0.0003726907957570802
271828,155,Jplus,12,1,344.00083333333333,273.50086204478475,65.5,5.0,11.0,10.5,145.44669791666666,166.40948922312523,106.57615588979189,0.9166666666666666,0.5,2.0833333333333335,1.5,0.0,0.000344537416822277
271828,155,Ring8,12,1,333.9671666666667,257.30053975669733,71.66666666666667,5.0,12.0,11.666666666666666,152.1522945,172.92132559708503,104.25465893041839,0.8333333333333334,0.5,2.3333333333333335,1.6666666666666667,0.4166666666666667,0.0004770803680003155
271828,156,I,16,1,244.8595,202.04701859821134,37.8125,5.0,6.375,5.9375,107.4328380625,118.17444565223423,87.36194565223425,0.75,0.625,2.75,1.75,0.4375,0.0002975713814521441
271828,156,J,16,1,221.83475,176.64724346791877,40.1875,5.0,6.8125,6.125,77.6233805,89.21432613833538,55.40182613833541,0.875,0.625,3.25,2.0625,0.5,0.0001045132999024645
271828,156,Jplus,16,1,216.44575,179.38326122651404,32.0625,5.0,5.4375,4.875,67.4787804375,79.90473357804169,54.59223357804168,0.875,0.6875,1.875,1.3125,0.0,0.00017962422452910687
271828,156,Ring8,16,1,253.53375,202.4712531990874,46.0625,5.0,7.75,7.3125,110.859113625,113.48411362361809,72.48411362361813,0.8125,0.5,2.625,1.4375,0.5,5.1185398660891224e-05
271828,157,I,11,1,318.17463636363635,250.3564789932059,62.81818181818182,5.0,10.545454545454545,10.090909090909092,106.08884018181817,198.80786986164358,137.17150622527993,0.6363636363636364,0.2727272727272727,2.5454545454545454,1.6363636363636365,0.6363636363636364,0.00026892526511801407
271828,157,J,11,1,318.85254545454546,246.4888783085101,67.36363636363636,5.0,11.272727272727273,11.0,89.27758963636364,180.64068483164922,115.00432119528558,0.7272727272727273,0.36363636363636365,2.909090909090909,2.0,0.7272727272727273,0.00033860638905025553
271828,157,Jplus,11,1,315.34645454545455,249.52822769979664,60.81818181818182,5.0,10.181818181818182,9.909090909090908,80.44042781818182,171.0902639074064,113.63571845286093,0.7272727272727273,0.45454545454545453,1.8181818181818181,1.3636363636363635,0.0,0.0004953022371410043
271828,157,Ring8,11,1,358.87154545454547,272.4169864200176,81.45454545454545,5.0,13.636363636363637,13.272727272727273,200.7852900909091,204.60347192755916,124.42165374574097,0.6363636363636364,0.2727272727272727,2.727272727272727,1.5454545454545454,0.7272727272727273,0.0001493798063165741
271828,158,I,12,1,346.6786666666667,288.34537335344413,53.333333333333336,5.0,8.916666666666666,8.75,143.6484245,171.81509112901654,122.98175779568318,0.9166666666666666,0.5,2.4166666666666665,1.4166666666666667,0.6666666666666666,0.00048024132956925314
271828,158,J,12,1,340.1259166666667,271.62590357074083,63.5,5.0,10.666666666666666,10.166666666666666,149.56312266666666,171.60984134566067,111.27650801232731,0.6666666666666666,0.4166666666666667,2.5833333333333335,1.5833333333333333,0.5,0.00015715110976088909
271828,158,Jplus,12,1,331.63758333333334,267.1376070608117,59.5,5.0,10.0,9.5,117.93449858333334,158.36008115684498,103.44341449017827,1.0,0.3333333333333333,2.25,1.75,0.0,0.0002847297409971361
271828,158,Ring8,12,1,339.7581666666667,263.8414967334972,70.91666666666667,5.0,11.916666666666666,11.333333333333334,160.7090205,182.76087913677054,114.2608791367706,0.75,0.3333333333333333,3.0,1.9166666666666667,0.6666666666666666,3.919803339158534e-05
271828,159,I,14,1,282.34535714285715,231.84539211911033,45.5,5.0,7.642857142857143,7.285714285714286,99.26990814285715,149.06193802015883,105.6333665915874,0.8571428571428571,0.35714285714285715,2.2857142857142856,1.5,0.5,0.0004896675445706933
271828,159,J,14,1,283.68685714285715,227.32972644842923,51.357142857142854,5.0,8.642857142857142,8.142857142857142,112.4888485,144.9964907703601,97.06791934178867,0.7857142857142857,0.5714285714285714,2.2142857142857144,1.2857142857142858,0.5714285714285714,0.00017027800913638202
271828,159,Jplus,14,1,278.548,223.9051616787347,49.642857142857146,5.0,8.285714285714286,8.214285714285714,103.07834949999999,136.01456314646455,89.44313457503597,0.9285714285714286,0.5,1.8571428571428572,1.5714285714285714,0.0,0.00026350228563387645
271828,159,Ring8,14,1,286.1017142857143,226.4588542345799,54.642857142857146,5.0,9.142857142857142,8.928571428571429,114.00602771428571,145.95983642181005,94.31697927895291,0.8571428571428571,0.5,2.4285714285714284,1.5,0.5714285714285714,4.0715881368669216e-05
271828,160,I,15,1,274.5884,230.05506169077034,39.53333333333333,5.0,6.666666666666667,6.2,91.12519479999999,129.391861453251,95.19186145325102,0.8666666666666667,0.6,2.8,1.7333333333333334,0.5333333333333333,7.463844485755544e-05
271828,160,J,15,1,235.3582,191.35818623981388,39.0,5.0,6.533333333333333,6.333333333333333,81.34051666666666,128.40206584539047,89.60206584539046,0.6666666666666666,0.26666666666666666,2.2666666666666666,1.4666666666666666,0.5333333333333333,0.000206402791718574
271828,160,Jplus,15,1,250.54726666666664,205.6139610940056,39.93333333333333,5.0,6.666666666666667,6.6,103.85868746666667,124.08209844186428,85.88209844186424,0.8666666666666667,0.2,2.0,1.7333333333333334,0.0,0.0004164100841990148
271828,160,Ring8,15,1,243.48346666666666,192.6167985584795,45.86666666666667,5.0,7.666666666666667,7.533333333333333,117.5674204,131.64092732916438,86.70759399583108,0.8,0.3333333333333333,2.6,1.9333333333333333,0.5333333333333333,2.1622807253152132e-05
271828,161,I,15,1,278.625,232.35830986550238,41.266666666666666,5.0,6.933333333333334,6.6,118.19188206666666,138.75372951204776,99.15372951204775,0.7333333333333333,0.3333333333333333,2.2666666666666666,1.4666666666666666,0.5333333333333333,0.0003520174641380436
271828,161,J,15,1,285.2213333333333,235.82134282163804,44.4,5.0,7.466666666666667,7.066666666666666,123.82645553333333,141.8650576846093,98.39839101794263,0.6666666666666666,0.26666666666666666,2.1333333333333333,1.2666666666666666,0.5333333333333333,0.0001423245707883325
271828,161,Jplus,15,1,284.5552,235.62187251530173,43.93333333333333,5.0,7.4,6.933333333333334,109.511192,128.5090379548863,88.30903795488629,0.8666666666666667,0.4,2.066666666666667,1.5333333333333334,0.0,8.772952560320846e-05
271828,161,Ring8,15,1,306.09073333333333,249.69071638968342,51.4,5.0,8.666666666666666,8.066666666666666,119.19686026666666,134.45798660640105,87.19131993973441,0.7333333333333333,0.4666666666666667,2.8666666666666667,1.6,0.5333333333333333,0.00025415474874534993
271828,162,I,16,1,260.1465625,216.1465462217339,39.0,5.0,6.5625,6.1875,120.6388613125,121.3888613284341,88.5763613284341,0.9375,0.625,2.0625,1.3125,0.1875,0.00026045225786219817
271828,162,J,16,1,264.3899375,215.26491944656863,44.125,5.0,7.4375,6.9375,111.369322125,112.86932210056221,73.86932210056223,0.8125,0.5625,2.4375,1.4375,0.5,0.0002888549015551689
271828,162,Jplus,16,1,236.4398125,195.31479392168177,36.125,5.0,6.0625,5.8125,85.0758739375,86.20087391175582,55.88837391175581,1.0,0.625,1.8125,1.4375,0.0,0.0002972530915030802
271828,162,Ring8,16,1,240.5225625,193.8350488805693,41.6875,5.0,7.0,6.6875,97.29588575,107.49046926648735,70.99046926648735,0.8125,0.625,2.625,1.625,0.5,0.00021791089102407568
271828,163,I,13,1,327.0170769230769,263.40165734994065,58.61538461538461,5.0,9.846153846153847,9.384615384615385,166.16806392307691,168.0142177386671,113.5526792771286,0.7692307692307693,0.46153846153846156,2.3076923076923075,1.3846153846153846,0.46153846153846156,0.00045445077148542623
271828,163,J,13,1,290.66653846153844,230.28190500031482,55.38461538461539,5.0,9.307692307692308,8.846153846153847,120.46489976923077,161.92360647791645,108.38514493945492,0.6923076923076923,0.38461538461538464,2.5384615384615383,1.6153846153846154,0.6153846153846154,0.00023499590724895825
271828,163,Jplus,13,1,314.1271538461538,248.58868961878895,60.53846153846154,5.0,10.153846153846153,9.76923076923077,132.81956607692308,156.48210390468114,99.94364236621959,0.8461538461538461,0.46153846153846156,2.076923076923077,1.6153846153846154,0.0,3.495574355838471e-05
271828,163,Ring8,13,1,301.0012307692308,232.53969949591848,63.46153846153846,5.0,10.615384615384615,10.384615384615385,140.80919169230768,161.74366099330922,100.89750714715532,0.6923076923076923,0.38461538461538464,2.5384615384615383,1.6153846153846154,0.6153846153846154,9.344694035462453e-05
271828,164,I,15,1,295.4898,245.68979608210103,44.8,5.0,7.533333333333333,7.133333333333334,118.62742326666667,139.16075657529265,98.1607565752927,0.8666666666666667,0.4,2.8,1.9333333333333333,0.5333333333333333,5.876848445041105e-05
271828,164,J,15,1,270.7856,219.98559872531072,45.8,5.0,7.666666666666667,7.466666666666667,116.46730286666666,135.27062570628354,90.73729237295021,0.8,0.26666666666666666,2.4,1.8,0.4,1.9120339402434183e-05
271828,164,Jplus,15,1,275.2914,227.35807685192339,42.93333333333333,5.0,7.2,6.933333333333334,104.58855006666666,124.60011655603121,84.4001165560312,0.8666666666666667,0.3333333333333333,1.9333333333333333,1.6,0.0,0.00015277885086106835
271828,164,Ring8,15,1,276.35679999999996,218.69013529847217,52.666666666666664,5.0,8.866666666666667,8.333333333333334,124.81292226666666,138.50756923627873,90.44090256961205,0.8,0.5333333333333333,2.8666666666666667,1.8,0.5333333333333333,2.9477082534867804e-05
271828,165,I,11,1,306.30354545454543,237.9398645670207,63.36363636363637,5.0,10.636363636363637,10.181818181818182,164.90952418181817,198.9095241375561,137.27316050119245,0.7272727272727273,0.36363636363636365,2.6363636363636362,1.9090909090909092,0.7272727272727273,0.0004897627723039477
271828,165,J,11,1,325.8927272727273,252.34725887807397,68.54545454545455,5.0,11.454545454545455,11.272727272727273,117.60088436363635,184.49287202775994,118.12923566412358,0.9090909090909091,0.2727272727272727,2.727272727272727,1.8181818181818181,0.7272727272727273,0.00015234118654916529
271828,165,Jplus,11,1,314.58536363636364,246.94902877649872,62.63636363636363,5.0,10.454545454545455,10.363636363636363,105.78731700000002,173.30190671655816,112.84736126201268,1.0,0.2727272727272727,1.7272727272727273,1.6363636363636365,0.0,0.00031654148597226595
271828,165,Ring8,11,1,316.57245454545455,237.5724888967394,74.0,5.0,12.363636363636363,12.181818181818182,134.04923745454545,192.25461132204308,120.43642950386128,0.9090909090909091,0.2727272727272727,2.5454545454545454,1.6363636363636365,0.7272727272727273,0.00037786413349749637
271828,166,I,15,1,255.12273333333331,206.85609944630286,43.266666666666666,5.0,7.266666666666667,6.933333333333334,115.45783053333334,135.5911638943537,95.79116389435372,0.9333333333333333,0.5333333333333333,2.4,1.7333333333333334,0.5333333333333333,0.0004916945431432396
271828,166,J,15,1,253.33440000000002,207.7343784964965,40.6,5.0,6.8,6.6,94.11888619999999,125.25935226322956,86.99268559656288,0.9333333333333333,0.3333333333333333,2.2666666666666666,1.6,0.5333333333333333,0.0003225525524612749
271828,166,Jplus,15,1,250.78920000000002,206.78921694877266,39.0,5.0,6.533333333333333,6.333333333333333,90.4570476,122.3975136584382,85.73084699177154,0.9333333333333333,0.3333333333333333,2.0,1.7333333333333334,0.0,0.000254231589678966
271828,166,Ring8,15,1,262.14373333333333,206.14376001961625,51.0,5.0,8.533333333333333,8.333333333333334,127.84893246666667,130.6489324614524,83.58226579478574,0.9333333333333333,0.5333333333333333,2.6666666666666665,1.6666666666666667,0.5333333333333333,0.0004002942437182355
271828,167,I,11,1,340.4899090909091,271.5808325143994,63.90909090909091,5.0,10.727272727272727,10.272727272727273,165.9081889090909,193.3627343350621,133.63546160778935,0.8181818181818182,0.5454545454545454,3.090909090909091,2.090909090909091,0.6363636363636364,0.00015765839316372876
271828,167,J,11,1,332.8230909090909,258.9139868251703,68.9090909090909,5.0,11.636363636363637,10.727272727272727,149.2744209090909,179.88419685055774,115.97510594146675,0.8181818181818182,0.5454545454545454,3.3636363636363638,1.9090909090909092,0.7272727272727273,0.00014492312675429275
271828,167,Jplus,11,1,332.9061818181818,264.72438767096764,63.18181818181818,5.0,10.545454545454545,10.454545454545455,148.2515889090909,172.19960073339652,112.9268734606692,0.9090909090909091,0.5454545454545454,2.272727272727273,2.0,0.0,0.00026438064423928154
271828,167,Ring8,11,1,334.1218181818182,257.93998219866194,71.18181818181819,5.0,11.909090909090908,11.636363636363637,139.61181863636364,185.4857522743274,115.48575227432738,0.8181818181818182,0.36363636363636365,2.8181818181818183,1.9090909090909092,0.7272727272727273,0.0001958147190634918
271828,168,I,12,1,353.87775000000005,290.794455365155,58.083333333333336,5.0,9.75,9.333333333333334,119.92696833333333,176.74603956735197,123.41270623401863,0.9166666666666666,0.5,2.6666666666666665,1.5,0.6666666666666666,0.00046438185972874635
271828,168,J,12,1,316.5225,246.43912983379596,65.08333333333333,5.0,10.916666666666666,10.5,145.14681133333332,168.60960264649862,108.27626931316526,0.9166666666666666,0.4166666666666667,2.5833333333333335,1.4166666666666667,0.6666666666666666,0.00044199444846526603
271828,168,Jplus,12,1,325.9645,258.8811977685532,62.083333333333336,5.0,10.416666666666666,10.0,136.39728983333333,160.86008115684498,103.44341449017828,1.0,0.3333333333333333,2.0833333333333335,1.5833333333333333,0.0,0.00037322263824535185
271828,168,Ring8,12,1,357.90941666666663,282.9094362328929,70.0,5.0,11.75,11.25,133.80834391666667,172.1835251210101,108.4335251210101,0.8333333333333334,0.5833333333333334,2.9166666666666665,1.5,0.6666666666666666,0.0002347947156522423
271828,169,I,11,1,360.7430909090909,290.7431179248276,65.0,5.0,10.909090909090908,10.454545454545455,168.9585830909091,198.74472322325883,136.47199595053152,0.8181818181818182,0.45454545454545453,2.4545454545454546,1.5454545454545454,0.7272727272727273,0.0002971731032630487
271828,169,J,11,1,348.2025454545455,272.56617483245316,70.63636363636364,5.0,11.818181818181818,11.545454545454545,139.05027190909092,192.13872505737092,123.77508869373456,0.8181818181818182,0.5454545454545454,2.4545454545454546,1.5454545454545454,0.7272727272727273,7.684301544941263e-05
271828,169,Jplus,11,1,341.16027272727274,268.4329598242884,67.72727272727273,5.0,11.363636363636363,10.909090909090908,132.48306354545454,182.26213795793612,118.71668341248159,0.8181818181818182,0.6363636363636364,2.0,1.6363636363636365,0.0,0.0004419328274707368
271828,169,Ring8,11,1,345.9144545454546,263.45988707376284,77.45454545454545,5.0,13.0,12.454545454545455,148.15999327272726,189.05732013602153,116.78459286329421,0.8181818181818182,0.6363636363636364,2.4545454545454546,1.4545454545454546,0.45454545454545453,0.00024218860880864668
271828,170,I,10,1,408.0233,327.72334199597026,75.3,5.0,12.6,12.3,212.86528790000003,217.06528786792146,143.56528786792146,0.9,0.3,1.7,0.6,0.7,0.00041995970241259784
271828,170,J,10,1,448.78540000000004,356.0854417341899,87.7,5.0,14.7,14.2,198.8940188,225.24936840087202,142.24936840087202,0.8,0.7,2.8,1.1,0.8,0.0004173418983555166
271828,170,Jplus,10,1,387.714,303.31395753877774,79.4,5.0,13.3,12.9,168.4767478,199.03209738821394,124.13209738821392,1.0,0.6,1.7,1.3,0.0,0.00042461222255951725
271828,170,Ring8,10,1,423.8532,320.65319930635536,98.2,5.0,16.4,16.2,195.866261,227.99911524943732,133.89911524943733,1.0,0.6,2.9,1.8,0.8,6.936446425243048e-06
271828,171,I,13,1,274.7839230769231,219.7069924542679,50.07692307692308,5.0,8.384615384615385,8.153846153846153,139.7230109230769,165.7918902558379,116.79189025583788,0.6923076923076923,0.3076923076923077,2.6923076923076925,1.7692307692307692,0.6153846153846154,9.809451739783981e-05
271828,171,J,13,1,258.1936153846154,201.19361687810317,52.0,5.0,8.692307692307692,8.538461538461538,119.88415646153847,161.5749595948585,109.03649805639695,0.6153846153846154,0.23076923076923078,2.3846153846153846,1.6153846153846154,0.6153846153846154,1.9415341284911847e-05
271828,171,Jplus,13,1,240.64046153846155,188.25585086912707,47.38461538461539,5.0,7.923076923076923,7.769230769230769,102.76952538461539,143.65167516228365,96.42090593151441,0.7692307692307693,0.15384615384615385,1.6153846153846154,1.5384615384615385,0.0,6.12986518717662e-05
271828,171,Ring8,13,1,249.3639230769231,187.7485005501828,56.61538461538461,5.0,9.461538461538462,9.307692307692308,133.18604823076925,152.32948917125802,95.86795070971954,0.7692307692307693,0.15384615384615385,2.3076923076923075,1.6153846153846154,0.6153846153846154,0.0004928476237182622
271828,172,I,12,1,339.7645,275.09779418691056,59.666666666666664,5.0,10.0,9.666666666666666,155.10861375,179.27528038679733,122.02528038679735,0.8333333333333334,0.4166666666666667,2.5,1.5833333333333333,0.5833333333333334,0.00046975707346064155
271828,172,J,12,1,332.7565,260.6731553075906,67.08333333333333,5.0,11.25,10.833333333333334,128.57256583333333,172.15127541546929,108.98460874880261,0.75,0.6666666666666666,2.6666666666666665,1.5833333333333333,0.5,0.00013630891271532164
271828,172,Jplus,12,1,327.50691666666665,258.5069335831365,64.0,5.0,10.75,10.25,124.50496233333332,164.3472407650728,105.68057409840613,0.75,0.6666666666666666,2.1666666666666665,1.5,0.0,0.00020299763809816795
271828,172,Ring8,12,1,338.2056666666667,262.0390282207214,71.16666666666667,5.0,11.916666666666666,11.583333333333334,157.85065375,180.64840541656204,110.23173874989534,0.75,0.3333333333333333,2.0833333333333335,1.25,0.6666666666666666,0.0003386486564522784
271828,173,I,15,1,287.3904,232.85706442454835,49.53333333333333,5.0,8.333333333333334,7.866666666666666,144.74863373333335,145.94863371223255,100.68196704556588,0.8,0.6,2.933333333333333,1.8666666666666667,0.5333333333333333,3.3631774385867175e-05
271828,173,J,15,1,279.15633333333335,225.28963853854964,48.86666666666667,5.0,8.2,7.866666666666666,134.77628353333333,135.57628353825055,90.24295020491724,0.8,0.4666666666666667,2.533333333333333,1.6,0.5333333333333333,0.0004219217557874799
271828,173,Jplus,15,1,285.9151333333333,235.18177847199988,45.733333333333334,5.0,7.666666666666667,7.4,127.14744506666666,127.94744504266382,86.21411170933052,0.8,0.5333333333333333,1.8666666666666667,1.3333333333333333,0.0,0.00032292000150846434
271828,173,Ring8,15,1,274.5178666666667,217.1845396755094,52.333333333333336,5.0,8.8,8.333333333333334,109.3735258,135.56281968291992,87.42948634958661,0.8666666666666667,0.6,3.4,2.533333333333333,0.5333333333333333,9.513264103588881e-05
271828,174,I,10,1,381.5877,306.1876557352935,70.4,5.0,11.8,11.4,176.9567573,211.29116208045065,144.2911620804507,0.9,0.4,2.9,1.8,0.8,0.00044264706502872286
271828,174,J,10,1,414.5517,330.85172054396674,78.7,5.0,13.2,12.7,156.6612428,228.68898097662978,151.38898097662974,0.5,0.4,3.0,1.6,0.8,0.00020543966775221634
271828,174,Jplus,10,1,362.2045,286.8044532291088,70.4,5.0,11.8,11.4,115.76604870000001,203.99844251997243,135.9984425199724,0.7,0.5,1.8,1.4,0.0,0.00046770891231062706
271828,174,Ring8,10,1,363.3979,275.1978524869236,83.2,5.0,13.9,13.7,163.036591,214.97329219195885,132.47329219195888,0.8,0.2,2.9,2.1,0.6,0.00047513076424365863
271828,175,I,12,1,316.9783333333333,257.0616363587798,54.916666666666664,5.0,9.25,8.666666666666666,143.53395458333333,178.7997632215205,125.88309655485382,0.6666666666666666,0.3333333333333333,2.5833333333333335,1.5833333333333333,0.5833333333333334,0.0003636946416918363
271828,175,J,12,1,285.69616666666667,217.36286560048896,63.333333333333336,5.0,10.583333333333334,10.416666666666666,145.68307958333332,174.2792170358791,111.19588370254574,0.6666666666666666,0.3333333333333333,2.8333333333333335,2.25,0.5833333333333334,0.0003872058678098256
271828,175,Jplus,12,1,279.9578333333333,217.0411521594265,57.916666666666664,5.0,9.666666666666666,9.583333333333334,136.28485675,159.7476480868279,103.9976480868279,0.8333333333333334,0.3333333333333333,1.9166666666666667,1.75,0.0,0.00017408688199793687
271828,175,Ring8,12,1,288.07725,219.9105940170381,63.166666666666664,5.0,10.583333333333334,10.25,116.39519225,174.99530238230525,113.49530238230527,0.6666666666666666,0.4166666666666667,2.5,1.5833333333333333,0.6666666666666666,0.00012820445726902108
271828,176,I,15,1,274.5391333333334,222.9391168593073,46.6,5.0,7.8,7.6,117.67844473333334,136.21177807350514,95.61177807350514,1.0,0.6,3.0,2.066666666666667,0.5333333333333333,0.0002471103912284889
271828,176,J,15,1,273.96726666666666,223.36727144146877,45.6,5.0,7.666666666666667,7.266666666666667,99.8555498,133.05286580846354,91.38619914179687,0.8,0.4666666666666667,2.8,1.8,0.5333333333333333,7.162203155530733e-05
271828,176,Jplus,15,1,259.9344,210.40107680652326,44.53333333333333,5.0,7.466666666666667,7.2,109.40854033333333,124.9787733495571,84.71210668289041,0.9333333333333333,0.4666666666666667,2.1333333333333333,1.7333333333333334,0.0,0.00015209784896796918
271828,176,Ring8,15,1,255.36433333333335,202.43098215335058,47.93333333333333,5.0,8.066666666666666,7.6,90.3404556,136.87861129242756,92.0786112924276,0.8,0.4666666666666667,2.6,1.8,0.5333333333333333,0.00026769974147100584
271828,177,I,14,1,313.6834285714286,259.46911522488824,49.214285714285715,5.0,8.285714285714286,7.785714285714286,125.79938285714286,146.94224000169802,103.79938285884086,0.9285714285714286,0.6428571428571429,2.5714285714285716,1.4285714285714286,0.5714285714285714,0.0003868515650538029
271828,177,J,14,1,279.39064285714284,220.74781684789258,53.642857142857146,5.0,9.0,8.642857142857142,128.53118735714287,148.21491577559078,97.50063006130507,0.7857142857142857,0.42857142857142855,2.5,1.5,0.5714285714285714,0.0004358704959486204
271828,177,Jplus,14,1,271.17214285714283,216.88644285038373,49.285714285714285,5.0,8.285714285714286,7.857142857142857,119.47319735714287,139.1058730992784,92.67730167070695,0.7857142857142857,0.35714285714285715,1.7857142857142858,1.3571428571428572,0.0,0.00019990537248304463
271828,177,Ring8,14,1,299.00550000000004,236.71977973028135,57.285714285714285,5.0,9.642857142857142,9.071428571428571,130.13070292857142,146.6622204295286,92.94793471524288,0.7857142857142857,0.35714285714285715,2.4285714285714284,1.2142857142857142,0.5714285714285714,8.377606127396575e-05
271828,178,I,11,1,305.48,239.48002142664592,61.0,5.0,10.181818181818182,10.090909090909092,103.22224772727273,196.59998395063238,136.41816576881422,0.7272727272727273,0.36363636363636365,2.6363636363636362,1.8181818181818181,0.7272727272727273,0.00023569310496895923
271828,178,J,11,1,348.78936363636365,276.51661282895725,67.27272727272727,5.0,11.272727272727273,10.909090909090908,35.00162172727273,183.88729113764626,123.06910931946442,0.9090909090909091,0.5454545454545454,3.3636363636363638,2.1818181818181817,0.7272727272727273,0.0002588814700175135
271828,178,Jplus,11,1,313.7142727272727,247.4415005554175,61.27272727272727,5.0,10.272727272727273,9.909090909090908,34.45454545454545,174.02827449017948,116.93736539927036,0.9090909090909091,0.45454545454545453,2.3636363636363638,2.272727272727273,0.0,0.000493890407597064
271828,178,Ring8,11,1,310.79545454545456,238.52274021700035,67.27272727272727,5.0,11.272727272727273,10.909090909090908,34.092552454545455,179.14228427841292,115.1422842784129,0.8181818181818182,0.45454545454545453,2.5454545454545454,1.8181818181818181,0.5454545454545454,0.0001423870039616304
271828,179,I,13,1,345.98669230769235,289.9867202178931,51.0,5.0,8.615384615384615,7.923076923076923,131.41239807692307,159.09382383409667,113.6322853725582,0.8461538461538461,0.5384615384615384,2.923076923076923,1.3846153846153846,0.6153846153846154,0.00036283261033531744
271828,179,J,13,1,299.17492307692305,239.55955860672137,54.61538461538461,5.0,9.23076923076923,8.461538461538462,95.17700038461538,157.48734605138122,106.02580758984274,0.46153846153846156,0.38461538461538464,3.1538461538461537,1.7692307692307692,0.6153846153846154,0.0002618873777464614
271828,179,Jplus,13,1,268.97061538461537,216.4321853531461,47.53846153846154,5.0,8.0,7.538461538461538,85.37922284615385,147.38327486590575,100.38327486590575,0.5384615384615384,0.23076923076923078,1.9230769230769231,1.4615384615384615,0.0,0.0004095908993804187
271828,179,Ring8,13,1,294.7945384615385,228.25605708593037,61.53846153846154,5.0,10.307692307692308,10.0,155.48659846153845,156.87121385094707,98.40967538940862,0.5384615384615384,0.38461538461538464,3.076923076923077,1.8461538461538463,0.6153846153846154,0.0002578829053163645
271828,180,I,10,1,372.6328,297.9327817142076,69.7,5.0,11.7,11.2,150.0105355,214.63397387909717,148.33397387909713,0.8,0.4,2.7,1.4,0.7,0.00018285792430106085
271828,180,J,10,1,331.8204,251.42043378923918,75.4,5.0,12.6,12.4,148.26007239999998,215.53812991529077,139.83812991529072,0.7,0.2,2.3,1.3,0.8,0.00033789239159887074
271828,180,Jplus,10,1,343.4084,268.50841419786576,69.9,5.0,11.7,11.4,121.09896040000001,199.87755413489884,131.77755413489882,0.8,0.3,1.7,1.4,0.0,0.00014197865766618634
271828,180,Ring8,10,1,339.5908,255.59081952579373,79.0,5.0,13.2,13.0,163.16805159999998,216.72876008897302,138.02876008897303,0.7,0.3,2.2,1.1,0.8,0.00019525793732100283
271828,181,I,13,1,271.50300000000004,211.04146836278238,55.46153846153846,5.0,9.307692307692308,8.923076923076923,114.41952915384614,171.0105205996991,117.16436675354527,0.6923076923076923,0.3076923076923077,2.3846153846153846,1.6923076923076923,0.5384615384615384,8.871617092154338e-05
271828,181,J,13,1,250.85376923076925,189.3152826949111,56.53846153846154,5.0,9.461538461538462,9.23076923076923,99.18981038461538,160.40011166212247,105.09241935443015,0.6923076923076923,0.23076923076923078,2.1538461538461537,1.4615384615384615,0.6153846153846154,0.00032496615585841937
271828,181,Jplus,13,1,247.10576923076923,188.18270483105894,53.92307692307692,5.0,9.0,8.923076923076923,91.5203796923077,151.92745831112805,100.0813044649742,0.7692307692307693,0.3076923076923077,1.6923076923076923,1.6153846153846154,0.0,0.00016280376621580217
271828,181,Ring8,13,1,268.79346153846154,202.79345260307934,61.0,5.0,10.23076923076923,9.846153846153847,112.13071084615385,165.81396023077298,104.96780638461908,0.6923076923076923,0.15384615384615385,2.3076923076923075,1.4615384615384615,0.6153846153846154,0.00011615996845648624
271828,182,I,11,1,340.83336363636363,270.3787846227779,65.45454545454545,5.0,11.0,10.454545454545455,134.4002018181818,196.17607943286774,133.35789761468587,0.7272727272727273,0.36363636363636365,2.8181818181818183,1.7272727272727273,0.7272727272727273,0.0003691494430313469
271828,182,J,11,1,331.6459090909091,254.64591586742125,72.0,5.0,12.090909090909092,11.545454545454545,140.29786454545453,188.69523231641134,119.8770504982295,0.7272727272727273,0.45454545454545453,2.6363636363636362,1.6363636363636365,0.6363636363636364,7.454163369402522e-05
271828,182,Jplus,11,1,333.427,261.7906670281384,66.63636363636364,5.0,11.181818181818182,10.727272727272727,135.2386117272727,180.43517013854384,117.4351701385438,0.8181818181818182,0.45454545454545453,1.7272727272727273,1.3636363636363635,0.0,0.0003373095223651035
271828,182,Ring8,11,1,323.75800000000004,237.84892532263802,80.9090909090909,5.0,13.545454545454545,13.181818181818182,194.18382609090906,195.27473516559695,118.1838260746879,0.7272727272727273,0.5454545454545454,2.6363636363636362,1.7272727272727273,0.5454545454545454,0.0001785490180736815
271828,183,I,14,1,299.2362857142857,242.30773213727107,51.92857142857143,5.0,8.714285714285714,8.357142857142858,150.47252914285716,154.32967199463408,108.18681485177694,0.9285714285714286,0.5714285714285714,2.642857142857143,1.7142857142857142,0.5714285714285714,0.000249921794875263
271828,183,J,14,1,292.72364285714286,234.29507783142148,53.42857142857143,5.0,9.0,8.428571428571429,127.08504942857142,145.05315626640126,96.91029912354409,0.8571428571428571,0.35714285714285715,2.5,1.3571428571428572,0.5714285714285714,8.963990057964111e-05
271828,183,Jplus,14,1,305.12600000000003,249.4831754055168,50.642857142857146,5.0,8.5,8.142857142857142,118.35419528571428,136.75087357060758,91.03658785632184,0.9285714285714286,0.5,2.0,1.5714285714285714,0.0,0.00045567723509520874
271828,183,Ring8,14,1,307.7195714285714,249.50527213833837,53.214285714285715,5.0,8.928571428571429,8.571428571428571,95.17006907142857,142.12337035435942,95.12337035435942,0.9285714285714286,0.35714285714285715,2.642857142857143,1.5,0.5,0.0001900632623801357
271828,184,I,11,1,347.982,277.1637729806834,65.81818181818181,5.0,11.0,10.818181818181818,131.23143372727273,197.72473964855683,134.08837601219318,0.9090909090909091,0.36363636363636365,2.727272727272727,1.7272727272727273,0.7272727272727273,0.0004972124829691893
271828,184,J,11,1,341.98609090909093,265.07703593171806,71.9090909090909,5.0,12.090909090909092,11.454545454545455,137.99833036363637,189.3018564441926,120.93822008055622,0.8181818181818182,0.36363636363636365,2.6363636363636362,1.7272727272727273,0.45454545454545453,0.00039524889825770515
271828,184,Jplus,11,1,339.9623636363636,266.41686568717347,68.54545454545455,5.0,11.454545454545455,11.272727272727273,128.1103620909091,178.80454619297532,114.62272801115715,0.9090909090909091,0.45454545454545453,2.0,1.4545454545454546,0.0,0.0004774410917889327
271828,184,Ring8,11,1,340.87245454545456,255.59970059822774,80.27272727272727,5.0,13.454545454545455,13.0,144.04667036363637,194.02181777104977,118.02181777104974,0.7272727272727273,0.5454545454545454,3.0,2.090909090909091,0.36363636363636365,0.00029341949493755237
271828,185,I,13,1,320.752923076923,259.522183819262,56.23076923076923,5.0,9.461538461538462,8.923076923076923,162.93773876923075,165.24543108452852,112.55312339222085,0.8461538461538461,0.46153846153846156,2.6153846153846154,1.3846153846153846,0.6153846153846154,0.0003896504063050088
271828,185,J,13,1,317.1933076923077,255.73175843937418,56.46153846153846,5.0,9.461538461538462,9.153846153846153,136.3251259230769,158.11136265502066,103.88059342425147,0.9230769230769231,0.3076923076923077,2.3846153846153846,1.3846153846153846,0.6153846153846154,0.00014028813575350796
271828,185,Jplus,13,1,335.3432307692308,274.0355359578531,56.30769230769231,5.0,9.461538461538462,9.0,146.17853646153847,147.1016133755492,95.48622876016455,1.0,0.46153846153846156,1.9230769230769231,1.3846153846153846,0.0,3.254790999562829e-05
271828,185,Ring8,13,1,324.2653846153846,256.0345902888629,63.23076923076923,5.0,10.615384615384615,10.153846153846153,138.22132630769232,159.31661265542894,98.62430496312125,0.9230769230769231,0.3076923076923077,2.5384615384615383,1.6923076923076923,0.6153846153846154,0.00032624478217258
271828,186,I,13,1,300.0014615384615,241.9245607270779,53.07692307692308,5.0,8.923076923076923,8.461538461538462,119.79213430769231,167.41574668075202,118.10805437305969,0.7692307692307693,0.46153846153846156,2.1538461538461537,1.0769230769230769,0.6153846153846154,0.0002894520130212186
271828,186,J,13,1,294.0220769230769,235.8682346175695,53.15384615384615,5.0,8.923076923076923,8.538461538461538,114.485522,153.5828906326424,105.04442909418084,0.7692307692307693,0.5384615384615384,2.6923076923076925,1.6153846153846154,0.6153846153846154,5.002840362067218e-05
271828,186,Jplus,13,1,285.16707692307693,231.0132438574306,49.15384615384615,5.0,8.23076923076923,8.0,102.40107561538463,141.44874121615072,96.37181813922763,0.9230769230769231,0.6153846153846154,2.0,1.7692307692307692,0.0,0.00017014659806591226
271828,186,Ring8,13,1,296.4686923076923,229.39176737962256,62.07692307692308,5.0,10.384615384615385,10.153846153846153,92.61824246153847,154.90122837528904,96.90122837528905,1.0,0.6923076923076923,3.3076923076923075,2.230769230769231,0.6153846153846154,2.40649064835452e-05
271828,187,I,14,1,249.55085714285715,202.40796761847847,42.142857142857146,5.0,7.071428571428571,6.785714285714286,76.73800585714285,143.51698323872134,103.58841181014989,0.7857142857142857,0.35714285714285715,2.142857142857143,1.5,0.5,0.000453341301636101
271828,187,J,14,1,259.3435714285714,203.48642855658818,50.857142857142854,5.0,8.5,8.357142857142858,121.428371,153.86462793466893,103.7217707918118,0.6428571428571429,0.2857142857142857,2.4285714285714284,1.7857142857142858,0.5714285714285714,2.077654244203586e-07
271828,187,Jplus,14,1,253.65485714285714,200.08340033690575,48.57142857142857,5.0,8.142857142857142,7.857142857142857,101.5632147142857,134.07085697199645,88.78514268628217,0.9285714285714286,0.35714285714285715,2.0714285714285716,1.9285714285714286,0.0,0.0003952833194489358
271828,187,Ring8,14,1,270.97014285714283,207.82727141788925,58.142857142857146,5.0,9.714285714285714,9.571428571428571,134.50079557142857,149.6022030004478,95.38791728616205,0.8571428571428571,0.5,3.0714285714285716,2.2857142857142856,0.5714285714285714,0.00020014955043734517
271828,188,I,10,1,408.1192,327.3191747408499,75.8,5.0,12.7,12.3,180.7672387,219.77825849963375,149.17825849963378,0.9,0.6,2.5,1.3,0.7,0.0002525915010664903
271828,188,J,10,1,352.20500000000004,264.8050159122922,82.4,5.0,13.8,13.4,178.1153981,209.29545351187858,131.49545351187857,0.9,0.5,2.8,1.9,0.6,0.0001591229220139212
271828,188,Jplus,10,1,365.7455,279.9454873561072,80.8,5.0,13.5,13.3,170.2767478,199.03209738821394,124.13209738821392,1.0,0.6,2.0,1.6,0.0,0.00012643892796404543
271828,188,Ring8,10,1,380.6707,281.57073661291895,94.1,5.0,15.8,15.1,189.5533253,218.8886729865232,128.78867298652318,0.8,0.6,2.7,1.4,0.8,0.00036612918938772054
271828,189,I,15,1,275.54906666666665,223.68242194377737,46.86666666666667,5.0,7.866666666666666,7.533333333333333,149.00728519999998,151.0072851792329,105.14061851256614,0.6666666666666666,0.3333333333333333,2.533333333333333,1.7333333333333334,0.5333333333333333,0.00032915666088229045
271828,189,J,15,1,256.21526666666665,202.21523675263774,49.0,5.0,8.2,8.0,121.15399406666667,141.74835602894893,93.34835602894891,0.6666666666666666,0.3333333333333333,2.6666666666666665,1.9333333333333333,0.5333333333333333,0.0004487104338295467
271828,189,Jplus,15,1,246.49699999999999,195.49700828298532,46.0,5.0,7.733333333333333,7.333333333333333,105.91783186666666,126.42561902946788,85.09228569613454,0.8,0.5333333333333333,2.2,1.9333333333333333,0.0,0.0001242447797267232
271828,189,Ring8,15,1,273.04106666666667,219.70776534011608,48.333333333333336,5.0,8.133333333333333,7.666666666666667,114.98940333333333,129.8840502927938,86.61738362612711,0.7333333333333333,0.5333333333333333,2.7333333333333334,1.8,0.5333333333333333,0.00048010174123191973
271828,190,I,10,1,394.1807,315.1806622777109,74.0,5.0,12.4,12.0,188.7865855,222.90460472840383,152.50460472840385,0.8,0.6,2.6,1.3,0.8,0.00037722289062003256
271828,190,J,10,1,337.8503,256.4502779238297,76.4,5.0,12.8,12.4,202.1959783,208.19597832714234,132.99597832714235,0.8,0.2,2.1,1.3,0.6,0.00022076170353102498
271828,190,Jplus,10,1,367.599,288.49903665906106,74.1,5.0,12.4,12.1,188.8320974,196.03209738821394,124.13209738821392,1.0,0.2,1.7,1.5,0.0,0.00036659061106547597
271828,190,Ring8,10,1,357.8766,265.4765666835943,87.4,5.0,14.6,14.4,165.30073339999998,209.84137550843275,124.74137550843275,1.0,0.3,2.5,1.6,0.7,0.0003331640573378536
271828,191,I,15,1,254.74706666666668,207.54709115525867,42.2,5.0,7.066666666666666,6.866666666666666,121.86939493333333,145.9390164550945,103.9390164550945,0.6666666666666666,0.2,2.4,1.7333333333333334,0.4666666666666667,0.0003673288797472196
271828,191,J,15,1,257.3335333333333,205.866849085221,46.46666666666667,5.0,7.8,7.466666666666667,116.3127936,132.28302666863937,88.61636000197267,0.8,0.4,2.533333333333333,1.8,0.5333333333333333,0.0002637216853145219
271828,191,Jplus,15,1,249.27526666666665,202.47527415223303,41.8,5.0,7.0,6.8,103.91783186666666,121.02881739599509,82.76215072932841,0.9333333333333333,0.4,2.066666666666667,1.8,0.0,0.00011228349558223272
271828,191,Ring8,15,1,267.0408,213.50745945029493,48.53333333333333,5.0,8.133333333333333,7.866666666666666,115.84600826666666,130.40945429773927,85.4094542977393,0.8666666666666667,0.4666666666666667,2.6666666666666665,1.7333333333333334,0.5333333333333333,0.00010824557602973073
271828,192,I,13,1,330.0395384615385,269.9626513652143,55.07692307692308,5.0,9.23076923076923,8.923076923076923,138.45719446153845,162.149502143324,111.61104060486248,0.8461538461538461,0.5384615384615384,2.769230769230769,1.7692307692307692,0.6153846153846154,0.0004677477854784229
271828,192,J,13,1,321.9612307692308,258.7304547407351,58.23076923076923,5.0,9.76923076923077,9.384615384615385,128.95093761538462,151.2618886128145,97.95419630512218,0.8461538461538461,0.5384615384615384,2.5384615384615383,1.7692307692307692,0.38461538461538464,8.837044333631638e-05
271828,192,Jplus,13,1,318.11053846153845,257.72595568680066,55.38461538461539,5.0,9.307692307692308,8.846153846153847,125.90519061538461,146.19129236568023,95.57590775029558,0.9230769230769231,0.6153846153846154,2.076923076923077,1.7692307692307692,0.0,0.00042392840896354755
271828,192,Ring8,13,1,337.1143846153846,264.1143673979643,68.0,5.0,11.384615384615385,11.076923076923077,131.00222346153845,163.06679331959893,100.06679331959891,0.8461538461538461,0.6153846153846154,3.3076923076923075,2.3076923076923075,0.6153846153846154,0.00022382646420737728
271828,193,I,12,1,319.74741666666665,256.99739825709804,57.75,5.0,9.75,9.0,148.03695466666667,172.70362129782686,121.1202879644935,0.8333333333333334,0.75,2.5833333333333335,1.5,0.5,0.00022091482333053136
271828,193,J,12,1,302.30325,229.6365967577781,67.66666666666667,5.0,11.333333333333334,11.0,130.6584875,176.24042311069368,112.40708977736035,0.6666666666666666,0.5833333333333334,2.6666666666666665,1.5,0.6666666666666666,0.0001610933372830914
271828,193,Jplus,12,1,312.21999999999997,242.97002054094855,64.25,5.0,10.75,10.5,121.72335791666666,165.50928326671928,107.2592832667193,0.8333333333333334,0.5833333333333334,2.0833333333333335,1.3333333333333333,0.0,0.0002464913827679993
271828,193,Ring8,12,1,308.71708333333333,229.46711231990048,74.25,5.0,12.416666666666666,12.166666666666666,161.11850825,181.74294629213054,109.24294629213047,0.6666666666666666,0.5,2.6666666666666665,1.9166666666666667,0.5,0.00034783880573741044
271828,194,I,16,1,246.3546875,199.54215660395153,41.8125,5.0,7.0,6.8125,109.3236254375,122.70236418966267,87.76486418966267,0.75,0.6875,3.0625,2.125,0.5,0.0004943367757732631
271828,194,J,16,1,233.3335625,186.95858295299467,41.375,5.0,6.9375,6.6875,108.3970566875,122.40243109096227,82.83993109096227,0.625,0.5,2.5625,1.875,0.5,0.0003272479148108687
271828,194,Jplus,16,1,223.389125,179.6391511970317,38.75,5.0,6.5,6.25,96.638338625,100.01333864765063,67.20083864765061,0.875,0.6875,2.125,2.0,0.0,0.000419152507220133
271828,194,Ring8,16,1,241.1014375,190.16394321545252,45.9375,5.0,7.75,7.1875,108.9770645625,108.97706458180265,69.22706458180265,0.6875,0.625,3.1875,2.0,0.5,9.144724026555195e-05
271828,195,I,13,1,293.50315384615385,237.503162611285,51.0,5.0,8.538461538461538,8.307692307692308,135.3741399230769,162.08593961436787,112.16286269129094,0.6923076923076923,0.3076923076923077,2.230769230769231,1.4615384615384615,0.5384615384615384,0.0001139467049142695
271828,195,J,13,1,294.86976923076924,235.7159243521332,54.15384615384615,5.0,9.076923076923077,8.76923076923077,137.40792100000002,157.885064117455,104.88506411745499,0.6923076923076923,0.3076923076923077,2.3846153846153846,1.6153846153846154,0.6153846153846154,1.6577731457800837e-05
271828,195,Jplus,13,1,283.2716923076923,227.73322868454983,50.53846153846154,5.0,8.461538461538462,8.23076923076923,105.0934376153846,145.5147911138531,95.97632957539153,0.7692307692307693,0.3076923076923077,1.8461538461538463,1.6153846153846154,0.0,2.7100852548755938e-05
271828,195,Ring8,13,1,281.2536923076923,218.33058294681527,57.92307692307692,5.0,9.692307692307692,9.461538461538462,120.14386346153846,159.08724277431526,101.47185815893067,0.6153846153846154,0.3076923076923077,2.5384615384615383,1.6923076923076923,0.6153846153846154,0.00042169140124315163
271828,196,I,12,1,305.53908333333334,243.87238854436984,56.666666666666664,5.0,9.5,9.166666666666666,118.5001795,174.89253927501977,121.22587260835307,0.8333333333333334,0.5833333333333334,2.25,1.1666666666666667,0.6666666666666666,0.0003374675620761991
271828,196,J,12,1,308.14341666666667,240.39341058986972,62.75,5.0,10.5,10.25,124.43414133333333,167.21431828335628,109.38098495002293,0.9166666666666666,0.5,2.25,1.3333333333333333,0.5,7.292156351468293e-05
271828,196,Jplus,12,1,302.9940833333333,238.2440748892343,59.75,5.0,10.0,9.75,115.43449858333334,157.86008115684496,103.44341449017827,1.0,0.5,1.75,1.3333333333333333,0.0,0.00010132918851013528
271828,196,Ring8,12,1,314.69374999999997,238.36038972937573,71.33333333333333,5.0,11.916666666666666,11.75,138.02594925,176.33873158005431,109.50539824672101,0.9166666666666666,0.5833333333333334,2.8333333333333335,1.8333333333333333,0.6666666666666666,0.0003232474909964367
271828,197,I,10,1,360.9298,281.8297874768698,74.1,5.0,12.4,12.1,165.63077370000002,229.72743610531955,156.42743610531957,0.6,0.3,2.9,1.9,0.7,0.00012523130180852604
271828,197,J,10,1,344.6611,258.3611233242367,81.3,5.0,13.6,13.3,137.0075156,216.47034204663746,136.07034204663745,0.6,0.4,3.0,2.0,0.7,0.00023324236690314137
271828,197,Jplus,10,1,335.95459999999997,256.75460184781684,74.2,5.0,12.4,12.2,126.4858898,199.55193845268658,127.25193845268655,0.8,0.4,1.8,1.5,0.0,1.8478168385627214e-05
271828,197,Ring8,10,1,346.77,251.97004608401267,89.8,5.0,15.0,14.8,180.7891184,227.56307858994705,138.5630785899471,0.7,0.3,2.8,1.9,0.7,0.0004608401268342277
271828,198,I,15,1,300.61800000000005,248.75135888703932,46.86666666666667,5.0,7.866666666666666,7.533333333333333,114.05800333333333,133.79133664262523,96.32466997595856,0.9333333333333333,0.8,3.1333333333333333,2.0,0.5333333333333333,0.0003833055893665005
271828,198,J,15,1,260.7608666666667,210.3608369251382,45.4,5.0,7.6,7.4,99.87508773333334,135.00812754765195,91.3414608809853,0.7333333333333333,0.4,2.2,1.3333333333333333,0.5333333333333333,0.00044612292731471825
271828,198,Jplus,15,1,248.0413333333333,199.30801010356373,43.733333333333334,5.0,7.333333333333333,7.066666666666666,106.33896866666667,124.30920169929841,82.84253503263174,0.9333333333333333,0.3333333333333333,1.8,1.6,0.0,0.00015155345590756042
271828,198,Ring8,15,1,252.2492,195.71585368280873,51.53333333333333,5.0,8.666666666666666,8.2,115.98023313333333,131.67488010779326,83.6082134411266,0.8,0.4666666666666667,2.6666666666666665,1.8666666666666667,0.5333333333333333,0.00019475786893963232
271828,199,I,11,1,345.607,279.1524811067066,61.45454545454545,5.0,10.272727272727273,10.090909090909092,194.46596727272728,195.55687636002503,136.46596726911596,0.7272727272727273,0.5454545454545454,2.090909090909091,1.1818181818181819,0.45454545454545453,0.0002921737727774598
271828,199,J,11,1,354.76572727272725,278.94754237808615,70.81818181818181,5.0,11.909090909090908,11.272727272727273,142.53317954545454,194.7115027796237,127.6205936887146,0.6363636363636364,0.5454545454545454,2.727272727272727,1.1818181818181819,0.7272727272727273,3.384105184522923e-05
271828,199,Jplus,11,1,361.47,286.1063905849961,70.36363636363636,5.0,11.818181818181818,11.272727272727273,150.97886163636363,176.57463398928542,112.84736126201265,1.0,0.5454545454545454,2.1818181818181817,1.4545454545454546,0.0,0.0002964349573630898
271828,199,Ring8,11,1,347.8213636363636,270.73040911381753,72.0909090909091,5.0,12.090909090909092,11.636363636363637,147.24553527272727,187.45918947006086,118.64100765187905,0.8181818181818182,0.36363636363636365,2.4545454545454546,1.2727272727272727,0.7272727272727273,0.0004997480073143379
271828,200,I,15,1,269.7394,223.2060750611192,41.53333333333333,5.0,7.0,6.533333333333333,116.37973919999999,139.46468011554182,101.06468011554186,0.8,0.4666666666666667,2.8666666666666667,1.8666666666666667,0.5333333333333333,0.00012591678841999965
271828,200,J,15,1,260.55366666666663,213.48699680959618,42.06666666666667,5.0,7.066666666666666,6.733333333333333,96.20772066666667,128.07567274442275,88.34233941108938,0.8,0.4,2.6,1.6666666666666667,0.5333333333333333,4.7856057335593505e-05
271828,200,Jplus,15,1,268.5110666666667,225.31107071169632,38.2,5.0,6.4,6.2,89.62277453333333,121.50604159995227,86.10604159995225,0.8666666666666667,0.4,1.9333333333333333,1.6,0.0,6.0675444728985894e-05
271828,200,Ring8,15,1,267.2515333333333,217.31820152712706,44.93333333333333,5.0,7.533333333333333,7.266666666666667,89.31471846666666,134.12389063120142,91.59055729786807,0.8,0.4,2.7333333333333334,1.8,0.5333333333333333,2.2906905542185996e-05
314159,1,I,11,1,328.5921818181818,264.6830768101765,58.90909090909091,5.0,9.909090909090908,9.363636363636363,108.4427349090909,189.17000765840675,134.44273493113403,0.8181818181818182,0.6363636363636364,2.3636363636363638,1.0909090909090908,0.7272727272727273,0.00015508805881836452
314159,1,J,11,1,310.3361818181818,239.7907070379297,65.54545454545455,5.0,11.0,10.545454545454545,112.99490227272727,187.58250010253042,122.21886373889406,0.6363636363636364,0.2727272727272727,2.4545454545454546,1.5454545454545454,0.7272727272727273,0.0002225827729489538
314159,1,Jplus,11,1,321.9956363636364,253.99566799220636,63.0,5.0,10.545454545454545,10.272727272727273,106.29018145454546,178.73117892087004,116.82208801177913,0.8181818181818182,0.2727272727272727,2.0,1.8181818181818181,0.0,0.000347914269696048
314159,1,Ring8,11,1,306.25427272727273,232.16337610772652,69.0909090909091,5.0,11.545454545454545,11.363636363636363,100.41379699999999,182.4047316666706,113.04109530303425,0.6363636363636364,0.2727272727272727,2.090909090909091,1.8181818181818181,0.18181818181818182,0.00013718499167225673
314159,2,I,13,1,316.1327692307692,257.363559712287,53.76923076923077,5.0,9.0,8.76923076923077,157.77878446153846,162.39416910376193,111.85570756530039,0.8461538461538461,0.46153846153846156,2.3076923076923075,1.4615384615384615,0.6153846153846154,0.00027625973143585725
314159,2,J,13,1,323.6086153846154,260.6855612920957,57.92307692307692,5.0,9.692307692307692,9.461538461538462,139.84422046153847,162.4714387760753,107.93297723761377,0.7692307692307693,0.5384615384615384,2.5384615384615383,1.6153846153846154,0.5384615384615384,0.00029679724411835195
314159,2,Jplus,13,1,315.40723076923075,255.40719316657683,55.0,5.0,9.23076923076923,8.846153846153847,130.5034386923077,150.3152460606219,100.69986144523726,0.8461538461538461,0.6153846153846154,2.076923076923077,1.5384615384615385,0.0,0.0004888345010840567
314159,2,Ring8,13,1,312.7338461538462,244.27230689900247,63.46153846153846,5.0,10.615384615384615,10.384615384615385,108.91149215384615,158.98960242557345,101.60498704095805,0.7692307692307693,0.6153846153846154,2.923076923076923,1.7692307692307692,0.6153846153846154,1.0312967788195238e-05
314159,3,I,11,1,360.005,286.641343884271,68.36363636363636,5.0,11.454545454545455,11.090909090909092,198.5950490909091,199.68595815312239,135.14050360766788,0.8181818181818182,0.45454545454545453,2.6363636363636362,1.7272727272727273,0.5454545454545454,0.00021727301873397664
314159,3,J,11,1,339.83236363636365,264.1959835846545,70.63636363636364,5.0,11.818181818181818,11.545454545454545,159.15980154545454,188.6955652845086,122.96829255723587,0.8181818181818182,0.6363636363636364,2.4545454545454546,1.4545454545454546,0.45454545454545453,0.00018056880026051658
314159,3,Jplus,11,1,333.5872727272727,262.22360037856356,66.36363636363636,5.0,11.090909090909092,10.909090909090908,155.2824221818182,186.98218148357748,124.61854511994115,0.7272727272727273,0.6363636363636364,1.7272727272727273,1.1818181818181819,0.0,0.0003958358011004748
314159,3,Ring8,11,1,344.7991818181818,261.0718874481884,78.72727272727273,5.0,13.181818181818182,12.818181818181818,152.29013509090908,197.99323163500603,123.08414072591509,0.7272727272727273,0.6363636363636364,3.0,1.8181818181818181,0.6363636363636364,0.0002380699274908693
314159,4,I,16,1,238.478375,192.85335575894143,40.625,5.0,6.875,6.25,91.787852875,93.61318427320383,61.23818427320383,0.875,0.6875,2.875,1.5625,0.5,0.0003078569370700279
314159,4,J,16,1,245.0496875,197.9872088999665,42.0625,5.0,7.0625,6.75,111.796424,112.54642399483774,73.73392399483774,0.875,0.4375,3.1875,2.0625,0.5,0.0003423994639888406
314159,4,Jplus,16,1,224.5155,180.01551195611455,39.5,5.0,6.625,6.375,96.68850875,98.18850875198962,66.8135087519896,0.9375,0.75,2.375,2.0625,0.0,0.00019129783277094248
314159,4,Ring8,16,1,221.786625,175.66161217088623,41.125,5.0,6.9375,6.4375,88.1796354375,88.92963541873725,54.99213541873725,0.875,0.5625,3.1875,2.0625,0.5,0.0002052658201137092
314159,5,I,11,1,368.469,292.1962656797233,71.27272727272727,5.0,12.0,11.272727272727273,191.99445090909092,195.81263277111918,131.2671782256646,0.9090909090909091,0.7272727272727273,2.8181818181818183,1.2727272727272727,0.7272727272727273,7.752304372843355e-05
314159,5,J,11,1,357.53700000000003,276.7188450936065,75.81818181818181,5.0,12.727272727272727,12.181818181818182,187.8023642727273,193.25690974350357,120.52963701623084,0.8181818181818182,0.45454545454545453,3.0,1.8181818181818181,0.7272727272727273,0.0002960296715173172
314159,5,Jplus,11,1,349.7921818181818,274.42852226112416,70.36363636363636,5.0,11.818181818181818,11.272727272727273,173.2168020909091,178.67134757114033,112.8531657529585,0.9090909090909091,0.5454545454545454,2.090909090909091,1.5454545454545454,0.0,0.00025512763431834173
314159,5,Ring8,11,1,361.82599999999996,274.5533143820194,82.27272727272727,5.0,13.818181818181818,13.181818181818182,190.4564011818182,195.91094659560338,116.72912841378519,0.8181818181818182,0.45454545454545453,3.0,1.8181818181818181,0.7272727272727273,0.0004582022133945429
314159,6,I,16,1,269.087875,223.9628505720875,40.125,5.0,6.75,6.375,123.39656175,124.5215617457313,90.1465617457313,0.9375,0.5,2.5,1.5,0.5,0.0003908466001121269
314159,6,J,16,1,258.550125,211.86263823755343,41.6875,5.0,7.0,6.6875,122.18635725,124.06135726665241,84.56135726665242,0.8125,0.375,2.5625,1.8125,0.4375,0.0002118008551406092
314159,6,Jplus,16,1,211.4025625,174.65257725589007,31.75,5.0,5.375,4.875,68.6361185625,70.1361185508805,45.51111855088049,0.9375,0.6875,1.875,1.5,0.0,0.000236094241245155
314159,6,Ring8,16,1,246.7568125,193.25679427804772,48.5,5.0,8.1875,7.5625,118.8908220625,127.71156117859431,86.8365611785943,0.6875,0.625,2.5,1.5,0.375,0.00029155123638702207
314159,7,I,11,1,360.19627272727274,284.37809586407275,70.81818181818181,5.0,11.909090909090908,11.272727272727273,196.37581481818185,199.64854207633815,134.46672389451996,0.9090909090909091,0.6363636363636364,2.3636363636363638,1.5454545454545454,0.36363636363636365,5.4504800118593266e-05
314159,7,J,11,1,364.356,283.446912803647,75.9090909090909,5.0,12.727272727272727,12.272727272727273,163.72970290909092,192.05274795900343,119.2345661408216,0.9090909090909091,0.36363636363636365,2.5454545454545454,1.5454545454545454,0.7272727272727273,4.0840116980689345e-05
314159,7,Jplus,11,1,353.553,277.9166041580477,70.63636363636364,5.0,11.818181818181818,11.545454545454545,152.0362750909091,180.35932010817362,112.90477465362815,0.9090909090909091,0.45454545454545453,1.6363636363636365,1.3636363636363635,0.0,0.0003542614754223905
314159,7,Ring8,11,1,372.8775454545455,283.6957068182116,84.18181818181819,5.0,14.090909090909092,13.727272727272727,168.00024972727272,195.43113268050038,115.43113268050037,0.9090909090909091,0.45454545454545453,2.727272727272727,1.5454545454545454,0.6363636363636364,0.00022499967280964484
314159,8,I,16,1,250.679,204.86651910819572,40.8125,5.0,6.875,6.4375,110.50030075,124.25190470485927,89.75190470485926,0.75,0.6875,2.75,1.4375,0.5,0.0003057311314478284
314159,8,J,16,1,244.5291875,197.52920047058203,42.0,5.0,7.0625,6.6875,105.9486789375,117.79011096334126,79.91511096334126,0.6875,0.375,2.75,1.875,0.5,0.00020752931231982075
314159,8,Jplus,16,1,237.5510625,194.98858460283543,37.5625,5.0,6.3125,6.0,97.321344625,108.75303801313639,76.8780380131364,0.6875,0.5,2.3125,1.75,0.0,0.00035364536688575754
314159,8,Ring8,16,1,223.5865,178.83652838945838,39.75,5.0,6.6875,6.3125,84.1944115625,92.8775339640521,58.69003396405211,0.8125,0.625,2.75,1.625,0.5,0.00045423133406075067
314159,9,I,11,1,368.7270909090909,289.0907427480704,74.63636363636364,5.0,12.545454545454545,11.909090909090908,188.78383381818182,194.78383378466003,128.9656519664782,1.0,0.7272727272727273,2.727272727272727,1.7272727272727273,0.5454545454545454,0.00017022877455019625
314159,9,J,11,1,353.14936363636366,269.8766352816526,78.27272727272727,5.0,13.090909090909092,12.818181818181818,162.75294463636362,191.63026455730986,117.08481001185532,0.9090909090909091,0.6363636363636364,2.3636363636363638,1.3636363636363635,0.7272727272727273,1.1901821380888578e-05
314159,9,Jplus,11,1,345.284,265.19308624627433,75.0909090909091,5.0,12.545454545454545,12.363636363636363,153.70613436363635,187.56111473727844,116.83384201000572,0.9090909090909091,0.7272727272727273,1.8181818181818181,1.5454545454545454,0.0,5.1290982355567394e-05
314159,9,Ring8,11,1,354.1786363636364,262.0877514924766,87.0909090909091,5.0,14.545454545454545,14.363636363636363,168.97068836363636,201.87731747830915,118.69549929649102,0.8181818181818182,0.7272727272727273,2.727272727272727,1.8181818181818181,0.5454545454545454,0.00026641724252840504
314159,10,I,16,1,277.854375,231.4168923900598,41.4375,5.0,7.0,6.4375,109.467400125,110.21740011313318,77.3424001131332,0.9375,0.6875,3.1875,1.875,0.5,0.00027824095650430536
314159,10,J,16,1,279.6250625,228.75006166471601,45.875,5.0,7.6875,7.4375,107.2971326875,119.7172603893841,80.09226038938411,0.9375,0.5625,2.8125,1.9375,0.4375,1.3364543974603293e-05
314159,10,Jplus,16,1,274.352,227.28949950197696,42.0625,5.0,7.0625,6.75,100.422967375,113.22189283969199,77.72189283969199,0.9375,0.625,2.1875,1.6875,0.0,7.96836820882163e-06
314159,10,Ring8,16,1,262.8080625,207.55808825893016,50.25,5.0,8.4375,8.0625,122.7448160625,124.61981604282661,79.55731604282661,0.8125,0.625,2.6875,1.75,0.5,0.0004121428823964379
314159,11,I,11,1,373.79263636363635,307.9744243559434,60.81818181818182,5.0,10.181818181818182,9.909090909090908,133.58445727272726,190.47661561772964,133.02207016318414,0.7272727272727273,0.45454545454545453,2.3636363636363638,1.0,0.7272727272727273,0.00033208462218681234
314159,11,J,11,1,296.47436363636365,225.29251050635096,66.18181818181819,5.0,11.090909090909092,10.727272727272727,136.31807736363638,183.92742918167903,117.92742918167905,0.6363636363636364,0.2727272727272727,2.3636363636363638,1.4545454545454546,0.6363636363636364,0.0003844301390927285
314159,11,Jplus,11,1,308.5997272727273,240.0542507799337,63.54545454545455,5.0,10.636363636363637,10.363636363636363,126.95904936363637,175.7425489657904,113.28800351124492,0.8181818181818182,0.18181818181818182,1.9090909090909092,1.6363636363636365,0.0,0.00024142072925315006
314159,11,Ring8,11,1,304.39481818181815,226.0311368841876,73.36363636363636,5.0,12.272727272727273,12.0,125.34988399999999,190.36199114867958,117.27108205777044,0.6363636363636364,0.2727272727272727,2.6363636363636362,1.7272727272727273,0.6363636363636364,0.0004942739365105808
314159,12,I,15,1,293.18626666666665,243.71960060436288,44.46666666666667,5.0,7.466666666666667,7.133333333333334,118.3481704,138.88150376216055,99.54817042882719,0.8666666666666667,0.6666666666666666,2.2666666666666666,1.4,0.5333333333333333,9.06544346435112e-06
314159,12,J,15,1,281.98453333333333,228.65119736346688,48.333333333333336,5.0,8.133333333333333,7.666666666666667,119.43190193333334,136.93660531012793,92.46993864346129,0.8,0.4666666666666667,2.2,1.3333333333333333,0.5333333333333333,3.9547996948385844e-05
314159,12,Jplus,15,1,279.10973333333334,226.97639597955464,47.13333333333333,5.0,7.933333333333334,7.466666666666667,107.11783186666666,124.62144600010929,82.75477933344263,0.9333333333333333,0.5333333333333333,2.0,1.6666666666666667,0.0,6.030668009771034e-05
314159,12,Ring8,15,1,278.4768,217.87678883193627,55.6,5.0,9.333333333333334,8.933333333333334,115.57512246666667,144.52434316607977,92.45767649941308,0.7333333333333333,0.5333333333333333,3.0,2.066666666666667,0.5333333333333333,0.00016752095598349115
314159,13,I,14,1,291.7118571428571,238.78330555720405,47.92857142857143,5.0,8.071428571428571,7.571428571428571,145.68102328571428,146.9667375953306,104.75245188104488,0.8571428571428571,0.5714285714285714,2.7142857142857144,1.5,0.5714285714285714,0.00027780085656559095
314159,13,J,14,1,284.86364285714285,232.93506603939906,46.92857142857143,5.0,7.857142857142857,7.642857142857143,127.82724385714286,146.2239221359168,101.58106499305966,0.7857142857142857,0.42857142857142855,2.357142857142857,1.5714285714285714,0.5714285714285714,7.544841309936601e-05
314159,13,Jplus,14,1,270.5525,220.98104837425808,44.57142857142857,5.0,7.5,7.071428571428571,80.27181678571428,137.70731173872045,97.27874031014903,0.7857142857142857,0.5,2.2142857142857144,1.8571428571428572,0.0,0.0003227603870072926
314159,13,Ring8,14,1,304.37064285714285,245.15635227362074,54.214285714285715,5.0,9.071428571428571,8.857142857142858,130.80043607142858,146.75898638629906,95.61612924344195,0.7857142857142857,0.5,2.7142857142857144,1.6428571428571428,0.5714285714285714,6.81693099977565e-05
314159,14,I,15,1,286.7486,240.7486044120689,41.0,5.0,6.866666666666666,6.666666666666667,111.31546473333333,135.07070993719498,97.20404327052832,1.0,0.4,1.9333333333333333,1.3333333333333333,0.4,6.618103316213819e-05
314159,14,J,15,1,267.9070666666667,217.44036677707487,45.46666666666667,5.0,7.6,7.466666666666667,107.53884153333334,130.6763904487245,88.07639044872452,0.8666666666666667,0.4,2.066666666666667,1.4,0.4,0.0004983438770977955
314159,14,Jplus,15,1,276.85813333333334,228.12478297435578,43.733333333333334,5.0,7.333333333333333,7.066666666666666,104.71783186666667,125.27358468909524,85.40691802242857,0.9333333333333333,0.4,1.8,1.4666666666666666,0.0,0.0002553846634327783
314159,14,Ring8,15,1,298.4762666666667,235.3429517578488,58.13333333333333,5.0,9.733333333333333,9.466666666666667,125.20761006666666,139.70225703498843,87.4355903683218,0.9333333333333333,0.5333333333333333,2.6666666666666665,1.5333333333333334,0.5333333333333333,0.00027636773165795603
314159,15,I,13,1,338.60123076923077,277.44738652181013,56.15384615384615,5.0,9.461538461538462,8.846153846153847,142.68791315384615,166.84175932149935,116.3802208599609,0.9230769230769231,0.5384615384615384,2.3846153846153846,1.3076923076923077,0.6153846153846154,2.4783531898719957e-05
314159,15,J,13,1,332.87515384615386,264.4905447186106,63.38461538461539,5.0,10.692307692307692,9.923076923076923,149.557727,175.259331347116,115.4901005778852,0.6923076923076923,0.46153846153846156,2.6923076923076925,1.3076923076923077,0.6153846153846154,8.134193740261253e-05
314159,15,Jplus,13,1,333.6612307692307,267.35356869627645,61.30769230769231,5.0,10.307692307692308,9.76923076923077,128.67442138461539,153.3513118087858,98.12054257801653,0.9230769230769231,0.6153846153846154,2.3076923076923075,1.6923076923076923,0.0,0.0003930515945285151
314159,15,Ring8,13,1,340.8846923076923,267.5000684034802,68.38461538461539,5.0,11.461538461538462,11.076923076923077,136.35002284615385,156.65288764813633,95.88365687890555,0.9230769230769231,0.6923076923076923,2.923076923076923,2.0,0.3076923076923077,0.00011075475731558981
314159,16,I,12,1,312.9918333333333,251.82517939894691,56.166666666666664,5.0,9.416666666666666,9.083333333333334,150.46813283333333,179.12138558132426,125.87138558132426,0.8333333333333334,0.4166666666666667,3.0,1.9166666666666667,0.6666666666666666,0.00015278736282198224
314159,16,J,12,1,297.6648333333333,235.49816301813044,57.166666666666664,5.0,9.583333333333334,9.25,82.22365725,174.11374823915102,118.61374823915101,0.5833333333333334,0.5,2.6666666666666665,1.6666666666666667,0.5,4.378243465907872e-05
314159,16,Jplus,12,1,284.54016666666666,222.54015039238266,57.0,5.0,9.583333333333334,9.083333333333334,140.99541358333332,160.95820489164097,108.70820489164093,0.8333333333333334,0.5,2.4166666666666665,2.0833333333333335,0.0,0.00019529140809027012
314159,16,Ring8,12,1,315.04591666666664,238.7959125040062,71.25,5.0,11.916666666666666,11.666666666666666,141.99223466666666,178.5940980039011,110.84409800390112,0.8333333333333334,0.5,3.5,2.4166666666666665,0.6666666666666666,4.9951925575442147e-05
314159,17,I,16,1,225.4311875,187.11871347070976,33.3125,5.0,5.625,5.1875,78.4547655,80.32976551963401,53.26726551963401,0.75,0.6875,2.8125,1.6875,0.5,0.0004155313563387608
314159,17,J,16,1,262.6298125,211.12981153365493,46.5,5.0,7.8125,7.4375,108.3847479375,121.04804030130475,80.86054030130472,0.875,0.625,2.8125,1.8125,0.5,1.5461521343240747e-05
314159,17,Jplus,16,1,224.9049375,182.5299374825659,37.375,5.0,6.25,6.125,89.970595875,92.9705958769639,60.1580958769639,0.875,0.5625,2.0625,1.6875,0.0,2.789452082652133e-07
314159,17,Ring8,16,1,275.7030625,218.7030462217483,52.0,5.0,8.75,8.25,121.4625851875,131.75245545194346,84.43995545194345,0.75,0.4375,3.1875,2.125,0.5,0.0002604520268505439
314159,18,I,15,1,261.439,215.17235668941112,41.266666666666666,5.0,6.933333333333334,6.6,117.12301040000001,137.25634373469322,98.92301040135992,1.0,0.3333333333333333,2.8,2.1333333333333333,0.5333333333333333,0.00035034116672250093
314159,18,J,15,1,250.04626666666667,197.37960509799248,47.666666666666664,5.0,8.0,7.666666666666667,124.810169,141.58040201319255,95.7137353465259,0.6,0.4,2.6666666666666665,1.7333333333333334,0.5333333333333333,7.646988706255797e-05
314159,18,Jplus,15,1,245.4456,195.91228525077406,44.53333333333333,5.0,7.466666666666667,7.2,109.32178933333333,127.88293157867315,86.21626491200648,0.7333333333333333,0.3333333333333333,2.1333333333333333,1.8666666666666667,0.0,0.00027876161084350315
314159,18,Ring8,15,1,233.29673333333332,181.4300644226788,46.86666666666667,5.0,7.866666666666666,7.533333333333333,94.42325913333335,135.5837120561056,90.0503787227723,0.6,0.4,2.466666666666667,1.6,0.5333333333333333,3.365981774550164e-05
314159,19,I,14,1,293.1311428571429,240.91686651377293,47.214285714285715,5.0,7.928571428571429,7.571428571428571,127.27698114285714,150.5626954570267,105.99126688559815,0.7857142857142857,0.5,2.5,1.7142857142857142,0.5714285714285714,0.0001311928208451718
314159,19,J,14,1,285.72585714285714,228.86872870309926,51.857142857142854,5.0,8.714285714285714,8.285714285714286,129.19474278571428,146.3057067765994,97.30570677659941,0.7857142857142857,0.35714285714285715,2.7857142857142856,1.7857142857142858,0.5714285714285714,0.00020184338973194826
314159,19,Jplus,14,1,291.6263571428571,242.26923283035882,44.357142857142854,5.0,7.428571428571429,7.214285714285714,98.56802964285714,133.4383014214587,91.22401570717298,0.8571428571428571,0.35714285714285715,1.8571428571428572,1.5,0.0,0.00025962502377296914
314159,19,Ring8,14,1,288.5760714285714,229.43320933224956,54.142857142857146,5.0,9.071428571428571,8.785714285714286,114.41497007142857,150.2784038527953,97.49268956708099,0.7142857142857143,0.35714285714285715,2.7142857142857144,1.7857142857142858,0.5714285714285714,6.934850625839317e-05
314159,20,I,12,1,306.64341666666667,239.893387906961,61.75,5.0,10.333333333333334,10.083333333333334,172.31943441666667,177.81943440272292,119.31943440272293,0.75,0.4166666666666667,2.5833333333333335,1.6666666666666667,0.5833333333333334,0.00034511646799728624
314159,20,J,12,1,285.60041666666666,223.76706387357365,56.833333333333336,5.0,9.583333333333334,8.916666666666666,68.900303,169.75320228800814,116.66986895467478,0.75,0.4166666666666667,2.5833333333333335,1.4166666666666667,0.6666666666666666,0.00023351711615759996
314159,20,Jplus,12,1,306.30216666666666,244.5521361234688,56.75,5.0,9.5,9.25,132.89728983333333,155.86008115684498,103.44341449017827,1.0,0.4166666666666667,1.9166666666666667,1.75,0.0,0.00036651837444878765
314159,20,Ring8,12,1,292.29158333333334,216.20821687356644,71.08333333333333,5.0,11.916666666666666,11.5,177.35329191666665,179.85329194821796,110.6866252815513,0.75,0.3333333333333333,2.25,1.4166666666666667,0.5,0.0003975172026002838
314159,21,I,15,1,260.96066666666667,214.02730021311518,41.93333333333333,5.0,7.066666666666666,6.6,120.74939833333333,143.50951012572853,104.1095101257285,0.6666666666666666,0.4,2.8,1.8,0.5333333333333333,0.0004968032721990312
314159,21,J,15,1,237.27573333333333,189.27572404189993,43.0,5.0,7.2,7.0,102.4314516,135.3937989862008,93.39379898620082,0.7333333333333333,0.3333333333333333,2.4,1.6666666666666667,0.5333333333333333,0.00013937150106357876
314159,21,Jplus,15,1,253.21120000000002,206.47789398132642,41.733333333333334,5.0,7.0,6.733333333333333,91.74153466666667,124.70062569331643,86.96729235998308,0.8,0.3333333333333333,2.2,1.8,0.0,0.0004097198961972026
314159,21,Ring8,15,1,252.50393333333335,201.23729252223333,46.266666666666666,5.0,7.733333333333333,7.6,119.316755,135.0114019269479,89.6780685936146,0.8,0.26666666666666666,2.4,1.8,0.5333333333333333,0.00038783349964433
314159,22,I,13,1,287.94553846153843,235.71476703587092,47.23076923076923,5.0,7.923076923076923,7.615384615384615,131.44488115384615,156.06026578646993,110.67565040185453,0.7692307692307693,0.38461538461538464,2.3076923076923075,1.6153846153846154,0.38461538461538464,2.8533677777886624e-05
314159,22,J,13,1,269.9420769230769,209.7882108364468,55.15384615384615,5.0,9.23076923076923,9.0,101.65510707692307,158.70030507193218,103.31568968731679,0.6153846153846154,0.15384615384615385,3.076923076923077,2.3076923076923075,0.6153846153846154,0.00025912619139489834
314159,22,Jplus,13,1,280.07676923076923,224.4613605384311,50.61538461538461,5.0,8.461538461538462,8.307692307692308,105.30881392307691,144.00935173888368,95.70165943119135,0.9230769230769231,0.3076923076923077,2.0,1.7692307692307692,0.0,0.0003130003956357541
314159,22,Ring8,13,1,268.4469230769231,207.8315320116979,55.61538461538461,5.0,9.307692307692308,9.076923076923077,137.9809676923077,159.1360054151219,102.90523618435267,0.5384615384615384,0.23076923076923078,2.3846153846153846,1.6153846153846154,0.6153846153846154,8.38479272715631e-05
314159,23,I,12,1,301.9699166666667,243.05327902460044,53.916666666666664,5.0,9.083333333333334,8.5,150.23503016666666,180.67094559538268,128.8376122620493,0.6666666666666666,0.4166666666666667,2.1666666666666665,1.0833333333333333,0.6666666666666666,0.0003482952051854227
314159,23,J,12,1,327.5125,262.26250056862574,60.25,5.0,10.166666666666666,9.416666666666666,133.26006533333333,175.06231129671838,117.56231129671835,0.6666666666666666,0.3333333333333333,2.5833333333333335,1.3333333333333333,0.6666666666666666,6.823509011155693e-06
314159,23,Jplus,12,1,306.66816666666665,244.16817765981952,57.5,5.0,9.666666666666666,9.166666666666666,116.39691166666667,159.7495758813404,104.99957588134039,0.8333333333333334,0.3333333333333333,2.0833333333333335,1.8333333333333333,0.0,0.00013191783409638447
314159,23,Ring8,12,1,315.9744166666667,241.3911034614231,69.58333333333333,5.0,11.666666666666666,11.25,139.06643,177.60881803612673,111.94215136946003,0.75,0.4166666666666667,3.0,1.8333333333333333,0.6666666666666666,0.00024153707727236906
314159,24,I,11,1,325.46527272727275,259.0107607721964,61.45454545454545,5.0,10.272727272727273,10.090909090909092,139.89250145454545,195.89250143000106,136.25613779363746,0.7272727272727273,0.45454545454545453,2.4545454545454546,1.5454545454545454,0.7272727272727273,0.00036849416073891916
314159,24,J,11,1,305.10790909090906,234.74425083239993,65.36363636363636,5.0,10.909090909090908,10.818181818181818,116.78459254545454,190.63530840979226,124.5443993188832,0.6363636363636364,0.18181818181818182,2.4545454545454546,1.6363636363636365,0.7272727272727273,0.00024084360074994038
314159,24,Jplus,11,1,302.6760909090909,237.22153067162756,60.45454545454545,5.0,10.090909090909092,10.0,107.14795745454545,178.56486033754453,118.38304215572633,0.7272727272727273,0.2727272727272727,1.6363636363636365,1.4545454545454546,0.0,0.00016261209657386644
314159,24,Ring8,11,1,319.9389090909091,242.12074156916088,72.81818181818181,5.0,12.181818181818182,11.909090909090908,172.20379672727273,195.27726014814914,123.91362378451277,0.6363636363636364,0.2727272727272727,3.0,2.090909090909091,0.7272727272727273,0.0001572607698108186
314159,25,I,12,1,340.24075,271.8240575464447,63.416666666666664,5.0,10.666666666666666,10.083333333333334,151.84697016666667,178.01363683449839,120.84697016783173,0.8333333333333334,0.75,2.5833333333333335,1.1666666666666667,0.6666666666666666,0.00030944266381993657
314159,25,J,12,1,323.53383333333335,254.20053202545657,64.33333333333333,5.0,10.75,10.583333333333334,130.97525458333334,172.32770822018037,111.07770822018036,0.8333333333333334,0.5833333333333334,2.1666666666666665,1.1666666666666667,0.6666666666666666,0.00038430547874668264
314159,25,Jplus,12,1,357.89033333333333,286.7236441387167,66.16666666666667,5.0,11.083333333333334,10.75,141.89728983333333,163.36008115684496,103.44341449017827,1.0,0.5833333333333334,1.8333333333333333,1.3333333333333333,0.0,0.00027033539981857757
314159,25,Ring8,12,1,331.57941666666665,252.41278866157984,74.16666666666667,5.0,12.416666666666666,12.083333333333334,145.16257633333333,180.89919368324783,110.73252701658117,0.8333333333333334,0.6666666666666666,2.5833333333333335,1.4166666666666667,0.6666666666666666,0.0004639389580916031
314159,26,I,15,1,288.77666666666664,234.7100225490255,49.06666666666667,5.0,8.2,8.066666666666666,134.91326566666666,137.3132656398024,95.9132656398024,0.8666666666666667,0.6666666666666666,2.6666666666666665,1.6,0.4,0.00033823538296928746
314159,26,J,15,1,298.52253333333334,240.18920118346642,53.333333333333336,5.0,8.933333333333334,8.666666666666666,130.52840653333334,133.32840651171193,87.12840651171194,0.8666666666666667,0.6666666666666666,2.7333333333333334,1.8666666666666667,0.3333333333333333,1.7751996438164497e-05
314159,26,Jplus,15,1,303.0329333333333,246.69963148476788,51.333333333333336,5.0,8.6,8.333333333333334,123.04945939999999,126.2494593747746,83.18279270810793,0.9333333333333333,0.7333333333333333,2.4,1.8666666666666667,0.0,0.00047227151844708715
314159,26,Ring8,15,1,285.22953333333334,226.0962320303015,54.13333333333333,5.0,9.066666666666666,8.8,108.66388606666666,136.52527408408048,88.25860741741381,0.9333333333333333,0.6666666666666666,3.1333333333333333,2.2,0.5333333333333333,0.00048045452240330633
314159,27,I,10,1,385.3166,310.41658300865095,69.9,5.0,11.7,11.4,174.180361,210.380360967762,143.38036096776202,1.0,0.4,2.2,1.1,0.8,0.0001699134904811217
314159,27,J,10,1,382.5815,297.3814898151142,80.2,5.0,13.4,13.2,175.058988,210.6152084029315,132.31520840293155,0.8,0.4,2.6,1.5,0.6,0.00010184885786657105
314159,27,Jplus,10,1,373.6768,292.7768286865821,75.9,5.0,12.7,12.4,165.4767478,196.16963314391592,124.36963314391588,0.9,0.6,1.9,1.2,0.0,0.0002868658211809816
314159,27,Ring8,10,1,387.418,298.21796532609835,84.2,5.0,14.1,13.7,163.2156556,218.88244835100699,136.082448351007,0.7,0.5,2.5,1.3,0.8,0.0003467390160949435
314159,28,I,10,1,415.0829,336.2828782383662,73.8,5.0,12.5,11.3,143.1027497,206.50274971575692,140.80274971575696,0.9,0.6,3.3,1.4,0.6,0.000217616337522486
314159,28,J,10,1,401.4104,308.810369410734,87.6,5.0,14.7,14.1,216.5876902,218.98769022703118,136.98769022703118,0.9,0.6,4.0,2.2,0.8,0.0003058926599806
314159,28,Jplus,10,1,382.8917,299.9916964072786,77.9,5.0,13.1,12.4,196.90144949999998,199.30144952507936,127.50144952507938,0.9,0.6,2.4,1.7,0.0,3.592721395762055e-05
314159,28,Ring8,10,1,395.4151,298.8151228896363,91.6,5.0,15.4,14.6,211.87596119999998,214.2759611693932,129.47596116939326,0.8,0.7,3.6,1.9,0.6,0.00022889636329637142
314159,29,I,11,1,322.6208181818182,259.62083210882344,58.0,5.0,9.727272727272727,9.363636363636363,76.79473009090908,187.62747583902816,133.1729303844827,1.0,0.36363636363636365,2.5454545454545454,1.4545454545454546,0.7272727272727273,0.00015319705789806903
314159,29,J,11,1,319.8098181818182,245.99160225240314,68.81818181818181,5.0,11.545454545454545,11.090909090909092,162.768612,187.2734752577868,120.90983889415043,0.9090909090909091,0.2727272727272727,2.6363636363636362,1.4545454545454546,0.7272727272727273,0.0003752235652427771
314159,29,Jplus,11,1,305.09654545454543,235.46021190183765,64.63636363636364,5.0,10.818181818181818,10.545454545454545,130.80200254545454,175.9935472317619,112.9026381408528,0.9090909090909091,0.18181818181818182,1.9090909090909092,1.6363636363636365,0.0,0.0003309202143100265
314159,29,Ring8,11,1,333.4669090909091,259.10324509137905,69.36363636363636,5.0,11.636363636363637,11.181818181818182,66.05566472727273,184.065667984441,117.70203162080465,0.9090909090909091,0.36363636363636365,2.8181818181818183,1.5454545454545454,0.7272727272727273,0.00030399483011933626
314159,30,I,11,1,364.02672727272727,292.29949952559724,66.72727272727273,5.0,11.181818181818182,10.818181818181818,161.68263136363637,196.8722421821126,132.78133309120352,0.9090909090909091,0.36363636363636365,2.1818181818181817,1.0,0.7272727272727273,0.0004947815696141333
314159,30,J,11,1,373.62981818181817,294.53895358066865,74.0909090909091,5.0,12.454545454545455,11.818181818181818,161.41755881818182,195.21081678423752,124.57445314787395,0.8181818181818182,0.36363636363636365,2.5454545454545454,1.2727272727272727,0.6363636363636364,0.000489387355173676
314159,30,Jplus,11,1,340.8430909090909,266.7521375013171,69.0909090909091,5.0,11.545454545454545,11.363636363636363,150.10023118181817,181.16657112544337,115.4392983981706,0.8181818181818182,0.6363636363636364,1.6363636363636365,1.1818181818181819,0.0,0.0004874855117122934
314159,30,Ring8,11,1,353.6833636363636,263.86515922041764,84.81818181818181,5.0,14.181818181818182,13.909090909090908,178.13012963636365,208.5277120544467,125.98225750899213,0.7272727272727273,0.5454545454545454,2.8181818181818183,1.5454545454545454,0.7272727272727273,0.00024857540574885206
314159,31,I,16,1,281.0245,233.64948011151145,42.375,5.0,7.125,6.75,126.007164375,129.0071643897155,90.63216438971553,0.875,0.5,2.3125,1.4375,0.4375,0.000318215816605516
314159,31,J,16,1,253.0423125,206.04232573526258,42.0,5.0,7.0625,6.6875,112.9242238125,126.61507732978804,87.30257732978806,0.75,0.5,2.375,1.5625,0.4375,0.0002117642011398857
314159,31,Jplus,16,1,258.698625,213.94861514601473,39.75,5.0,6.6875,6.3125,98.94712775,113.3919805957211,78.70448059572108,0.875,0.5,2.0,1.5,0.0,0.00015766376418469008
314159,31,Ring8,16,1,266.3420625,213.65457206633448,47.6875,5.0,8.0,7.6875,112.4516858125,123.73390947192719,80.85890947192719,0.8125,0.5625,2.6875,1.75,0.5,0.00015306135173887014
314159,32,I,10,1,404.7357,321.8357328886414,77.9,5.0,13.1,12.4,210.85152920000002,216.85152922009388,144.05152922009387,0.8,0.5,3.0,1.6,0.6,0.000328886414081353
314159,32,J,10,1,416.93739999999997,325.93739809107626,86.0,5.0,14.4,14.0,161.1055997,220.31947490347193,138.01947490347192,0.7,0.5,3.0,1.9,0.7,1.9089237412117654e-05
314159,32,Jplus,10,1,385.8362,297.93615753275424,82.9,5.0,13.9,13.4,152.1061385,203.61683761748913,127.61683761748907,0.9,0.6,2.5,2.0,0.0,0.00042467245748412097
314159,32,Ring8,10,1,404.6218,306.3218271550166,93.3,5.0,15.6,15.3,171.7592694,219.71470034072271,131.81470034072274,0.8,0.6,3.5,2.1,0.7,0.00027155016596225323
314159,33,I,12,1,309.47308333333336,246.55639866625464,57.916666666666664,5.0,9.75,9.166666666666666,123.49390166666666,173.3272349813379,120.16056831467125,0.9166666666666666,0.5833333333333334,3.0,1.8333333333333333,0.6666666666666666,0.00021600494437734596
314159,33,J,12,1,318.3433333333333,244.25997938381906,69.08333333333333,5.0,11.583333333333334,11.166666666666666,152.58884683333335,176.6472189331073,110.9805522664406,0.8333333333333334,0.5,3.0,1.9166666666666667,0.6666666666666666,0.0002473941713105887
314159,33,Jplus,12,1,313.20891666666665,244.29229004131807,63.916666666666664,5.0,10.666666666666666,10.583333333333334,140.39728983333333,164.44904302878132,103.61570969544799,0.9166666666666666,0.5833333333333334,2.0833333333333335,1.9166666666666667,0.0,0.0004804958166459983
314159,33,Ring8,12,1,323.4836666666667,242.8170187575851,75.66666666666667,5.0,12.666666666666666,12.333333333333334,158.26851274999999,180.82106710788244,108.65440044121577,0.8333333333333334,0.5,3.1666666666666665,2.25,0.6666666666666666,0.00022509102109324886
314159,34,I,12,1,297.3879166666667,240.55457537317204,51.833333333333336,5.0,8.666666666666666,8.5,119.08113733333333,175.00980663988378,122.92647330655045,0.6666666666666666,0.16666666666666666,2.4166666666666665,1.6666666666666667,0.5833333333333334,9.552193569106748e-05
314159,34,J,12,1,328.3056666666667,267.5556667707923,55.75,5.0,9.333333333333334,9.083333333333334,142.58225891666666,165.0450502223143,110.29505022231427,0.8333333333333334,0.16666666666666666,2.1666666666666665,1.25,0.6666666666666666,1.249507477041334e-06
314159,34,Jplus,12,1,307.3020833333333,247.5521224893143,54.75,5.0,9.166666666666666,8.916666666666666,132.39728983333333,155.86008115684498,103.44341449017828,1.0,0.25,2.0,1.6666666666666667,0.0,0.00046987177165647154
314159,34,Ring8,12,1,300.54241666666667,233.2923854229866,62.25,5.0,10.416666666666666,10.166666666666666,94.81575933333333,177.2725392011449,114.27253920114488,0.6666666666666666,0.08333333333333333,2.75,2.0,0.6666666666666666,0.0003749241609511955
314159,35,I,12,1,261.7861666666667,205.20285629384657,51.583333333333336,5.0,8.666666666666666,8.25,151.19398508333333,176.86065173512392,125.44398506845728,0.5833333333333334,0.25,2.4166666666666665,1.75,0.5,0.00027552615847525885
314159,35,J,12,1,269.87666666666667,204.54336382168745,60.333333333333336,5.0,10.083333333333334,9.916666666666666,156.67513491666668,178.2641317940457,116.7641317940457,0.5833333333333334,0.08333333333333333,3.0,2.25,0.6666666666666666,0.00036586024953066953
314159,35,Jplus,12,1,271.94925,215.61592594327908,51.333333333333336,5.0,8.583333333333334,8.416666666666666,136.93387941666666,164.65649238199603,112.57315904866272,0.6666666666666666,0.08333333333333333,1.5,1.3333333333333333,0.0,0.0001113193488890829
314159,35,Ring8,12,1,255.63591666666665,187.4692346644891,63.166666666666664,5.0,10.583333333333334,10.25,100.20376558333334,171.99987990421315,109.41654657087985,0.6666666666666666,0.16666666666666666,3.1666666666666665,2.25,0.6666666666666666,0.00018402613068246865
314159,36,I,12,1,286.8205,228.82046327264004,53.0,5.0,8.916666666666666,8.416666666666666,129.54498366666667,183.62348685706408,133.29015352373074,0.5833333333333334,0.5833333333333334,2.5,1.5833333333333333,0.5833333333333334,0.00044072831951780245
314159,36,J,12,1,275.74691666666666,213.99694182560324,56.75,5.0,9.5,9.25,105.67013416666667,176.40661457551403,119.0732812421807,0.5,0.25,2.4166666666666665,1.5833333333333333,0.6666666666666666,0.0003019072387360211
314159,36,Jplus,12,1,265.8525,207.6025412807619,53.25,5.0,8.916666666666666,8.666666666666666,92.86887433333334,159.52610544508897,107.52610544508893,0.5833333333333334,0.25,1.8333333333333333,1.5833333333333333,0.0,0.0004953691427544982
314159,36,Ring8,12,1,294.35966666666667,224.77629709500104,64.58333333333333,5.0,10.833333333333334,10.416666666666666,117.37132966666667,178.61929871098994,115.20263204432327,0.5833333333333334,0.3333333333333333,2.9166666666666665,1.75,0.6666666666666666,0.00043485998730830033
314159,37,I,15,1,302.38266666666664,251.64936261588883,45.733333333333334,5.0,7.666666666666667,7.4,120.88912566666666,140.2224590018735,98.82245900187351,0.8666666666666667,0.5333333333333333,2.3333333333333335,1.4,0.4666666666666667,0.00043923833254666533
314159,37,J,15,1,280.47180000000003,225.27183005882947,50.2,5.0,8.4,8.2,114.46013760000001,132.04399061180064,85.44399061180064,0.8666666666666667,0.4666666666666667,2.933333333333333,2.066666666666667,0.5333333333333333,0.0004508824417825963
314159,37,Jplus,15,1,284.76806666666664,233.6347209039791,46.13333333333333,5.0,7.733333333333333,7.466666666666667,105.91783186666666,123.48806492547598,82.75473159214262,1.0,0.6,2.2666666666666666,1.8666666666666667,0.0,0.00018644031342773815
314159,37,Ring8,15,1,273.6670666666667,221.26704483056906,47.4,5.0,7.933333333333334,7.733333333333333,102.8692176,130.2585115032201,87.85851150322006,0.7333333333333333,0.4,2.7333333333333334,1.6666666666666667,0.5333333333333333,0.0003275414642303076
314159,38,I,12,1,320.38075,259.5474327165676,55.833333333333336,5.0,9.333333333333334,9.166666666666666,159.42553758333335,186.4021188358564,130.9021188358564,0.5833333333333334,0.4166666666666667,2.25,1.3333333333333333,0.6666666666666666,0.0001925988108268939
314159,38,J,12,1,324.7005,258.53386484760375,61.166666666666664,5.0,10.25,9.916666666666666,153.97689341666668,176.93968470537996,117.93968470537997,0.6666666666666666,0.3333333333333333,2.5,1.4166666666666667,0.6666666666666666,0.00037817124530192814
314159,38,Jplus,12,1,318.0828333333333,252.49952269859193,60.583333333333336,5.0,10.166666666666666,9.75,116.93449858333334,157.86008115684498,103.44341449017828,1.0,0.5,2.5,2.0833333333333335,0.0,0.0002723831030380097
314159,38,Ring8,12,1,367.10908333333333,293.4424296361616,68.66666666666667,5.0,11.5,11.166666666666666,143.49470108333333,178.57086316404968,114.98752983071635,0.6666666666666666,0.4166666666666667,2.8333333333333335,1.3333333333333333,0.6666666666666666,0.00015563393890261068
314159,39,I,16,1,249.8316875,200.89419447132565,43.9375,5.0,7.375,7.0625,111.1618199375,113.0368199216254,77.2868199216254,0.8125,0.625,3.0,2.0625,0.4375,0.00011154121057188604
314159,39,J,16,1,227.9839375,180.108924720598,42.875,5.0,7.25,6.625,94.41389425,95.16389425126096,60.47639425126094,0.9375,0.6875,2.875,1.9375,0.5,0.00020447043198146275
314159,39,Jplus,16,1,216.9931875,174.05570915170878,37.9375,5.0,6.4375,5.75,86.1629738125,86.91297382740986,55.91297382740986,0.9375,0.75,2.0625,1.75,0.0,0.00034642734044609824
314159,39,Ring8,16,1,241.81025,188.43527220658805,48.375,5.0,8.125,7.75,110.79048425,113.04048424233142,68.91548424233142,1.0,0.4375,2.9375,2.1875,0.5,0.0003553054089024954
314159,40,I,15,1,275.7649333333333,228.7649113658332,42.0,5.0,7.066666666666666,6.666666666666667,115.04561066666666,135.6767897045646,97.14345637123128,0.8666666666666667,0.5333333333333333,2.4,1.5333333333333334,0.5333333333333333,0.00032951250204860116
314159,40,J,15,1,264.00306666666665,212.26974139665933,46.733333333333334,5.0,7.866666666666666,7.4,118.6303988,134.60063187466938,90.2006318746694,0.6666666666666666,0.4,2.6666666666666665,1.6666666666666667,0.5333333333333333,0.00012094989006072865
314159,40,Jplus,15,1,269.3592,220.82583556992213,43.53333333333333,5.0,7.333333333333333,6.866666666666666,106.0369654,122.40719844278395,82.94053177611727,0.9333333333333333,0.4666666666666667,2.1333333333333333,1.6666666666666667,0.0,0.0004664511679948191
314159,40,Ring8,15,1,268.20093333333335,211.60094812305567,51.6,5.0,8.666666666666666,8.266666666666667,118.22202213333334,136.39692157951785,87.1969215795178,0.6666666666666666,0.4666666666666667,3.0,1.9333333333333333,0.5333333333333333,0.00022184583485795883
314159,41,I,15,1,271.74986666666666,224.283180550464,42.46666666666667,5.0,7.133333333333334,6.8,116.54215246666666,139.5262767278446,100.05961006117793,0.6666666666666666,0.4666666666666667,2.6,1.6,0.5333333333333333,0.00029174303972467897
314159,41,J,15,1,289.28266666666667,241.68267676076044,42.6,5.0,7.133333333333334,6.933333333333334,98.32627813333333,129.8891654417404,89.75583210840708,0.8,0.2,2.6666666666666665,1.8,0.5333333333333333,0.00015141140693231137
314159,41,Jplus,15,1,263.13126666666665,218.864582913279,39.266666666666666,5.0,6.6,6.266666666666667,93.46908013333334,122.20954619860454,86.00954619860451,0.8666666666666667,0.26666666666666666,2.0,1.6666666666666667,0.0,0.00025630081472627353
314159,41,Ring8,15,1,290.5124666666667,232.84579945943798,52.666666666666664,5.0,8.866666666666667,8.333333333333334,127.76195286666666,145.29276092268213,96.09276092268212,0.6666666666666666,0.4,3.2,2.066666666666667,0.5333333333333333,8.10842993814731e-06
314159,42,I,10,1,357.0464,279.646375055846,72.4,5.0,12.1,11.9,208.5315994,212.73159937275358,147.5315993727536,0.9,0.7,2.3,1.4,0.4,0.0002494415398359706
314159,42,J,10,1,340.6814,244.88139168651236,90.8,5.0,15.2,14.8,195.5706206,229.4486221371379,140.5486221371379,0.8,0.4,2.3,1.4,0.8,8.31348761494155e-05
314159,42,Jplus,10,1,352.42179999999996,264.92181049633786,82.5,5.0,13.8,13.5,150.52139830000002,202.03209738821394,124.13209738821392,1.0,0.5,1.7,1.5,0.0,0.00010496337881704676
314159,42,Ring8,10,1,356.6439,266.6439184847003,85.0,5.0,14.2,14.0,178.9838772,208.18943698313578,126.18943698313578,0.9,0.5,2.1,1.4,0.4,0.00018484700331100612
314159,43,I,12,1,313.10016666666667,253.7668218541872,54.333333333333336,5.0,9.083333333333334,8.916666666666666,119.90949966666666,167.8496594778683,117.51632614453497,0.9166666666666666,0.6666666666666666,2.1666666666666665,1.4166666666666667,0.3333333333333333,0.0001377497537760064
314159,43,J,12,1,313.37758333333335,239.21094645634835,69.16666666666667,5.0,11.583333333333334,11.25,156.08679858333332,179.2915181154436,111.79151811544358,0.75,0.4166666666666667,2.5,1.6666666666666667,0.6666666666666666,0.00035747618039749796
314159,43,Jplus,12,1,308.185,237.5183013109955,65.66666666666667,5.0,11.0,10.666666666666666,141.20405883333333,165.996630260484,104.74663026048403,0.8333333333333334,0.5833333333333334,1.9166666666666667,1.6666666666666667,0.0,0.0003842680539491994
314159,43,Ring8,12,1,319.60566666666665,236.52235069340054,78.08333333333333,5.0,13.083333333333334,12.666666666666666,159.12236308333334,179.70321779251836,106.53655112585172,0.8333333333333334,0.6666666666666666,3.1666666666666665,1.9166666666666667,0.6666666666666666,0.00020832080645050155
314159,44,I,13,1,285.2453076923077,225.6299306227287,54.61538461538461,5.0,9.153846153846153,8.846153846153847,137.27725384615385,161.89263844823535,111.35417690977381,0.9230769230769231,0.5384615384615384,2.8461538461538463,2.076923076923077,0.6153846153846154,9.809547327677137e-05
314159,44,J,13,1,269.6126923076923,209.38194869653444,55.23076923076923,5.0,9.23076923076923,9.076923076923077,140.69746592307692,160.970811725774,107.27850403346632,0.7692307692307693,0.38461538461538464,2.3846153846153846,1.6923076923076923,0.6153846153846154,0.00033305494753221865
314159,44,Jplus,13,1,276.8709230769231,219.0247989493922,52.84615384615385,5.0,8.846153846153847,8.615384615384615,127.01718023076924,148.21360300094798,98.98283377017876,0.9230769230769231,0.46153846153846156,2.0,1.8461538461538463,0.0,0.00038634209840893163
314159,44,Ring8,13,1,275.6546923076923,209.03932201249395,61.61538461538461,5.0,10.307692307692308,10.076923076923077,123.99685269230768,161.80387242970556,103.41925704509018,0.8461538461538461,0.38461538461538464,2.8461538461538463,2.0,0.6153846153846154,0.0001861624214143376
314159,45,I,15,1,270.144,218.5440300065193,46.6,5.0,7.8,7.6,141.86058546666666,144.2605854642207,100.9272521308874,0.8,0.5333333333333333,2.533333333333333,1.6666666666666667,0.5333333333333333,0.0004500977897805569
314159,45,J,15,1,271.393,213.05968948975422,53.333333333333336,5.0,9.0,8.333333333333334,137.0920061333333,139.4920061480477,91.35867281471434,0.8,0.5333333333333333,3.066666666666667,2.0,0.5333333333333333,0.00034234631311846897
314159,45,Jplus,15,1,256.6286666666667,203.76203035176334,47.86666666666667,5.0,8.066666666666666,7.533333333333333,122.95956833333334,125.35956836509085,83.95956836509085,0.8666666666666667,0.5333333333333333,2.1333333333333333,1.7333333333333334,0.0,0.0004552764503387152
314159,45,Ring8,15,1,273.4601333333333,209.26015348004665,59.2,5.0,9.933333333333334,9.533333333333333,123.65457233333333,138.14921925498135,85.4825525883147,0.9333333333333333,0.6666666666666666,3.533333333333333,2.466666666666667,0.5333333333333333,0.00030220069993447396
314159,46,I,11,1,332.4260909090909,266.60792068882034,60.81818181818182,5.0,10.181818181818182,9.909090909090908,132.75937627272728,189.88097698004822,130.79006788913915,0.7272727272727273,0.36363636363636365,2.8181818181818183,1.6363636363636365,0.7272727272727273,0.00012757702370436164
314159,46,J,11,1,318.541,246.5409587302792,67.0,5.0,11.181818181818182,11.090909090909092,140.34956872727273,190.56431516034812,124.47340606943904,0.6363636363636364,0.45454545454545453,2.727272727272727,1.6363636363636365,0.7272727272727273,0.0004539669289442827
314159,46,Jplus,11,1,315.4905454545455,248.94511729905,61.54545454545455,5.0,10.272727272727273,10.181818181818182,124.83763481818183,175.70397639230504,114.88579457412324,0.8181818181818182,0.2727272727272727,1.8181818181818181,1.6363636363636365,0.0,0.0002902895498664293
314159,46,Ring8,11,1,329.9777272727273,255.88681284165077,69.0909090909091,5.0,11.545454545454545,11.363636363636363,125.65162427272726,187.45338891396494,118.9988434594195,0.8181818181818182,0.18181818181818182,2.3636363636363638,1.6363636363636365,0.5454545454545454,5.8741841712617315e-05
314159,47,I,10,1,344.3574,267.35743785539063,72.0,5.0,12.1,11.5,185.5716808,219.37168077833098,149.271680778331,0.7,0.5,2.5,1.4,0.8,0.0003785539061027521
314159,47,J,10,1,353.1527,271.25272530710214,76.9,5.0,12.9,12.4,187.08034279999998,216.40965481313492,139.1096548131349,0.7,0.1,2.5,1.5,0.8,0.00025307102123406366
314159,47,Jplus,10,1,326.0247,248.52471175719225,72.5,5.0,12.1,12.0,169.2357404,197.99108993838811,125.79108993838811,0.7,0.3,1.3,1.2,0.0,0.00011757192260120064
314159,47,Ring8,10,1,360.6782,272.07816328359434,83.6,5.0,14.0,13.6,170.8934403,224.87535383874123,141.47535383874128,0.6,0.2,2.6,1.5,0.8,0.0003671640565698908
314159,48,I,13,1,297.7181538461538,239.4104939650792,53.30769230769231,5.0,8.923076923076923,8.692307692307692,136.74607453846153,162.28981156463772,110.82827310309928,0.8461538461538461,0.38461538461538464,2.5384615384615383,1.6923076923076923,0.6153846153846154,0.000421546029883757
314159,48,J,13,1,288.077,224.8462406951662,58.23076923076923,5.0,9.76923076923077,9.384615384615385,115.83540046153847,156.63170637386742,100.24709098925203,0.7692307692307693,0.3076923076923077,2.6923076923076925,1.6923076923076923,0.6153846153846154,0.00012903716014989186
314159,48,Jplus,13,1,291.09576923076924,229.1726543802608,56.92307692307692,5.0,9.538461538461538,9.23076923076923,108.40107561538463,147.56315183708767,95.48622876016458,1.0,0.38461538461538464,2.4615384615384617,2.1538461538461537,0.0,0.000493056609229825
314159,48,Ring8,13,1,292.88661538461537,225.50201426214846,62.38461538461539,5.0,10.461538461538462,10.076923076923077,142.37132246153845,163.45108769195784,102.0664723073425,0.7692307692307693,0.3076923076923077,2.3846153846153846,1.5384615384615385,0.6153846153846154,0.00018540793007559841
314159,49,I,16,1,225.7905,186.2280206492863,34.5625,5.0,5.8125,5.5,111.153086875,113.02808688012604,81.65308688012604,0.6875,0.4375,2.25,1.375,0.5,0.0003303885805507889
314159,49,J,16,1,237.6695625,192.10703842698726,40.5625,5.0,6.8125,6.5,119.1698168125,132.05303860922734,92.24053860922734,0.5625,0.375,2.4375,1.6875,0.5,0.00038516820404765895
314159,49,Jplus,16,1,210.116625,171.05415500049332,34.0625,5.0,5.75,5.3125,83.8238351875,85.69883521036915,56.573835210369154,0.9375,0.4375,2.0,1.625,0.0,0.0004800078932021279
314159,49,Ring8,16,1,225.6024375,180.53994313887574,40.0625,5.0,6.75,6.3125,82.24888725,84.49888726915923,51.186387269159226,1.0,0.5625,3.0625,2.0625,0.5,9.022201174957445e-05
314159,50,I,10,1,369.8284,296.8284337947125,68.0,5.0,11.4,11.0,150.6972094,214.11285228089054,147.91285228089058,0.8,0.3,1.8,0.8,0.6,0.00033794712499002344
314159,50,J,10,1,381.5383,289.93834777951156,86.6,5.0,14.5,14.1,195.52411030000002,224.87945988445344,139.47945988445343,0.8,0.2,2.9,1.8,0.8,0.00047779511578482925
314159,50,Jplus,10,1,368.3785,282.17845871043056,81.2,5.0,13.6,13.2,176.4892801,205.8446297032492,127.4446297032492,0.9,0.3,2.0,1.6,0.0,0.0004128956943532103
314159,50,Ring8,10,1,350.93719999999996,259.8372494479587,86.1,5.0,14.4,14.1,119.1048162,223.5733066504601,137.67330665046012,0.7,0.2,2.8,1.7,0.8,0.0004944795869050722
314159,51,I,10,1,342.27979999999997,270.87975102677837,66.4,5.0,11.1,10.9,175.9551847,214.02672624513102,147.42672624513096,0.6,0.3,2.0,1.0,0.8,0.0004897322160104522
314159,51,J,10,1,298.29650000000004,223.7964572717427,69.5,5.0,11.6,11.5,106.9442262,205.5587928136295,134.65879281362945,0.6,0.1,2.0,1.2,0.8,0.00042728257312774076
314159,51,Jplus,10,1,308.0281,237.1280673955976,65.9,5.0,11.0,10.9,91.9610471,191.15949549950136,124.85949549950142,0.8,0.1,1.4,1.4,0.0,0.00032604402395008947
314159,51,Ring8,10,1,320.67449999999997,235.07450146446504,80.6,5.0,13.5,13.1,160.222003,206.9938871202412,126.4938871202412,0.7,0.2,2.3,1.4,0.8,1.4644650491391076e-05
314159,52,I,15,1,257.2514,210.5847499013761,41.666666666666664,5.0,7.0,6.666666666666667,116.75324346666666,137.68657678661936,98.81991011995268,0.7333333333333333,0.4666666666666667,2.533333333333333,1.6,0.5333333333333333,0.0002485206414348795
314159,52,J,15,1,271.93046666666663,218.59716538407017,48.333333333333336,5.0,8.133333333333333,7.666666666666667,135.09567986666667,136.69567985350852,92.42901318684186,0.6,0.4,2.6,1.5333333333333334,0.5333333333333333,0.0004807610525858763
314159,52,Jplus,15,1,272.3919333333333,223.72528652891802,43.666666666666664,5.0,7.333333333333333,7.0,127.14528113333334,128.7452811310292,87.54528113102918,0.6666666666666666,0.3333333333333333,1.8,1.3333333333333333,0.0,0.00029793377052556025
314159,52,Ring8,15,1,263.6664666666667,208.46643688857148,50.2,5.0,8.4,8.2,118.94093246666667,135.08278450572146,85.94945117238814,0.6,0.4,2.7333333333333334,1.8,0.5333333333333333,0.0004466714276532002
314159,53,I,12,1,317.091,255.0909897908414,57.0,5.0,9.583333333333334,9.083333333333334,172.26721541666666,173.26721538150386,119.68388204817052,0.75,0.5,2.5,1.25,0.6666666666666666,0.00012250990312168142
314159,53,J,12,1,343.7801666666667,275.36346473324426,63.416666666666664,5.0,10.666666666666666,10.083333333333334,146.91416475,165.8769560802202,107.5436227468869,0.9166666666666666,0.4166666666666667,3.0,1.75,0.6666666666666666,0.0004232010687701404
314159,53,Jplus,12,1,309.86325,247.77990675056878,57.083333333333336,5.0,9.583333333333334,9.166666666666666,93.47170725000001,156.86008115684498,103.44341449017827,1.0,0.4166666666666667,2.4166666666666665,2.1666666666666665,0.0,0.00011899317451025127
314159,53,Ring8,12,1,310.2476666666667,240.83103515571403,64.41666666666667,5.0,10.833333333333334,10.25,128.83634325,169.7203795046352,107.72037950463522,0.6666666666666666,0.4166666666666667,2.5833333333333335,1.4166666666666667,0.5833333333333334,0.0004218685680825729
314159,54,I,12,1,302.1648333333333,241.4148649595819,55.75,5.0,9.333333333333334,9.083333333333334,126.44234399999999,174.70459860422713,122.45459860422712,0.8333333333333334,0.4166666666666667,2.0,1.0,0.6666666666666666,0.00037951498279653606
314159,54,J,12,1,314.82483333333334,244.8248634219057,65.0,5.0,10.916666666666666,10.416666666666666,119.88138858333333,165.81703009814038,107.06703009814036,0.9166666666666666,0.5,2.8333333333333335,1.5833333333333333,0.5833333333333334,0.0003610628682508832
314159,54,Jplus,12,1,306.76841666666667,241.1850991571052,60.583333333333336,5.0,10.166666666666666,9.75,115.43449858333334,158.90025904373698,103.56692571040362,0.9166666666666666,0.5,2.0833333333333335,1.5,0.0,0.00018988526244356763
314159,54,Ring8,12,1,300.0781666666667,227.4948169660427,67.58333333333333,5.0,11.333333333333334,10.916666666666666,116.33344866666665,167.5991224811988,104.34912248119882,0.9166666666666666,0.4166666666666667,2.1666666666666665,1.0833333333333333,0.6666666666666666,0.0001964074876923405
314159,55,I,15,1,293.6030666666667,247.66972299437003,40.93333333333333,5.0,6.866666666666666,6.6,137.51030146666665,137.51030147570665,98.64363480904004,0.7333333333333333,0.4666666666666667,2.1333333333333333,1.1333333333333333,0.4666666666666667,0.00015508444994338788
314159,55,J,15,1,296.22786666666667,241.96117290306304,49.266666666666666,5.0,8.266666666666667,7.933333333333334,133.25133866666667,133.25133868443766,86.38467201777098,0.8,0.4,2.3333333333333335,1.4,0.5333333333333333,0.0004064540539729933
314159,55,Jplus,15,1,277.7796,228.44629726474284,44.333333333333336,5.0,7.466666666666667,7.0,108.01728473333333,124.20058768797495,83.20058768797495,0.8666666666666667,0.4,1.6666666666666667,1.1333333333333333,0.0,0.00045897114205217804
314159,55,Ring8,15,1,296.68566666666663,242.3523637387651,49.333333333333336,5.0,8.266666666666667,8.0,115.77044366666668,132.00134217533912,86.73467550867245,0.8,0.4,2.2666666666666666,1.2,0.5333333333333333,0.00045608147638631635
314159,56,I,15,1,302.6895333333333,252.8228712359847,44.86666666666667,5.0,7.533333333333333,7.2,120.23399986666666,140.6429158586682,100.24291585866817,0.7333333333333333,0.6,2.466666666666667,1.5333333333333334,0.3333333333333333,6.853977083665086e-05
314159,56,J,15,1,288.6828,235.94946056593588,47.733333333333334,5.0,8.0,7.733333333333333,136.39499940000002,137.19499940963038,92.59499940963039,0.8666666666666667,0.5333333333333333,2.466666666666667,1.6666666666666667,0.5333333333333333,9.151096219284227e-05
314159,56,Jplus,15,1,282.5212,234.58786521113254,42.93333333333333,5.0,7.2,6.933333333333334,122.67938326666668,123.47938325769441,84.01271659102773,0.9333333333333333,0.5333333333333333,1.6666666666666667,1.4,0.0,2.1833011942362646e-05
314159,56,Ring8,15,1,294.3068666666667,237.8401865739576,51.46666666666667,5.0,8.6,8.466666666666667,118.9949872,137.24172542311797,89.04172542311798,0.8666666666666667,0.5333333333333333,2.7333333333333334,1.8666666666666667,0.5333333333333333,0.00020139063599344809
314159,57,I,10,1,352.619,276.5189929975992,71.1,5.0,11.9,11.6,186.0777386,221.07773864660913,151.47773864660908,0.6,0.3,2.2,1.2,0.7,7.002400843703072e-05
314159,57,J,10,1,341.8091,258.00906477941055,78.8,5.0,13.2,12.8,124.8738867,212.30505106712698,134.90505106712698,0.7,0.4,3.0,1.9,0.8,0.00035220589461459895
314159,57,Jplus,10,1,358.2505,277.95048363895563,75.3,5.0,12.6,12.3,140.92139830000002,193.63209738821394,124.13209738821392,1.0,0.4,2.3,2.0,0.0,0.00016361044390578172
314159,57,Ring8,10,1,373.9811,278.0811373427044,90.9,5.0,15.2,14.9,220.49240129999998,223.49240130169719,134.99240130169724,0.8,0.4,2.6,1.6,0.8,0.0003734270435415965
314159,58,I,11,1,364.2493636363636,294.340262404625,64.9090909090909,5.0,10.909090909090908,10.363636363636363,168.86867327272728,196.32321876718615,134.14140058536796,0.7272727272727273,0.45454545454545453,2.1818181818181817,0.9090909090909091,0.7272727272727273,0.00011354912521710503
314159,58,J,11,1,363.3720909090909,284.09936373159184,74.27272727272727,5.0,12.454545454545455,12.0,139.43675354545454,189.87573189303376,119.23936825667015,0.8181818181818182,0.45454545454545453,2.727272727272727,1.6363636363636365,0.5454545454545454,1.0475100680196192e-06
314159,58,Jplus,11,1,355.46472727272726,280.6465234370258,69.81818181818181,5.0,11.727272727272727,11.181818181818182,132.93383972727273,178.12538434835298,112.8526570756257,0.9090909090909091,0.45454545454545453,2.0,1.3636363636363635,0.0,0.00024219271608671988
314159,58,Ring8,11,1,385.12045454545455,296.1204862944604,84.0,5.0,14.090909090909092,13.545454545454545,150.705292,195.33203326802015,115.9683969043838,0.8181818181818182,0.5454545454545454,3.272727272727273,2.090909090909091,0.5454545454545454,0.00034923906468975474
314159,59,I,12,1,343.507,275.0070376623451,63.5,5.0,10.666666666666666,10.166666666666666,149.69618625,178.28006245390483,119.28006245390485,0.75,0.6666666666666666,2.9166666666666665,1.9166666666666667,0.6666666666666666,0.000451948141289904
314159,59,J,12,1,353.6513333333333,278.7346374218187,69.91666666666667,5.0,11.75,11.166666666666666,149.87011266666667,176.11650108242682,111.61650108242684,0.75,0.5833333333333334,2.9166666666666665,1.5833333333333333,0.6666666666666666,0.0003509381754156493
314159,59,Jplus,12,1,329.9841666666667,263.06749353247466,61.916666666666664,5.0,10.416666666666666,9.833333333333334,137.89728983333333,159.36008115684498,103.44341449017827,1.0,0.6666666666666666,2.25,1.8333333333333333,0.0,7.761030428810045e-05
314159,59,Ring8,12,1,347.13599999999997,259.5526525664045,82.58333333333333,5.0,13.833333333333334,13.416666666666666,169.63598258333334,191.66276030557677,114.07942697224347,0.75,0.5833333333333334,3.5833333333333335,2.25,0.6666666666666666,0.00016920314556045923
314159,60,I,15,1,221.96753333333334,179.634200159835,37.333333333333336,5.0,6.266666666666667,6.0,102.87215906666667,140.73882576495035,104.80549243161704,0.6,0.4666666666666667,2.2,1.4666666666666666,0.5333333333333333,2.3975248950591777e-06
314159,60,J,15,1,235.80666666666667,189.54002231380534,41.266666666666666,5.0,6.933333333333334,6.6,80.34303086666667,129.50062758834395,90.0339609216773,0.6,0.26666666666666666,2.4,1.4666666666666666,0.5333333333333333,0.00033470708012828254
314159,60,Jplus,15,1,223.66400000000002,180.46401435293336,38.2,5.0,6.4,6.2,72.78648613333333,120.97468620636168,83.64135287302837,0.8,0.26666666666666666,1.8666666666666667,1.7333333333333334,0.0,0.00021529400055442238
314159,60,Ring8,15,1,233.2436,177.97691052279336,50.266666666666666,5.0,8.466666666666667,7.933333333333334,126.7981128,140.49275976085832,93.42609309419163,0.6,0.4,2.8666666666666667,2.0,0.5333333333333333,0.0003421580995564
314159,61,I,13,1,309.2515384615385,250.5592205837491,53.69230769230769,5.0,9.0,8.692307692307692,158.8787136153846,161.186405950329,111.0325597964829,0.9230769230769231,0.46153846153846156,2.6923076923076925,1.7692307692307692,0.6153846153846154,0.00013241126180218998
314159,61,J,13,1,279.9937692307692,219.76296706015916,55.23076923076923,5.0,9.23076923076923,9.076923076923077,100.50612130769231,155.04519468714508,100.89134853329891,0.7692307692307693,0.3076923076923077,2.769230769230769,1.9230769230769231,0.6153846153846154,0.00042821793067560066
314159,61,Jplus,13,1,283.1653846153846,227.1654180433425,51.0,5.0,8.538461538461538,8.307692307692308,88.58926823076924,143.5784540861039,95.73230023995005,0.9230769230769231,0.38461538461538464,2.076923076923077,1.9230769230769231,0.0,0.00043456345247250283
314159,61,Ring8,13,1,293.22484615384616,228.99407690692658,59.23076923076923,5.0,9.923076923076923,9.615384615384615,92.97892107692307,160.02412102959505,101.87027487574886,0.6923076923076923,0.38461538461538464,3.076923076923077,2.3076923076923075,0.6153846153846154,2.0995412342017516e-07
314159,62,I,10,1,311.0111,240.71112628655743,65.3,5.0,11.0,10.3,113.3289821,210.5289821467883,148.5289821467883,0.8,0.4,2.6,1.4,0.7,0.00026286557431376423
314159,62,J,10,1,308.8542,230.2541930283675,73.6,5.0,12.4,11.6,101.8824199,208.74879452447976,138.34879452447979,0.8,0.3,3.0,1.9,0.8,6.971632501517888e-05
314159,62,Jplus,10,1,290.5244,217.1243835401703,68.4,5.0,11.5,10.9,85.2041349,196.4522865013385,130.25228650133855,0.7,0.3,2.1,1.8,0.0,0.0001645982970330806
314159,62,Ring8,10,1,326.98789999999997,240.58790876553553,81.4,5.0,13.6,13.4,133.7963269,214.6161716506461,133.51617165064607,0.6,0.3,3.0,1.8,0.8,8.765535540078417e-05
314159,63,I,16,1,273.4625625,224.33756071726472,44.125,5.0,7.4375,6.9375,131.064673,132.93967301865635,94.31467301865635,0.8125,0.5,2.9375,1.875,0.5,2.85237642856373e-05
314159,63,J,16,1,268.955125,220.4551116264876,43.5,5.0,7.3125,6.9375,112.8059440625,114.30594403559886,75.30594403559884,0.75,0.5625,2.8125,1.75,0.4375,0.00021397619866547757
314159,63,Jplus,16,1,257.534,209.84648153525276,42.6875,5.0,7.1875,6.75,113.4770694375,116.10206943947055,77.66456943947054,0.875,0.5,2.25,2.0625,0.0,0.00029543595564973657
314159,63,Ring8,16,1,269.63175,220.13175937744774,44.5,5.0,7.5,7.0,112.188584875,114.06358486566566,74.00108486566566,0.75,0.5625,2.6875,1.625,0.5,0.00015003916360001313
314159,64,I,14,1,308.7768571428572,256.63400768915653,47.142857142857146,5.0,7.928571428571429,7.5,125.21583650000001,146.78726510051644,105.00155081480219,0.9285714285714286,0.5,2.7857142857142856,1.8571428571428572,0.5714285714285714,0.00010764819126052316
314159,64,J,14,1,270.57314285714284,219.07314484740945,46.5,5.0,7.785714285714286,7.571428571428571,87.43265364285715,139.75764414693768,95.54335843265196,0.7142857142857143,0.2857142857142857,2.5,1.6428571428571428,0.5714285714285714,2.7863732611876912e-05
314159,64,Jplus,14,1,264.47171428571426,212.11460046681532,47.357142857142854,5.0,7.928571428571429,7.714285714285714,116.02550671428571,138.29966019816166,91.94251734101879,0.7142857142857143,0.2857142857142857,1.7142857142857142,1.5,0.0,0.0004065354146405298
314159,64,Ring8,14,1,275.3062857142857,212.5919670368512,57.714285714285715,5.0,9.642857142857142,9.5,130.0627405,149.55625211042158,93.91339496756446,0.6428571428571429,0.35714285714285715,2.642857142857143,1.7142857142857142,0.5714285714285714,0.00046148408318913425
314159,65,I,10,1,374.06260000000003,299.0626477032909,70.0,5.0,11.7,11.5,87.8595739,215.24597225245665,149.5459722524567,0.8,0.6,3.1,1.8,0.8,0.0004770329087477876
314159,65,J,10,1,310.13710000000003,232.43712268841583,72.7,5.0,12.2,11.7,85.08798329999999,214.21710114708532,142.81710114708534,0.6,0.4,2.5,1.6,0.7,0.00022688415810989682
314159,65,Jplus,10,1,350.2656,275.4656204926294,69.8,5.0,11.7,11.3,67.2553496,192.64371153556874,126.24371153556872,0.9,0.4,2.0,1.8,0.0,0.00020492629391810624
314159,65,Ring8,10,1,332.055,242.35495144662895,84.7,5.0,14.2,13.7,188.8106479,213.64889183749546,130.04889183749546,0.8,0.2,2.6,1.6,0.8,0.000485533710616437
314159,66,I,13,1,285.2281538461538,227.07428927373607,53.15384615384615,5.0,8.923076923076923,8.538461538461538,133.12640446153847,158.33754381822152,111.10677458745232,0.7692307692307693,0.6923076923076923,2.6153846153846154,1.3076923076923077,0.6153846153846154,0.00023944143094922765
314159,66,J,13,1,278.23338461538464,220.46417814557375,52.76923076923077,5.0,8.846153846153847,8.538461538461538,96.54154623076923,155.54398699617622,106.46706391925309,0.8461538461538461,0.5384615384615384,2.6153846153846154,1.7692307692307692,0.6153846153846154,0.00031589245872964966
314159,66,Jplus,13,1,269.82753846153844,216.1352018374152,48.69230769230769,5.0,8.153846153846153,7.923076923076923,83.97388361538462,141.6988262374017,97.08344162201708,0.9230769230769231,0.5384615384615384,1.9230769230769231,1.6923076923076923,0.0,0.0003761136022149003
314159,66,Ring8,13,1,291.2866923076923,217.13283081130203,69.15384615384616,5.0,11.615384615384615,11.076923076923077,142.76431261538463,161.9152183756889,97.99214145261202,0.8461538461538461,0.5384615384615384,3.0,2.0,0.6153846153846154,0.00019945307349189534
314159,67,I,13,1,281.0727692307692,225.84198174871068,50.23076923076923,5.0,8.384615384615385,8.307692307692308,139.79279361538462,165.73087501955416,114.96164425032336,0.6153846153846154,0.23076923076923078,2.1538461538461537,1.4615384615384615,0.6153846153846154,0.00023726676090518595
314159,67,J,13,1,298.61153846153843,235.611556378358,58.0,5.0,9.76923076923077,9.153846153846153,131.22553323076923,153.27598186552217,99.73752032706065,0.7692307692307693,0.38461538461538464,2.6153846153846154,1.5384615384615385,0.6153846153846154,0.00023291865409191814
314159,67,Jplus,13,1,287.18669230769234,228.87897056686617,53.30769230769231,5.0,8.923076923076923,8.692307692307692,124.06457484615385,147.96457965430312,96.11842580814927,0.7692307692307693,0.3076923076923077,1.7692307692307692,1.5384615384615385,0.0,0.0003826307397503115
314159,67,Ring8,13,1,296.29138461538463,232.4452574730148,58.84615384615385,5.0,9.846153846153847,9.615384615384615,122.55993584615385,163.59455344665568,106.74839960050187,0.6923076923076923,0.38461538461538464,2.769230769230769,1.9230769230769231,0.6153846153846154,0.00034714919229372754
314159,68,I,15,1,287.3286,233.86194095937836,48.46666666666667,5.0,8.133333333333333,7.8,120.3173322,139.6506655028311,97.91733216949775,0.8666666666666667,0.6,2.6666666666666665,1.6,0.4666666666666667,0.00011439067520768731
314159,68,J,15,1,285.3052,229.43854423992164,50.86666666666667,5.0,8.533333333333333,8.2,119.03726320000001,137.4869666165646,91.2869666165646,0.8666666666666667,0.6666666666666666,2.8,1.8666666666666667,0.5333333333333333,0.00016359882420147187
314159,68,Jplus,15,1,275.0318,223.4984723401823,46.53333333333333,5.0,7.8,7.533333333333333,106.97723166666667,126.618015228373,84.418015228373,0.8666666666666667,0.6,2.066666666666667,1.7333333333333334,0.0,8.510273482897901e-05
314159,68,Ring8,15,1,284.3176,221.3842456944379,57.93333333333333,5.0,9.733333333333333,9.266666666666667,120.88642493333333,134.98107187203695,83.58107187203694,0.8666666666666667,0.6666666666666666,3.1333333333333333,2.066666666666667,0.4666666666666667,0.00031458343164558755
314159,69,I,13,1,315.911923076923,260.37342461190735,50.53846153846154,5.0,8.461538461538462,8.23076923076923,113.96010015384614,160.42163860802904,112.2677924541829,0.8461538461538461,0.46153846153846156,2.4615384615384617,1.6153846153846154,0.6153846153846154,0.0004800452043127734
314159,69,J,13,1,317.124,255.27783165316603,56.84615384615385,5.0,9.538461538461538,9.153846153846153,135.49650953846154,154.86400777010482,101.17170007779713,0.7692307692307693,0.5384615384615384,2.5384615384615383,1.5384615384615385,0.6153846153846154,0.00018850884180210414
314159,69,Jplus,13,1,312.7224615384615,253.95324282399653,53.76923076923077,5.0,9.0,8.76923076923077,125.97676230769231,145.32703121384708,95.6347235215394,0.9230769230769231,0.46153846153846156,2.0,1.6923076923076923,0.0,0.00015671195524191717
314159,69,Ring8,13,1,312.9654615384615,246.65779504448105,61.30769230769231,5.0,10.307692307692308,9.76923076923077,103.503365,157.43289988644068,99.20213065567144,0.7692307692307693,0.46153846153846156,2.8461538461538463,1.8461538461538463,0.5384615384615384,0.0003355782537255436
314159,70,I,10,1,319.1239,246.22386963357562,67.9,5.0,11.4,10.9,172.1967113,208.93230073943377,144.03230073943374,0.7,0.5,2.6,1.5,0.6,0.0003036642438019044
314159,70,J,10,1,312.84479999999996,233.14482544384487,74.7,5.0,12.5,12.2,179.8468953,209.31380220559498,134.81380220559498,0.7,0.3,2.6,1.6,0.8,0.000254438448791916
314159,70,Jplus,10,1,323.3188,250.11881970760092,68.2,5.0,11.4,11.2,87.6106991,196.64695328506428,129.74695328506428,0.8,0.3,1.8,1.5,0.0,0.0001970760090443946
314159,70,Ring8,10,1,314.0512,227.85117396969585,81.2,5.0,13.6,13.2,63.9972159,207.97267213078894,128.6726721307889,0.7,0.4,3.2,2.2,0.7,0.0002603030416139518
314159,71,I,15,1,277.93146666666667,230.19810434337563,42.733333333333334,5.0,7.2,6.733333333333333,98.61708713333334,137.2837538194875,98.75042048615417,0.8,0.6,2.533333333333333,1.6,0.5333333333333333,0.0004348493653196783
314159,71,J,15,1,278.2404666666667,223.9071510053738,49.333333333333336,5.0,8.266666666666667,8.0,114.60360073333332,131.3243883382817,86.257721671615,0.9333333333333333,0.6,2.8,1.8666666666666667,0.5333333333333333,0.00026508060727792326
314159,71,Jplus,15,1,272.29966666666667,223.16635595325644,44.13333333333333,5.0,7.4,7.133333333333334,105.91783186666666,125.69535331069419,84.69535331069419,0.8666666666666667,0.4666666666666667,1.9333333333333333,1.6666666666666667,0.0,0.0003392988469386182
314159,71,Ring8,15,1,273.5328,221.3994542910263,47.13333333333333,5.0,7.933333333333334,7.466666666666667,92.25388786666667,134.35122144546142,89.88455477879474,0.8666666666666667,0.3333333333333333,2.6666666666666665,1.9333333333333333,0.5333333333333333,0.00018563460571385804
314159,72,I,14,1,326.4931428571429,271.5645423675569,49.92857142857143,5.0,8.428571428571429,7.785714285714286,122.8080532857143,145.66519611877018,102.66519611877023,0.8571428571428571,0.7142857142857143,2.5,1.5714285714285714,0.2857142857142857,0.00040685420390218496
314159,72,J,14,1,291.5682857142857,232.42545076636932,54.142857142857146,5.0,9.071428571428571,8.785714285714286,129.04265042857142,147.69147440488334,96.97718869059766,0.7857142857142857,0.42857142857142855,2.4285714285714284,1.5,0.5714285714285714,0.00031072917045094073
314159,72,Jplus,14,1,308.24449999999996,249.95876562782496,53.285714285714285,5.0,9.0,8.285714285714286,135.86496242857143,136.72210529261235,88.93639100689809,0.8571428571428571,0.5,2.0,1.2142857142857142,0.0,0.00028121045033913106
314159,72,Ring8,14,1,295.57214285714286,230.286399147371,60.285714285714285,5.0,10.071428571428571,9.928571428571429,128.79297957142856,145.90897445110858,90.40897445110853,0.8571428571428571,0.5714285714285714,2.7857142857142856,1.7857142857142858,0.5714285714285714,0.0004119368063584261
314159,73,I,16,1,262.056625,221.05660482719415,36.0,5.0,6.0625,5.6875,108.051390375,118.13718949921325,86.19968949921326,0.8125,0.5,2.5,1.5625,0.5,0.0003227648935535399
314159,73,J,16,1,273.7164375,225.5914651874586,43.125,5.0,7.25,6.875,122.9402860625,124.44028607881528,84.31528607881532,0.6875,0.4375,2.75,1.8125,0.5,0.00044299933779257117
314159,73,Jplus,16,1,277.443125,232.19310777727551,40.25,5.0,6.75,6.5,116.0649871875,118.31498716365539,81.43998716365539,0.8125,0.4375,2.25,1.875,0.0,0.0002755635919129418
314159,73,Ring8,16,1,259.33575,213.08576408425233,41.25,5.0,6.9375,6.5625,99.07192325,105.41580390950507,67.85330390950506,0.8125,0.4375,2.625,1.625,0.5,0.00022534803702001227
314159,74,I,14,1,273.20921428571427,222.56633410401037,45.642857142857146,5.0,7.642857142857143,7.428571428571429,126.63759,149.0661614622448,106.13759003367338,0.7857142857142857,0.2857142857142857,2.642857142857143,1.7142857142857142,0.5714285714285714,0.00032254385496344185
314159,74,J,14,1,280.1505,221.50761458316134,53.642857142857146,5.0,9.0,8.642857142857142,115.74723821428572,151.86263656760818,100.43406513903676,0.7142857142857143,0.5,2.9285714285714284,2.0,0.5714285714285714,0.00039583574107382447
314159,74,Jplus,14,1,283.09671428571426,229.45388527394613,48.642857142857146,5.0,8.142857142857142,7.928571428571429,98.08671307142858,133.5943552772957,88.66578384872425,1.0,0.5,2.0714285714285716,1.8571428571428572,0.0,0.00039383524608638254
314159,74,Ring8,14,1,289.194,227.83682802946402,56.357142857142854,5.0,9.428571428571429,9.214285714285714,101.38174435714286,147.69965484811223,93.48536913382652,0.8571428571428571,0.42857142857142855,3.0,2.2857142857142856,0.5,0.0004075875035596255
314159,75,I,14,1,293.2715714285714,237.84300865316254,50.42857142857143,5.0,8.5,7.928571428571429,123.93395114285714,144.21966544800912,102.00537973372339,0.9285714285714286,0.7857142857142857,3.2142857142857144,2.0714285714285716,0.5714285714285714,0.00012114427590859123
314159,75,J,14,1,291.0692857142857,236.99783299981567,49.07142857142857,5.0,8.214285714285714,8.0,109.64592021428572,143.931757153816,98.00318572524453,0.7857142857142857,0.35714285714285715,2.5,1.4285714285714286,0.5714285714285714,0.00033800258051996934
314159,75,Jplus,14,1,275.5657857142857,224.13718852209269,46.42857142857143,5.0,7.785714285714286,7.5,98.08671307142858,133.37908857141812,90.23623142856097,0.9285714285714286,0.5,2.0714285714285716,1.7142857142857142,0.0,0.000360690702109423
314159,75,Ring8,14,1,278.7765,220.49079382003475,53.285714285714285,5.0,8.928571428571429,8.642857142857142,131.46596114285714,146.9959400213752,95.49594002137522,0.7142857142857143,0.42857142857142855,2.5714285714285716,1.8571428571428572,0.5,0.00011348048656145693
314159,76,I,13,1,315.4782307692307,257.6320559567175,52.84615384615385,5.0,8.846153846153847,8.615384615384615,147.0750076153846,173.87232964028485,122.56463733259254,0.7692307692307693,0.46153846153846156,2.3076923076923075,1.4615384615384615,0.6153846153846154,0.00027256267185293837
314159,76,J,13,1,306.76930769230773,243.23088252956742,58.53846153846154,5.0,9.846153846153847,9.307692307692308,139.793861,163.74718066103844,108.67025758411532,0.8461538461538461,0.46153846153846156,2.3846153846153846,1.1538461538461537,0.6153846153846154,0.000472884376449656
314159,76,Jplus,13,1,300.0895384615385,240.08953540408595,55.0,5.0,9.23076923076923,8.846153846153847,126.66187407692307,152.0663666527903,99.6817512681749,0.8461538461538461,0.38461538461538464,1.7692307692307692,1.3076923076923077,0.0,3.9746882976032794e-05
314159,76,Ring8,13,1,304.3863846153846,237.46326979451172,61.92307692307692,5.0,10.384615384615385,10.0,143.26577523076924,160.82042712032447,100.28196558186298,0.7692307692307693,0.23076923076923078,2.230769230769231,1.3076923076923077,0.5384615384615384,0.0004926713477289013
314159,77,I,10,1,396.20709999999997,312.9070964667193,78.3,5.0,13.1,12.8,218.23171250000001,222.43171250778875,148.23171250778873,0.9,0.6,2.5,1.3,0.8,3.533280732881394e-05
314159,77,J,10,1,404.4328,312.9327718031315,86.5,5.0,14.5,14.0,204.8350132,211.43501319692177,129.43501319692177,0.9,0.6,2.3,1.3,0.4,0.0002819686847033154
314159,77,Jplus,10,1,397.62,309.1199669844824,83.5,5.0,14.0,13.5,195.4320974,202.03209738821397,124.13209738821395,1.0,0.7,1.8,1.1,0.0,0.00033015517556123086
314159,77,Ring8,10,1,412.7903,309.39034501034024,98.4,5.0,16.5,15.9,198.750576,224.0925464186411,131.49254641864113,0.9,0.6,3.0,1.7,0.8,0.00045010340227236156
314159,78,I,12,1,332.7335,264.48351797620586,63.25,5.0,10.583333333333334,10.333333333333334,171.88911499999998,176.88911500347487,117.9724483368082,1.0,0.5833333333333334,2.0833333333333335,1.25,0.5,0.00021571447041424108
314159,78,J,12,1,325.00791666666663,250.42458603123194,69.58333333333333,5.0,11.666666666666666,11.25,145.24449608333333,172.59757032200014,106.8475703220001,0.9166666666666666,0.5833333333333334,2.4166666666666665,1.6666666666666667,0.5,3.237478358641965e-05
314159,78,Jplus,12,1,326.31,254.22670028466345,67.08333333333333,5.0,11.25,10.833333333333334,141.89728983333333,167.80983082531637,105.97649749198301,0.9166666666666666,0.6666666666666666,2.0,1.5833333333333333,0.0,0.00040341596150028636
314159,78,Ring8,12,1,334.3156666666667,250.14900744612942,79.16666666666667,5.0,13.25,12.916666666666666,158.28834383333333,184.17406808536327,109.34073475202995,0.9166666666666666,0.6666666666666666,2.75,1.8333333333333333,0.6666666666666666,8.935355299399816e-05
314159,79,I,14,1,283.86871428571425,231.1544559794589,47.714285714285715,5.0,8.0,7.714285714285714,147.07909714285714,150.50766855714656,107.50766855714654,0.8571428571428571,0.5,2.5,1.4285714285714286,0.5714285714285714,0.0003837124249912449
314159,79,J,14,1,287.1137857142857,232.18518132094735,49.92857142857143,5.0,8.357142857142858,8.142857142857142,121.28560121428572,141.32585922690004,94.39728779832863,0.8571428571428571,0.2857142857142857,2.5,1.6428571428571428,0.5714285714285714,0.000461506736883166
314159,79,Jplus,14,1,279.47999999999996,230.480033173325,44.0,5.0,7.357142857142857,7.214285714285714,92.5152845,129.66266555142218,89.0912369799936,0.9285714285714286,0.35714285714285715,1.8571428571428572,1.5714285714285714,0.0,0.00046442655047940207
314159,79,Ring8,14,1,288.08535714285716,230.65681038754838,52.42857142857143,5.0,8.785714285714286,8.5,97.97149871428572,144.87581108340035,94.59009679768609,0.8571428571428571,0.2857142857142857,2.357142857142857,1.5,0.5714285714285714,0.0003454256770965003
314159,80,I,14,1,301.7837857142857,250.35518298868675,46.42857142857143,5.0,7.785714285714286,7.5,128.80559214285714,152.29416991901888,108.2227413475903,0.7142857142857143,0.35714285714285715,2.5,1.5714285714285714,0.5714285714285714,0.000438158385350107
314159,80,J,14,1,281.77214285714285,225.05783313931724,51.714285714285715,5.0,8.642857142857142,8.5,145.86046092857143,147.1461752424629,96.2176038138915,0.6428571428571429,0.42857142857142855,2.357142857142857,1.6428571428571428,0.42857142857142855,0.00033604955842747586
314159,80,Jplus,14,1,287.9862857142857,233.55771172898355,49.42857142857143,5.0,8.285714285714286,8.0,131.38226578571428,134.3822657928245,88.6679800785388,0.9285714285714286,0.5,2.0,1.7142857142857142,0.0,3.579423037081142e-05
314159,80,Ring8,14,1,275.6537857142857,213.22523120977795,57.42857142857143,5.0,9.642857142857142,9.214285714285714,131.176145,147.42114112552068,92.99256969694922,0.6428571428571429,0.5714285714285714,3.0714285714285716,2.0714285714285716,0.5,0.00023693689126957906
314159,81,I,12,1,340.5190833333333,277.35241207617634,58.166666666666664,5.0,9.833333333333334,9.0,145.81900016666665,173.98566683211152,121.31900016544488,0.8333333333333334,0.5,2.9166666666666665,1.75,0.4166666666666667,5.5085883559513604e-05
314159,81,J,12,1,322.6933333333333,254.5267056820381,63.166666666666664,5.0,10.583333333333334,10.25,156.04477933333334,180.20401088429026,117.37067755095693,0.5833333333333334,0.3333333333333333,2.6666666666666665,1.75,0.6666666666666666,0.00046818445707685896
314159,81,Jplus,12,1,310.54041666666666,247.29041065972726,58.25,5.0,9.75,9.5,144.21516375000002,168.371894959989,111.28856162665566,0.6666666666666666,0.3333333333333333,1.8333333333333333,1.5,0.0,7.20832731531118e-05
314159,81,Ring8,12,1,319.92608333333334,246.92606326772432,68.0,5.0,11.416666666666666,10.916666666666666,154.29078141666668,175.90909009720238,110.8257567638691,0.75,0.5,3.1666666666666665,2.0833333333333335,0.6666666666666666,0.0002407873080301215
314159,82,I,11,1,382.9320909090909,312.9321290288148,65.0,5.0,10.909090909090908,10.454545454545455,162.0876578181818,199.6898571901126,137.96258446283989,0.7272727272727273,0.5454545454545454,2.1818181818181817,0.9090909090909091,0.6363636363636364,0.00041931696296160226
314159,82,J,11,1,348.80336363636366,270.0761215670846,73.72727272727273,5.0,12.363636363636363,11.909090909090908,163.38514036363637,190.00510913522245,120.550563680677,0.7272727272727273,0.6363636363636364,2.6363636363636362,1.1818181818181819,0.7272727272727273,0.00033723793103490607
314159,82,Jplus,11,1,390.5290909090909,318.4381487288348,67.0909090909091,5.0,11.272727272727273,10.727272727272727,126.3848779090909,174.84914981325957,112.84914981325956,0.9090909090909091,0.6363636363636364,2.0,1.3636363636363635,0.0,0.00036398281690708245
314159,82,Ring8,11,1,344.39245454545454,261.665210860344,77.72727272727273,5.0,13.0,12.727272727272727,146.0822949090909,190.6093963607632,115.15485090621779,0.7272727272727273,0.5454545454545454,2.3636363636363638,1.3636363636363635,0.5454545454545454,0.00031946378430802724
314159,83,I,10,1,368.054,296.1540051954552,66.9,5.0,11.2,10.9,175.28726799999998,207.91721939553054,142.4172193955306,0.7,0.4,2.1,1.2,0.6,5.195455241846503e-05
314159,83,J,10,1,362.02869999999996,281.4287263414716,75.6,5.0,12.7,12.1,179.63428240000002,204.18963195223554,129.78963195223554,0.8,0.3,2.3,1.2,0.8,0.0002634147163007583
314159,83,Jplus,10,1,352.5545,275.9544536704842,71.6,5.0,12.0,11.6,168.4434581,193.5988077129528,124.19880771295277,0.9,0.3,1.6,1.2,0.0,0.0004632951581697853
314159,83,Ring8,10,1,372.7223,279.92227009229566,87.8,5.0,14.7,14.3,181.4766137,210.4382218641793,123.33822186417925,0.8,0.3,2.8,1.8,0.8,0.0002990770435644663
314159,84,I,10,1,380.1633,304.76334331202327,70.4,5.0,11.8,11.4,170.4472627,205.47531629804575,138.97531629804575,1.0,0.4,2.0,1.1,0.4,0.0004331202326284256
314159,84,J,10,1,376.019,292.11902896614725,78.9,5.0,13.2,12.9,131.9275979,205.59364662487715,130.7936466248771,0.9,0.7,2.7,1.7,0.4,0.000289661472379521
314159,84,Jplus,10,1,366.7752,287.575214264133,74.2,5.0,12.4,12.2,119.36604870000001,193.03209738821394,124.13209738821392,1.0,0.7,1.9,1.3,0.0,0.00014264133005781332
314159,84,Ring8,10,1,391.8578,295.35782848366335,91.5,5.0,15.3,15.0,183.0689043,215.75366966845536,127.65366966845534,1.0,0.4,2.9,2.0,0.6,0.0002848366334546881
314159,85,I,15,1,278.2366,233.36993652941422,39.86666666666667,5.0,6.666666666666667,6.533333333333333,95.033435,132.1001016892604,95.83343502259376,0.9333333333333333,0.5333333333333333,2.4,1.6666666666666667,0.5333333333333333,4.7941213324520504e-05
314159,85,J,15,1,274.12,222.58664908486526,46.53333333333333,5.0,7.866666666666666,7.2,121.05427453333333,135.42450759936312,92.62450759936308,0.7333333333333333,0.4666666666666667,2.7333333333333334,1.8,0.5333333333333333,0.0002637270213199372
314159,85,Jplus,15,1,260.88986666666665,217.22317610098756,38.666666666666664,5.0,6.466666666666667,6.333333333333333,101.7844634,118.95469645249467,83.08802978582798,0.9333333333333333,0.4666666666666667,1.6666666666666667,1.4,0.0,0.00035848518655257067
314159,85,Ring8,15,1,272.66493333333335,220.2649542147287,47.4,5.0,8.0,7.4,92.62548646666667,136.2664501242327,92.26645012423272,0.7333333333333333,0.4666666666666667,2.6666666666666665,1.6666666666666667,0.5333333333333333,0.00031322093036578735
314159,86,I,12,1,276.53950000000003,220.62283653326332,50.916666666666664,5.0,8.5,8.416666666666666,83.41666666666667,166.4179711946247,115.66797119462471,0.8333333333333334,0.16666666666666666,2.1666666666666665,1.8333333333333333,0.25,3.839915962089435e-05
314159,86,J,12,1,278.93783333333334,217.0212070813881,56.916666666666664,5.0,9.5,9.416666666666666,59.232367583333335,175.8356167651767,116.41895009851004,0.5,0.0,2.75,2.1666666666666665,0.5833333333333334,0.0004849766573897796
314159,86,Jplus,12,1,284.22908333333334,226.97909210098797,52.25,5.0,8.75,8.5,71.00891591666667,162.1021807186318,110.43551405196513,0.75,0.16666666666666666,1.75,1.75,0.0,0.00010521185595280258
314159,86,Ring8,12,1,274.2056666666667,206.8723076973167,62.333333333333336,5.0,10.416666666666666,10.25,97.5665015,173.2506556409543,110.167322307621,0.75,0.08333333333333333,2.5833333333333335,1.8333333333333333,0.6666666666666666,0.0003076321995649778
314159,87,I,16,1,252.6205625,201.55808200332092,46.0625,5.0,7.6875,7.625,133.1931049375,136.19310492028072,94.00560492028072,0.875,0.5625,2.75,1.8125,0.5,0.0003120531346212374
314159,87,J,16,1,229.760625,183.07311853378295,41.6875,5.0,7.0,6.6875,129.218344375,129.59334438540333,89.15584438540334,0.6875,0.1875,1.875,1.1875,0.5,0.00010345947293899371
314159,87,Jplus,16,1,232.292625,187.4176496954757,39.875,5.0,6.6875,6.4375,117.2167123125,118.7167122865265,80.71671228652649,0.8125,0.1875,1.5625,1.375,0.0,0.00039512761122750817
314159,87,Ring8,16,1,226.6171875,177.24219794584442,44.375,5.0,7.4375,7.1875,104.77985775,111.34501001158509,71.2200100115851,0.75,0.5,2.1875,1.3125,0.5,0.00016713351078578853
314159,88,I,16,1,279.5855,234.58551429065298,40.0,5.0,6.75,6.25,126.021072,129.02107199105444,93.95857199105443,0.9375,0.5,2.1875,1.25,0.5,0.0002286504472976958
314159,88,J,16,1,273.2129375,221.33795404403656,46.875,5.0,7.875,7.5,111.52823525,112.27823522417026,72.65323522417027,0.9375,0.6875,2.6875,1.5,0.5,0.00026470458487892756
314159,88,Jplus,16,1,245.614625,199.05209410037924,41.5625,5.0,6.9375,6.875,100.422967375,113.72654114145342,76.41404114145342,0.875,0.5,1.9375,1.625,0.0,0.0004943939320583013
314159,88,Ring8,16,1,245.37125,197.3712382855808,43.0,5.0,7.25,6.75,101.3099390625,108.86937005208661,73.55687005208661,0.8125,0.625,2.5625,1.4375,0.5,0.00018743070722848643
314159,89,I,13,1,309.2176153846154,252.60220556678334,51.61538461538461,5.0,8.692307692307692,8.153846153846153,144.95328546153846,167.72251621677907,119.64559313985602,0.7692307692307693,0.5384615384615384,2.1538461538461537,1.0,0.6153846153846154,0.0003276318166172132
314159,89,J,13,1,288.6413076923077,228.56439093146295,55.07692307692308,5.0,9.23076923076923,8.923076923076923,120.61752361538461,160.85325896565422,106.85325896565422,0.6923076923076923,0.38461538461538464,2.1538461538461537,1.3076923076923077,0.6153846153846154,8.210901842176099e-05
314159,89,Jplus,13,1,304.1060769230769,246.25994380787176,52.84615384615385,5.0,8.846153846153847,8.615384615384615,126.62487407692308,145.9751429612246,95.82129680737843,0.9230769230769231,0.38461538461538464,1.6153846153846154,1.3846153846153846,0.0,0.0002695023331398261
314159,89,Ring8,13,1,314.9845384615385,249.83071003957144,60.15384615384615,5.0,10.076923076923077,9.76923076923077,139.4169293846154,158.73305909380608,102.19459755534453,0.8461538461538461,0.46153846153846156,2.3076923076923075,1.3076923076923077,0.5384615384615384,0.000230514428949391
314159,90,I,13,1,313.3953076923077,255.54914190631837,52.84615384615385,5.0,8.846153846153847,8.615384615384615,136.04149653846156,160.5822709497407,110.50534787281764,0.8461538461538461,0.3076923076923077,2.6153846153846154,1.7692307692307692,0.6153846153846154,0.0001552178614474542
314159,90,J,13,1,294.7116923076923,230.40398794977784,59.30769230769231,5.0,9.923076923076923,9.692307692307692,156.81756107692308,159.1252533724763,102.58679183401475,0.8461538461538461,0.5384615384615384,2.6923076923076925,1.7692307692307692,0.6153846153846154,0.00015665288810851052
314159,90,Jplus,13,1,289.09284615384615,230.78518816419293,53.30769230769231,5.0,8.923076923076923,8.692307692307692,142.94776723076922,145.71699799093383,95.48622876016458,1.0,0.38461538461538464,1.6923076923076923,1.4615384615384615,0.0,0.0004461345083655033
314159,90,Ring8,13,1,291.8925384615385,225.3540961176841,61.53846153846154,5.0,10.307692307692308,10.0,141.31171792307694,162.38582101432397,102.385821014324,0.6923076923076923,0.3076923076923077,2.5384615384615383,1.6153846153846154,0.6153846153846154,0.0002495298931535217
314159,91,I,12,1,292.16675000000004,230.00006289508448,57.166666666666664,5.0,9.583333333333334,9.25,177.07156774999999,177.0715677474832,122.07156774748323,0.6666666666666666,0.5833333333333334,2.5,1.5,0.6666666666666666,0.00024525898652427713
314159,91,J,12,1,304.7799166666667,237.3632345231699,62.416666666666664,5.0,10.5,9.916666666666666,126.42596099999999,165.3515435684268,107.68487690176012,0.8333333333333334,0.4166666666666667,2.5,1.4166666666666667,0.6666666666666666,0.00018572196131572127
314159,91,Jplus,12,1,291.56575000000004,225.3157445860542,61.25,5.0,10.25,10.0,139.9357585,163.82231705284957,107.07231705284953,0.8333333333333334,0.5,2.0833333333333335,1.75,0.0,6.496734977190499e-05
314159,91,Ring8,12,1,301.24966666666666,223.9163278266708,72.33333333333333,5.0,12.083333333333334,11.916666666666666,161.57912308333331,178.19743176144598,108.53076509477928,0.75,0.4166666666666667,2.9166666666666665,2.0,0.6666666666666666,6.60799505567411e-05
314159,92,I,16,1,237.39125,194.82876404900557,37.5625,5.0,6.375,5.6875,116.8336866875,118.33368666896533,86.08368666896533,0.6875,0.625,2.8125,1.75,0.5,0.00022478408891402069
314159,92,J,16,1,211.8945625,166.26957440283982,40.625,5.0,6.8125,6.5625,92.930549625,94.8055496196545,60.55554961965451,0.8125,0.5,3.0,1.8125,0.5,0.00019044543705604156
314159,92,Jplus,16,1,219.9570625,177.70707310706493,37.25,5.0,6.3125,5.6875,85.3021408125,87.17714083547486,58.17714083547487,0.8125,0.6875,2.5,1.875,0.0,0.00016971303875834565
314159,92,Ring8,16,1,208.9160625,161.47854501782595,42.4375,5.0,7.125,6.8125,104.419769,105.54476898432397,68.35726898432395,0.75,0.625,3.25,2.1875,0.5,0.0002797147849378234
314159,93,I,13,1,314.5339230769231,259.8415866557849,49.69230769230769,5.0,8.307692307692308,8.153846153846153,133.79005538461539,160.25159383816194,112.09774768431579,0.8461538461538461,0.38461538461538464,2.4615384615384617,1.6153846153846154,0.6153846153846154,0.00037347479610616574
314159,93,J,13,1,298.4013846153846,237.7860063524058,55.61538461538461,5.0,9.307692307692308,9.076923076923077,129.67164046153846,156.04418865587755,101.8134194251083,0.8461538461538461,0.23076923076923078,2.6153846153846154,1.6923076923076923,0.6153846153846154,8.258127536464599e-05
314159,93,Jplus,13,1,297.83784615384616,240.14551875222327,52.69230769230769,5.0,8.846153846153847,8.461538461538462,120.82826753846153,144.79392106785687,95.48622876016458,1.0,0.3076923076923077,2.1538461538461537,1.8461538461538463,0.0,0.00025622109751566313
314159,93,Ring8,13,1,296.49115384615385,231.2603643190165,60.23076923076923,5.0,10.076923076923077,9.846153846153847,140.31644561538462,163.48892337918156,104.2581541484123,0.7692307692307693,0.3076923076923077,2.6923076923076925,1.8461538461538463,0.6153846153846154,0.000263852785792551
314159,94,I,13,1,308.0515384615385,245.12846916343247,57.92307692307692,5.0,9.76923076923077,9.076923076923077,142.13113376923076,166.59078210397928,113.89847441167159,0.9230769230769231,0.5384615384615384,2.5384615384615383,1.4615384615384615,0.6153846153846154,9.912462201100425e-05
314159,94,J,13,1,277.14246153846153,216.52706432050172,55.61538461538461,5.0,9.307692307692308,9.076923076923077,108.59103223076923,149.2490630870698,98.63367847168516,0.9230769230769231,0.5384615384615384,2.1538461538461537,1.4615384615384615,0.38461538461538464,0.0001638334774725081
314159,94,Jplus,13,1,274.15715384615385,214.00328462105156,55.15384615384615,5.0,9.23076923076923,9.0,105.63184484615385,144.7939210678569,95.48622876016455,1.0,0.5384615384615384,2.076923076923077,1.7692307692307692,0.0,0.00029992632971698185
314159,94,Ring8,13,1,281.31238461538464,215.15854848828792,61.15384615384615,5.0,10.23076923076923,10.0,103.2411876153846,160.10267306229846,102.17959613922156,0.8461538461538461,0.46153846153846156,2.4615384615384617,1.6153846153846154,0.6153846153846154,0.00013034774292464135
314159,95,I,15,1,255.55826666666664,209.89161942261646,40.666666666666664,5.0,6.8,6.666666666666667,117.1950482,140.6138875809953,100.34722091432863,0.6,0.26666666666666666,2.1333333333333333,1.4666666666666666,0.5333333333333333,0.0002913392472692067
314159,95,J,15,1,274.78413333333333,222.11745132705028,47.666666666666664,5.0,8.0,7.666666666666667,124.6509216,142.109463086116,97.84279641944926,0.6666666666666666,0.4666666666666667,2.933333333333333,1.8666666666666667,0.5333333333333333,0.00023009424558040337
314159,95,Jplus,15,1,252.57000000000002,204.3700205821034,43.2,5.0,7.266666666666667,6.866666666666666,108.58480626666666,128.0854242438941,87.55209091056075,0.8,0.4,2.2,1.9333333333333333,0.0,0.00030873155083099846
314159,95,Ring8,15,1,262.27253333333334,205.60586781714775,51.666666666666664,5.0,8.666666666666666,8.333333333333334,110.96964293333333,138.17642265467254,88.90975598800587,0.7333333333333333,0.4,3.066666666666667,2.2666666666666666,0.5333333333333333,1.7257216313737445e-05
314159,96,I,13,1,297.40615384615387,236.713817216013,55.69230769230769,5.0,9.307692307692308,9.153846153846153,113.57353415384615,167.5939604786157,115.28626817092338,0.7692307692307693,0.6153846153846154,2.769230769230769,1.7692307692307692,0.6153846153846154,0.00037619183103743126
314159,96,J,13,1,288.5596923076923,226.17504513338648,57.38461538461539,5.0,9.615384615384615,9.307692307692308,122.09344423076922,167.380944746949,111.15017551617981,0.6153846153846154,0.46153846153846156,2.3846153846153846,1.6153846153846154,0.5384615384615384,0.00041326597556690103
314159,96,Jplus,13,1,282.19184615384614,221.73029841091005,55.46153846153846,5.0,9.307692307692308,8.923076923076923,110.68830107692308,151.79224898269285,100.86917205961593,0.7692307692307693,0.5384615384615384,2.076923076923077,1.8461538461538463,0.0,0.00012065816963513498
314159,96,Ring8,13,1,299.9645384615385,228.5030350876326,66.46153846153847,5.0,11.153846153846153,10.692307692307692,110.26875246153847,169.3022953319333,106.53306456270253,0.6923076923076923,0.5384615384615384,3.0,1.7692307692307692,0.6153846153846154,0.0004561392238429107
314159,97,I,11,1,345.308,273.58070213544033,66.72727272727273,5.0,11.181818181818182,10.818181818181818,143.39809072727272,199.9435452823089,137.03445437321804,0.8181818181818182,0.6363636363636364,3.090909090909091,1.9090909090909092,0.7272727272727273,0.0002765101562545169
314159,97,J,11,1,333.86436363636363,255.50072164144106,73.36363636363636,5.0,12.272727272727273,12.0,143.5102438181818,192.43012803710974,122.5210371280188,0.7272727272727273,0.45454545454545453,3.272727272727273,2.1818181818181817,0.7272727272727273,6.194414800120285e-05
314159,97,Jplus,11,1,326.0804545454546,252.98957920795584,68.0909090909091,5.0,11.363636363636363,11.272727272727273,127.71369463636364,176.17796655815812,113.087057467249,0.9090909090909091,0.5454545454545454,2.3636363636363638,2.090909090909091,0.0,0.00037128751409909455
314159,97,Ring8,11,1,340.8761818181818,257.78530365964775,78.0909090909091,5.0,13.090909090909092,12.636363636363637,168.8139347272727,193.52240656158926,117.79513383431653,0.7272727272727273,0.6363636363636364,2.727272727272727,1.5454545454545454,0.7272727272727273,0.0003402561255825276
314159,98,I,11,1,379.4275454545455,307.9729827947602,66.45454545454545,5.0,11.181818181818182,10.545454545454545,165.33821109090908,194.97457476231168,134.24730203503893,0.9090909090909091,0.36363636363636365,2.8181818181818183,1.5454545454545454,0.7272727272727273,0.00018925763833976816
314159,98,J,11,1,345.7610909090909,271.9429303858789,68.81818181818181,5.0,11.545454545454545,11.090909090909092,165.42305454545456,191.34643652005016,123.61916379277737,0.7272727272727273,0.2727272727272727,2.1818181818181817,1.3636363636363635,0.5454545454545454,0.00023424466826327262
314159,98,Jplus,11,1,342.16472727272725,271.3465592086178,65.81818181818181,5.0,11.0,10.818181818181818,159.12147672727272,185.6976623048903,120.60675321398118,0.7272727272727273,0.2727272727272727,1.6363636363636365,1.2727272727272727,0.0,0.00015129479606912355
314159,98,Ring8,11,1,345.8208181818182,265.3662280275749,75.45454545454545,5.0,12.636363636363637,12.272727272727273,169.2311710909091,195.44194191747286,120.71466919020017,0.7272727272727273,0.2727272727272727,2.4545454545454546,1.3636363636363635,0.7272727272727273,0.0004916966759083152
314159,99,I,15,1,264.97566666666665,216.90898671510948,43.06666666666667,5.0,7.2,7.066666666666666,101.41917199999999,140.88583864482396,100.28583864482398,0.8666666666666667,0.5333333333333333,2.533333333333333,1.8,0.5333333333333333,0.0001992733582483197
314159,99,J,15,1,283.68933333333337,234.35599745186994,44.333333333333336,5.0,7.466666666666667,7.0,84.38732920000001,133.7416944210546,92.07502775438793,0.7333333333333333,0.4,2.8,1.7333333333333334,0.5333333333333333,3.822195094471681e-05
314159,99,Jplus,15,1,272.75,228.0833357463418,39.666666666666664,5.0,6.666666666666667,6.333333333333333,71.9773658,121.5536362592539,84.88696959258725,0.9333333333333333,0.4,2.0,1.6666666666666667,0.0,3.619512699515326e-05
314159,99,Ring8,15,1,243.3493333333333,190.54931500935112,47.8,5.0,8.0,7.8,95.35072713333334,135.02601266614295,90.15934599947627,0.7333333333333333,0.5333333333333333,2.533333333333333,1.8,0.5333333333333333,0.000274859733053745
314159,100,I,14,1,293.80521428571427,235.0194763045118,53.785714285714285,5.0,9.0,8.785714285714286,132.63947121428572,153.78232838472255,102.99661409900827,0.9285714285714286,0.5,2.4285714285714284,1.6428571428571428,0.5714285714285714,0.00033173683459608583
314159,100,J,14,1,261.13807142857144,201.35233629394068,54.785714285714285,5.0,9.214285714285714,8.714285714285714,109.68665571428572,143.55539690350938,92.76968261779508,0.8571428571428571,0.5,2.857142857142857,2.0,0.5,0.0002918848304034327
314159,100,Jplus,14,1,256.0052857142857,201.2195556679351,49.785714285714285,5.0,8.357142857142858,8.0,102.4893617142857,136.35810289423404,91.57238860851974,0.8571428571428571,0.6428571428571429,2.0,1.7142857142857142,0.0,0.00022064890845285845
314159,100,Ring8,14,1,282.3605,219.21763338579157,58.142857142857146,5.0,9.714285714285714,9.571428571428571,103.14214792857142,147.16065602829934,92.44637031401362,0.9285714285714286,0.35714285714285715,2.857142857142857,2.0714285714285716,0.5714285714285714,0.0001325989178440068
314159,101,I,16,1,247.0114375,203.32395612504462,38.6875,5.0,6.5,6.1875,130.9525451875,132.45254516457402,96.827545164574,0.75,0.4375,2.4375,1.6875,0.5,0.00029800071388308425
314159,101,J,16,1,210.96125,167.77373626992465,38.1875,5.0,6.375,6.3125,114.1637835625,125.93518919256255,89.37268919256259,0.5,0.4375,2.375,1.5625,0.5,0.0002196812056354247
314159,101,Jplus,16,1,218.583625,176.64609866030742,36.9375,5.0,6.1875,6.0,102.1660995,114.0606393277331,81.18563932773307,0.5625,0.375,2.1875,1.9375,0.0,0.0004214350815345824
314159,101,Ring8,16,1,229.523625,184.0861481250471,40.4375,5.0,6.8125,6.375,101.1922854375,102.69228546062001,65.87978546062001,0.8125,0.5,3.125,2.125,0.5,0.00037000075326432125
314159,102,I,12,1,305.3369166666667,243.5035486498298,56.833333333333336,5.0,9.583333333333334,8.916666666666666,152.60216033333333,178.26882698180532,124.35216031513868,0.6666666666666666,0.5,2.25,1.1666666666666667,0.6666666666666666,0.0004162020422882051
314159,102,J,12,1,311.26883333333336,244.68546798874726,61.583333333333336,5.0,10.333333333333334,9.916666666666666,148.86014975,173.72407094858886,115.22407094858887,0.6666666666666666,0.4166666666666667,2.5,1.4166666666666667,0.6666666666666666,0.0003841350330731075
314159,102,Jplus,12,1,315.9284166666667,251.42841040461064,59.5,5.0,10.0,9.5,115.53776891666666,156.96335148416028,103.63001815082693,0.9166666666666666,0.5,2.4166666666666665,1.9166666666666667,0.0,7.514467233704636e-05
314159,102,Ring8,12,1,318.90625,247.15621375674277,66.75,5.0,11.166666666666666,10.916666666666666,159.57311975000002,182.46528464487065,118.38195131153732,0.6666666666666666,0.4166666666666667,2.3333333333333335,1.3333333333333333,0.6666666666666666,0.0004349190867287689
314159,103,I,13,1,270.2143846153846,216.5220493568299,48.69230769230769,5.0,8.153846153846153,7.923076923076923,63.81705269230769,156.95310956247383,112.87618648555075,0.9230769230769231,0.5384615384615384,2.4615384615384617,1.6153846153846154,0.5384615384615384,0.00035836121105603524
314159,103,J,13,1,289.9966153846154,221.2274128838103,63.76923076923077,5.0,10.692307692307692,10.307692307692308,140.49720930769232,161.23209360649258,102.84747822187725,0.9230769230769231,0.46153846153846156,2.769230769230769,2.0,0.6153846153846154,0.0003674895338008355
314159,103,Jplus,13,1,284.3225384615385,217.78408097946888,61.53846153846154,5.0,10.307692307692308,10.0,128.67442138461539,150.33238260631842,95.48622876016455,1.0,0.5384615384615384,2.3846153846153846,2.1538461538461537,0.0,5.2733095344592584e-05
314159,103,Ring8,13,1,283.9623846153846,211.8854847357923,67.07692307692308,5.0,11.23076923076923,10.923076923076923,156.64902899999998,160.80287518421954,99.18749056883495,0.9230769230769231,0.38461538461538464,2.6923076923076925,1.9230769230769231,0.6153846153846154,0.00030156529965097434
314159,104,I,14,1,261.08292857142857,209.94010395213314,46.142857142857146,5.0,7.714285714285714,7.571428571428571,130.40872914285714,154.3665021985777,108.86650219857765,0.7142857142857143,0.35714285714285715,2.357142857142857,1.6428571428571428,0.5714285714285714,0.00045532986405305564
314159,104,J,14,1,256.2457142857143,201.53140326105182,49.714285714285715,5.0,8.357142857142858,7.928571428571429,124.79063978571428,145.73517615713004,97.37803329998715,0.7142857142857143,0.2857142857142857,2.357142857142857,1.5714285714285714,0.5714285714285714,0.00035434527444522246
314159,104,Jplus,14,1,248.84864285714283,197.49153085579815,46.357142857142854,5.0,7.785714285714286,7.428571428571429,115.45749114285715,137.57816906208993,92.93531191923282,0.7142857142857143,0.35714285714285715,1.7857142857142858,1.5,0.0,0.00043198117418796755
314159,104,Ring8,14,1,244.00485714285716,186.0763105045449,52.92857142857143,5.0,8.857142857142858,8.642857142857142,126.29922771428572,148.01827362197886,95.30398790769321,0.6428571428571429,0.2857142857142857,2.642857142857143,1.9285714285714286,0.5714285714285714,0.0003470636283964268
314159,105,I,13,1,288.1878461538462,231.72627889865512,51.46153846153846,5.0,8.615384615384615,8.384615384615385,161.14288815384617,162.5275035685999,114.45058049167685,0.7692307692307693,0.5384615384615384,2.230769230769231,1.1538461538461537,0.6153846153846154,0.0003743174834198726
314159,105,J,13,1,289.824,231.13169610816885,53.69230769230769,5.0,9.0,8.692307692307692,124.05820984615386,160.08015202992536,107.92630587607916,0.6923076923076923,0.46153846153846156,2.6923076923076925,1.6923076923076923,0.6153846153846154,4.9406195103074424e-05
314159,105,Jplus,13,1,303.76323076923074,247.68627236440352,51.07692307692308,5.0,8.538461538461538,8.384615384615385,119.90519061538461,144.3941820252787,97.93264356374023,0.9230769230769231,0.46153846153846156,2.1538461538461537,1.7692307692307692,0.0,0.0004592627542479022
314159,105,Ring8,13,1,287.5023846153846,226.117775414626,56.38461538461539,5.0,9.461538461538462,9.076923076923077,139.69629276923075,156.41251812423732,103.10482581654506,0.6153846153846154,0.5384615384615384,2.5384615384615383,1.4615384615384615,0.6153846153846154,8.039013800953398e-05
314159,106,I,10,1,359.7741,284.1740921802274,70.6,5.0,11.8,11.6,181.4691173,217.70611529660195,148.00611529660188,0.7,0.4,2.5,1.6,0.7,7.819772599759744e-05
314159,106,J,10,1,337.1201,253.42014946990398,78.7,5.0,13.2,12.7,191.65240269999998,221.00775221967115,142.50775221967115,0.6,0.3,2.6,1.7,0.8,0.0004946990397911577
314159,106,Jplus,10,1,344.5884,265.3884050751258,74.2,5.0,12.4,12.2,172.0368346,202.5921842115018,129.09218421150177,0.8,0.3,1.8,1.8,0.0,5.075125773146283e-05
314159,106,Ring8,10,1,321.509,238.70896833240937,77.8,5.0,13.0,12.8,57.3139591,218.10771792772348,140.70771792772354,0.5,0.4,2.7,1.7,0.8,0.0003166759065607039
314159,107,I,12,1,331.62891666666667,266.46224485226986,60.166666666666664,5.0,10.083333333333334,9.75,123.96620466666667,181.11658565681037,122.86658565681036,0.9166666666666666,0.3333333333333333,2.5,1.6666666666666667,0.6666666666666666,6.17727614553587e-05
314159,107,J,12,1,317.08716666666663,244.92047726790437,67.16666666666667,5.0,11.25,10.916666666666666,171.51207458333332,175.01207461467638,111.2620746146764,0.8333333333333334,0.4166666666666667,2.5,1.4166666666666667,0.6666666666666666,0.0002727851474446652
314159,107,Jplus,12,1,308.0061666666667,240.58951529753378,62.416666666666664,5.0,10.5,9.916666666666666,139.836403,163.799194303931,106.96586097059765,0.9166666666666666,0.5833333333333334,1.9166666666666667,1.5,0.0,0.00018357040517003043
314159,107,Ring8,12,1,346.78825,266.87154862540916,74.91666666666667,5.0,12.583333333333334,12.0,175.01272100000003,179.01272099914692,107.84605433248026,1.0,0.5,2.8333333333333335,1.75,0.6666666666666666,0.000416495090121316
314159,108,I,12,1,303.39883333333336,243.06553280204983,55.333333333333336,5.0,9.25,9.083333333333334,92.34716075,169.4058107670913,116.98914410042464,1.0,0.25,2.6666666666666665,1.9166666666666667,0.5,0.0003936245980185049
314159,108,J,12,1,297.58375,231.00042418668747,61.583333333333336,5.0,10.333333333333334,9.916666666666666,83.25244683333334,168.15366546096544,110.40366546096543,0.9166666666666666,0.5,3.0833333333333335,2.0833333333333335,0.6666666666666666,9.024024939208175e-05
314159,108,Jplus,12,1,286.49775,225.3310751132897,56.166666666666664,5.0,9.416666666666666,9.083333333333334,74.50891591666667,156.71512109840796,104.3817877650746,0.9166666666666666,0.5,2.1666666666666665,1.8333333333333333,0.0,9.864052344710217e-05
314159,108,Ring8,12,1,306.52275000000003,230.2727103983071,71.25,5.0,11.916666666666666,11.666666666666666,140.60388375,175.84050112131493,108.5071677879816,1.0,0.5833333333333334,2.9166666666666665,1.9166666666666667,0.6666666666666666,0.0004752203149109846
314159,109,I,16,1,237.9304375,190.8679146872597,42.0625,5.0,7.0625,6.75,125.9380233125,126.68802331491656,89.81302331491659,0.875,0.6875,2.125,1.25,0.4375,0.0003650038447631232
314159,109,J,16,1,232.99325,184.493229878415,43.5,5.0,7.3125,6.9375,112.5557421875,122.24872250936353,83.56122250936352,0.75,0.5,2.375,1.75,0.3125,0.0003219453597012034
314159,109,Jplus,16,1,228.9004375,182.65045229223847,41.25,5.0,6.9375,6.5625,104.451388,114.59403725022845,78.46903725022847,0.8125,0.5,2.0,1.6875,0.0,0.00023667581535846693
314159,109,Ring8,16,1,208.4838125,161.10880748333682,42.375,5.0,7.125,6.75,85.9779595,93.02759234171423,58.34009234171424,0.875,0.8125,2.8125,1.9375,0.5,8.026661089388654e-05
314159,110,I,10,1,378.3252,307.6252403318871,65.7,5.0,11.0,10.7,133.6256042,203.31959023058346,140.61959023058347,0.8,0.5,1.7,0.8,0.4,0.00040331887066713534
314159,110,J,10,1,406.7659,319.7658639547311,82.0,5.0,13.7,13.5,177.5527732,204.02390106994136,124.9239010699414,1.0,0.4,2.4,1.6,0.4,0.0003604526887102111
314159,110,Jplus,10,1,401.9232,319.22322599001757,77.7,5.0,13.0,12.7,173.2767478,198.43209738821395,124.13209738821395,1.0,0.5,1.7,1.3,0.0,0.00025990017547883326
314159,110,Ring8,10,1,409.3851,313.48506843004606,90.9,5.0,15.2,14.9,184.82393910000002,213.8481156563189,126.44811565631888,0.9,0.6,2.3,1.4,0.4,0.0003156995394419937
314159,111,I,15,1,265.3124,216.57903762215705,43.733333333333334,5.0,7.333333333333333,7.066666666666666,103.65314826666666,140.91236983059284,100.7790364972595,0.8,0.6666666666666666,2.7333333333333334,1.8,0.5333333333333333,0.0004356676445240737
314159,111,J,15,1,257.29720000000003,207.16385390879643,45.13333333333333,5.0,7.533333333333333,7.466666666666667,98.60516526666667,130.92561819156765,87.85895152490099,0.9333333333333333,0.4,2.533333333333333,1.8666666666666667,0.5333333333333333,0.0001913680534926243
314159,111,Jplus,15,1,248.4326,202.69924308943425,40.733333333333334,5.0,6.8,6.733333333333333,88.34759886666667,120.68806492547597,82.75473159214263,1.0,0.4666666666666667,1.8,1.6,0.0,0.0003536584863468306
314159,111,Ring8,15,1,262.7751333333333,205.97514479300642,51.8,5.0,8.666666666666666,8.466666666666667,124.85317893333333,139.74782585625127,91.28115918958461,0.7333333333333333,0.5333333333333333,2.6,1.7333333333333334,0.5333333333333333,0.0001718950961731025
314159,112,I,10,1,394.5713,317.3712685882202,72.2,5.0,12.1,11.7,164.87281330000002,224.67281331996531,156.1728133199653,0.7,0.7,2.5,1.0,0.8,0.00031411779855261557
314159,112,J,10,1,331.1191,244.11913715560286,82.0,5.0,13.7,13.5,159.282018,211.97452320636276,130.87452320636274,0.7,0.4,2.5,1.6,0.7,0.0003715560287673725
314159,112,Jplus,10,1,335.7378,257.0377995117717,73.7,5.0,12.3,12.2,148.2299218,197.34062093077245,125.04062093077243,0.8,0.4,1.3,1.1,0.0,4.882283064944204e-06
314159,112,Ring8,10,1,357.98560000000003,261.6855528078039,91.3,5.0,15.3,14.8,184.9338333,213.1113585965837,125.5113585965837,0.7,0.7,3.1,1.7,0.7,0.00047192196143441834
314159,113,I,14,1,321.0772142857143,261.7915233705337,54.285714285714285,5.0,9.142857142857142,8.571428571428571,154.19443592857144,157.19443590778755,107.90872162207329,0.7857142857142857,0.5714285714285714,2.642857142857143,1.5,0.5714285714285714,0.00032718747161197825
314159,113,J,14,1,297.9757142857143,234.5471429733852,58.42857142857143,5.0,9.785714285714286,9.5,132.90994342857144,157.70136727552426,101.84422441838144,0.7857142857142857,0.5,2.7142857142857144,1.7857142857142858,0.5714285714285714,1.627392975933617e-06
314159,113,Jplus,14,1,288.82392857142855,229.46675255397062,54.357142857142854,5.0,9.142857142857142,8.642857142857142,118.62624842857143,142.6413899368487,93.56996136542014,0.8571428571428571,0.7142857142857143,2.0714285714285716,1.6428571428571428,0.0,0.00046424441097769886
314159,113,Ring8,14,1,300.967,232.60989270215364,63.357142857142854,5.0,10.642857142857142,10.142857142857142,136.7332824285714,154.2322643044813,95.30369287590987,0.8571428571428571,0.5714285714285714,2.857142857142857,1.7142857142857142,0.5714285714285714,0.0004978301512892358
314159,114,I,10,1,360.7993,284.79933906584733,71.0,5.0,11.9,11.5,190.4899852,221.88998522806543,151.7899852280654,0.6,0.4,2.2,1.3,0.7,0.00039065847340680193
314159,114,J,10,1,347.2852,265.18523265720285,77.1,5.0,12.9,12.6,185.7283422,214.48369179261599,138.88369179261593,0.6,0.4,2.7,1.5,0.8,0.00032657202837071964
314159,114,Jplus,10,1,336.4794,258.47937296792645,73.0,5.0,12.2,12.0,169.9641939,198.71954342173245,129.5195434217324,0.7,0.4,2.0,1.6,0.0,0.0002703207351260062
314159,114,Ring8,10,1,345.1184,249.51840973484667,90.6,5.0,15.2,14.6,196.53252990000001,221.2745003788128,134.27450037881286,0.7,0.4,3.0,1.9,0.8,9.734846662468044e-05
314159,115,I,16,1,264.6409375,217.89095547123588,41.75,5.0,7.0,6.75,110.253857125,112.12885713924439,77.1288571392444,0.875,0.5625,2.375,1.5,0.3125,0.00028753977403539466
314159,115,J,16,1,264.8795,214.8794850124262,45.0,5.0,7.5625,7.1875,108.083737875,114.76961574973764,75.58211574973765,0.875,0.5625,2.1875,1.0625,0.5,0.00023980118112376658
314159,115,Jplus,16,1,258.6175625,210.68008964488268,42.9375,5.0,7.25,6.6875,100.797967375,107.48384524599734,70.85884524599733,0.9375,0.625,1.875,1.1875,0.0,0.0004343181226431625
314159,115,Ring8,16,1,268.599375,211.72436002288114,51.875,5.0,8.75,8.125,110.5207144375,113.14571445640722,68.95821445640722,1.0,0.75,2.9375,1.6875,0.5,0.00023963390185599565
314159,116,I,15,1,272.9096,223.30960675252743,44.6,5.0,7.466666666666667,7.266666666666667,100.98323793333334,138.84990459814307,101.84990459814311,0.8666666666666667,0.6666666666666666,2.8,1.6666666666666667,0.5333333333333333,0.00010128791154784267
314159,116,J,15,1,256.2785333333333,206.41188043757313,44.86666666666667,5.0,7.533333333333333,7.2,113.6872074,129.6574404298218,87.85744042982179,0.9333333333333333,0.4,2.6666666666666665,2.0,0.5333333333333333,0.00020656359720305772
314159,116,Jplus,15,1,245.85546666666667,201.0554821189604,39.8,5.0,6.666666666666667,6.466666666666667,102.727084,119.49731704732723,82.83065038066056,0.9333333333333333,0.4666666666666667,1.8,1.6,0.0,0.00023178440642368514
314159,116,Ring8,15,1,263.89979999999997,209.09981429495028,49.8,5.0,8.333333333333334,8.133333333333333,119.30058886666667,133.68428124682595,86.3509479134926,0.8,0.4,2.2,1.4,0.5333333333333333,0.00021442425440909574
314159,117,I,10,1,353.0753,280.97528078814673,67.1,5.0,11.3,10.6,147.6892712,214.08927117643825,150.38927117643823,0.7,0.5,2.4,1.4,0.5,0.0001921185325954866
314159,117,J,10,1,342.6417,262.5417496972051,75.1,5.0,12.6,12.1,146.31216039999998,206.2940308253661,132.9940308253661,0.6,0.3,2.6,1.6,0.5,0.000496972050768818
314159,117,Jplus,10,1,348.3825,270.0824872776994,73.3,5.0,12.3,11.8,162.7074114,197.5903405135599,127.09034051355991,0.8,0.3,2.0,1.5,0.0,0.00012722300607492798
314159,117,Ring8,10,1,361.87829999999997,274.6783038401767,82.2,5.0,13.8,13.2,159.8113731,207.89958494347533,127.49958494347534,0.6,0.4,2.6,1.6,0.5,3.8401766687456984e-05
314159,118,I,14,1,292.3029285714286,240.44580467773562,46.857142857142854,5.0,7.857142857142857,7.571428571428571,122.74104035714286,145.16961175987188,102.95532604558619,0.9285714285714286,0.5,3.0,2.2142857142857144,0.5714285714285714,0.00026548829873718205
314159,118,J,14,1,264.9996428571429,214.7139199101842,45.285714285714285,5.0,7.571428571428571,7.428571428571429,101.3008022857143,136.99394399648267,91.49394399648267,0.7142857142857143,0.14285714285714285,2.2857142857142856,1.6428571428571428,0.5714285714285714,0.00012125742114221794
314159,118,Jplus,14,1,261.113,213.11299274702452,43.0,5.0,7.214285714285714,6.928571428571429,96.8429062142857,134.51748135977334,92.37462421691622,0.7857142857142857,0.14285714285714285,1.9285714285714286,1.8571428571428572,0.0,0.00010154165647691116
314159,118,Ring8,14,1,282.879,224.66471834258525,53.214285714285715,5.0,8.928571428571429,8.571428571428571,128.88045514285713,148.09950427736763,95.81378999165335,0.6428571428571429,0.2857142857142857,2.7142857142857144,1.7857142857142858,0.5714285714285714,5.6796193348418456e-05
314159,119,I,10,1,364.72069999999997,289.32073055999234,70.4,5.0,11.8,11.4,182.458726,216.60210571205116,148.3021057120512,0.6,0.4,2.2,1.1,0.7,0.00030559992364942445
314159,119,J,10,1,368.7208,285.72079857795063,78.0,5.0,13.1,12.5,176.6806226,208.63146207809876,133.53146207809874,0.6,0.5,2.1,1.2,0.4,1.4220493994798744e-05
314159,119,Jplus,10,1,389.4719,305.17190303504674,79.3,5.0,13.3,12.8,167.6731536,199.56142361705616,126.16142361705616,0.7,0.6,2.3,1.6,0.0,3.035046711374889e-05
314159,119,Ring8,10,1,375.9946,282.5945875317624,88.4,5.0,14.8,14.4,164.4776111,216.40895237537333,131.70895237537337,0.6,0.5,2.7,1.7,0.5,0.000124682376281271
314159,120,I,14,1,294.5749285714286,244.00347687931503,45.57142857142857,5.0,7.642857142857143,7.357142857142857,132.5303922142857,153.2446779633169,110.74467796331689,0.7857142857142857,0.42857142857142855,2.2142857142857144,1.1428571428571428,0.5714285714285714,0.00032368958954975824
314159,120,J,14,1,282.76378571428575,227.19233914681465,50.57142857142857,5.0,8.5,8.071428571428571,123.87920692857142,144.5781663924255,97.0067378209969,0.7142857142857143,0.5,2.5714285714285716,1.4285714285714286,0.5714285714285714,0.0002519445952202659
314159,120,Jplus,14,1,274.0919285714286,223.09194758652936,46.0,5.0,7.714285714285714,7.428571428571429,113.38483364285715,132.63865474566097,90.42436903137524,0.8571428571428571,0.5,1.7857142857142858,1.3571428571428572,0.0,0.000266211411144468
314159,120,Ring8,14,1,279.7992857142857,220.0849743751683,54.714285714285715,5.0,9.142857142857142,9.0,136.75684978571428,155.4342905837831,100.64857629806883,0.5714285714285714,0.2857142857142857,2.4285714285714284,1.5,0.5714285714285714,0.0003587476439861348
314159,121,I,16,1,248.7413125,204.11632552640293,39.625,5.0,6.6875,6.1875,113.5668255625,113.56682556523398,78.69182556523398,0.8125,0.5,2.625,1.6875,0.5,0.00020842244703089818
314159,121,J,16,1,240.8570625,192.9195588106703,42.9375,5.0,7.1875,7.0,111.634182375,112.38418236521072,73.00918236521073,0.8125,0.375,2.6875,1.875,0.5,5.9029275234934175e-05
314159,121,Jplus,16,1,224.8019375,184.30193153750312,35.5,5.0,5.9375,5.8125,97.386321875,108.06729126495503,76.00479126495503,0.875,0.4375,1.8125,1.625,0.0,9.539995016893954e-05
314159,121,Ring8,16,1,222.266,177.3285281504406,39.9375,5.0,6.6875,6.5,113.8773044375,125.49585428550324,86.49585428550326,0.6875,0.3125,2.75,2.0,0.5,0.0004504070498114743
314159,122,I,14,1,300.01671428571433,248.30239909049058,46.714285714285715,5.0,7.857142857142857,7.428571428571429,124.43933607142857,147.7250503286123,104.7250503286123,0.8571428571428571,0.42857142857142855,2.357142857142857,1.3571428571428572,0.5714285714285714,0.0004127331321797101
314159,122,J,14,1,294.94021428571426,234.72596180834222,55.214285714285715,5.0,9.285714285714286,8.785714285714286,148.68982114285714,150.40410685756729,99.83267828613873,0.7142857142857143,0.42857142857142855,3.142857142857143,1.9285714285714286,0.5714285714285714,0.0004653167916330858
314159,122,Jplus,14,1,310.0717142857143,256.2145873053245,48.857142857142854,5.0,8.214285714285714,7.785714285714286,134.78074257142856,136.92359971160244,91.70931399731674,0.8571428571428571,0.42857142857142855,2.0714285714285716,1.4285714285714286,0.0,0.0002222745438302809
314159,122,Ring8,14,1,272.7162142857143,209.64476320077878,58.07142857142857,5.0,9.714285714285714,9.5,118.87509207142857,150.31069370923115,94.95355085208828,0.7142857142857143,0.5,2.857142857142857,1.8571428571428572,0.5714285714285714,0.0003151890969093074
314159,123,I,13,1,306.81123076923075,251.5035357621185,50.30769230769231,5.0,8.461538461538462,8.0,148.46940207692307,172.62324822108343,123.77709437492959,0.6923076923076923,0.3076923076923077,2.3846153846153846,1.3846153846153846,0.6153846153846154,3.509245925670257e-05
314159,123,J,13,1,289.4542307692308,231.99269955098677,52.46153846153846,5.0,8.846153846153847,8.23076923076923,120.10417123076923,161.06588103835858,109.68126565374315,0.6153846153846154,0.38461538461538464,2.230769230769231,1.2307692307692308,0.6153846153846154,9.41628277359996e-05
314159,123,Jplus,13,1,292.01569230769235,235.93876753176121,51.07692307692308,5.0,8.538461538461538,8.384615384615385,113.529966,150.84588842903995,101.3074268905784,0.7692307692307693,0.38461538461538464,1.8461538461538463,1.4615384615384615,0.0,2.2087104298407212e-05
314159,123,Ring8,13,1,321.5615384615385,254.94614894820904,61.61538461538461,5.0,10.307692307692308,10.076923076923077,128.22673961538462,168.0145631469131,108.93764006999002,0.6153846153846154,0.46153846153846156,2.769230769230769,1.6153846153846154,0.6153846153846154,6.3673282511445e-05
314159,124,I,15,1,267.5384,215.60505510425835,46.93333333333333,5.0,7.866666666666666,7.6,125.44424726666666,148.75227238183433,104.418939048501,0.6666666666666666,0.4666666666666667,2.6,1.7333333333333334,0.5333333333333333,0.00017343612489639781
314159,124,J,15,1,254.13633333333334,202.86967065736292,46.266666666666666,5.0,7.8,7.266666666666667,120.46607233333334,137.45819478526252,94.7248614519292,0.8,0.4,2.6,1.6,0.5333333333333333,5.986044379824307e-05
314159,124,Jplus,15,1,240.2248,193.09144051197825,42.13333333333333,5.0,7.066666666666666,6.8,105.51783186666667,122.57482246288806,84.70815579622139,0.9333333333333333,0.4666666666666667,1.8666666666666667,1.5333333333333334,0.0,0.000392320326227491
314159,124,Ring8,15,1,272.60566666666665,218.60567480406155,49.0,5.0,8.266666666666667,7.666666666666667,117.77928533333333,143.5818359663622,97.38183596636222,0.6666666666666666,0.4,2.6666666666666665,1.5333333333333334,0.5333333333333333,0.00012206092333144625
314159,125,I,10,1,408.09630000000004,332.7962904669623,70.3,5.0,11.8,11.3,211.85260480000002,213.05260483829198,146.85260483829197,0.8,0.4,2.3,1.0,0.6,9.533037700748537e-05
314159,125,J,10,1,393.1705,308.4705222767561,79.7,5.0,13.4,12.7,181.47473589999998,207.23008547481777,130.93008547481776,0.9,0.4,2.9,1.5,0.8,0.0002227675613539759
314159,125,Jplus,10,1,381.363,301.7630229550517,74.6,5.0,12.5,12.1,170.49201599999998,196.84736559476002,125.04736559476001,0.9,0.3,2.0,1.5,0.0,0.00022955051690587425
314159,125,Ring8,10,1,394.53499999999997,303.93497206450735,85.6,5.0,14.4,13.6,185.2396404,208.8696827616588,125.96968276165885,0.8,0.3,2.7,1.3,0.8,0.000279354926533415
314159,126,I,12,1,348.16450000000003,284.6645363457001,58.5,5.0,9.833333333333334,9.333333333333334,174.57039858333334,175.07039859974293,121.07039859974293,0.75,0.5833333333333334,2.5,1.3333333333333333,0.6666666666666666,0.00043614840160444146
314159,126,J,12,1,350.50083333333333,278.084162885414,67.41666666666667,5.0,11.333333333333334,10.75,149.76029925,172.22309054142374,109.13975720809042,0.75,0.5833333333333334,3.0,1.5833333333333333,0.6666666666666666,4.5375032186711906e-05
314159,126,Jplus,12,1,350.02866666666665,284.1120302893518,60.916666666666664,5.0,10.25,9.666666666666666,139.27421358333334,159.73700488100752,103.9036715476742,0.9166666666666666,0.5833333333333334,2.25,1.5833333333333333,0.0,0.00036347222157928627
314159,126,Ring8,12,1,352.6750833333333,274.59177168050627,73.08333333333333,5.0,12.25,11.833333333333334,176.27560625,176.77560624145167,109.02560624145167,0.8333333333333334,0.5,3.0,1.8333333333333333,0.5,0.00026016607580459095
314159,127,I,15,1,261.5852,214.65187151145128,41.93333333333333,5.0,7.066666666666666,6.6,116.67708086666667,139.50237101203942,99.56903767870612,0.6666666666666666,0.4,2.466666666666667,1.4666666666666666,0.4666666666666667,7.267176943059894e-05
314159,127,J,15,1,250.57646666666668,199.97649545933345,45.6,5.0,7.666666666666667,7.266666666666667,115.48434479999999,133.6361010648065,90.10276773147316,0.6666666666666666,0.4666666666666667,2.3333333333333335,1.5333333333333334,0.4,0.0004318900018915883
314159,127,Jplus,15,1,243.2458,196.17910809136416,42.06666666666667,5.0,7.066666666666666,6.733333333333333,106.8002982,124.96066959474553,85.29400292807888,0.7333333333333333,0.4666666666666667,1.7333333333333334,1.4,0.0,0.00037862953740841476
314159,127,Ring8,15,1,254.44566666666665,199.64568082538574,49.8,5.0,8.333333333333334,8.133333333333333,122.32347406666666,137.26008623106966,88.86008623106969,0.7333333333333333,0.4,2.6,1.8666666666666667,0.5333333333333333,0.0002123807862517424
314159,128,I,16,1,252.427,210.30200106926085,37.125,5.0,6.25,5.875,105.0529820625,106.55298205158377,75.92798205158377,1.0,0.5625,2.4375,1.5625,0.375,1.7108173778979108e-05
314159,128,J,16,1,240.9154375,197.16542024499006,38.75,5.0,6.5,6.25,93.0351981875,94.1601981590702,60.660198159070184,0.875,0.4375,2.5,1.625,0.5,0.0002760801589829498
314159,128,Jplus,16,1,260.055,213.42997011575648,41.625,5.0,7.0,6.625,99.297967375,100.04796738969478,66.73546738969476,1.0,0.6875,2.375,1.6875,0.0,0.0004781478965014685
314159,128,Ring8,16,1,252.7818125,205.65683707296472,42.125,5.0,7.0625,6.8125,93.310986,94.81098600326985,60.74848600326985,1.0,0.625,2.9375,2.0,0.375,0.0003931674355044379
314159,129,I,16,1,260.2336875,213.10867917615096,42.125,5.0,7.125,6.5,110.1903590625,111.69035909181538,77.50285909181537,0.875,0.625,2.875,1.6875,0.5,0.00013318158426045557
314159,129,J,16,1,230.9785625,184.72855717537564,41.25,5.0,6.9375,6.5625,93.5980715625,95.09807155264508,59.59807155264508,0.9375,0.75,3.125,2.0625,0.375,8.51939898893761e-05
314159,129,Jplus,16,1,220.8456875,182.4081801513019,33.4375,5.0,5.625,5.3125,83.62061925,85.12061926047167,57.12061926047168,0.9375,0.6875,1.8125,1.375,0.0,0.00011757916945498437
314159,129,Ring8,16,1,235.0220625,182.33454846695383,47.6875,5.0,8.0,7.6875,116.6844214375,126.40218941123382,81.40218941123382,0.6875,0.5625,2.5,1.75,0.4375,0.00022452873872680357
314159,130,I,16,1,252.535,203.72248394966135,43.8125,5.0,7.375,6.9375,95.188209,95.56320902326232,63.81320902326233,1.0,0.6875,3.0625,1.9375,0.5,0.00025680541830297443
314159,130,J,16,1,259.374875,203.81234816263702,50.5625,5.0,8.4375,8.375,125.8431295625,126.96812953517208,80.6556295351721,0.875,0.5,2.3125,1.5625,0.5,0.00042939780723827425
314159,130,Jplus,16,1,256.4246875,202.73717184907068,48.6875,5.0,8.125,8.0625,119.520060875,120.64506086763372,77.5825608676337,1.0,0.5,2.0,1.75,0.0,0.0002504148692423769
314159,130,Ring8,16,1,216.7413125,171.67878188356983,40.0625,5.0,6.75,6.3125,90.6995129375,91.07451293231452,56.887012932314505,0.8125,0.6875,2.4375,1.625,0.5,0.0004898628826595086
314159,131,I,14,1,300.7602857142857,248.26028111500233,47.5,5.0,7.928571428571429,7.857142857142857,124.69187685714284,151.45915834924378,106.17344406352949,0.9285714285714286,0.42857142857142855,2.4285714285714284,1.5714285714285714,0.5714285714285714,6.438996751967352e-05
314159,131,J,14,1,291.6745,234.10310349562124,52.57142857142857,5.0,8.785714285714286,8.642857142857142,122.970223,145.81868960030442,95.89011817173302,0.8571428571428571,0.35714285714285715,2.642857142857143,1.7857142857142858,0.5,0.00044893869699080824
314159,131,Jplus,14,1,281.8547857142857,229.85480683781466,47.0,5.0,7.857142857142857,7.714285714285714,114.86390921428571,135.96165831063598,92.03308688206455,0.8571428571428571,0.42857142857142855,1.7142857142857142,1.3571428571428572,0.0,0.0002957294050247583
314159,131,Ring8,14,1,285.83007142857144,227.40149922393536,53.42857142857143,5.0,8.928571428571429,8.785714285714286,111.65730014285714,144.52523954700965,93.81095383272392,0.7857142857142857,0.5,2.7142857142857144,1.7857142857142858,0.5714285714285714,1.086490510715521e-05
314159,132,I,13,1,307.08323076923074,249.92939128593252,52.15384615384615,5.0,8.76923076923077,8.307692307692308,157.47267653846154,159.78036886595433,111.62652271210821,0.8461538461538461,0.46153846153846156,2.5384615384615383,1.4615384615384615,0.6153846153846154,8.671712294017198e-05
314159,132,J,13,1,309.67630769230766,244.90709535084636,59.76923076923077,5.0,10.0,9.76923076923077,156.65384376923078,158.96153610030873,104.96153610030873,0.6923076923076923,0.5384615384615384,3.1538461538461537,1.9230769230769231,0.6153846153846154,0.0002395610026724171
314159,132,Jplus,13,1,303.6581538461538,242.11968322000047,56.53846153846154,5.0,9.461538461538462,9.23076923076923,146.13655538461538,148.44424767371297,97.98270921217454,0.7692307692307693,0.5384615384615384,2.6153846153846154,2.0,0.0,0.00011813999390142271
314159,132,Ring8,13,1,292.7923076923077,228.10003328535595,59.69230769230769,5.0,10.0,9.692307692307692,103.31984076923078,155.2037687391601,100.20376873916008,0.7692307692307693,0.5384615384615384,2.8461538461538463,1.7692307692307692,0.6153846153846154,0.0004327096271481423
314159,133,I,13,1,278.76323076923074,225.53244978515664,48.23076923076923,5.0,8.076923076923077,7.846153846153846,127.92436484615384,161.5083336455971,115.81602595328945,0.6923076923076923,0.23076923076923078,2.4615384615384617,1.6153846153846154,0.5384615384615384,0.00015279296349035576
314159,133,J,13,1,276.29630769230766,216.8347697261408,54.46153846153846,5.0,9.153846153846153,8.692307692307692,151.9296356153846,155.16040486881045,103.85271256111812,0.7692307692307693,0.3076923076923077,2.4615384615384617,1.6153846153846154,0.6153846153846154,6.439830485760467e-06
314159,133,Jplus,13,1,284.65723076923075,229.11873288132034,50.53846153846154,5.0,8.461538461538462,8.23076923076923,143.18242976923077,146.87473744912356,98.6439682183543,0.8461538461538461,0.3076923076923077,1.7692307692307692,1.4615384615384615,0.0,0.00047254283526854124
314159,133,Ring8,13,1,286.885,225.88502799179136,56.0,5.0,9.384615384615385,9.076923076923077,123.22281792307693,160.35945223352138,105.74406761813677,0.7692307692307693,0.3076923076923077,2.4615384615384617,1.7692307692307692,0.6153846153846154,0.000363893287612882
314159,134,I,11,1,384.881,310.7901244835698,69.0909090909091,5.0,11.636363636363637,10.909090909090908,162.17727036363638,190.17727034593918,128.72272489139377,0.9090909090909091,0.8181818181818182,2.3636363636363638,1.3636363636363635,0.2727272727272727,0.0003693192679747881
314159,134,J,11,1,393.0291818181818,312.3928130412851,75.63636363636364,5.0,12.727272727272727,12.0,193.8222718181818,193.82227182013438,123.2768172746798,0.7272727272727273,0.5454545454545454,2.3636363636363638,0.9090909090909091,0.5454545454545454,5.6545864026702475e-05
314159,134,Jplus,11,1,387.4786363636364,309.8422606386619,72.63636363636364,5.0,12.181818181818182,11.727272727272727,183.64427281818183,184.7351819046288,116.82609099553788,0.8181818181818182,0.5454545454545454,1.8181818181818181,1.0,0.0,0.00013297471923578996
314159,134,Ring8,11,1,372.1622727272727,284.525866026599,82.63636363636364,5.0,13.909090909090908,13.090909090909092,167.96360436363636,197.98002887554867,118.34366523918499,0.8181818181818182,0.36363636363636365,2.3636363636363638,1.0,0.6363636363636364,0.0004737074114018469
314159,135,I,13,1,297.3436153846154,242.57434951614198,49.76923076923077,5.0,8.384615384615385,7.846153846153846,135.97240238461538,160.58778702250837,115.12624856096991,0.8461538461538461,0.46153846153846156,2.5384615384615383,1.5384615384615385,0.6153846153846154,0.00045629015448866994
314159,135,J,13,1,280.1259230769231,222.74130486548762,52.38461538461539,5.0,8.76923076923077,8.538461538461538,140.9179783846154,164.08440355656305,112.00748047963998,0.5384615384615384,0.38461538461538464,2.3076923076923075,1.3846153846153846,0.6153846153846154,3.6748660932062194e-05
314159,135,Jplus,13,1,283.6553846153846,229.03996261741125,49.61538461538461,5.0,8.307692307692308,8.076923076923077,122.21288292307692,143.59971417329442,95.75356032714056,0.9230769230769231,0.3076923076923077,1.8461538461538463,1.5384615384615385,0.0,0.0004859736536673154
314159,135,Ring8,13,1,284.14884615384614,221.99496928707427,57.15384615384615,5.0,9.615384615384615,9.076923076923077,145.68276084615383,166.97193498153587,110.81808882768972,0.5384615384615384,0.3076923076923077,2.3846153846153846,1.2307692307692308,0.6153846153846154,0.0003992680344708788
314159,136,I,16,1,245.661375,203.97389357340768,36.6875,5.0,6.1875,5.75,110.3632990625,111.11329903927266,79.17579903927268,0.8125,0.5625,2.3125,1.4375,0.4375,0.00029717452298427816
314159,136,J,16,1,291.3553125,242.54278818552234,43.8125,5.0,7.375,6.9375,121.6568789375,122.03187893099005,82.53187893099005,0.875,0.5,2.8125,1.6875,0.5,0.00038903164295334136
314159,136,Jplus,16,1,269.275625,222.96312501556358,41.3125,5.0,6.9375,6.625,113.4771155625,114.6021155795758,77.97711557957578,0.9375,0.5,2.375,1.875,0.0,2.490173756086733e-07
314159,136,Ring8,16,1,239.8525625,193.91504250627852,40.9375,5.0,6.875,6.5625,95.75472,97.62972000685073,62.12972000685072,0.9375,0.5625,2.5625,1.625,0.5,0.00031989954368327744
314159,137,I,11,1,316.2423636363637,247.78786102097035,63.45454545454545,5.0,10.636363636363637,10.272727272727273,124.30941436363636,194.80901802690616,132.17265439054256,0.6363636363636364,0.36363636363636365,2.1818181818181817,1.4545454545454546,0.5454545454545454,0.00047123067361098947
314159,137,J,11,1,296.7722727272727,218.6813326729575,73.0909090909091,5.0,12.272727272727273,11.727272727272727,138.45988136363636,191.41864609756738,120.96410064302194,0.7272727272727273,0.2727272727272727,2.727272727272727,1.7272727272727273,0.7272727272727273,0.00034059746758430265
314159,137,Jplus,11,1,330.38572727272725,254.74938446767683,70.63636363636364,5.0,11.818181818181818,11.545454545454545,127.01945300000001,178.75645217110358,112.84736126201265,1.0,0.36363636363636365,2.272727272727273,2.0,0.0,0.00022914444525667932
314159,137,Ring8,11,1,314.39763636363637,237.6703608827164,71.72727272727273,5.0,12.0,11.727272727272727,119.70363581818182,191.843118687676,121.93402777858515,0.7272727272727273,0.36363636363636365,2.6363636363636362,2.0,0.45454545454545453,3.0290119411802152e-05
314159,138,I,16,1,223.3630625,183.73804831263075,34.625,5.0,5.8125,5.5625,129.69671275,130.8217127521392,96.0717127521392,0.625,0.1875,2.375,1.625,0.5,0.0002269979081575002
314159,138,J,16,1,264.8114375,221.93646150284343,37.875,5.0,6.375,6.0,109.020703,122.2319988353027,85.79449883530272,0.75,0.1875,2.9375,2.0,0.5,0.00038404549468396
314159,138,Jplus,16,1,237.1973125,199.82229872409567,32.375,5.0,5.4375,5.1875,97.2879965625,111.55316464933207,80.30316464933207,0.8125,0.1875,2.0,1.625,0.0,0.0002204144693678245
314159,138,Ring8,16,1,209.52225,169.2722656991709,35.25,5.0,5.9375,5.5625,86.2957859375,86.67078595550477,54.045785955504755,0.75,0.3125,2.875,2.0625,0.375,0.00025118673420365667
314159,139,I,11,1,379.0978181818182,307.1887214421727,66.9090909090909,5.0,11.272727272727273,10.545454545454545,158.42982227272728,189.702549582933,128.33891321929661,0.9090909090909091,0.5454545454545454,2.5454545454545454,1.2727272727272727,0.5454545454545454,6.413609980882029e-05
314159,139,J,11,1,341.17900000000003,265.8153503577979,70.36363636363636,5.0,11.818181818181818,11.272727272727273,159.87481245454546,188.65352516704635,120.28988880340998,0.8181818181818182,0.2727272727272727,2.6363636363636362,2.0,0.45454545454545453,0.0001460642229176301
314159,139,Jplus,11,1,342.81463636363634,273.6328149710423,64.18181818181819,5.0,10.727272727272727,10.545454545454545,128.1103620909091,174.39281580746723,112.84736126201265,1.0,0.36363636363636365,1.5454545454545454,1.3636363636363635,0.0,3.531853462845902e-05
314159,139,Ring8,11,1,387.00854545454547,297.6448757638788,84.36363636363636,5.0,14.090909090909092,13.909090909090908,168.664841,202.99653540106863,122.99653540106866,0.9090909090909091,0.45454545454545453,3.090909090909091,1.8181818181818181,0.7272727272727273,0.00036659733314081677
314159,140,I,12,1,323.0280833333333,260.4447882982427,57.583333333333336,5.0,9.666666666666666,9.25,179.48932716666664,181.9893272052941,126.57266053862746,0.5833333333333334,0.4166666666666667,2.4166666666666665,1.25,0.6666666666666666,0.0004595789127961325
314159,140,J,12,1,345.0910833333333,278.7577664990089,61.333333333333336,5.0,10.333333333333334,9.666666666666666,125.47591308333334,167.40149571628461,110.15149571628461,0.9166666666666666,0.3333333333333333,2.9166666666666665,1.5833333333333333,0.6666666666666666,0.000197988106720004
314159,140,Jplus,12,1,320.52025,258.2702765166749,57.25,5.0,9.583333333333334,9.333333333333334,137.25687825,158.71966957793083,103.8863362445975,0.9166666666666666,0.4166666666666667,1.75,1.4166666666666667,0.0,0.0003182000991728273
314159,140,Ring8,12,1,333.87025,262.7035764525428,66.16666666666667,5.0,11.083333333333334,10.75,138.76692675,176.4607405569584,113.21074055695841,0.8333333333333334,0.4166666666666667,2.6666666666666665,1.5833333333333333,0.6666666666666666,8.256948649432161e-05
314159,141,I,12,1,360.4845,293.1511536907272,62.333333333333336,5.0,10.5,9.833333333333334,142.49051325,172.4200294459374,117.58669611260406,0.9166666666666666,0.75,2.25,1.3333333333333333,0.08333333333333333,0.00015571127414659713
314159,141,J,12,1,366.5249166666667,292.0249201441818,69.5,5.0,11.666666666666666,11.166666666666666,153.69127175,176.1540630944497,111.32072976111635,1.0,0.5,2.4166666666666665,1.3333333333333333,0.6666666666666666,4.173018169240095e-05
314159,141,Jplus,12,1,355.5065,283.58979687135417,66.91666666666667,5.0,11.25,10.666666666666666,159.88462275,164.8846227544693,104.05128942113596,0.9166666666666666,0.5833333333333334,2.0833333333333335,1.3333333333333333,0.0,0.0004375437501948909
314159,141,Ring8,12,1,354.0455,275.9621709642833,73.08333333333333,5.0,12.25,11.833333333333334,146.71880325,172.08086247336027,104.24752914002694,0.9166666666666666,0.5833333333333334,2.25,1.5,0.16666666666666666,5.1571399126260076e-05
314159,142,I,12,1,351.82725,286.9938953519167,59.833333333333336,5.0,10.083333333333334,9.416666666666666,146.90717316666667,171.57383987411126,119.82383987411123,0.8333333333333334,0.5,3.0,1.3333333333333333,0.6666666666666666,0.0002557769989834924
314159,142,J,12,1,349.16275,277.496082129023,66.66666666666667,5.0,11.166666666666666,10.833333333333334,151.04764475,174.041401623301,110.79140162330104,0.8333333333333334,0.4166666666666667,2.75,1.5833333333333333,0.6666666666666666,1.4451724382524844e-05
314159,142,Jplus,12,1,329.8570833333333,266.1904315290844,58.666666666666664,5.0,9.833333333333334,9.5,136.23510025,159.697891554275,104.86455822094167,0.9166666666666666,0.5,2.0,1.6666666666666667,0.0,0.00017834901245805668
314159,142,Ring8,12,1,333.4264166666667,261.9263824413972,66.5,5.0,11.166666666666666,10.666666666666666,118.15804025,172.45774028234254,109.6244069490092,0.9166666666666666,0.4166666666666667,2.6666666666666665,1.4166666666666667,0.6666666666666666,0.0004107032336833072
314159,143,I,12,1,328.28425,264.6175618195719,58.666666666666664,5.0,9.833333333333334,9.5,171.81539116666667,174.81539118680212,119.64872452013542,0.9166666666666666,0.5,2.5,1.5833333333333333,0.6666666666666666,0.0002581651374384819
314159,143,J,12,1,320.97883333333334,252.47882583684634,63.5,5.0,10.666666666666666,10.166666666666666,151.93400225,171.89679355997592,112.14679355997589,0.8333333333333334,0.5,2.5,1.25,0.6666666666666666,8.995784401122364e-05
314159,143,Jplus,12,1,323.5734166666667,259.57339260123234,59.0,5.0,9.916666666666666,9.416666666666666,137.89728983333333,157.86008115684496,103.44341449017828,1.0,0.5,1.75,1.25,0.0,0.00028878521152364556
314159,143,Ring8,12,1,324.00666666666666,250.34001833302162,68.66666666666667,5.0,11.5,11.166666666666666,135.26136599999998,180.57786375486538,114.49453042153205,0.75,0.5,3.0,2.0,0.6666666666666666,0.0002199962596023397
314159,144,I,14,1,286.0683571428571,231.92552720587588,49.142857142857146,5.0,8.285714285714286,7.714285714285714,147.93049214285716,150.07334927353514,108.930492130678,0.7857142857142857,0.6428571428571429,2.7857142857142856,1.4285714285714286,0.5714285714285714,0.0003808822625614994
314159,144,J,14,1,306.76642857142855,244.33784784027534,57.42857142857143,5.0,9.642857142857142,9.214285714285714,130.9877137857143,152.19552262661588,99.48123691233016,0.6428571428571429,0.5714285714285714,3.2857142857142856,2.0714285714285716,0.5714285714285714,0.00013023614474150236
314159,144,Jplus,14,1,272.81971428571427,218.74831790055086,49.07142857142857,5.0,8.214285714285714,8.0,120.54730535714285,141.75511420825833,95.8265427796869,0.7142857142857143,0.42857142857142855,1.8571428571428572,1.5714285714285714,0.0,0.0004506077120822738
314159,144,Ring8,14,1,279.75764285714286,214.9719109188193,59.785714285714285,5.0,10.0,9.785714285714286,133.17254707142857,151.7538423978171,94.32527096924564,0.7142857142857143,0.5714285714285714,2.9285714285714284,2.0,0.5714285714285714,0.0002471365296514705
314159,145,I,16,1,249.472875,210.28536184989008,34.1875,5.0,5.75,5.4375,86.408889,86.78388900905253,59.97138900905253,0.875,0.6875,2.4375,1.3125,0.5,0.00021040175852249376
314159,145,J,16,1,242.0190625,192.39405632669815,44.625,5.0,7.5,7.125,123.61596525,125.49096526449081,85.11596526449078,0.6875,0.5,2.75,1.9375,0.5,9.877282946035848e-05
314159,145,Jplus,16,1,246.0895,202.02702272942616,39.0625,5.0,6.5625,6.25,99.243578875,110.42768692315786,76.49018692315786,0.875,0.625,2.0625,1.625,0.0,0.0003636708188423654
314159,145,Ring8,16,1,231.108375,186.4208833755041,39.6875,5.0,6.6875,6.25,93.6919336875,95.19193367860852,59.81693367860852,0.8125,0.5625,2.5625,1.6875,0.5,0.00013400806574281887
314159,146,I,13,1,277.9258461538462,221.15661098069717,51.76923076923077,5.0,8.692307692307692,8.307692307692308,116.02517715384616,165.1812101750502,115.8735178673579,0.6153846153846154,0.5384615384615384,2.769230769230769,1.6923076923076923,0.6153846153846154,5.725093706132611e-05
314159,146,J,13,1,255.24953846153846,194.7879918011901,55.46153846153846,5.0,9.307692307692308,8.923076923076923,124.39249330769232,164.15409190169154,108.23101497861454,0.38461538461538464,0.3076923076923077,2.6923076923076925,1.8461538461538463,0.6153846153846154,0.00010658452902134741
314159,146,Jplus,13,1,250.08092307692309,195.92704802077407,49.15384615384615,5.0,8.23076923076923,8.0,108.45075853846153,148.69619447110858,99.85004062495472,0.5384615384615384,0.3076923076923077,1.6153846153846154,1.3846153846153846,0.0,0.0003757299373319256
314159,146,Ring8,13,1,269.89084615384616,201.9677537007891,62.92307692307692,5.0,10.538461538461538,10.23076923076923,116.34267307692309,169.29684287920685,107.1429967253607,0.5384615384615384,0.38461538461538464,3.3076923076923075,2.3846153846153846,0.6153846153846154,0.00020188974167467677
314159,147,I,12,1,318.7115,255.96151839491426,57.75,5.0,9.666666666666666,9.416666666666666,146.38667341666667,178.22123345603575,123.55456678936908,0.8333333333333334,0.5,2.1666666666666665,1.0833333333333333,0.5833333333333334,0.00022073897116570151
314159,147,J,12,1,329.70433333333335,257.78763746125276,66.91666666666667,5.0,11.25,10.666666666666666,170.566475,173.56647498718473,110.89980832051806,0.8333333333333334,0.5,2.5,1.1666666666666667,0.6666666666666666,0.00035046496714130626
314159,147,Jplus,12,1,301.54625,235.79627424140543,60.75,5.0,10.166666666666666,9.916666666666666,135.89728983333333,162.7658485330087,105.93251519967534,0.9166666666666666,0.5,1.8333333333333333,1.4166666666666667,0.0,0.0002908968654082855
314159,147,Ring8,12,1,312.8568333333333,234.2735057357396,73.58333333333333,5.0,12.333333333333334,11.916666666666666,162.96848783333334,183.58679655765596,115.08679655765599,0.6666666666666666,0.5833333333333334,2.75,1.4166666666666667,0.6666666666666666,6.882887510073488e-05
314159,148,I,12,1,285.24916666666667,226.0824961385374,54.166666666666664,5.0,9.083333333333334,8.75,115.01647883333334,174.32019190980623,120.48685857647286,0.5833333333333334,0.3333333333333333,2.3333333333333335,1.5,0.6666666666666666,4.6337550884345546e-05
314159,148,J,12,1,324.853,257.6029648592925,62.25,5.0,10.416666666666666,10.166666666666666,97.02142033333332,166.94879811708398,108.2821314504173,0.8333333333333334,0.4166666666666667,2.9166666666666665,1.8333333333333333,0.6666666666666666,0.0004216884894958639
314159,148,Jplus,12,1,316.7945,253.96118327538304,57.833333333333336,5.0,9.666666666666666,9.5,92.47170725000001,156.7894368698114,103.45610353647805,0.9166666666666666,0.4166666666666667,2.1666666666666665,1.8333333333333333,0.0,0.00019930459620809415
314159,148,Ring8,12,1,311.48175,237.39842775241308,69.08333333333333,5.0,11.583333333333334,11.166666666666666,113.31843083333332,172.15063293561914,105.48396626895247,0.8333333333333334,0.3333333333333333,2.9166666666666665,2.0,0.6666666666666666,0.0001330289569523302
314159,149,I,10,1,352.8191,277.4190748619266,70.4,5.0,11.8,11.4,148.8887388,214.25976411964012,145.2597641196401,0.7,0.5,2.7,1.6,0.8,0.000251380733516271
314159,149,J,10,1,357.0734,269.4734097844836,82.6,5.0,13.8,13.6,177.6484748,212.39219224707327,131.29219224707327,0.7,0.5,2.7,1.8,0.6,9.784483563635149e-05
314159,149,Jplus,10,1,348.2973,265.4972898572627,77.8,5.0,13.0,12.8,174.2827591,202.43665134255565,127.13665134255567,0.8,0.5,1.9,1.6,0.0,0.00010142737346541253
314159,149,Ring8,10,1,370.8992,277.5992445550476,88.3,5.0,14.8,14.3,152.547233,221.78584769976368,136.58584769976366,0.7,0.5,3.2,2.0,0.8,0.00044555047588801244
314159,150,I,11,1,371.7728181818182,301.863750469676,64.9090909090909,5.0,10.909090909090908,10.363636363636363,194.9480029090909,195.49345741885554,134.3116392370374,0.7272727272727273,0.5454545454545454,2.6363636363636362,1.0909090909090908,0.7272727272727273,0.00025516643609080347
314159,150,J,11,1,364.7361818181818,292.0089081957865,67.72727272727273,5.0,11.363636363636363,10.909090909090908,137.3740849090909,185.6853416870839,120.59443259617478,0.7272727272727273,0.36363636363636365,2.6363636363636362,1.1818181818181819,0.7272727272727273,9.84634834821918e-06
314159,150,Jplus,11,1,347.4774545454545,278.38654544182856,64.0909090909091,5.0,10.727272727272727,10.454545454545455,154.7361900909091,178.120291970519,116.21120106142804,0.8181818181818182,0.36363636363636365,1.8181818181818181,1.3636363636363635,0.0,1.39885742100887e-07
314159,150,Ring8,11,1,354.466,274.73870622421094,74.72727272727273,5.0,12.545454545454545,12.0,157.1306220909091,199.75826638393121,126.66735729302214,0.5454545454545454,0.36363636363636365,2.8181818181818183,1.3636363636363635,0.7272727272727273,0.00023153368010753184
314159,151,I,16,1,264.57825,214.39076740248382,45.1875,5.0,7.5625,7.375,112.8092596875,125.89093169524226,89.01593169524224,0.8125,0.6875,2.5625,1.8125,0.3125,0.0002784397406685457
314159,151,J,16,1,290.674375,235.92438498905977,49.75,5.0,8.375,7.875,126.3460760625,126.72107608358561,85.2210760835856,0.9375,0.75,2.9375,1.5625,0.5,0.0001598249564267462
314159,151,Jplus,16,1,276.760125,226.5726040001196,45.1875,5.0,7.625,7.0625,115.020060875,115.77006086763373,77.58256086763372,1.0,0.625,2.1875,1.5625,0.0,0.0003359980864843237
314159,151,Ring8,16,1,259.8470625,205.34705933966308,49.5,5.0,8.3125,7.9375,113.2460270625,120.42601565472151,76.86351565472151,0.8125,0.5625,2.625,1.625,0.4375,5.056539066572441e-05
314159,152,I,11,1,350.66236363636364,278.2078553169537,67.45454545454545,5.0,11.272727272727273,11.090909090909092,167.60663318181818,200.37755217727855,133.55937035909676,0.8181818181818182,0.2727272727272727,2.727272727272727,1.9090909090909092,0.6363636363636364,0.0004084864908691088
314159,152,J,11,1,319.36545454545455,240.63820781574566,73.72727272727273,5.0,12.363636363636363,11.909090909090908,175.95468245454546,198.8231820143137,128.4595456506773,0.7272727272727273,0.45454545454545453,2.5454545454545454,1.4545454545454546,0.7272727272727273,0.00028597320215340005
314159,152,Jplus,11,1,348.9720909090909,272.69936168736257,71.27272727272727,5.0,11.909090909090908,11.727272727272727,156.37400163636363,181.4243194559786,112.87886491052406,0.9090909090909091,0.2727272727272727,2.0,1.8181818181818181,0.0,2.143901201634435e-05
314159,152,Ring8,11,1,351.0210909090909,264.9301989326284,81.0909090909091,5.0,13.545454545454545,13.363636363636363,173.0515880909091,194.1000759013712,116.37280317409846,0.9090909090909091,0.2727272727272727,2.727272727272727,1.9090909090909092,0.5454545454545454,0.00018825891265805694
314159,153,I,16,1,249.311,197.8735212746685,46.4375,5.0,7.8125,7.375,131.503643875,131.87864386472182,91.56614386472181,0.875,0.6875,2.875,2.0625,0.5,0.0003403946957405424
314159,153,J,16,1,224.037125,181.9121113820353,37.125,5.0,6.25,5.875,90.4058930625,91.90589305085074,59.468393050850736,0.875,0.5,2.5,1.6875,0.5,0.00021788743515571696
314159,153,Jplus,16,1,229.7683125,180.51829347512378,44.25,5.0,7.4375,7.0625,99.672967375,101.54796738969478,66.73546738969476,1.0,0.6875,2.5,2.0,0.0,0.00030439801957982127
314159,153,Ring8,16,1,241.618875,190.36884664386076,46.25,5.0,7.75,7.5,110.4737646875,120.39357122978632,77.89357122978633,0.8125,0.5625,2.8125,2.0625,0.5,0.0004536982278295909
314159,154,I,10,1,374.3672,299.8671777221852,69.5,5.0,11.7,11.0,156.5646698,215.76466978765498,148.56466978765496,0.8,0.3,2.3,1.0,0.8,0.00022277814787230454
314159,154,J,10,1,364.7259,278.625884848081,81.1,5.0,13.6,13.1,183.10194429999999,208.2572939009179,128.35729390091788,0.9,0.2,2.1,1.1,0.8,0.00015151919023992377
314159,154,Jplus,10,1,358.1812,274.78116493401114,78.4,5.0,13.1,12.9,175.9563704,201.11171995645958,124.51171995645957,0.9,0.3,1.6,1.4,0.0,0.00035065988822680083
314159,154,Ring8,10,1,348.21860000000004,256.618629737234,86.6,5.0,14.5,14.1,150.5916148,217.17439781699233,131.87439781699226,0.8,0.4,2.7,1.5,0.8,0.00029737233990090317
314159,155,I,10,1,359.9279,280.5278602590048,74.4,5.0,12.5,11.9,217.1345828,219.53458283634228,147.53458283634228,0.8,0.4,2.6,1.6,0.8,0.0003974099522565666
314159,155,J,10,1,372.1553,284.75528401476356,82.4,5.0,13.8,13.4,187.1825073,213.53785687184762,133.53785687184762,0.8,0.4,2.9,1.6,0.8,0.00015985236404958414
314159,155,Jplus,10,1,347.1449,269.74493983804854,72.4,5.0,12.1,11.9,145.628567,201.34628682581757,129.74628682581755,0.7,0.4,1.6,1.4,0.0,0.0003983804854215123
314159,155,Ring8,10,1,359.7731,266.2730623873164,88.5,5.0,14.8,14.5,194.4502814,219.27050873979084,130.97050873979083,0.7,0.2,2.6,1.5,0.8,0.00037612683672705316
314159,156,I,14,1,323.01335714285716,272.94189474027013,45.07142857142857,5.0,7.571428571428571,7.214285714285714,127.04797335714285,148.19083053558174,106.47654482129603,0.7857142857142857,0.5,2.2142857142857144,0.9285714285714286,0.5714285714285714,0.00047363621797558153
314159,156,J,14,1,311.02514285714284,259.31086820048273,46.714285714285715,5.0,7.857142857142857,7.428571428571429,123.80860507142857,145.4759040798678,100.47590407986779,0.7142857142857143,0.35714285714285715,2.0,0.8571428571428571,0.5714285714285714,0.0001548067580188217
314159,156,Jplus,14,1,311.78864285714286,261.3600875193246,45.42857142857143,5.0,7.642857142857143,7.214285714285714,113.42561578571429,135.9500576885237,93.30720054566655,0.8571428571428571,0.35714285714285715,1.7857142857142858,1.1428571428571428,0.0,0.00022527054488818976
314159,156,Ring8,14,1,316.1730714285714,260.0302250694812,51.142857142857146,5.0,8.571428571428571,8.285714285714286,129.5579547142857,147.50304713743526,98.50304713743523,0.7857142857142857,0.35714285714285715,2.142857142857143,1.0,0.5714285714285714,0.0001509727371740155
314159,157,I,10,1,375.23040000000003,299.43038064130906,70.8,5.0,11.9,11.3,200.0186678,205.4186678489851,142.21866784898512,0.8,0.8,2.1,1.2,0.2,0.00019358690951776225
314159,157,J,10,1,362.7211,279.12113557466375,78.6,5.0,13.2,12.6,133.33660270000001,206.44673937221773,132.44673937221773,0.9,0.6,2.5,1.5,0.6,0.00035574663797888206
314159,157,Jplus,10,1,356.5203,274.52026457766567,77.0,5.0,12.9,12.5,121.76604870000001,195.43209738821398,124.13209738821395,1.0,0.6,2.2,1.9,0.0,0.00035422334303802927
314159,157,Ring8,10,1,388.0147,291.1147470102614,91.9,5.0,15.4,14.9,211.7170663,212.31706626067677,128.51706626067678,0.9,0.5,3.2,1.8,0.5,0.00047010261414470733
314159,158,I,10,1,401.98449999999997,323.68451233137495,73.3,5.0,12.3,11.8,214.8425917,217.2425916586471,147.9425916586471,0.9,0.6,2.8,1.6,0.8,0.00012331374955465435
314159,158,J,10,1,405.5643,318.5643294947887,82.0,5.0,13.8,13.0,212.03891170000003,213.83891171803367,135.9389117180337,0.7,0.5,2.9,1.2,0.8,0.00029494788714146125
314159,158,Jplus,10,1,397.1632,313.56318379565596,78.6,5.0,13.2,12.6,196.0743359,197.87433592020608,124.87433592020606,0.9,0.5,2.3,1.4,0.0,0.00016204344046855113
314159,158,Ring8,10,1,385.2429,289.8428903136463,90.4,5.0,15.2,14.4,164.46805039999998,215.43983090451138,128.93983090451144,0.7,0.5,3.3,1.8,0.8,9.686353678262094e-05
314159,159,I,12,1,335.9649166666667,269.4649464542787,61.5,5.0,10.333333333333334,9.833333333333334,151.13738608333333,182.75684521767184,124.67351188433848,0.8333333333333334,0.5833333333333334,2.8333333333333335,1.6666666666666667,0.6666666666666666,0.00035745134391618194
314159,159,J,12,1,321.30716666666666,251.22383990871356,65.08333333333333,5.0,10.916666666666666,10.5,141.90666008333332,168.59815405036863,109.01482071703525,0.75,0.5833333333333334,2.75,1.5,0.5,7.890456254244782e-05
314159,159,Jplus,12,1,311.91783333333336,246.83448224460565,60.083333333333336,5.0,10.083333333333334,9.666666666666666,136.98477908333334,159.4475703910788,104.1975703910788,0.8333333333333334,0.5833333333333334,1.9166666666666667,1.3333333333333333,0.0,0.0002130647321791912
314159,159,Ring8,12,1,323.82691666666665,248.74357245711857,70.08333333333333,5.0,11.75,11.333333333333334,133.20226625,178.70359625165554,111.62026291832221,0.8333333333333334,0.5,2.75,1.5,0.6666666666666666,0.00013051457699475577
314159,160,I,15,1,271.94193333333334,225.14193400465265,41.8,5.0,7.066666666666666,6.466666666666667,111.7287312,137.52163714706464,98.38830381373127,0.7333333333333333,0.4,2.533333333333333,1.6,0.5333333333333333,1.0069789823319297e-05
314159,160,J,15,1,295.6424,243.1090731493997,47.53333333333333,5.0,8.0,7.533333333333333,117.03933959999999,136.13999698370583,91.47333031703917,0.6,0.4,2.8666666666666667,1.7333333333333334,0.5333333333333333,9.724099527375074e-05
314159,160,Jplus,15,1,263.5766,215.90991648268928,42.666666666666664,5.0,7.2,6.666666666666667,107.29010566666666,123.53442751739189,84.66776085072524,0.7333333333333333,0.4666666666666667,2.066666666666667,1.4666666666666666,0.0,0.00025275966072513256
314159,160,Ring8,15,1,260.567,205.9003146846658,49.666666666666664,5.0,8.333333333333334,8.0,102.12994413333332,131.96084102338963,86.76084102338967,0.7333333333333333,0.5333333333333333,3.2666666666666666,2.3333333333333335,0.5333333333333333,0.00027973001306236256
314159,161,I,16,1,253.0001875,209.5001721985096,38.5,5.0,6.5,6.0,105.10346625,106.97846621981563,76.41596621981564,0.9375,0.625,2.875,1.625,0.5,0.00024482384651491884
314159,161,J,16,1,229.141625,184.01663058488919,40.125,5.0,6.8125,6.0625,79.7022879375,89.60075182319339,55.72575182319338,0.8125,0.625,3.5,2.1875,0.5,8.935822688727058e-05
314159,161,Jplus,16,1,217.99025,174.05275148823415,38.9375,5.0,6.5625,6.125,98.0421621875,99.9171621680158,68.22966216801578,0.875,0.625,2.5,1.875,0.0,2.3811746359569952e-05
314159,161,Ring8,16,1,237.8091875,186.9342081633248,45.875,5.0,7.6875,7.4375,104.21498975,111.65513267155107,70.34263267155106,0.75,0.5,3.0625,2.125,0.5,0.00033061319663829636
314159,162,I,13,1,301.7486923076923,245.13331378139506,51.61538461538461,5.0,8.692307692307692,8.153846153846153,157.19289376923078,161.80827841873105,113.34673995719261,0.7692307692307693,0.3076923076923077,3.0,2.0,0.6153846153846154,7.915813557701767e-05
314159,162,J,13,1,301.60123076923077,244.9089006115861,51.69230769230769,5.0,8.692307692307692,8.23076923076923,58.339258384615384,157.23566596033595,106.62028134495132,0.6153846153846154,0.23076923076923078,3.076923076923077,2.076923076923077,0.6153846153846154,0.000292049380732351
314159,162,Jplus,13,1,275.80446153846157,226.65059875950098,44.15384615384615,5.0,7.384615384615385,7.230769230769231,48.04257661538462,142.65956576218824,99.50571960834206,0.8461538461538461,0.3076923076923077,1.7692307692307692,1.5384615384615385,0.0,0.0002161264874303015
314159,162,Ring8,13,1,279.68515384615387,219.53133486014468,55.15384615384615,5.0,9.23076923076923,9.0,137.86934576923076,157.9681974699623,103.96819746996229,0.6153846153846154,0.3076923076923077,2.6923076923076925,1.9230769230769231,0.6153846153846154,0.0003531818806550291
314159,163,I,15,1,252.66146666666666,203.32812164297664,44.333333333333336,5.0,7.466666666666667,7.0,131.59065040000002,134.39065038329838,95.39065038329838,0.9333333333333333,0.7333333333333333,2.466666666666667,1.4666666666666666,0.5333333333333333,0.00017535535062052077
314159,163,J,15,1,240.39066666666668,191.19068064614947,44.2,5.0,7.4,7.2,113.19103466666667,129.16126769590727,87.49460102924058,0.7333333333333333,0.4666666666666667,2.2,1.5333333333333334,0.4,0.00020969224215150462
314159,163,Jplus,15,1,252.21486666666667,205.41488109203965,41.8,5.0,7.0,6.8,103.50287006666667,120.27310310190101,82.80643643523435,0.9333333333333333,0.4666666666666667,1.8,1.6,0.0,0.00021638059479300864
314159,163,Ring8,15,1,269.25006666666667,208.38340589413383,55.86666666666667,5.0,9.333333333333334,9.2,122.73870606666667,136.03335304455467,85.30001971122137,1.0,0.6666666666666666,3.0,2.0,0.5333333333333333,8.841200724418741e-05
314159,164,I,15,1,301.6254,252.95874702909063,43.666666666666664,5.0,7.333333333333333,7.0,141.97772873333332,143.5777287470699,102.04439541373652,0.6666666666666666,0.4666666666666667,2.533333333333333,1.5333333333333334,0.5333333333333333,0.0002054363590104913
314159,164,J,15,1,270.1770666666667,221.51036830825743,43.666666666666664,5.0,7.333333333333333,7.0,133.3304732,134.93047322807564,91.79713989474229,0.6666666666666666,0.2,2.2,1.3333333333333333,0.5333333333333333,0.00047537613863823935
314159,164,Jplus,15,1,265.3384666666667,219.00512589422698,41.333333333333336,5.0,6.933333333333334,6.666666666666667,121.27648693333335,123.27648695551532,83.47648695551531,0.8666666666666667,0.2,1.8,1.4666666666666666,0.0,0.00011158659572174656
314159,164,Ring8,15,1,268.8768,216.94345437678672,46.93333333333333,5.0,7.866666666666666,7.6,108.75140246666666,137.40282790581725,90.6694945724839,0.7333333333333333,0.2,2.466666666666667,1.7333333333333334,0.5333333333333333,0.00018434819912727107
314159,165,I,13,1,267.6237692307692,216.62380537082046,46.0,5.0,7.6923076923076925,7.538461538461538,111.78699861538462,160.10614379250944,114.79845148481718,0.6923076923076923,0.3076923076923077,2.3846153846153846,1.6153846153846154,0.6153846153846154,0.0004698206662396842
314159,165,J,13,1,270.5974615384615,213.13590624612166,52.46153846153846,5.0,8.76923076923077,8.615384615384615,95.82915423076923,156.27073074212623,104.50149997289547,0.6923076923076923,0.23076923076923078,2.5384615384615383,1.6923076923076923,0.6153846153846154,0.00021880041822441854
314159,165,Jplus,13,1,266.9686153846154,211.43013520504098,50.53846153846154,5.0,8.461538461538462,8.23076923076923,107.78832538461538,144.64270931960078,95.48886316575464,0.8461538461538461,0.23076923076923078,1.8461538461538463,1.6923076923076923,0.0,0.0002423344672024541
314159,165,Ring8,13,1,257.72092307692304,197.18249000759383,55.53846153846154,5.0,9.307692307692308,9.0,102.41650053846153,153.19210966420783,98.80749427959245,0.6153846153846154,0.38461538461538464,2.8461538461538463,2.0,0.6153846153846154,0.00037009871994087007
314159,166,I,12,1,310.7255833333333,242.05892926011606,63.666666666666664,5.0,10.666666666666666,10.333333333333334,178.84071575,180.8407157518105,121.67404908514386,0.75,0.5833333333333334,3.1666666666666665,2.0833333333333335,0.6666666666666666,0.00015112139271877822
314159,166,J,12,1,313.78866666666664,250.62198314776631,58.166666666666664,5.0,9.75,9.416666666666666,173.98473891666666,174.48473895713482,115.56807229046818,0.5833333333333334,0.08333333333333333,2.25,1.3333333333333333,0.6666666666666666,0.00020222680404913262
314159,166,Jplus,12,1,295.65075,236.3174386281933,54.333333333333336,5.0,9.083333333333334,8.916666666666666,159.64864441666666,161.14864442471327,107.98197775804658,0.75,0.3333333333333333,1.5833333333333333,1.25,0.0,0.00026353831935921335
314159,166,Ring8,12,1,301.15275,224.40273243066792,71.75,5.0,12.0,11.75,164.11499241666667,182.733301083996,113.06663441732935,0.75,0.4166666666666667,3.0,1.8333333333333333,0.6666666666666666,0.00021083198498672573
314159,167,I,10,1,346.9667,269.06669431397887,72.9,5.0,12.2,11.9,188.5249222,222.3249221777891,149.62492217778907,0.7,0.2,2.9,1.9,0.8,5.68602113162342e-05
314159,167,J,10,1,342.5232,262.2232110625452,75.3,5.0,12.6,12.3,125.57828190000001,212.5249569225961,136.8249569225961,0.7,0.1,2.7,1.8,0.8,0.000110625452180102
314159,167,Jplus,10,1,329.929,255.42901825320973,69.5,5.0,11.6,11.5,117.5340432,197.9601594388337,128.16015943883372,0.7,0.2,1.7,1.5,0.0,0.00018253209736940335
314159,167,Ring8,10,1,340.738,256.23800231771696,79.5,5.0,13.3,13.0,115.7891085,213.49079693405787,133.6907969340579,0.7,0.2,2.6,1.7,0.8,2.3177169623522786e-05
314159,168,I,16,1,269.806,224.99350105635395,39.8125,5.0,6.6875,6.375,124.6787126875,126.1787126812866,92.67871268128661,0.9375,0.6875,2.9375,2.0,0.5,1.6901663457247196e-05
314159,168,J,16,1,238.7804375,196.59296136940438,37.1875,5.0,6.25,5.9375,77.4454418125,79.69544181381802,51.00794181381803,0.875,0.75,3.0,1.6875,0.5,0.0003819104699687159
314159,168,Jplus,16,1,238.7711875,201.14621701947547,32.625,5.0,5.5,5.125,67.1480653125,69.39806530989844,45.14806530989843,0.9375,0.8125,2.25,1.5625,0.0,0.00047231160760929924
314159,168,Ring8,16,1,236.247625,192.6851128914923,38.5625,5.0,6.5,6.0625,69.521081625,71.77108159421726,43.083581594217264,0.9375,0.875,3.375,1.8125,0.5,0.00019373612303752452
314159,169,I,10,1,338.3619,267.16191753095677,66.2,5.0,11.1,10.7,148.02506490000002,212.62506486889137,147.72506486889137,0.7,0.3,2.5,1.3,0.8,0.00017530956756672822
314159,169,J,10,1,318.1924,236.9924191580006,76.2,5.0,12.8,12.2,130.6784165,215.21438899212635,139.71438899212637,0.4,0.3,3.2,1.7,0.8,0.00019158000577590428
314159,169,Jplus,10,1,309.9556,237.35556061122082,67.6,5.0,11.3,11.1,117.43465610000001,200.26455834950576,132.36455834950578,0.6,0.2,1.7,1.5,0.0,0.0003938877916880301
314159,169,Ring8,10,1,341.1026,253.6025796225593,82.5,5.0,13.8,13.5,165.23975009999998,218.58403316432955,136.38403316432954,0.5,0.3,2.8,1.5,0.8,0.0002037744070548797
314159,170,I,14,1,302.2565714285714,248.75655703593526,48.5,5.0,8.142857142857142,7.785714285714286,148.82109457142857,150.53538029373968,106.4639517223111,0.7142857142857143,0.6428571428571429,2.2142857142857144,1.1428571428571428,0.5714285714285714,0.00020149690590187674
314159,170,J,14,1,278.9990714285714,222.2847991106112,51.714285714285715,5.0,8.714285714285714,8.142857142857142,110.28974500000001,142.67731430306853,95.4630285887828,0.7857142857142857,0.5714285714285714,2.4285714285714284,1.5,0.5,0.00018754855682345806
314159,170,Jplus,14,1,298.0652857142857,235.136724789432,57.92857142857143,5.0,9.714285714285714,9.357142857142858,140.56979092857142,141.42693378127345,89.35550520984488,0.8571428571428571,0.6428571428571429,2.0,1.3571428571428572,0.0,0.00014705204830534058
314159,170,Ring8,14,1,296.14128571428574,234.14132011615862,57.0,5.0,9.571428571428571,9.142857142857142,143.06145464285714,143.49002608256552,91.56145465399409,0.7857142857142857,0.5714285714285714,2.9285714285714284,1.7857142857142858,0.5714285714285714,0.0004816262207896216
314159,171,I,12,1,363.38883333333337,298.9721701048195,59.416666666666664,5.0,10.0,9.416666666666666,173.97254733333332,175.47254736099708,124.30588069433047,0.8333333333333334,0.8333333333333334,2.8333333333333335,1.3333333333333333,0.6666666666666666,4.125783380004577e-05
314159,171,J,12,1,337.38966666666664,264.3896636805295,68.0,5.0,11.416666666666666,10.916666666666666,173.63030416666666,175.63030418003825,113.04697084670492,0.75,0.6666666666666666,2.6666666666666665,1.3333333333333333,0.5833333333333334,3.5833646052196855e-05
314159,171,Jplus,12,1,331.1935833333333,262.0269259548946,64.16666666666667,5.0,10.75,10.416666666666666,164.88196875,167.3819687704238,108.71530210375711,0.75,0.6666666666666666,2.0,1.25,0.0,0.00011145873486384517
314159,171,Ring8,12,1,331.2908333333333,253.9574907247014,72.33333333333333,5.0,12.083333333333334,11.916666666666666,179.970452,182.47045203931836,112.387118705985,0.75,0.5833333333333334,2.5,1.5,0.6666666666666666,0.00011130358325317502
314159,172,I,12,1,324.19416666666666,264.4441759389436,54.75,5.0,9.166666666666666,8.916666666666666,132.03197133333333,183.0543766934966,128.63771002682995,0.5833333333333334,0.3333333333333333,2.0,1.0,0.6666666666666666,0.00011126732351840474
314159,172,J,12,1,351.0941666666667,284.09414807310355,62.0,5.0,10.416666666666666,9.916666666666666,149.66729641666666,178.30697868202924,119.3069786820292,0.75,0.3333333333333333,2.5833333333333335,1.5,0.6666666666666666,0.00022312275768854306
314159,172,Jplus,12,1,315.39775000000003,252.6477861787106,57.75,5.0,9.666666666666666,9.416666666666666,135.89728983333333,161.84195909619623,106.50862576286288,0.9166666666666666,0.3333333333333333,1.8333333333333333,1.5,0.0,0.00043414452693468775
314159,172,Ring8,12,1,306.7095,236.54279423777038,65.16666666666667,5.0,10.916666666666666,10.583333333333334,153.61380066666666,174.0188890168039,109.51888901680393,0.6666666666666666,0.3333333333333333,2.3333333333333335,1.3333333333333333,0.6666666666666666,0.0004691467556767748
314159,173,I,16,1,216.24275,175.55525590981256,35.6875,5.0,6.0,5.6875,126.6315364375,128.13153642794606,92.94403642794609,0.6875,0.1875,2.5625,1.875,0.5,9.455700092075858e-05
314159,173,J,16,1,207.91575,168.60324162893943,34.3125,5.0,5.75,5.5625,108.1449588125,119.64618124165958,85.95868124165959,0.6875,0.25,2.3125,1.5,0.5,0.00013393696917773923
314159,173,Jplus,16,1,166.0978125,133.41032391896925,27.6875,5.0,4.6875,4.25,65.98810775,70.40769095440858,46.6576909544086,0.8125,0.5,1.9375,1.5625,0.0,0.00018270350801685709
314159,173,Ring8,16,1,173.3389375,134.90142507459734,33.4375,5.0,5.625,5.3125,71.5185929375,74.14359296845879,44.39359296845879,0.8125,0.5,2.9375,2.0625,0.5,0.00019880644231307087
314159,174,I,11,1,355.99663636363636,286.08756717514456,64.9090909090909,5.0,10.909090909090908,10.363636363636363,188.42352354545454,192.241705328047,130.05988714622885,0.6363636363636364,0.45454545454545453,2.3636363636363638,1.4545454545454546,0.5454545454545454,0.0002389265901001636
314159,174,J,11,1,359.2684545454545,276.4502483296645,77.81818181818181,5.0,13.090909090909092,12.363636363636363,194.54443827272726,199.99898368446236,127.90807459355324,0.8181818181818182,0.36363636363636365,2.909090909090909,1.8181818181818181,0.7272727272727273,0.0002683736906874401
314159,174,Jplus,11,1,346.57800000000003,267.5780143144429,74.0,5.0,12.454545454545455,11.727272727272727,178.56242263636364,185.10787720768732,116.65333175314187,0.8181818181818182,0.45454545454545453,2.272727272727273,1.7272727272727273,0.0,0.00015745887139928527
314159,174,Ring8,11,1,345.88154545454546,261.5179478986015,79.36363636363636,5.0,13.272727272727273,13.0,195.048786,199.4124223373895,121.23060415557133,0.7272727272727273,0.2727272727272727,2.4545454545454546,1.5454545454545454,0.6363636363636364,0.0004268846164450224
314159,175,I,10,1,360.2892,285.4892438655091,69.8,5.0,11.7,11.3,177.81152170000001,214.56170800921646,144.9617080092164,0.7,0.3,2.6,1.7,0.7,0.0004386550908748177
314159,175,J,10,1,366.75079999999997,282.55082623222887,79.2,5.0,13.3,12.7,174.4806129,205.27821650631873,131.77821650631873,0.8,0.5,2.9,1.8,0.3,0.0002623222890179022
314159,175,Jplus,10,1,349.2566,269.5565863418342,74.7,5.0,12.5,12.2,172.8269019,203.06632161982083,130.16632161982085,0.8,0.4,1.7,1.4,0.0,0.00013658165789820487
314159,175,Ring8,10,1,371.3458,277.8458390584512,88.5,5.0,14.8,14.5,164.5034881,215.63324888396164,129.03324888396168,0.7,0.4,3.2,2.0,0.8,0.0003905845119334117
314159,176,I,16,1,241.90175,203.77677941345493,33.125,5.0,5.5625,5.3125,109.54858925,110.29858926399653,79.79858926399653,0.8125,0.4375,1.8125,0.875,0.5,0.0004706152790276974
314159,176,J,16,1,232.80175,189.48926727876795,38.3125,5.0,6.5,5.8125,92.47229125,93.2222912248323,60.847291224832325,0.8125,0.5,2.8125,1.5625,0.375,0.00027646028729577665
314159,176,Jplus,16,1,242.423875,200.36136259781185,37.0625,5.0,6.25,5.8125,105.4853596875,106.61035970287725,73.11035970287722,0.8125,0.4375,1.9375,1.4375,0.0,0.00019843501058858237
314159,176,Ring8,16,1,253.5641875,207.31419989870835,41.25,5.0,6.9375,6.5625,109.3087919375,110.0587919530911,71.30879195309109,0.8125,0.375,2.3125,1.375,0.5,0.0001983793335966766
314159,177,I,12,1,333.2245833333333,268.22458564622866,60.0,5.0,10.083333333333334,9.583333333333334,129.03696833333333,178.9913004027418,122.82463373607511,0.8333333333333334,0.5,2.9166666666666665,1.5,0.6666666666666666,2.7754743769037304e-05
314159,177,J,12,1,309.2150833333333,237.54843236487747,66.66666666666667,5.0,11.166666666666666,10.833333333333334,136.80823583333333,176.6967351862061,114.11340185287276,0.8333333333333334,0.5,3.1666666666666665,2.0,0.6666666666666666,0.00018837852940123412
314159,177,Jplus,12,1,296.27475,230.1080781856048,61.166666666666664,5.0,10.25,9.916666666666666,119.98917716666666,161.49542091071268,105.24542091071267,0.8333333333333334,0.5,2.25,1.5833333333333333,0.0,6.177274235596997e-05
314159,177,Ring8,12,1,309.3650833333333,232.53172787229656,71.83333333333333,5.0,12.0,11.833333333333334,128.927705,180.18878951317342,111.10545617984012,0.75,0.5833333333333334,3.3333333333333335,2.1666666666666665,0.6666666666666666,0.0002655324410625326
314159,178,I,15,1,269.4493333333333,216.1826696475021,48.266666666666666,5.0,8.066666666666666,7.933333333333334,138.52119919999998,140.9211992032666,95.58786586993328,0.8666666666666667,0.4666666666666667,2.3333333333333335,1.6666666666666667,0.4666666666666667,4.471253168958356e-05
314159,178,J,15,1,270.2802666666667,210.61358500313378,54.666666666666664,5.0,9.133333333333333,9.0,116.26970093333333,133.43112237551816,84.16445570885149,0.7333333333333333,0.4666666666666667,2.8666666666666667,2.0,0.4666666666666667,0.0002249529934488237
314159,178,Jplus,15,1,267.4162666666667,211.74958571557502,50.666666666666664,5.0,8.466666666666667,8.333333333333334,113.51213313333332,130.66409911244216,85.7307657791088,0.8,0.4666666666666667,2.2,1.8666666666666667,0.0,0.00021426637476906762
314159,178,Ring8,15,1,253.93506666666664,196.4017452576815,52.53333333333333,5.0,8.8,8.533333333333333,101.97476593333334,133.28346464757013,83.9501313142368,0.8,0.4,2.3333333333333335,1.6666666666666667,0.26666666666666666,0.0001788652230061416
314159,179,I,16,1,244.7935,199.85601954632264,39.9375,5.0,6.6875,6.5,125.649725125,126.39972512668403,91.33722512668403,0.875,0.5625,2.5625,1.75,0.5,0.00031274116236090777
314159,179,J,16,1,247.1134375,201.36342985527662,40.75,5.0,6.875,6.375,109.74561825,121.86490957955004,85.55240957955004,0.75,0.5,2.5625,1.5,0.5,0.0001223155741172377
314159,179,Jplus,16,1,239.0155,195.45302796980565,38.5625,5.0,6.5,6.0625,100.6631978125,103.20382279688448,70.82882279688447,0.8125,0.5625,2.1875,1.8125,0.0,0.00044751689028998953
314159,179,Ring8,16,1,260.5583125,208.9333087393118,46.625,5.0,7.875,7.25,112.8316071875,123.16842850002364,81.85592850002364,0.875,0.5,2.625,1.625,0.5,6.0171011227794224e-05
314159,180,I,14,1,270.9565,213.09938745014006,52.857142857142854,5.0,8.857142857142858,8.571428571428571,136.5354785,158.50493191165666,109.14778905451381,0.7142857142857143,0.5714285714285714,2.642857142857143,1.5,0.5714285714285714,0.0004243019607201859
314159,180,J,14,1,275.9105714285714,219.7677071897477,51.142857142857146,5.0,8.571428571428571,8.285714285714286,122.1941525,141.78311520015663,93.21168662872803,0.8571428571428571,0.42857142857142855,2.4285714285714284,1.7142857142857142,0.5714285714285714,9.934353192875278e-05
314159,180,Jplus,14,1,264.6722142857143,210.3150826438708,49.357142857142854,5.0,8.285714285714286,7.928571428571429,114.76910557142857,135.19123852856038,89.90552424284608,0.9285714285714286,0.5,2.142857142857143,1.9285714285714286,0.0,0.00015701419124525273
314159,180,Ring8,14,1,265.11278571428574,211.18420555386822,48.92857142857143,5.0,8.214285714285714,7.857142857142857,80.37518442857143,139.2198875667235,93.21988756672347,0.8571428571428571,0.5,2.2857142857142856,1.5714285714285714,0.42857142857142855,0.00012224584497744218
314159,181,I,15,1,290.4757333333334,238.94239704380922,46.53333333333333,5.0,7.8,7.533333333333333,142.0590049333333,143.659004946789,100.39233828012236,0.8,0.5333333333333333,2.6666666666666665,1.9333333333333333,0.4,4.434286211107974e-05
314159,181,J,15,1,269.8464666666667,222.9798014849186,41.86666666666667,5.0,7.0,6.866666666666666,81.5408666,129.0014723781028,88.73480571143611,0.9333333333333333,0.3333333333333333,2.2666666666666666,1.6666666666666667,0.5333333333333333,2.2273778995440807e-05
314159,181,Jplus,15,1,255.99353333333332,212.2602157370707,38.733333333333334,5.0,6.466666666666667,6.4,107.3514994,124.52173242265644,86.7883990893231,0.8,0.3333333333333333,1.6666666666666667,1.6,0.0,0.00023605606065757456
314159,181,Ring8,15,1,277.7280666666667,219.7947052875578,52.93333333333333,5.0,8.866666666666667,8.6,107.53714153333334,134.68931250310413,85.22264583643748,0.9333333333333333,0.4666666666666667,3.0,2.2666666666666666,0.5333333333333333,0.0004206866333333892
314159,182,I,11,1,371.1851818181818,302.6397425307325,63.54545454545455,5.0,10.636363636363637,10.363636363636363,158.02413590909092,187.66049953368966,130.56959044278057,0.9090909090909091,0.7272727272727273,2.090909090909091,1.5454545454545454,0.18181818181818182,0.00016783805813247454
314159,182,J,11,1,367.798,292.43434628040785,70.36363636363636,5.0,11.818181818181818,11.272727272727273,139.58829472727274,187.64035201494906,120.36762474222176,0.9090909090909091,0.45454545454545453,2.272727272727273,1.3636363636363635,0.6363636363636364,0.00019091551348537905
314159,182,Jplus,11,1,370.4277272727273,297.6095179556565,67.81818181818181,5.0,11.363636363636363,11.0,130.29218027272728,176.57463398928542,112.84736126201265,1.0,0.45454545454545453,1.8181818181818181,1.4545454545454546,0.0,0.0003024877782991098
314159,182,Ring8,11,1,377.8946363636364,293.98550280711794,78.9090909090909,5.0,13.181818181818182,13.0,145.50579863636364,196.35515315011463,121.35515315011463,0.8181818181818182,0.5454545454545454,2.727272727272727,1.7272727272727273,0.45454545454545453,0.00046912170273571974
314159,183,I,10,1,380.2297,301.32973976891014,73.9,5.0,12.4,11.9,216.7118354,216.7118354093364,146.8118354093364,0.9,0.4,2.6,1.5,0.5,0.000397689101191645
314159,183,J,10,1,355.9747,269.8747002125427,81.1,5.0,13.6,13.1,188.60436199999998,221.5063704990438,143.50637049904378,0.7,0.4,2.8,1.7,0.7,2.125426817656262e-06
314159,183,Jplus,10,1,347.2544,265.2543517904907,77.0,5.0,12.9,12.5,173.1969641,201.95231369263843,129.0523136926384,0.8,0.4,2.1,1.6,0.0,0.0004820950925932266
314159,183,Ring8,10,1,379.2626,282.66262026030336,91.6,5.0,15.4,14.6,224.78104,225.38103995360066,137.28103995360067,0.7,0.4,3.1,1.8,0.8,0.00020260303335817298
314159,184,I,11,1,368.07736363636366,296.98641427857206,66.0909090909091,5.0,11.090909090909092,10.636363636363637,159.00042063636363,186.9255888250894,127.10740700690758,0.9090909090909091,0.6363636363636364,2.3636363636363638,1.3636363636363635,0.36363636363636365,0.00044293570772424573
314159,184,J,11,1,367.79881818181815,286.9806064494052,75.81818181818181,5.0,12.727272727272727,12.181818181818182,167.5770709090909,190.7632882701675,119.03601554289475,0.9090909090909091,0.5454545454545454,2.6363636363636362,1.6363636363636365,0.6363636363636364,0.0003290565427960246
314159,184,Jplus,11,1,360.2710909090909,280.9983347859232,74.27272727272727,5.0,12.454545454545455,12.0,157.5243161818182,181.48372489837632,112.84736126201268,1.0,0.6363636363636364,2.3636363636363638,2.0,0.0,0.0003173548448103247
314159,184,Ring8,11,1,355.93745454545456,273.0283754004857,77.9090909090909,5.0,13.090909090909092,12.454545454545455,141.67260427272728,185.37355495692418,113.19173677510598,0.8181818181818182,0.6363636363636364,2.727272727272727,1.8181818181818181,0.2727272727272727,0.00012940534270455828
314159,185,I,14,1,301.79799999999994,245.65515444123616,51.142857142857146,5.0,8.571428571428571,8.285714285714286,150.67638964285715,151.53353249438746,104.31924678010178,0.7857142857142857,0.5,2.5,1.5714285714285714,0.5714285714285714,0.00016217730671996833
314159,185,J,14,1,272.85421428571425,212.7113556800537,55.142857142857146,5.0,9.285714285714286,8.714285714285714,141.71049864285715,145.567641532509,94.63907010393757,0.7857142857142857,0.35714285714285715,2.857142857142857,2.0714285714285716,0.5714285714285714,2.0479247723415028e-05
314159,185,Jplus,14,1,270.01707142857146,213.65996028243904,51.357142857142854,5.0,8.642857142857142,8.142857142857142,132.9018482857143,136.75899116764387,91.18756259621533,0.7857142857142857,0.5,2.2142857142857144,1.6428571428571428,0.0,0.0004439541467036179
314159,185,Ring8,14,1,258.5905714285714,196.4477482957322,57.142857142857146,5.0,9.571428571428571,9.285714285714286,116.91926792857143,146.1960938131335,91.19609381313353,0.7857142857142857,0.42857142857142855,2.5714285714285716,1.7857142857142858,0.5714285714285714,0.0004761402506119339
314159,186,I,16,1,199.330875,166.5808863593712,27.75,5.0,4.6875,4.3125,70.6343644375,71.75936446129981,48.384364461299825,0.875,0.4375,2.3125,1.375,0.5,0.00018174993920183624
314159,186,J,16,1,179.367375,144.11734611367402,30.25,5.0,5.125,4.625,44.39607775,45.52107772815283,26.146077728152836,0.9375,0.6875,3.0625,1.8125,0.5,0.00046218121588026406
314159,186,Jplus,16,1,168.815875,139.37834723906215,24.4375,5.0,4.125,3.8125,36.722957125,37.84795714946861,23.347957149468613,0.9375,0.75,2.0625,1.5625,0.0,0.0004441750056685123
314159,186,Ring8,16,1,216.5226875,175.64765950242975,35.875,5.0,6.0,5.875,97.4655015,108.02216727804908,73.08466727804907,0.8125,0.25,2.375,1.625,0.5,0.0004479611238821235
314159,187,I,11,1,356.39436363636366,284.1216583122327,67.27272727272727,5.0,11.363636363636363,10.454545454545455,188.11929945454543,193.57384486433875,132.75566304615694,0.9090909090909091,0.5454545454545454,3.0,1.7272727272727273,0.5454545454545454,0.00024143455902958522
314159,187,J,11,1,348.53145454545455,270.0769066170432,73.45454545454545,5.0,12.363636363636363,11.636363636363637,163.64349154545454,189.7310876249007,120.27654217035524,0.9090909090909091,0.36363636363636365,2.6363636363636362,1.5454545454545454,0.6363636363636364,2.7212524400965776e-05
314159,187,Jplus,11,1,365.29090909090905,291.0182132338366,69.27272727272727,5.0,11.636363636363637,11.090909090909092,152.06977072727273,177.6655430801945,112.84736126201265,1.0,0.36363636363636365,1.9090909090909092,1.5454545454545454,0.0,0.0003455722026046715
314159,187,Ring8,11,1,399.85554545454545,311.9464884271007,82.9090909090909,5.0,13.909090909090908,13.363636363636363,170.08202763636362,198.5956603912703,121.8683876639976,0.9090909090909091,0.5454545454545454,3.090909090909091,1.6363636363636365,0.7272727272727273,0.0003726981076397351
314159,188,I,11,1,348.37663636363635,279.922128873254,63.45454545454545,5.0,10.636363636363637,10.272727272727273,158.84278272727272,192.07141585291345,130.3441431256407,0.8181818181818182,0.36363636363636365,2.5454545454545454,1.4545454545454546,0.7272727272727273,0.0004176057941549516
314159,188,J,11,1,358.86427272727275,281.40969030719066,72.45454545454545,5.0,12.181818181818182,11.545454545454545,157.18616518181818,185.3783124436582,115.9237669891127,0.8181818181818182,0.36363636363636365,2.909090909090909,1.9090909090909092,0.5454545454545454,0.0004066209030497703
314159,188,Jplus,11,1,353.523,281.7957028939476,66.72727272727273,5.0,11.181818181818182,10.818181818181818,148.7173510909091,175.94948707705555,112.85857798614643,0.9090909090909091,0.5454545454545454,1.9090909090909092,1.4545454545454546,0.0,0.00026816657691597356
314159,188,Ring8,11,1,372.2982727272727,283.84368854700386,83.45454545454545,5.0,14.0,13.454545454545455,189.98384945454546,194.34748582578047,116.07475855305319,0.8181818181818182,0.7272727272727273,3.4545454545454546,1.9090909090909092,0.7272727272727273,0.0004259829574948526
314159,189,I,10,1,382.201,305.70096261801547,71.5,5.0,12.0,11.5,184.4144977,224.518721551937,155.01872155193706,0.6,0.5,2.4,1.0,0.8,0.00037381984566309256
314159,189,J,10,1,379.7047,293.1046977980202,81.6,5.0,13.7,13.1,156.2126641,214.62759088707304,135.827590887073,0.8,0.4,3.0,1.6,0.8,2.2019798052497208e-05
314159,189,Jplus,10,1,381.30219999999997,301.1021814814012,75.2,5.0,12.6,12.2,141.52139830000002,196.03209738821394,124.13209738821395,1.0,0.4,1.9,1.4,0.0,0.00018518598790251417
314159,189,Ring8,10,1,373.1382,282.338198847423,85.8,5.0,14.4,13.8,164.423724,213.9076648751904,130.40766487519045,0.7,0.4,2.7,1.4,0.8,1.152577033280977e-05
314159,190,I,11,1,334.1012727272727,258.9194599378188,70.18181818181819,5.0,11.727272727272727,11.545454545454545,128.821759,199.5340538039556,131.98859925850104,1.0,0.36363636363636365,2.5454545454545454,1.7272727272727273,0.6363636363636364,5.9316006172593916e-05
314159,190,J,11,1,329.3702727272727,249.37030144066648,75.0,5.0,12.545454545454545,12.272727272727273,143.11533445454546,191.57960642598235,121.94324278961871,0.9090909090909091,0.5454545454545454,2.090909090909091,1.3636363636363635,0.2727272727272727,0.0003158473314215371
314159,190,Jplus,11,1,301.1574545454545,223.88472650132186,72.27272727272727,5.0,12.090909090909092,11.818181818181818,134.50352409090908,181.87688694937052,115.60415967664322,0.8181818181818182,0.6363636363636364,1.9090909090909092,1.5454545454545454,0.0,8.485459602525225e-06
314159,190,Ring8,11,1,331.75045454545455,241.84132372149006,84.9090909090909,5.0,14.181818181818182,14.0,143.82245181818183,194.15306468842817,114.60761014297363,1.0,0.6363636363636364,2.5454545454545454,1.8181818181818181,0.36363636363636365,0.00043906360951950774
314159,191,I,13,1,290.45784615384616,232.53476881321953,52.92307692307692,5.0,8.846153846153847,8.692307692307692,134.90309753846154,159.05694365984712,110.44155904446254,0.8461538461538461,0.46153846153846156,2.5384615384615383,1.6153846153846154,0.6153846153846154,5.428146323538385e-06
314159,191,J,13,1,261.8791538461538,203.26373666575648,53.61538461538461,5.0,9.0,8.615384615384615,136.12264207692309,157.72984687574697,106.49907764497776,0.6923076923076923,0.38461538461538464,2.3846153846153846,1.6923076923076923,0.5384615384615384,0.00042334516592745786
314159,191,Jplus,13,1,283.77923076923076,226.24077885079973,52.53846153846154,5.0,8.76923076923077,8.692307692307692,124.65665546153846,146.3146166438268,97.54538587459602,0.9230769230769231,0.3076923076923077,1.9230769230769231,1.7692307692307692,0.0,0.00012506039638537914
314159,191,Ring8,13,1,265.8467692307692,200.231421012649,60.61538461538461,5.0,10.153846153846153,9.846153846153847,122.05242084615385,155.9631445866271,99.04006766355019,0.8461538461538461,0.3076923076923077,2.6923076923076925,1.9230769230769231,0.6153846153846154,0.0004731644371531729
314159,192,I,11,1,307.05345454545454,237.14434060786206,64.9090909090909,5.0,10.909090909090908,10.363636363636363,166.57028063636363,198.56758335439525,136.20394699075885,0.7272727272727273,0.36363636363636365,2.8181818181818183,1.7272727272727273,0.7272727272727273,0.0002533135175326606
314159,192,J,11,1,301.30754545454545,229.03485064989806,67.27272727272727,5.0,11.272727272727273,10.909090909090908,164.88823163636363,189.05809584959226,122.9671867586832,0.7272727272727273,0.2727272727272727,2.1818181818181817,1.2727272727272727,0.7272727272727273,0.00035714887872018153
314159,192,Jplus,11,1,297.9902727272727,227.26298218760795,65.72727272727273,5.0,11.0,10.727272727272727,152.784538,177.83485580173226,113.19849216536863,0.8181818181818182,0.2727272727272727,1.4545454545454546,1.2727272727272727,0.0,0.00019593631259340327
314159,192,Ring8,11,1,302.8723636363636,222.32687220169564,75.54545454545455,5.0,12.636363636363637,12.363636363636363,151.78438018181816,193.07332070620558,118.80059343347831,0.7272727272727273,0.2727272727272727,2.6363636363636362,1.6363636363636365,0.7272727272727273,0.00040578134803581634
314159,193,I,15,1,282.6178,233.28443367978835,44.333333333333336,5.0,7.466666666666667,7.0,138.27797326666666,139.47797326815652,98.67797326815652,0.8,0.5333333333333333,2.1333333333333333,1.1333333333333333,0.4666666666666667,0.000494803174660774
314159,193,J,15,1,271.01413333333335,221.2141663595529,44.8,5.0,7.533333333333333,7.133333333333334,96.74375026666667,131.13929335207794,89.87262668541125,0.8,0.4666666666666667,2.4,1.6666666666666667,0.4,0.000495393293476809
314159,193,Jplus,15,1,273.5769333333334,221.77695658077937,46.8,5.0,7.866666666666666,7.466666666666667,110.71392926666667,127.86212599671879,84.92879266338547,0.8,0.5333333333333333,1.7333333333333334,1.2666666666666666,0.0,0.00034871169009420555
314159,193,Ring8,15,1,286.37306666666666,229.57305761836324,51.8,5.0,8.666666666666666,8.466666666666667,116.68658426666666,132.78123121222964,86.18123121222965,0.8666666666666667,0.4666666666666667,2.8,2.0,0.5333333333333333,0.00013572455100074876
314159,194,I,16,1,251.1958125,203.19583066048202,43.0,5.0,7.25,6.75,112.85190125,113.97690123085385,77.03940123085388,0.875,0.5625,2.75,1.75,0.5,0.00029056771245450363
314159,194,J,16,1,242.3626875,188.36266499097414,49.0,5.0,8.25,7.75,114.9457066875,126.31585078307515,82.75335078307515,0.8125,0.625,2.9375,2.0,0.5,0.00036014441366205574
314159,194,Jplus,16,1,236.049375,186.04934638711168,45.0,5.0,7.625,6.875,102.245798625,114.08445130536501,76.396951305365,0.875,0.6875,2.3125,2.0,0.0,0.0004578062130349281
314159,194,Ring8,16,1,244.99625,191.74627408891038,48.25,5.0,8.125,7.625,107.9328655625,119.35006897689529,77.53756897689529,0.875,0.625,2.875,1.875,0.5,0.0003854225660688826
314159,195,I,10,1,411.2524,326.1523640798786,80.1,5.0,13.4,13.1,222.1825416,223.98254158951968,148.58254158951974,0.9,0.7,2.9,1.4,0.8,0.0003592012139961298
314159,195,J,10,1,385.957,296.15704619077127,84.8,5.0,14.2,13.8,184.1364832,210.4820214157631,129.88202141576312,0.8,0.7,2.7,1.4,0.7,0.0004619077126335469
314159,195,Jplus,10,1,379.60630000000003,294.1063259950314,80.5,5.0,13.5,13.0,172.6767478,199.0121001309492,124.21210013094917,0.9,0.7,2.0,1.3,0.0,0.0002599503141027526
314159,195,Ring8,10,1,401.464,303.26402235866345,93.2,5.0,15.6,15.2,194.5911754,217.9357747493112,129.43577474931124,0.9,0.7,2.9,1.5,0.8,0.00022358663454724592
314159,196,I,13,1,305.2901538461538,246.44399408108782,53.84615384615385,5.0,9.076923076923077,8.461538461538462,137.27000061538462,160.96230830325155,110.88538522632847,0.8461538461538461,0.38461538461538464,2.8461538461538463,1.8461538461538463,0.46153846153846156,7.694585838180501e-05
314159,196,J,13,1,292.069,230.60748304441216,56.46153846153846,5.0,9.461538461538462,9.153846153846153,137.08052700000002,156.13121587611198,102.82352356841967,0.8461538461538461,0.46153846153846156,2.1538461538461537,1.0,0.5384615384615384,0.0002795773580146488
314159,196,Jplus,13,1,292.4020769230769,233.1712719048608,54.23076923076923,5.0,9.076923076923077,8.846153846153847,125.90519061538461,145.7169979909338,95.48622876016455,1.0,0.5384615384615384,1.7692307692307692,1.2307692307692308,0.0,0.0004652368097595172
314159,196,Ring8,13,1,315.591,245.5141020988278,65.07692307692308,5.0,10.923076923076923,10.461538461538462,124.72692815384616,161.42136779045651,100.72906009814884,0.8461538461538461,0.5384615384615384,3.4615384615384617,2.076923076923077,0.6153846153846154,0.00032728476162446896
314159,197,I,16,1,234.8005,195.73800168906274,34.0625,5.0,5.6875,5.625,107.474690625,114.05153412358656,82.11403412358655,0.75,0.375,2.25,1.4375,0.5,2.7025003873859532e-05
314159,197,J,16,1,222.95825,180.89576445961353,37.0625,5.0,6.25,5.8125,94.6324530625,96.13245305813547,63.44495305813545,0.8125,0.5625,2.75,1.8125,0.5,0.00023135381661631982
314159,197,Jplus,16,1,223.181125,183.74359708977556,34.4375,5.0,5.8125,5.375,82.007334875,83.8823348887199,56.25733488871989,0.9375,0.5625,2.3125,1.75,0.0,0.00044656359114014776
314159,197,Ring8,16,1,245.2175625,196.40507204140226,43.8125,5.0,7.375,6.9375,102.8873658125,103.63736580977798,67.012365809778,0.9375,0.75,3.4375,2.375,0.5,0.00015266243599398877
314159,198,I,12,1,343.2900833333333,279.706760782172,58.583333333333336,5.0,9.916666666666666,9.0,170.59081825,175.09081827618238,123.09081827618236,0.75,0.5833333333333334,2.6666666666666665,1.25,0.5833333333333334,0.0001293860641453648
314159,198,J,12,1,358.0999166666666,286.59994558721354,66.5,5.0,11.166666666666666,10.666666666666666,143.99218866666666,171.37029861574328,108.28696528240995,0.75,0.5833333333333334,2.6666666666666665,1.4166666666666667,0.6666666666666666,0.0003470465626378427
314159,198,Jplus,12,1,337.2923333333333,270.3756493255141,61.916666666666664,5.0,10.416666666666666,9.833333333333334,136.92137725,159.3841685190303,103.55083518569695,0.9166666666666666,0.5833333333333334,2.1666666666666665,1.5,0.0,0.0002080938311337377
314159,198,Ring8,12,1,362.69699999999995,286.78029651272345,70.91666666666667,5.0,11.916666666666666,11.333333333333334,135.42654283333334,174.8584727601178,109.19180609345112,0.75,0.5833333333333334,3.0,1.6666666666666667,0.5833333333333334,0.00044184731814311817
314159,199,I,15,1,251.12146666666666,204.78815814832814,41.333333333333336,5.0,6.933333333333334,6.666666666666667,139.80013433333335,140.60013434529182,100.86680101195849,0.8,0.26666666666666666,2.6666666666666665,1.9333333333333333,0.5333333333333333,0.0003722249221027596
314159,199,J,15,1,260.2251333333333,212.0917914106455,43.13333333333333,5.0,7.2,7.133333333333334,129.80492133333334,132.20492132917295,90.53825466250629,0.7333333333333333,0.26666666666666666,2.7333333333333334,1.9333333333333333,0.5333333333333333,0.00012884031730209244
314159,199,Jplus,15,1,239.93686666666665,195.1368737027597,39.8,5.0,6.666666666666667,6.466666666666667,87.54759886666668,120.72120210660653,85.65453543993986,0.9333333333333333,0.4666666666666667,2.2,2.0,0.0,0.00010554139544183272
314159,199,Ring8,15,1,242.41006666666667,193.27674375353754,44.13333333333333,5.0,7.4,7.133333333333334,81.6179806,132.32340867226287,89.79007533892954,0.8,0.26666666666666666,2.8666666666666667,2.066666666666667,0.5333333333333333,0.00015630306324965204
314159,200,I,14,1,301.69714285714286,252.4114599554884,44.285714285714285,5.0,7.428571428571429,7.142857142857143,101.141664,142.57023545729257,102.14166402872117,0.8571428571428571,0.5714285714285714,2.2857142857142856,1.3571428571428572,0.5714285714285714,0.0004393768372210616
314159,200,J,14,1,281.26550000000003,230.6940571458838,45.57142857142857,5.0,7.642857142857143,7.357142857142857,120.73095392857144,138.8582560924288,94.57254180671451,0.7857142857142857,0.2857142857142857,2.2142857142857144,1.4285714285714286,0.5714285714285714,0.00019995762704638764
314159,200,Jplus,14,1,286.0365,237.1079095300074,43.92857142857143,5.0,7.357142857142857,7.142857142857143,114.93291421428572,132.04387818224663,91.04387818224663,0.9285714285714286,0.42857142857142855,1.9285714285714286,1.5,0.0,0.0002665798965608701
314159,200,Ring8,14,1,289.10935714285716,229.5379402683756,54.57142857142857,5.0,9.142857142857142,8.857142857142858,135.18129907142858,152.47753324544541,98.40610467401687,0.7857142857142857,0.21428571428571427,2.4285714285714284,1.7142857142857142,0.5714285714285714,0.00016375725817852071
