label,case,strategy,source_count,detected_channels,cleared_channels,total_virtual_time_s,measure_actions,clear_actions,all_cleared,origin_discoveries,selected_route,pruned_observations,audited_pruned,pruned_truth_hits,min_pruned_dist,max_kept_dist,movement,search_movement,post_movement,detection,switching,clearing
A_normal_n10,1,B,10,10,10,8712.203,373,10,1,5,B,0,0,0,,,6448.203052627973,4081.871979393182,2366.331073234793,1865.0,349.0,50.0
A_normal_n10,1,C,10,10,10,7825.714,406,10,1,5,C,0,0,0,,,5344.714019344944,3669.0281049872247,1675.6859143577185,2030.0,401.0,50.0
A_normal_n10,1,BF,10,10,10,8646.203,362,10,1,5,B,11,0,0,,,6448.203052627973,4081.871979393182,2366.331073234793,1810.0,338.0,50.0
A_normal_n10,1,CF,10,10,10,7639.714,375,10,1,5,C,31,0,0,,,5344.714019344944,3669.0281049872247,1675.6859143577185,1875.0,370.0,50.0
A_normal_n10,1,D,10,10,10,7639.714,375,10,1,5,C,31,31,0,1504.196076814834,1492.0431810324203,5344.714019344944,3669.0281049872247,1675.6859143577185,1875.0,370.0,50.0
A_normal_n10,1,C3F,10,10,10,7639.714,375,10,1,5,C,31,0,0,,,5344.714019344944,3669.0281049872247,1675.6859143577185,1875.0,370.0,50.0
A_normal_n10,2,B,10,10,10,8053.434,369,10,1,3,B,0,0,0,,,5794.434415597892,4113.968718845667,1680.4656967522262,1845.0,364.0,50.0
A_normal_n10,2,C,10,10,10,7497.118,390,10,1,3,C,0,0,0,,,5113.118053906127,3658.7238680728283,1454.3941858332994,1950.0,384.0,50.0
A_normal_n10,2,BF,10,10,10,8053.434,369,10,1,3,B,0,0,0,,,5794.434415597892,4113.968718845667,1680.4656967522262,1845.0,364.0,50.0
A_normal_n10,2,CF,10,10,10,7311.118,359,10,1,3,C,31,0,0,,,5113.118053906127,3658.7238680728283,1454.3941858332994,1795.0,353.0,50.0
A_normal_n10,2,D,10,10,10,7311.118,359,10,1,3,C,31,31,0,1505.7147721091565,1481.7361726426097,5113.118053906127,3658.7238680728283,1454.3941858332994,1795.0,353.0,50.0
A_normal_n10,2,C3F,10,10,10,7311.118,359,10,1,3,C,31,0,0,,,5113.118053906127,3658.7238680728283,1454.3941858332994,1795.0,353.0,50.0
A_normal_n10,3,B,10,10,10,8701.512,399,10,1,2,B,0,0,0,,,6266.511684714453,4082.1392490366184,2184.372435677836,1995.0,390.0,50.0
A_normal_n10,3,C,10,10,10,8054.042,454,10,1,2,C,0,0,0,,,5282.041795825153,3712.967134368448,1569.0746614567036,2270.0,452.0,50.0
A_normal_n10,3,BF,10,10,10,8701.512,399,10,1,2,B,0,0,0,,,6266.511684714453,4082.1392490366184,2184.372435677836,1995.0,390.0,50.0
A_normal_n10,3,CF,10,10,10,7670.042,390,10,1,2,C,64,0,0,,,5282.041795825153,3712.967134368448,1569.0746614567036,1950.0,388.0,50.0
A_normal_n10,3,D,10,10,10,7670.042,390,10,1,2,C,64,64,0,1523.4989523155643,1437.626519242611,5282.041795825153,3712.967134368448,1569.0746614567036,1950.0,388.0,50.0
A_normal_n10,3,C3F,10,10,10,7670.042,390,10,1,2,C,64,0,0,,,5282.041795825153,3712.967134368448,1569.0746614567036,1950.0,388.0,50.0
A_normal_n10,4,B,10,10,10,8308.843,381,10,1,4,B,0,0,0,,,5978.842543347916,4081.871979393182,1896.9705639547342,1905.0,375.0,50.0
A_normal_n10,4,C,10,10,10,7448.027,415,10,1,4,C,0,0,0,,,4909.026657471477,3730.3933168460317,1178.6333406254464,2075.0,414.0,50.0
A_normal_n10,4,BF,10,10,10,8278.843,376,10,1,4,B,5,0,0,,,5978.842543347916,4081.871979393182,1896.9705639547342,1880.0,370.0,50.0
A_normal_n10,4,CF,10,10,10,7190.027,372,10,1,4,C,43,0,0,,,4909.026657471477,3730.3933168460317,1178.6333406254464,1860.0,371.0,50.0
A_normal_n10,4,D,10,10,10,7190.027,372,10,1,4,C,43,43,0,1528.7568048933356,1483.110302723324,4909.026657471477,3730.3933168460317,1178.6333406254464,1860.0,371.0,50.0
A_normal_n10,4,C3F,10,10,10,7190.027,372,10,1,4,C,43,0,0,,,4909.026657471477,3730.3933168460317,1178.6333406254464,1860.0,371.0,50.0
A_normal_n10,5,B,10,10,10,8930.864,397,10,1,3,B,0,0,0,,,6505.863911092437,4112.380261747502,2393.483649344934,1985.0,390.0,50.0
A_normal_n10,5,C,10,10,10,7572.858,420,10,1,3,C,0,0,0,,,5003.858292224401,3648.7701519519155,1355.0881402724858,2100.0,419.0,50.0
A_normal_n10,5,BF,10,10,10,8906.864,393,10,1,3,B,4,0,0,,,6505.863911092437,4112.380261747502,2393.483649344934,1965.0,386.0,50.0
A_normal_n10,5,CF,10,10,10,7290.858,373,10,1,3,C,47,0,0,,,5003.858292224401,3648.7701519519155,1355.0881402724858,1865.0,372.0,50.0
A_normal_n10,5,D,10,10,10,7290.858,373,10,1,3,C,47,47,0,1530.1811850493066,1482.478450475039,5003.858292224401,3648.7701519519155,1355.0881402724858,1865.0,372.0,50.0
A_normal_n10,5,C3F,10,10,10,7290.858,373,10,1,3,C,47,0,0,,,5003.858292224401,3648.7701519519155,1355.0881402724858,1865.0,372.0,50.0
A_normal_n10,6,B,10,10,10,7978.334,389,10,1,4,B,0,0,0,,,5600.334379021609,4104.9194240735305,1495.4149549480805,1945.0,383.0,50.0
A_normal_n10,6,C,10,10,10,7654.466,442,10,1,4,C,0,0,0,,,4961.466289416385,3695.991480936529,1265.474808479857,2210.0,433.0,50.0
A_normal_n10,6,BF,10,10,10,7853.334,368,10,1,4,B,21,0,0,,,5600.334379021609,4104.9194240735305,1495.4149549480805,1840.0,363.0,50.0
A_normal_n10,6,CF,10,10,10,7329.466,388,10,1,4,C,54,0,0,,,4961.466289416385,3695.991480936529,1265.474808479857,1940.0,378.0,50.0
A_normal_n10,6,D,10,10,10,7329.466,388,10,1,4,C,54,54,0,1510.5438154175501,1499.3830513473629,4961.466289416385,3695.991480936529,1265.474808479857,1940.0,378.0,50.0
A_normal_n10,6,C3F,10,10,10,7329.466,388,10,1,4,C,54,0,0,,,4961.466289416385,3695.991480936529,1265.474808479857,1940.0,378.0,50.0
A_normal_n10,7,B,10,10,10,8251.98,411,10,1,2,B,0,0,0,,,5742.979633636276,4081.871979393182,1661.1076542430922,2055.0,404.0,50.0
A_normal_n10,7,C,10,10,10,7952.639,478,10,1,2,C,0,0,0,,,5036.638835769333,3656.9116210758607,1379.7272146934706,2390.0,476.0,50.0
A_normal_n10,7,BF,10,10,10,8251.98,411,10,1,2,B,0,0,0,,,5742.979633636276,4081.871979393182,1661.1076542430922,2055.0,404.0,50.0
A_normal_n10,7,CF,10,10,10,7454.639,395,10,1,2,C,83,0,0,,,5036.638835769333,3656.9116210758607,1379.7272146934706,1975.0,393.0,50.0
A_normal_n10,7,D,10,10,10,7454.639,395,10,1,2,C,83,83,0,1520.0912479156962,1477.1759282707396,5036.638835769333,3656.9116210758607,1379.7272146934706,1975.0,393.0,50.0
A_normal_n10,7,C3F,10,10,10,7454.639,395,10,1,2,C,83,0,0,,,5036.638835769333,3656.9116210758607,1379.7272146934706,1975.0,393.0,50.0
A_normal_n10,8,B,10,10,10,8605.553,416,10,1,3,B,0,0,0,,,6067.552567734106,4081.871979393182,1985.6805883409236,2080.0,408.0,50.0
A_normal_n10,8,C,10,10,10,7877.878,463,10,1,3,C,0,0,0,,,5055.878242194284,3640.692760699568,1415.1854814947167,2315.0,457.0,50.0
A_normal_n10,8,BF,10,10,10,8391.553,381,10,1,3,B,35,0,0,,,6067.552567734106,4081.871979393182,1985.6805883409236,1905.0,369.0,50.0
A_normal_n10,8,CF,10,10,10,7541.878,407,10,1,3,C,56,0,0,,,5055.878242194284,3640.692760699568,1415.1854814947167,2035.0,401.0,50.0
A_normal_n10,8,D,10,10,10,7541.878,407,10,1,3,C,56,56,0,1503.717213732842,1363.9695399532736,5055.878242194284,3640.692760699568,1415.1854814947167,2035.0,401.0,50.0
A_normal_n10,8,C3F,10,10,10,7541.878,407,10,1,3,C,56,0,0,,,5055.878242194284,3640.692760699568,1415.1854814947167,2035.0,401.0,50.0
A_normal_n10,9,B,10,10,10,8015.54,366,10,1,3,B,0,0,0,,,5775.5399036707695,4081.871979393182,1693.6679242775883,1830.0,360.0,50.0
A_normal_n10,9,C,10,10,10,7665.758,436,10,1,3,C,0,0,0,,,5004.758289412783,3692.4612845303955,1312.2970048823877,2180.0,431.0,50.0
A_normal_n10,9,BF,10,10,10,7967.54,358,10,1,3,B,8,0,0,,,5775.5399036707695,4081.871979393182,1693.6679242775883,1790.0,352.0,50.0
A_normal_n10,9,CF,10,10,10,7332.758,380,10,1,3,C,56,0,0,,,5004.758289412783,3692.4612845303955,1312.2970048823877,1900.0,378.0,50.0
A_normal_n10,9,D,10,10,10,7332.758,380,10,1,3,C,56,56,0,1506.3489002060132,1480.1414104030762,5004.758289412783,3692.4612845303955,1312.2970048823877,1900.0,378.0,50.0
A_normal_n10,9,C3F,10,10,10,7332.758,380,10,1,3,C,56,0,0,,,5004.758289412783,3692.4612845303955,1312.2970048823877,1900.0,378.0,50.0
A_normal_n10,10,B,10,10,10,8135.62,359,10,1,4,B,0,0,0,,,5945.61995569783,4081.871979393182,1863.7479763046474,1795.0,345.0,50.0
A_normal_n10,10,C,10,10,10,8214.468,459,10,1,4,C,0,0,0,,,5431.46841182331,3654.8103335842993,1776.658078239014,2295.0,438.0,50.0
A_normal_n10,10,BF,10,10,10,8099.62,353,10,1,4,B,6,0,0,,,5945.61995569783,4081.871979393182,1863.7479763046474,1765.0,339.0,50.0
A_normal_n10,10,CF,10,10,10,7836.468,396,10,1,4,C,63,0,0,,,5431.46841182331,3654.8103335842993,1776.658078239014,1980.0,375.0,50.0
A_normal_n10,10,D,10,10,10,7836.468,396,10,1,4,C,63,63,0,1506.3489002060162,1462.4092667289187,5431.46841182331,3654.8103335842993,1776.658078239014,1980.0,375.0,50.0
A_normal_n10,10,C3F,10,10,10,7836.468,396,10,1,4,C,63,0,0,,,5431.46841182331,3654.8103335842993,1776.658078239014,1980.0,375.0,50.0
A_normal_n10,11,B,10,10,10,8687.436,368,10,1,4,B,0,0,0,,,6440.435791492206,4081.871979393182,2358.5638120990234,1840.0,357.0,50.0
A_normal_n10,11,C,10,10,10,7902.895,398,10,1,4,C,0,0,0,,,5465.895095545341,3679.410708593149,1786.4843869521906,1990.0,397.0,50.0
A_normal_n10,11,BF,10,10,10,8651.436,362,10,1,4,B,6,0,0,,,6440.435791492206,4081.871979393182,2358.5638120990234,1810.0,351.0,50.0
A_normal_n10,11,CF,10,10,10,7692.895,363,10,1,4,C,35,0,0,,,5465.895095545341,3679.410708593149,1786.4843869521906,1815.0,362.0,50.0
A_normal_n10,11,D,10,10,10,7692.895,363,10,1,4,C,35,35,0,1530.807150342272,1494.6415424371799,5465.895095545341,3679.410708593149,1786.4843869521906,1815.0,362.0,50.0
A_normal_n10,11,C3F,10,10,10,7692.895,363,10,1,4,C,35,0,0,,,5465.895095545341,3679.410708593149,1786.4843869521906,1815.0,362.0,50.0
A_normal_n10,12,B,10,10,10,8223.767,366,10,1,4,B,0,0,0,,,5982.767196029981,4081.871979393182,1900.8952166368001,1830.0,361.0,50.0
A_normal_n10,12,C,10,10,10,7892.571,444,10,1,4,C,0,0,0,,,5181.571267041418,3629.5264323263946,1552.0448347150232,2220.0,441.0,50.0
A_normal_n10,12,BF,10,10,10,8187.767,360,10,1,4,B,6,0,0,,,5982.767196029981,4081.871979393182,1900.8952166368001,1800.0,355.0,50.0
A_normal_n10,12,CF,10,10,10,7556.571,388,10,1,4,C,56,0,0,,,5181.571267041418,3629.5264323263946,1552.0448347150232,1940.0,385.0,50.0
A_normal_n10,12,D,10,10,10,7556.571,388,10,1,4,C,56,56,0,1500.488430458533,1483.0915566083906,5181.571267041418,3629.5264323263946,1552.0448347150232,1940.0,385.0,50.0
A_normal_n10,12,C3F,10,10,10,7556.571,388,10,1,4,C,56,0,0,,,5181.571267041418,3629.5264323263946,1552.0448347150232,1940.0,385.0,50.0
A_normal_n10,13,B,10,10,10,8814.842,398,10,1,3,B,0,0,0,,,6388.842147801171,4130.184416979265,2258.657730821909,1990.0,386.0,50.0
A_normal_n10,13,C,10,10,10,7879.142,427,10,1,3,C,0,0,0,,,5272.142292896174,3700.90955187401,1571.2327410221637,2135.0,422.0,50.0
A_normal_n10,13,BF,10,10,10,8778.842,392,10,1,3,B,6,0,0,,,6388.842147801171,4130.184416979265,2258.657730821909,1960.0,380.0,50.0
A_normal_n10,13,CF,10,10,10,7633.142,386,10,1,3,C,41,0,0,,,5272.142292896174,3700.90955187401,1571.2327410221637,1930.0,381.0,50.0
A_normal_n10,13,D,10,10,10,7633.142,386,10,1,3,C,41,41,0,1527.8798759993924,1476.8845303561072,5272.142292896174,3700.90955187401,1571.2327410221637,1930.0,381.0,50.0
A_normal_n10,13,C3F,10,10,10,7633.142,386,10,1,3,C,41,0,0,,,5272.142292896174,3700.90955187401,1571.2327410221637,1930.0,381.0,50.0
A_normal_n10,14,B,10,10,10,7871.542,401,10,1,4,B,0,0,0,,,5423.542237912549,4108.026009689471,1315.5162282230797,2005.0,393.0,50.0
A_normal_n10,14,C,10,10,10,7124.572,395,10,1,4,C,0,0,0,,,4707.5723074659945,3679.9829198553507,1027.5893876106443,1975.0,392.0,50.0
A_normal_n10,14,BF,10,10,10,7835.542,395,10,1,4,B,6,0,0,,,5423.542237912549,4108.026009689471,1315.5162282230797,1975.0,387.0,50.0
A_normal_n10,14,CF,10,10,10,6962.572,368,10,1,4,C,27,0,0,,,4707.5723074659945,3679.9829198553507,1027.5893876106443,1840.0,365.0,50.0
A_normal_n10,14,D,10,10,10,6962.572,368,10,1,4,C,27,27,0,1552.264573357481,1486.5147773857902,4707.5723074659945,3679.9829198553507,1027.5893876106443,1840.0,365.0,50.0
A_normal_n10,14,C3F,10,10,10,6962.572,368,10,1,4,C,27,0,0,,,4707.5723074659945,3679.9829198553507,1027.5893876106443,1840.0,365.0,50.0
A_normal_n10,15,B,10,10,10,8581.926,430,10,1,3,B,0,0,0,,,5964.926012793351,4081.871979393182,1883.0540334001719,2150.0,417.0,50.0
A_normal_n10,15,C,10,10,10,7994.985,434,10,1,3,C,0,0,0,,,5349.985219895459,3636.113205761704,1713.872014133756,2170.0,425.0,50.0
A_normal_n10,15,BF,10,10,10,8545.926,424,10,1,3,B,6,0,0,,,5964.926012793351,4081.871979393182,1883.0540334001719,2120.0,411.0,50.0
A_normal_n10,15,CF,10,10,10,7669.985,380,10,1,3,C,54,0,0,,,5349.985219895459,3636.113205761704,1713.872014133756,1900.0,370.0,50.0
A_normal_n10,15,D,10,10,10,7669.985,380,10,1,3,C,54,54,0,1501.6309385810873,1453.6444730390126,5349.985219895459,3636.113205761704,1713.872014133756,1900.0,370.0,50.0
A_normal_n10,15,C3F,10,10,10,7669.985,380,10,1,3,C,54,0,0,,,5349.985219895459,3636.113205761704,1713.872014133756,1900.0,370.0,50.0
A_normal_n10,16,B,10,10,10,8703.467,411,10,1,2,B,0,0,0,,,6212.466750155066,4107.52373030869,2104.9430198463815,2055.0,386.0,50.0
A_normal_n10,16,C,10,10,10,7630.89,442,10,1,2,C,0,0,0,,,4947.8895786407675,3649.629141697181,1298.2604369435871,2210.0,423.0,50.0
A_normal_n10,16,BF,10,10,10,8637.467,400,10,1,2,B,11,0,0,,,6212.466750155066,4107.52373030869,2104.9430198463815,2000.0,375.0,50.0
A_normal_n10,16,CF,10,10,10,7319.89,390,10,1,2,C,52,0,0,,,4947.8895786407675,3649.629141697181,1298.2604369435871,1950.0,372.0,50.0
A_normal_n10,16,D,10,10,10,7319.89,390,10,1,2,C,52,52,0,1524.6128831264962,1492.3485681312548,4947.8895786407675,3649.629141697181,1298.2604369435871,1950.0,372.0,50.0
A_normal_n10,16,C3F,10,10,10,7319.89,390,10,1,2,C,52,0,0,,,4947.8895786407675,3649.629141697181,1298.2604369435871,1950.0,372.0,50.0
A_normal_n10,17,B,10,10,10,8565.336,404,10,1,4,B,0,0,0,,,6101.335704942023,4081.871979393182,2019.4637255488412,2020.0,394.0,50.0
A_normal_n10,17,C,10,10,10,7804.511,434,10,1,4,C,0,0,0,,,5153.511256611045,3673.383096798601,1480.1281598124438,2170.0,431.0,50.0
A_normal_n10,17,BF,10,10,10,8505.336,394,10,1,4,B,10,0,0,,,6101.335704942023,4081.871979393182,2019.4637255488412,1970.0,384.0,50.0
A_normal_n10,17,CF,10,10,10,7438.511,373,10,1,4,C,61,0,0,,,5153.511256611045,3673.383096798601,1480.1281598124438,1865.0,370.0,50.0
A_normal_n10,17,D,10,10,10,7438.511,373,10,1,4,C,61,61,0,1577.1410681517011,1476.365895589388,5153.511256611045,3673.383096798601,1480.1281598124438,1865.0,370.0,50.0
A_normal_n10,17,C3F,10,10,10,7438.511,373,10,1,4,C,61,0,0,,,5153.511256611045,3673.383096798601,1480.1281598124438,1865.0,370.0,50.0
A_normal_n10,18,B,10,10,10,8463.741,404,10,1,3,B,0,0,0,,,5999.74141034707,4081.871979393182,1917.8694309538864,2020.0,394.0,50.0
A_normal_n10,18,C,10,10,10,7978.98,449,10,1,3,C,0,0,0,,,5240.9799170395545,3652.9318015077424,1588.0481155318148,2245.0,443.0,50.0
A_normal_n10,18,BF,10,10,10,8397.741,393,10,1,3,B,11,0,0,,,5999.74141034707,4081.871979393182,1917.8694309538864,1965.0,383.0,50.0
A_normal_n10,18,CF,10,10,10,7594.98,385,10,1,3,C,64,0,0,,,5240.9799170395545,3652.9318015077424,1588.0481155318148,1925.0,379.0,50.0
A_normal_n10,18,D,10,10,10,7594.98,385,10,1,3,C,64,64,0,1506.3489002060196,1475.029308065868,5240.9799170395545,3652.9318015077424,1588.0481155318148,1925.0,379.0,50.0
A_normal_n10,18,C3F,10,10,10,7594.98,385,10,1,3,C,64,0,0,,,5240.9799170395545,3652.9318015077424,1588.0481155318148,1925.0,379.0,50.0
A_normal_n10,19,B,10,10,10,7896.662,357,10,1,7,B,0,0,0,,,5712.6623323691065,4081.871979393182,1630.7903529759249,1785.0,349.0,50.0
A_normal_n10,19,C,10,10,10,7169.721,393,10,1,7,C,0,0,0,,,4762.720753259518,3636.029035295319,1126.6917179641982,1965.0,392.0,50.0
A_normal_n10,19,BF,10,10,10,7818.662,344,10,1,7,B,13,0,0,,,5712.6623323691065,4081.871979393182,1630.7903529759249,1720.0,336.0,50.0
A_normal_n10,19,CF,10,10,10,6935.721,354,10,1,7,C,39,0,0,,,4762.720753259518,3636.029035295319,1126.6917179641982,1770.0,353.0,50.0
A_normal_n10,19,D,10,10,10,6935.721,354,10,1,7,C,39,39,0,1511.4292887905958,1492.1380424701024,4762.720753259518,3636.029035295319,1126.6917179641982,1770.0,353.0,50.0
A_normal_n10,19,C3F,10,10,10,6935.721,354,10,1,7,C,39,0,0,,,4762.720753259518,3636.029035295319,1126.6917179641982,1770.0,353.0,50.0
A_normal_n10,20,B,10,10,10,7649.959,345,10,1,4,B,0,0,0,,,5531.959085978143,4081.871979393182,1450.0871065849608,1725.0,343.0,50.0
A_normal_n10,20,C,10,10,10,7827.158,449,10,1,4,C,0,0,0,,,5087.157843642352,3637.4807748506255,1449.6770687917272,2245.0,445.0,50.0
A_normal_n10,20,BF,10,10,10,7601.959,337,10,1,4,B,8,0,0,,,5531.959085978143,4081.871979393182,1450.0871065849608,1685.0,335.0,50.0
A_normal_n10,20,CF,10,10,10,7440.158,385,10,1,4,C,64,0,0,,,5087.157843642352,3637.4807748506255,1449.6770687917272,1925.0,378.0,50.0
A_normal_n10,20,D,10,10,10,7440.158,385,10,1,4,C,64,64,0,1503.686007465224,1454.6588020165218,5087.157843642352,3637.4807748506255,1449.6770687917272,1925.0,378.0,50.0
A_normal_n10,20,C3F,10,10,10,7440.158,385,10,1,4,C,64,0,0,,,5087.157843642352,3637.4807748506255,1449.6770687917272,1925.0,378.0,50.0
A_normal_n10,21,B,10,10,10,8706.911,408,10,1,2,B,0,0,0,,,6217.911256108264,4081.871979393182,2136.0392767150815,2040.0,399.0,50.0
A_normal_n10,21,C,10,10,10,7815.809,412,10,1,2,C,0,0,0,,,5295.809398277661,3693.016946162117,1602.7924521155433,2060.0,410.0,50.0
A_normal_n10,21,BF,10,10,10,8688.911,405,10,1,2,B,3,0,0,,,6217.911256108264,4081.871979393182,2136.0392767150815,2025.0,396.0,50.0
A_normal_n10,21,CF,10,10,10,7581.809,373,10,1,2,C,39,0,0,,,5295.809398277661,3693.016946162117,1602.7924521155433,1865.0,371.0,50.0
A_normal_n10,21,D,10,10,10,7581.809,373,10,1,2,C,39,39,0,1540.5934724226313,1486.5147773857939,5295.809398277661,3693.016946162117,1602.7924521155433,1865.0,371.0,50.0
A_normal_n10,21,C3F,10,10,10,7581.809,373,10,1,2,C,39,0,0,,,5295.809398277661,3693.016946162117,1602.7924521155433,1865.0,371.0,50.0
A_normal_n10,22,B,10,10,10,8139.079,372,10,1,2,B,0,0,0,,,5863.079428539718,4081.871979393182,1781.2074491465385,1860.0,366.0,50.0
A_normal_n10,22,C,10,10,10,7953.273,447,10,1,2,C,0,0,0,,,5226.272919744234,3679.5168450154642,1546.7560747287687,2235.0,442.0,50.0
A_normal_n10,22,BF,10,10,10,8121.079,369,10,1,2,B,3,0,0,,,5863.079428539718,4081.871979393182,1781.2074491465385,1845.0,363.0,50.0
A_normal_n10,22,CF,10,10,10,7579.273,385,10,1,2,C,62,0,0,,,5226.272919744234,3679.5168450154642,1546.7560747287687,1925.0,378.0,50.0
A_normal_n10,22,D,10,10,10,7579.273,385,10,1,2,C,62,62,0,1506.3489002060212,1498.9692892300031,5226.272919744234,3679.5168450154642,1546.7560747287687,1925.0,378.0,50.0
A_normal_n10,22,C3F,10,10,10,7579.273,385,10,1,2,C,62,0,0,,,5226.272919744234,3679.5168450154642,1546.7560747287687,1925.0,378.0,50.0
A_normal_n10,23,B,10,10,10,8543.309,424,10,1,2,B,0,0,0,,,5955.30875597645,4128.060673962401,1827.2480820140474,2120.0,418.0,50.0
A_normal_n10,23,C,10,10,10,7566.459,424,10,1,2,C,0,0,0,,,4983.459427453299,3741.6496722842176,1241.8097551690846,2120.0,413.0,50.0
A_normal_n10,23,BF,10,10,10,8543.309,424,10,1,2,B,0,0,0,,,5955.30875597645,4128.060673962401,1827.2480820140474,2120.0,418.0,50.0
A_normal_n10,23,CF,10,10,10,7326.459,384,10,1,2,C,40,0,0,,,4983.459427453299,3741.6496722842176,1241.8097551690846,1920.0,373.0,50.0
A_normal_n10,23,D,10,10,10,7326.459,384,10,1,2,C,40,40,0,1522.4309463427967,1489.0612476580807,4983.459427453299,3741.6496722842176,1241.8097551690846,1920.0,373.0,50.0
A_normal_n10,23,C3F,10,10,10,7326.459,384,10,1,2,C,40,0,0,,,4983.459427453299,3741.6496722842176,1241.8097551690846,1920.0,373.0,50.0
A_normal_n10,24,B,10,10,10,8893.098,411,10,1,1,B,0,0,0,,,6393.09766213852,4082.165577156574,2310.9320849819483,2055.0,395.0,50.0
A_normal_n10,24,C,10,10,10,8035.223,438,10,1,1,C,0,0,0,,,5366.222924415086,3698.627513405977,1667.5954110091075,2190.0,429.0,50.0
A_normal_n10,24,BF,10,10,10,8893.098,411,10,1,1,B,0,0,0,,,6393.09766213852,4082.165577156574,2310.9320849819483,2055.0,395.0,50.0
A_normal_n10,24,CF,10,10,10,7812.223,400,10,1,1,C,38,0,0,,,5366.222924415086,3698.627513405977,1667.5954110091075,2000.0,396.0,50.0
A_normal_n10,24,D,10,10,10,7812.223,400,10,1,1,C,38,38,0,1638.7112565222683,1486.5147773857902,5366.222924415086,3698.627513405977,1667.5954110091075,2000.0,396.0,50.0
A_normal_n10,24,C3F,10,10,10,7812.223,400,10,1,1,C,38,0,0,,,5366.222924415086,3698.627513405977,1667.5954110091075,2000.0,396.0,50.0
A_normal_n10,25,B,10,10,10,8208.33,391,10,1,8,B,0,0,0,,,5816.330033510258,4081.871979393182,1734.458054117078,1955.0,387.0,50.0
A_normal_n10,25,C,10,10,10,7213.012,367,10,1,8,C,0,0,0,,,4964.01163227578,3659.1257793936384,1304.8858528821413,1835.0,364.0,50.0
A_normal_n10,25,BF,10,10,10,8046.33,364,10,1,8,B,27,0,0,,,5816.330033510258,4081.871979393182,1734.458054117078,1820.0,360.0,50.0
A_normal_n10,25,CF,10,10,10,7177.012,361,10,1,8,C,6,0,0,,,4964.01163227578,3659.1257793936384,1304.8858528821413,1805.0,358.0,50.0
A_normal_n10,25,D,10,10,10,7177.012,361,10,1,8,C,6,6,0,1900.1247958236468,1370.9495650244735,4964.01163227578,3659.1257793936384,1304.8858528821413,1805.0,358.0,50.0
A_normal_n10,25,C3F,10,10,10,7177.012,361,10,1,8,C,6,0,0,,,4964.01163227578,3659.1257793936384,1304.8858528821413,1805.0,358.0,50.0
A_boundary_random_n10,1,B,10,10,10,8869.69,477,10,1,0,B,0,0,0,,,5966.690074548619,4099.841944390513,1866.8481301581069,2385.0,468.0,50.0
A_boundary_random_n10,1,C,10,10,10,8376.953,510,10,1,0,C,0,0,0,,,5274.9526264433935,3635.8633416462153,1639.089284797176,2550.0,502.0,50.0
A_boundary_random_n10,1,BF,10,10,10,8650.69,440,10,1,0,B,37,0,0,,,5966.690074548619,4099.841944390513,1866.8481301581069,2200.0,434.0,50.0
A_boundary_random_n10,1,CF,10,10,10,7839.953,421,10,1,0,C,89,0,0,,,5274.9526264433935,3635.8633416462153,1639.089284797176,2105.0,410.0,50.0
A_boundary_random_n10,1,D,10,10,10,8650.69,440,10,1,0,B,37,37,0,1539.7517251850081,1389.0242974763207,5966.690074548619,4099.841944390513,1866.8481301581069,2200.0,434.0,50.0
A_boundary_random_n10,1,C3F,10,10,10,8869.69,477,10,1,0,B,0,0,0,,,5966.690074548619,4099.841944390513,1866.8481301581069,2385.0,468.0,50.0
A_boundary_random_n10,2,B,10,10,10,9681.869,516,10,1,0,B,0,0,0,,,6550.868731029905,4114.398116329633,2436.470614700268,2580.0,501.0,50.0
A_boundary_random_n10,2,C,10,10,10,9304.941,572,10,1,0,C,0,0,0,,,5849.940652752628,3722.77549746045,2127.1651552921794,2860.0,545.0,50.0
A_boundary_random_n10,2,BF,10,10,10,9381.869,467,10,1,0,B,49,0,0,,,6550.868731029905,4114.398116329633,2436.470614700268,2335.0,446.0,50.0
A_boundary_random_n10,2,CF,10,10,10,8824.941,492,10,1,0,C,80,0,0,,,5849.940652752628,3722.77549746045,2127.1651552921794,2460.0,465.0,50.0
A_boundary_random_n10,2,D,10,10,10,9381.869,467,10,1,0,B,49,49,0,1524.6981835020454,1478.3679947393332,6550.868731029905,4114.398116329633,2436.470614700268,2335.0,446.0,50.0
A_boundary_random_n10,2,C3F,10,10,10,9681.869,516,10,1,0,B,0,0,0,,,6550.868731029905,4114.398116329633,2436.470614700268,2580.0,501.0,50.0
A_boundary_random_n10,3,B,10,10,10,8151.672,412,10,1,0,B,0,0,0,,,5636.6718635463285,4152.383654901273,1484.2882086450559,2060.0,405.0,50.0
A_boundary_random_n10,3,C,10,10,10,9021.529,550,10,1,0,C,0,0,0,,,5676.52941950818,3682.8591473141896,1993.6702721939898,2750.0,545.0,50.0
A_boundary_random_n10,3,BF,10,10,10,8055.672,396,10,1,0,B,16,0,0,,,5636.6718635463285,4152.383654901273,1484.2882086450559,1980.0,389.0,50.0
A_boundary_random_n10,3,CF,10,10,10,8387.529,446,10,1,0,C,104,0,0,,,5676.52941950818,3682.8591473141896,1993.6702721939898,2230.0,431.0,50.0
A_boundary_random_n10,3,D,10,10,10,8055.672,396,10,1,0,B,16,16,0,1686.1150047217739,1182.953908782792,5636.6718635463285,4152.383654901273,1484.2882086450559,1980.0,389.0,50.0
A_boundary_random_n10,3,C3F,10,10,10,8151.672,412,10,1,0,B,0,0,0,,,5636.6718635463285,4152.383654901273,1484.2882086450559,2060.0,405.0,50.0
A_boundary_random_n10,4,B,10,10,10,9289.84,460,10,1,0,B,0,0,0,,,6497.84040411034,4081.871979393182,2415.9684247171617,2300.0,442.0,50.0
A_boundary_random_n10,4,C,10,10,10,8998.877,570,10,1,0,C,0,0,0,,,5532.877340985886,3663.471204411409,1869.4061365744756,2850.0,566.0,50.0
A_boundary_random_n10,4,BF,10,10,10,9289.84,460,10,1,0,B,0,0,0,,,6497.84040411034,4081.871979393182,2415.9684247171617,2300.0,442.0,50.0
A_boundary_random_n10,4,CF,10,10,10,8271.877,450,10,1,0,C,120,0,0,,,5532.877340985886,3663.471204411409,1869.4061365744756,2250.0,439.0,50.0
A_boundary_random_n10,4,D,10,10,10,9289.84,460,10,1,0,B,0,0,0,,815.556350112125,6497.84040411034,4081.871979393182,2415.9684247171617,2300.0,442.0,50.0
A_boundary_random_n10,4,C3F,10,10,10,9289.84,460,10,1,0,B,0,0,0,,,6497.84040411034,4081.871979393182,2415.9684247171617,2300.0,442.0,50.0
A_boundary_random_n10,5,B,10,10,10,9269.082,510,10,1,0,B,0,0,0,,,6174.081846859488,4111.318018205256,2062.763828654234,2550.0,495.0,50.0
A_boundary_random_n10,5,C,10,10,10,8617.853,506,10,1,0,C,0,0,0,,,5544.853062097405,3636.0690578097237,1908.7840042876821,2530.0,493.0,50.0
A_boundary_random_n10,5,BF,10,10,10,9140.082,490,10,1,0,B,20,0,0,,,6174.081846859488,4111.318018205256,2062.763828654234,2450.0,466.0,50.0
A_boundary_random_n10,5,CF,10,10,10,8181.853,434,10,1,0,C,72,0,0,,,5544.853062097405,3636.0690578097237,1908.7840042876821,2170.0,417.0,50.0
A_boundary_random_n10,5,D,10,10,10,9140.082,490,10,1,0,B,20,20,0,1830.9316178296745,1489.3915595290748,6174.081846859488,4111.318018205256,2062.763828654234,2450.0,466.0,50.0
A_boundary_random_n10,5,C3F,10,10,10,9269.082,510,10,1,0,B,0,0,0,,,6174.081846859488,4111.318018205256,2062.763828654234,2550.0,495.0,50.0
A_boundary_random_n10,6,B,10,10,10,8447.797,440,10,1,0,B,0,0,0,,,5762.797375522307,4116.323724947835,1646.4736505744731,2200.0,435.0,50.0
A_boundary_random_n10,6,C,10,10,10,8706.217,532,10,1,0,C,0,0,0,,,5480.217280194507,3645.8757879222844,1834.3414922722204,2660.0,516.0,50.0
A_boundary_random_n10,6,BF,10,10,10,8339.797,422,10,1,0,B,18,0,0,,,5762.797375522307,4116.323724947835,1646.4736505744731,2110.0,417.0,50.0
A_boundary_random_n10,6,CF,10,10,10,8324.217,468,10,1,0,C,64,0,0,,,5480.217280194507,3645.8757879222844,1834.3414922722204,2340.0,454.0,50.0
A_boundary_random_n10,6,D,10,10,10,8339.797,422,10,1,0,B,18,18,0,1555.8530739314033,1277.377479302699,5762.797375522307,4116.323724947835,1646.4736505744731,2110.0,417.0,50.0
A_boundary_random_n10,6,C3F,10,10,10,8447.797,440,10,1,0,B,0,0,0,,,5762.797375522307,4116.323724947835,1646.4736505744731,2200.0,435.0,50.0
A_boundary_random_n10,7,B,10,10,10,10163.352,548,10,1,0,B,0,0,0,,,6838.3523395839,4099.583232517902,2738.769107066001,2740.0,535.0,50.0
A_boundary_random_n10,7,C,10,10,10,8476.89,545,10,1,0,C,0,0,0,,,5168.890197502461,3648.0250965115138,1520.8651009909502,2725.0,533.0,50.0
A_boundary_random_n10,7,BF,10,10,10,9684.352,471,10,1,0,B,77,0,0,,,6838.3523395839,4099.583232517902,2738.769107066001,2355.0,441.0,50.0
A_boundary_random_n10,7,CF,10,10,10,7876.89,445,10,1,0,C,100,0,0,,,5168.890197502461,3648.0250965115138,1520.8651009909502,2225.0,433.0,50.0
A_boundary_random_n10,7,D,10,10,10,9684.352,471,10,1,0,B,77,77,0,1528.4267246052098,1476.935293754296,6838.3523395839,4099.583232517902,2738.769107066001,2355.0,441.0,50.0
A_boundary_random_n10,7,C3F,10,10,10,10163.352,548,10,1,0,B,0,0,0,,,6838.3523395839,4099.583232517902,2738.769107066001,2740.0,535.0,50.0
A_boundary_random_n10,8,B,10,10,10,8071.744,412,10,1,0,B,0,0,0,,,5554.743899965062,4095.2565595108736,1459.4873404541897,2060.0,407.0,50.0
A_boundary_random_n10,8,C,10,10,10,8097.214,486,10,1,0,C,0,0,0,,,5136.21360834459,3682.2481805776692,1453.9654277669201,2430.0,481.0,50.0
A_boundary_random_n10,8,BF,10,10,10,8071.744,412,10,1,0,B,0,0,0,,,5554.743899965062,4095.2565595108736,1459.4873404541897,2060.0,407.0,50.0
A_boundary_random_n10,8,CF,10,10,10,7673.214,415,10,1,0,C,71,0,0,,,5136.21360834459,3682.2481805776692,1453.9654277669201,2075.0,412.0,50.0
A_boundary_random_n10,8,D,10,10,10,8071.744,412,10,1,0,B,0,0,0,,880.8628322247791,5554.743899965062,4095.2565595108736,1459.4873404541897,2060.0,407.0,50.0
A_boundary_random_n10,8,C3F,10,10,10,8071.744,412,10,1,0,B,0,0,0,,,5554.743899965062,4095.2565595108736,1459.4873404541897,2060.0,407.0,50.0
A_boundary_random_n10,9,B,10,10,10,9159.117,475,10,1,0,B,0,0,0,,,6270.116597610129,4128.957332850386,2141.159264759743,2375.0,464.0,50.0
A_boundary_random_n10,9,C,10,10,10,9649.561,576,10,1,0,C,0,0,0,,,6149.561016559508,3655.19987251775,2494.3611440417603,2880.0,570.0,50.0
A_boundary_random_n10,9,BF,10,10,10,8977.117,445,10,1,0,B,30,0,0,,,6270.116597610129,4128.957332850386,2141.159264759743,2225.0,432.0,50.0
A_boundary_random_n10,9,CF,10,10,10,8960.561,462,10,1,0,C,115,0,0,,,6149.561016559508,3655.19987251775,2494.3611440417603,2310.0,451.0,50.0
A_boundary_random_n10,9,D,10,10,10,8977.117,445,10,1,0,B,30,30,0,1520.4214124953107,1425.3068062757009,6270.116597610129,4128.957332850386,2141.159264759743,2225.0,432.0,50.0
A_boundary_random_n10,9,C3F,10,10,10,9159.117,475,10,1,0,B,0,0,0,,,6270.116597610129,4128.957332850386,2141.159264759743,2375.0,464.0,50.0
A_boundary_random_n10,10,B,10,10,10,8966.101,466,10,1,0,B,0,0,0,,,6134.100792616188,4087.4225668993795,2046.678225716812,2330.0,452.0,50.0
A_boundary_random_n10,10,C,10,10,10,8725.751,582,10,1,0,C,0,0,0,,,5190.750510584692,3673.951730439804,1516.7987801448865,2910.0,575.0,50.0
A_boundary_random_n10,10,BF,10,10,10,8869.101,450,10,1,0,B,16,0,0,,,6134.100792616188,4087.4225668993795,2046.678225716812,2250.0,435.0,50.0
A_boundary_random_n10,10,CF,10,10,10,8089.751,476,10,1,0,C,106,0,0,,,5190.750510584692,3673.951730439804,1516.7987801448865,2380.0,469.0,50.0
A_boundary_random_n10,10,D,10,10,10,8869.101,450,10,1,0,B,16,16,0,1550.5846846804484,1483.614996111076,6134.100792616188,4087.4225668993795,2046.678225716812,2250.0,435.0,50.0
A_boundary_random_n10,10,C3F,10,10,10,8966.101,466,10,1,0,B,0,0,0,,,6134.100792616188,4087.4225668993795,2046.678225716812,2330.0,452.0,50.0
A_boundary_random_n10,11,B,10,10,10,8860.78,505,10,1,0,B,0,0,0,,,5787.779940224611,4105.630976634862,1682.148963589749,2525.0,498.0,50.0
A_boundary_random_n10,11,C,10,10,10,9680.954,665,10,1,0,C,0,0,0,,,5641.954403344663,3637.5231593432322,2004.4312440014291,3325.0,664.0,50.0
A_boundary_random_n10,11,BF,10,10,10,8631.78,467,10,1,0,B,38,0,0,,,5787.779940224611,4105.630976634862,1682.148963589749,2335.0,459.0,50.0
A_boundary_random_n10,11,CF,10,10,10,8620.954,491,10,1,0,C,174,0,0,,,5641.954403344663,3637.5231593432322,2004.4312440014291,2455.0,474.0,50.0
A_boundary_random_n10,11,D,10,10,10,8631.78,467,10,1,0,B,38,38,0,1555.853073931403,1389.0242974763187,5787.779940224611,4105.630976634862,1682.148963589749,2335.0,459.0,50.0
A_boundary_random_n10,11,C3F,10,10,10,8860.78,505,10,1,0,B,0,0,0,,,5787.779940224611,4105.630976634862,1682.148963589749,2525.0,498.0,50.0
A_boundary_random_n10,12,B,10,10,10,8809.628,465,10,1,0,B,0,0,0,,,5979.627824994467,4103.086107864071,1876.541717130397,2325.0,455.0,50.0
A_boundary_random_n10,12,C,10,10,10,9358.627,580,10,1,0,C,0,0,0,,,5840.62699774558,3630.4204476363157,2210.206550109267,2900.0,568.0,50.0
A_boundary_random_n10,12,BF,10,10,10,8695.628,446,10,1,0,B,19,0,0,,,5979.627824994467,4103.086107864071,1876.541717130397,2230.0,436.0,50.0
A_boundary_random_n10,12,CF,10,10,10,8730.627,476,10,1,0,C,104,0,0,,,5840.62699774558,3630.4204476363157,2210.206550109267,2380.0,460.0,50.0
A_boundary_random_n10,12,D,10,10,10,8695.628,446,10,1,0,B,19,19,0,1566.5109026993034,1414.40015965682,5979.627824994467,4103.086107864071,1876.541717130397,2230.0,436.0,50.0
A_boundary_random_n10,12,C3F,10,10,10,8809.628,465,10,1,0,B,0,0,0,,,5979.627824994467,4103.086107864071,1876.541717130397,2325.0,455.0,50.0
A_boundary_random_n10,13,B,10,10,10,9397.19,483,10,1,0,B,0,0,0,,,6473.1901010671945,4104.100654998164,2369.0894460690324,2415.0,459.0,50.0
A_boundary_random_n10,13,C,10,10,10,8921.87,556,10,1,0,C,0,0,0,,,5539.869965470247,3672.7238913868314,1867.1460740834166,2780.0,552.0,50.0
A_boundary_random_n10,13,BF,10,10,10,9260.19,460,10,1,0,B,23,0,0,,,6473.1901010671945,4104.100654998164,2369.0894460690324,2300.0,437.0,50.0
A_boundary_random_n10,13,CF,10,10,10,8389.87,469,10,1,0,C,87,0,0,,,5539.869965470247,3672.7238913868314,1867.1460740834166,2345.0,455.0,50.0
A_boundary_random_n10,13,D,10,10,10,9260.19,460,10,1,0,B,23,23,0,1711.9729467280765,1466.1012191873263,6473.1901010671945,4104.100654998164,2369.0894460690324,2300.0,437.0,50.0
A_boundary_random_n10,13,C3F,10,10,10,9397.19,483,10,1,0,B,0,0,0,,,6473.1901010671945,4104.100654998164,2369.0894460690324,2415.0,459.0,50.0
A_boundary_random_n10,14,B,10,10,10,9353.816,507,10,1,0,B,0,0,0,,,6274.816374891041,4142.12462887723,2132.6917460138143,2535.0,494.0,50.0
A_boundary_random_n10,14,C,10,10,10,7931.769,499,10,1,0,C,0,0,0,,,4896.769132757647,3724.157086321462,1172.6120464361861,2495.0,490.0,50.0
A_boundary_random_n10,14,BF,10,10,10,9129.816,470,10,1,0,B,37,0,0,,,6274.816374891041,4142.12462887723,2132.6917460138143,2350.0,455.0,50.0
A_boundary_random_n10,14,CF,10,10,10,7552.769,436,10,1,0,C,63,0,0,,,4896.769132757647,3724.157086321462,1172.6120464361861,2180.0,426.0,50.0
A_boundary_random_n10,14,D,10,10,10,9129.816,470,10,1,0,B,37,37,0,1546.5933506199176,1498.351640656944,6274.816374891041,4142.12462887723,2132.6917460138143,2350.0,455.0,50.0
A_boundary_random_n10,14,C3F,10,10,10,9353.816,507,10,1,0,B,0,0,0,,,6274.816374891041,4142.12462887723,2132.6917460138143,2535.0,494.0,50.0
A_boundary_random_n10,15,B,10,10,10,9162.195,452,10,1,0,B,0,0,0,,,6414.194846461342,4110.471191669124,2303.723654792218,2260.0,438.0,50.0
A_boundary_random_n10,15,C,10,10,10,9399.778,586,10,1,0,C,0,0,0,,,5840.777581548693,3662.6455470955198,2178.132034453173,2930.0,579.0,50.0
A_boundary_random_n10,15,BF,10,10,10,9028.195,430,10,1,0,B,22,0,0,,,6414.194846461342,4110.471191669124,2303.723654792218,2150.0,414.0,50.0
A_boundary_random_n10,15,CF,10,10,10,8765.778,482,10,1,0,C,104,0,0,,,5840.777581548693,3662.6455470955198,2178.132034453173,2410.0,465.0,50.0
A_boundary_random_n10,15,D,10,10,10,9028.195,430,10,1,0,B,22,22,0,1516.3038170140148,1251.1070752891117,6414.194846461342,4110.471191669124,2303.723654792218,2150.0,414.0,50.0
A_boundary_random_n10,15,C3F,10,10,10,9162.195,452,10,1,0,B,0,0,0,,,6414.194846461342,4110.471191669124,2303.723654792218,2260.0,438.0,50.0
A_boundary_random_n10,16,B,10,10,10,8803.122,488,10,1,0,B,0,0,0,,,5833.12172286195,4115.972249126801,1717.1494737351497,2440.0,480.0,50.0
A_boundary_random_n10,16,C,10,10,10,9067.572,607,10,1,0,C,0,0,0,,,5384.572063383145,3691.259786064,1693.312277319148,3035.0,598.0,50.0
A_boundary_random_n10,16,BF,10,10,10,8690.122,469,10,1,0,B,19,0,0,,,5833.12172286195,4115.972249126801,1717.1494737351497,2345.0,462.0,50.0
A_boundary_random_n10,16,CF,10,10,10,8208.572,465,10,1,0,C,142,0,0,,,5384.572063383145,3691.259786064,1693.312277319148,2325.0,449.0,50.0
A_boundary_random_n10,16,D,10,10,10,8690.122,469,10,1,0,B,19,19,0,1549.664221172822,1447.887522123103,5833.12172286195,4115.972249126801,1717.1494737351497,2345.0,462.0,50.0
A_boundary_random_n10,16,C3F,10,10,10,8803.122,488,10,1,0,B,0,0,0,,,5833.12172286195,4115.972249126801,1717.1494737351497,2440.0,480.0,50.0
A_boundary_random_n10,17,B,10,10,10,9131.197,516,10,1,0,B,0,0,0,,,5991.196902803667,4121.76595743853,1869.4309453651388,2580.0,510.0,50.0
A_boundary_random_n10,17,C,10,10,10,9383.325,614,10,1,0,C,0,0,0,,,5653.325382734694,3680.5295236863553,1972.7958590483393,3070.0,610.0,50.0
A_boundary_random_n10,17,BF,10,10,10,8869.197,472,10,1,0,B,44,0,0,,,5991.196902803667,4121.76595743853,1869.4309453651388,2360.0,468.0,50.0
A_boundary_random_n10,17,CF,10,10,10,8664.325,496,10,1,0,C,118,0,0,,,5653.325382734694,3680.5295236863553,1972.7958590483393,2480.0,481.0,50.0
A_boundary_random_n10,17,D,10,10,10,8869.197,472,10,1,0,B,44,44,0,1548.473473853691,1444.836367556731,5991.196902803667,4121.76595743853,1869.4309453651388,2360.0,468.0,50.0
A_boundary_random_n10,17,C3F,10,10,10,9131.197,516,10,1,0,B,0,0,0,,,5991.196902803667,4121.76595743853,1869.4309453651388,2580.0,510.0,50.0
A_boundary_random_n10,18,B,10,10,10,8680.696,444,10,1,0,B,0,0,0,,,5977.696176656379,4088.8665625075932,1888.8296141487858,2220.0,433.0,50.0
A_boundary_random_n10,18,C,10,10,10,9007.171,560,10,1,0,C,0,0,0,,,5603.1709083712,3660.5023287210574,1942.668579650145,2800.0,554.0,50.0
A_boundary_random_n10,18,BF,10,10,10,8529.696,418,10,1,0,B,26,0,0,,,5977.696176656379,4088.8665625075932,1888.8296141487858,2090.0,412.0,50.0
A_boundary_random_n10,18,CF,10,10,10,8311.171,445,10,1,0,C,115,0,0,,,5603.1709083712,3660.5023287210574,1942.668579650145,2225.0,433.0,50.0
A_boundary_random_n10,18,D,10,10,10,8529.696,418,10,1,0,B,26,26,0,1539.7517251850045,1440.8899665903475,5977.696176656379,4088.8665625075932,1888.8296141487858,2090.0,412.0,50.0
A_boundary_random_n10,18,C3F,10,10,10,8680.696,444,10,1,0,B,0,0,0,,,5977.696176656379,4088.8665625075932,1888.8296141487858,2220.0,433.0,50.0
A_boundary_random_n10,19,B,10,10,10,9195.591,527,10,1,0,B,0,0,0,,,5991.59076577171,4092.2133513498566,1899.3774144218523,2635.0,519.0,50.0
A_boundary_random_n10,19,C,10,10,10,9013.071,555,10,1,0,C,0,0,0,,,5639.071231287706,3644.019115737438,1995.0521155502663,2775.0,549.0,50.0
A_boundary_random_n10,19,BF,10,10,10,8880.591,475,10,1,0,B,52,0,0,,,5991.59076577171,4092.2133513498566,1899.3774144218523,2375.0,464.0,50.0
A_boundary_random_n10,19,CF,10,10,10,8318.071,439,10,1,0,C,116,0,0,,,5639.071231287706,3644.019115737438,1995.0521155502663,2195.0,434.0,50.0
A_boundary_random_n10,19,D,10,10,10,8880.591,475,10,1,0,B,52,52,0,1521.3359152448809,1389.0242974763144,5991.59076577171,4092.2133513498566,1899.3774144218523,2375.0,464.0,50.0
A_boundary_random_n10,19,C3F,10,10,10,9195.591,527,10,1,0,B,0,0,0,,,5991.59076577171,4092.2133513498566,1899.3774144218523,2635.0,519.0,50.0
A_boundary_random_n10,20,B,10,10,10,8959.187,447,10,1,0,B,0,0,0,,,6238.187420079146,4094.723062117103,2143.4643579620433,2235.0,436.0,50.0
A_boundary_random_n10,20,C,10,10,10,8971.815,549,10,1,0,C,0,0,0,,,5631.815489746089,3638.4149650177305,1993.4005247283585,2745.0,545.0,50.0
A_boundary_random_n10,20,BF,10,10,10,8959.187,447,10,1,0,B,0,0,0,,,6238.187420079146,4094.723062117103,2143.4643579620433,2235.0,436.0,50.0
A_boundary_random_n10,20,CF,10,10,10,8270.815,433,10,1,0,C,116,0,0,,,5631.815489746089,3638.4149650177305,1993.4005247283585,2165.0,424.0,50.0
A_boundary_random_n10,20,D,10,10,10,8959.187,447,10,1,0,B,0,0,0,,1109.5371050066685,6238.187420079146,4094.723062117103,2143.4643579620433,2235.0,436.0,50.0
A_boundary_random_n10,20,C3F,10,10,10,8959.187,447,10,1,0,B,0,0,0,,,6238.187420079146,4094.723062117103,2143.4643579620433,2235.0,436.0,50.0
A_boundary_random_n10,21,B,10,10,10,8743.05,492,10,1,0,B,0,0,0,,,5747.050075914897,4123.169116412208,1623.8809595026908,2460.0,486.0,50.0
A_boundary_random_n10,21,C,10,10,10,8459.383,535,10,1,0,C,0,0,0,,,5201.383023029783,3669.716683889053,1531.6663391407308,2675.0,533.0,50.0
A_boundary_random_n10,21,BF,10,10,10,8580.05,466,10,1,0,B,28,0,0,,,5747.050075914897,4123.169116412208,1623.8809595026908,2330.0,453.0,50.0
A_boundary_random_n10,21,CF,10,10,10,7930.383,447,10,1,0,C,88,0,0,,,5201.383023029783,3669.716683889053,1531.6663391407308,2235.0,444.0,50.0
A_boundary_random_n10,21,D,10,10,10,8580.05,466,10,1,0,B,28,28,0,1527.092196100667,1440.8899665903448,5747.050075914897,4123.169116412208,1623.8809595026908,2330.0,453.0,50.0
A_boundary_random_n10,21,C3F,10,10,10,8743.05,492,10,1,0,B,0,0,0,,,5747.050075914897,4123.169116412208,1623.8809595026908,2460.0,486.0,50.0
A_boundary_random_n10,22,B,10,10,10,10780.941,645,10,1,0,B,0,0,0,,,6870.940548639674,4081.871979393182,2789.06856924649,3225.0,635.0,50.0
A_boundary_random_n10,22,C,10,10,10,9393.075,613,10,1,0,C,0,0,0,,,5667.074716642328,3638.4455901790507,2028.6291264632755,3065.0,611.0,50.0
A_boundary_random_n10,22,BF,10,10,10,9899.941,502,10,1,0,B,143,0,0,,,6870.940548639674,4081.871979393182,2789.06856924649,2510.0,469.0,50.0
A_boundary_random_n10,22,CF,10,10,10,8891.075,530,10,1,0,C,83,0,0,,,5667.074716642328,3638.4455901790507,2028.6291264632755,2650.0,524.0,50.0
A_boundary_random_n10,22,D,10,10,10,9899.941,502,10,1,0,B,143,143,0,1541.1894171663741,1465.2308184765436,6870.940548639674,4081.871979393182,2789.06856924649,2510.0,469.0,50.0
A_boundary_random_n10,22,C3F,10,10,10,10780.941,645,10,1,0,B,0,0,0,,,6870.940548639674,4081.871979393182,2789.06856924649,3225.0,635.0,50.0
A_boundary_random_n10,23,B,10,10,10,9228.109,495,10,1,0,B,0,0,0,,,6210.108574234511,4114.847772084706,2095.2608021498063,2475.0,493.0,50.0
A_boundary_random_n10,23,C,10,10,10,9021.621,538,10,1,0,C,0,0,0,,,5756.620701724754,3683.432577798341,2073.188123926413,2690.0,525.0,50.0
A_boundary_random_n10,23,BF,10,10,10,9120.109,477,10,1,0,B,18,0,0,,,6210.108574234511,4114.847772084706,2095.2608021498063,2385.0,475.0,50.0
A_boundary_random_n10,23,CF,10,10,10,8466.621,445,10,1,0,C,93,0,0,,,5756.620701724754,3683.432577798341,2073.188123926413,2225.0,435.0,50.0
A_boundary_random_n10,23,D,10,10,10,9120.109,477,10,1,0,B,18,18,0,1539.7517251850056,1487.0206621582122,6210.108574234511,4114.847772084706,2095.2608021498063,2385.0,475.0,50.0
A_boundary_random_n10,23,C3F,10,10,10,9228.109,495,10,1,0,B,0,0,0,,,6210.108574234511,4114.847772084706,2095.2608021498063,2475.0,493.0,50.0
A_boundary_random_n10,24,B,10,10,10,7821.026,419,10,1,0,B,0,0,0,,,5262.025623059307,4109.084522983648,1152.9411000756604,2095.0,414.0,50.0
A_boundary_random_n10,24,C,10,10,10,8430.137,502,10,1,0,C,0,0,0,,,5372.136970434548,3688.857488867917,1683.2794815666293,2510.0,498.0,50.0
A_boundary_random_n10,24,BF,10,10,10,7821.026,419,10,1,0,B,0,0,0,,,5262.025623059307,4109.084522983648,1152.9411000756604,2095.0,414.0,50.0
A_boundary_random_n10,24,CF,10,10,10,7963.137,424,10,1,0,C,78,0,0,,,5372.136970434548,3688.857488867917,1683.2794815666293,2120.0,421.0,50.0
A_boundary_random_n10,24,D,10,10,10,7821.026,419,10,1,0,B,0,0,0,,958.7007023791966,5262.025623059307,4109.084522983648,1152.9411000756604,2095.0,414.0,50.0
A_boundary_random_n10,24,C3F,10,10,10,7821.026,419,10,1,0,B,0,0,0,,,5262.025623059307,4109.084522983648,1152.9411000756604,2095.0,414.0,50.0
A_boundary_random_n10,25,B,10,10,10,9392.542,522,10,1,0,B,0,0,0,,,6225.542041676362,4090.718357786411,2134.82368388995,2610.0,507.0,50.0
A_boundary_random_n10,25,C,10,10,10,9251.469,589,10,1,0,C,0,0,0,,,5669.469013160233,3632.619228997489,2036.8497841627427,2945.0,587.0,50.0
A_boundary_random_n10,25,BF,10,10,10,9056.542,466,10,1,0,B,56,0,0,,,6225.542041676362,4090.718357786411,2134.82368388995,2330.0,451.0,50.0
A_boundary_random_n10,25,CF,10,10,10,8396.469,448,10,1,0,C,141,0,0,,,5669.469013160233,3632.619228997489,2036.8497841627427,2240.0,437.0,50.0
A_boundary_random_n10,25,D,10,10,10,9056.542,466,10,1,0,B,56,56,0,1539.7517251850072,1340.0801799092042,6225.542041676362,4090.718357786411,2134.82368388995,2330.0,451.0,50.0
A_boundary_random_n10,25,C3F,10,10,10,9392.542,522,10,1,0,B,0,0,0,,,6225.542041676362,4090.718357786411,2134.82368388995,2610.0,507.0,50.0
A_boundary_outward_n10,1,B,10,10,10,8682.541,479,10,1,0,B,0,0,0,,,5772.5412770497915,4104.83329246825,1667.707984581541,2395.0,465.0,50.0
A_boundary_outward_n10,1,C,10,10,10,11725.769,793,10,1,0,C,0,0,0,,,6923.7693006706495,3658.204547290939,3265.564753379712,3965.0,787.0,50.0
A_boundary_outward_n10,1,BF,10,10,10,8492.541,447,10,1,0,B,32,0,0,,,5772.5412770497915,4104.83329246825,1667.707984581541,2235.0,435.0,50.0
A_boundary_outward_n10,1,CF,10,10,10,10734.769,628,10,1,0,C,165,0,0,,,6923.7693006706495,3658.204547290939,3265.564753379712,3140.0,621.0,50.0
A_boundary_outward_n10,1,D,10,10,10,8492.541,447,10,1,0,B,32,32,0,1582.6548758203064,1487.3885893861598,5772.5412770497915,4104.83329246825,1667.707984581541,2235.0,435.0,50.0
A_boundary_outward_n10,1,C3F,10,10,10,8682.541,479,10,1,0,B,0,0,0,,,5772.5412770497915,4104.83329246825,1667.707984581541,2395.0,465.0,50.0
A_boundary_outward_n10,2,B,10,10,10,8236.658,411,10,1,0,B,0,0,0,,,5721.65808171753,4173.960563847437,1547.697517870093,2055.0,410.0,50.0
A_boundary_outward_n10,2,C,10,10,10,10968.684,712,10,1,0,C,0,0,0,,,6659.684315484626,3666.9345999836337,2992.7497155009964,3560.0,699.0,50.0
A_boundary_outward_n10,2,BF,10,10,10,8236.658,411,10,1,0,B,0,0,0,,,5721.65808171753,4173.960563847437,1547.697517870093,2055.0,410.0,50.0
A_boundary_outward_n10,2,CF,10,10,10,10402.684,622,10,1,0,C,90,0,0,,,6659.684315484626,3666.9345999836337,2992.7497155009964,3110.0,583.0,50.0
A_boundary_outward_n10,2,D,10,10,10,8236.658,411,10,1,0,B,0,0,0,,1103.5313063772032,5721.65808171753,4173.960563847437,1547.697517870093,2055.0,410.0,50.0
A_boundary_outward_n10,2,C3F,10,10,10,8236.658,411,10,1,0,B,0,0,0,,,5721.65808171753,4173.960563847437,1547.697517870093,2055.0,410.0,50.0
A_boundary_outward_n10,3,B,10,10,10,9250.31,452,10,1,0,B,0,0,0,,,6507.310379070718,4091.05356325844,2416.2568158122785,2260.0,433.0,50.0
A_boundary_outward_n10,3,C,10,10,10,11723.861,851,10,1,0,C,0,0,0,,,6582.861129331289,3629.5264323263946,2953.3346970048915,4255.0,836.0,50.0
A_boundary_outward_n10,3,BF,10,10,10,9239.31,450,10,1,0,B,2,0,0,,,6507.310379070718,4091.05356325844,2416.2568158122785,2250.0,432.0,50.0
A_boundary_outward_n10,3,CF,10,10,10,10398.861,631,10,1,0,C,220,0,0,,,6582.861129331289,3629.5264323263946,2953.3346970048915,3155.0,611.0,50.0
A_boundary_outward_n10,3,D,10,10,10,9239.31,450,10,1,0,B,2,2,0,1823.7471791596934,979.6492899701228,6507.310379070718,4091.05356325844,2416.2568158122785,2250.0,432.0,50.0
A_boundary_outward_n10,3,C3F,10,10,10,9250.31,452,10,1,0,B,0,0,0,,,6507.310379070718,4091.05356325844,2416.2568158122785,2260.0,433.0,50.0
A_boundary_outward_n10,4,B,10,10,10,8358.658,419,10,1,0,B,0,0,0,,,5801.657970142076,4099.502040840092,1702.1559293019852,2095.0,412.0,50.0
A_boundary_outward_n10,4,C,10,10,10,10356.789,724,10,1,0,C,0,0,0,,,5964.788954919748,3645.802372922895,2318.986581996856,3620.0,722.0,50.0
A_boundary_outward_n10,4,BF,10,10,10,8274.658,405,10,1,0,B,14,0,0,,,5801.657970142076,4099.502040840092,1702.1559293019852,2025.0,398.0,50.0
A_boundary_outward_n10,4,CF,10,10,10,9385.789,564,10,1,0,C,160,0,0,,,5964.788954919748,3645.802372922895,2318.986581996856,2820.0,551.0,50.0
A_boundary_outward_n10,4,D,10,10,10,8274.658,405,10,1,0,B,14,14,0,1560.4990582021937,1427.8502651977217,5801.657970142076,4099.502040840092,1702.1559293019852,2025.0,398.0,50.0
A_boundary_outward_n10,4,C3F,10,10,10,8358.658,419,10,1,0,B,0,0,0,,,5801.657970142076,4099.502040840092,1702.1559293019852,2095.0,412.0,50.0
A_boundary_outward_n10,5,B,10,10,10,8546.611,438,10,1,0,B,0,0,0,,,5886.610769249642,4127.234175643638,1759.3765936060051,2190.0,420.0,50.0
A_boundary_outward_n10,5,C,10,10,10,11658.841,789,10,1,0,C,0,0,0,,,6886.841120635892,3630.370843351735,3256.470277284156,3945.0,777.0,50.0
A_boundary_outward_n10,5,BF,10,10,10,8338.611,403,10,1,0,B,35,0,0,,,5886.610769249642,4127.234175643638,1759.3765936060051,2015.0,387.0,50.0
A_boundary_outward_n10,5,CF,10,10,10,10701.841,630,10,1,0,C,159,0,0,,,6886.841120635892,3630.370843351735,3256.470277284156,3150.0,615.0,50.0
A_boundary_outward_n10,5,D,10,10,10,8338.611,403,10,1,0,B,35,35,0,1503.1264566725304,1472.1778661677752,5886.610769249642,4127.234175643638,1759.3765936060051,2015.0,387.0,50.0
A_boundary_outward_n10,5,C3F,10,10,10,8546.611,438,10,1,0,B,0,0,0,,,5886.610769249642,4127.234175643638,1759.3765936060051,2190.0,420.0,50.0
A_boundary_outward_n10,6,B,10,10,10,9853.092,502,10,1,0,B,0,0,0,,,6810.0922168497755,4107.829250719295,2702.262966130481,2510.0,483.0,50.0
A_boundary_outward_n10,6,C,10,10,10,11311.988,781,10,1,0,C,0,0,0,,,6587.988226396829,3631.921298234749,2956.066928162084,3905.0,769.0,50.0
A_boundary_outward_n10,6,BF,10,10,10,9573.092,455,10,1,0,B,47,0,0,,,6810.0922168497755,4107.829250719295,2702.262966130481,2275.0,438.0,50.0
A_boundary_outward_n10,6,CF,10,10,10,10096.988,581,10,1,0,C,200,0,0,,,6587.988226396829,3631.921298234749,2956.066928162084,2905.0,554.0,50.0
A_boundary_outward_n10,6,D,10,10,10,9573.092,455,10,1,0,B,47,47,0,1504.708712616308,1484.5639827727189,6810.0922168497755,4107.829250719295,2702.262966130481,2275.0,438.0,50.0
A_boundary_outward_n10,6,C3F,10,10,10,9853.092,502,10,1,0,B,0,0,0,,,6810.0922168497755,4107.829250719295,2702.262966130481,2510.0,483.0,50.0
A_boundary_outward_n10,7,B,10,10,10,9399.076,467,10,1,0,B,0,0,0,,,6549.0764063098395,4111.929426881056,2437.1469794287864,2335.0,465.0,50.0
A_boundary_outward_n10,7,C,10,10,10,11705.68,819,10,1,0,C,0,0,0,,,6746.679785488663,3679.834468600102,3066.845316888561,4095.0,814.0,50.0
A_boundary_outward_n10,7,BF,10,10,10,9343.076,458,10,1,0,B,9,0,0,,,6549.0764063098395,4111.929426881056,2437.1469794287864,2290.0,454.0,50.0
A_boundary_outward_n10,7,CF,10,10,10,10319.68,591,10,1,0,C,228,0,0,,,6746.679785488663,3679.834468600102,3066.845316888561,2955.0,568.0,50.0
A_boundary_outward_n10,7,D,10,10,10,9343.076,458,10,1,0,B,9,9,0,1562.9376896682588,1494.6231148969073,6549.0764063098395,4111.929426881056,2437.1469794287864,2290.0,454.0,50.0
A_boundary_outward_n10,7,C3F,10,10,10,9399.076,467,10,1,0,B,0,0,0,,,6549.0764063098395,4111.929426881056,2437.1469794287864,2335.0,465.0,50.0
A_boundary_outward_n10,8,B,10,10,10,8494.697,449,10,1,0,B,0,0,0,,,5754.697299357304,4081.976252847626,1672.721046509678,2245.0,445.0,50.0
A_boundary_outward_n10,8,C,10,10,10,9752.38,652,10,1,0,C,0,0,0,,,5791.379985628396,3687.238621220466,2104.1413644079294,3260.0,651.0,50.0
A_boundary_outward_n10,8,BF,10,10,10,8320.697,420,10,1,0,B,29,0,0,,,5754.697299357304,4081.976252847626,1672.721046509678,2100.0,416.0,50.0
A_boundary_outward_n10,8,CF,10,10,10,9019.38,530,10,1,0,C,122,0,0,,,5791.379985628396,3687.238621220466,2104.1413644079294,2650.0,528.0,50.0
A_boundary_outward_n10,8,D,10,10,10,8320.697,420,10,1,0,B,29,29,0,1524.7818391231785,1357.861023147458,5754.697299357304,4081.976252847626,1672.721046509678,2100.0,416.0,50.0
A_boundary_outward_n10,8,C3F,10,10,10,8494.697,449,10,1,0,B,0,0,0,,,5754.697299357304,4081.976252847626,1672.721046509678,2245.0,445.0,50.0
A_boundary_outward_n10,9,B,10,10,10,9484.615,475,10,1,0,B,0,0,0,,,6615.614981806476,4093.7863276292287,2521.828654177246,2375.0,444.0,50.0
A_boundary_outward_n10,9,C,10,10,10,13476.137,1041,10,1,0,C,0,0,0,,,7192.136770935292,3630.3729648156655,3561.7638061196308,5205.0,1029.0,50.0
A_boundary_outward_n10,9,BF,10,10,10,9298.615,444,10,1,0,B,31,0,0,,,6615.614981806476,4093.7863276292287,2521.828654177246,2220.0,413.0,50.0
A_boundary_outward_n10,9,CF,10,10,10,11635.137,735,10,1,0,C,306,0,0,,,7192.136770935292,3630.3729648156655,3561.7638061196308,3675.0,718.0,50.0
A_boundary_outward_n10,9,D,10,10,10,9298.615,444,10,1,0,B,31,31,0,1545.6834261418553,1494.0822332006799,6615.614981806476,4093.7863276292287,2521.828654177246,2220.0,413.0,50.0
A_boundary_outward_n10,9,C3F,10,10,10,9484.615,475,10,1,0,B,0,0,0,,,6615.614981806476,4093.7863276292287,2521.828654177246,2375.0,444.0,50.0
A_boundary_outward_n10,10,B,10,10,10,9066.379,468,10,1,0,B,0,0,0,,,6221.379038492818,4086.9204915993464,2134.4585468934715,2340.0,455.0,50.0
A_boundary_outward_n10,10,C,10,10,10,11783.596,820,10,1,0,C,0,0,0,,,6817.595739634616,3682.1662343228127,3135.4295053118035,4100.0,816.0,50.0
A_boundary_outward_n10,10,BF,10,10,10,8976.379,453,10,1,0,B,15,0,0,,,6221.379038492818,4086.9204915993464,2134.4585468934715,2265.0,440.0,50.0
A_boundary_outward_n10,10,CF,10,10,10,10248.596,568,10,1,0,C,252,0,0,,,6817.595739634616,3682.1662343228127,3135.4295053118035,2840.0,541.0,50.0
A_boundary_outward_n10,10,D,10,10,10,8976.379,453,10,1,0,B,15,15,0,1617.00224577563,1363.240025123153,6221.379038492818,4086.9204915993464,2134.4585468934715,2265.0,440.0,50.0
A_boundary_outward_n10,10,C3F,10,10,10,9066.379,468,10,1,0,B,0,0,0,,,6221.379038492818,4086.9204915993464,2134.4585468934715,2340.0,455.0,50.0
A_boundary_outward_n10,11,B,10,10,10,9717.536,476,10,1,0,B,0,0,0,,,6834.536444856702,4115.139875526675,2719.396569330029,2380.0,453.0,50.0
A_boundary_outward_n10,11,C,10,10,10,14595.037,1070,10,1,0,C,0,0,0,,,8132.037059676116,3643.1426114683136,4488.894448207805,5350.0,1063.0,50.0
A_boundary_outward_n10,11,BF,10,10,10,9588.536,454,10,1,0,B,22,0,0,,,6834.536444856702,4115.139875526675,2719.396569330029,2270.0,434.0,50.0
A_boundary_outward_n10,11,CF,10,10,10,12298.037,688,10,1,0,C,382,0,0,,,8132.037059676116,3643.1426114683136,4488.894448207805,3440.0,676.0,50.0
A_boundary_outward_n10,11,D,10,10,10,9588.536,454,10,1,0,B,22,22,0,1506.8719486150683,1324.9748379442358,6834.536444856702,4115.139875526675,2719.396569330029,2270.0,434.0,50.0
A_boundary_outward_n10,11,C3F,10,10,10,9717.536,476,10,1,0,B,0,0,0,,,6834.536444856702,4115.139875526675,2719.396569330029,2380.0,453.0,50.0
A_boundary_outward_n10,12,B,10,10,10,9000.368,433,10,1,0,B,0,0,0,,,6382.367636273932,4137.230287475982,2245.137348797949,2165.0,403.0,50.0
A_boundary_outward_n10,12,C,10,10,10,11903.345,913,10,1,0,C,0,0,0,,,6377.344876489278,3655.0955505999455,2722.2493258893346,4565.0,911.0,50.0
A_boundary_outward_n10,12,BF,10,10,10,8928.368,421,10,1,0,B,12,0,0,,,6382.367636273932,4137.230287475982,2245.137348797949,2105.0,391.0,50.0
A_boundary_outward_n10,12,CF,10,10,10,10200.345,632,10,1,0,C,281,0,0,,,6377.344876489278,3655.0955505999455,2722.2493258893346,3160.0,613.0,50.0
A_boundary_outward_n10,12,D,10,10,10,8928.368,421,10,1,0,B,12,12,0,1689.9452720916017,1495.6591276610666,6382.367636273932,4137.230287475982,2245.137348797949,2105.0,391.0,50.0
A_boundary_outward_n10,12,C3F,10,10,10,9000.368,433,10,1,0,B,0,0,0,,,6382.367636273932,4137.230287475982,2245.137348797949,2165.0,403.0,50.0
A_boundary_outward_n10,13,B,10,10,10,9412.924,463,10,1,0,B,0,0,0,,,6597.92430232006,4106.194284623251,2491.730017696809,2315.0,450.0,50.0
A_boundary_outward_n10,13,C,10,10,10,12264.644,799,10,1,0,C,0,0,0,,,7427.644405237364,3629.5264323263946,3798.11797291097,3995.0,792.0,50.0
A_boundary_outward_n10,13,BF,10,10,10,9322.924,448,10,1,0,B,15,0,0,,,6597.92430232006,4106.194284623251,2491.730017696809,2240.0,435.0,50.0
A_boundary_outward_n10,13,CF,10,10,10,11092.644,606,10,1,0,C,193,0,0,,,7427.644405237364,3629.5264323263946,3798.11797291097,3030.0,585.0,50.0
A_boundary_outward_n10,13,D,10,10,10,9322.924,448,10,1,0,B,15,15,0,1552.124719202132,1439.3997256521573,6597.92430232006,4106.194284623251,2491.730017696809,2240.0,435.0,50.0
A_boundary_outward_n10,13,C3F,10,10,10,9412.924,463,10,1,0,B,0,0,0,,,6597.92430232006,4106.194284623251,2491.730017696809,2315.0,450.0,50.0
A_boundary_outward_n10,14,B,10,10,10,8489.601,437,10,1,0,B,0,0,0,,,5830.600941097365,4082.2095814123786,1748.391359684988,2185.0,424.0,50.0
A_boundary_outward_n10,14,C,10,10,10,11334.153,825,10,1,0,C,0,0,0,,,6348.1527465686095,3664.191738477622,2683.96100809099,4125.0,811.0,50.0
A_boundary_outward_n10,14,BF,10,10,10,8489.601,437,10,1,0,B,0,0,0,,,5830.600941097365,4082.2095814123786,1748.391359684988,2185.0,424.0,50.0
A_boundary_outward_n10,14,CF,10,10,10,10215.153,639,10,1,0,C,186,0,0,,,6348.1527465686095,3664.191738477622,2683.96100809099,3195.0,622.0,50.0
A_boundary_outward_n10,14,D,10,10,10,8489.601,437,10,1,0,B,0,0,0,,1463.1011183768617,5830.600941097365,4082.2095814123786,1748.391359684988,2185.0,424.0,50.0
A_boundary_outward_n10,14,C3F,10,10,10,8489.601,437,10,1,0,B,0,0,0,,,5830.600941097365,4082.2095814123786,1748.391359684988,2185.0,424.0,50.0
A_boundary_outward_n10,15,B,10,10,10,10080.526,559,10,1,0,B,0,0,0,,,6704.525890449796,4089.5574847015773,2614.968405748221,2795.0,531.0,50.0
A_boundary_outward_n10,15,C,10,10,10,12595.762,906,10,1,0,C,0,0,0,,,7119.761671510637,3630.3955289343317,3489.366142576307,4530.0,896.0,50.0
A_boundary_outward_n10,15,BF,10,10,10,9702.526,497,10,1,0,B,62,0,0,,,6704.525890449796,4089.5574847015773,2614.968405748221,2485.0,463.0,50.0
A_boundary_outward_n10,15,CF,10,10,10,11190.762,673,10,1,0,C,233,0,0,,,7119.761671510637,3630.3955289343317,3489.366142576307,3365.0,656.0,50.0
A_boundary_outward_n10,15,D,10,10,10,9702.526,497,10,1,0,B,62,62,0,1503.6673523294992,1426.2623123959768,6704.525890449796,4089.5574847015773,2614.968405748221,2485.0,463.0,50.0
A_boundary_outward_n10,15,C3F,10,10,10,10080.526,559,10,1,0,B,0,0,0,,,6704.525890449796,4089.5574847015773,2614.968405748221,2795.0,531.0,50.0
A_boundary_outward_n10,16,B,10,10,10,7865.006,413,10,1,0,B,0,0,0,,,5342.006173568948,4140.1652825339825,1201.8408910349663,2065.0,408.0,50.0
A_boundary_outward_n10,16,C,10,10,10,11253.143,849,10,1,0,C,0,0,0,,,6122.1430639478285,3641.321543817387,2480.821520130443,4245.0,836.0,50.0
A_boundary_outward_n10,16,BF,10,10,10,7865.006,413,10,1,0,B,0,0,0,,,5342.006173568948,4140.1652825339825,1201.8408910349663,2065.0,408.0,50.0
A_boundary_outward_n10,16,CF,10,10,10,9730.143,597,10,1,0,C,252,0,0,,,6122.1430639478285,3641.321543817387,2480.821520130443,2985.0,573.0,50.0
A_boundary_outward_n10,16,D,10,10,10,7865.006,413,10,1,0,B,0,0,0,,1138.8402632010564,5342.006173568948,4140.1652825339825,1201.8408910349663,2065.0,408.0,50.0
A_boundary_outward_n10,16,C3F,10,10,10,7865.006,413,10,1,0,B,0,0,0,,,5342.006173568948,4140.1652825339825,1201.8408910349663,2065.0,408.0,50.0
A_boundary_outward_n10,17,B,10,10,10,9211.261,486,10,1,0,B,0,0,0,,,6259.261061005873,4098.514029603772,2160.7470314021025,2430.0,472.0,50.0
A_boundary_outward_n10,17,C,10,10,10,13029.16,870,10,1,0,C,0,0,0,,,7777.160437777462,3632.297733570313,4144.862704207155,4350.0,852.0,50.0
A_boundary_outward_n10,17,BF,10,10,10,9078.261,465,10,1,0,B,21,0,0,,,6259.261061005873,4098.514029603772,2160.7470314021025,2325.0,444.0,50.0
A_boundary_outward_n10,17,CF,10,10,10,11622.16,639,10,1,0,C,231,0,0,,,7777.160437777462,3632.297733570313,4144.862704207155,3195.0,600.0,50.0
A_boundary_outward_n10,17,D,10,10,10,9078.261,465,10,1,0,B,21,21,0,1501.6914585619081,1427.3363120251256,6259.261061005873,4098.514029603772,2160.7470314021025,2325.0,444.0,50.0
A_boundary_outward_n10,17,C3F,10,10,10,9211.261,486,10,1,0,B,0,0,0,,,6259.261061005873,4098.514029603772,2160.7470314021025,2430.0,472.0,50.0
A_boundary_outward_n10,18,B,10,10,10,8772.89,424,10,1,0,B,0,0,0,,,6185.890198519675,4090.4560201173795,2095.434178402295,2120.0,417.0,50.0
A_boundary_outward_n10,18,C,10,10,10,10955.788,728,10,1,0,C,0,0,0,,,6552.788115116408,3654.6797553647925,2898.108359751617,3640.0,713.0,50.0
A_boundary_outward_n10,18,BF,10,10,10,8772.89,424,10,1,0,B,0,0,0,,,6185.890198519675,4090.4560201173795,2095.434178402295,2120.0,417.0,50.0
A_boundary_outward_n10,18,CF,10,10,10,9847.788,545,10,1,0,C,183,0,0,,,6552.788115116408,3654.6797553647925,2898.108359751617,2725.0,520.0,50.0
A_boundary_outward_n10,18,D,10,10,10,8772.89,424,10,1,0,B,0,0,0,,1020.1167119210936,6185.890198519675,4090.4560201173795,2095.434178402295,2120.0,417.0,50.0
A_boundary_outward_n10,18,C3F,10,10,10,8772.89,424,10,1,0,B,0,0,0,,,6185.890198519675,4090.4560201173795,2095.434178402295,2120.0,417.0,50.0
A_boundary_outward_n10,19,B,10,10,10,9726.258,532,10,1,0,B,0,0,0,,,6499.258069938314,4137.948425327046,2361.309644611271,2660.0,517.0,50.0
A_boundary_outward_n10,19,C,10,10,10,11471.861,730,10,1,0,C,0,0,0,,,7047.861069845644,3684.1009111560907,3363.7601586895516,3650.0,724.0,50.0
A_boundary_outward_n10,19,BF,10,10,10,9404.258,480,10,1,0,B,52,0,0,,,6499.258069938314,4137.948425327046,2361.309644611271,2400.0,455.0,50.0
A_boundary_outward_n10,19,CF,10,10,10,10734.861,608,10,1,0,C,122,0,0,,,7047.861069845644,3684.1009111560907,3363.7601586895516,3040.0,597.0,50.0
A_boundary_outward_n10,19,D,10,10,10,9404.258,480,10,1,0,B,52,52,0,1512.2072396473257,1480.2248009783523,6499.258069938314,4137.948425327046,2361.309644611271,2400.0,455.0,50.0
A_boundary_outward_n10,19,C3F,10,10,10,9726.258,532,10,1,0,B,0,0,0,,,6499.258069938314,4137.948425327046,2361.309644611271,2660.0,517.0,50.0
A_boundary_outward_n10,20,B,10,10,10,8946.505,461,10,1,0,B,0,0,0,,,6140.504766508564,4094.406302984744,2046.0984635238215,2305.0,451.0,50.0
A_boundary_outward_n10,20,C,10,10,10,10445.347,653,10,1,0,C,0,0,0,,,6483.346598255834,3629.5264323263946,2853.8201659294396,3265.0,647.0,50.0
A_boundary_outward_n10,20,BF,10,10,10,8946.505,461,10,1,0,B,0,0,0,,,6140.504766508564,4094.406302984744,2046.0984635238215,2305.0,451.0,50.0
A_boundary_outward_n10,20,CF,10,10,10,9573.347,510,10,1,0,C,143,0,0,,,6483.346598255834,3629.5264323263946,2853.8201659294396,2550.0,490.0,50.0
A_boundary_outward_n10,20,D,10,10,10,8946.505,461,10,1,0,B,0,0,0,,987.7399410841873,6140.504766508564,4094.406302984744,2046.0984635238215,2305.0,451.0,50.0
A_boundary_outward_n10,20,C3F,10,10,10,8946.505,461,10,1,0,B,0,0,0,,,6140.504766508564,4094.406302984744,2046.0984635238215,2305.0,451.0,50.0
A_boundary_outward_n10,21,B,10,10,10,9991.398,585,10,1,0,B,0,0,0,,,6446.398391051051,4081.871979393182,2364.526411657869,2925.0,570.0,50.0
A_boundary_outward_n10,21,C,10,10,10,12176.223,868,10,1,0,C,0,0,0,,,6941.223040118253,3658.719351573558,3282.5036885446966,4340.0,845.0,50.0
A_boundary_outward_n10,21,BF,10,10,10,9646.398,528,10,1,0,B,57,0,0,,,6446.398391051051,4081.871979393182,2364.526411657869,2640.0,510.0,50.0
A_boundary_outward_n10,21,CF,10,10,10,11179.223,702,10,1,0,C,166,0,0,,,6941.223040118253,3658.719351573558,3282.5036885446966,3510.0,678.0,50.0
A_boundary_outward_n10,21,D,10,10,10,9646.398,528,10,1,0,B,57,57,0,1503.377029360438,1492.002689470331,6446.398391051051,4081.871979393182,2364.526411657869,2640.0,510.0,50.0
A_boundary_outward_n10,21,C3F,10,10,10,9991.398,585,10,1,0,B,0,0,0,,,6446.398391051051,4081.871979393182,2364.526411657869,2925.0,570.0,50.0
A_boundary_outward_n10,22,B,10,10,10,9024.208,470,10,1,0,B,0,0,0,,,6161.207946365304,4133.106584925074,2028.101361440231,2350.0,463.0,50.0
A_boundary_outward_n10,22,C,10,10,10,11102.04,700,10,1,0,C,0,0,0,,,6874.039697330407,3629.5264323263946,3244.5132650040155,3500.0,678.0,50.0
A_boundary_outward_n10,22,BF,10,10,10,8844.208,440,10,1,0,B,30,0,0,,,6161.207946365304,4133.106584925074,2028.101361440231,2200.0,433.0,50.0
A_boundary_outward_n10,22,CF,10,10,10,10205.04,552,10,1,0,C,148,0,0,,,6874.039697330407,3629.5264323263946,3244.5132650040155,2760.0,521.0,50.0
A_boundary_outward_n10,22,D,10,10,10,8844.208,440,10,1,0,B,30,30,0,1607.7057423484378,1441.7780480319607,6161.207946365304,4133.106584925074,2028.101361440231,2200.0,433.0,50.0
A_boundary_outward_n10,22,C3F,10,10,10,9024.208,470,10,1,0,B,0,0,0,,,6161.207946365304,4133.106584925074,2028.101361440231,2350.0,463.0,50.0
A_boundary_outward_n10,23,B,10,10,10,10269.918,567,10,1,0,B,0,0,0,,,6832.9179786565,4104.095783160274,2728.8221954962264,2835.0,552.0,50.0
A_boundary_outward_n10,23,C,10,10,10,11632.67,818,10,1,0,C,0,0,0,,,6678.669895205814,3631.0308255562377,3047.6390696495805,4090.0,814.0,50.0
A_boundary_outward_n10,23,BF,10,10,10,9870.918,502,10,1,0,B,65,0,0,,,6832.9179786565,4104.095783160274,2728.8221954962264,2510.0,478.0,50.0
A_boundary_outward_n10,23,CF,10,10,10,10579.67,644,10,1,0,C,174,0,0,,,6678.669895205814,3631.0308255562377,3047.6390696495805,3220.0,631.0,50.0
A_boundary_outward_n10,23,D,10,10,10,9870.918,502,10,1,0,B,65,65,0,1522.0951338415825,1489.329691300057,6832.9179786565,4104.095783160274,2728.8221954962264,2510.0,478.0,50.0
A_boundary_outward_n10,23,C3F,10,10,10,10269.918,567,10,1,0,B,0,0,0,,,6832.9179786565,4104.095783160274,2728.8221954962264,2835.0,552.0,50.0
A_boundary_outward_n10,24,B,10,10,10,8321.514,407,10,1,0,B,0,0,0,,,5836.514484848492,4084.478027306014,1752.036457542478,2035.0,400.0,50.0
A_boundary_outward_n10,24,C,10,10,10,12479.849,910,10,1,0,C,0,0,0,,,6976.849334364791,3633.607196458503,3343.2421379062866,4550.0,903.0,50.0
A_boundary_outward_n10,24,BF,10,10,10,8231.514,392,10,1,0,B,15,0,0,,,5836.514484848492,4084.478027306014,1752.036457542478,1960.0,385.0,50.0
A_boundary_outward_n10,24,CF,10,10,10,10907.849,649,10,1,0,C,261,0,0,,,6976.849334364791,3633.607196458503,3343.2421379062866,3245.0,636.0,50.0
A_boundary_outward_n10,24,D,10,10,10,8231.514,392,10,1,0,B,15,15,0,1688.6112075502335,1411.4389406906248,5836.514484848492,4084.478027306014,1752.036457542478,1960.0,385.0,50.0
A_boundary_outward_n10,24,C3F,10,10,10,8321.514,407,10,1,0,B,0,0,0,,,5836.514484848492,4084.478027306014,1752.036457542478,2035.0,400.0,50.0
A_boundary_outward_n10,25,B,10,10,10,7573.897,390,10,1,0,B,0,0,0,,,5186.897085022526,4099.883393385013,1087.0136916375138,1950.0,387.0,50.0
A_boundary_outward_n10,25,C,10,10,10,11798.254,844,10,1,0,C,0,0,0,,,6686.253857247504,3630.9080164215975,3055.3458408259094,4220.0,842.0,50.0
A_boundary_outward_n10,25,BF,10,10,10,7573.897,390,10,1,0,B,0,0,0,,,5186.897085022526,4099.883393385013,1087.0136916375138,1950.0,387.0,50.0
A_boundary_outward_n10,25,CF,10,10,10,10365.254,607,10,1,0,C,237,0,0,,,6686.253857247504,3630.9080164215975,3055.3458408259094,3035.0,594.0,50.0
A_boundary_outward_n10,25,D,10,10,10,7573.897,390,10,1,0,B,0,0,0,,660.0127071671211,5186.897085022526,4099.883393385013,1087.0136916375138,1950.0,387.0,50.0
A_boundary_outward_n10,25,C3F,10,10,10,7573.897,390,10,1,0,B,0,0,0,,,5186.897085022526,4099.883393385013,1087.0136916375138,1950.0,387.0,50.0
A_normal_n11,1,B,11,11,11,8827.421,339,11,1,6,B,0,0,0,,,6757.421496409579,4118.527581316258,2638.8939150933234,1695.0,320.0,55.0
A_normal_n11,1,C,11,11,11,7414.321,391,11,1,6,C,0,0,0,,,5017.321077310709,3699.2009054705804,1318.1201718401278,1955.0,387.0,55.0
A_normal_n11,1,BF,11,11,11,8827.421,339,11,1,6,B,0,0,0,,,6757.421496409579,4118.527581316258,2638.8939150933234,1695.0,320.0,55.0
A_normal_n11,1,CF,11,11,11,7192.321,354,11,1,6,C,37,0,0,,,5017.321077310709,3699.2009054705804,1318.1201718401278,1770.0,350.0,55.0
A_normal_n11,1,D,11,11,11,7192.321,354,11,1,6,C,37,37,0,1547.8584354822533,1498.8288463307692,5017.321077310709,3699.2009054705804,1318.1201718401278,1770.0,350.0,55.0
A_normal_n11,1,C3F,11,11,11,7192.321,354,11,1,6,C,37,0,0,,,5017.321077310709,3699.2009054705804,1318.1201718401278,1770.0,350.0,55.0
A_normal_n11,2,B,11,11,11,8663.345,392,11,1,4,B,0,0,0,,,6271.344700396742,4081.871979393182,2189.4727210035635,1960.0,377.0,55.0
A_normal_n11,2,C,11,11,11,7610.9,404,11,1,4,C,0,0,0,,,5135.9000193512,3629.5264323263946,1506.373587024805,2020.0,400.0,55.0
A_normal_n11,2,BF,11,11,11,8633.345,387,11,1,4,B,5,0,0,,,6271.344700396742,4081.871979393182,2189.4727210035635,1935.0,372.0,55.0
A_normal_n11,2,CF,11,11,11,7316.9,355,11,1,4,C,49,0,0,,,5135.9000193512,3629.5264323263946,1506.373587024805,1775.0,351.0,55.0
A_normal_n11,2,D,11,11,11,7316.9,355,11,1,4,C,49,49,0,1511.8694661738443,1491.0253052206385,5135.9000193512,3629.5264323263946,1506.373587024805,1775.0,351.0,55.0
A_normal_n11,2,C3F,11,11,11,7316.9,355,11,1,4,C,49,0,0,,,5135.9000193512,3629.5264323263946,1506.373587024805,1775.0,351.0,55.0
A_normal_n11,3,B,11,11,11,8264.075,340,11,1,4,B,0,0,0,,,6179.074736758983,4081.912618977934,2097.1621177810493,1700.0,330.0,55.0
A_normal_n11,3,C,11,11,11,7669.449,389,11,1,4,C,0,0,0,,,5283.448892715489,3709.021790638117,1574.4271020773708,1945.0,386.0,55.0
A_normal_n11,3,BF,11,11,11,8264.075,340,11,1,4,B,0,0,0,,,6179.074736758983,4081.912618977934,2097.1621177810493,1700.0,330.0,55.0
A_normal_n11,3,CF,11,11,11,7435.449,350,11,1,4,C,39,0,0,,,5283.448892715489,3709.021790638117,1574.4271020773708,1750.0,347.0,55.0
A_normal_n11,3,D,11,11,11,7435.449,350,11,1,4,C,39,39,0,1542.7121934645625,1470.0487390531039,5283.448892715489,3709.021790638117,1574.4271020773708,1750.0,347.0,55.0
A_normal_n11,3,C3F,11,11,11,7435.449,350,11,1,4,C,39,0,0,,,5283.448892715489,3709.021790638117,1574.4271020773708,1750.0,347.0,55.0
A_normal_n11,4,B,11,11,11,8282.789,377,11,1,4,B,0,0,0,,,5982.788789622902,4081.871979393182,1900.9168102297222,1885.0,360.0,55.0
A_normal_n11,4,C,11,11,11,7812.971,397,11,1,4,C,0,0,0,,,5381.971463861397,3630.7916322545107,1751.179831606887,1985.0,391.0,55.0
A_normal_n11,4,BF,11,11,11,8174.789,359,11,1,4,B,18,0,0,,,5982.788789622902,4081.871979393182,1900.9168102297222,1795.0,342.0,55.0
A_normal_n11,4,CF,11,11,11,7644.971,369,11,1,4,C,28,0,0,,,5381.971463861397,3630.7916322545107,1751.179831606887,1845.0,363.0,55.0
A_normal_n11,4,D,11,11,11,7644.971,369,11,1,4,C,28,28,0,1515.4197988160242,1497.8044725462719,5381.971463861397,3630.7916322545107,1751.179831606887,1845.0,363.0,55.0
A_normal_n11,4,C3F,11,11,11,7644.971,369,11,1,4,C,28,0,0,,,5381.971463861397,3630.7916322545107,1751.179831606887,1845.0,363.0,55.0
A_normal_n11,5,B,11,11,11,8799.542,399,11,1,4,B,0,0,0,,,6378.541729605264,4081.871979393182,2296.6697502120837,1995.0,371.0,55.0
A_normal_n11,5,C,11,11,11,8005.735,436,11,1,4,C,0,0,0,,,5341.73509484926,3629.662843920197,1712.0722509290647,2180.0,429.0,55.0
A_normal_n11,5,BF,11,11,11,8703.542,383,11,1,4,B,16,0,0,,,6378.541729605264,4081.871979393182,2296.6697502120837,1915.0,355.0,55.0
A_normal_n11,5,CF,11,11,11,7627.735,373,11,1,4,C,63,0,0,,,5341.73509484926,3629.662843920197,1712.0722509290647,1865.0,366.0,55.0
A_normal_n11,5,D,11,11,11,7627.735,373,11,1,4,C,63,63,0,1506.110531268465,1493.3449815747053,5341.73509484926,3629.662843920197,1712.0722509290647,1865.0,366.0,55.0
A_normal_n11,5,C3F,11,11,11,7627.735,373,11,1,4,C,63,0,0,,,5341.73509484926,3629.662843920197,1712.0722509290647,1865.0,366.0,55.0
A_normal_n11,6,B,11,11,11,8066.94,402,11,1,8,B,0,0,0,,,5613.940160676261,4081.871979393182,1532.0681812830762,2010.0,388.0,55.0
A_normal_n11,6,C,11,11,11,7244.969,350,11,1,8,C,0,0,0,,,5090.969038601446,3680.0260879258913,1410.9429506755557,1750.0,349.0,55.0
A_normal_n11,6,BF,11,11,11,7880.94,371,11,1,8,B,31,0,0,,,5613.940160676261,4081.871979393182,1532.0681812830762,1855.0,357.0,55.0
A_normal_n11,6,CF,11,11,11,7154.969,335,11,1,8,C,15,0,0,,,5090.969038601446,3680.0260879258913,1410.9429506755557,1675.0,334.0,55.0
A_normal_n11,6,D,11,11,11,7154.969,335,11,1,8,C,15,15,0,1617.7077304012284,1032.1064401768976,5090.969038601446,3680.0260879258913,1410.9429506755557,1675.0,334.0,55.0
A_normal_n11,6,C3F,11,11,11,7154.969,335,11,1,8,C,15,0,0,,,5090.969038601446,3680.0260879258913,1410.9429506755557,1675.0,334.0,55.0
A_normal_n11,7,B,11,11,11,8897.419,370,11,1,6,B,0,0,0,,,6651.418848105321,4081.871979393182,2569.5468687121447,1850.0,341.0,55.0
A_normal_n11,7,C,11,11,11,7545.082,390,11,1,6,C,0,0,0,,,5153.08159554916,3631.039290875772,1522.0423046733874,1950.0,387.0,55.0
A_normal_n11,7,BF,11,11,11,8831.419,359,11,1,6,B,11,0,0,,,6651.418848105321,4081.871979393182,2569.5468687121447,1795.0,330.0,55.0
A_normal_n11,7,CF,11,11,11,7275.082,345,11,1,6,C,45,0,0,,,5153.08159554916,3631.039290875772,1522.0423046733874,1725.0,342.0,55.0
A_normal_n11,7,D,11,11,11,7275.082,345,11,1,6,C,45,45,0,1536.2118276908757,1491.274383789603,5153.08159554916,3631.039290875772,1522.0423046733874,1725.0,342.0,55.0
A_normal_n11,7,C3F,11,11,11,7275.082,345,11,1,6,C,45,0,0,,,5153.08159554916,3631.039290875772,1522.0423046733874,1725.0,342.0,55.0
A_normal_n11,8,B,11,11,11,9414.888,382,11,1,5,B,0,0,0,,,7081.887827641671,4113.479267882781,2968.4085597588905,1910.0,368.0,55.0
A_normal_n11,8,C,11,11,11,7836.912,417,11,1,5,C,0,0,0,,,5293.91173728962,3637.806589117943,1656.1051481716777,2085.0,403.0,55.0
A_normal_n11,8,BF,11,11,11,9318.888,366,11,1,5,B,16,0,0,,,7081.887827641671,4113.479267882781,2968.4085597588905,1830.0,352.0,55.0
A_normal_n11,8,CF,11,11,11,7471.912,356,11,1,5,C,61,0,0,,,5293.91173728962,3637.806589117943,1656.1051481716777,1780.0,343.0,55.0
A_normal_n11,8,D,11,11,11,7471.912,356,11,1,5,C,61,61,0,1524.1568944114606,1492.6121228959094,5293.91173728962,3637.806589117943,1656.1051481716777,1780.0,343.0,55.0
A_normal_n11,8,C3F,11,11,11,7471.912,356,11,1,5,C,61,0,0,,,5293.91173728962,3637.806589117943,1656.1051481716777,1780.0,343.0,55.0
A_normal_n11,9,B,11,11,11,8757.137,369,11,1,5,B,0,0,0,,,6495.137135980881,4081.871979393182,2413.265156587699,1845.0,362.0,55.0
A_normal_n11,9,C,11,11,11,7617.268,379,11,1,5,C,0,0,0,,,5290.268349084606,3629.5264323263946,1660.7419167582107,1895.0,377.0,55.0
A_normal_n11,9,BF,11,11,11,8655.137,352,11,1,5,B,17,0,0,,,6495.137135980881,4081.871979393182,2413.265156587699,1760.0,345.0,55.0
A_normal_n11,9,CF,11,11,11,7545.268,367,11,1,5,C,12,0,0,,,5290.268349084606,3629.5264323263946,1660.7419167582107,1835.0,365.0,55.0
A_normal_n11,9,D,11,11,11,7545.268,367,11,1,5,C,12,12,0,1502.9926810302272,1417.243659303445,5290.268349084606,3629.5264323263946,1660.7419167582107,1835.0,365.0,55.0
A_normal_n11,9,C3F,11,11,11,7545.268,367,11,1,5,C,12,0,0,,,5290.268349084606,3629.5264323263946,1660.7419167582107,1835.0,365.0,55.0
A_normal_n11,10,B,11,11,11,8243.553,383,11,1,3,B,0,0,0,,,5896.553365448251,4116.136819238351,1780.4165462098993,1915.0,377.0,55.0
A_normal_n11,10,C,11,11,11,7764.764,407,11,1,3,C,0,0,0,,,5269.763985494063,3692.5993264515246,1577.1646590425373,2035.0,405.0,55.0
A_normal_n11,10,BF,11,11,11,8159.553,369,11,1,3,B,14,0,0,,,5896.553365448251,4116.136819238351,1780.4165462098993,1845.0,363.0,55.0
A_normal_n11,10,CF,11,11,11,7440.764,353,11,1,3,C,54,0,0,,,5269.763985494063,3692.5993264515246,1577.1646590425373,1765.0,351.0,55.0
A_normal_n11,10,D,11,11,11,7440.764,353,11,1,3,C,54,54,0,1506.3489002060185,1368.966523357151,5269.763985494063,3692.5993264515246,1577.1646590425373,1765.0,351.0,55.0
A_normal_n11,10,C3F,11,11,11,7440.764,353,11,1,3,C,54,0,0,,,5269.763985494063,3692.5993264515246,1577.1646590425373,1765.0,351.0,55.0
A_normal_n11,11,B,11,11,11,8537.02,366,11,1,6,B,0,0,0,,,6300.020014897077,4081.871979393182,2218.148035503896,1830.0,352.0,55.0
A_normal_n11,11,C,11,11,11,7617.221,405,11,1,6,C,0,0,0,,,5140.221193325742,3665.1952576024005,1475.0259357233426,2025.0,397.0,55.0
A_normal_n11,11,BF,11,11,11,8423.02,347,11,1,6,B,19,0,0,,,6300.020014897077,4081.871979393182,2218.148035503896,1735.0,333.0,55.0
A_normal_n11,11,CF,11,11,11,7402.221,369,11,1,6,C,36,0,0,,,5140.221193325742,3665.1952576024005,1475.0259357233426,1845.0,362.0,55.0
A_normal_n11,11,D,11,11,11,7402.221,369,11,1,6,C,36,36,0,1508.9065053556822,1486.5147773857923,5140.221193325742,3665.1952576024005,1475.0259357233426,1845.0,362.0,55.0
A_normal_n11,11,C3F,11,11,11,7402.221,369,11,1,6,C,36,0,0,,,5140.221193325742,3665.1952576024005,1475.0259357233426,1845.0,362.0,55.0
A_normal_n11,12,B,11,11,11,8086.097,381,11,1,3,B,0,0,0,,,5748.097220566939,4095.2572490571924,1652.8399715097469,1905.0,378.0,55.0
A_normal_n11,12,C,11,11,11,7942.279,475,11,1,3,C,0,0,0,,,5044.279186440834,3720.5843889533357,1323.6947974874965,2375.0,468.0,55.0
A_normal_n11,12,BF,11,11,11,8068.097,378,11,1,3,B,3,0,0,,,5748.097220566939,4095.2572490571924,1652.8399715097469,1890.0,375.0,55.0
A_normal_n11,12,CF,11,11,11,7623.279,422,11,1,3,C,53,0,0,,,5044.279186440834,3720.5843889533357,1323.6947974874965,2110.0,414.0,55.0
A_normal_n11,12,D,11,11,11,7623.279,422,11,1,3,C,53,53,0,1506.3489002060142,1473.266364315176,5044.279186440834,3720.5843889533357,1323.6947974874965,2110.0,414.0,55.0
A_normal_n11,12,C3F,11,11,11,7623.279,422,11,1,3,C,53,0,0,,,5044.279186440834,3720.5843889533357,1323.6947974874965,2110.0,414.0,55.0
A_normal_n11,13,B,11,11,11,8994.484,372,11,1,6,B,0,0,0,,,6714.483821717453,4081.871979393182,2632.6118423242688,1860.0,365.0,55.0
A_normal_n11,13,C,11,11,11,7706.974,439,11,1,6,C,0,0,0,,,5023.973940579535,3677.220685426617,1346.7532551529182,2195.0,433.0,55.0
A_normal_n11,13,BF,11,11,11,8964.484,367,11,1,6,B,5,0,0,,,6714.483821717453,4081.871979393182,2632.6118423242688,1835.0,360.0,55.0
A_normal_n11,13,CF,11,11,11,7324.974,375,11,1,6,C,64,0,0,,,5023.973940579535,3677.220685426617,1346.7532551529182,1875.0,371.0,55.0
A_normal_n11,13,D,11,11,11,7324.974,375,11,1,6,C,64,64,0,1505.7776482876156,1490.9835722717369,5023.973940579535,3677.220685426617,1346.7532551529182,1875.0,371.0,55.0
A_normal_n11,13,C3F,11,11,11,7324.974,375,11,1,6,C,64,0,0,,,5023.973940579535,3677.220685426617,1346.7532551529182,1875.0,371.0,55.0
A_normal_n11,14,B,11,11,11,8097.066,360,11,1,3,B,0,0,0,,,5890.065658693744,4081.871979393182,1808.1936793005636,1800.0,352.0,55.0
A_normal_n11,14,C,11,11,11,7795.828,393,11,1,3,C,0,0,0,,,5385.828381499002,3629.5264323263946,1756.3019491726077,1965.0,390.0,55.0
A_normal_n11,14,BF,11,11,11,8097.066,360,11,1,3,B,0,0,0,,,5890.065658693744,4081.871979393182,1808.1936793005636,1800.0,352.0,55.0
A_normal_n11,14,CF,11,11,11,7579.828,357,11,1,3,C,36,0,0,,,5385.828381499002,3629.5264323263946,1756.3019491726077,1785.0,354.0,55.0
A_normal_n11,14,D,11,11,11,7579.828,357,11,1,3,C,36,36,0,1563.2484220280758,1437.6265192426104,5385.828381499002,3629.5264323263946,1756.3019491726077,1785.0,354.0,55.0
A_normal_n11,14,C3F,11,11,11,7579.828,357,11,1,3,C,36,0,0,,,5385.828381499002,3629.5264323263946,1756.3019491726077,1785.0,354.0,55.0
A_normal_n11,15,B,11,11,11,7841.118,373,11,1,5,B,0,0,0,,,5552.118300741484,4127.884061397229,1424.2342393442557,1865.0,369.0,55.0
A_normal_n11,15,C,11,11,11,7807.536,439,11,1,5,C,0,0,0,,,5127.5358742539,3655.120662406617,1472.4152118472846,2195.0,430.0,55.0
A_normal_n11,15,BF,11,11,11,7787.118,364,11,1,5,B,9,0,0,,,5552.118300741484,4127.884061397229,1424.2342393442557,1820.0,360.0,55.0
A_normal_n11,15,CF,11,11,11,7423.536,375,11,1,5,C,64,0,0,,,5127.5358742539,3655.120662406617,1472.4152118472846,1875.0,366.0,55.0
A_normal_n11,15,D,11,11,11,7423.536,375,11,1,5,C,64,64,0,1580.8175828738335,1499.5981605998772,5127.5358742539,3655.120662406617,1472.4152118472846,1875.0,366.0,55.0
A_normal_n11,15,C3F,11,11,11,7423.536,375,11,1,5,C,64,0,0,,,5127.5358742539,3655.120662406617,1472.4152118472846,1875.0,366.0,55.0
A_normal_n11,16,B,11,11,11,8621.878,401,11,1,3,B,0,0,0,,,6176.877744783282,4096.062428307236,2080.8153164760492,2005.0,385.0,55.0
A_normal_n11,16,C,11,11,11,8162.418,436,11,1,3,C,0,0,0,,,5493.417807786281,3630.2165210098174,1863.2012867764638,2180.0,434.0,55.0
A_normal_n11,16,BF,11,11,11,8555.878,390,11,1,3,B,11,0,0,,,6176.877744783282,4096.062428307236,2080.8153164760492,1950.0,374.0,55.0
A_normal_n11,16,CF,11,11,11,7844.418,383,11,1,3,C,53,0,0,,,5493.417807786281,3630.2165210098174,1863.2012867764638,1915.0,381.0,55.0
A_normal_n11,16,D,11,11,11,7844.418,383,11,1,3,C,53,53,0,1504.1095963265743,1487.2139144361038,5493.417807786281,3630.2165210098174,1863.2012867764638,1915.0,381.0,55.0
A_normal_n11,16,C3F,11,11,11,7844.418,383,11,1,3,C,53,0,0,,,5493.417807786281,3630.2165210098174,1863.2012867764638,1915.0,381.0,55.0
A_normal_n11,17,B,11,11,11,7964.623,402,11,1,6,B,0,0,0,,,5499.622590757937,4081.871979393182,1417.7506113647555,2010.0,400.0,55.0
A_normal_n11,17,C,11,11,11,7916.24,407,11,1,6,C,0,0,0,,,5427.239739901592,3654.70469503159,1772.5350448700015,2035.0,399.0,55.0
A_normal_n11,17,BF,11,11,11,7808.623,376,11,1,6,B,26,0,0,,,5499.622590757937,4081.871979393182,1417.7506113647555,1880.0,374.0,55.0
A_normal_n11,17,CF,11,11,11,7730.24,376,11,1,6,C,31,0,0,,,5427.239739901592,3654.70469503159,1772.5350448700015,1880.0,368.0,55.0
A_normal_n11,17,D,11,11,11,7730.24,376,11,1,6,C,31,31,0,1515.5945670414649,1458.491020094651,5427.239739901592,3654.70469503159,1772.5350448700015,1880.0,368.0,55.0
A_normal_n11,17,C3F,11,11,11,7730.24,376,11,1,6,C,31,0,0,,,5427.239739901592,3654.70469503159,1772.5350448700015,1880.0,368.0,55.0
A_normal_n11,18,B,11,11,11,8104.641,377,11,1,5,B,0,0,0,,,5811.640671434617,4081.871979393182,1729.7686920414362,1885.0,353.0,55.0
A_normal_n11,18,C,11,11,11,7575.76,421,11,1,5,C,0,0,0,,,4998.760480898642,3709.422579855554,1289.3379010430863,2105.0,417.0,55.0
A_normal_n11,18,BF,11,11,11,8050.641,368,11,1,5,B,9,0,0,,,5811.640671434617,4081.871979393182,1729.7686920414362,1840.0,344.0,55.0
A_normal_n11,18,CF,11,11,11,7155.76,351,11,1,5,C,70,0,0,,,4998.760480898642,3709.422579855554,1289.3379010430863,1755.0,347.0,55.0
A_normal_n11,18,D,11,11,11,7155.76,351,11,1,5,C,70,70,0,1545.8404971127875,1479.3236275408042,4998.760480898642,3709.422579855554,1289.3379010430863,1755.0,347.0,55.0
A_normal_n11,18,C3F,11,11,11,7155.76,351,11,1,5,C,70,0,0,,,4998.760480898642,3709.422579855554,1289.3379010430863,1755.0,347.0,55.0
A_normal_n11,19,B,11,11,11,8609.633,388,11,1,3,B,0,0,0,,,6242.633024298581,4081.871979393182,2160.7610449053996,1940.0,372.0,55.0
A_normal_n11,19,C,11,11,11,8211.091,454,11,1,3,C,0,0,0,,,5442.091188150813,3729.256442661668,1712.834745489144,2270.0,444.0,55.0
A_normal_n11,19,BF,11,11,11,8591.633,385,11,1,3,B,3,0,0,,,6242.633024298581,4081.871979393182,2160.7610449053996,1925.0,369.0,55.0
A_normal_n11,19,CF,11,11,11,7725.091,373,11,1,3,C,81,0,0,,,5442.091188150813,3729.256442661668,1712.834745489144,1865.0,363.0,55.0
A_normal_n11,19,D,11,11,11,7725.091,373,11,1,3,C,81,81,0,1507.1084378960343,1456.7021838291603,5442.091188150813,3729.256442661668,1712.834745489144,1865.0,363.0,55.0
A_normal_n11,19,C3F,11,11,11,7725.091,373,11,1,3,C,81,0,0,,,5442.091188150813,3729.256442661668,1712.834745489144,1865.0,363.0,55.0
A_normal_n11,20,B,11,11,11,8230.09,371,11,1,6,B,0,0,0,,,5956.08989626234,4081.871979393182,1874.2179168691596,1855.0,364.0,55.0
A_normal_n11,20,C,11,11,11,8175.102,434,11,1,6,C,0,0,0,,,5527.101500569312,3654.2983281653487,1872.8031724039627,2170.0,423.0,55.0
A_normal_n11,20,BF,11,11,11,8080.09,346,11,1,6,B,25,0,0,,,5956.08989626234,4081.871979393182,1874.2179168691596,1730.0,339.0,55.0
A_normal_n11,20,CF,11,11,11,7955.102,398,11,1,6,C,36,0,0,,,5527.101500569312,3654.2983281653487,1872.8031724039627,1990.0,383.0,55.0
A_normal_n11,20,D,11,11,11,7955.102,398,11,1,6,C,36,36,0,1613.420681788985,1485.779753956768,5527.101500569312,3654.2983281653487,1872.8031724039627,1990.0,383.0,55.0
A_normal_n11,20,C3F,11,11,11,7955.102,398,11,1,6,C,36,0,0,,,5527.101500569312,3654.2983281653487,1872.8031724039627,1990.0,383.0,55.0
A_normal_n11,21,B,11,11,11,8359.985,361,11,1,7,B,0,0,0,,,6155.98479206675,4081.871979393182,2074.1128126735675,1805.0,344.0,55.0
A_normal_n11,21,C,11,11,11,7091.195,362,11,1,7,C,0,0,0,,,4870.194540024826,3668.0395789587055,1202.1549610661202,1810.0,356.0,55.0
A_normal_n11,21,BF,11,11,11,8257.985,344,11,1,7,B,17,0,0,,,6155.98479206675,4081.871979393182,2074.1128126735675,1720.0,327.0,55.0
A_normal_n11,21,CF,11,11,11,6941.195,337,11,1,7,C,25,0,0,,,4870.194540024826,3668.0395789587055,1202.1549610661202,1685.0,331.0,55.0
A_normal_n11,21,D,11,11,11,6941.195,337,11,1,7,C,25,25,0,1546.665831786144,1431.5732607401103,4870.194540024826,3668.0395789587055,1202.1549610661202,1685.0,331.0,55.0
A_normal_n11,21,C3F,11,11,11,6941.195,337,11,1,7,C,25,0,0,,,4870.194540024826,3668.0395789587055,1202.1549610661202,1685.0,331.0,55.0
A_normal_n11,22,B,11,11,11,7929.315,337,11,1,8,B,0,0,0,,,5864.314820936597,4085.8784051820294,1778.4364157545676,1685.0,325.0,55.0
A_normal_n11,22,C,11,11,11,6877.772,364,11,1,8,C,0,0,0,,,4645.772024078692,3670.3345198420247,975.4375042366684,1820.0,357.0,55.0
A_normal_n11,22,BF,11,11,11,7893.315,331,11,1,8,B,6,0,0,,,5864.314820936597,4085.8784051820294,1778.4364157545676,1655.0,319.0,55.0
A_normal_n11,22,CF,11,11,11,6727.772,339,11,1,8,C,25,0,0,,,4645.772024078692,3670.3345198420247,975.4375042366684,1695.0,332.0,55.0
A_normal_n11,22,D,11,11,11,6727.772,339,11,1,8,C,25,25,0,1540.5934724226306,1483.2962011491163,4645.772024078692,3670.3345198420247,975.4375042366684,1695.0,332.0,55.0
A_normal_n11,22,C3F,11,11,11,6727.772,339,11,1,8,C,25,0,0,,,4645.772024078692,3670.3345198420247,975.4375042366684,1695.0,332.0,55.0
A_normal_n11,23,B,11,11,11,8103.955,387,11,1,2,B,0,0,0,,,5732.954992759603,4081.871979393182,1651.0830133664188,1935.0,381.0,55.0
A_normal_n11,23,C,11,11,11,7549.384,393,11,1,2,C,0,0,0,,,5139.38436130153,3712.989278070398,1426.3950832311325,1965.0,390.0,55.0
A_normal_n11,23,BF,11,11,11,8007.955,371,11,1,2,B,16,0,0,,,5732.954992759603,4081.871979393182,1651.0830133664188,1855.0,365.0,55.0
A_normal_n11,23,CF,11,11,11,7231.384,340,11,1,2,C,53,0,0,,,5139.38436130153,3712.989278070398,1426.3950832311325,1700.0,337.0,55.0
A_normal_n11,23,D,11,11,11,7231.384,340,11,1,2,C,53,53,0,1500.3381658645064,1396.3591602535323,5139.38436130153,3712.989278070398,1426.3950832311325,1700.0,337.0,55.0
A_normal_n11,23,C3F,11,11,11,7231.384,340,11,1,2,C,53,0,0,,,5139.38436130153,3712.989278070398,1426.3950832311325,1700.0,337.0,55.0
A_normal_n11,24,B,11,11,11,8117.728,365,11,1,5,B,0,0,0,,,5874.727593472515,4081.871979393182,1792.855614079334,1825.0,363.0,55.0
A_normal_n11,24,C,11,11,11,7866.479,397,11,1,5,C,0,0,0,,,5435.4791163351565,3660.087827135083,1775.3912892000749,1985.0,391.0,55.0
A_normal_n11,24,BF,11,11,11,7931.728,334,11,1,5,B,31,0,0,,,5874.727593472515,4081.871979393182,1792.855614079334,1670.0,332.0,55.0
A_normal_n11,24,CF,11,11,11,7537.479,342,11,1,5,C,55,0,0,,,5435.4791163351565,3660.087827135083,1775.3912892000749,1710.0,337.0,55.0
A_normal_n11,24,D,11,11,11,7537.479,342,11,1,5,C,55,55,0,1525.0410046259326,1486.514777385789,5435.4791163351565,3660.087827135083,1775.3912892000749,1710.0,337.0,55.0
A_normal_n11,24,C3F,11,11,11,7537.479,342,11,1,5,C,55,0,0,,,5435.4791163351565,3660.087827135083,1775.3912892000749,1710.0,337.0,55.0
A_normal_n11,25,B,11,11,11,10192.788,460,11,1,3,B,0,0,0,,,7401.787784248035,4081.871979393182,3319.915804854855,2300.0,436.0,55.0
A_normal_n11,25,C,11,11,11,7540.937,395,11,1,3,C,0,0,0,,,5116.9374218240055,3703.2254491613594,1413.7119726626445,1975.0,394.0,55.0
A_normal_n11,25,BF,11,11,11,10084.788,442,11,1,3,B,18,0,0,,,7401.787784248035,4081.871979393182,3319.915804854855,2210.0,418.0,55.0
A_normal_n11,25,CF,11,11,11,7300.937,355,11,1,3,C,40,0,0,,,5116.9374218240055,3703.2254491613594,1413.7119726626445,1775.0,354.0,55.0
A_normal_n11,25,D,11,11,11,7300.937,355,11,1,3,C,40,40,0,1506.173233316769,1487.6842405434547,5116.9374218240055,3703.2254491613594,1413.7119726626445,1775.0,354.0,55.0
A_normal_n11,25,C3F,11,11,11,7300.937,355,11,1,3,C,40,0,0,,,5116.9374218240055,3703.2254491613594,1413.7119726626445,1775.0,354.0,55.0
A_boundary_random_n11,1,B,11,11,11,9744.802,506,11,1,0,B,0,0,0,,,6673.802267447565,4103.591977855432,2570.2102895921325,2530.0,486.0,55.0
A_boundary_random_n11,1,C,11,11,11,9163.422,627,11,1,0,C,0,0,0,,,5352.421986215527,3651.8819535345024,1700.5400326810272,3135.0,621.0,55.0
A_boundary_random_n11,1,BF,11,11,11,9493.802,465,11,1,0,B,41,0,0,,,6673.802267447565,4103.591977855432,2570.2102895921325,2325.0,440.0,55.0
A_boundary_random_n11,1,CF,11,11,11,8400.422,501,11,1,0,C,126,0,0,,,5352.421986215527,3651.8819535345024,1700.5400326810272,2505.0,488.0,55.0
A_boundary_random_n11,1,D,11,11,11,9493.802,465,11,1,0,B,41,41,0,1533.8333005576708,1409.293428367929,6673.802267447565,4103.591977855432,2570.2102895921325,2325.0,440.0,55.0
A_boundary_random_n11,1,C3F,11,11,11,9744.802,506,11,1,0,B,0,0,0,,,6673.802267447565,4103.591977855432,2570.2102895921325,2530.0,486.0,55.0
A_boundary_random_n11,2,B,11,11,11,8304.023,412,11,1,0,B,0,0,0,,,5783.023003889082,4096.660383416323,1686.3626204727568,2060.0,406.0,55.0
A_boundary_random_n11,2,C,11,11,11,8235.488,488,11,1,0,C,0,0,0,,,5256.488476679451,3677.122322979004,1579.366153700448,2440.0,484.0,55.0
A_boundary_random_n11,2,BF,11,11,11,8190.023,393,11,1,0,B,19,0,0,,,5783.023003889082,4096.660383416323,1686.3626204727568,1965.0,387.0,55.0
A_boundary_random_n11,2,CF,11,11,11,7636.488,388,11,1,0,C,100,0,0,,,5256.488476679451,3677.122322979004,1579.366153700448,1940.0,385.0,55.0
A_boundary_random_n11,2,D,11,11,11,8190.023,393,11,1,0,B,19,19,0,1511.7179149771719,1437.8417296016667,5783.023003889082,4096.660383416323,1686.3626204727568,1965.0,387.0,55.0
A_boundary_random_n11,2,C3F,11,11,11,8304.023,412,11,1,0,B,0,0,0,,,5783.023003889082,4096.660383416323,1686.3626204727568,2060.0,406.0,55.0
A_boundary_random_n11,3,B,11,11,11,9748.606,477,11,1,0,B,0,0,0,,,6853.606297613281,4096.612167188341,2756.994130424939,2385.0,455.0,55.0
A_boundary_random_n11,3,C,11,11,11,8446.479,528,11,1,0,C,0,0,0,,,5227.478715730378,3669.0594853992743,1558.4192303311042,2640.0,524.0,55.0
A_boundary_random_n11,3,BF,11,11,11,9516.606,440,11,1,0,B,37,0,0,,,6853.606297613281,4096.612167188341,2756.994130424939,2200.0,408.0,55.0
A_boundary_random_n11,3,CF,11,11,11,7872.479,434,11,1,0,C,94,0,0,,,5227.478715730378,3669.0594853992743,1558.4192303311042,2170.0,420.0,55.0
A_boundary_random_n11,3,D,11,11,11,9516.606,440,11,1,0,B,37,37,0,1583.644107977053,1458.7130999193366,6853.606297613281,4096.612167188341,2756.994130424939,2200.0,408.0,55.0
A_boundary_random_n11,3,C3F,11,11,11,9748.606,477,11,1,0,B,0,0,0,,,6853.606297613281,4096.612167188341,2756.994130424939,2385.0,455.0,55.0
A_boundary_random_n11,4,B,11,11,11,9749.246,507,11,1,0,B,0,0,0,,,6667.245858061405,4081.871979393182,2585.3738786682206,2535.0,492.0,55.0
A_boundary_random_n11,4,C,11,11,11,8990.798,572,11,1,0,C,0,0,0,,,5508.798294503647,3647.2506699324067,1861.5476245712393,2860.0,567.0,55.0
A_boundary_random_n11,4,BF,11,11,11,9471.246,461,11,1,0,B,46,0,0,,,6667.245858061405,4081.871979393182,2585.3738786682206,2305.0,444.0,55.0
A_boundary_random_n11,4,CF,11,11,11,8267.798,452,11,1,0,C,120,0,0,,,5508.798294503647,3647.2506699324067,1861.5476245712393,2260.0,444.0,55.0
A_boundary_random_n11,4,D,11,11,11,9471.246,461,11,1,0,B,46,46,0,1513.334842048009,1471.5111510228528,6667.245858061405,4081.871979393182,2585.3738786682206,2305.0,444.0,55.0
A_boundary_random_n11,4,C3F,11,11,11,9749.246,507,11,1,0,B,0,0,0,,,6667.245858061405,4081.871979393182,2585.3738786682206,2535.0,492.0,55.0
A_boundary_random_n11,5,B,11,11,11,8246.043,416,11,1,0,B,0,0,0,,,5705.043289154918,4089.2738763535867,1615.7694128013304,2080.0,406.0,55.0
A_boundary_random_n11,5,C,11,11,11,8499.107,501,11,1,0,C,0,0,0,,,5441.106624787079,3650.9540609581722,1790.152563828909,2505.0,498.0,55.0
A_boundary_random_n11,5,BF,11,11,11,8012.043,376,11,1,0,B,40,0,0,,,5705.043289154918,4089.2738763535867,1615.7694128013304,1880.0,372.0,55.0
A_boundary_random_n11,5,CF,11,11,11,8014.107,421,11,1,0,C,80,0,0,,,5441.106624787079,3650.9540609581722,1790.152563828909,2105.0,413.0,55.0
A_boundary_random_n11,5,D,11,11,11,8012.043,376,11,1,0,B,40,40,0,1555.8530739314026,1389.0242974763169,5705.043289154918,4089.2738763535867,1615.7694128013304,1880.0,372.0,55.0
A_boundary_random_n11,5,C3F,11,11,11,8246.043,416,11,1,0,B,0,0,0,,,5705.043289154918,4089.2738763535867,1615.7694128013304,2080.0,406.0,55.0
A_boundary_random_n11,6,B,11,11,11,9933.02,540,11,1,0,B,0,0,0,,,6650.019993682121,4121.8712267530245,2528.1487669290955,2700.0,528.0,55.0
A_boundary_random_n11,6,C,11,11,11,8878.939,559,11,1,0,C,0,0,0,,,5472.938939786873,3701.027003343792,1771.9119364430815,2795.0,556.0,55.0
A_boundary_random_n11,6,BF,11,11,11,9576.02,481,11,1,0,B,59,0,0,,,6650.019993682121,4121.8712267530245,2528.1487669290955,2405.0,466.0,55.0
A_boundary_random_n11,6,CF,11,11,11,8245.939,454,11,1,0,C,105,0,0,,,5472.938939786873,3701.027003343792,1771.9119364430815,2270.0,448.0,55.0
A_boundary_random_n11,6,D,11,11,11,9576.02,481,11,1,0,B,59,59,0,1529.3366637605172,1447.0841774622481,6650.019993682121,4121.8712267530245,2528.1487669290955,2405.0,466.0,55.0
A_boundary_random_n11,6,C3F,11,11,11,9933.02,540,11,1,0,B,0,0,0,,,6650.019993682121,4121.8712267530245,2528.1487669290955,2700.0,528.0,55.0
A_boundary_random_n11,7,B,11,11,11,8382.918,406,11,1,0,B,0,0,0,,,5897.917996936421,4101.219781729741,1796.6982152066796,2030.0,400.0,55.0
A_boundary_random_n11,7,C,11,11,11,10045.295,685,11,1,0,C,0,0,0,,,5883.295086665827,3685.1718100047037,2198.123276661123,3425.0,682.0,55.0
A_boundary_random_n11,7,BF,11,11,11,8382.918,406,11,1,0,B,0,0,0,,,5897.917996936421,4101.219781729741,1796.6982152066796,2030.0,400.0,55.0
A_boundary_random_n11,7,CF,11,11,11,8750.295,473,11,1,0,C,212,0,0,,,5883.295086665827,3685.1718100047037,2198.123276661123,2365.0,447.0,55.0
A_boundary_random_n11,7,D,11,11,11,8382.918,406,11,1,0,B,0,0,0,,1067.5528153738437,5897.917996936421,4101.219781729741,1796.6982152066796,2030.0,400.0,55.0
A_boundary_random_n11,7,C3F,11,11,11,8382.918,406,11,1,0,B,0,0,0,,,5897.917996936421,4101.219781729741,1796.6982152066796,2030.0,400.0,55.0
A_boundary_random_n11,8,B,11,11,11,8485.676,441,11,1,0,B,0,0,0,,,5790.6764388911815,4093.24347232547,1697.4329665657121,2205.0,435.0,55.0
A_boundary_random_n11,8,C,11,11,11,8458.643,557,11,1,0,C,0,0,0,,,5064.642810008048,3673.3016296552887,1391.341180352759,2785.0,554.0,55.0
A_boundary_random_n11,8,BF,11,11,11,8430.676,432,11,1,0,B,9,0,0,,,5790.6764388911815,4093.24347232547,1697.4329665657121,2160.0,425.0,55.0
A_boundary_random_n11,8,CF,11,11,11,7844.643,455,11,1,0,C,102,0,0,,,5064.642810008048,3673.3016296552887,1391.341180352759,2275.0,450.0,55.0
A_boundary_random_n11,8,D,11,11,11,8430.676,432,11,1,0,B,9,9,0,1576.7414131774597,1412.1839938215328,5790.6764388911815,4093.24347232547,1697.4329665657121,2160.0,425.0,55.0
A_boundary_random_n11,8,C3F,11,11,11,8485.676,441,11,1,0,B,0,0,0,,,5790.6764388911815,4093.24347232547,1697.4329665657121,2205.0,435.0,55.0
A_boundary_random_n11,9,B,11,11,11,8088.983,362,11,1,0,B,0,0,0,,,5869.983358785459,4093.27516433227,1776.7081944531894,1810.0,354.0,55.0
A_boundary_random_n11,9,C,11,11,11,8605.72,541,11,1,0,C,0,0,0,,,5307.719880174644,3688.976044154533,1618.7438360201122,2705.0,538.0,55.0
A_boundary_random_n11,9,BF,11,11,11,8088.983,362,11,1,0,B,0,0,0,,,5869.983358785459,4093.27516433227,1776.7081944531894,1810.0,354.0,55.0
A_boundary_random_n11,9,CF,11,11,11,8010.72,442,11,1,0,C,99,0,0,,,5307.719880174644,3688.976044154533,1618.7438360201122,2210.0,438.0,55.0
A_boundary_random_n11,9,D,11,11,11,8088.983,362,11,1,0,B,0,0,0,,958.4719930145535,5869.983358785459,4093.27516433227,1776.7081944531894,1810.0,354.0,55.0
A_boundary_random_n11,9,C3F,11,11,11,8088.983,362,11,1,0,B,0,0,0,,,5869.983358785459,4093.27516433227,1776.7081944531894,1810.0,354.0,55.0
A_boundary_random_n11,10,B,11,11,11,9555.921,540,11,1,0,B,0,0,0,,,6269.920571255067,4136.192290246309,2133.72828100876,2700.0,531.0,55.0
A_boundary_random_n11,10,C,11,11,11,8353.283,533,11,1,0,C,0,0,0,,,5106.282737101561,3713.905210643054,1392.377526458507,2665.0,527.0,55.0
A_boundary_random_n11,10,BF,11,11,11,9259.921,493,11,1,0,B,47,0,0,,,6269.920571255067,4136.192290246309,2133.72828100876,2465.0,470.0,55.0
A_boundary_random_n11,10,CF,11,11,11,7740.283,431,11,1,0,C,102,0,0,,,5106.282737101561,3713.905210643054,1392.377526458507,2155.0,424.0,55.0
A_boundary_random_n11,10,D,11,11,11,9259.921,493,11,1,0,B,47,47,0,1539.7517251850054,1352.1052165202998,6269.920571255067,4136.192290246309,2133.72828100876,2465.0,470.0,55.0
A_boundary_random_n11,10,C3F,11,11,11,9555.921,540,11,1,0,B,0,0,0,,,6269.920571255067,4136.192290246309,2133.72828100876,2700.0,531.0,55.0
A_boundary_random_n11,11,B,11,11,11,9855.008,523,11,1,0,B,0,0,0,,,6670.007950655616,4089.9640510351073,2580.043899620509,2615.0,515.0,55.0
A_boundary_random_n11,11,C,11,11,11,7598.15,485,11,1,0,C,0,0,0,,,4635.149840456406,3783.403987377168,851.7458530792379,2425.0,483.0,55.0
A_boundary_random_n11,11,BF,11,11,11,9565.008,475,11,1,0,B,48,0,0,,,6670.007950655616,4089.9640510351073,2580.043899620509,2375.0,465.0,55.0
A_boundary_random_n11,11,CF,11,11,11,7064.15,396,11,1,0,C,89,0,0,,,4635.149840456406,3783.403987377168,851.7458530792379,1980.0,394.0,55.0
A_boundary_random_n11,11,D,11,11,11,9565.008,475,11,1,0,B,48,48,0,1539.7517251850081,1470.7567510708523,6670.007950655616,4089.9640510351073,2580.043899620509,2375.0,465.0,55.0
A_boundary_random_n11,11,C3F,11,11,11,9855.008,523,11,1,0,B,0,0,0,,,6670.007950655616,4089.9640510351073,2580.043899620509,2615.0,515.0,55.0
A_boundary_random_n11,12,B,11,11,11,9607.734,460,11,1,0,B,0,0,0,,,6820.734105030229,4081.871979393182,2738.862125637047,2300.0,432.0,55.0
A_boundary_random_n11,12,C,11,11,11,9603.551,575,11,1,0,C,0,0,0,,,6110.550825574642,3668.1352322264856,2442.4155933481584,2875.0,563.0,55.0
A_boundary_random_n11,12,BF,11,11,11,9431.734,431,11,1,0,B,29,0,0,,,6820.734105030229,4081.871979393182,2738.862125637047,2155.0,401.0,55.0
A_boundary_random_n11,12,CF,11,11,11,8714.551,429,11,1,0,C,146,0,0,,,6110.550825574642,3668.1352322264856,2442.4155933481584,2145.0,404.0,55.0
A_boundary_random_n11,12,D,11,11,11,9431.734,431,11,1,0,B,29,29,0,1590.1494090736576,1299.1963320226548,6820.734105030229,4081.871979393182,2738.862125637047,2155.0,401.0,55.0
A_boundary_random_n11,12,C3F,11,11,11,9607.734,460,11,1,0,B,0,0,0,,,6820.734105030229,4081.871979393182,2738.862125637047,2300.0,432.0,55.0
A_boundary_random_n11,13,B,11,11,11,8437.465,390,11,1,0,B,0,0,0,,,6057.464715251846,4114.006198394848,1943.4585168569988,1950.0,375.0,55.0
A_boundary_random_n11,13,C,11,11,11,7699.033,473,11,1,0,C,0,0,0,,,4812.03331694515,3702.943216918929,1109.0901000262202,2365.0,467.0,55.0
A_boundary_random_n11,13,BF,11,11,11,8427.465,388,11,1,0,B,2,0,0,,,6057.464715251846,4114.006198394848,1943.4585168569988,1940.0,375.0,55.0
A_boundary_random_n11,13,CF,11,11,11,7251.033,399,11,1,0,C,74,0,0,,,4812.03331694515,3702.943216918929,1109.0901000262202,1995.0,389.0,55.0
A_boundary_random_n11,13,D,11,11,11,8427.465,388,11,1,0,B,2,2,0,1694.2810728259888,969.1061005193976,6057.464715251846,4114.006198394848,1943.4585168569988,1940.0,375.0,55.0
A_boundary_random_n11,13,C3F,11,11,11,8437.465,390,11,1,0,B,0,0,0,,,6057.464715251846,4114.006198394848,1943.4585168569988,1950.0,375.0,55.0
A_boundary_random_n11,14,B,11,11,11,8695.361,437,11,1,0,B,0,0,0,,,6033.3612218719245,4130.838912175442,1902.5223096964833,2185.0,422.0,55.0
A_boundary_random_n11,14,C,11,11,11,9332.172,582,11,1,0,C,0,0,0,,,5790.171608818747,3651.2465329641163,2138.9250758546304,2910.0,577.0,55.0
A_boundary_random_n11,14,BF,11,11,11,8503.361,405,11,1,0,B,32,0,0,,,6033.3612218719245,4130.838912175442,1902.5223096964833,2025.0,390.0,55.0
A_boundary_random_n11,14,CF,11,11,11,8507.172,446,11,1,0,C,136,0,0,,,5790.171608818747,3651.2465329641163,2138.9250758546304,2230.0,432.0,55.0
A_boundary_random_n11,14,D,11,11,11,8503.361,405,11,1,0,B,32,32,0,1545.5874054897363,1445.0405772059355,6033.3612218719245,4130.838912175442,1902.5223096964833,2025.0,390.0,55.0
A_boundary_random_n11,14,C3F,11,11,11,8695.361,437,11,1,0,B,0,0,0,,,6033.3612218719245,4130.838912175442,1902.5223096964833,2185.0,422.0,55.0
A_boundary_random_n11,15,B,11,11,11,7957.299,411,11,1,0,B,0,0,0,,,5440.298780253238,4095.5296048348914,1344.7691754183468,2055.0,407.0,55.0
A_boundary_random_n11,15,C,11,11,11,8623.839,555,11,1,0,C,0,0,0,,,5246.839319622768,3670.543209667161,1576.2961099556096,2775.0,547.0,55.0
A_boundary_random_n11,15,BF,11,11,11,7957.299,411,11,1,0,B,0,0,0,,,5440.298780253238,4095.5296048348914,1344.7691754183468,2055.0,407.0,55.0
A_boundary_random_n11,15,CF,11,11,11,8113.839,470,11,1,0,C,85,0,0,,,5246.839319622768,3670.543209667161,1576.2961099556096,2350.0,462.0,55.0
A_boundary_random_n11,15,D,11,11,11,7957.299,411,11,1,0,B,0,0,0,,836.0027311755432,5440.298780253238,4095.5296048348914,1344.7691754183468,2055.0,407.0,55.0
A_boundary_random_n11,15,C3F,11,11,11,7957.299,411,11,1,0,B,0,0,0,,,5440.298780253238,4095.5296048348914,1344.7691754183468,2055.0,407.0,55.0
A_boundary_random_n11,16,B,11,11,11,8665.132,450,11,1,0,B,0,0,0,,,5913.13230595555,4088.7124712651653,1824.4198346903827,2250.0,447.0,55.0
A_boundary_random_n11,16,C,11,11,11,9163.042,591,11,1,0,C,0,0,0,,,5568.0421144645325,3654.5863190512596,1913.4557954132713,2955.0,585.0,55.0
A_boundary_random_n11,16,BF,11,11,11,8460.132,416,11,1,0,B,34,0,0,,,5913.13230595555,4088.7124712651653,1824.4198346903827,2080.0,412.0,55.0
A_boundary_random_n11,16,CF,11,11,11,8357.042,458,11,1,0,C,133,0,0,,,5568.0421144645325,3654.5863190512596,1913.4557954132713,2290.0,444.0,55.0
A_boundary_random_n11,16,D,11,11,11,8460.132,416,11,1,0,B,34,34,0,1528.5399001910844,1445.2087801283565,5913.13230595555,4088.7124712651653,1824.4198346903827,2080.0,412.0,55.0
A_boundary_random_n11,16,C3F,11,11,11,8665.132,450,11,1,0,B,0,0,0,,,5913.13230595555,4088.7124712651653,1824.4198346903827,2250.0,447.0,55.0
A_boundary_random_n11,17,B,11,11,11,8230.011,405,11,1,0,B,0,0,0,,,5748.010986694045,4149.228398555921,1598.7825881381225,2025.0,402.0,55.0
A_boundary_random_n11,17,C,11,11,11,8353.582,519,11,1,0,C,0,0,0,,,5188.582209811201,3698.912127189417,1489.6700826217852,2595.0,515.0,55.0
A_boundary_random_n11,17,BF,11,11,11,8230.011,405,11,1,0,B,0,0,0,,,5748.010986694045,4149.228398555921,1598.7825881381225,2025.0,402.0,55.0
A_boundary_random_n11,17,CF,11,11,11,7609.582,395,11,1,0,C,124,0,0,,,5188.582209811201,3698.912127189417,1489.6700826217852,1975.0,391.0,55.0
A_boundary_random_n11,17,D,11,11,11,8230.011,405,11,1,0,B,0,0,0,,1171.5110634278335,5748.010986694045,4149.228398555921,1598.7825881381225,2025.0,402.0,55.0
A_boundary_random_n11,17,C3F,11,11,11,8230.011,405,11,1,0,B,0,0,0,,,5748.010986694045,4149.228398555921,1598.7825881381225,2025.0,402.0,55.0
A_boundary_random_n11,18,B,11,11,11,8847.199,457,11,1,0,B,0,0,0,,,6052.198751023401,4133.092743165537,1919.1060078578637,2285.0,455.0,55.0
A_boundary_random_n11,18,C,11,11,11,8327.658,476,11,1,0,C,0,0,0,,,5421.658121946568,3703.29391812166,1718.3642038249081,2380.0,471.0,55.0
A_boundary_random_n11,18,BF,11,11,11,8847.199,457,11,1,0,B,0,0,0,,,6052.198751023401,4133.092743165537,1919.1060078578637,2285.0,455.0,55.0
A_boundary_random_n11,18,CF,11,11,11,7891.658,403,11,1,0,C,73,0,0,,,5421.658121946568,3703.29391812166,1718.3642038249081,2015.0,400.0,55.0
A_boundary_random_n11,18,D,11,11,11,8847.199,457,11,1,0,B,0,0,0,,855.4351976460488,6052.198751023401,4133.092743165537,1919.1060078578637,2285.0,455.0,55.0
A_boundary_random_n11,18,C3F,11,11,11,8847.199,457,11,1,0,B,0,0,0,,,6052.198751023401,4133.092743165537,1919.1060078578637,2285.0,455.0,55.0
A_boundary_random_n11,19,B,11,11,11,9254.493,470,11,1,0,B,0,0,0,,,6394.493081575591,4088.1199524677827,2306.3731291078075,2350.0,455.0,55.0
A_boundary_random_n11,19,C,11,11,11,8722.872,553,11,1,0,C,0,0,0,,,5357.872326644395,3673.8403273422373,1684.0319993021576,2765.0,545.0,55.0
A_boundary_random_n11,19,BF,11,11,11,9254.493,470,11,1,0,B,0,0,0,,,6394.493081575591,4088.1199524677827,2306.3731291078075,2350.0,455.0,55.0
A_boundary_random_n11,19,CF,11,11,11,8010.872,435,11,1,0,C,118,0,0,,,5357.872326644395,3673.8403273422373,1684.0319993021576,2175.0,423.0,55.0
A_boundary_random_n11,19,D,11,11,11,9254.493,470,11,1,0,B,0,0,0,,1154.5866604102823,6394.493081575591,4088.1199524677827,2306.3731291078075,2350.0,455.0,55.0
A_boundary_random_n11,19,C3F,11,11,11,9254.493,470,11,1,0,B,0,0,0,,,6394.493081575591,4088.1199524677827,2306.3731291078075,2350.0,455.0,55.0
A_boundary_random_n11,20,B,11,11,11,9482.273,501,11,1,0,B,0,0,0,,,6429.2729964872,4081.871979393182,2347.4010170940187,2505.0,493.0,55.0
A_boundary_random_n11,20,C,11,11,11,8570.285,545,11,1,0,C,0,0,0,,,5247.284656607564,3698.3438622860735,1548.940794321491,2725.0,543.0,55.0
A_boundary_random_n11,20,BF,11,11,11,9230.273,460,11,1,0,B,41,0,0,,,6429.2729964872,4081.871979393182,2347.4010170940187,2300.0,446.0,55.0
A_boundary_random_n11,20,CF,11,11,11,8114.285,469,11,1,0,C,76,0,0,,,5247.284656607564,3698.3438622860735,1548.940794321491,2345.0,467.0,55.0
A_boundary_random_n11,20,D,11,11,11,9230.273,460,11,1,0,B,41,41,0,1610.1817035824183,1072.634046063002,6429.2729964872,4081.871979393182,2347.4010170940187,2300.0,446.0,55.0
A_boundary_random_n11,20,C3F,11,11,11,9482.273,501,11,1,0,B,0,0,0,,,6429.2729964872,4081.871979393182,2347.4010170940187,2505.0,493.0,55.0
A_boundary_random_n11,21,B,11,11,11,8481.122,400,11,1,0,B,0,0,0,,,6036.121742523296,4143.703755449444,1892.4179870738508,2000.0,390.0,55.0
A_boundary_random_n11,21,C,11,11,11,8525.269,523,11,1,0,C,0,0,0,,,5356.269409264653,3739.4238878807796,1616.845521383877,2615.0,499.0,55.0
A_boundary_random_n11,21,BF,11,11,11,8481.122,400,11,1,0,B,0,0,0,,,6036.121742523296,4143.703755449444,1892.4179870738508,2000.0,390.0,55.0
A_boundary_random_n11,21,CF,11,11,11,7881.269,417,11,1,0,C,106,0,0,,,5356.269409264653,3739.4238878807796,1616.845521383877,2085.0,385.0,55.0
A_boundary_random_n11,21,D,11,11,11,8481.122,400,11,1,0,B,0,0,0,,823.3797913273221,6036.121742523296,4143.703755449444,1892.4179870738508,2000.0,390.0,55.0
A_boundary_random_n11,21,C3F,11,11,11,8481.122,400,11,1,0,B,0,0,0,,,6036.121742523296,4143.703755449444,1892.4179870738508,2000.0,390.0,55.0
A_boundary_random_n11,22,B,11,11,11,9724.852,493,11,1,0,B,0,0,0,,,6736.852284617579,4129.23956500492,2607.61271961266,2465.0,468.0,55.0
A_boundary_random_n11,22,C,11,11,11,8292.905,524,11,1,0,C,0,0,0,,,5099.904537498937,3655.594533553938,1444.3100039449994,2620.0,518.0,55.0
A_boundary_random_n11,22,BF,11,11,11,9397.852,440,11,1,0,B,53,0,0,,,6736.852284617579,4129.23956500492,2607.61271961266,2200.0,406.0,55.0
A_boundary_random_n11,22,CF,11,11,11,7669.905,420,11,1,0,C,104,0,0,,,5099.904537498937,3655.594533553938,1444.3100039449994,2100.0,415.0,55.0
A_boundary_random_n11,22,D,11,11,11,9397.852,440,11,1,0,B,53,53,0,1539.7517251850074,1132.807063994969,6736.852284617579,4129.23956500492,2607.61271961266,2200.0,406.0,55.0
A_boundary_random_n11,22,C3F,11,11,11,9724.852,493,11,1,0,B,0,0,0,,,6736.852284617579,4129.23956500492,2607.61271961266,2465.0,468.0,55.0
A_boundary_random_n11,23,B,11,11,11,9413.507,480,11,1,0,B,0,0,0,,,6483.507149155996,4089.5256650774268,2393.9814840785702,2400.0,475.0,55.0
A_boundary_random_n11,23,C,11,11,11,8811.099,538,11,1,0,C,0,0,0,,,5534.098944947525,3664.5759423764234,1869.523002571101,2690.0,532.0,55.0
A_boundary_random_n11,23,BF,11,11,11,9089.507,427,11,1,0,B,53,0,0,,,6483.507149155996,4089.5256650774268,2393.9814840785702,2135.0,416.0,55.0
A_boundary_random_n11,23,CF,11,11,11,8230.099,442,11,1,0,C,96,0,0,,,5534.098944947525,3664.5759423764234,1869.523002571101,2210.0,431.0,55.0
A_boundary_random_n11,23,D,11,11,11,9089.507,427,11,1,0,B,53,53,0,1537.4917621450854,1440.8899665903512,6483.507149155996,4089.5256650774268,2393.9814840785702,2135.0,416.0,55.0
A_boundary_random_n11,23,C3F,11,11,11,9413.507,480,11,1,0,B,0,0,0,,,6483.507149155996,4089.5256650774268,2393.9814840785702,2400.0,475.0,55.0
A_boundary_random_n11,24,B,11,11,11,8281.358,418,11,1,0,B,0,0,0,,,5725.358476559439,4081.871979393182,1643.4864971662564,2090.0,411.0,55.0
A_boundary_random_n11,24,C,11,11,11,7631.897,475,11,1,0,C,0,0,0,,,4729.896682840664,3676.8372298282907,1053.0594530123728,2375.0,472.0,55.0
A_boundary_random_n11,24,BF,11,11,11,8243.358,411,11,1,0,B,7,0,0,,,5725.358476559439,4081.871979393182,1643.4864971662564,2055.0,408.0,55.0
A_boundary_random_n11,24,CF,11,11,11,7139.897,393,11,1,0,C,82,0,0,,,4729.896682840664,3676.8372298282907,1053.0594530123728,1965.0,390.0,55.0
A_boundary_random_n11,24,D,11,11,11,8243.358,411,11,1,0,B,7,7,0,1561.98910895058,1005.7913454544805,5725.358476559439,4081.871979393182,1643.4864971662564,2055.0,408.0,55.0
A_boundary_random_n11,24,C3F,11,11,11,8281.358,418,11,1,0,B,0,0,0,,,5725.358476559439,4081.871979393182,1643.4864971662564,2090.0,411.0,55.0
A_boundary_random_n11,25,B,11,11,11,8406.837,414,11,1,0,B,0,0,0,,,5871.837229255736,4125.645249313017,1746.1919799427185,2070.0,410.0,55.0
A_boundary_random_n11,25,C,11,11,11,8567.737,507,11,1,0,C,0,0,0,,,5476.736919385207,3639.355290779106,1837.3816286061028,2535.0,501.0,55.0
A_boundary_random_n11,25,BF,11,11,11,8316.837,399,11,1,0,B,15,0,0,,,5871.837229255736,4125.645249313017,1746.1919799427185,1995.0,395.0,55.0
A_boundary_random_n11,25,CF,11,11,11,8105.737,430,11,1,0,C,77,0,0,,,5476.736919385207,3639.355290779106,1837.3816286061028,2150.0,424.0,55.0
A_boundary_random_n11,25,D,11,11,11,8316.837,399,11,1,0,B,15,15,0,1779.2254073424458,1486.5478111516477,5871.837229255736,4125.645249313017,1746.1919799427185,1995.0,395.0,55.0
A_boundary_random_n11,25,C3F,11,11,11,8406.837,414,11,1,0,B,0,0,0,,,5871.837229255736,4125.645249313017,1746.1919799427185,2070.0,410.0,55.0
A_boundary_outward_n11,1,B,11,11,11,9828.755,482,11,1,0,B,0,0,0,,,6900.754666012762,4153.282830163231,2747.4718358495325,2410.0,463.0,55.0
A_boundary_outward_n11,1,C,11,11,11,14471.395,984,11,1,0,C,0,0,0,,,8528.394714432177,3654.88367904704,4873.511035385138,4920.0,968.0,55.0
A_boundary_outward_n11,1,BF,11,11,11,9556.755,438,11,1,0,B,44,0,0,,,6900.754666012762,4153.282830163231,2747.4718358495325,2190.0,411.0,55.0
A_boundary_outward_n11,1,CF,11,11,11,12192.395,606,11,1,0,C,378,0,0,,,8528.394714432177,3654.88367904704,4873.511035385138,3030.0,579.0,55.0
A_boundary_outward_n11,1,D,11,11,11,9556.755,438,11,1,0,B,44,44,0,1529.18612192195,1497.5172376702992,6900.754666012762,4153.282830163231,2747.4718358495325,2190.0,411.0,55.0
A_boundary_outward_n11,1,C3F,11,11,11,9828.755,482,11,1,0,B,0,0,0,,,6900.754666012762,4153.282830163231,2747.4718358495325,2410.0,463.0,55.0
A_boundary_outward_n11,2,B,11,11,11,8897.611,401,11,1,0,B,0,0,0,,,6450.610830620706,4081.871979393182,2368.738851227525,2005.0,387.0,55.0
A_boundary_outward_n11,2,C,11,11,11,9989.058,642,11,1,0,C,0,0,0,,,6089.057992360152,3686.7422514896152,2402.3157408705392,3210.0,635.0,55.0
A_boundary_outward_n11,2,BF,11,11,11,8897.611,401,11,1,0,B,0,0,0,,,6450.610830620706,4081.871979393182,2368.738851227525,2005.0,387.0,55.0
A_boundary_outward_n11,2,CF,11,11,11,9049.058,486,11,1,0,C,156,0,0,,,6089.057992360152,3686.7422514896152,2402.3157408705392,2430.0,475.0,55.0
A_boundary_outward_n11,2,D,11,11,11,8897.611,401,11,1,0,B,0,0,0,,1089.2845112247317,6450.610830620706,4081.871979393182,2368.738851227525,2005.0,387.0,55.0
A_boundary_outward_n11,2,C3F,11,11,11,8897.611,401,11,1,0,B,0,0,0,,,6450.610830620706,4081.871979393182,2368.738851227525,2005.0,387.0,55.0
A_boundary_outward_n11,3,B,11,11,11,9064.094,475,11,1,0,B,0,0,0,,,6173.094448368805,4114.662902433642,2058.4315459351624,2375.0,461.0,55.0
A_boundary_outward_n11,3,C,11,11,11,11416.133,793,11,1,0,C,0,0,0,,,6609.132666426533,3650.1352135579327,2958.9974528685984,3965.0,787.0,55.0
A_boundary_outward_n11,3,BF,11,11,11,8968.094,459,11,1,0,B,16,0,0,,,6173.094448368805,4114.662902433642,2058.4315459351624,2295.0,445.0,55.0
A_boundary_outward_n11,3,CF,11,11,11,10386.133,622,11,1,0,C,171,0,0,,,6609.132666426533,3650.1352135579327,2958.9974528685984,3110.0,612.0,55.0
A_boundary_outward_n11,3,D,11,11,11,8968.094,459,11,1,0,B,16,16,0,1634.0875673918329,1453.5670372363554,6173.094448368805,4114.662902433642,2058.4315459351624,2295.0,445.0,55.0
A_boundary_outward_n11,3,C3F,11,11,11,9064.094,475,11,1,0,B,0,0,0,,,6173.094448368805,4114.662902433642,2058.4315459351624,2375.0,461.0,55.0
A_boundary_outward_n11,4,B,11,11,11,8619.201,428,11,1,0,B,0,0,0,,,6005.201343506744,4128.9199045429195,1876.281438963822,2140.0,419.0,55.0
A_boundary_outward_n11,4,C,11,11,11,9755.839,643,11,1,0,C,0,0,0,,,5849.838530432883,3726.232813083705,2123.6057173491768,3215.0,636.0,55.0
A_boundary_outward_n11,4,BF,11,11,11,8619.201,428,11,1,0,B,0,0,0,,,6005.201343506744,4128.9199045429195,1876.281438963822,2140.0,419.0,55.0
A_boundary_outward_n11,4,CF,11,11,11,8992.839,516,11,1,0,C,127,0,0,,,5849.838530432883,3726.232813083705,2123.6057173491768,2580.0,508.0,55.0
A_boundary_outward_n11,4,D,11,11,11,8619.201,428,11,1,0,B,0,0,0,,1087.707649004078,6005.201343506744,4128.9199045429195,1876.281438963822,2140.0,419.0,55.0
A_boundary_outward_n11,4,C3F,11,11,11,8619.201,428,11,1,0,B,0,0,0,,,6005.201343506744,4128.9199045429195,1876.281438963822,2140.0,419.0,55.0
A_boundary_outward_n11,5,B,11,11,11,9834.319,528,11,1,0,B,0,0,0,,,6625.318919184642,4155.928712426159,2469.390206758486,2640.0,514.0,55.0
A_boundary_outward_n11,5,C,11,11,11,12609.597,808,11,1,0,C,0,0,0,,,7734.597191421628,3662.097539095867,4072.4996523257646,4040.0,780.0,55.0
A_boundary_outward_n11,5,BF,11,11,11,9500.319,475,11,1,0,B,53,0,0,,,6625.318919184642,4155.928712426159,2469.390206758486,2375.0,445.0,55.0
A_boundary_outward_n11,5,CF,11,11,11,11447.597,618,11,1,0,C,190,0,0,,,7734.597191421628,3662.097539095867,4072.4996523257646,3090.0,568.0,55.0
A_boundary_outward_n11,5,D,11,11,11,9500.319,475,11,1,0,B,53,53,0,1542.9374953086804,1495.1198489506885,6625.318919184642,4155.928712426159,2469.390206758486,2375.0,445.0,55.0
A_boundary_outward_n11,5,C3F,11,11,11,9834.319,528,11,1,0,B,0,0,0,,,6625.318919184642,4155.928712426159,2469.390206758486,2640.0,514.0,55.0
A_boundary_outward_n11,6,B,11,11,11,9733.032,509,11,1,0,B,0,0,0,,,6643.031524476709,4162.005590048969,2481.0259344277406,2545.0,490.0,55.0
A_boundary_outward_n11,6,C,11,11,11,9218.729,625,11,1,0,C,0,0,0,,,5422.729354385345,3653.8809106198764,1768.8484437654688,3125.0,616.0,55.0
A_boundary_outward_n11,6,BF,11,11,11,9463.032,464,11,1,0,B,45,0,0,,,6643.031524476709,4162.005590048969,2481.0259344277406,2320.0,445.0,55.0
A_boundary_outward_n11,6,CF,11,11,11,8373.729,485,11,1,0,C,140,0,0,,,5422.729354385345,3653.8809106198764,1768.8484437654688,2425.0,471.0,55.0
A_boundary_outward_n11,6,D,11,11,11,9463.032,464,11,1,0,B,45,45,0,1561.0925630624458,1477.9366597074973,6643.031524476709,4162.005590048969,2481.0259344277406,2320.0,445.0,55.0
A_boundary_outward_n11,6,C3F,11,11,11,9733.032,509,11,1,0,B,0,0,0,,,6643.031524476709,4162.005590048969,2481.0259344277406,2545.0,490.0,55.0
A_boundary_outward_n11,7,B,11,11,11,8763.613,414,11,1,0,B,0,0,0,,,6234.612969070704,4125.897911236744,2108.715057833958,2070.0,404.0,55.0
A_boundary_outward_n11,7,C,11,11,11,11391.542,764,11,1,0,C,0,0,0,,,6763.541850114967,3637.181039097987,3126.3608110169826,3820.0,753.0,55.0
A_boundary_outward_n11,7,BF,11,11,11,8571.613,382,11,1,0,B,32,0,0,,,6234.612969070704,4125.897911236744,2108.715057833958,1910.0,372.0,55.0
A_boundary_outward_n11,7,CF,11,11,11,10238.542,572,11,1,0,C,192,0,0,,,6763.541850114967,3637.181039097987,3126.3608110169826,2860.0,560.0,55.0
A_boundary_outward_n11,7,D,11,11,11,8571.613,382,11,1,0,B,32,32,0,1575.07335823639,1455.92110962346,6234.612969070704,4125.897911236744,2108.715057833958,1910.0,372.0,55.0
A_boundary_outward_n11,7,C3F,11,11,11,8763.613,414,11,1,0,B,0,0,0,,,6234.612969070704,4125.897911236744,2108.715057833958,2070.0,404.0,55.0
A_boundary_outward_n11,8,B,11,11,11,7711.289,387,11,1,0,B,0,0,0,,,5337.289220301243,4108.727659119077,1228.5615611821665,1935.0,384.0,55.0
A_boundary_outward_n11,8,C,11,11,11,11681.211,841,11,1,0,C,0,0,0,,,6586.211131670532,3659.836744397561,2926.374387272972,4205.0,835.0,55.0
A_boundary_outward_n11,8,BF,11,11,11,7711.289,387,11,1,0,B,0,0,0,,,5337.289220301243,4108.727659119077,1228.5615611821665,1935.0,384.0,55.0
A_boundary_outward_n11,8,CF,11,11,11,10130.211,585,11,1,0,C,256,0,0,,,6586.211131670532,3659.836744397561,2926.374387272972,2925.0,564.0,55.0
A_boundary_outward_n11,8,D,11,11,11,7711.289,387,11,1,0,B,0,0,0,,1100.7086896152205,5337.289220301243,4108.727659119077,1228.5615611821665,1935.0,384.0,55.0
A_boundary_outward_n11,8,C3F,11,11,11,7711.289,387,11,1,0,B,0,0,0,,,5337.289220301243,4108.727659119077,1228.5615611821665,1935.0,384.0,55.0
A_boundary_outward_n11,9,B,11,11,11,11082.519,666,11,1,0,B,0,0,0,,,7045.518745332204,4098.684338061404,2946.8344072708,3330.0,652.0,55.0
A_boundary_outward_n11,9,C,11,11,11,13693.03,952,11,1,0,C,0,0,0,,,7940.02975622393,3685.30393016985,4254.72582605408,4760.0,938.0,55.0
A_boundary_outward_n11,9,BF,11,11,11,10489.519,569,11,1,0,B,97,0,0,,,7045.518745332204,4098.684338061404,2946.8344072708,2845.0,544.0,55.0
A_boundary_outward_n11,9,CF,11,11,11,11854.03,648,11,1,0,C,304,0,0,,,7940.02975622393,3685.30393016985,4254.72582605408,3240.0,619.0,55.0
A_boundary_outward_n11,9,D,11,11,11,10489.519,569,11,1,0,B,97,97,0,1511.0298650905377,1498.3953452151677,7045.518745332204,4098.684338061404,2946.8344072708,2845.0,544.0,55.0
A_boundary_outward_n11,9,C3F,11,11,11,11082.519,666,11,1,0,B,0,0,0,,,7045.518745332204,4098.684338061404,2946.8344072708,3330.0,652.0,55.0
A_boundary_outward_n11,10,B,11,11,11,8024.369,418,11,1,0,B,0,0,0,,,5469.368835542523,4138.962726114367,1330.4061094281542,2090.0,410.0,55.0
A_boundary_outward_n11,10,C,11,11,11,9779.207,675,11,1,0,C,0,0,0,,,5689.2068720112375,3641.224109054468,2047.9827629567696,3375.0,660.0,55.0
A_boundary_outward_n11,10,BF,11,11,11,7934.369,403,11,1,0,B,15,0,0,,,5469.368835542523,4138.962726114367,1330.4061094281542,2015.0,395.0,55.0
A_boundary_outward_n11,10,CF,11,11,11,8833.207,518,11,1,0,C,157,0,0,,,5689.2068720112375,3641.224109054468,2047.9827629567696,2590.0,499.0,55.0
A_boundary_outward_n11,10,D,11,11,11,7934.369,403,11,1,0,B,15,15,0,1718.590220312646,1443.6202911206606,5469.368835542523,4138.962726114367,1330.4061094281542,2015.0,395.0,55.0
A_boundary_outward_n11,10,C3F,11,11,11,8024.369,418,11,1,0,B,0,0,0,,,5469.368835542523,4138.962726114367,1330.4061094281542,2090.0,410.0,55.0
A_boundary_outward_n11,11,B,11,11,11,10355.59,597,11,1,0,B,0,0,0,,,6719.590443897538,4110.5316618512215,2609.058782046316,2985.0,596.0,55.0
A_boundary_outward_n11,11,C,11,11,11,13066.528,889,11,1,0,C,0,0,0,,,7688.527757100426,3633.7201888117934,4054.807568288636,4445.0,878.0,55.0
A_boundary_outward_n11,11,BF,11,11,11,9703.59,490,11,1,0,B,107,0,0,,,6719.590443897538,4110.5316618512215,2609.058782046316,2450.0,479.0,55.0
A_boundary_outward_n11,11,CF,11,11,11,11629.528,650,11,1,0,C,239,0,0,,,7688.527757100426,3633.7201888117934,4054.807568288636,3250.0,636.0,55.0
A_boundary_outward_n11,11,D,11,11,11,9703.59,490,11,1,0,B,107,107,0,1544.4444325270088,1479.030709412781,6719.590443897538,4110.5316618512215,2609.058782046316,2450.0,479.0,55.0
A_boundary_outward_n11,11,C3F,11,11,11,10355.59,597,11,1,0,B,0,0,0,,,6719.590443897538,4110.5316618512215,2609.058782046316,2985.0,596.0,55.0
A_boundary_outward_n11,12,B,11,11,11,8354.281,387,11,1,0,B,0,0,0,,,5992.280505286023,4128.875080430259,1863.4054248557668,1935.0,372.0,55.0
A_boundary_outward_n11,12,C,11,11,11,10601.976,749,11,1,0,C,0,0,0,,,6059.975775658969,3635.4791065738577,2424.4966690851093,3745.0,742.0,55.0
A_boundary_outward_n11,12,BF,11,11,11,8258.281,371,11,1,0,B,16,0,0,,,5992.280505286023,4128.875080430259,1863.4054248557668,1855.0,356.0,55.0
A_boundary_outward_n11,12,CF,11,11,11,9515.976,570,11,1,0,C,179,0,0,,,6059.975775658969,3635.4791065738577,2424.4966690851093,2850.0,551.0,55.0
A_boundary_outward_n11,12,D,11,11,11,8258.281,371,11,1,0,B,16,16,0,1507.1522578865122,1401.2811628489685,5992.280505286023,4128.875080430259,1863.4054248557668,1855.0,356.0,55.0
A_boundary_outward_n11,12,C3F,11,11,11,8354.281,387,11,1,0,B,0,0,0,,,5992.280505286023,4128.875080430259,1863.4054248557668,1935.0,372.0,55.0
A_boundary_outward_n11,13,B,11,11,11,9318.421,511,11,1,0,B,0,0,0,,,6198.421113887717,4086.332123401132,2112.0889904865858,2555.0,510.0,55.0
A_boundary_outward_n11,13,C,11,11,11,12557.28,785,11,1,0,C,0,0,0,,,7819.2803017303695,3633.008735208552,4186.271566521819,3925.0,758.0,55.0
A_boundary_outward_n11,13,BF,11,11,11,9279.421,505,11,1,0,B,6,0,0,,,6198.421113887717,4086.332123401132,2112.0889904865858,2525.0,501.0,55.0
A_boundary_outward_n11,13,CF,11,11,11,11409.28,595,11,1,0,C,190,0,0,,,7819.2803017303695,3633.008735208552,4186.271566521819,2975.0,560.0,55.0
A_boundary_outward_n11,13,D,11,11,11,9279.421,505,11,1,0,B,6,6,0,1527.6144754516909,1460.943403570273,6198.421113887717,4086.332123401132,2112.0889904865858,2525.0,501.0,55.0
A_boundary_outward_n11,13,C3F,11,11,11,9318.421,511,11,1,0,B,0,0,0,,,6198.421113887717,4086.332123401132,2112.0889904865858,2555.0,510.0,55.0
A_boundary_outward_n11,14,B,11,11,11,8349.772,415,11,1,0,B,0,0,0,,,5812.7724523416255,4109.557176158416,1703.215276183211,2075.0,407.0,55.0
A_boundary_outward_n11,14,C,11,11,11,11484.625,793,11,1,0,C,0,0,0,,,6676.625268424375,3672.554702205092,3004.0705662192822,3965.0,788.0,55.0
A_boundary_outward_n11,14,BF,11,11,11,8349.772,415,11,1,0,B,0,0,0,,,5812.7724523416255,4109.557176158416,1703.215276183211,2075.0,407.0,55.0
A_boundary_outward_n11,14,CF,11,11,11,10275.625,592,11,1,0,C,201,0,0,,,6676.625268424375,3672.554702205092,3004.0705662192822,2960.0,584.0,55.0
A_boundary_outward_n11,14,D,11,11,11,8349.772,415,11,1,0,B,0,0,0,,1065.8509582625036,5812.7724523416255,4109.557176158416,1703.215276183211,2075.0,407.0,55.0
A_boundary_outward_n11,14,C3F,11,11,11,8349.772,415,11,1,0,B,0,0,0,,,5812.7724523416255,4109.557176158416,1703.215276183211,2075.0,407.0,55.0
A_boundary_outward_n11,15,B,11,11,11,9006.813,530,11,1,0,B,0,0,0,,,5786.813376728083,4137.794045869101,1649.019330858981,2650.0,515.0,55.0
A_boundary_outward_n11,15,C,11,11,11,11111.685,820,11,1,0,C,0,0,0,,,6138.685396672481,3631.0805078271187,2507.6048888453643,4100.0,818.0,55.0
A_boundary_outward_n11,15,BF,11,11,11,8803.813,497,11,1,0,B,33,0,0,,,5786.813376728083,4137.794045869101,1649.019330858981,2485.0,477.0,55.0
A_boundary_outward_n11,15,CF,11,11,11,9725.685,590,11,1,0,C,230,0,0,,,6138.685396672481,3631.0805078271187,2507.6048888453643,2950.0,582.0,55.0
A_boundary_outward_n11,15,D,11,11,11,8803.813,497,11,1,0,B,33,33,0,1514.569515927843,1450.2772984188384,5786.813376728083,4137.794045869101,1649.019330858981,2485.0,477.0,55.0
A_boundary_outward_n11,15,C3F,11,11,11,9006.813,530,11,1,0,B,0,0,0,,,5786.813376728083,4137.794045869101,1649.019330858981,2650.0,515.0,55.0
A_boundary_outward_n11,16,B,11,11,11,8323.512,380,11,1,0,B,0,0,0,,,5994.511866842708,4090.761568387011,1903.7502984556982,1900.0,374.0,55.0
A_boundary_outward_n11,16,C,11,11,11,10491.599,720,11,1,0,C,0,0,0,,,6121.599139707924,3651.691726056386,2469.9074136515364,3600.0,715.0,55.0
A_boundary_outward_n11,16,BF,11,11,11,8323.512,380,11,1,0,B,0,0,0,,,5994.511866842708,4090.761568387011,1903.7502984556982,1900.0,374.0,55.0
A_boundary_outward_n11,16,CF,11,11,11,9422.599,544,11,1,0,C,176,0,0,,,6121.599139707924,3651.691726056386,2469.9074136515364,2720.0,526.0,55.0
A_boundary_outward_n11,16,D,11,11,11,8323.512,380,11,1,0,B,0,0,0,,1087.8903158254159,5994.511866842708,4090.761568387011,1903.7502984556982,1900.0,374.0,55.0
A_boundary_outward_n11,16,C3F,11,11,11,8323.512,380,11,1,0,B,0,0,0,,,5994.511866842708,4090.761568387011,1903.7502984556982,1900.0,374.0,55.0
A_boundary_outward_n11,17,B,11,11,11,9171.362,451,11,1,0,B,0,0,0,,,6428.361953318696,4084.5145081260666,2343.8474451926286,2255.0,433.0,55.0
A_boundary_outward_n11,17,C,11,11,11,10784.246,737,11,1,0,C,0,0,0,,,6319.245586789725,3633.490439200577,2685.7551475891505,3685.0,725.0,55.0
A_boundary_outward_n11,17,BF,11,11,11,9019.362,426,11,1,0,B,25,0,0,,,6428.361953318696,4084.5145081260666,2343.8474451926286,2130.0,406.0,55.0
A_boundary_outward_n11,17,CF,11,11,11,9687.246,555,11,1,0,C,182,0,0,,,6319.245586789725,3633.490439200577,2685.7551475891505,2775.0,538.0,55.0
A_boundary_outward_n11,17,D,11,11,11,9019.362,426,11,1,0,B,25,25,0,1573.218781610938,1281.756987969626,6428.361953318696,4084.5145081260666,2343.8474451926286,2130.0,406.0,55.0
A_boundary_outward_n11,17,C3F,11,11,11,9171.362,451,11,1,0,B,0,0,0,,,6428.361953318696,4084.5145081260666,2343.8474451926286,2255.0,433.0,55.0
A_boundary_outward_n11,18,B,11,11,11,7978.304,402,11,1,0,B,0,0,0,,,5515.303785548807,4190.591490265983,1324.7122952828245,2010.0,398.0,55.0
A_boundary_outward_n11,18,C,11,11,11,11785.318,808,11,1,0,C,0,0,0,,,6898.318073946557,3633.427596121322,3264.8904778252368,4040.0,792.0,55.0
A_boundary_outward_n11,18,BF,11,11,11,7978.304,402,11,1,0,B,0,0,0,,,5515.303785548807,4190.591490265983,1324.7122952828245,2010.0,398.0,55.0
A_boundary_outward_n11,18,CF,11,11,11,10489.318,593,11,1,0,C,215,0,0,,,6898.318073946557,3633.427596121322,3264.8904778252368,2965.0,571.0,55.0
A_boundary_outward_n11,18,D,11,11,11,7978.304,402,11,1,0,B,0,0,0,,705.410513928988,5515.303785548807,4190.591490265983,1324.7122952828245,2010.0,398.0,55.0
A_boundary_outward_n11,18,C3F,11,11,11,7978.304,402,11,1,0,B,0,0,0,,,5515.303785548807,4190.591490265983,1324.7122952828245,2010.0,398.0,55.0
A_boundary_outward_n11,19,B,11,11,11,8518.91,443,11,1,0,B,0,0,0,,,5821.909666567608,4097.42622534167,1724.4834412259374,2215.0,427.0,55.0
A_boundary_outward_n11,19,C,11,11,11,13632.356,975,11,1,0,C,0,0,0,,,7728.356101184896,3664.591737347945,4063.764363836955,4875.0,974.0,55.0
A_boundary_outward_n11,19,BF,11,11,11,8434.91,429,11,1,0,B,14,0,0,,,5821.909666567608,4097.42622534167,1724.4834412259374,2145.0,413.0,55.0
A_boundary_outward_n11,19,CF,11,11,11,11770.356,666,11,1,0,C,309,0,0,,,7728.356101184896,3664.591737347945,4063.764363836955,3330.0,657.0,55.0
A_boundary_outward_n11,19,D,11,11,11,8434.91,429,11,1,0,B,14,14,0,1520.2497687989558,1271.4566440245217,5821.909666567608,4097.42622534167,1724.4834412259374,2145.0,413.0,55.0
A_boundary_outward_n11,19,C3F,11,11,11,8518.91,443,11,1,0,B,0,0,0,,,5821.909666567608,4097.42622534167,1724.4834412259374,2215.0,427.0,55.0
A_boundary_outward_n11,20,B,11,11,11,8830.014,442,11,1,0,B,0,0,0,,,6149.014133292866,4082.150813857946,2066.863319434921,2210.0,416.0,55.0
A_boundary_outward_n11,20,C,11,11,11,9585.387,684,11,1,0,C,0,0,0,,,5437.3872757533245,3655.753251985412,1781.6340237679128,3420.0,673.0,55.0
A_boundary_outward_n11,20,BF,11,11,11,8740.014,427,11,1,0,B,15,0,0,,,6149.014133292866,4082.150813857946,2066.863319434921,2135.0,401.0,55.0
A_boundary_outward_n11,20,CF,11,11,11,8672.387,532,11,1,0,C,152,0,0,,,5437.3872757533245,3655.753251985412,1781.6340237679128,2660.0,520.0,55.0
A_boundary_outward_n11,20,D,11,11,11,8740.014,427,11,1,0,B,15,15,0,1753.0514635380423,1472.6468328052474,6149.014133292866,4082.150813857946,2066.863319434921,2135.0,401.0,55.0
A_boundary_outward_n11,20,C3F,11,11,11,8830.014,442,11,1,0,B,0,0,0,,,6149.014133292866,4082.150813857946,2066.863319434921,2210.0,416.0,55.0
A_boundary_outward_n11,21,B,11,11,11,9520.312,531,11,1,0,B,0,0,0,,,6289.311713775166,4094.437432048263,2194.874281726906,2655.0,521.0,55.0
A_boundary_outward_n11,21,C,11,11,11,14411.656,1012,11,1,0,C,0,0,0,,,8294.655917273541,3636.5721795013105,4658.083737772237,5060.0,1002.0,55.0
A_boundary_outward_n11,21,BF,11,11,11,9116.312,464,11,1,0,B,67,0,0,,,6289.311713775166,4094.437432048263,2194.874281726906,2320.0,452.0,55.0
A_boundary_outward_n11,21,CF,11,11,11,12431.656,685,11,1,0,C,327,0,0,,,8294.655917273541,3636.5721795013105,4658.083737772237,3425.0,657.0,55.0
A_boundary_outward_n11,21,D,11,11,11,9116.312,464,11,1,0,B,67,67,0,1515.0048340045612,1487.977808751433,6289.311713775166,4094.437432048263,2194.874281726906,2320.0,452.0,55.0
A_boundary_outward_n11,21,C3F,11,11,11,9520.312,531,11,1,0,B,0,0,0,,,6289.311713775166,4094.437432048263,2194.874281726906,2655.0,521.0,55.0
A_boundary_outward_n11,22,B,11,11,11,8688.907,422,11,1,0,B,0,0,0,,,6107.906528894134,4103.7471062514305,2004.1594226427032,2110.0,416.0,55.0
A_boundary_outward_n11,22,C,11,11,11,9975.097,649,11,1,0,C,0,0,0,,,6050.097357651478,3702.3074704462956,2347.7898872051833,3245.0,625.0,55.0
A_boundary_outward_n11,22,BF,11,11,11,8688.907,422,11,1,0,B,0,0,0,,,6107.906528894134,4103.7471062514305,2004.1594226427032,2110.0,416.0,55.0
A_boundary_outward_n11,22,CF,11,11,11,9280.097,534,11,1,0,C,115,0,0,,,6050.097357651478,3702.3074704462956,2347.7898872051833,2670.0,505.0,55.0
A_boundary_outward_n11,22,D,11,11,11,8688.907,422,11,1,0,B,0,0,0,,967.8504465608188,6107.906528894134,4103.7471062514305,2004.1594226427032,2110.0,416.0,55.0
A_boundary_outward_n11,22,C3F,11,11,11,8688.907,422,11,1,0,B,0,0,0,,,6107.906528894134,4103.7471062514305,2004.1594226427032,2110.0,416.0,55.0
A_boundary_outward_n11,23,B,11,11,11,9722.586,513,11,1,0,B,0,0,0,,,6609.586362867475,4146.809151867883,2462.7772109995904,2565.0,493.0,55.0
A_boundary_outward_n11,23,C,11,11,11,13425.738,934,11,1,0,C,0,0,0,,,7777.737736217241,3652.5053030736426,4125.232433143606,4670.0,923.0,55.0
A_boundary_outward_n11,23,BF,11,11,11,9379.586,458,11,1,0,B,55,0,0,,,6609.586362867475,4146.809151867883,2462.7772109995904,2290.0,425.0,55.0
A_boundary_outward_n11,23,CF,11,11,11,11575.738,629,11,1,0,C,305,0,0,,,7777.737736217241,3652.5053030736426,4125.232433143606,3145.0,598.0,55.0
A_boundary_outward_n11,23,D,11,11,11,9379.586,458,11,1,0,B,55,55,0,1530.128788493197,1428.7316676540343,6609.586362867475,4146.809151867883,2462.7772109995904,2290.0,425.0,55.0
A_boundary_outward_n11,23,C3F,11,11,11,9722.586,513,11,1,0,B,0,0,0,,,6609.586362867475,4146.809151867883,2462.7772109995904,2565.0,493.0,55.0
A_boundary_outward_n11,24,B,11,11,11,9510.902,495,11,1,0,B,0,0,0,,,6515.902377540533,4109.59571363831,2406.3066639022227,2475.0,465.0,55.0
A_boundary_outward_n11,24,C,11,11,11,11744.381,772,11,1,0,C,0,0,0,,,7076.381404233915,3663.1549621374256,3413.226442096492,3860.0,753.0,55.0
A_boundary_outward_n11,24,BF,11,11,11,9342.902,467,11,1,0,B,28,0,0,,,6515.902377540533,4109.59571363831,2406.3066639022227,2335.0,437.0,55.0
A_boundary_outward_n11,24,CF,11,11,11,10465.381,561,11,1,0,C,211,0,0,,,7076.381404233915,3663.1549621374256,3413.226442096492,2805.0,529.0,55.0
A_boundary_outward_n11,24,D,11,11,11,9342.902,467,11,1,0,B,28,28,0,1505.5236604236186,1408.8178925660307,6515.902377540533,4109.59571363831,2406.3066639022227,2335.0,437.0,55.0
A_boundary_outward_n11,24,C3F,11,11,11,9510.902,495,11,1,0,B,0,0,0,,,6515.902377540533,4109.59571363831,2406.3066639022227,2475.0,465.0,55.0
A_boundary_outward_n11,25,B,11,11,11,9351.898,500,11,1,0,B,0,0,0,,,6310.897964230893,4134.250885215552,2176.647079015342,2500.0,486.0,55.0
A_boundary_outward_n11,25,C,11,11,11,13100.019,904,11,1,0,C,0,0,0,,,7640.019099852001,3660.0076006516542,3980.011499200351,4520.0,885.0,55.0
A_boundary_outward_n11,25,BF,11,11,11,9101.898,459,11,1,0,B,41,0,0,,,6310.897964230893,4134.250885215552,2176.647079015342,2295.0,441.0,55.0
A_boundary_outward_n11,25,CF,11,11,11,11691.019,672,11,1,0,C,232,0,0,,,7640.019099852001,3660.0076006516542,3980.011499200351,3360.0,636.0,55.0
A_boundary_outward_n11,25,D,11,11,11,9101.898,459,11,1,0,B,41,41,0,1528.2442055671456,1458.994038279439,6310.897964230893,4134.250885215552,2176.647079015342,2295.0,441.0,55.0
A_boundary_outward_n11,25,C3F,11,11,11,9351.898,500,11,1,0,B,0,0,0,,,6310.897964230893,4134.250885215552,2176.647079015342,2500.0,486.0,55.0
A_normal_n12,1,B,12,12,12,8825.085,391,12,1,4,B,0,0,0,,,6426.085241558146,4081.871979393182,2344.2132621649625,1955.0,384.0,60.0
A_normal_n12,1,C,12,12,12,7171.754,359,12,1,4,C,0,0,0,,,4958.7536306224965,3776.82045384044,1181.933176782056,1795.0,358.0,60.0
A_normal_n12,1,BF,12,12,12,8741.085,377,12,1,4,B,14,0,0,,,6426.085241558146,4081.871979393182,2344.2132621649625,1885.0,370.0,60.0
A_normal_n12,1,CF,12,12,12,6919.754,317,12,1,4,C,42,0,0,,,4958.7536306224965,3776.82045384044,1181.933176782056,1585.0,316.0,60.0
A_normal_n12,1,D,12,12,12,6919.754,317,12,1,4,C,42,42,0,1573.6071726795037,1491.3736706647207,4958.7536306224965,3776.82045384044,1181.933176782056,1585.0,316.0,60.0
A_normal_n12,1,C3F,12,12,12,6919.754,317,12,1,4,C,42,0,0,,,4958.7536306224965,3776.82045384044,1181.933176782056,1585.0,316.0,60.0
A_normal_n12,2,B,12,12,12,8276.417,352,12,1,5,B,0,0,0,,,6113.417479184649,4124.968951698906,1988.4485274857454,1760.0,343.0,60.0
A_normal_n12,2,C,12,12,12,7651.057,387,12,1,5,C,0,0,0,,,5278.056869956357,3646.2084784985163,1631.8483914578403,1935.0,378.0,60.0
A_normal_n12,2,BF,12,12,12,8192.417,338,12,1,5,B,14,0,0,,,6113.417479184649,4124.968951698906,1988.4485274857454,1690.0,329.0,60.0
A_normal_n12,2,CF,12,12,12,7381.057,342,12,1,5,C,45,0,0,,,5278.056869956357,3646.2084784985163,1631.8483914578403,1710.0,333.0,60.0
A_normal_n12,2,D,12,12,12,7381.057,342,12,1,5,C,45,45,0,1506.3489002060173,1486.5147773857905,5278.056869956357,3646.2084784985163,1631.8483914578403,1710.0,333.0,60.0
A_normal_n12,2,C3F,12,12,12,7381.057,342,12,1,5,C,45,0,0,,,5278.056869956357,3646.2084784985163,1631.8483914578403,1710.0,333.0,60.0
A_normal_n12,3,B,12,12,12,8636.644,371,12,1,3,B,0,0,0,,,6368.644264739368,4109.178384652307,2259.4658800870643,1855.0,353.0,60.0
A_normal_n12,3,C,12,12,12,8349.068,421,12,1,3,C,0,0,0,,,5782.067728935349,3692.3934605820714,2089.674268353281,2105.0,402.0,60.0
A_normal_n12,3,BF,12,12,12,8618.644,368,12,1,3,B,3,0,0,,,6368.644264739368,4109.178384652307,2259.4658800870643,1840.0,350.0,60.0
A_normal_n12,3,CF,12,12,12,8100.068,379,12,1,3,C,42,0,0,,,5782.067728935349,3692.3934605820714,2089.674268353281,1895.0,363.0,60.0
A_normal_n12,3,D,12,12,12,8100.068,379,12,1,3,C,42,42,0,1538.4857061073594,1486.8443109030927,5782.067728935349,3692.3934605820714,2089.674268353281,1895.0,363.0,60.0
A_normal_n12,3,C3F,12,12,12,8100.068,379,12,1,3,C,42,0,0,,,5782.067728935349,3692.3934605820714,2089.674268353281,1895.0,363.0,60.0
A_normal_n12,4,B,12,12,12,9271.202,358,12,1,3,B,0,0,0,,,7097.2022831937375,4118.074605186313,2979.1276780074277,1790.0,324.0,60.0
A_normal_n12,4,C,12,12,12,7798.902,467,12,1,3,C,0,0,0,,,4947.90236900817,3676.7403433230306,1271.1620256851393,2335.0,456.0,60.0
A_normal_n12,4,BF,12,12,12,9229.202,351,12,1,3,B,7,0,0,,,7097.2022831937375,4118.074605186313,2979.1276780074277,1755.0,317.0,60.0
A_normal_n12,4,CF,12,12,12,7263.902,377,12,1,3,C,90,0,0,,,4947.90236900817,3676.7403433230306,1271.1620256851393,1885.0,371.0,60.0
A_normal_n12,4,D,12,12,12,7263.902,377,12,1,3,C,90,90,0,1506.9528359316319,1468.1064926130523,4947.90236900817,3676.7403433230306,1271.1620256851393,1885.0,371.0,60.0
A_normal_n12,4,C3F,12,12,12,7263.902,377,12,1,3,C,90,0,0,,,4947.90236900817,3676.7403433230306,1271.1620256851393,1885.0,371.0,60.0
A_normal_n12,5,B,12,12,12,8995.484,311,12,1,5,B,0,0,0,,,7088.483817582397,4118.681018129936,2969.8027994524628,1555.0,292.0,60.0
A_normal_n12,5,C,12,12,12,7361.457,369,12,1,5,C,0,0,0,,,5090.457457357952,3695.451611684311,1395.0058456736435,1845.0,366.0,60.0
A_normal_n12,5,BF,12,12,12,8947.484,303,12,1,5,B,8,0,0,,,7088.483817582397,4118.681018129936,2969.8027994524628,1515.0,284.0,60.0
A_normal_n12,5,CF,12,12,12,7007.457,310,12,1,5,C,59,0,0,,,5090.457457357952,3695.451611684311,1395.0058456736435,1550.0,307.0,60.0
A_normal_n12,5,D,12,12,12,7007.457,310,12,1,5,C,59,59,0,1506.3489002060169,1476.9980244837118,5090.457457357952,3695.451611684311,1395.0058456736435,1550.0,307.0,60.0
A_normal_n12,5,C3F,12,12,12,7007.457,310,12,1,5,C,59,0,0,,,5090.457457357952,3695.451611684311,1395.0058456736435,1550.0,307.0,60.0
A_normal_n12,6,B,12,12,12,8389.573,373,12,1,2,B,0,0,0,,,6092.572821973426,4081.871979393182,2010.7008425802435,1865.0,372.0,60.0
A_normal_n12,6,C,12,12,12,8086.744,393,12,1,2,C,0,0,0,,,5679.744071360559,3692.0026777881794,1987.7413935723791,1965.0,382.0,60.0
A_normal_n12,6,BF,12,12,12,8341.573,365,12,1,2,B,8,0,0,,,6092.572821973426,4081.871979393182,2010.7008425802435,1825.0,364.0,60.0
A_normal_n12,6,CF,12,12,12,7798.744,345,12,1,2,C,48,0,0,,,5679.744071360559,3692.0026777881794,1987.7413935723791,1725.0,334.0,60.0
A_normal_n12,6,D,12,12,12,7798.744,345,12,1,2,C,48,48,0,1507.6690456479018,1486.5147773857911,5679.744071360559,3692.0026777881794,1987.7413935723791,1725.0,334.0,60.0
A_normal_n12,6,C3F,12,12,12,7798.744,345,12,1,2,C,48,0,0,,,5679.744071360559,3692.0026777881794,1987.7413935723791,1725.0,334.0,60.0
A_normal_n12,7,B,12,12,12,8320.066,351,12,1,3,B,0,0,0,,,6172.066083451071,4081.871979393182,2090.19410405789,1755.0,333.0,60.0
A_normal_n12,7,C,12,12,12,8131.026,401,12,1,3,C,0,0,0,,,5684.026051108516,3688.8374693328064,1995.1885817757084,2005.0,382.0,60.0
A_normal_n12,7,BF,12,12,12,8302.066,348,12,1,3,B,3,0,0,,,6172.066083451071,4081.871979393182,2090.19410405789,1740.0,330.0,60.0
A_normal_n12,7,CF,12,12,12,7813.026,348,12,1,3,C,53,0,0,,,5684.026051108516,3688.8374693328064,1995.1885817757084,1740.0,329.0,60.0
A_normal_n12,7,D,12,12,12,7813.026,348,12,1,3,C,53,53,0,1522.0124370550325,1486.5147773857905,5684.026051108516,3688.8374693328064,1995.1885817757084,1740.0,329.0,60.0
A_normal_n12,7,C3F,12,12,12,7813.026,348,12,1,3,C,53,0,0,,,5684.026051108516,3688.8374693328064,1995.1885817757084,1740.0,329.0,60.0
A_normal_n12,8,B,12,12,12,8247.716,362,12,1,5,B,0,0,0,,,6024.71597298076,4098.862770591701,1925.8532023890612,1810.0,353.0,60.0
A_normal_n12,8,C,12,12,12,7447.526,356,12,1,5,C,0,0,0,,,5256.5259465708805,3688.8130088340304,1567.7129377368522,1780.0,351.0,60.0
A_normal_n12,8,BF,12,12,12,8187.716,352,12,1,5,B,10,0,0,,,6024.71597298076,4098.862770591701,1925.8532023890612,1760.0,343.0,60.0
A_normal_n12,8,CF,12,12,12,7207.526,316,12,1,5,C,40,0,0,,,5256.5259465708805,3688.8130088340304,1567.7129377368522,1580.0,311.0,60.0
A_normal_n12,8,D,12,12,12,7207.526,316,12,1,5,C,40,40,0,1556.8613046722583,1473.4497053190814,5256.5259465708805,3688.8130088340304,1567.7129377368522,1580.0,311.0,60.0
A_normal_n12,8,C3F,12,12,12,7207.526,316,12,1,5,C,40,0,0,,,5256.5259465708805,3688.8130088340304,1567.7129377368522,1580.0,311.0,60.0
A_normal_n12,9,B,12,12,12,8741.073,353,12,1,7,B,0,0,0,,,6586.073462835575,4082.3937493195863,2503.679713515992,1765.0,330.0,60.0
A_normal_n12,9,C,12,12,12,7636.367,363,12,1,7,C,0,0,0,,,5405.367227278097,3676.1146332689805,1729.2525940091166,1815.0,356.0,60.0
A_normal_n12,9,BF,12,12,12,8663.073,340,12,1,7,B,13,0,0,,,6586.073462835575,4082.3937493195863,2503.679713515992,1700.0,317.0,60.0
A_normal_n12,9,CF,12,12,12,7354.367,316,12,1,7,C,47,0,0,,,5405.367227278097,3676.1146332689805,1729.2525940091166,1580.0,309.0,60.0
A_normal_n12,9,D,12,12,12,7354.367,316,12,1,7,C,47,47,0,1506.3489002060212,1479.0296392191224,5405.367227278097,3676.1146332689805,1729.2525940091166,1580.0,309.0,60.0
A_normal_n12,9,C3F,12,12,12,7354.367,316,12,1,7,C,47,0,0,,,5405.367227278097,3676.1146332689805,1729.2525940091166,1580.0,309.0,60.0
A_normal_n12,10,B,12,12,12,8267.462,363,12,1,7,B,0,0,0,,,6044.461741716402,4081.871979393182,1962.5897623232192,1815.0,348.0,60.0
A_normal_n12,10,C,12,12,12,7853.976,420,12,1,7,C,0,0,0,,,5286.975510925336,3667.915541449424,1619.0599694759144,2100.0,407.0,60.0
A_normal_n12,10,BF,12,12,12,8141.462,342,12,1,7,B,21,0,0,,,6044.461741716402,4081.871979393182,1962.5897623232192,1710.0,327.0,60.0
A_normal_n12,10,CF,12,12,12,7502.976,360,12,1,7,C,60,0,0,,,5286.975510925336,3667.915541449424,1619.0599694759144,1800.0,356.0,60.0
A_normal_n12,10,D,12,12,12,7502.976,360,12,1,7,C,60,60,0,1539.1897348002756,1470.1855333853584,5286.975510925336,3667.915541449424,1619.0599694759144,1800.0,356.0,60.0
A_normal_n12,10,C3F,12,12,12,7502.976,360,12,1,7,C,60,0,0,,,5286.975510925336,3667.915541449424,1619.0599694759144,1800.0,356.0,60.0
A_normal_n12,11,B,12,12,12,8939.109,383,12,1,3,B,0,0,0,,,6597.108609716133,4081.871979393182,2515.236630322952,1915.0,367.0,60.0
A_normal_n12,11,C,12,12,12,7690.292,356,12,1,3,C,0,0,0,,,5501.29214316169,3668.7040176316104,1832.5881255300774,1780.0,349.0,60.0
A_normal_n12,11,BF,12,12,12,8843.109,367,12,1,3,B,16,0,0,,,6597.108609716133,4081.871979393182,2515.236630322952,1835.0,351.0,60.0
A_normal_n12,11,CF,12,12,12,7576.292,337,12,1,3,C,19,0,0,,,5501.29214316169,3668.7040176316104,1832.5881255300774,1685.0,330.0,60.0
A_normal_n12,11,D,12,12,12,7576.292,337,12,1,3,C,19,19,0,1605.6679401274043,1486.51477738579,5501.29214316169,3668.7040176316104,1832.5881255300774,1685.0,330.0,60.0
A_normal_n12,11,C3F,12,12,12,7576.292,337,12,1,3,C,19,0,0,,,5501.29214316169,3668.7040176316104,1832.5881255300774,1685.0,330.0,60.0
A_normal_n12,12,B,12,12,12,8481.864,393,12,1,6,B,0,0,0,,,6075.864020418686,4171.404227160351,1904.4597932583363,1965.0,381.0,60.0
A_normal_n12,12,C,12,12,12,7522.672,395,12,1,6,C,0,0,0,,,5099.6724679716845,3659.774889516789,1439.8975784548948,1975.0,388.0,60.0
A_normal_n12,12,BF,12,12,12,8349.864,371,12,1,6,B,22,0,0,,,6075.864020418686,4171.404227160351,1904.4597932583363,1855.0,359.0,60.0
A_normal_n12,12,CF,12,12,12,7288.672,356,12,1,6,C,39,0,0,,,5099.6724679716845,3659.774889516789,1439.8975784548948,1780.0,349.0,60.0
A_normal_n12,12,D,12,12,12,7288.672,356,12,1,6,C,39,39,0,1577.6237320191378,1486.51477738579,5099.6724679716845,3659.774889516789,1439.8975784548948,1780.0,349.0,60.0
A_normal_n12,12,C3F,12,12,12,7288.672,356,12,1,6,C,39,0,0,,,5099.6724679716845,3659.774889516789,1439.8975784548948,1780.0,349.0,60.0
A_normal_n12,13,B,12,12,12,8410.454,386,12,1,3,B,0,0,0,,,6041.454276423266,4081.871979393182,1959.5822970300826,1930.0,379.0,60.0
A_normal_n12,13,C,12,12,12,8258.034,470,12,1,3,C,0,0,0,,,5387.033605739408,3630.011717448986,1757.021888290424,2350.0,461.0,60.0
A_normal_n12,13,BF,12,12,12,8308.454,369,12,1,3,B,17,0,0,,,6041.454276423266,4081.871979393182,1959.5822970300826,1845.0,362.0,60.0
A_normal_n12,13,CF,12,12,12,7669.034,372,12,1,3,C,98,0,0,,,5387.033605739408,3630.011717448986,1757.021888290424,1860.0,362.0,60.0
A_normal_n12,13,D,12,12,12,7669.034,372,12,1,3,C,98,98,0,1537.097783505948,1482.4194556891903,5387.033605739408,3630.011717448986,1757.021888290424,1860.0,362.0,60.0
A_normal_n12,13,C3F,12,12,12,7669.034,372,12,1,3,C,98,0,0,,,5387.033605739408,3630.011717448986,1757.021888290424,1860.0,362.0,60.0
A_normal_n12,14,B,12,12,12,8247.11,330,12,1,3,B,0,0,0,,,6215.109728508846,4081.871979393182,2133.2377491156635,1650.0,322.0,60.0
A_normal_n12,14,C,12,12,12,8018.633,384,12,1,3,C,0,0,0,,,5664.632959877564,3642.586951224281,2022.0460086532855,1920.0,374.0,60.0
A_normal_n12,14,BF,12,12,12,8229.11,327,12,1,3,B,3,0,0,,,6215.109728508846,4081.871979393182,2133.2377491156635,1635.0,319.0,60.0
A_normal_n12,14,CF,12,12,12,7778.633,344,12,1,3,C,40,0,0,,,5664.632959877564,3642.586951224281,2022.0460086532855,1720.0,334.0,60.0
A_normal_n12,14,D,12,12,12,7778.633,344,12,1,3,C,40,40,0,1583.9192693293455,1492.6134827641176,5664.632959877564,3642.586951224281,2022.0460086532855,1720.0,334.0,60.0
A_normal_n12,14,C3F,12,12,12,7778.633,344,12,1,3,C,40,0,0,,,5664.632959877564,3642.586951224281,2022.0460086532855,1720.0,334.0,60.0
A_normal_n12,15,B,12,12,12,7667.636,331,12,1,6,B,0,0,0,,,5625.635982854088,4081.871979393182,1543.7640034609071,1655.0,327.0,60.0
A_normal_n12,15,C,12,12,12,7573.808,374,12,1,6,C,0,0,0,,,5274.808056113815,3792.863018672727,1481.9450374410885,1870.0,369.0,60.0
A_normal_n12,15,BF,12,12,12,7541.636,310,12,1,6,B,21,0,0,,,5625.635982854088,4081.871979393182,1543.7640034609071,1550.0,306.0,60.0
A_normal_n12,15,CF,12,12,12,7291.808,327,12,1,6,C,47,0,0,,,5274.808056113815,3792.863018672727,1481.9450374410885,1635.0,322.0,60.0
A_normal_n12,15,D,12,12,12,7291.808,327,12,1,6,C,47,47,0,1506.3489002060194,1497.0326596428652,5274.808056113815,3792.863018672727,1481.9450374410885,1635.0,322.0,60.0
A_normal_n12,15,C3F,12,12,12,7291.808,327,12,1,6,C,47,0,0,,,5274.808056113815,3792.863018672727,1481.9450374410885,1635.0,322.0,60.0
A_normal_n12,16,B,12,12,12,9383.948,366,12,1,3,B,0,0,0,,,7136.9475491981375,4081.871979393182,3055.0755698049566,1830.0,357.0,60.0
A_normal_n12,16,C,12,12,12,7637.848,442,12,1,3,C,0,0,0,,,4931.847711699761,3739.807120078897,1192.040591620864,2210.0,436.0,60.0
A_normal_n12,16,BF,12,12,12,9383.948,366,12,1,3,B,0,0,0,,,7136.9475491981375,4081.871979393182,3055.0755698049566,1830.0,357.0,60.0
A_normal_n12,16,CF,12,12,12,7046.848,343,12,1,3,C,99,0,0,,,4931.847711699761,3739.807120078897,1192.040591620864,1715.0,340.0,60.0
A_normal_n12,16,D,12,12,12,7046.848,343,12,1,3,C,99,99,0,1517.774428397019,1496.5161152621413,4931.847711699761,3739.807120078897,1192.040591620864,1715.0,340.0,60.0
A_normal_n12,16,C3F,12,12,12,7046.848,343,12,1,3,C,99,0,0,,,4931.847711699761,3739.807120078897,1192.040591620864,1715.0,340.0,60.0
A_normal_n12,17,B,12,12,12,8150.545,368,12,1,3,B,0,0,0,,,5887.544940201583,4122.351619836594,1765.193320364991,1840.0,363.0,60.0
A_normal_n12,17,C,12,12,12,7163.595,410,12,1,3,C,0,0,0,,,4644.594887434568,3708.91873762214,935.6761498124284,2050.0,409.0,60.0
A_normal_n12,17,BF,12,12,12,8078.545,356,12,1,3,B,12,0,0,,,5887.544940201583,4122.351619836594,1765.193320364991,1780.0,351.0,60.0
A_normal_n12,17,CF,12,12,12,6767.595,344,12,1,3,C,66,0,0,,,4644.594887434568,3708.91873762214,935.6761498124284,1720.0,343.0,60.0
A_normal_n12,17,D,12,12,12,6767.595,344,12,1,3,C,66,66,0,1505.4833127723562,1496.400684525862,4644.594887434568,3708.91873762214,935.6761498124284,1720.0,343.0,60.0
A_normal_n12,17,C3F,12,12,12,6767.595,344,12,1,3,C,66,0,0,,,4644.594887434568,3708.91873762214,935.6761498124284,1720.0,343.0,60.0
A_normal_n12,18,B,12,12,12,9131.966,408,12,1,3,B,0,0,0,,,6647.965657210465,4081.871979393182,2566.093677817286,2040.0,384.0,60.0
A_normal_n12,18,C,12,12,12,8255.311,468,12,1,3,C,0,0,0,,,5395.310774876283,3675.302392791027,1720.0083820852567,2340.0,460.0,60.0
A_normal_n12,18,BF,12,12,12,9047.966,394,12,1,3,B,14,0,0,,,6647.965657210465,4081.871979393182,2566.093677817286,1970.0,370.0,60.0
A_normal_n12,18,CF,12,12,12,7568.311,353,12,1,3,C,115,0,0,,,5395.310774876283,3675.302392791027,1720.0083820852567,1765.0,348.0,60.0
A_normal_n12,18,D,12,12,12,7568.311,353,12,1,3,C,115,115,0,1508.3042844051442,1480.3617575862606,5395.310774876283,3675.302392791027,1720.0083820852567,1765.0,348.0,60.0
A_normal_n12,18,C3F,12,12,12,7568.311,353,12,1,3,C,115,0,0,,,5395.310774876283,3675.302392791027,1720.0083820852567,1765.0,348.0,60.0
A_normal_n12,19,B,12,12,12,8388.177,378,12,1,4,B,0,0,0,,,6066.177383818896,4081.871979393182,1984.305404425715,1890.0,372.0,60.0
A_normal_n12,19,C,12,12,12,8080.577,392,12,1,4,C,0,0,0,,,5681.576512759193,3717.1799575226273,1964.3965552365673,1960.0,379.0,60.0
A_normal_n12,19,BF,12,12,12,8328.177,368,12,1,4,B,10,0,0,,,6066.177383818896,4081.871979393182,1984.305404425715,1840.0,362.0,60.0
A_normal_n12,19,CF,12,12,12,7774.577,341,12,1,4,C,51,0,0,,,5681.576512759193,3717.1799575226273,1964.3965552365673,1705.0,328.0,60.0
A_normal_n12,19,D,12,12,12,7774.577,341,12,1,4,C,51,51,0,1547.5125022657746,1486.5147773857905,5681.576512759193,3717.1799575226273,1964.3965552365673,1705.0,328.0,60.0
A_normal_n12,19,C3F,12,12,12,7774.577,341,12,1,4,C,51,0,0,,,5681.576512759193,3717.1799575226273,1964.3965552365673,1705.0,328.0,60.0
A_normal_n12,20,B,12,12,12,8356.086,363,12,1,2,B,0,0,0,,,6127.086024353645,4115.3818218299075,2011.7042025237365,1815.0,354.0,60.0
A_normal_n12,20,C,12,12,12,8122.847,487,12,1,2,C,0,0,0,,,5147.846677050645,3679.9756531375024,1467.8710239131437,2435.0,480.0,60.0
A_normal_n12,20,BF,12,12,12,8344.086,361,12,1,2,B,2,0,0,,,6127.086024353645,4115.3818218299075,2011.7042025237365,1805.0,352.0,60.0
A_normal_n12,20,CF,12,12,12,7509.847,385,12,1,2,C,102,0,0,,,5147.846677050645,3679.9756531375024,1467.8710239131437,1925.0,377.0,60.0
A_normal_n12,20,D,12,12,12,7509.847,385,12,1,2,C,102,102,0,1506.3489002060162,1494.3213977524495,5147.846677050645,3679.9756531375024,1467.8710239131437,1925.0,377.0,60.0
A_normal_n12,20,C3F,12,12,12,7509.847,385,12,1,2,C,102,0,0,,,5147.846677050645,3679.9756531375024,1467.8710239131437,1925.0,377.0,60.0
A_normal_n12,21,B,12,12,12,9031.458,335,12,1,5,B,0,0,0,,,6983.457876377061,4081.871979393182,2901.5858969838814,1675.0,313.0,60.0
A_normal_n12,21,C,12,12,12,7977.754,400,12,1,5,C,0,0,0,,,5530.754420618755,3722.1947437279027,1808.559676890853,2000.0,387.0,60.0
A_normal_n12,21,BF,12,12,12,9031.458,335,12,1,5,B,0,0,0,,,6983.457876377061,4081.871979393182,2901.5858969838814,1675.0,313.0,60.0
A_normal_n12,21,CF,12,12,12,7750.754,362,12,1,5,C,38,0,0,,,5530.754420618755,3722.1947437279027,1808.559676890853,1810.0,350.0,60.0
A_normal_n12,21,D,12,12,12,7750.754,362,12,1,5,C,38,38,0,1581.7521602521686,1497.1066426459693,5530.754420618755,3722.1947437279027,1808.559676890853,1810.0,350.0,60.0
A_normal_n12,21,C3F,12,12,12,7750.754,362,12,1,5,C,38,0,0,,,5530.754420618755,3722.1947437279027,1808.559676890853,1810.0,350.0,60.0
A_normal_n12,22,B,12,12,12,8606.95,378,12,1,5,B,0,0,0,,,6283.950488527838,4081.871979393182,2202.078509134656,1890.0,373.0,60.0
A_normal_n12,22,C,12,12,12,7588.86,390,12,1,5,C,0,0,0,,,5191.859589394131,3685.12245476135,1506.7371346327811,1950.0,387.0,60.0
A_normal_n12,22,BF,12,12,12,8564.95,371,12,1,5,B,7,0,0,,,6283.950488527838,4081.871979393182,2202.078509134656,1855.0,366.0,60.0
A_normal_n12,22,CF,12,12,12,7217.86,328,12,1,5,C,62,0,0,,,5191.859589394131,3685.12245476135,1506.7371346327811,1640.0,326.0,60.0
A_normal_n12,22,D,12,12,12,7217.86,328,12,1,5,C,62,62,0,1566.9172175521335,1479.9282237515893,5191.859589394131,3685.12245476135,1506.7371346327811,1640.0,326.0,60.0
A_normal_n12,22,C3F,12,12,12,7217.86,328,12,1,5,C,62,0,0,,,5191.859589394131,3685.12245476135,1506.7371346327811,1640.0,326.0,60.0
A_normal_n12,23,B,12,12,12,8765.627,359,12,1,8,B,0,0,0,,,6563.627055761244,4082.0125770009336,2481.614478760312,1795.0,347.0,60.0
A_normal_n12,23,C,12,12,12,7498.794,357,12,1,8,C,0,0,0,,,5297.794434640275,3727.4466503019476,1570.3477843383275,1785.0,356.0,60.0
A_normal_n12,23,BF,12,12,12,8585.627,329,12,1,8,B,30,0,0,,,6563.627055761244,4082.0125770009336,2481.614478760312,1645.0,317.0,60.0
A_normal_n12,23,CF,12,12,12,7264.794,318,12,1,8,C,39,0,0,,,5297.794434640275,3727.4466503019476,1570.3477843383275,1590.0,317.0,60.0
A_normal_n12,23,D,12,12,12,7264.794,318,12,1,8,C,39,39,0,1535.881344921346,1459.1037177198282,5297.794434640275,3727.4466503019476,1570.3477843383275,1590.0,317.0,60.0
A_normal_n12,23,C3F,12,12,12,7264.794,318,12,1,8,C,39,0,0,,,5297.794434640275,3727.4466503019476,1570.3477843383275,1590.0,317.0,60.0
A_normal_n12,24,B,12,12,12,8354.071,402,12,1,2,B,0,0,0,,,5902.070752140283,4082.8156484603815,1819.2551036799034,2010.0,382.0,60.0
A_normal_n12,24,C,12,12,12,7824.897,425,12,1,2,C,0,0,0,,,5216.8973841905245,3629.5264323263946,1587.3709518641294,2125.0,423.0,60.0
A_normal_n12,24,BF,12,12,12,8258.071,386,12,1,2,B,16,0,0,,,5902.070752140283,4082.8156484603815,1819.2551036799034,1930.0,366.0,60.0
A_normal_n12,24,CF,12,12,12,7452.897,363,12,1,2,C,62,0,0,,,5216.8973841905245,3629.5264323263946,1587.3709518641294,1815.0,361.0,60.0
A_normal_n12,24,D,12,12,12,7452.897,363,12,1,2,C,62,62,0,1501.8491633562646,1494.1051877661703,5216.8973841905245,3629.5264323263946,1587.3709518641294,1815.0,361.0,60.0
A_normal_n12,24,C3F,12,12,12,7452.897,363,12,1,2,C,62,0,0,,,5216.8973841905245,3629.5264323263946,1587.3709518641294,1815.0,361.0,60.0
A_normal_n12,25,B,12,12,12,8785.209,363,12,1,4,B,0,0,0,,,6561.209244225551,4081.871979393182,2479.337264832371,1815.0,349.0,60.0
A_normal_n12,25,C,12,12,12,8361.291,442,12,1,4,C,0,0,0,,,5666.290936882912,3714.408156682945,1951.8827801999664,2210.0,425.0,60.0
A_normal_n12,25,BF,12,12,12,8737.209,355,12,1,4,B,8,0,0,,,6561.209244225551,4081.871979393182,2479.337264832371,1775.0,341.0,60.0
A_normal_n12,25,CF,12,12,12,7874.291,360,12,1,4,C,82,0,0,,,5666.290936882912,3714.408156682945,1951.8827801999664,1800.0,348.0,60.0
A_normal_n12,25,D,12,12,12,7874.291,360,12,1,4,C,82,82,0,1507.409162002651,1497.6280561566123,5666.290936882912,3714.408156682945,1951.8827801999664,1800.0,348.0,60.0
A_normal_n12,25,C3F,12,12,12,7874.291,360,12,1,4,C,82,0,0,,,5666.290936882912,3714.408156682945,1951.8827801999664,1800.0,348.0,60.0
A_boundary_random_n12,1,B,12,12,12,8504.271,400,12,1,0,B,0,0,0,,,6045.27104144894,4107.36144376808,1937.909597680862,2000.0,399.0,60.0
A_boundary_random_n12,1,C,12,12,12,9389.934,572,12,1,0,C,0,0,0,,,5900.93424812534,3682.96537340251,2217.968874722829,2860.0,569.0,60.0
A_boundary_random_n12,1,BF,12,12,12,8408.271,384,12,1,0,B,16,0,0,,,6045.27104144894,4107.36144376808,1937.909597680862,1920.0,383.0,60.0
A_boundary_random_n12,1,CF,12,12,12,8857.934,484,12,1,0,C,88,0,0,,,5900.93424812534,3682.96537340251,2217.968874722829,2420.0,477.0,60.0
A_boundary_random_n12,1,D,12,12,12,8408.271,384,12,1,0,B,16,16,0,1543.2209504662435,1389.0242974763157,6045.27104144894,4107.36144376808,1937.909597680862,1920.0,383.0,60.0
A_boundary_random_n12,1,C3F,12,12,12,8504.271,400,12,1,0,B,0,0,0,,,6045.27104144894,4107.36144376808,1937.909597680862,2000.0,399.0,60.0
A_boundary_random_n12,2,B,12,12,12,9763.888,479,12,1,0,B,0,0,0,,,6845.888278594734,4136.205147016018,2709.6831315787167,2395.0,463.0,60.0
A_boundary_random_n12,2,C,12,12,12,9469.199,611,12,1,0,C,0,0,0,,,5748.199026102487,3662.2878076721518,2085.9112184303362,3055.0,606.0,60.0
A_boundary_random_n12,2,BF,12,12,12,9358.888,413,12,1,0,B,66,0,0,,,6845.888278594734,4136.205147016018,2709.6831315787167,2065.0,388.0,60.0
A_boundary_random_n12,2,CF,12,12,12,8408.199,436,12,1,0,C,175,0,0,,,5748.199026102487,3662.2878076721518,2085.9112184303362,2180.0,420.0,60.0
A_boundary_random_n12,2,D,12,12,12,9358.888,413,12,1,0,B,66,66,0,1531.7853708325374,1476.9695582466913,6845.888278594734,4136.205147016018,2709.6831315787167,2065.0,388.0,60.0
A_boundary_random_n12,2,C3F,12,12,12,9763.888,479,12,1,0,B,0,0,0,,,6845.888278594734,4136.205147016018,2709.6831315787167,2395.0,463.0,60.0
A_boundary_random_n12,3,B,12,12,12,9115.604,468,12,1,0,B,0,0,0,,,6267.603595895763,4082.7333794531355,2184.8702164426295,2340.0,448.0,60.0
A_boundary_random_n12,3,C,12,12,12,8394.154,544,12,1,0,C,0,0,0,,,5071.154254986046,3686.891059709808,1384.263195276238,2720.0,543.0,60.0
A_boundary_random_n12,3,BF,12,12,12,9012.604,451,12,1,0,B,17,0,0,,,6267.603595895763,4082.7333794531355,2184.8702164426295,2255.0,430.0,60.0
A_boundary_random_n12,3,CF,12,12,12,7425.154,383,12,1,0,C,161,0,0,,,5071.154254986046,3686.891059709808,1384.263195276238,1915.0,379.0,60.0
A_boundary_random_n12,3,D,12,12,12,9012.604,451,12,1,0,B,17,17,0,1539.751725185005,1440.8899665903468,6267.603595895763,4082.7333794531355,2184.8702164426295,2255.0,430.0,60.0
A_boundary_random_n12,3,C3F,12,12,12,9115.604,468,12,1,0,B,0,0,0,,,6267.603595895763,4082.7333794531355,2184.8702164426295,2340.0,448.0,60.0
A_boundary_random_n12,4,B,12,12,12,9031.208,420,12,1,0,B,0,0,0,,,6470.208488830318,4104.497970765216,2365.7105180651033,2100.0,401.0,60.0
A_boundary_random_n12,4,C,12,12,12,10064.545,667,12,1,0,C,0,0,0,,,6005.545009464475,3642.1205437727976,2363.424465691677,3335.0,664.0,60.0
A_boundary_random_n12,4,BF,12,12,12,8913.208,400,12,1,0,B,20,0,0,,,6470.208488830318,4104.497970765216,2365.7105180651033,2000.0,383.0,60.0
A_boundary_random_n12,4,CF,12,12,12,8679.545,438,12,1,0,C,229,0,0,,,6005.545009464475,3642.1205437727976,2363.424465691677,2190.0,424.0,60.0
A_boundary_random_n12,4,D,12,12,12,8913.208,400,12,1,0,B,20,20,0,1820.0628178256436,1189.418160195669,6470.208488830318,4104.497970765216,2365.7105180651033,2000.0,383.0,60.0
A_boundary_random_n12,4,C3F,12,12,12,9031.208,420,12,1,0,B,0,0,0,,,6470.208488830318,4104.497970765216,2365.7105180651033,2100.0,401.0,60.0
A_boundary_random_n12,5,B,12,12,12,9001.281,465,12,1,0,B,0,0,0,,,6165.280999233931,4145.398565796939,2019.8824334369917,2325.0,451.0,60.0
A_boundary_random_n12,5,C,12,12,12,9544.887,598,12,1,0,C,0,0,0,,,5917.886565470251,3673.882534289088,2244.0040311811654,2990.0,577.0,60.0
A_boundary_random_n12,5,BF,12,12,12,8905.281,449,12,1,0,B,16,0,0,,,6165.280999233931,4145.398565796939,2019.8824334369917,2245.0,435.0,60.0
A_boundary_random_n12,5,CF,12,12,12,8846.887,482,12,1,0,C,116,0,0,,,5917.886565470251,3673.882534289088,2244.0040311811654,2410.0,459.0,60.0
A_boundary_random_n12,5,D,12,12,12,8905.281,449,12,1,0,B,16,16,0,1555.3455295878427,1408.893089029997,6165.280999233931,4145.398565796939,2019.8824334369917,2245.0,435.0,60.0
A_boundary_random_n12,5,C3F,12,12,12,9001.281,465,12,1,0,B,0,0,0,,,6165.280999233931,4145.398565796939,2019.8824334369917,2325.0,451.0,60.0
A_boundary_random_n12,6,B,12,12,12,8617.709,440,12,1,0,B,0,0,0,,,5934.709360890958,4165.198108665849,1769.5112522251086,2200.0,423.0,60.0
A_boundary_random_n12,6,C,12,12,12,9011.85,554,12,1,0,C,0,0,0,,,5632.849915700796,3710.135869025832,1922.7140466749652,2770.0,549.0,60.0
A_boundary_random_n12,6,BF,12,12,12,8617.709,440,12,1,0,B,0,0,0,,,5934.709360890958,4165.198108665849,1769.5112522251086,2200.0,423.0,60.0
A_boundary_random_n12,6,CF,12,12,12,8372.85,448,12,1,0,C,106,0,0,,,5632.849915700796,3710.135869025832,1922.7140466749652,2240.0,440.0,60.0
A_boundary_random_n12,6,D,12,12,12,8617.709,440,12,1,0,B,0,0,0,,981.082742841301,5934.709360890958,4165.198108665849,1769.5112522251086,2200.0,423.0,60.0
A_boundary_random_n12,6,C3F,12,12,12,8617.709,440,12,1,0,B,0,0,0,,,5934.709360890958,4165.198108665849,1769.5112522251086,2200.0,423.0,60.0
A_boundary_random_n12,7,B,12,12,12,10807.505,571,12,1,0,B,0,0,0,,,7326.504584527656,4081.871979393182,3244.632605134476,2855.0,566.0,60.0
A_boundary_random_n12,7,C,12,12,12,8868.57,577,12,1,0,C,0,0,0,,,5356.5695156502,3677.993183896739,1678.5763317534609,2885.0,567.0,60.0
A_boundary_random_n12,7,BF,12,12,12,10233.505,480,12,1,0,B,91,0,0,,,7326.504584527656,4081.871979393182,3244.632605134476,2400.0,447.0,60.0
A_boundary_random_n12,7,CF,12,12,12,8120.57,453,12,1,0,C,124,0,0,,,5356.5695156502,3677.993183896739,1678.5763317534609,2265.0,439.0,60.0
A_boundary_random_n12,7,D,12,12,12,10233.505,480,12,1,0,B,91,91,0,1519.392482664181,1467.2660617863507,7326.504584527656,4081.871979393182,3244.632605134476,2400.0,447.0,60.0
A_boundary_random_n12,7,C3F,12,12,12,10807.505,571,12,1,0,B,0,0,0,,,7326.504584527656,4081.871979393182,3244.632605134476,2855.0,566.0,60.0
A_boundary_random_n12,8,B,12,12,12,9359.149,486,12,1,0,B,0,0,0,,,6389.149242208646,4174.657444859592,2214.491797349054,2430.0,480.0,60.0
A_boundary_random_n12,8,C,12,12,12,8873.728,563,12,1,0,C,0,0,0,,,5439.727992087856,3710.097139872442,1729.6308522154147,2815.0,559.0,60.0
A_boundary_random_n12,8,BF,12,12,12,9217.149,463,12,1,0,B,23,0,0,,,6389.149242208646,4174.657444859592,2214.491797349054,2315.0,453.0,60.0
A_boundary_random_n12,8,CF,12,12,12,8138.728,441,12,1,0,C,122,0,0,,,5439.727992087856,3710.097139872442,1729.6308522154147,2205.0,434.0,60.0
A_boundary_random_n12,8,D,12,12,12,9217.149,463,12,1,0,B,23,23,0,1518.23266889171,1454.7382228381769,6389.149242208646,4174.657444859592,2214.491797349054,2315.0,453.0,60.0
A_boundary_random_n12,8,C3F,12,12,12,9359.149,486,12,1,0,B,0,0,0,,,6389.149242208646,4174.657444859592,2214.491797349054,2430.0,480.0,60.0
A_boundary_random_n12,9,B,12,12,12,8877.752,435,12,1,0,B,0,0,0,,,6219.75218808253,4099.627323449135,2120.124864633396,2175.0,423.0,60.0
A_boundary_random_n12,9,C,12,12,12,10444.359,667,12,1,0,C,0,0,0,,,6387.359140664968,3685.4905207568318,2701.8686199081394,3335.0,662.0,60.0
A_boundary_random_n12,9,BF,12,12,12,8722.752,409,12,1,0,B,26,0,0,,,6219.75218808253,4099.627323449135,2120.124864633396,2045.0,398.0,60.0
A_boundary_random_n12,9,CF,12,12,12,9222.359,466,12,1,0,C,201,0,0,,,6387.359140664968,3685.4905207568318,2701.8686199081394,2330.0,445.0,60.0
A_boundary_random_n12,9,D,12,12,12,8722.752,409,12,1,0,B,26,26,0,1539.7517251850056,1374.9068568785033,6219.75218808253,4099.627323449135,2120.124864633396,2045.0,398.0,60.0
A_boundary_random_n12,9,C3F,12,12,12,8877.752,435,12,1,0,B,0,0,0,,,6219.75218808253,4099.627323449135,2120.124864633396,2175.0,423.0,60.0
A_boundary_random_n12,10,B,12,12,12,8824.377,438,12,1,0,B,0,0,0,,,6148.377449414545,4113.761628859138,2034.6158205554066,2190.0,426.0,60.0
A_boundary_random_n12,10,C,12,12,12,9713.71,616,12,1,0,C,0,0,0,,,5961.709641045309,3668.2264386225343,2293.483202422773,3080.0,612.0,60.0
A_boundary_random_n12,10,BF,12,12,12,8670.377,411,12,1,0,B,27,0,0,,,6148.377449414545,4113.761628859138,2034.6158205554066,2055.0,407.0,60.0
A_boundary_random_n12,10,CF,12,12,12,8735.71,454,12,1,0,C,162,0,0,,,5961.709641045309,3668.2264386225343,2293.483202422773,2270.0,444.0,60.0
A_boundary_random_n12,10,D,12,12,12,8670.377,411,12,1,0,B,27,27,0,1509.7462316902725,1212.7936437677868,6148.377449414545,4113.761628859138,2034.6158205554066,2055.0,407.0,60.0
A_boundary_random_n12,10,C3F,12,12,12,8824.377,438,12,1,0,B,0,0,0,,,6148.377449414545,4113.761628859138,2034.6158205554066,2190.0,426.0,60.0
A_boundary_random_n12,11,B,12,12,12,9229.219,461,12,1,0,B,0,0,0,,,6409.2192506177835,4102.569681885366,2306.6495687324173,2305.0,455.0,60.0
A_boundary_random_n12,11,C,12,12,12,9535.996,594,12,1,0,C,0,0,0,,,5916.996467159922,3669.8002628809054,2247.196204279018,2970.0,589.0,60.0
A_boundary_random_n12,11,BF,12,12,12,9021.219,427,12,1,0,B,34,0,0,,,6409.2192506177835,4102.569681885366,2306.6495687324173,2135.0,417.0,60.0
A_boundary_random_n12,11,CF,12,12,12,8573.996,435,12,1,0,C,159,0,0,,,5916.996467159922,3669.8002628809054,2247.196204279018,2175.0,422.0,60.0
A_boundary_random_n12,11,D,12,12,12,9021.219,427,12,1,0,B,34,34,0,1533.0159348126958,1450.8386080308526,6409.2192506177835,4102.569681885366,2306.6495687324173,2135.0,417.0,60.0
A_boundary_random_n12,11,C3F,12,12,12,9229.219,461,12,1,0,B,0,0,0,,,6409.2192506177835,4102.569681885366,2306.6495687324173,2305.0,455.0,60.0
A_boundary_random_n12,12,B,12,12,12,9705.866,502,12,1,0,B,0,0,0,,,6645.865582254369,4111.596359531637,2534.269222722732,2510.0,490.0,60.0
A_boundary_random_n12,12,C,12,12,12,8120.938,503,12,1,0,C,0,0,0,,,5046.938177415537,3703.5669198501027,1343.3712575654345,2515.0,499.0,60.0
A_boundary_random_n12,12,BF,12,12,12,9565.866,479,12,1,0,B,23,0,0,,,6645.865582254369,4111.596359531637,2534.269222722732,2395.0,465.0,60.0
A_boundary_random_n12,12,CF,12,12,12,7526.938,404,12,1,0,C,99,0,0,,,5046.938177415537,3703.5669198501027,1343.3712575654345,2020.0,400.0,60.0
A_boundary_random_n12,12,D,12,12,12,9565.866,479,12,1,0,B,23,23,0,1569.8590169013485,1496.693911290018,6645.865582254369,4111.596359531637,2534.269222722732,2395.0,465.0,60.0
A_boundary_random_n12,12,C3F,12,12,12,9705.866,502,12,1,0,B,0,0,0,,,6645.865582254369,4111.596359531637,2534.269222722732,2510.0,490.0,60.0
A_boundary_random_n12,13,B,12,12,12,8845.327,418,12,1,0,B,0,0,0,,,6300.327080209482,4130.688673887957,2169.638406321524,2090.0,395.0,60.0
A_boundary_random_n12,13,C,12,12,12,8503.015,500,12,1,0,C,0,0,0,,,5450.014688299838,3680.812870067581,1769.2018182322565,2500.0,493.0,60.0
A_boundary_random_n12,13,BF,12,12,12,8746.327,401,12,1,0,B,17,0,0,,,6300.327080209482,4130.688673887957,2169.638406321524,2005.0,381.0,60.0
A_boundary_random_n12,13,CF,12,12,12,7919.015,402,12,1,0,C,98,0,0,,,5450.014688299838,3680.812870067581,1769.2018182322565,2010.0,399.0,60.0
A_boundary_random_n12,13,D,12,12,12,8746.327,401,12,1,0,B,17,17,0,1888.560602464121,1498.523919571446,6300.327080209482,4130.688673887957,2169.638406321524,2005.0,381.0,60.0
A_boundary_random_n12,13,C3F,12,12,12,8845.327,418,12,1,0,B,0,0,0,,,6300.327080209482,4130.688673887957,2169.638406321524,2090.0,395.0,60.0
A_boundary_random_n12,14,B,12,12,12,9042.916,438,12,1,0,B,0,0,0,,,6376.9163088502455,4088.4509279708163,2288.4653808794305,2190.0,416.0,60.0
A_boundary_random_n12,14,C,12,12,12,8243.679,450,12,1,0,C,0,0,0,,,5489.679094450848,3681.5416152647263,1808.137479186122,2250.0,444.0,60.0
A_boundary_random_n12,14,BF,12,12,12,9042.916,438,12,1,0,B,0,0,0,,,6376.9163088502455,4088.4509279708163,2288.4653808794305,2190.0,416.0,60.0
A_boundary_random_n12,14,CF,12,12,12,7967.679,404,12,1,0,C,46,0,0,,,5489.679094450848,3681.5416152647263,1808.137479186122,2020.0,398.0,60.0
A_boundary_random_n12,14,D,12,12,12,9042.916,438,12,1,0,B,0,0,0,,1014.3107814228745,6376.9163088502455,4088.4509279708163,2288.4653808794305,2190.0,416.0,60.0
A_boundary_random_n12,14,C3F,12,12,12,9042.916,438,12,1,0,B,0,0,0,,,6376.9163088502455,4088.4509279708163,2288.4653808794305,2190.0,416.0,60.0
A_boundary_random_n12,15,B,12,12,12,9291.716,464,12,1,0,B,0,0,0,,,6474.715912595427,4081.871979393182,2392.8439332022485,2320.0,437.0,60.0
A_boundary_random_n12,15,C,12,12,12,8550.265,511,12,1,0,C,0,0,0,,,5430.265492288181,3760.561886761719,1669.7036055264625,2555.0,505.0,60.0
A_boundary_random_n12,15,BF,12,12,12,9086.716,429,12,1,0,B,35,0,0,,,6474.715912595427,4081.871979393182,2392.8439332022485,2145.0,407.0,60.0
A_boundary_random_n12,15,CF,12,12,12,8013.265,421,12,1,0,C,90,0,0,,,5430.265492288181,3760.561886761719,1669.7036055264625,2105.0,418.0,60.0
A_boundary_random_n12,15,D,12,12,12,9086.716,429,12,1,0,B,35,35,0,1642.9398034922556,1198.0007648206874,6474.715912595427,4081.871979393182,2392.8439332022485,2145.0,407.0,60.0
A_boundary_random_n12,15,C3F,12,12,12,9291.716,464,12,1,0,B,0,0,0,,,6474.715912595427,4081.871979393182,2392.8439332022485,2320.0,437.0,60.0
A_boundary_random_n12,16,B,12,12,12,8639.102,408,12,1,0,B,0,0,0,,,6138.102010839879,4086.8651114501763,2051.236899389702,2040.0,401.0,60.0
A_boundary_random_n12,16,C,12,12,12,8846.651,524,12,1,0,C,0,0,0,,,5651.650825943924,3653.638607370419,1998.0122185735067,2620.0,515.0,60.0
A_boundary_random_n12,16,BF,12,12,12,8460.102,378,12,1,0,B,30,0,0,,,6138.102010839879,4086.8651114501763,2051.236899389702,1890.0,372.0,60.0
A_boundary_random_n12,16,CF,12,12,12,8218.651,420,12,1,0,C,104,0,0,,,5651.650825943924,3653.638607370419,1998.0122185735067,2100.0,407.0,60.0
A_boundary_random_n12,16,D,12,12,12,8460.102,378,12,1,0,B,30,30,0,1500.190727486537,1426.7075996614133,6138.102010839879,4086.8651114501763,2051.236899389702,1890.0,372.0,60.0
A_boundary_random_n12,16,C3F,12,12,12,8639.102,408,12,1,0,B,0,0,0,,,6138.102010839879,4086.8651114501763,2051.236899389702,2040.0,401.0,60.0
A_boundary_random_n12,17,B,12,12,12,9018.842,417,12,1,0,B,0,0,0,,,6480.842391649428,4084.9504492392653,2395.8919424101628,2085.0,393.0,60.0
A_boundary_random_n12,17,C,12,12,12,8668.534,526,12,1,0,C,0,0,0,,,5457.534366504097,3783.09018171337,1674.4441847907278,2630.0,521.0,60.0
A_boundary_random_n12,17,BF,12,12,12,8939.842,403,12,1,0,B,14,0,0,,,6480.842391649428,4084.9504492392653,2395.8919424101628,2015.0,384.0,60.0
A_boundary_random_n12,17,CF,12,12,12,7955.534,407,12,1,0,C,119,0,0,,,5457.534366504097,3783.09018171337,1674.4441847907278,2035.0,403.0,60.0
A_boundary_random_n12,17,D,12,12,12,8939.842,403,12,1,0,B,14,14,0,1530.4087673870085,1345.0902578278328,6480.842391649428,4084.9504492392653,2395.8919424101628,2015.0,384.0,60.0
A_boundary_random_n12,17,C3F,12,12,12,9018.842,417,12,1,0,B,0,0,0,,,6480.842391649428,4084.9504492392653,2395.8919424101628,2085.0,393.0,60.0
A_boundary_random_n12,18,B,12,12,12,9054.087,445,12,1,0,B,0,0,0,,,6341.0866276474735,4117.263519083373,2223.8231085641005,2225.0,428.0,60.0
A_boundary_random_n12,18,C,12,12,12,9776.611,660,12,1,0,C,0,0,0,,,5764.610673302841,3657.426624257585,2107.1840490452582,3300.0,652.0,60.0
A_boundary_random_n12,18,BF,12,12,12,8927.087,423,12,1,0,B,22,0,0,,,6341.0866276474735,4117.263519083373,2223.8231085641005,2115.0,411.0,60.0
A_boundary_random_n12,18,CF,12,12,12,8649.611,474,12,1,0,C,186,0,0,,,5764.610673302841,3657.426624257585,2107.1840490452582,2370.0,455.0,60.0
A_boundary_random_n12,18,D,12,12,12,8927.087,423,12,1,0,B,22,22,0,1622.6417659543683,1298.8090272159845,6341.0866276474735,4117.263519083373,2223.8231085641005,2115.0,411.0,60.0
A_boundary_random_n12,18,C3F,12,12,12,9054.087,445,12,1,0,B,0,0,0,,,6341.0866276474735,4117.263519083373,2223.8231085641005,2225.0,428.0,60.0
A_boundary_random_n12,19,B,12,12,12,9445.227,457,12,1,0,B,0,0,0,,,6661.226981232367,4097.581001080808,2563.645980151559,2285.0,439.0,60.0
A_boundary_random_n12,19,C,12,12,12,8625.573,507,12,1,0,C,0,0,0,,,5536.573020314465,3669.199795808051,1867.3732245064125,2535.0,494.0,60.0
A_boundary_random_n12,19,BF,12,12,12,9207.227,418,12,1,0,B,39,0,0,,,6661.226981232367,4097.581001080808,2563.645980151559,2090.0,396.0,60.0
A_boundary_random_n12,19,CF,12,12,12,8013.573,405,12,1,0,C,102,0,0,,,5536.573020314465,3669.199795808051,1867.3732245064125,2025.0,392.0,60.0
A_boundary_random_n12,19,D,12,12,12,9207.227,418,12,1,0,B,39,39,0,1812.90031178375,1209.7572958969276,6661.226981232367,4097.581001080808,2563.645980151559,2090.0,396.0,60.0
A_boundary_random_n12,19,C3F,12,12,12,9445.227,457,12,1,0,B,0,0,0,,,6661.226981232367,4097.581001080808,2563.645980151559,2285.0,439.0,60.0
A_boundary_random_n12,20,B,12,12,12,8497.182,395,12,1,0,B,0,0,0,,,6075.182100464687,4097.986580859883,1977.1955196048016,1975.0,387.0,60.0
A_boundary_random_n12,20,C,12,12,12,9857.855,589,12,1,0,C,0,0,0,,,6274.855203013751,3659.3953441871517,2615.459858826598,2945.0,578.0,60.0
A_boundary_random_n12,20,BF,12,12,12,8497.182,395,12,1,0,B,0,0,0,,,6075.182100464687,4097.986580859883,1977.1955196048016,1975.0,387.0,60.0
A_boundary_random_n12,20,CF,12,12,12,9096.855,463,12,1,0,C,126,0,0,,,6274.855203013751,3659.3953441871517,2615.459858826598,2315.0,447.0,60.0
A_boundary_random_n12,20,D,12,12,12,8497.182,395,12,1,0,B,0,0,0,,1104.4002040037851,6075.182100464687,4097.986580859883,1977.1955196048016,1975.0,387.0,60.0
A_boundary_random_n12,20,C3F,12,12,12,8497.182,395,12,1,0,B,0,0,0,,,6075.182100464687,4097.986580859883,1977.1955196048016,1975.0,387.0,60.0
A_boundary_random_n12,21,B,12,12,12,8771.409,458,12,1,0,B,0,0,0,,,5972.408854874665,4110.425685311675,1861.9831695629916,2290.0,449.0,60.0
A_boundary_random_n12,21,C,12,12,12,9435.783,548,12,1,0,C,0,0,0,,,6096.78333703731,3655.656308610857,2441.127028426456,2740.0,539.0,60.0
A_boundary_random_n12,21,BF,12,12,12,8573.409,425,12,1,0,B,33,0,0,,,5972.408854874665,4110.425685311675,1861.9831695629916,2125.0,416.0,60.0
A_boundary_random_n12,21,CF,12,12,12,8798.783,444,12,1,0,C,104,0,0,,,6096.78333703731,3655.656308610857,2441.127028426456,2220.0,422.0,60.0
A_boundary_random_n12,21,D,12,12,12,8573.409,425,12,1,0,B,33,33,0,1553.9247335625334,1415.7837074546796,5972.408854874665,4110.425685311675,1861.9831695629916,2125.0,416.0,60.0
A_boundary_random_n12,21,C3F,12,12,12,8771.409,458,12,1,0,B,0,0,0,,,5972.408854874665,4110.425685311675,1861.9831695629916,2290.0,449.0,60.0
A_boundary_random_n12,22,B,12,12,12,8730.773,425,12,1,0,B,0,0,0,,,6132.772935127401,4107.091592501345,2025.681342626057,2125.0,413.0,60.0
A_boundary_random_n12,22,C,12,12,12,8161.108,470,12,1,0,C,0,0,0,,,5291.108260260306,3665.769681014869,1625.3385792454376,2350.0,460.0,60.0
A_boundary_random_n12,22,BF,12,12,12,8515.773,389,12,1,0,B,36,0,0,,,6132.772935127401,4107.091592501345,2025.681342626057,1945.0,378.0,60.0
A_boundary_random_n12,22,CF,12,12,12,7654.108,385,12,1,0,C,85,0,0,,,5291.108260260306,3665.769681014869,1625.3385792454376,1925.0,378.0,60.0
A_boundary_random_n12,22,D,12,12,12,8515.773,389,12,1,0,B,36,36,0,1530.2511862932108,1498.2271497698007,6132.772935127401,4107.091592501345,2025.681342626057,1945.0,378.0,60.0
A_boundary_random_n12,22,C3F,12,12,12,8730.773,425,12,1,0,B,0,0,0,,,6132.772935127401,4107.091592501345,2025.681342626057,2125.0,413.0,60.0
A_boundary_random_n12,23,B,12,12,12,9235.555,441,12,1,0,B,0,0,0,,,6555.555267621465,4099.5956544230785,2455.9596131983867,2205.0,415.0,60.0
A_boundary_random_n12,23,C,12,12,12,8202.005,439,12,1,0,C,0,0,0,,,5512.004786337209,3707.365246494703,1804.6395398425057,2195.0,435.0,60.0
A_boundary_random_n12,23,BF,12,12,12,9028.555,406,12,1,0,B,35,0,0,,,6555.555267621465,4099.5956544230785,2455.9596131983867,2030.0,383.0,60.0
A_boundary_random_n12,23,CF,12,12,12,7860.005,382,12,1,0,C,57,0,0,,,5512.004786337209,3707.365246494703,1804.6395398425057,1910.0,378.0,60.0
A_boundary_random_n12,23,D,12,12,12,9028.555,406,12,1,0,B,35,35,0,1555.8530739314012,1408.5320283075603,6555.555267621465,4099.5956544230785,2455.9596131983867,2030.0,383.0,60.0
A_boundary_random_n12,23,C3F,12,12,12,9235.555,441,12,1,0,B,0,0,0,,,6555.555267621465,4099.5956544230785,2455.9596131983867,2205.0,415.0,60.0
A_boundary_random_n12,24,B,12,12,12,9933.204,495,12,1,0,B,0,0,0,,,6927.204217014742,4107.4884468733735,2819.7157701413685,2475.0,471.0,60.0
A_boundary_random_n12,24,C,12,12,12,8745.85,540,12,1,0,C,0,0,0,,,5450.8500891277,3678.111908507699,1772.7381806200012,2700.0,535.0,60.0
A_boundary_random_n12,24,BF,12,12,12,9681.204,455,12,1,0,B,40,0,0,,,6927.204217014742,4107.4884468733735,2819.7157701413685,2275.0,419.0,60.0
A_boundary_random_n12,24,CF,12,12,12,8145.85,440,12,1,0,C,100,0,0,,,5450.8500891277,3678.111908507699,1772.7381806200012,2200.0,435.0,60.0
A_boundary_random_n12,24,D,12,12,12,9681.204,455,12,1,0,B,40,40,0,1550.562486488643,1499.3563145164046,6927.204217014742,4107.4884468733735,2819.7157701413685,2275.0,419.0,60.0
A_boundary_random_n12,24,C3F,12,12,12,9933.204,495,12,1,0,B,0,0,0,,,6927.204217014742,4107.4884468733735,2819.7157701413685,2475.0,471.0,60.0
A_boundary_random_n12,25,B,12,12,12,9823.38,508,12,1,0,B,0,0,0,,,6728.379518458808,4089.1177165645245,2639.2618018942844,2540.0,495.0,60.0
A_boundary_random_n12,25,C,12,12,12,9504.205,612,12,1,0,C,0,0,0,,,5779.205463503198,3681.810091344612,2097.395372158589,3060.0,605.0,60.0
A_boundary_random_n12,25,BF,12,12,12,9487.38,453,12,1,0,B,55,0,0,,,6728.379518458808,4089.1177165645245,2639.2618018942844,2265.0,434.0,60.0
A_boundary_random_n12,25,CF,12,12,12,8717.205,482,12,1,0,C,130,0,0,,,5779.205463503198,3681.810091344612,2097.395372158589,2410.0,468.0,60.0
A_boundary_random_n12,25,D,12,12,12,9487.38,453,12,1,0,B,55,55,0,1555.853073931404,1389.0242974763196,6728.379518458808,4089.1177165645245,2639.2618018942844,2265.0,434.0,60.0
A_boundary_random_n12,25,C3F,12,12,12,9823.38,508,12,1,0,B,0,0,0,,,6728.379518458808,4089.1177165645245,2639.2618018942844,2540.0,495.0,60.0
A_boundary_outward_n12,1,B,12,12,12,10252.423,523,12,1,0,B,0,0,0,,,7070.423213369153,4096.031201459031,2974.392011910123,2615.0,507.0,60.0
A_boundary_outward_n12,1,C,12,12,12,13455.984,940,12,1,0,C,0,0,0,,,7770.983519769657,3677.895026152554,4093.088493617107,4700.0,925.0,60.0
A_boundary_outward_n12,1,BF,12,12,12,9903.423,468,12,1,0,B,55,0,0,,,7070.423213369153,4096.031201459031,2974.392011910123,2340.0,433.0,60.0
A_boundary_outward_n12,1,CF,12,12,12,11524.984,619,12,1,0,C,321,0,0,,,7770.983519769657,3677.895026152554,4093.088493617107,3095.0,599.0,60.0
A_boundary_outward_n12,1,D,12,12,12,9903.423,468,12,1,0,B,55,55,0,1527.4160303993942,1486.523469225495,7070.423213369153,4096.031201459031,2974.392011910123,2340.0,433.0,60.0
A_boundary_outward_n12,1,C3F,12,12,12,10252.423,523,12,1,0,B,0,0,0,,,7070.423213369153,4096.031201459031,2974.392011910123,2615.0,507.0,60.0
A_boundary_outward_n12,2,B,12,12,12,8870.224,432,12,1,0,B,0,0,0,,,6231.224086724292,4170.648648316423,2060.5754384078696,2160.0,419.0,60.0
A_boundary_outward_n12,2,C,12,12,12,9834.69,637,12,1,0,C,0,0,0,,,5954.69023754676,3700.972023493065,2253.718214053695,3185.0,635.0,60.0
A_boundary_outward_n12,2,BF,12,12,12,8870.224,432,12,1,0,B,0,0,0,,,6231.224086724292,4170.648648316423,2060.5754384078696,2160.0,419.0,60.0
A_boundary_outward_n12,2,CF,12,12,12,8906.69,483,12,1,0,C,154,0,0,,,5954.69023754676,3700.972023493065,2253.718214053695,2415.0,477.0,60.0
A_boundary_outward_n12,2,D,12,12,12,8870.224,432,12,1,0,B,0,0,0,,1109.1228338949056,6231.224086724292,4170.648648316423,2060.5754384078696,2160.0,419.0,60.0
A_boundary_outward_n12,2,C3F,12,12,12,8870.224,432,12,1,0,B,0,0,0,,,6231.224086724292,4170.648648316423,2060.5754384078696,2160.0,419.0,60.0
A_boundary_outward_n12,3,B,12,12,12,10018.839,583,12,1,0,B,0,0,0,,,6474.838587531554,4098.976194065906,2375.8623934656457,2915.0,569.0,60.0
A_boundary_outward_n12,3,C,12,12,12,11515.487,761,12,1,0,C,0,0,0,,,6907.486979621241,3668.8144793565357,3238.672500264708,3805.0,743.0,60.0
A_boundary_outward_n12,3,BF,12,12,12,9382.839,477,12,1,0,B,106,0,0,,,6474.838587531554,4098.976194065906,2375.8623934656457,2385.0,463.0,60.0
A_boundary_outward_n12,3,CF,12,12,12,10555.487,601,12,1,0,C,160,0,0,,,6907.486979621241,3668.8144793565357,3238.672500264708,3005.0,583.0,60.0
A_boundary_outward_n12,3,D,12,12,12,9382.839,477,12,1,0,B,106,106,0,1511.0785361583676,1458.4623509998216,6474.838587531554,4098.976194065906,2375.8623934656457,2385.0,463.0,60.0
A_boundary_outward_n12,3,C3F,12,12,12,10018.839,583,12,1,0,B,0,0,0,,,6474.838587531554,4098.976194065906,2375.8623934656457,2915.0,569.0,60.0
A_boundary_outward_n12,4,B,12,12,12,8309.75,387,12,1,0,B,0,0,0,,,5931.750174919447,4082.1335801673054,1849.6165947521401,1935.0,383.0,60.0
A_boundary_outward_n12,4,C,12,12,12,11446.253,812,12,1,0,C,0,0,0,,,6520.2526589177005,3697.191504334026,2823.061154583675,4060.0,806.0,60.0
A_boundary_outward_n12,4,BF,12,12,12,8309.75,387,12,1,0,B,0,0,0,,,5931.750174919447,4082.1335801673054,1849.6165947521401,1935.0,383.0,60.0
A_boundary_outward_n12,4,CF,12,12,12,9938.253,564,12,1,0,C,248,0,0,,,6520.2526589177005,3697.191504334026,2823.061154583675,2820.0,538.0,60.0
A_boundary_outward_n12,4,D,12,12,12,8309.75,387,12,1,0,B,0,0,0,,930.423969013184,5931.750174919447,4082.1335801673054,1849.6165947521401,1935.0,383.0,60.0
A_boundary_outward_n12,4,C3F,12,12,12,8309.75,387,12,1,0,B,0,0,0,,,5931.750174919447,4082.1335801673054,1849.6165947521401,1935.0,383.0,60.0
A_boundary_outward_n12,5,B,12,12,12,9608.519,528,12,1,0,B,0,0,0,,,6399.519070578953,4099.89296347353,2299.626107105426,2640.0,509.0,60.0
A_boundary_outward_n12,5,C,12,12,12,12507.378,801,12,1,0,C,0,0,0,,,7660.377824918518,3634.1868173466432,4026.1910075718793,4005.0,782.0,60.0
A_boundary_outward_n12,5,BF,12,12,12,9175.519,458,12,1,0,B,70,0,0,,,6399.519070578953,4099.89296347353,2299.626107105426,2290.0,426.0,60.0
A_boundary_outward_n12,5,CF,12,12,12,11218.378,590,12,1,0,C,211,0,0,,,7660.377824918518,3634.1868173466432,4026.1910075718793,2950.0,548.0,60.0
A_boundary_outward_n12,5,D,12,12,12,9175.519,458,12,1,0,B,70,70,0,1508.5765159851262,1432.4956717233067,6399.519070578953,4099.89296347353,2299.626107105426,2290.0,426.0,60.0
A_boundary_outward_n12,5,C3F,12,12,12,9608.519,528,12,1,0,B,0,0,0,,,6399.519070578953,4099.89296347353,2299.626107105426,2640.0,509.0,60.0
A_boundary_outward_n12,6,B,12,12,12,8785.279,416,12,1,0,B,0,0,0,,,6239.278821914911,4148.19923103323,2091.0795908816813,2080.0,406.0,60.0
A_boundary_outward_n12,6,C,12,12,12,9753.768,655,12,1,0,C,0,0,0,,,5769.7677446307425,3637.9231113701712,2131.8446332605713,3275.0,649.0,60.0
A_boundary_outward_n12,6,BF,12,12,12,8689.279,400,12,1,0,B,16,0,0,,,6239.278821914911,4148.19923103323,2091.0795908816813,2000.0,390.0,60.0
A_boundary_outward_n12,6,CF,12,12,12,8933.768,519,12,1,0,C,137,0,0,,,5769.7677446307425,3637.9231113701712,2131.8446332605713,2595.0,509.0,60.0
A_boundary_outward_n12,6,D,12,12,12,8689.279,400,12,1,0,B,16,16,0,1619.7087412860612,1445.6130280285336,6239.278821914911,4148.19923103323,2091.0795908816813,2000.0,390.0,60.0
A_boundary_outward_n12,6,C3F,12,12,12,8785.279,416,12,1,0,B,0,0,0,,,6239.278821914911,4148.19923103323,2091.0795908816813,2080.0,406.0,60.0
A_boundary_outward_n12,7,B,12,12,12,9658.268,465,12,1,0,B,0,0,0,,,6832.267729336262,4081.871979393182,2750.395749943078,2325.0,441.0,60.0
A_boundary_outward_n12,7,C,12,12,12,11005.386,706,12,1,0,C,0,0,0,,,6720.386193912481,3708.99997411505,3011.3862197974286,3530.0,695.0,60.0
A_boundary_outward_n12,7,BF,12,12,12,9492.268,437,12,1,0,B,28,0,0,,,6832.267729336262,4081.871979393182,2750.395749943078,2185.0,415.0,60.0
A_boundary_outward_n12,7,CF,12,12,12,9874.386,519,12,1,0,C,187,0,0,,,6720.386193912481,3708.99997411505,3011.3862197974286,2595.0,499.0,60.0
A_boundary_outward_n12,7,D,12,12,12,9492.268,437,12,1,0,B,28,28,0,1503.7271210687102,1374.8327654397713,6832.267729336262,4081.871979393182,2750.395749943078,2185.0,415.0,60.0
A_boundary_outward_n12,7,C3F,12,12,12,9658.268,465,12,1,0,B,0,0,0,,,6832.267729336262,4081.871979393182,2750.395749943078,2325.0,441.0,60.0
A_boundary_outward_n12,8,B,12,12,12,8488.834,408,12,1,0,B,0,0,0,,,5982.834494709334,4156.57075484506,1826.2637398642755,2040.0,406.0,60.0
A_boundary_outward_n12,8,C,12,12,12,13341.525,896,12,1,0,C,0,0,0,,,7936.524708733375,3674.5496966676374,4261.975012065742,4480.0,865.0,60.0
A_boundary_outward_n12,8,BF,12,12,12,8488.834,408,12,1,0,B,0,0,0,,,5982.834494709334,4156.57075484506,1826.2637398642755,2040.0,406.0,60.0
A_boundary_outward_n12,8,CF,12,12,12,11803.525,643,12,1,0,C,253,0,0,,,7936.524708733375,3674.5496966676374,4261.975012065742,3215.0,592.0,60.0
A_boundary_outward_n12,8,D,12,12,12,8488.834,408,12,1,0,B,0,0,0,,1138.9132431140686,5982.834494709334,4156.57075484506,1826.2637398642755,2040.0,406.0,60.0
A_boundary_outward_n12,8,C3F,12,12,12,8488.834,408,12,1,0,B,0,0,0,,,5982.834494709334,4156.57075484506,1826.2637398642755,2040.0,406.0,60.0
A_boundary_outward_n12,9,B,12,12,12,10888.202,586,12,1,0,B,0,0,0,,,7323.202323107696,4120.462020178608,3202.740302929091,2930.0,575.0,60.0
A_boundary_outward_n12,9,C,12,12,12,13935.193,991,12,1,0,C,0,0,0,,,7933.192672443513,3676.3315737495886,4256.8610986939275,4955.0,987.0,60.0
A_boundary_outward_n12,9,BF,12,12,12,10268.202,485,12,1,0,B,101,0,0,,,7323.202323107696,4120.462020178608,3202.740302929091,2425.0,460.0,60.0
A_boundary_outward_n12,9,CF,12,12,12,11901.193,654,12,1,0,C,337,0,0,,,7933.192672443513,3676.3315737495886,4256.8610986939275,3270.0,638.0,60.0
A_boundary_outward_n12,9,D,12,12,12,10268.202,485,12,1,0,B,101,101,0,1521.5577194175592,1485.67855495007,7323.202323107696,4120.462020178608,3202.740302929091,2425.0,460.0,60.0
A_boundary_outward_n12,9,C3F,12,12,12,10888.202,586,12,1,0,B,0,0,0,,,7323.202323107696,4120.462020178608,3202.740302929091,2930.0,575.0,60.0
A_boundary_outward_n12,10,B,12,12,12,8362.468,373,12,1,0,B,0,0,0,,,6070.468391424226,4106.822579209228,1963.6458122150007,1865.0,367.0,60.0
A_boundary_outward_n12,10,C,12,12,12,9710.588,650,12,1,0,C,0,0,0,,,5758.587760999347,3671.7146264194553,2086.873134579891,3250.0,642.0,60.0
A_boundary_outward_n12,10,BF,12,12,12,8362.468,373,12,1,0,B,0,0,0,,,6070.468391424226,4106.822579209228,1963.6458122150007,1865.0,367.0,60.0
A_boundary_outward_n12,10,CF,12,12,12,8762.588,493,12,1,0,C,157,0,0,,,5758.587760999347,3671.7146264194553,2086.873134579891,2465.0,479.0,60.0
A_boundary_outward_n12,10,D,12,12,12,8362.468,373,12,1,0,B,0,0,0,,740.4597330942968,6070.468391424226,4106.822579209228,1963.6458122150007,1865.0,367.0,60.0
A_boundary_outward_n12,10,C3F,12,12,12,8362.468,373,12,1,0,B,0,0,0,,,6070.468391424226,4106.822579209228,1963.6458122150007,1865.0,367.0,60.0
A_boundary_outward_n12,11,B,12,12,12,10004.956,532,12,1,0,B,0,0,0,,,6770.955649485011,4113.177445962702,2657.7782035223076,2660.0,514.0,60.0
A_boundary_outward_n12,11,C,12,12,12,13214.191,993,12,1,0,C,0,0,0,,,7198.1912557823935,3634.6251202102167,3563.566135572178,4965.0,991.0,60.0
A_boundary_outward_n12,11,BF,12,12,12,9492.956,448,12,1,0,B,84,0,0,,,6770.955649485011,4113.177445962702,2657.7782035223076,2240.0,422.0,60.0
A_boundary_outward_n12,11,CF,12,12,12,11108.191,643,12,1,0,C,350,0,0,,,7198.1912557823935,3634.6251202102167,3563.566135572178,3215.0,635.0,60.0
A_boundary_outward_n12,11,D,12,12,12,9492.956,448,12,1,0,B,84,84,0,1569.526844683781,1476.018912574831,6770.955649485011,4113.177445962702,2657.7782035223076,2240.0,422.0,60.0
A_boundary_outward_n12,11,C3F,12,12,12,10004.956,532,12,1,0,B,0,0,0,,,6770.955649485011,4113.177445962702,2657.7782035223076,2660.0,514.0,60.0
A_boundary_outward_n12,12,B,12,12,12,8735.602,385,12,1,0,B,0,0,0,,,6387.602315501515,4083.364692727803,2304.237622773711,1925.0,363.0,60.0
A_boundary_outward_n12,12,C,12,12,12,9809.406,679,12,1,0,C,0,0,0,,,5679.406241501389,3655.80669603387,2023.5995454675165,3395.0,675.0,60.0
A_boundary_outward_n12,12,BF,12,12,12,8735.602,385,12,1,0,B,0,0,0,,,6387.602315501515,4083.364692727803,2304.237622773711,1925.0,363.0,60.0
A_boundary_outward_n12,12,CF,12,12,12,8879.406,525,12,1,0,C,154,0,0,,,5679.406241501389,3655.80669603387,2023.5995454675165,2625.0,515.0,60.0
A_boundary_outward_n12,12,D,12,12,12,8735.602,385,12,1,0,B,0,0,0,,705.5743237590777,6387.602315501515,4083.364692727803,2304.237622773711,1925.0,363.0,60.0
A_boundary_outward_n12,12,C3F,12,12,12,8735.602,385,12,1,0,B,0,0,0,,,6387.602315501515,4083.364692727803,2304.237622773711,1925.0,363.0,60.0
A_boundary_outward_n12,13,B,12,12,12,8304.633,405,12,1,0,B,0,0,0,,,5818.633404604111,4096.046278332891,1722.5871262712194,2025.0,401.0,60.0
A_boundary_outward_n12,13,C,12,12,12,13573.097,988,12,1,0,C,0,0,0,,,7598.096623822008,3633.0362547132477,3965.0603691087636,4940.0,975.0,60.0
A_boundary_outward_n12,13,BF,12,12,12,8304.633,405,12,1,0,B,0,0,0,,,5818.633404604111,4096.046278332891,1722.5871262712194,2025.0,401.0,60.0
A_boundary_outward_n12,13,CF,12,12,12,12162.097,754,12,1,0,C,234,0,0,,,7598.096623822008,3633.0362547132477,3965.0603691087636,3770.0,734.0,60.0
A_boundary_outward_n12,13,D,12,12,12,8304.633,405,12,1,0,B,0,0,0,,767.585133133341,5818.633404604111,4096.046278332891,1722.5871262712194,2025.0,401.0,60.0
A_boundary_outward_n12,13,C3F,12,12,12,8304.633,405,12,1,0,B,0,0,0,,,5818.633404604111,4096.046278332891,1722.5871262712194,2025.0,401.0,60.0
A_boundary_outward_n12,14,B,12,12,12,9355.932,479,12,1,0,B,0,0,0,,,6439.9322080016345,4195.284433693633,2244.6477743080004,2395.0,461.0,60.0
A_boundary_outward_n12,14,C,12,12,12,10630.096,690,12,1,0,C,0,0,0,,,6440.095926246625,3636.932871534259,2803.1630547123677,3450.0,680.0,60.0
A_boundary_outward_n12,14,BF,12,12,12,9180.932,450,12,1,0,B,29,0,0,,,6439.9322080016345,4195.284433693633,2244.6477743080004,2250.0,431.0,60.0
A_boundary_outward_n12,14,CF,12,12,12,9907.096,571,12,1,0,C,119,0,0,,,6440.095926246625,3636.932871534259,2803.1630547123677,2855.0,552.0,60.0
A_boundary_outward_n12,14,D,12,12,12,9180.932,450,12,1,0,B,29,29,0,1576.069438698581,1430.7105168346716,6439.9322080016345,4195.284433693633,2244.6477743080004,2250.0,431.0,60.0
A_boundary_outward_n12,14,C3F,12,12,12,9355.932,479,12,1,0,B,0,0,0,,,6439.9322080016345,4195.284433693633,2244.6477743080004,2395.0,461.0,60.0
A_boundary_outward_n12,15,B,12,12,12,8592.181,454,12,1,0,B,0,0,0,,,5815.181088158884,4091.872990652276,1723.3080975066086,2270.0,447.0,60.0
A_boundary_outward_n12,15,C,12,12,12,13962.234,1006,12,1,0,C,0,0,0,,,7871.233582428584,3630.740723521051,4240.492858907531,5030.0,1001.0,60.0
A_boundary_outward_n12,15,BF,12,12,12,8384.181,419,12,1,0,B,35,0,0,,,5815.181088158884,4091.872990652276,1723.3080975066086,2095.0,414.0,60.0
A_boundary_outward_n12,15,CF,12,12,12,12406.234,748,12,1,0,C,258,0,0,,,7871.233582428584,3630.740723521051,4240.492858907531,3740.0,735.0,60.0
A_boundary_outward_n12,15,D,12,12,12,8384.181,419,12,1,0,B,35,35,0,1502.8726367100135,1472.8697384276759,5815.181088158884,4091.872990652276,1723.3080975066086,2095.0,414.0,60.0
A_boundary_outward_n12,15,C3F,12,12,12,8592.181,454,12,1,0,B,0,0,0,,,5815.181088158884,4091.872990652276,1723.3080975066086,2270.0,447.0,60.0
A_boundary_outward_n12,16,B,12,12,12,8912.845,434,12,1,0,B,0,0,0,,,6264.845184353276,4102.185877330359,2162.659307022917,2170.0,418.0,60.0
A_boundary_outward_n12,16,C,12,12,12,10447.512,678,12,1,0,C,0,0,0,,,6326.512347142133,3667.8460465934827,2658.66630054865,3390.0,671.0,60.0
A_boundary_outward_n12,16,BF,12,12,12,8912.845,434,12,1,0,B,0,0,0,,,6264.845184353276,4102.185877330359,2162.659307022917,2170.0,418.0,60.0
A_boundary_outward_n12,16,CF,12,12,12,9479.512,518,12,1,0,C,160,0,0,,,6326.512347142133,3667.8460465934827,2658.66630054865,2590.0,503.0,60.0
A_boundary_outward_n12,16,D,12,12,12,8912.845,434,12,1,0,B,0,0,0,,1069.709408484032,6264.845184353276,4102.185877330359,2162.659307022917,2170.0,418.0,60.0
A_boundary_outward_n12,16,C3F,12,12,12,8912.845,434,12,1,0,B,0,0,0,,,6264.845184353276,4102.185877330359,2162.659307022917,2170.0,418.0,60.0
A_boundary_outward_n12,17,B,12,12,12,8733.161,456,12,1,0,B,0,0,0,,,5942.161369155329,4093.056790567889,1849.104578587443,2280.0,451.0,60.0
A_boundary_outward_n12,17,C,12,12,12,12813.451,928,12,1,0,C,0,0,0,,,7198.451151459552,3630.3128691184947,3568.13828234106,4640.0,915.0,60.0
A_boundary_outward_n12,17,BF,12,12,12,8571.161,429,12,1,0,B,27,0,0,,,5942.161369155329,4093.056790567889,1849.104578587443,2145.0,424.0,60.0
A_boundary_outward_n12,17,CF,12,12,12,10953.451,620,12,1,0,C,308,0,0,,,7198.451151459552,3630.3128691184947,3568.13828234106,3100.0,595.0,60.0
A_boundary_outward_n12,17,D,12,12,12,8571.161,429,12,1,0,B,27,27,0,1571.7609834603102,1448.1177272133025,5942.161369155329,4093.056790567889,1849.104578587443,2145.0,424.0,60.0
A_boundary_outward_n12,17,C3F,12,12,12,8733.161,456,12,1,0,B,0,0,0,,,5942.161369155329,4093.056790567889,1849.104578587443,2280.0,451.0,60.0
A_boundary_outward_n12,18,B,12,12,12,8809.903,440,12,1,0,B,0,0,0,,,6124.903456628039,4157.562534279857,1967.3409223481822,2200.0,425.0,60.0
A_boundary_outward_n12,18,C,12,12,12,11871.052,825,12,1,0,C,0,0,0,,,6874.052331093071,3684.7280417030574,3189.3242893900174,4125.0,812.0,60.0
A_boundary_outward_n12,18,BF,12,12,12,8647.903,413,12,1,0,B,27,0,0,,,6124.903456628039,4157.562534279857,1967.3409223481822,2065.0,398.0,60.0
A_boundary_outward_n12,18,CF,12,12,12,10597.052,614,12,1,0,C,211,0,0,,,6874.052331093071,3684.7280417030574,3189.3242893900174,3070.0,593.0,60.0
A_boundary_outward_n12,18,D,12,12,12,8647.903,413,12,1,0,B,27,27,0,1536.656567984139,1370.1045679498964,6124.903456628039,4157.562534279857,1967.3409223481822,2065.0,398.0,60.0
A_boundary_outward_n12,18,C3F,12,12,12,8809.903,440,12,1,0,B,0,0,0,,,6124.903456628039,4157.562534279857,1967.3409223481822,2200.0,425.0,60.0
A_boundary_outward_n12,19,B,12,12,12,9734.712,508,12,1,0,B,0,0,0,,,6641.711996619371,4132.958642030357,2508.7533545890133,2540.0,493.0,60.0
A_boundary_outward_n12,19,C,12,12,12,14611.684,1061,12,1,0,C,0,0,0,,,8188.683829541536,3648.092307095748,4540.591522445791,5305.0,1058.0,60.0
A_boundary_outward_n12,19,BF,12,12,12,9432.712,459,12,1,0,B,49,0,0,,,6641.711996619371,4132.958642030357,2508.7533545890133,2295.0,436.0,60.0
A_boundary_outward_n12,19,CF,12,12,12,12003.684,628,12,1,0,C,433,0,0,,,8188.683829541536,3648.092307095748,4540.591522445791,3140.0,615.0,60.0
A_boundary_outward_n12,19,D,12,12,12,9432.712,459,12,1,0,B,49,49,0,1505.8701719576732,1490.0072919828165,6641.711996619371,4132.958642030357,2508.7533545890133,2295.0,436.0,60.0
A_boundary_outward_n12,19,C3F,12,12,12,9734.712,508,12,1,0,B,0,0,0,,,6641.711996619371,4132.958642030357,2508.7533545890133,2540.0,493.0,60.0
A_boundary_outward_n12,20,B,12,12,12,8499.486,393,12,1,0,B,0,0,0,,,6088.485535333003,4183.475867876088,1905.0096674569143,1965.0,386.0,60.0
A_boundary_outward_n12,20,C,12,12,12,11396.163,802,12,1,0,C,0,0,0,,,6526.162901343296,3651.9385149047075,2874.224386438588,4010.0,800.0,60.0
A_boundary_outward_n12,20,BF,12,12,12,8499.486,393,12,1,0,B,0,0,0,,,6088.485535333003,4183.475867876088,1905.0096674569143,1965.0,386.0,60.0
A_boundary_outward_n12,20,CF,12,12,12,10211.163,605,12,1,0,C,197,0,0,,,6526.162901343296,3651.9385149047075,2874.224386438588,3025.0,600.0,60.0
A_boundary_outward_n12,20,D,12,12,12,8499.486,393,12,1,0,B,0,0,0,,1131.262877405963,6088.485535333003,4183.475867876088,1905.0096674569143,1965.0,386.0,60.0
A_boundary_outward_n12,20,C3F,12,12,12,8499.486,393,12,1,0,B,0,0,0,,,6088.485535333003,4183.475867876088,1905.0096674569143,1965.0,386.0,60.0
A_boundary_outward_n12,21,B,12,12,12,8950.66,471,12,1,0,B,0,0,0,,,6068.660498315568,4110.3043788042305,1958.3561195113361,2355.0,467.0,60.0
A_boundary_outward_n12,21,C,12,12,12,11102.619,725,12,1,0,C,0,0,0,,,6698.61912201264,3665.764102722519,3032.85501929012,3625.0,719.0,60.0
A_boundary_outward_n12,21,BF,12,12,12,8617.66,416,12,1,0,B,55,0,0,,,6068.660498315568,4110.3043788042305,1958.3561195113361,2080.0,409.0,60.0
A_boundary_outward_n12,21,CF,12,12,12,10056.619,551,12,1,0,C,174,0,0,,,6698.61912201264,3665.764102722519,3032.85501929012,2755.0,543.0,60.0
A_boundary_outward_n12,21,D,12,12,12,8617.66,416,12,1,0,B,55,55,0,1533.7453434136942,1410.3426836818207,6068.660498315568,4110.3043788042305,1958.3561195113361,2080.0,409.0,60.0
A_boundary_outward_n12,21,C3F,12,12,12,8950.66,471,12,1,0,B,0,0,0,,,6068.660498315568,4110.3043788042305,1958.3561195113361,2355.0,467.0,60.0
A_boundary_outward_n12,22,B,12,12,12,10073.804,472,12,1,0,B,0,0,0,,,7196.804075304342,4120.059095131604,3076.7449801727407,2360.0,457.0,60.0
A_boundary_outward_n12,22,C,12,12,12,12413.104,843,12,1,0,C,0,0,0,,,7310.103653336119,3667.890472755957,3642.2131805801628,4215.0,828.0,60.0
A_boundary_outward_n12,22,BF,12,12,12,9790.804,426,12,1,0,B,46,0,0,,,7196.804075304342,4120.059095131604,3076.7449801727407,2130.0,404.0,60.0
A_boundary_outward_n12,22,CF,12,12,12,10680.104,559,12,1,0,C,284,0,0,,,7310.103653336119,3667.890472755957,3642.2131805801628,2795.0,515.0,60.0
A_boundary_outward_n12,22,D,12,12,12,9790.804,426,12,1,0,B,46,46,0,1505.9836835330705,1440.1488285764117,7196.804075304342,4120.059095131604,3076.7449801727407,2130.0,404.0,60.0
A_boundary_outward_n12,22,C3F,12,12,12,10073.804,472,12,1,0,B,0,0,0,,,7196.804075304342,4120.059095131604,3076.7449801727407,2360.0,457.0,60.0
A_boundary_outward_n12,23,B,12,12,12,9112.665,488,12,1,0,B,0,0,0,,,6144.665125220562,4099.232619008148,2045.432506212415,2440.0,468.0,60.0
A_boundary_outward_n12,23,C,12,12,12,13114.873,953,12,1,0,C,0,0,0,,,7351.872573212367,3639.052607468445,3712.8199657439245,4765.0,938.0,60.0
A_boundary_outward_n12,23,BF,12,12,12,8721.665,424,12,1,0,B,64,0,0,,,6144.665125220562,4099.232619008148,2045.432506212415,2120.0,397.0,60.0
A_boundary_outward_n12,23,CF,12,12,12,11341.873,660,12,1,0,C,293,0,0,,,7351.872573212367,3639.052607468445,3712.8199657439245,3300.0,630.0,60.0
A_boundary_outward_n12,23,D,12,12,12,8721.665,424,12,1,0,B,64,64,0,1517.724953981753,1487.1124884781493,6144.665125220562,4099.232619008148,2045.432506212415,2120.0,397.0,60.0
A_boundary_outward_n12,23,C3F,12,12,12,9112.665,488,12,1,0,B,0,0,0,,,6144.665125220562,4099.232619008148,2045.432506212415,2440.0,468.0,60.0
A_boundary_outward_n12,24,B,12,12,12,8769.301,421,12,1,0,B,0,0,0,,,6191.3013317629175,4100.712101478545,2090.58923028437,2105.0,413.0,60.0
A_boundary_outward_n12,24,C,12,12,12,11060.728,743,12,1,0,C,0,0,0,,,6555.727564698284,3646.795140904598,2908.9324237936876,3715.0,730.0,60.0
A_boundary_outward_n12,24,BF,12,12,12,8685.301,407,12,1,0,B,14,0,0,,,6191.3013317629175,4100.712101478545,2090.58923028437,2035.0,399.0,60.0
A_boundary_outward_n12,24,CF,12,12,12,9847.728,542,12,1,0,C,201,0,0,,,6555.727564698284,3646.795140904598,2908.9324237936876,2710.0,522.0,60.0
A_boundary_outward_n12,24,D,12,12,12,8685.301,407,12,1,0,B,14,14,0,1541.7950753268685,1239.5090537596234,6191.3013317629175,4100.712101478545,2090.58923028437,2035.0,399.0,60.0
A_boundary_outward_n12,24,C3F,12,12,12,8769.301,421,12,1,0,B,0,0,0,,,6191.3013317629175,4100.712101478545,2090.58923028437,2105.0,413.0,60.0
A_boundary_outward_n12,25,B,12,12,12,9173.922,456,12,1,0,B,0,0,0,,,6396.922073374379,4093.3845211425655,2303.537552231813,2280.0,437.0,60.0
A_boundary_outward_n12,25,C,12,12,12,12192.96,854,12,1,0,C,0,0,0,,,7011.959903204297,3646.1998159552645,3365.7600872490348,4270.0,851.0,60.0
A_boundary_outward_n12,25,BF,12,12,12,8968.922,423,12,1,0,B,33,0,0,,,6396.922073374379,4093.3845211425655,2303.537552231813,2115.0,397.0,60.0
A_boundary_outward_n12,25,CF,12,12,12,10825.96,630,12,1,0,C,224,0,0,,,7011.959903204297,3646.1998159552645,3365.7600872490348,3150.0,604.0,60.0
A_boundary_outward_n12,25,D,12,12,12,8968.922,423,12,1,0,B,33,33,0,1568.7357663329526,1232.77752589362,6396.922073374379,4093.3845211425655,2303.537552231813,2115.0,397.0,60.0
A_boundary_outward_n12,25,C3F,12,12,12,9173.922,456,12,1,0,B,0,0,0,,,6396.922073374379,4093.3845211425655,2303.537552231813,2280.0,437.0,60.0
A_normal_n13,1,B,13,13,13,8636.003,369,13,1,4,B,0,0,0,,,6371.0034145383415,4081.871979393182,2289.1314351451565,1845.0,355.0,65.0
A_normal_n13,1,C,13,13,13,7737.178,376,13,1,4,C,0,0,0,,,5417.177834512428,3637.226934381185,1779.950900131243,1880.0,375.0,65.0
A_normal_n13,1,BF,13,13,13,8522.003,350,13,1,4,B,19,0,0,,,6371.0034145383415,4081.871979393182,2289.1314351451565,1750.0,336.0,65.0
A_normal_n13,1,CF,13,13,13,7419.178,323,13,1,4,C,53,0,0,,,5417.177834512428,3637.226934381185,1779.950900131243,1615.0,322.0,65.0
A_normal_n13,1,D,13,13,13,7419.178,323,13,1,4,C,53,53,0,1500.1621259039148,1486.5147773857877,5417.177834512428,3637.226934381185,1779.950900131243,1615.0,322.0,65.0
A_normal_n13,1,C3F,13,13,13,7419.178,323,13,1,4,C,53,0,0,,,5417.177834512428,3637.226934381185,1779.950900131243,1615.0,322.0,65.0
A_normal_n13,2,B,13,13,13,8147.046,378,13,1,5,B,0,0,0,,,5817.045656324517,4129.77007872496,1687.275577599558,1890.0,375.0,65.0
A_normal_n13,2,C,13,13,13,7674.303,376,13,1,5,C,0,0,0,,,5364.3030465938,3679.015232196949,1685.28781439685,1880.0,365.0,65.0
A_normal_n13,2,BF,13,13,13,8015.046,356,13,1,5,B,22,0,0,,,5817.045656324517,4129.77007872496,1687.275577599558,1780.0,353.0,65.0
A_normal_n13,2,CF,13,13,13,7274.303,308,13,1,5,C,68,0,0,,,5364.3030465938,3679.015232196949,1685.28781439685,1540.0,305.0,65.0
A_normal_n13,2,D,13,13,13,7274.303,308,13,1,5,C,68,68,0,1503.0570969013822,1486.5147773857898,5364.3030465938,3679.015232196949,1685.28781439685,1540.0,305.0,65.0
A_normal_n13,2,C3F,13,13,13,7274.303,308,13,1,5,C,68,0,0,,,5364.3030465938,3679.015232196949,1685.28781439685,1540.0,305.0,65.0
A_normal_n13,3,B,13,13,13,8438.608,357,13,1,5,B,0,0,0,,,6245.608098650521,4081.871979393182,2163.736119257343,1785.0,343.0,65.0
A_normal_n13,3,C,13,13,13,8477.761,472,13,1,5,C,0,0,0,,,5583.761156346911,3629.5264323263946,1954.2347240205186,2360.0,469.0,65.0
A_normal_n13,3,BF,13,13,13,8378.608,347,13,1,5,B,10,0,0,,,6245.608098650521,4081.871979393182,2163.736119257343,1735.0,333.0,65.0
A_normal_n13,3,CF,13,13,13,7846.761,367,13,1,5,C,105,0,0,,,5583.761156346911,3629.5264323263946,1954.2347240205186,1835.0,363.0,65.0
A_normal_n13,3,D,13,13,13,7846.761,367,13,1,5,C,105,105,0,1500.9481213502336,1496.9404685131592,5583.761156346911,3629.5264323263946,1954.2347240205186,1835.0,363.0,65.0
A_normal_n13,3,C3F,13,13,13,7846.761,367,13,1,5,C,105,0,0,,,5583.761156346911,3629.5264323263946,1954.2347240205186,1835.0,363.0,65.0
A_normal_n13,4,B,13,13,13,8144.081,333,13,1,7,B,0,0,0,,,6097.081399975813,4081.871979393182,2015.209420582633,1665.0,317.0,65.0
A_normal_n13,4,C,13,13,13,7561.606,335,13,1,7,C,0,0,0,,,5503.606392422801,3667.912678201087,1835.6937142217162,1675.0,318.0,65.0
A_normal_n13,4,BF,13,13,13,8066.081,320,13,1,7,B,13,0,0,,,6097.081399975813,4081.871979393182,2015.209420582633,1600.0,304.0,65.0
A_normal_n13,4,CF,13,13,13,7387.606,306,13,1,7,C,29,0,0,,,5503.606392422801,3667.912678201087,1835.6937142217162,1530.0,289.0,65.0
A_normal_n13,4,D,13,13,13,7387.606,306,13,1,7,C,29,29,0,1583.9192693293448,1486.4437259158917,5503.606392422801,3667.912678201087,1835.6937142217162,1530.0,289.0,65.0
A_normal_n13,4,C3F,13,13,13,7387.606,306,13,1,7,C,29,0,0,,,5503.606392422801,3667.912678201087,1835.6937142217162,1530.0,289.0,65.0
A_normal_n13,5,B,13,13,13,8321.864,361,13,1,5,B,0,0,0,,,6099.864212059324,4081.871979393182,2017.992232666143,1805.0,352.0,65.0
A_normal_n13,5,C,13,13,13,7823.411,356,13,1,5,C,0,0,0,,,5630.410982836824,3629.5264323263946,2000.8845505104296,1780.0,348.0,65.0
A_normal_n13,5,BF,13,13,13,8159.864,334,13,1,5,B,27,0,0,,,6099.864212059324,4081.871979393182,2017.992232666143,1670.0,325.0,65.0
A_normal_n13,5,CF,13,13,13,7577.411,314,13,1,5,C,42,0,0,,,5630.410982836824,3629.5264323263946,2000.8845505104296,1570.0,312.0,65.0
A_normal_n13,5,D,13,13,13,7577.411,314,13,1,5,C,42,42,0,1533.378752904921,1486.5147773857907,5630.410982836824,3629.5264323263946,2000.8845505104296,1570.0,312.0,65.0
A_normal_n13,5,C3F,13,13,13,7577.411,314,13,1,5,C,42,0,0,,,5630.410982836824,3629.5264323263946,2000.8845505104296,1570.0,312.0,65.0
A_normal_n13,6,B,13,13,13,8312.599,322,13,1,6,B,0,0,0,,,6325.599137308656,4107.790189487643,2217.808947821011,1610.0,312.0,65.0
A_normal_n13,6,C,13,13,13,7528.741,350,13,1,6,C,0,0,0,,,5369.741144111525,3701.005750995304,1668.7353931162218,1750.0,344.0,65.0
A_normal_n13,6,BF,13,13,13,8234.599,309,13,1,6,B,13,0,0,,,6325.599137308656,4107.790189487643,2217.808947821011,1545.0,299.0,65.0
A_normal_n13,6,CF,13,13,13,7219.741,298,13,1,6,C,52,0,0,,,5369.741144111525,3701.005750995304,1668.7353931162218,1490.0,295.0,65.0
A_normal_n13,6,D,13,13,13,7219.741,298,13,1,6,C,52,52,0,1571.9752421307787,1486.5147773857907,5369.741144111525,3701.005750995304,1668.7353931162218,1490.0,295.0,65.0
A_normal_n13,6,C3F,13,13,13,7219.741,298,13,1,6,C,52,0,0,,,5369.741144111525,3701.005750995304,1668.7353931162218,1490.0,295.0,65.0
A_normal_n13,7,B,13,13,13,7819.134,325,13,1,6,B,0,0,0,,,5814.1336014352855,4081.871979393182,1732.2616220421044,1625.0,315.0,65.0
A_normal_n13,7,C,13,13,13,7540.996,371,13,1,6,C,0,0,0,,,5257.99613824637,3662.8530717516787,1595.1430664946897,1855.0,363.0,65.0
A_normal_n13,7,BF,13,13,13,7699.134,305,13,1,6,B,20,0,0,,,5814.1336014352855,4081.871979393182,1732.2616220421044,1525.0,295.0,65.0
A_normal_n13,7,CF,13,13,13,7162.996,308,13,1,6,C,63,0,0,,,5257.99613824637,3662.8530717516787,1595.1430664946897,1540.0,300.0,65.0
A_normal_n13,7,D,13,13,13,7162.996,308,13,1,6,C,63,63,0,1506.3489002060176,1480.581004563671,5257.99613824637,3662.8530717516787,1595.1430664946897,1540.0,300.0,65.0
A_normal_n13,7,C3F,13,13,13,7162.996,308,13,1,6,C,63,0,0,,,5257.99613824637,3662.8530717516787,1595.1430664946897,1540.0,300.0,65.0
A_normal_n13,8,B,13,13,13,8058.757,321,13,1,5,B,0,0,0,,,6071.757072483761,4088.1922756312406,1983.5647968525188,1605.0,317.0,65.0
A_normal_n13,8,C,13,13,13,7652.546,336,13,1,5,C,0,0,0,,,5574.545946083678,3636.8813344129603,1937.6646116707184,1680.0,333.0,65.0
A_normal_n13,8,BF,13,13,13,8058.757,321,13,1,5,B,0,0,0,,,6071.757072483761,4088.1922756312406,1983.5647968525188,1605.0,317.0,65.0
A_normal_n13,8,CF,13,13,13,7394.546,293,13,1,5,C,43,0,0,,,5574.545946083678,3636.8813344129603,1937.6646116707184,1465.0,290.0,65.0
A_normal_n13,8,D,13,13,13,7394.546,293,13,1,5,C,43,43,0,1583.919269329345,1487.4977347939011,5574.545946083678,3636.8813344129603,1937.6646116707184,1465.0,290.0,65.0
A_normal_n13,8,C3F,13,13,13,7394.546,293,13,1,5,C,43,0,0,,,5574.545946083678,3636.8813344129603,1937.6646116707184,1465.0,290.0,65.0
A_normal_n13,9,B,13,13,13,7995.15,306,13,1,6,B,0,0,0,,,6100.149916499771,4081.871979393182,2018.2779371065894,1530.0,300.0,65.0
A_normal_n13,9,C,13,13,13,8376.661,401,13,1,6,C,0,0,0,,,5921.66100711892,3652.6318332331825,2269.029173885737,2005.0,385.0,65.0
A_normal_n13,9,BF,13,13,13,7947.15,298,13,1,6,B,8,0,0,,,6100.149916499771,4081.871979393182,2018.2779371065894,1490.0,292.0,65.0
A_normal_n13,9,CF,13,13,13,8022.661,342,13,1,6,C,59,0,0,,,5921.66100711892,3652.6318332331825,2269.029173885737,1710.0,326.0,65.0
A_normal_n13,9,D,13,13,13,8022.661,342,13,1,6,C,59,59,0,1533.7309198361913,1486.51477738579,5921.66100711892,3652.6318332331825,2269.029173885737,1710.0,326.0,65.0
A_normal_n13,9,C3F,13,13,13,8022.661,342,13,1,6,C,59,0,0,,,5921.66100711892,3652.6318332331825,2269.029173885737,1710.0,326.0,65.0
A_normal_n13,10,B,13,13,13,9220.743,408,13,1,9,B,0,0,0,,,6732.742608684692,4081.871979393182,2650.8706292915053,2040.0,383.0,65.0
A_normal_n13,10,C,13,13,13,7533.318,328,13,1,9,C,0,0,0,,,5502.318264957174,3657.665281789641,1844.652983167531,1640.0,326.0,65.0
A_normal_n13,10,BF,13,13,13,8922.743,359,13,1,9,B,49,0,0,,,6732.742608684692,4081.871979393182,2650.8706292915053,1795.0,330.0,65.0
A_normal_n13,10,CF,13,13,13,7311.318,291,13,1,9,C,37,0,0,,,5502.318264957174,3657.665281789641,1844.652983167531,1455.0,289.0,65.0
A_normal_n13,10,D,13,13,13,7311.318,291,13,1,9,C,37,37,0,1509.238622602286,1400.9351257172586,5502.318264957174,3657.665281789641,1844.652983167531,1455.0,289.0,65.0
A_normal_n13,10,C3F,13,13,13,7311.318,291,13,1,9,C,37,0,0,,,5502.318264957174,3657.665281789641,1844.652983167531,1455.0,289.0,65.0
A_normal_n13,11,B,13,13,13,8583.448,317,13,1,7,B,0,0,0,,,6640.448338759957,4081.871979393182,2558.576359366778,1585.0,293.0,65.0
A_normal_n13,11,C,13,13,13,7348.45,351,13,1,7,C,0,0,0,,,5182.449810879597,3659.049271172978,1523.4005397066203,1755.0,346.0,65.0
A_normal_n13,11,BF,13,13,13,8535.448,309,13,1,7,B,8,0,0,,,6640.448338759957,4081.871979393182,2558.576359366778,1545.0,285.0,65.0
A_normal_n13,11,CF,13,13,13,7036.45,299,13,1,7,C,52,0,0,,,5182.449810879597,3659.049271172978,1523.4005397066203,1495.0,294.0,65.0
A_normal_n13,11,D,13,13,13,7036.45,299,13,1,7,C,52,52,0,1562.5914248762638,1464.3559473698508,5182.449810879597,3659.049271172978,1523.4005397066203,1495.0,294.0,65.0
A_normal_n13,11,C3F,13,13,13,7036.45,299,13,1,7,C,52,0,0,,,5182.449810879597,3659.049271172978,1523.4005397066203,1495.0,294.0,65.0
A_normal_n13,12,B,13,13,13,9029.265,350,13,1,3,B,0,0,0,,,6874.26506150277,4081.871979393182,2792.393082109588,1750.0,340.0,65.0
A_normal_n13,12,C,13,13,13,7991.0,384,13,1,3,C,0,0,0,,,5623.000078911763,3666.9133007522432,1956.0867781595211,1920.0,383.0,65.0
A_normal_n13,12,BF,13,13,13,9023.265,349,13,1,3,B,1,0,0,,,6874.26506150277,4081.871979393182,2792.393082109588,1745.0,339.0,65.0
A_normal_n13,12,CF,13,13,13,7637.0,325,13,1,3,C,59,0,0,,,5623.000078911763,3666.9133007522432,1956.0867781595211,1625.0,324.0,65.0
A_normal_n13,12,D,13,13,13,7637.0,325,13,1,3,C,59,59,0,1513.4591422938788,1485.9304577920263,5623.000078911763,3666.9133007522432,1956.0867781595211,1625.0,324.0,65.0
A_normal_n13,12,C3F,13,13,13,7637.0,325,13,1,3,C,59,0,0,,,5623.000078911763,3666.9133007522432,1956.0867781595211,1625.0,324.0,65.0
A_normal_n13,13,B,13,13,13,7784.025,325,13,1,5,B,0,0,0,,,5773.025219233408,4086.7458240382643,1686.2793951951448,1625.0,321.0,65.0
A_normal_n13,13,C,13,13,13,7673.691,393,13,1,5,C,0,0,0,,,5259.691087409593,3728.0369852402328,1531.6541021693604,1965.0,384.0,65.0
A_normal_n13,13,BF,13,13,13,7682.025,308,13,1,5,B,17,0,0,,,5773.025219233408,4086.7458240382643,1686.2793951951448,1540.0,304.0,65.0
A_normal_n13,13,CF,13,13,13,7268.691,325,13,1,5,C,68,0,0,,,5259.691087409593,3728.0369852402328,1531.6541021693604,1625.0,319.0,65.0
A_normal_n13,13,D,13,13,13,7268.691,325,13,1,5,C,68,68,0,1506.3489002060169,1497.7825417727543,5259.691087409593,3728.0369852402328,1531.6541021693604,1625.0,319.0,65.0
A_normal_n13,13,C3F,13,13,13,7268.691,325,13,1,5,C,68,0,0,,,5259.691087409593,3728.0369852402328,1531.6541021693604,1625.0,319.0,65.0
A_normal_n13,14,B,13,13,13,8730.886,320,13,1,8,B,0,0,0,,,6774.88638424392,4081.871979393182,2693.0144048507414,1600.0,291.0,65.0
A_normal_n13,14,C,13,13,13,7330.365,359,13,1,8,C,0,0,0,,,5118.364608378695,3724.1239453773514,1394.240663001345,1795.0,352.0,65.0
A_normal_n13,14,BF,13,13,13,8688.886,313,13,1,8,B,7,0,0,,,6774.88638424392,4081.871979393182,2693.0144048507414,1565.0,284.0,65.0
A_normal_n13,14,CF,13,13,13,7061.365,314,13,1,8,C,45,0,0,,,5118.364608378695,3724.1239453773514,1394.240663001345,1570.0,308.0,65.0
A_normal_n13,14,D,13,13,13,7061.365,314,13,1,8,C,45,45,0,1501.5794505584824,1496.0424481312346,5118.364608378695,3724.1239453773514,1394.240663001345,1570.0,308.0,65.0
A_normal_n13,14,C3F,13,13,13,7061.365,314,13,1,8,C,45,0,0,,,5118.364608378695,3724.1239453773514,1394.240663001345,1570.0,308.0,65.0
A_normal_n13,15,B,13,13,13,8688.227,360,13,1,4,B,0,0,0,,,6486.227191335278,4081.871979393182,2404.3552119421,1800.0,337.0,65.0
A_normal_n13,15,C,13,13,13,7885.376,389,13,1,4,C,0,0,0,,,5489.375672617895,3662.1912550788356,1827.184417539061,1945.0,386.0,65.0
A_normal_n13,15,BF,13,13,13,8604.227,346,13,1,4,B,14,0,0,,,6486.227191335278,4081.871979393182,2404.3552119421,1730.0,323.0,65.0
A_normal_n13,15,CF,13,13,13,7465.376,319,13,1,4,C,70,0,0,,,5489.375672617895,3662.1912550788356,1827.184417539061,1595.0,316.0,65.0
A_normal_n13,15,D,13,13,13,7465.376,319,13,1,4,C,70,70,0,1506.3489002060187,1492.513242639931,5489.375672617895,3662.1912550788356,1827.184417539061,1595.0,316.0,65.0
A_normal_n13,15,C3F,13,13,13,7465.376,319,13,1,4,C,70,0,0,,,5489.375672617895,3662.1912550788356,1827.184417539061,1595.0,316.0,65.0
A_normal_n13,16,B,13,13,13,8651.484,363,13,1,4,B,0,0,0,,,6418.484185929533,4081.871979393182,2336.6122065363493,1815.0,353.0,65.0
A_normal_n13,16,C,13,13,13,7788.548,393,13,1,4,C,0,0,0,,,5370.548453296182,3648.410089116662,1722.1383641795198,1965.0,388.0,65.0
A_normal_n13,16,BF,13,13,13,8501.484,338,13,1,4,B,25,0,0,,,6418.484185929533,4081.871979393182,2336.6122065363493,1690.0,328.0,65.0
A_normal_n13,16,CF,13,13,13,7302.548,312,13,1,4,C,81,0,0,,,5370.548453296182,3648.410089116662,1722.1383641795198,1560.0,307.0,65.0
A_normal_n13,16,D,13,13,13,7302.548,312,13,1,4,C,81,81,0,1505.8971068371677,1444.8806789766945,5370.548453296182,3648.410089116662,1722.1383641795198,1560.0,307.0,65.0
A_normal_n13,16,C3F,13,13,13,7302.548,312,13,1,4,C,81,0,0,,,5370.548453296182,3648.410089116662,1722.1383641795198,1560.0,307.0,65.0
A_normal_n13,17,B,13,13,13,8644.144,349,13,1,5,B,0,0,0,,,6499.143874538843,4106.979581736726,2392.16429280212,1745.0,335.0,65.0
A_normal_n13,17,C,13,13,13,7702.853,362,13,1,5,C,0,0,0,,,5470.852653043039,3636.476542651186,1834.3761103918523,1810.0,357.0,65.0
A_normal_n13,17,BF,13,13,13,8572.144,337,13,1,5,B,12,0,0,,,6499.143874538843,4106.979581736726,2392.16429280212,1685.0,323.0,65.0
A_normal_n13,17,CF,13,13,13,7372.853,307,13,1,5,C,55,0,0,,,5470.852653043039,3636.476542651186,1834.3761103918523,1535.0,302.0,65.0
A_normal_n13,17,D,13,13,13,7372.853,307,13,1,5,C,55,55,0,1535.2012469968386,1491.6657774673213,5470.852653043039,3636.476542651186,1834.3761103918523,1535.0,302.0,65.0
A_normal_n13,17,C3F,13,13,13,7372.853,307,13,1,5,C,55,0,0,,,5470.852653043039,3636.476542651186,1834.3761103918523,1535.0,302.0,65.0
A_normal_n13,18,B,13,13,13,8918.263,342,13,1,6,B,0,0,0,,,6809.263034822308,4081.871979393182,2727.3910554291265,1710.0,334.0,65.0
A_normal_n13,18,C,13,13,13,7707.763,377,13,1,6,C,0,0,0,,,5384.763292469807,3714.882065748286,1669.881226721521,1885.0,373.0,65.0
A_normal_n13,18,BF,13,13,13,8840.263,329,13,1,6,B,13,0,0,,,6809.263034822308,4081.871979393182,2727.3910554291265,1645.0,321.0,65.0
A_normal_n13,18,CF,13,13,13,7342.763,316,13,1,6,C,61,0,0,,,5384.763292469807,3714.882065748286,1669.881226721521,1580.0,313.0,65.0
A_normal_n13,18,D,13,13,13,7342.763,316,13,1,6,C,61,61,0,1540.593472422631,1486.5147773857893,5384.763292469807,3714.882065748286,1669.881226721521,1580.0,313.0,65.0
A_normal_n13,18,C3F,13,13,13,7342.763,316,13,1,6,C,61,0,0,,,5384.763292469807,3714.882065748286,1669.881226721521,1580.0,313.0,65.0
A_normal_n13,19,B,13,13,13,7647.808,339,13,1,7,B,0,0,0,,,5550.807861737473,4081.871979393182,1468.935882344292,1695.0,337.0,65.0
A_normal_n13,19,C,13,13,13,6853.698,323,13,1,7,C,0,0,0,,,4851.698015413338,3672.669391741476,1179.028623671862,1615.0,322.0,65.0
A_normal_n13,19,BF,13,13,13,7557.808,324,13,1,7,B,15,0,0,,,5550.807861737473,4081.871979393182,1468.935882344292,1620.0,322.0,65.0
A_normal_n13,19,CF,13,13,13,6661.698,291,13,1,7,C,32,0,0,,,4851.698015413338,3672.669391741476,1179.028623671862,1455.0,290.0,65.0
A_normal_n13,19,D,13,13,13,6661.698,291,13,1,7,C,32,32,0,1600.9610865530294,1475.3029981439527,4851.698015413338,3672.669391741476,1179.028623671862,1455.0,290.0,65.0
A_normal_n13,19,C3F,13,13,13,6661.698,291,13,1,7,C,32,0,0,,,4851.698015413338,3672.669391741476,1179.028623671862,1455.0,290.0,65.0
A_normal_n13,20,B,13,13,13,8392.147,356,13,1,6,B,0,0,0,,,6207.146861280902,4081.871979393182,2125.27488188772,1780.0,340.0,65.0
A_normal_n13,20,C,13,13,13,7399.166,403,13,1,6,C,0,0,0,,,4918.165553875317,3797.0948723603947,1121.0706815149201,2015.0,401.0,65.0
A_normal_n13,20,BF,13,13,13,8332.147,346,13,1,6,B,10,0,0,,,6207.146861280902,4081.871979393182,2125.27488188772,1730.0,330.0,65.0
A_normal_n13,20,CF,13,13,13,6894.166,319,13,1,6,C,84,0,0,,,4918.165553875317,3797.0948723603947,1121.0706815149201,1595.0,316.0,65.0
A_normal_n13,20,D,13,13,13,6894.166,319,13,1,6,C,84,84,0,1501.4890789419292,1496.9295920086308,4918.165553875317,3797.0948723603947,1121.0706815149201,1595.0,316.0,65.0
A_normal_n13,20,C3F,13,13,13,6894.166,319,13,1,6,C,84,0,0,,,4918.165553875317,3797.0948723603947,1121.0706815149201,1595.0,316.0,65.0
A_normal_n13,21,B,13,13,13,7502.147,303,13,1,4,B,0,0,0,,,5622.147430805131,4081.871979393182,1540.2754514119488,1515.0,300.0,65.0
A_normal_n13,21,C,13,13,13,8097.215,412,13,1,4,C,0,0,0,,,5577.214912023424,3693.0623608073474,1884.1525512160806,2060.0,395.0,65.0
A_normal_n13,21,BF,13,13,13,7472.147,298,13,1,4,B,5,0,0,,,5622.147430805131,4081.871979393182,1540.2754514119488,1490.0,295.0,65.0
A_normal_n13,21,CF,13,13,13,7624.215,333,13,1,4,C,79,0,0,,,5577.214912023424,3693.0623608073474,1884.1525512160806,1665.0,317.0,65.0
A_normal_n13,21,D,13,13,13,7624.215,333,13,1,4,C,79,79,0,1511.0820315681758,1470.5852865048264,5577.214912023424,3693.0623608073474,1884.1525512160806,1665.0,317.0,65.0
A_normal_n13,21,C3F,13,13,13,7624.215,333,13,1,4,C,79,0,0,,,5577.214912023424,3693.0623608073474,1884.1525512160806,1665.0,317.0,65.0
A_normal_n13,22,B,13,13,13,8880.279,337,13,1,3,B,0,0,0,,,6804.278730383952,4087.461671623774,2716.8170587601767,1685.0,326.0,65.0
A_normal_n13,22,C,13,13,13,8031.908,412,13,1,3,C,0,0,0,,,5501.907557276629,3745.5372435170834,1756.3703137595467,2060.0,405.0,65.0
A_normal_n13,22,BF,13,13,13,8802.279,324,13,1,3,B,13,0,0,,,6804.278730383952,4087.461671623774,2716.8170587601767,1620.0,313.0,65.0
A_normal_n13,22,CF,13,13,13,7565.908,334,13,1,3,C,78,0,0,,,5501.907557276629,3745.5372435170834,1756.3703137595467,1670.0,329.0,65.0
A_normal_n13,22,D,13,13,13,7565.908,334,13,1,3,C,78,78,0,1539.30897393181,1491.391601262064,5501.907557276629,3745.5372435170834,1756.3703137595467,1670.0,329.0,65.0
A_normal_n13,22,C3F,13,13,13,7565.908,334,13,1,3,C,78,0,0,,,5501.907557276629,3745.5372435170834,1756.3703137595467,1670.0,329.0,65.0
A_normal_n13,23,B,13,13,13,7865.353,312,13,1,5,B,0,0,0,,,5935.353407359591,4091.8078898556037,1843.5455175039872,1560.0,305.0,65.0
A_normal_n13,23,C,13,13,13,7528.919,376,13,1,5,C,0,0,0,,,5209.919284000661,3734.9118360973976,1475.0074479032637,1880.0,374.0,65.0
A_normal_n13,23,BF,13,13,13,7769.353,296,13,1,5,B,16,0,0,,,5935.353407359591,4091.8078898556037,1843.5455175039872,1480.0,289.0,65.0
A_normal_n13,23,CF,13,13,13,7126.919,309,13,1,5,C,67,0,0,,,5209.919284000661,3734.9118360973976,1475.0074479032637,1545.0,307.0,65.0
A_normal_n13,23,D,13,13,13,7126.919,309,13,1,5,C,67,67,0,1557.4419622210362,1497.7114299756659,5209.919284000661,3734.9118360973976,1475.0074479032637,1545.0,307.0,65.0
A_normal_n13,23,C3F,13,13,13,7126.919,309,13,1,5,C,67,0,0,,,5209.919284000661,3734.9118360973976,1475.0074479032637,1545.0,307.0,65.0
A_normal_n13,24,B,13,13,13,8833.899,343,13,1,5,B,0,0,0,,,6720.898697477857,4081.871979393182,2639.026718084678,1715.0,333.0,65.0
A_normal_n13,24,C,13,13,13,8118.426,439,13,1,5,C,0,0,0,,,5424.425704345509,3678.835654738441,1745.5900496070685,2195.0,434.0,65.0
A_normal_n13,24,BF,13,13,13,8791.899,336,13,1,5,B,7,0,0,,,6720.898697477857,4081.871979393182,2639.026718084678,1680.0,326.0,65.0
A_normal_n13,24,CF,13,13,13,7602.426,353,13,1,5,C,86,0,0,,,5424.425704345509,3678.835654738441,1745.5900496070685,1765.0,348.0,65.0
A_normal_n13,24,D,13,13,13,7602.426,353,13,1,5,C,86,86,0,1511.8702318977362,1492.9763045886739,5424.425704345509,3678.835654738441,1745.5900496070685,1765.0,348.0,65.0
A_normal_n13,24,C3F,13,13,13,7602.426,353,13,1,5,C,86,0,0,,,5424.425704345509,3678.835654738441,1745.5900496070685,1765.0,348.0,65.0
A_normal_n13,25,B,13,13,13,8920.438,338,13,1,4,B,0,0,0,,,6844.437881508613,4126.924690886834,2717.5131906217816,1690.0,321.0,65.0
A_normal_n13,25,C,13,13,13,7833.066,379,13,1,4,C,0,0,0,,,5502.066435110173,3671.9153184002325,1830.1511167099416,1895.0,371.0,65.0
A_normal_n13,25,BF,13,13,13,8866.438,329,13,1,4,B,9,0,0,,,6844.437881508613,4126.924690886834,2717.5131906217816,1645.0,312.0,65.0
A_normal_n13,25,CF,13,13,13,7503.066,324,13,1,4,C,55,0,0,,,5502.066435110173,3671.9153184002325,1830.1511167099416,1620.0,316.0,65.0
A_normal_n13,25,D,13,13,13,7503.066,324,13,1,4,C,55,55,0,1540.5934724226304,1432.384563897268,5502.066435110173,3671.9153184002325,1830.1511167099416,1620.0,316.0,65.0
A_normal_n13,25,C3F,13,13,13,7503.066,324,13,1,4,C,55,0,0,,,5502.066435110173,3671.9153184002325,1830.1511167099416,1620.0,316.0,65.0
A_boundary_random_n13,1,B,13,13,13,8624.226,416,13,1,0,B,0,0,0,,,6072.226174863837,4113.326904527226,1958.8992703366098,2080.0,407.0,65.0
A_boundary_random_n13,1,C,13,13,13,9925.607,659,13,1,0,C,0,0,0,,,5908.606674379526,3642.063082966305,2266.543591413223,3295.0,657.0,65.0
A_boundary_random_n13,1,BF,13,13,13,8624.226,416,13,1,0,B,0,0,0,,,6072.226174863837,4113.326904527226,1958.8992703366098,2080.0,407.0,65.0
A_boundary_random_n13,1,CF,13,13,13,8489.607,423,13,1,0,C,236,0,0,,,5908.606674379526,3642.063082966305,2266.543591413223,2115.0,401.0,65.0
A_boundary_random_n13,1,D,13,13,13,8624.226,416,13,1,0,B,0,0,0,,1199.982093977509,6072.226174863837,4113.326904527226,1958.8992703366098,2080.0,407.0,65.0
A_boundary_random_n13,1,C3F,13,13,13,8624.226,416,13,1,0,B,0,0,0,,,6072.226174863837,4113.326904527226,1958.8992703366098,2080.0,407.0,65.0
A_boundary_random_n13,2,B,13,13,13,10351.0,558,13,1,0,B,0,0,0,,,6955.000329557889,4103.441970148809,2851.558359409083,2790.0,541.0,65.0
A_boundary_random_n13,2,C,13,13,13,8631.214,532,13,1,0,C,0,0,0,,,5389.213830972458,3676.1346435845057,1713.0791873879537,2660.0,517.0,65.0
A_boundary_random_n13,2,BF,13,13,13,9735.0,457,13,1,0,B,101,0,0,,,6955.000329557889,4103.441970148809,2851.558359409083,2285.0,430.0,65.0
A_boundary_random_n13,2,CF,13,13,13,7894.214,411,13,1,0,C,121,0,0,,,5389.213830972458,3676.1346435845057,1713.0791873879537,2055.0,385.0,65.0
A_boundary_random_n13,2,D,13,13,13,9735.0,457,13,1,0,B,101,101,0,1516.4732037946656,1462.910593333492,6955.000329557889,4103.441970148809,2851.558359409083,2285.0,430.0,65.0
A_boundary_random_n13,2,C3F,13,13,13,10351.0,558,13,1,0,B,0,0,0,,,6955.000329557889,4103.441970148809,2851.558359409083,2790.0,541.0,65.0
A_boundary_random_n13,3,B,13,13,13,8750.432,434,13,1,0,B,0,0,0,,,6095.432169754536,4156.304750586276,1939.1274191682596,2170.0,420.0,65.0
A_boundary_random_n13,3,C,13,13,13,8877.724,506,13,1,0,C,0,0,0,,,5788.724294895058,3698.333500727797,2090.390794167261,2530.0,494.0,65.0
A_boundary_random_n13,3,BF,13,13,13,8620.432,412,13,1,0,B,22,0,0,,,6095.432169754536,4156.304750586276,1939.1274191682596,2060.0,400.0,65.0
A_boundary_random_n13,3,CF,13,13,13,8406.724,428,13,1,0,C,78,0,0,,,5788.724294895058,3698.333500727797,2090.390794167261,2140.0,413.0,65.0
A_boundary_random_n13,3,D,13,13,13,8620.432,412,13,1,0,B,22,22,0,1566.7175319859766,1254.0938609415307,6095.432169754536,4156.304750586276,1939.1274191682596,2060.0,400.0,65.0
A_boundary_random_n13,3,C3F,13,13,13,8750.432,434,13,1,0,B,0,0,0,,,6095.432169754536,4156.304750586276,1939.1274191682596,2170.0,420.0,65.0
A_boundary_random_n13,4,B,13,13,13,9991.869,519,13,1,0,B,0,0,0,,,6824.868670437458,4121.618684557226,2703.2499858802335,2595.0,507.0,65.0
A_boundary_random_n13,4,C,13,13,13,9006.593,540,13,1,0,C,0,0,0,,,5704.592873110615,3681.689018915898,2022.903854194716,2700.0,537.0,65.0
A_boundary_random_n13,4,BF,13,13,13,9590.869,455,13,1,0,B,64,0,0,,,6824.868670437458,4121.618684557226,2703.2499858802335,2275.0,426.0,65.0
A_boundary_random_n13,4,CF,13,13,13,8189.593,405,13,1,0,C,135,0,0,,,5704.592873110615,3681.689018915898,2022.903854194716,2025.0,395.0,65.0
A_boundary_random_n13,4,D,13,13,13,9590.869,455,13,1,0,B,64,64,0,1560.6792258267349,1312.8308914398492,6824.868670437458,4121.618684557226,2703.2499858802335,2275.0,426.0,65.0
A_boundary_random_n13,4,C3F,13,13,13,9991.869,519,13,1,0,B,0,0,0,,,6824.868670437458,4121.618684557226,2703.2499858802335,2595.0,507.0,65.0
A_boundary_random_n13,5,B,13,13,13,9367.009,489,13,1,0,B,0,0,0,,,6382.008881132677,4095.8061709020503,2286.2027102306265,2445.0,475.0,65.0
A_boundary_random_n13,5,C,13,13,13,8927.416,559,13,1,0,C,0,0,0,,,5516.4158336332885,3722.0787206345885,1794.3371129986988,2795.0,551.0,65.0
A_boundary_random_n13,5,BF,13,13,13,9039.009,434,13,1,0,B,55,0,0,,,6382.008881132677,4095.8061709020503,2286.2027102306265,2170.0,422.0,65.0
A_boundary_random_n13,5,CF,13,13,13,8053.416,414,13,1,0,C,145,0,0,,,5516.4158336332885,3722.0787206345885,1794.3371129986988,2070.0,402.0,65.0
A_boundary_random_n13,5,D,13,13,13,9039.009,434,13,1,0,B,55,55,0,1601.996188815101,1436.8427837079441,6382.008881132677,4095.8061709020503,2286.2027102306265,2170.0,422.0,65.0
A_boundary_random_n13,5,C3F,13,13,13,9367.009,489,13,1,0,B,0,0,0,,,6382.008881132677,4095.8061709020503,2286.2027102306265,2445.0,475.0,65.0
A_boundary_random_n13,6,B,13,13,13,10044.643,519,13,1,0,B,0,0,0,,,6875.643487841663,4087.3888188934548,2788.254668948211,2595.0,509.0,65.0
A_boundary_random_n13,6,C,13,13,13,9333.492,568,13,1,0,C,0,0,0,,,5863.491700713667,3657.342398953787,2206.1493017598814,2840.0,565.0,65.0
A_boundary_random_n13,6,BF,13,13,13,9425.643,419,13,1,0,B,100,0,0,,,6875.643487841663,4087.3888188934548,2788.254668948211,2095.0,390.0,65.0
A_boundary_random_n13,6,CF,13,13,13,8335.492,404,13,1,0,C,164,0,0,,,5863.491700713667,3657.342398953787,2206.1493017598814,2020.0,387.0,65.0
A_boundary_random_n13,6,D,13,13,13,9425.643,419,13,1,0,B,100,100,0,1502.7804995211209,1472.6430447887813,6875.643487841663,4087.3888188934548,2788.254668948211,2095.0,390.0,65.0
A_boundary_random_n13,6,C3F,13,13,13,10044.643,519,13,1,0,B,0,0,0,,,6875.643487841663,4087.3888188934548,2788.254668948211,2595.0,509.0,65.0
A_boundary_random_n13,7,B,13,13,13,8435.262,433,13,1,0,B,0,0,0,,,5785.2615362653905,4129.819168625118,1655.4423676402723,2165.0,420.0,65.0
A_boundary_random_n13,7,C,13,13,13,8672.729,568,13,1,0,C,0,0,0,,,5206.729099937748,3701.824337084896,1504.9047628528524,2840.0,561.0,65.0
A_boundary_random_n13,7,BF,13,13,13,8394.262,426,13,1,0,B,7,0,0,,,5785.2615362653905,4129.819168625118,1655.4423676402723,2130.0,414.0,65.0
A_boundary_random_n13,7,CF,13,13,13,7980.729,453,13,1,0,C,115,0,0,,,5206.729099937748,3701.824337084896,1504.9047628528524,2265.0,444.0,65.0
A_boundary_random_n13,7,D,13,13,13,8394.262,426,13,1,0,B,7,7,0,1502.017278264947,1254.7077773159172,5785.2615362653905,4129.819168625118,1655.4423676402723,2130.0,414.0,65.0
A_boundary_random_n13,7,C3F,13,13,13,8435.262,433,13,1,0,B,0,0,0,,,5785.2615362653905,4129.819168625118,1655.4423676402723,2165.0,420.0,65.0
A_boundary_random_n13,8,B,13,13,13,10266.685,574,13,1,0,B,0,0,0,,,6769.684836971142,4095.86198760696,2673.822849364183,2870.0,562.0,65.0
A_boundary_random_n13,8,C,13,13,13,9053.728,564,13,1,0,C,0,0,0,,,5605.728084909212,3677.5143081181022,1928.213776791109,2820.0,563.0,65.0
A_boundary_random_n13,8,BF,13,13,13,9382.685,429,13,1,0,B,145,0,0,,,6769.684836971142,4095.86198760696,2673.822849364183,2145.0,403.0,65.0
A_boundary_random_n13,8,CF,13,13,13,8283.728,436,13,1,0,C,128,0,0,,,5605.728084909212,3677.5143081181022,1928.213776791109,2180.0,433.0,65.0
A_boundary_random_n13,8,D,13,13,13,9382.685,429,13,1,0,B,145,145,0,1539.7517251850077,1475.2391491569008,6769.684836971142,4095.86198760696,2673.822849364183,2145.0,403.0,65.0
A_boundary_random_n13,8,C3F,13,13,13,10266.685,574,13,1,0,B,0,0,0,,,6769.684836971142,4095.86198760696,2673.822849364183,2870.0,562.0,65.0
A_boundary_random_n13,9,B,13,13,13,9029.592,444,13,1,0,B,0,0,0,,,6315.591664740389,4092.1509906137294,2223.440674126659,2220.0,429.0,65.0
A_boundary_random_n13,9,C,13,13,13,8605.659,512,13,1,0,C,0,0,0,,,5473.659187312836,3648.17985645517,1825.479330857666,2560.0,507.0,65.0
A_boundary_random_n13,9,BF,13,13,13,8741.592,396,13,1,0,B,48,0,0,,,6315.591664740389,4092.1509906137294,2223.440674126659,1980.0,381.0,65.0
A_boundary_random_n13,9,CF,13,13,13,8003.659,412,13,1,0,C,100,0,0,,,5473.659187312836,3648.17985645517,1825.479330857666,2060.0,405.0,65.0
A_boundary_random_n13,9,D,13,13,13,8741.592,396,13,1,0,B,48,48,0,1524.8314061052822,1440.8899665903514,6315.591664740389,4092.1509906137294,2223.440674126659,1980.0,381.0,65.0
A_boundary_random_n13,9,C3F,13,13,13,9029.592,444,13,1,0,B,0,0,0,,,6315.591664740389,4092.1509906137294,2223.440674126659,2220.0,429.0,65.0
A_boundary_random_n13,10,B,13,13,13,9310.081,486,13,1,0,B,0,0,0,,,6339.0807515078695,4096.298163231427,2242.7825882764428,2430.0,476.0,65.0
A_boundary_random_n13,10,C,13,13,13,9645.459,609,13,1,0,C,0,0,0,,,5931.458966763385,3637.9881496843695,2293.4708170790154,3045.0,604.0,65.0
A_boundary_random_n13,10,BF,13,13,13,8942.081,425,13,1,0,B,61,0,0,,,6339.0807515078695,4096.298163231427,2242.7825882764428,2125.0,413.0,65.0
A_boundary_random_n13,10,CF,13,13,13,8735.459,458,13,1,0,C,151,0,0,,,5931.458966763385,3637.9881496843695,2293.4708170790154,2290.0,449.0,65.0
A_boundary_random_n13,10,D,13,13,13,8942.081,425,13,1,0,B,61,61,0,1502.9330042661006,1486.4676256873886,6339.0807515078695,4096.298163231427,2242.7825882764428,2125.0,413.0,65.0
A_boundary_random_n13,10,C3F,13,13,13,9310.081,486,13,1,0,B,0,0,0,,,6339.0807515078695,4096.298163231427,2242.7825882764428,2430.0,476.0,65.0
A_boundary_random_n13,11,B,13,13,13,8805.84,421,13,1,0,B,0,0,0,,,6234.839850409367,4103.77406963782,2131.0657807715475,2105.0,401.0,65.0
A_boundary_random_n13,11,C,13,13,13,9545.225,582,13,1,0,C,0,0,0,,,5998.224590390663,3692.7583589240194,2305.4662314666443,2910.0,572.0,65.0
A_boundary_random_n13,11,BF,13,13,13,8731.84,408,13,1,0,B,13,0,0,,,6234.839850409367,4103.77406963782,2131.0657807715475,2040.0,392.0,65.0
A_boundary_random_n13,11,CF,13,13,13,8938.225,481,13,1,0,C,101,0,0,,,5998.224590390663,3692.7583589240194,2305.4662314666443,2405.0,470.0,65.0
A_boundary_random_n13,11,D,13,13,13,8731.84,408,13,1,0,B,13,13,0,1569.4928318547477,1358.0480334652864,6234.839850409367,4103.77406963782,2131.0657807715475,2040.0,392.0,65.0
A_boundary_random_n13,11,C3F,13,13,13,8805.84,421,13,1,0,B,0,0,0,,,6234.839850409367,4103.77406963782,2131.0657807715475,2105.0,401.0,65.0
A_boundary_random_n13,12,B,13,13,13,9011.985,425,13,1,0,B,0,0,0,,,6413.985475501408,4169.251252976284,2244.7342225251236,2125.0,408.0,65.0
A_boundary_random_n13,12,C,13,13,13,8947.262,548,13,1,0,C,0,0,0,,,5597.261954890118,3648.315557353755,1948.9463975363633,2740.0,545.0,65.0
A_boundary_random_n13,12,BF,13,13,13,8948.985,414,13,1,0,B,11,0,0,,,6413.985475501408,4169.251252976284,2244.7342225251236,2070.0,400.0,65.0
A_boundary_random_n13,12,CF,13,13,13,8083.262,405,13,1,0,C,143,0,0,,,5597.261954890118,3648.315557353755,1948.9463975363633,2025.0,396.0,65.0
A_boundary_random_n13,12,D,13,13,13,8948.985,414,13,1,0,B,11,11,0,1513.7454295418856,1474.2321524270837,6413.985475501408,4169.251252976284,2244.7342225251236,2070.0,400.0,65.0
A_boundary_random_n13,12,C3F,13,13,13,9011.985,425,13,1,0,B,0,0,0,,,6413.985475501408,4169.251252976284,2244.7342225251236,2125.0,408.0,65.0
A_boundary_random_n13,13,B,13,13,13,9740.403,471,13,1,0,B,0,0,0,,,6859.403014994967,4167.532310162615,2691.870704832353,2355.0,461.0,65.0
A_boundary_random_n13,13,C,13,13,13,9094.723,549,13,1,0,C,0,0,0,,,5740.7230128730025,3687.5057516528686,2053.2172612201325,2745.0,544.0,65.0
A_boundary_random_n13,13,BF,13,13,13,9379.403,412,13,1,0,B,59,0,0,,,6859.403014994967,4167.532310162615,2691.870704832353,2060.0,395.0,65.0
A_boundary_random_n13,13,CF,13,13,13,8207.723,402,13,1,0,C,147,0,0,,,5740.7230128730025,3687.5057516528686,2053.2172612201325,2010.0,392.0,65.0
A_boundary_random_n13,13,D,13,13,13,9379.403,412,13,1,0,B,59,59,0,1552.1750620778391,1478.889050937629,6859.403014994967,4167.532310162615,2691.870704832353,2060.0,395.0,65.0
A_boundary_random_n13,13,C3F,13,13,13,9740.403,471,13,1,0,B,0,0,0,,,6859.403014994967,4167.532310162615,2691.870704832353,2355.0,461.0,65.0
A_boundary_random_n13,14,B,13,13,13,9999.517,491,13,1,0,B,0,0,0,,,7001.517122565955,4107.495662457882,2894.0214601080756,2455.0,478.0,65.0
A_boundary_random_n13,14,C,13,13,13,9541.774,540,13,1,0,C,0,0,0,,,6243.773585148765,3642.73638577896,2601.037199369807,2700.0,533.0,65.0
A_boundary_random_n13,14,BF,13,13,13,9541.517,417,13,1,0,B,74,0,0,,,7001.517122565955,4107.495662457882,2894.0214601080756,2085.0,390.0,65.0
A_boundary_random_n13,14,CF,13,13,13,8803.774,418,13,1,0,C,122,0,0,,,6243.773585148765,3642.73638577896,2601.037199369807,2090.0,405.0,65.0
A_boundary_random_n13,14,D,13,13,13,9541.517,417,13,1,0,B,74,74,0,1508.8052195013145,1207.4209933592153,7001.517122565955,4107.495662457882,2894.0214601080756,2085.0,390.0,65.0
A_boundary_random_n13,14,C3F,13,13,13,9999.517,491,13,1,0,B,0,0,0,,,7001.517122565955,4107.495662457882,2894.0214601080756,2455.0,478.0,65.0
A_boundary_random_n13,15,B,13,13,13,9016.678,465,13,1,0,B,0,0,0,,,6170.677758201951,4117.751397151737,2052.9263610502126,2325.0,456.0,65.0
A_boundary_random_n13,15,C,13,13,13,8444.327,532,13,1,0,C,0,0,0,,,5195.326925277509,3651.524919531157,1543.8020057463523,2660.0,524.0,65.0
A_boundary_random_n13,15,BF,13,13,13,9016.678,465,13,1,0,B,0,0,0,,,6170.677758201951,4117.751397151737,2052.9263610502126,2325.0,456.0,65.0
A_boundary_random_n13,15,CF,13,13,13,7605.327,392,13,1,0,C,140,0,0,,,5195.326925277509,3651.524919531157,1543.8020057463523,1960.0,385.0,65.0
A_boundary_random_n13,15,D,13,13,13,9016.678,465,13,1,0,B,0,0,0,,1180.834900691459,6170.677758201951,4117.751397151737,2052.9263610502126,2325.0,456.0,65.0
A_boundary_random_n13,15,C3F,13,13,13,9016.678,465,13,1,0,B,0,0,0,,,6170.677758201951,4117.751397151737,2052.9263610502126,2325.0,456.0,65.0
A_boundary_random_n13,16,B,13,13,13,10585.627,565,13,1,0,B,0,0,0,,,7144.62652793438,4104.439742749466,3040.1867851849165,2825.0,551.0,65.0
A_boundary_random_n13,16,C,13,13,13,9771.877,573,13,1,0,C,0,0,0,,,6273.877350424114,3644.555688358033,2629.3216620660824,2865.0,568.0,65.0
A_boundary_random_n13,16,BF,13,13,13,10203.627,503,13,1,0,B,62,0,0,,,7144.62652793438,4104.439742749466,3040.1867851849165,2515.0,479.0,65.0
A_boundary_random_n13,16,CF,13,13,13,8967.877,441,13,1,0,C,132,0,0,,,6273.877350424114,3644.555688358033,2629.3216620660824,2205.0,424.0,65.0
A_boundary_random_n13,16,D,13,13,13,10203.627,503,13,1,0,B,62,62,0,1506.2312929369511,1482.3855197558212,7144.62652793438,4104.439742749466,3040.1867851849165,2515.0,479.0,65.0
A_boundary_random_n13,16,C3F,13,13,13,10585.627,565,13,1,0,B,0,0,0,,,7144.62652793438,4104.439742749466,3040.1867851849165,2825.0,551.0,65.0
A_boundary_random_n13,17,B,13,13,13,10410.348,507,13,1,0,B,0,0,0,,,7331.347741032197,4100.481790177855,3230.865950854341,2535.0,479.0,65.0
A_boundary_random_n13,17,C,13,13,13,9641.592,599,13,1,0,C,0,0,0,,,5984.592410277051,3680.2833799260256,2304.309030351026,2995.0,597.0,65.0
A_boundary_random_n13,17,BF,13,13,13,9898.348,422,13,1,0,B,85,0,0,,,7331.347741032197,4100.481790177855,3230.865950854341,2110.0,392.0,65.0
A_boundary_random_n13,17,CF,13,13,13,8473.592,407,13,1,0,C,192,0,0,,,5984.592410277051,3680.2833799260256,2304.309030351026,2035.0,389.0,65.0
A_boundary_random_n13,17,D,13,13,13,9898.348,422,13,1,0,B,85,85,0,1551.717463554893,1430.7976626559948,7331.347741032197,4100.481790177855,3230.865950854341,2110.0,392.0,65.0
A_boundary_random_n13,17,C3F,13,13,13,10410.348,507,13,1,0,B,0,0,0,,,7331.347741032197,4100.481790177855,3230.865950854341,2535.0,479.0,65.0
A_boundary_random_n13,18,B,13,13,13,8106.552,396,13,1,0,B,0,0,0,,,5668.5522280237665,4119.777457845248,1548.7747701785177,1980.0,393.0,65.0
A_boundary_random_n13,18,C,13,13,13,7786.233,482,13,1,0,C,0,0,0,,,4833.233373018132,3686.8160492859242,1146.4173237322082,2410.0,478.0,65.0
A_boundary_random_n13,18,BF,13,13,13,8010.552,380,13,1,0,B,16,0,0,,,5668.5522280237665,4119.777457845248,1548.7747701785177,1900.0,377.0,65.0
A_boundary_random_n13,18,CF,13,13,13,7216.233,387,13,1,0,C,95,0,0,,,4833.233373018132,3686.8160492859242,1146.4173237322082,1935.0,383.0,65.0
A_boundary_random_n13,18,D,13,13,13,8010.552,380,13,1,0,B,16,16,0,1555.8530739314033,1479.3971477590383,5668.5522280237665,4119.777457845248,1548.7747701785177,1900.0,377.0,65.0
A_boundary_random_n13,18,C3F,13,13,13,8106.552,396,13,1,0,B,0,0,0,,,5668.5522280237665,4119.777457845248,1548.7747701785177,1980.0,393.0,65.0
A_boundary_random_n13,19,B,13,13,13,9811.678,502,13,1,0,B,0,0,0,,,6749.677558674672,4097.041696090753,2652.6358625839202,2510.0,487.0,65.0
A_boundary_random_n13,19,C,13,13,13,11383.512,724,13,1,0,C,0,0,0,,,6981.512285609011,3639.613465313164,3341.8988202958476,3620.0,717.0,65.0
A_boundary_random_n13,19,BF,13,13,13,9454.678,445,13,1,0,B,57,0,0,,,6749.677558674672,4097.041696090753,2652.6358625839202,2225.0,415.0,65.0
A_boundary_random_n13,19,CF,13,13,13,10095.512,512,13,1,0,C,212,0,0,,,6981.512285609011,3639.613465313164,3341.8988202958476,2560.0,489.0,65.0
A_boundary_random_n13,19,D,13,13,13,9454.678,445,13,1,0,B,57,57,0,1576.9891413718874,1468.84870967587,6749.677558674672,4097.041696090753,2652.6358625839202,2225.0,415.0,65.0
A_boundary_random_n13,19,C3F,13,13,13,9811.678,502,13,1,0,B,0,0,0,,,6749.677558674672,4097.041696090753,2652.6358625839202,2510.0,487.0,65.0
A_boundary_random_n13,20,B,13,13,13,9285.919,473,13,1,0,B,0,0,0,,,6392.9191573880325,4117.741945912362,2275.177211475669,2365.0,463.0,65.0
A_boundary_random_n13,20,C,13,13,13,9870.797,634,13,1,0,C,0,0,0,,,6005.7972874531615,3685.772506138699,2320.024781314463,3170.0,630.0,65.0
A_boundary_random_n13,20,BF,13,13,13,8955.919,418,13,1,0,B,55,0,0,,,6392.9191573880325,4117.741945912362,2275.177211475669,2090.0,408.0,65.0
A_boundary_random_n13,20,CF,13,13,13,8754.797,450,13,1,0,C,184,0,0,,,6005.7972874531615,3685.772506138699,2320.024781314463,2250.0,434.0,65.0
A_boundary_random_n13,20,D,13,13,13,8955.919,418,13,1,0,B,55,55,0,1548.5969019793208,1415.1643304369313,6392.9191573880325,4117.741945912362,2275.177211475669,2090.0,408.0,65.0
A_boundary_random_n13,20,C3F,13,13,13,9285.919,473,13,1,0,B,0,0,0,,,6392.9191573880325,4117.741945912362,2275.177211475669,2365.0,463.0,65.0
A_boundary_random_n13,21,B,13,13,13,9576.485,473,13,1,0,B,0,0,0,,,6692.48510898297,4088.3789351163964,2604.106173866577,2365.0,454.0,65.0
A_boundary_random_n13,21,C,13,13,13,11273.571,771,13,1,0,C,0,0,0,,,6585.571227745433,3680.037496586626,2905.5337311588087,3855.0,768.0,65.0
A_boundary_random_n13,21,BF,13,13,13,9343.485,435,13,1,0,B,38,0,0,,,6692.48510898297,4088.3789351163964,2604.106173866577,2175.0,411.0,65.0
A_boundary_random_n13,21,CF,13,13,13,9716.571,514,13,1,0,C,257,0,0,,,6585.571227745433,3680.037496586626,2905.5337311588087,2570.0,496.0,65.0
A_boundary_random_n13,21,D,13,13,13,9343.485,435,13,1,0,B,38,38,0,1539.751725185007,1440.8899665903498,6692.48510898297,4088.3789351163964,2604.106173866577,2175.0,411.0,65.0
A_boundary_random_n13,21,C3F,13,13,13,9576.485,473,13,1,0,B,0,0,0,,,6692.48510898297,4088.3789351163964,2604.106173866577,2365.0,454.0,65.0
A_boundary_random_n13,22,B,13,13,13,8462.918,385,13,1,0,B,0,0,0,,,6089.917855801699,4099.1137565519775,1990.8040992497208,1925.0,383.0,65.0
A_boundary_random_n13,22,C,13,13,13,9070.303,546,13,1,0,C,0,0,0,,,5733.3027265638275,3688.255524417683,2045.0472021461464,2730.0,542.0,65.0
A_boundary_random_n13,22,BF,13,13,13,8462.918,385,13,1,0,B,0,0,0,,,6089.917855801699,4099.1137565519775,1990.8040992497208,1925.0,383.0,65.0
A_boundary_random_n13,22,CF,13,13,13,8239.303,409,13,1,0,C,137,0,0,,,5733.3027265638275,3688.255524417683,2045.0472021461464,2045.0,396.0,65.0
A_boundary_random_n13,22,D,13,13,13,8462.918,385,13,1,0,B,0,0,0,,1063.3742351821797,6089.917855801699,4099.1137565519775,1990.8040992497208,1925.0,383.0,65.0
A_boundary_random_n13,22,C3F,13,13,13,8462.918,385,13,1,0,B,0,0,0,,,6089.917855801699,4099.1137565519775,1990.8040992497208,1925.0,383.0,65.0
A_boundary_random_n13,23,B,13,13,13,8673.545,432,13,1,0,B,0,0,0,,,6035.545362830507,4097.944005877536,1937.6013569529694,2160.0,413.0,65.0
A_boundary_random_n13,23,C,13,13,13,9253.74,542,13,1,0,C,0,0,0,,,5942.739932527677,3683.2669216907893,2259.4730108368885,2710.0,536.0,65.0
A_boundary_random_n13,23,BF,13,13,13,8578.545,416,13,1,0,B,16,0,0,,,6035.545362830507,4097.944005877536,1937.6013569529694,2080.0,398.0,65.0
A_boundary_random_n13,23,CF,13,13,13,8337.74,391,13,1,0,C,151,0,0,,,5942.739932527677,3683.2669216907893,2259.4730108368885,1955.0,375.0,65.0
A_boundary_random_n13,23,D,13,13,13,8578.545,416,13,1,0,B,16,16,0,1600.7599718962601,1461.3932251875358,6035.545362830507,4097.944005877536,1937.6013569529694,2080.0,398.0,65.0
A_boundary_random_n13,23,C3F,13,13,13,8673.545,432,13,1,0,B,0,0,0,,,6035.545362830507,4097.944005877536,1937.6013569529694,2160.0,413.0,65.0
A_boundary_random_n13,24,B,13,13,13,8926.588,438,13,1,0,B,0,0,0,,,6249.588207848192,4105.708009835638,2143.880198012554,2190.0,422.0,65.0
A_boundary_random_n13,24,C,13,13,13,9619.136,606,13,1,0,C,0,0,0,,,5923.135798695325,3640.402604382537,2282.733194312788,3030.0,601.0,65.0
A_boundary_random_n13,24,BF,13,13,13,8911.588,435,13,1,0,B,3,0,0,,,6249.588207848192,4105.708009835638,2143.880198012554,2175.0,422.0,65.0
A_boundary_random_n13,24,CF,13,13,13,8568.136,432,13,1,0,C,174,0,0,,,5923.135798695325,3640.402604382537,2282.733194312788,2160.0,420.0,65.0
A_boundary_random_n13,24,D,13,13,13,8911.588,435,13,1,0,B,3,3,0,1516.1464780772312,1013.404574773272,6249.588207848192,4105.708009835638,2143.880198012554,2175.0,422.0,65.0
A_boundary_random_n13,24,C3F,13,13,13,8926.588,438,13,1,0,B,0,0,0,,,6249.588207848192,4105.708009835638,2143.880198012554,2190.0,422.0,65.0
A_boundary_random_n13,25,B,13,13,13,8451.91,378,13,1,0,B,0,0,0,,,6134.910288933644,4118.956747852805,2015.953541080837,1890.0,362.0,65.0
A_boundary_random_n13,25,C,13,13,13,10036.414,613,13,1,0,C,0,0,0,,,6297.413576454718,3685.4555820071587,2611.9579944475604,3065.0,609.0,65.0
A_boundary_random_n13,25,BF,13,13,13,8383.91,366,13,1,0,B,12,0,0,,,6134.910288933644,4118.956747852805,2015.953541080837,1830.0,354.0,65.0
A_boundary_random_n13,25,CF,13,13,13,9069.414,453,13,1,0,C,160,0,0,,,6297.413576454718,3685.4555820071587,2611.9579944475604,2265.0,442.0,65.0
A_boundary_random_n13,25,D,13,13,13,8383.91,366,13,1,0,B,12,12,0,1792.206261705229,1027.514711097915,6134.910288933644,4118.956747852805,2015.953541080837,1830.0,354.0,65.0
A_boundary_random_n13,25,C3F,13,13,13,8451.91,378,13,1,0,B,0,0,0,,,6134.910288933644,4118.956747852805,2015.953541080837,1890.0,362.0,65.0
A_boundary_outward_n13,1,B,13,13,13,9545.156,512,13,1,0,B,0,0,0,,,6417.155596320126,4096.321553293089,2320.834043027036,2560.0,503.0,65.0
A_boundary_outward_n13,1,C,13,13,13,12825.447,877,13,1,0,C,0,0,0,,,7508.446928682118,3632.189386758089,3876.2575419240275,4385.0,867.0,65.0
A_boundary_outward_n13,1,BF,13,13,13,9116.156,441,13,1,0,B,71,0,0,,,6417.155596320126,4096.321553293089,2320.834043027036,2205.0,429.0,65.0
A_boundary_outward_n13,1,CF,13,13,13,11159.447,601,13,1,0,C,276,0,0,,,7508.446928682118,3632.189386758089,3876.2575419240275,3005.0,581.0,65.0
A_boundary_outward_n13,1,D,13,13,13,9116.156,441,13,1,0,B,71,71,0,1560.1106206393206,1481.0351323181985,6417.155596320126,4096.321553293089,2320.834043027036,2205.0,429.0,65.0
A_boundary_outward_n13,1,C3F,13,13,13,9545.156,512,13,1,0,B,0,0,0,,,6417.155596320126,4096.321553293089,2320.834043027036,2560.0,503.0,65.0
A_boundary_outward_n13,2,B,13,13,13,8912.611,378,13,1,0,B,0,0,0,,,6588.610714957933,4110.222817099499,2478.387897858433,1890.0,369.0,65.0
A_boundary_outward_n13,2,C,13,13,13,11109.913,794,13,1,0,C,0,0,0,,,6291.9130954913535,3641.0155246414793,2650.897570849878,3970.0,783.0,65.0
A_boundary_outward_n13,2,BF,13,13,13,8816.611,362,13,1,0,B,16,0,0,,,6588.610714957933,4110.222817099499,2478.387897858433,1810.0,353.0,65.0
A_boundary_outward_n13,2,CF,13,13,13,9737.913,566,13,1,0,C,228,0,0,,,6291.9130954913535,3641.0155246414793,2650.897570849878,2830.0,551.0,65.0
A_boundary_outward_n13,2,D,13,13,13,8816.611,362,13,1,0,B,16,16,0,1514.177428673694,1403.3308313471975,6588.610714957933,4110.222817099499,2478.387897858433,1810.0,353.0,65.0
A_boundary_outward_n13,2,C3F,13,13,13,8912.611,378,13,1,0,B,0,0,0,,,6588.610714957933,4110.222817099499,2478.387897858433,1890.0,369.0,65.0
A_boundary_outward_n13,3,B,13,13,13,9535.544,454,13,1,0,B,0,0,0,,,6761.543667209716,4090.666075008565,2670.877592201155,2270.0,439.0,65.0
A_boundary_outward_n13,3,C,13,13,13,13120.322,981,13,1,0,C,0,0,0,,,7174.322138565632,3673.536098371401,3500.7860401942316,4905.0,976.0,65.0
A_boundary_outward_n13,3,BF,13,13,13,9226.544,405,13,1,0,B,49,0,0,,,6761.543667209716,4090.666075008565,2670.877592201155,2025.0,375.0,65.0
A_boundary_outward_n13,3,CF,13,13,13,11340.322,686,13,1,0,C,295,0,0,,,7174.322138565632,3673.536098371401,3500.7860401942316,3430.0,671.0,65.0
A_boundary_outward_n13,3,D,13,13,13,9226.544,405,13,1,0,B,49,49,0,1503.6963119058858,1499.3402561219684,6761.543667209716,4090.666075008565,2670.877592201155,2025.0,375.0,65.0
A_boundary_outward_n13,3,C3F,13,13,13,9535.544,454,13,1,0,B,0,0,0,,,6761.543667209716,4090.666075008565,2670.877592201155,2270.0,439.0,65.0
A_boundary_outward_n13,4,B,13,13,13,8005.835,403,13,1,0,B,0,0,0,,,5524.8347820654035,4180.354945259994,1344.4798368054098,2015.0,401.0,65.0
A_boundary_outward_n13,4,C,13,13,13,14447.859,1035,13,1,0,C,0,0,0,,,8189.85901506988,3688.2068635922565,4501.652151477623,5175.0,1018.0,65.0
A_boundary_outward_n13,4,BF,13,13,13,8005.835,403,13,1,0,B,0,0,0,,,5524.8347820654035,4180.354945259994,1344.4798368054098,2015.0,401.0,65.0
A_boundary_outward_n13,4,CF,13,13,13,12581.859,724,13,1,0,C,311,0,0,,,8189.85901506988,3688.2068635922565,4501.652151477623,3620.0,707.0,65.0
A_boundary_outward_n13,4,D,13,13,13,8005.835,403,13,1,0,B,0,0,0,,792.4569637977283,5524.8347820654035,4180.354945259994,1344.4798368054098,2015.0,401.0,65.0
A_boundary_outward_n13,4,C3F,13,13,13,8005.835,403,13,1,0,B,0,0,0,,,5524.8347820654035,4180.354945259994,1344.4798368054098,2015.0,401.0,65.0
A_boundary_outward_n13,5,B,13,13,13,9586.488,438,13,1,0,B,0,0,0,,,6910.488499536239,4130.5079980042,2779.9805015320385,2190.0,421.0,65.0
A_boundary_outward_n13,5,C,13,13,13,11651.999,824,13,1,0,C,0,0,0,,,6657.9985386793805,3637.2080086293286,3020.790530050054,4120.0,809.0,65.0
A_boundary_outward_n13,5,BF,13,13,13,9395.488,406,13,1,0,B,32,0,0,,,6910.488499536239,4130.5079980042,2779.9805015320385,2030.0,390.0,65.0
A_boundary_outward_n13,5,CF,13,13,13,10557.999,642,13,1,0,C,182,0,0,,,6657.9985386793805,3637.2080086293286,3020.790530050054,3210.0,625.0,65.0
A_boundary_outward_n13,5,D,13,13,13,9395.488,406,13,1,0,B,32,32,0,1509.9639209729394,1486.0386514823756,6910.488499536239,4130.5079980042,2779.9805015320385,2030.0,390.0,65.0
A_boundary_outward_n13,5,C3F,13,13,13,9586.488,438,13,1,0,B,0,0,0,,,6910.488499536239,4130.5079980042,2779.9805015320385,2190.0,421.0,65.0
A_boundary_outward_n13,6,B,13,13,13,9529.915,456,13,1,0,B,0,0,0,,,6750.914778294341,4111.603549001993,2639.311229292352,2280.0,434.0,65.0
A_boundary_outward_n13,6,C,13,13,13,11286.57,761,13,1,0,C,0,0,0,,,6661.569866113148,3686.594825021848,2974.975041091298,3805.0,755.0,65.0
A_boundary_outward_n13,6,BF,13,13,13,9355.915,427,13,1,0,B,29,0,0,,,6750.914778294341,4111.603549001993,2639.311229292352,2135.0,405.0,65.0
A_boundary_outward_n13,6,CF,13,13,13,9859.57,525,13,1,0,C,236,0,0,,,6661.569866113148,3686.594825021848,2974.975041091298,2625.0,508.0,65.0
A_boundary_outward_n13,6,D,13,13,13,9355.915,427,13,1,0,B,29,29,0,1709.6969392004362,1497.3387457550784,6750.914778294341,4111.603549001993,2639.311229292352,2135.0,405.0,65.0
A_boundary_outward_n13,6,C3F,13,13,13,9529.915,456,13,1,0,B,0,0,0,,,6750.914778294341,4111.603549001993,2639.311229292352,2280.0,434.0,65.0
A_boundary_outward_n13,7,B,13,13,13,8205.76,360,13,1,0,B,0,0,0,,,5986.759513893589,4118.57002405822,1868.1894898353692,1800.0,354.0,65.0
A_boundary_outward_n13,7,C,13,13,13,12888.253,925,13,1,0,C,0,0,0,,,7276.252927089293,3661.435253155263,3614.817673934031,4625.0,922.0,65.0
A_boundary_outward_n13,7,BF,13,13,13,8122.76,346,13,1,0,B,14,0,0,,,5986.759513893589,4118.57002405822,1868.1894898353692,1730.0,341.0,65.0
A_boundary_outward_n13,7,CF,13,13,13,11001.253,612,13,1,0,C,313,0,0,,,7276.252927089293,3661.435253155263,3614.817673934031,3060.0,600.0,65.0
A_boundary_outward_n13,7,D,13,13,13,8122.76,346,13,1,0,B,14,14,0,1526.830038295518,1456.3601220177516,5986.759513893589,4118.57002405822,1868.1894898353692,1730.0,341.0,65.0
A_boundary_outward_n13,7,C3F,13,13,13,8205.76,360,13,1,0,B,0,0,0,,,5986.759513893589,4118.57002405822,1868.1894898353692,1800.0,354.0,65.0
A_boundary_outward_n13,8,B,13,13,13,8330.177,384,13,1,0,B,0,0,0,,,5968.177207904299,4137.5337962714375,1830.643411632861,1920.0,377.0,65.0
A_boundary_outward_n13,8,C,13,13,13,12080.232,842,13,1,0,C,0,0,0,,,6968.2322059805365,3662.4325977745593,3305.7996082059803,4210.0,837.0,65.0
A_boundary_outward_n13,8,BF,13,13,13,8330.177,384,13,1,0,B,0,0,0,,,5968.177207904299,4137.5337962714375,1830.643411632861,1920.0,377.0,65.0
A_boundary_outward_n13,8,CF,13,13,13,10595.232,595,13,1,0,C,247,0,0,,,6968.2322059805365,3662.4325977745593,3305.7996082059803,2975.0,587.0,65.0
A_boundary_outward_n13,8,D,13,13,13,8330.177,384,13,1,0,B,0,0,0,,1132.1404755712738,5968.177207904299,4137.5337962714375,1830.643411632861,1920.0,377.0,65.0
A_boundary_outward_n13,8,C3F,13,13,13,8330.177,384,13,1,0,B,0,0,0,,,5968.177207904299,4137.5337962714375,1830.643411632861,1920.0,377.0,65.0
A_boundary_outward_n13,9,B,13,13,13,9072.735,439,13,1,0,B,0,0,0,,,6384.734802211892,4100.806894427304,2283.9279077845913,2195.0,428.0,65.0
A_boundary_outward_n13,9,C,13,13,13,12101.148,874,13,1,0,C,0,0,0,,,6797.147830474349,3642.8737553005276,3154.274075173821,4370.0,869.0,65.0
A_boundary_outward_n13,9,BF,13,13,13,9000.735,427,13,1,0,B,12,0,0,,,6384.734802211892,4100.806894427304,2283.9279077845913,2135.0,416.0,65.0
A_boundary_outward_n13,9,CF,13,13,13,10675.148,638,13,1,0,C,236,0,0,,,6797.147830474349,3642.8737553005276,3154.274075173821,3190.0,623.0,65.0
A_boundary_outward_n13,9,D,13,13,13,9000.735,427,13,1,0,B,12,12,0,1536.3899023347972,1483.9360380561584,6384.734802211892,4100.806894427304,2283.9279077845913,2135.0,416.0,65.0
A_boundary_outward_n13,9,C3F,13,13,13,9072.735,439,13,1,0,B,0,0,0,,,6384.734802211892,4100.806894427304,2283.9279077845913,2195.0,428.0,65.0
A_boundary_outward_n13,10,B,13,13,13,8582.997,418,13,1,0,B,0,0,0,,,6017.996633471902,4099.6960112675115,1918.3006222043919,2090.0,410.0,65.0
A_boundary_outward_n13,10,C,13,13,13,11008.307,778,13,1,0,C,0,0,0,,,6290.30735588583,3659.6478763101845,2630.659479575647,3890.0,763.0,65.0
A_boundary_outward_n13,10,BF,13,13,13,8498.997,404,13,1,0,B,14,0,0,,,6017.996633471902,4099.6960112675115,1918.3006222043919,2020.0,396.0,65.0
A_boundary_outward_n13,10,CF,13,13,13,9362.307,506,13,1,0,C,272,0,0,,,6290.30735588583,3659.6478763101845,2630.659479575647,2530.0,477.0,65.0
A_boundary_outward_n13,10,D,13,13,13,8498.997,404,13,1,0,B,14,14,0,1549.567946935538,1402.9413159962885,6017.996633471902,4099.6960112675115,1918.3006222043919,2020.0,396.0,65.0
A_boundary_outward_n13,10,C3F,13,13,13,8582.997,418,13,1,0,B,0,0,0,,,6017.996633471902,4099.6960112675115,1918.3006222043919,2090.0,410.0,65.0
A_boundary_outward_n13,11,B,13,13,13,8998.368,446,13,1,0,B,0,0,0,,,6275.367532401809,4131.765381536766,2143.602150865043,2230.0,428.0,65.0
A_boundary_outward_n13,11,C,13,13,13,11547.089,814,13,1,0,C,0,0,0,,,6600.088896355227,3638.9998890367115,2961.089007318515,4070.0,812.0,65.0
A_boundary_outward_n13,11,BF,13,13,13,8932.368,435,13,1,0,B,11,0,0,,,6275.367532401809,4131.765381536766,2143.602150865043,2175.0,417.0,65.0
A_boundary_outward_n13,11,CF,13,13,13,10228.089,595,13,1,0,C,219,0,0,,,6600.088896355227,3638.9998890367115,2961.089007318515,2975.0,588.0,65.0
A_boundary_outward_n13,11,D,13,13,13,8932.368,435,13,1,0,B,11,11,0,1537.178394190363,1289.8033778141162,6275.367532401809,4131.765381536766,2143.602150865043,2175.0,417.0,65.0
A_boundary_outward_n13,11,C3F,13,13,13,8998.368,446,13,1,0,B,0,0,0,,,6275.367532401809,4131.765381536766,2143.602150865043,2230.0,428.0,65.0
A_boundary_outward_n13,12,B,13,13,13,9156.13,427,13,1,0,B,0,0,0,,,6543.1301571956365,4156.284050087853,2386.846107107784,2135.0,413.0,65.0
A_boundary_outward_n13,12,C,13,13,13,11631.804,836,13,1,0,C,0,0,0,,,6555.803618903084,3638.4615489241332,2917.342069978953,4180.0,831.0,65.0
A_boundary_outward_n13,12,BF,13,13,13,8970.13,396,13,1,0,B,31,0,0,,,6543.1301571956365,4156.284050087853,2386.846107107784,1980.0,382.0,65.0
A_boundary_outward_n13,12,CF,13,13,13,9753.804,525,13,1,0,C,311,0,0,,,6555.803618903084,3638.4615489241332,2917.342069978953,2625.0,508.0,65.0
A_boundary_outward_n13,12,D,13,13,13,8970.13,396,13,1,0,B,31,31,0,1639.1707633380622,1473.350152605676,6543.1301571956365,4156.284050087853,2386.846107107784,1980.0,382.0,65.0
A_boundary_outward_n13,12,C3F,13,13,13,9156.13,427,13,1,0,B,0,0,0,,,6543.1301571956365,4156.284050087853,2386.846107107784,2135.0,413.0,65.0
A_boundary_outward_n13,13,B,13,13,13,9113.358,435,13,1,0,B,0,0,0,,,6446.3577633935465,4115.828464562622,2330.529298830923,2175.0,427.0,65.0
A_boundary_outward_n13,13,C,13,13,13,13143.537,953,13,1,0,C,0,0,0,,,7369.537415357454,3663.422017110794,3706.1153982466635,4765.0,944.0,65.0
A_boundary_outward_n13,13,BF,13,13,13,9005.358,417,13,1,0,B,18,0,0,,,6446.3577633935465,4115.828464562622,2330.529298830923,2085.0,409.0,65.0
A_boundary_outward_n13,13,CF,13,13,13,11338.537,654,13,1,0,C,299,0,0,,,7369.537415357454,3663.422017110794,3706.1153982466635,3270.0,634.0,65.0
A_boundary_outward_n13,13,D,13,13,13,9005.358,417,13,1,0,B,18,18,0,1511.5847543314205,1398.1368139932445,6446.3577633935465,4115.828464562622,2330.529298830923,2085.0,409.0,65.0
A_boundary_outward_n13,13,C3F,13,13,13,9113.358,435,13,1,0,B,0,0,0,,,6446.3577633935465,4115.828464562622,2330.529298830923,2175.0,427.0,65.0
A_boundary_outward_n13,14,B,13,13,13,8960.338,423,13,1,0,B,0,0,0,,,6370.337510938077,4154.801607483137,2215.535903454941,2115.0,410.0,65.0
A_boundary_outward_n13,14,C,13,13,13,11214.734,724,13,1,0,C,0,0,0,,,6827.733823981318,3632.479065970706,3195.254758010613,3620.0,702.0,65.0
A_boundary_outward_n13,14,BF,13,13,13,8960.338,423,13,1,0,B,0,0,0,,,6370.337510938077,4154.801607483137,2215.535903454941,2115.0,410.0,65.0
A_boundary_outward_n13,14,CF,13,13,13,10184.734,554,13,1,0,C,170,0,0,,,6827.733823981318,3632.479065970706,3195.254758010613,2770.0,522.0,65.0
A_boundary_outward_n13,14,D,13,13,13,8960.338,423,13,1,0,B,0,0,0,,961.2377167886418,6370.337510938077,4154.801607483137,2215.535903454941,2115.0,410.0,65.0
A_boundary_outward_n13,14,C3F,13,13,13,8960.338,423,13,1,0,B,0,0,0,,,6370.337510938077,4154.801607483137,2215.535903454941,2115.0,410.0,65.0
A_boundary_outward_n13,15,B,13,13,13,9207.056,451,13,1,0,B,0,0,0,,,6449.055962231256,4117.887362021346,2331.1686002099073,2255.0,438.0,65.0
A_boundary_outward_n13,15,C,13,13,13,12523.731,876,13,1,0,C,0,0,0,,,7219.731330343039,3632.191558323984,3587.539772019058,4380.0,859.0,65.0
A_boundary_outward_n13,15,BF,13,13,13,9031.056,421,13,1,0,B,30,0,0,,,6449.055962231256,4117.887362021346,2331.1686002099073,2105.0,412.0,65.0
A_boundary_outward_n13,15,CF,13,13,13,10817.731,593,13,1,0,C,283,0,0,,,7219.731330343039,3632.191558323984,3587.539772019058,2965.0,568.0,65.0
A_boundary_outward_n13,15,D,13,13,13,9031.056,421,13,1,0,B,30,30,0,1512.0619983754555,1385.329917346405,6449.055962231256,4117.887362021346,2331.1686002099073,2105.0,412.0,65.0
A_boundary_outward_n13,15,C3F,13,13,13,9207.056,451,13,1,0,B,0,0,0,,,6449.055962231256,4117.887362021346,2331.1686002099073,2255.0,438.0,65.0
A_boundary_outward_n13,16,B,13,13,13,9091.497,444,13,1,0,B,0,0,0,,,6375.497236081642,4156.699545941034,2218.797690140608,2220.0,431.0,65.0
A_boundary_outward_n13,16,C,13,13,13,12834.801,856,13,1,0,C,0,0,0,,,7663.8009422489085,3658.7729690547662,4005.027973194147,4280.0,826.0,65.0
A_boundary_outward_n13,16,BF,13,13,13,9001.497,429,13,1,0,B,15,0,0,,,6375.497236081642,4156.699545941034,2218.797690140608,2145.0,416.0,65.0
A_boundary_outward_n13,16,CF,13,13,13,11334.801,607,13,1,0,C,249,0,0,,,7663.8009422489085,3658.7729690547662,4005.027973194147,3035.0,571.0,65.0
A_boundary_outward_n13,16,D,13,13,13,9001.497,429,13,1,0,B,15,15,0,1741.6657940994721,1466.065503211261,6375.497236081642,4156.699545941034,2218.797690140608,2145.0,416.0,65.0
A_boundary_outward_n13,16,C3F,13,13,13,9091.497,444,13,1,0,B,0,0,0,,,6375.497236081642,4156.699545941034,2218.797690140608,2220.0,431.0,65.0
A_boundary_outward_n13,17,B,13,13,13,9404.203,489,13,1,0,B,0,0,0,,,6418.203437454665,4104.828353274982,2313.3750841796827,2445.0,476.0,65.0
A_boundary_outward_n13,17,C,13,13,13,12484.872,904,13,1,0,C,0,0,0,,,6998.871899596828,3636.375264222018,3362.4966353748105,4520.0,901.0,65.0
A_boundary_outward_n13,17,BF,13,13,13,8995.203,421,13,1,0,B,68,0,0,,,6418.203437454665,4104.828353274982,2313.3750841796827,2105.0,407.0,65.0
A_boundary_outward_n13,17,CF,13,13,13,10887.872,638,13,1,0,C,266,0,0,,,6998.871899596828,3636.375264222018,3362.4966353748105,3190.0,634.0,65.0
A_boundary_outward_n13,17,D,13,13,13,8995.203,421,13,1,0,B,68,68,0,1511.9294841492945,1467.7296155125587,6418.203437454665,4104.828353274982,2313.3750841796827,2105.0,407.0,65.0
A_boundary_outward_n13,17,C3F,13,13,13,9404.203,489,13,1,0,B,0,0,0,,,6418.203437454665,4104.828353274982,2313.3750841796827,2445.0,476.0,65.0
A_boundary_outward_n13,18,B,13,13,13,8693.295,419,13,1,0,B,0,0,0,,,6134.294788384019,4102.009631226586,2032.2851571574329,2095.0,399.0,65.0
A_boundary_outward_n13,18,C,13,13,13,10343.415,692,13,1,0,C,0,0,0,,,6139.4145664770385,3674.1993983578545,2465.2151681191876,3460.0,679.0,65.0
A_boundary_outward_n13,18,BF,13,13,13,8588.295,401,13,1,0,B,18,0,0,,,6134.294788384019,4102.009631226586,2032.2851571574329,2005.0,384.0,65.0
A_boundary_outward_n13,18,CF,13,13,13,9459.415,545,13,1,0,C,147,0,0,,,6139.4145664770385,3674.1993983578545,2465.2151681191876,2725.0,530.0,65.0
A_boundary_outward_n13,18,D,13,13,13,8588.295,401,13,1,0,B,18,18,0,1520.5883617310972,1427.9594126115724,6134.294788384019,4102.009631226586,2032.2851571574329,2005.0,384.0,65.0
A_boundary_outward_n13,18,C3F,13,13,13,8693.295,419,13,1,0,B,0,0,0,,,6134.294788384019,4102.009631226586,2032.2851571574329,2095.0,399.0,65.0
A_boundary_outward_n13,19,B,13,13,13,10470.989,551,13,1,0,B,0,0,0,,,7122.989141949139,4106.081159431652,3016.90798251749,2755.0,528.0,65.0
A_boundary_outward_n13,19,C,13,13,13,15084.256,1177,13,1,0,C,0,0,0,,,7969.256200852565,3667.1292219057977,4302.1269789467715,5885.0,1165.0,65.0
A_boundary_outward_n13,19,BF,13,13,13,9809.989,444,13,1,0,B,107,0,0,,,7122.989141949139,4106.081159431652,3016.90798251749,2220.0,402.0,65.0
A_boundary_outward_n13,19,CF,13,13,13,11895.256,648,13,1,0,C,529,0,0,,,7969.256200852565,3667.1292219057977,4302.1269789467715,3240.0,621.0,65.0
A_boundary_outward_n13,19,D,13,13,13,9809.989,444,13,1,0,B,107,107,0,1532.2325373077676,1483.3723043244706,7122.989141949139,4106.081159431652,3016.90798251749,2220.0,402.0,65.0
A_boundary_outward_n13,19,C3F,13,13,13,10470.989,551,13,1,0,B,0,0,0,,,7122.989141949139,4106.081159431652,3016.90798251749,2755.0,528.0,65.0
A_boundary_outward_n13,20,B,13,13,13,8894.759,419,13,1,0,B,0,0,0,,,6327.759011615878,4139.5552386112095,2188.2037730046713,2095.0,407.0,65.0
A_boundary_outward_n13,20,C,13,13,13,10667.78,735,13,1,0,C,0,0,0,,,6198.779503378158,3645.0853369890688,2553.694166389089,3675.0,729.0,65.0
A_boundary_outward_n13,20,BF,13,13,13,8798.759,403,13,1,0,B,16,0,0,,,6327.759011615878,4139.5552386112095,2188.2037730046713,2015.0,391.0,65.0
A_boundary_outward_n13,20,CF,13,13,13,9332.78,513,13,1,0,C,222,0,0,,,6198.779503378158,3645.0853369890688,2553.694166389089,2565.0,504.0,65.0
A_boundary_outward_n13,20,D,13,13,13,8798.759,403,13,1,0,B,16,16,0,1610.870664206433,1441.1107212610264,6327.759011615878,4139.5552386112095,2188.2037730046713,2015.0,391.0,65.0
A_boundary_outward_n13,20,C3F,13,13,13,8894.759,419,13,1,0,B,0,0,0,,,6327.759011615878,4139.5552386112095,2188.2037730046713,2095.0,407.0,65.0
A_boundary_outward_n13,21,B,13,13,13,10414.467,510,13,1,0,B,0,0,0,,,7302.467347180132,4091.9832934284414,3210.4840537516898,2550.0,497.0,65.0
A_boundary_outward_n13,21,C,13,13,13,13396.052,951,13,1,0,C,0,0,0,,,7639.052362081362,3693.049151600957,3946.003210480404,4755.0,937.0,65.0
A_boundary_outward_n13,21,BF,13,13,13,10011.467,447,13,1,0,B,63,0,0,,,7302.467347180132,4091.9832934284414,3210.4840537516898,2235.0,409.0,65.0
A_boundary_outward_n13,21,CF,13,13,13,11519.052,639,13,1,0,C,312,0,0,,,7639.052362081362,3693.049151600957,3946.003210480404,3195.0,620.0,65.0
A_boundary_outward_n13,21,D,13,13,13,10011.467,447,13,1,0,B,63,63,0,1536.5922964898211,1484.244323719443,7302.467347180132,4091.9832934284414,3210.4840537516898,2235.0,409.0,65.0
A_boundary_outward_n13,21,C3F,13,13,13,10414.467,510,13,1,0,B,0,0,0,,,7302.467347180132,4091.9832934284414,3210.4840537516898,2550.0,497.0,65.0
A_boundary_outward_n13,22,B,13,13,13,9721.48,518,13,1,0,B,0,0,0,,,6553.480343126003,4106.648309573577,2446.8320335524263,2590.0,513.0,65.0
A_boundary_outward_n13,22,C,13,13,13,12081.074,872,13,1,0,C,0,0,0,,,6788.073571950079,3638.690850054568,3149.3827218955103,4360.0,868.0,65.0
A_boundary_outward_n13,22,BF,13,13,13,9435.48,471,13,1,0,B,47,0,0,,,6553.480343126003,4106.648309573577,2446.8320335524263,2355.0,462.0,65.0
A_boundary_outward_n13,22,CF,13,13,13,10212.074,564,13,1,0,C,308,0,0,,,6788.073571950079,3638.690850054568,3149.3827218955103,2820.0,539.0,65.0
A_boundary_outward_n13,22,D,13,13,13,9435.48,471,13,1,0,B,47,47,0,1523.2593242117348,1484.0527362992677,6553.480343126003,4106.648309573577,2446.8320335524263,2355.0,462.0,65.0
A_boundary_outward_n13,22,C3F,13,13,13,9721.48,518,13,1,0,B,0,0,0,,,6553.480343126003,4106.648309573577,2446.8320335524263,2590.0,513.0,65.0
A_boundary_outward_n13,23,B,13,13,13,11718.775,635,13,1,0,B,0,0,0,,,7869.774975978105,4101.072868984298,3768.7021069938087,3175.0,609.0,65.0
A_boundary_outward_n13,23,C,13,13,13,12771.021,860,13,1,0,C,0,0,0,,,7577.020521383818,3673.9628070209324,3903.0577143628866,4300.0,829.0,65.0
A_boundary_outward_n13,23,BF,13,13,13,11278.775,562,13,1,0,B,74,0,0,,,7869.774975978105,4101.072868984298,3768.7021069938087,2810.0,534.0,65.0
A_boundary_outward_n13,23,CF,13,13,13,11593.021,664,13,1,0,C,196,0,0,,,7577.020521383818,3673.9628070209324,3903.0577143628866,3320.0,631.0,65.0
A_boundary_outward_n13,23,D,13,13,13,11278.775,562,13,1,0,B,74,74,0,1516.2979583177596,1488.3731763617275,7869.774975978105,4101.072868984298,3768.7021069938087,2810.0,534.0,65.0
A_boundary_outward_n13,23,C3F,13,13,13,11718.775,635,13,1,0,B,0,0,0,,,7869.774975978105,4101.072868984298,3768.7021069938087,3175.0,609.0,65.0
A_boundary_outward_n13,24,B,13,13,13,8899.006,414,13,1,0,B,0,0,0,,,6358.005887950137,4081.871979393182,2276.1339085569552,2070.0,406.0,65.0
A_boundary_outward_n13,24,C,13,13,13,11618.337,842,13,1,0,C,0,0,0,,,6507.336576192653,3683.1960429526507,2824.1405332400045,4210.0,836.0,65.0
A_boundary_outward_n13,24,BF,13,13,13,8803.006,398,13,1,0,B,16,0,0,,,6358.005887950137,4081.871979393182,2276.1339085569552,1990.0,390.0,65.0
A_boundary_outward_n13,24,CF,13,13,13,9872.337,553,13,1,0,C,289,0,0,,,6507.336576192653,3683.1960429526507,2824.1405332400045,2765.0,535.0,65.0
A_boundary_outward_n13,24,D,13,13,13,8803.006,398,13,1,0,B,16,16,0,1540.5612987579418,1411.3459091011075,6358.005887950137,4081.871979393182,2276.1339085569552,1990.0,390.0,65.0
A_boundary_outward_n13,24,C3F,13,13,13,8899.006,414,13,1,0,B,0,0,0,,,6358.005887950137,4081.871979393182,2276.1339085569552,2070.0,406.0,65.0
A_boundary_outward_n13,25,B,13,13,13,9365.111,479,13,1,0,B,0,0,0,,,6440.11119739344,4094.7220342587175,2345.389163134724,2395.0,465.0,65.0
A_boundary_outward_n13,25,C,13,13,13,11356.469,749,13,1,0,C,0,0,0,,,6808.468907118785,3644.6484370338926,3163.820470084895,3745.0,738.0,65.0
A_boundary_outward_n13,25,BF,13,13,13,9125.111,440,13,1,0,B,39,0,0,,,6440.11119739344,4094.7220342587175,2345.389163134724,2200.0,420.0,65.0
A_boundary_outward_n13,25,CF,13,13,13,10044.469,532,13,1,0,C,217,0,0,,,6808.468907118785,3644.6484370338926,3163.820470084895,2660.0,511.0,65.0
A_boundary_outward_n13,25,D,13,13,13,9125.111,440,13,1,0,B,39,39,0,1505.6655819389734,1420.9919081613195,6440.11119739344,4094.7220342587175,2345.389163134724,2200.0,420.0,65.0
A_boundary_outward_n13,25,C3F,13,13,13,9365.111,479,13,1,0,B,0,0,0,,,6440.11119739344,4094.7220342587175,2345.389163134724,2395.0,465.0,65.0
A_normal_n14,1,B,14,14,14,8153.009,343,14,1,7,B,0,0,0,,,6036.009258010525,4081.871979393182,1954.137278617345,1715.0,332.0,70.0
A_normal_n14,1,C,14,14,14,7694.597,359,14,1,7,C,0,0,0,,,5484.596937728178,3713.6620331268073,1770.9349046013683,1795.0,345.0,70.0
A_normal_n14,1,BF,14,14,14,7883.009,298,14,1,7,B,45,0,0,,,6036.009258010525,4081.871979393182,1954.137278617345,1490.0,287.0,70.0
A_normal_n14,1,CF,14,14,14,7350.597,300,14,1,7,C,59,0,0,,,5484.596937728178,3713.6620331268073,1770.9349046013683,1500.0,296.0,70.0
A_normal_n14,1,D,14,14,14,7350.597,300,14,1,7,C,59,59,0,1512.3365006644758,1451.9398620262073,5484.596937728178,3713.6620331268073,1770.9349046013683,1500.0,296.0,70.0
A_normal_n14,1,C3F,14,14,14,7350.597,300,14,1,7,C,59,0,0,,,5484.596937728178,3713.6620331268073,1770.9349046013683,1500.0,296.0,70.0
A_normal_n14,2,B,14,14,14,8564.984,302,14,1,7,B,0,0,0,,,6689.9842737871095,4093.6344453028464,2596.349828484263,1510.0,295.0,70.0
A_normal_n14,2,C,14,14,14,7314.561,328,14,1,7,C,0,0,0,,,5278.560874277929,3638.787736817116,1639.7731374608127,1640.0,326.0,70.0
A_normal_n14,2,BF,14,14,14,8462.984,285,14,1,7,B,17,0,0,,,6689.9842737871095,4093.6344453028464,2596.349828484263,1425.0,278.0,70.0
A_normal_n14,2,CF,14,14,14,6996.561,275,14,1,7,C,53,0,0,,,5278.560874277929,3638.787736817116,1639.7731374608127,1375.0,273.0,70.0
A_normal_n14,2,D,14,14,14,6996.561,275,14,1,7,C,53,53,0,1506.3489002060182,1498.8572231370488,5278.560874277929,3638.787736817116,1639.7731374608127,1375.0,273.0,70.0
A_normal_n14,2,C3F,14,14,14,6996.561,275,14,1,7,C,53,0,0,,,5278.560874277929,3638.787736817116,1639.7731374608127,1375.0,273.0,70.0
A_normal_n14,3,B,14,14,14,8234.381,330,14,1,4,B,0,0,0,,,6203.38113905649,4113.295956302599,2090.085182753894,1650.0,311.0,70.0
A_normal_n14,3,C,14,14,14,8254.389,362,14,1,4,C,0,0,0,,,6027.38908423039,3717.726537495004,2309.6625467353847,1810.0,347.0,70.0
A_normal_n14,3,BF,14,14,14,8192.381,323,14,1,4,B,7,0,0,,,6203.38113905649,4113.295956302599,2090.085182753894,1615.0,304.0,70.0
A_normal_n14,3,CF,14,14,14,8075.389,332,14,1,4,C,30,0,0,,,6027.38908423039,3717.726537495004,2309.6625467353847,1660.0,318.0,70.0
A_normal_n14,3,D,14,14,14,8075.389,332,14,1,4,C,30,30,0,1694.4254936065608,1394.5560257876461,6027.38908423039,3717.726537495004,2309.6625467353847,1660.0,318.0,70.0
A_normal_n14,3,C3F,14,14,14,8075.389,332,14,1,4,C,30,0,0,,,6027.38908423039,3717.726537495004,2309.6625467353847,1660.0,318.0,70.0
A_normal_n14,4,B,14,14,14,8806.126,340,14,1,7,B,0,0,0,,,6723.126133893857,4081.871979393182,2641.25415450068,1700.0,313.0,70.0
A_normal_n14,4,C,14,14,14,7151.298,351,14,1,7,C,0,0,0,,,4977.2979476703385,3768.144224482514,1209.1537231878235,1755.0,349.0,70.0
A_normal_n14,4,BF,14,14,14,8722.126,326,14,1,7,B,14,0,0,,,6723.126133893857,4081.871979393182,2641.25415450068,1630.0,299.0,70.0
A_normal_n14,4,CF,14,14,14,6659.298,269,14,1,7,C,82,0,0,,,4977.2979476703385,3768.144224482514,1209.1537231878235,1345.0,267.0,70.0
A_normal_n14,4,D,14,14,14,6659.298,269,14,1,7,C,82,82,0,1620.0658202092534,1484.9563311975073,4977.2979476703385,3768.144224482514,1209.1537231878235,1345.0,267.0,70.0
A_normal_n14,4,C3F,14,14,14,6659.298,269,14,1,7,C,82,0,0,,,4977.2979476703385,3768.144224482514,1209.1537231878235,1345.0,267.0,70.0
A_normal_n14,5,B,14,14,14,8953.51,399,14,1,4,B,0,0,0,,,6510.5099750838,4081.871979393182,2428.6379956906194,1995.0,378.0,70.0
A_normal_n14,5,C,14,14,14,7722.529,368,14,1,4,C,0,0,0,,,5445.529145860726,3734.786589823871,1710.7425560368565,1840.0,367.0,70.0
A_normal_n14,5,BF,14,14,14,8785.51,371,14,1,4,B,28,0,0,,,6510.5099750838,4081.871979393182,2428.6379956906194,1855.0,350.0,70.0
A_normal_n14,5,CF,14,14,14,7242.529,288,14,1,4,C,80,0,0,,,5445.529145860726,3734.786589823871,1710.7425560368565,1440.0,287.0,70.0
A_normal_n14,5,D,14,14,14,7242.529,288,14,1,4,C,80,80,0,1525.5251435837117,1488.5901768514632,5445.529145860726,3734.786589823871,1710.7425560368565,1440.0,287.0,70.0
A_normal_n14,5,C3F,14,14,14,7242.529,288,14,1,4,C,80,0,0,,,5445.529145860726,3734.786589823871,1710.7425560368565,1440.0,287.0,70.0
A_normal_n14,6,B,14,14,14,8139.19,318,14,1,2,B,0,0,0,,,6173.19022266951,4081.871979393182,2091.318243276328,1590.0,306.0,70.0
A_normal_n14,6,C,14,14,14,8421.99,443,14,1,2,C,0,0,0,,,5702.98969038811,3715.8876650562565,1987.1020253318552,2215.0,434.0,70.0
A_normal_n14,6,BF,14,14,14,7919.19,280,14,1,2,B,38,0,0,,,6173.19022266951,4081.871979393182,2091.318243276328,1400.0,276.0,70.0
A_normal_n14,6,CF,14,14,14,7729.99,329,14,1,2,C,114,0,0,,,5702.98969038811,3715.8876650562565,1987.1020253318552,1645.0,312.0,70.0
A_normal_n14,6,D,14,14,14,7729.99,329,14,1,2,C,114,114,0,1510.6105866309006,1475.2730958781851,5702.98969038811,3715.8876650562565,1987.1020253318552,1645.0,312.0,70.0
A_normal_n14,6,C3F,14,14,14,7729.99,329,14,1,2,C,114,0,0,,,5702.98969038811,3715.8876650562565,1987.1020253318552,1645.0,312.0,70.0
A_normal_n14,7,B,14,14,14,9071.036,345,14,1,4,B,0,0,0,,,6944.035526908339,4081.871979393182,2862.1635475151575,1725.0,332.0,70.0
A_normal_n14,7,C,14,14,14,7691.531,370,14,1,4,C,0,0,0,,,5402.531127887576,3658.1061713416316,1744.4249565459452,1850.0,369.0,70.0
A_normal_n14,7,BF,14,14,14,8975.036,329,14,1,4,B,16,0,0,,,6944.035526908339,4081.871979393182,2862.1635475151575,1645.0,316.0,70.0
A_normal_n14,7,CF,14,14,14,7223.531,292,14,1,4,C,78,0,0,,,5402.531127887576,3658.1061713416316,1744.4249565459452,1460.0,291.0,70.0
A_normal_n14,7,D,14,14,14,7223.531,292,14,1,4,C,78,78,0,1533.8748527255693,1492.799449495561,5402.531127887576,3658.1061713416316,1744.4249565459452,1460.0,291.0,70.0
A_normal_n14,7,C3F,14,14,14,7223.531,292,14,1,4,C,78,0,0,,,5402.531127887576,3658.1061713416316,1744.4249565459452,1460.0,291.0,70.0
A_normal_n14,8,B,14,14,14,8425.999,343,14,1,6,B,0,0,0,,,6313.998875597106,4081.871979393182,2232.126896203926,1715.0,327.0,70.0
A_normal_n14,8,C,14,14,14,7471.257,336,14,1,6,C,0,0,0,,,5389.257107582303,3672.4175914853204,1716.8395160969842,1680.0,332.0,70.0
A_normal_n14,8,BF,14,14,14,8305.999,323,14,1,6,B,20,0,0,,,6313.998875597106,4081.871979393182,2232.126896203926,1615.0,307.0,70.0
A_normal_n14,8,CF,14,14,14,7087.257,272,14,1,6,C,64,0,0,,,5389.257107582303,3672.4175914853204,1716.8395160969842,1360.0,268.0,70.0
A_normal_n14,8,D,14,14,14,7087.257,272,14,1,6,C,64,64,0,1517.9944074067855,1486.5147773857889,5389.257107582303,3672.4175914853204,1716.8395160969842,1360.0,268.0,70.0
A_normal_n14,8,C3F,14,14,14,7087.257,272,14,1,6,C,64,0,0,,,5389.257107582303,3672.4175914853204,1716.8395160969842,1360.0,268.0,70.0
A_normal_n14,9,B,14,14,14,8545.423,345,14,1,4,B,0,0,0,,,6415.422952026419,4081.871979393182,2333.550972633238,1725.0,335.0,70.0
A_normal_n14,9,C,14,14,14,7672.017,380,14,1,4,C,0,0,0,,,5323.016837040987,3631.8627529434957,1691.1540840974912,1900.0,379.0,70.0
A_normal_n14,9,BF,14,14,14,8461.423,331,14,1,4,B,14,0,0,,,6415.422952026419,4081.871979393182,2333.550972633238,1655.0,321.0,70.0
A_normal_n14,9,CF,14,14,14,7174.017,297,14,1,4,C,83,0,0,,,5323.016837040987,3631.8627529434957,1691.1540840974912,1485.0,296.0,70.0
A_normal_n14,9,D,14,14,14,7174.017,297,14,1,4,C,83,83,0,1540.5934724226308,1486.5147773857907,5323.016837040987,3631.8627529434957,1691.1540840974912,1485.0,296.0,70.0
A_normal_n14,9,C3F,14,14,14,7174.017,297,14,1,4,C,83,0,0,,,5323.016837040987,3631.8627529434957,1691.1540840974912,1485.0,296.0,70.0
A_normal_n14,10,B,14,14,14,8661.993,330,14,1,7,B,0,0,0,,,6630.992583397498,4130.989072442679,2500.00351095482,1650.0,311.0,70.0
A_normal_n14,10,C,14,14,14,7441.897,309,14,1,7,C,0,0,0,,,5525.89682167877,3634.500690659531,1891.3961310192385,1545.0,301.0,70.0
A_normal_n14,10,BF,14,14,14,8583.993,317,14,1,7,B,13,0,0,,,6630.992583397498,4130.989072442679,2500.00351095482,1585.0,298.0,70.0
A_normal_n14,10,CF,14,14,14,7297.897,285,14,1,7,C,24,0,0,,,5525.89682167877,3634.500690659531,1891.3961310192385,1425.0,277.0,70.0
A_normal_n14,10,D,14,14,14,7297.897,285,14,1,7,C,24,24,0,1506.3489002060157,1486.5147773857886,5525.89682167877,3634.500690659531,1891.3961310192385,1425.0,277.0,70.0
A_normal_n14,10,C3F,14,14,14,7297.897,285,14,1,7,C,24,0,0,,,5525.89682167877,3634.500690659531,1891.3961310192385,1425.0,277.0,70.0
A_normal_n14,11,B,14,14,14,8731.437,339,14,1,5,B,0,0,0,,,6647.4373376748,4081.871979393182,2565.565358281623,1695.0,319.0,70.0
A_normal_n14,11,C,14,14,14,7600.92,370,14,1,5,C,0,0,0,,,5319.920431670134,3720.1960551909306,1599.7243764792047,1850.0,361.0,70.0
A_normal_n14,11,BF,14,14,14,8641.437,324,14,1,5,B,15,0,0,,,6647.4373376748,4081.871979393182,2565.565358281623,1620.0,304.0,70.0
A_normal_n14,11,CF,14,14,14,7125.92,290,14,1,5,C,80,0,0,,,5319.920431670134,3720.1960551909306,1599.7243764792047,1450.0,286.0,70.0
A_normal_n14,11,D,14,14,14,7125.92,290,14,1,5,C,80,80,0,1503.8712302184456,1437.6265192426117,5319.920431670134,3720.1960551909306,1599.7243764792047,1450.0,286.0,70.0
A_normal_n14,11,C3F,14,14,14,7125.92,290,14,1,5,C,80,0,0,,,5319.920431670134,3720.1960551909306,1599.7243764792047,1450.0,286.0,70.0
A_normal_n14,12,B,14,14,14,8883.259,372,14,1,2,B,0,0,0,,,6596.259147705329,4085.9449483411627,2510.314199364169,1860.0,357.0,70.0
A_normal_n14,12,C,14,14,14,7687.102,379,14,1,2,C,0,0,0,,,5350.101895571904,3670.954345008469,1679.1475505634348,1895.0,372.0,70.0
A_normal_n14,12,BF,14,14,14,8835.259,364,14,1,2,B,8,0,0,,,6596.259147705329,4085.9449483411627,2510.314199364169,1820.0,349.0,70.0
A_normal_n14,12,CF,14,14,14,7247.102,305,14,1,2,C,74,0,0,,,5350.101895571904,3670.954345008469,1679.1475505634348,1525.0,302.0,70.0
A_normal_n14,12,D,14,14,14,7247.102,305,14,1,2,C,74,74,0,1514.2794010663715,1499.0378885080095,5350.101895571904,3670.954345008469,1679.1475505634348,1525.0,302.0,70.0
A_normal_n14,12,C3F,14,14,14,7247.102,305,14,1,2,C,74,0,0,,,5350.101895571904,3670.954345008469,1679.1475505634348,1525.0,302.0,70.0
A_normal_n14,13,B,14,14,14,8187.933,317,14,1,5,B,0,0,0,,,6234.932601176438,4081.871979393182,2153.06062178326,1585.0,298.0,70.0
A_normal_n14,13,C,14,14,14,7464.414,300,14,1,5,C,0,0,0,,,5600.41378158449,3709.099072363427,1891.3147092210625,1500.0,294.0,70.0
A_normal_n14,13,BF,14,14,14,8151.933,311,14,1,5,B,6,0,0,,,6234.932601176438,4081.871979393182,2153.06062178326,1555.0,292.0,70.0
A_normal_n14,13,CF,14,14,14,7296.414,272,14,1,5,C,28,0,0,,,5600.41378158449,3709.099072363427,1891.3147092210625,1360.0,266.0,70.0
A_normal_n14,13,D,14,14,14,7296.414,272,14,1,5,C,28,28,0,1544.457022167503,1486.514777385792,5600.41378158449,3709.099072363427,1891.3147092210625,1360.0,266.0,70.0
A_normal_n14,13,C3F,14,14,14,7296.414,272,14,1,5,C,28,0,0,,,5600.41378158449,3709.099072363427,1891.3147092210625,1360.0,266.0,70.0
A_normal_n14,14,B,14,14,14,8057.748,357,14,1,7,B,0,0,0,,,5852.748265095264,4081.871979393182,1770.8762857020863,1785.0,350.0,70.0
A_normal_n14,14,C,14,14,14,7159.199,313,14,1,7,C,0,0,0,,,5214.198765829958,3685.646787707362,1528.5519781225944,1565.0,310.0,70.0
A_normal_n14,14,BF,14,14,14,7847.748,322,14,1,7,B,35,0,0,,,5852.748265095264,4081.871979393182,1770.8762857020863,1610.0,315.0,70.0
A_normal_n14,14,CF,14,14,14,6979.199,283,14,1,7,C,30,0,0,,,5214.198765829958,3685.646787707362,1528.5519781225944,1415.0,280.0,70.0
A_normal_n14,14,D,14,14,14,6979.199,283,14,1,7,C,30,30,0,1521.4469482948507,1486.5147773857902,5214.198765829958,3685.646787707362,1528.5519781225944,1415.0,280.0,70.0
A_normal_n14,14,C3F,14,14,14,6979.199,283,14,1,7,C,30,0,0,,,5214.198765829958,3685.646787707362,1528.5519781225944,1415.0,280.0,70.0
A_normal_n14,15,B,14,14,14,8484.954,280,14,1,7,B,0,0,0,,,6750.954148130714,4106.008168960365,2644.9459791703493,1400.0,264.0,70.0
A_normal_n14,15,C,14,14,14,7557.036,369,14,1,7,C,0,0,0,,,5277.035668031024,3704.7456230570156,1572.2900449740096,1845.0,365.0,70.0
A_normal_n14,15,BF,14,14,14,8484.954,280,14,1,7,B,0,0,0,,,6750.954148130714,4106.008168960365,2644.9459791703493,1400.0,264.0,70.0
A_normal_n14,15,CF,14,14,14,6989.036,274,14,1,7,C,95,0,0,,,5277.035668031024,3704.7456230570156,1572.2900449740096,1370.0,272.0,70.0
A_normal_n14,15,D,14,14,14,6989.036,274,14,1,7,C,95,95,0,1506.3489002060155,1486.954666476705,5277.035668031024,3704.7456230570156,1572.2900449740096,1370.0,272.0,70.0
A_normal_n14,15,C3F,14,14,14,6989.036,274,14,1,7,C,95,0,0,,,5277.035668031024,3704.7456230570156,1572.2900449740096,1370.0,272.0,70.0
A_normal_n14,16,B,14,14,14,8650.5,312,14,1,9,B,0,0,0,,,6721.499834589162,4082.246545639217,2639.253288949944,1560.0,299.0,70.0
A_normal_n14,16,C,14,14,14,7839.915,373,14,1,9,C,0,0,0,,,5533.91458170551,3645.174154439509,1888.7404272659999,1865.0,371.0,70.0
A_normal_n14,16,BF,14,14,14,8482.5,284,14,1,9,B,28,0,0,,,6721.499834589162,4082.246545639217,2639.253288949944,1420.0,271.0,70.0
A_normal_n14,16,CF,14,14,14,7256.915,276,14,1,9,C,97,0,0,,,5533.91458170551,3645.174154439509,1888.7404272659999,1380.0,273.0,70.0
A_normal_n14,16,D,14,14,14,7256.915,276,14,1,9,C,97,97,0,1505.5048542925908,1491.4089021086047,5533.91458170551,3645.174154439509,1888.7404272659999,1380.0,273.0,70.0
A_normal_n14,16,C3F,14,14,14,7256.915,276,14,1,9,C,97,0,0,,,5533.91458170551,3645.174154439509,1888.7404272659999,1380.0,273.0,70.0
A_normal_n14,17,B,14,14,14,8933.986,347,14,1,4,B,0,0,0,,,6795.986351560488,4081.871979393182,2714.1143721673056,1735.0,333.0,70.0
A_normal_n14,17,C,14,14,14,7765.008,394,14,1,4,C,0,0,0,,,5333.008295957666,3673.418604041318,1659.5896919163467,1970.0,392.0,70.0
A_normal_n14,17,BF,14,14,14,8867.986,336,14,1,4,B,11,0,0,,,6795.986351560488,4081.871979393182,2714.1143721673056,1680.0,322.0,70.0
A_normal_n14,17,CF,14,14,14,7261.008,310,14,1,4,C,84,0,0,,,5333.008295957666,3673.418604041318,1659.5896919163467,1550.0,308.0,70.0
A_normal_n14,17,D,14,14,14,7261.008,310,14,1,4,C,84,84,0,1506.348900206017,1428.1726923426957,5333.008295957666,3673.418604041318,1659.5896919163467,1550.0,308.0,70.0
A_normal_n14,17,C3F,14,14,14,7261.008,310,14,1,4,C,84,0,0,,,5333.008295957666,3673.418604041318,1659.5896919163467,1550.0,308.0,70.0
A_normal_n14,18,B,14,14,14,8211.434,304,14,1,9,B,0,0,0,,,6331.434102876829,4081.871979393182,2249.5621234836476,1520.0,290.0,70.0
A_normal_n14,18,C,14,14,14,7539.795,332,14,1,9,C,0,0,0,,,5491.7949717898555,3659.3484813166924,1832.4464904731644,1660.0,318.0,70.0
A_normal_n14,18,BF,14,14,14,8079.434,282,14,1,9,B,22,0,0,,,6331.434102876829,4081.871979393182,2249.5621234836476,1410.0,268.0,70.0
A_normal_n14,18,CF,14,14,14,7335.795,298,14,1,9,C,34,0,0,,,5491.7949717898555,3659.3484813166924,1832.4464904731644,1490.0,284.0,70.0
A_normal_n14,18,D,14,14,14,7335.795,298,14,1,9,C,34,34,0,1526.058423495291,1486.5147773857889,5491.7949717898555,3659.3484813166924,1832.4464904731644,1490.0,284.0,70.0
A_normal_n14,18,C3F,14,14,14,7335.795,298,14,1,9,C,34,0,0,,,5491.7949717898555,3659.3484813166924,1832.4464904731644,1490.0,284.0,70.0
A_normal_n14,19,B,14,14,14,9286.254,334,14,1,5,B,0,0,0,,,7238.254359348732,4130.05532361807,3108.199035730666,1670.0,308.0,70.0
A_normal_n14,19,C,14,14,14,7253.35,317,14,1,5,C,0,0,0,,,5282.350188501201,3634.104103490765,1648.2460850104346,1585.0,316.0,70.0
A_normal_n14,19,BF,14,14,14,9184.254,317,14,1,5,B,17,0,0,,,7238.254359348732,4130.05532361807,3108.199035730666,1585.0,291.0,70.0
A_normal_n14,19,CF,14,14,14,7055.35,284,14,1,5,C,33,0,0,,,5282.350188501201,3634.104103490765,1648.2460850104346,1420.0,283.0,70.0
A_normal_n14,19,D,14,14,14,7055.35,284,14,1,5,C,33,33,0,1504.3757274867887,1482.2182864460049,5282.350188501201,3634.104103490765,1648.2460850104346,1420.0,283.0,70.0
A_normal_n14,19,C3F,14,14,14,7055.35,284,14,1,5,C,33,0,0,,,5282.350188501201,3634.104103490765,1648.2460850104346,1420.0,283.0,70.0
A_normal_n14,20,B,14,14,14,8893.358,380,14,1,1,B,0,0,0,,,6560.358001048871,4081.871979393182,2478.486021655691,1900.0,363.0,70.0
A_normal_n14,20,C,14,14,14,8138.936,408,14,1,1,C,0,0,0,,,5631.9357546643605,3677.6348550466164,1954.3008996177443,2040.0,397.0,70.0
A_normal_n14,20,BF,14,14,14,8881.358,378,14,1,1,B,2,0,0,,,6560.358001048871,4081.871979393182,2478.486021655691,1890.0,361.0,70.0
A_normal_n14,20,CF,14,14,14,7772.936,347,14,1,1,C,61,0,0,,,5631.9357546643605,3677.6348550466164,1954.3008996177443,1735.0,336.0,70.0
A_normal_n14,20,D,14,14,14,7772.936,347,14,1,1,C,61,61,0,1625.1357911252765,1490.2278041385232,5631.9357546643605,3677.6348550466164,1954.3008996177443,1735.0,336.0,70.0
A_normal_n14,20,C3F,14,14,14,7772.936,347,14,1,1,C,61,0,0,,,5631.9357546643605,3677.6348550466164,1954.3008996177443,1735.0,336.0,70.0
A_normal_n14,21,B,14,14,14,9129.574,310,14,1,7,B,0,0,0,,,7211.573924068008,4081.871979393182,3129.701944674827,1550.0,298.0,70.0
A_normal_n14,21,C,14,14,14,7393.283,375,14,1,7,C,0,0,0,,,5080.282632355432,3704.601655582257,1375.6809767731727,1875.0,368.0,70.0
A_normal_n14,21,BF,14,14,14,9015.574,291,14,1,7,B,19,0,0,,,7211.573924068008,4081.871979393182,3129.701944674827,1455.0,279.0,70.0
A_normal_n14,21,CF,14,14,14,6986.283,307,14,1,7,C,68,0,0,,,5080.282632355432,3704.601655582257,1375.6809767731727,1535.0,301.0,70.0
A_normal_n14,21,D,14,14,14,6986.283,307,14,1,7,C,68,68,0,1513.931368147606,1431.9630428517712,5080.282632355432,3704.601655582257,1375.6809767731727,1535.0,301.0,70.0
A_normal_n14,21,C3F,14,14,14,6986.283,307,14,1,7,C,68,0,0,,,5080.282632355432,3704.601655582257,1375.6809767731727,1535.0,301.0,70.0
A_normal_n14,22,B,14,14,14,8249.1,347,14,1,4,B,0,0,0,,,6112.099855056747,4104.90118807409,2007.198666982657,1735.0,332.0,70.0
A_normal_n14,22,C,14,14,14,7840.032,411,14,1,4,C,0,0,0,,,5314.032305671364,3640.451221250487,1673.5810844208763,2055.0,401.0,70.0
A_normal_n14,22,BF,14,14,14,8195.1,338,14,1,4,B,9,0,0,,,6112.099855056747,4104.90118807409,2007.198666982657,1690.0,323.0,70.0
A_normal_n14,22,CF,14,14,14,7447.032,345,14,1,4,C,66,0,0,,,5314.032305671364,3640.451221250487,1673.5810844208763,1725.0,338.0,70.0
A_normal_n14,22,D,14,14,14,7447.032,345,14,1,4,C,66,66,0,1503.8194330351816,1497.0612910744633,5314.032305671364,3640.451221250487,1673.5810844208763,1725.0,338.0,70.0
A_normal_n14,22,C3F,14,14,14,7447.032,345,14,1,4,C,66,0,0,,,5314.032305671364,3640.451221250487,1673.5810844208763,1725.0,338.0,70.0
A_normal_n14,23,B,14,14,14,8602.572,316,14,1,2,B,0,0,0,,,6658.571607573317,4091.0753080528643,2567.4962995204555,1580.0,294.0,70.0
A_normal_n14,23,C,14,14,14,7581.848,376,14,1,2,C,0,0,0,,,5256.847527356564,3668.472814204898,1588.3747131516664,1880.0,375.0,70.0
A_normal_n14,23,BF,14,14,14,8560.572,309,14,1,2,B,7,0,0,,,6658.571607573317,4091.0753080528643,2567.4962995204555,1545.0,287.0,70.0
A_normal_n14,23,CF,14,14,14,7065.848,290,14,1,2,C,86,0,0,,,5256.847527356564,3668.472814204898,1588.3747131516664,1450.0,289.0,70.0
A_normal_n14,23,D,14,14,14,7065.848,290,14,1,2,C,86,86,0,1500.0483762944743,1460.265771069188,5256.847527356564,3668.472814204898,1588.3747131516664,1450.0,289.0,70.0
A_normal_n14,23,C3F,14,14,14,7065.848,290,14,1,2,C,86,0,0,,,5256.847527356564,3668.472814204898,1588.3747131516664,1450.0,289.0,70.0
A_normal_n14,24,B,14,14,14,8561.562,343,14,1,6,B,0,0,0,,,6454.562454488884,4126.650725871136,2327.9117286177507,1715.0,322.0,70.0
A_normal_n14,24,C,14,14,14,7482.787,340,14,1,6,C,0,0,0,,,5375.787013181272,3697.006752264989,1678.7802609162825,1700.0,337.0,70.0
A_normal_n14,24,BF,14,14,14,8543.562,340,14,1,6,B,3,0,0,,,6454.562454488884,4126.650725871136,2327.9117286177507,1700.0,319.0,70.0
A_normal_n14,24,CF,14,14,14,7218.787,296,14,1,6,C,44,0,0,,,5375.787013181272,3697.006752264989,1678.7802609162825,1480.0,293.0,70.0
A_normal_n14,24,D,14,14,14,7218.787,296,14,1,6,C,44,44,0,1631.4997613111732,1499.032029289757,5375.787013181272,3697.006752264989,1678.7802609162825,1480.0,293.0,70.0
A_normal_n14,24,C3F,14,14,14,7218.787,296,14,1,6,C,44,0,0,,,5375.787013181272,3697.006752264989,1678.7802609162825,1480.0,293.0,70.0
A_normal_n14,25,B,14,14,14,9437.651,361,14,1,3,B,0,0,0,,,7211.651438539305,4081.871979393182,3129.779459146124,1805.0,351.0,70.0
A_normal_n14,25,C,14,14,14,7834.066,349,14,1,3,C,0,0,0,,,5674.066234501341,3636.008641009418,2038.0575934919225,1745.0,345.0,70.0
A_normal_n14,25,BF,14,14,14,9377.651,351,14,1,3,B,10,0,0,,,7211.651438539305,4081.871979393182,3129.779459146124,1755.0,341.0,70.0
A_normal_n14,25,CF,14,14,14,7522.066,297,14,1,3,C,52,0,0,,,5674.066234501341,3636.008641009418,2038.0575934919225,1485.0,293.0,70.0
A_normal_n14,25,D,14,14,14,7522.066,297,14,1,3,C,52,52,0,1521.9912799724113,1489.9482896567558,5674.066234501341,3636.008641009418,2038.0575934919225,1485.0,293.0,70.0
A_normal_n14,25,C3F,14,14,14,7522.066,297,14,1,3,C,52,0,0,,,5674.066234501341,3636.008641009418,2038.0575934919225,1485.0,293.0,70.0
A_boundary_random_n14,1,B,14,14,14,8400.038,387,14,1,0,B,0,0,0,,,6011.037796412629,4137.784580877822,1873.2532155348074,1935.0,384.0,70.0
A_boundary_random_n14,1,C,14,14,14,8880.429,541,14,1,0,C,0,0,0,,,5568.4287064317405,3681.3870086373,1887.041697794441,2705.0,537.0,70.0
A_boundary_random_n14,1,BF,14,14,14,8400.038,387,14,1,0,B,0,0,0,,,6011.037796412629,4137.784580877822,1873.2532155348074,1935.0,384.0,70.0
A_boundary_random_n14,1,CF,14,14,14,7964.429,389,14,1,0,C,152,0,0,,,5568.4287064317405,3681.3870086373,1887.041697794441,1945.0,381.0,70.0
A_boundary_random_n14,1,D,14,14,14,8400.038,387,14,1,0,B,0,0,0,,1144.9268931513634,6011.037796412629,4137.784580877822,1873.2532155348074,1935.0,384.0,70.0
A_boundary_random_n14,1,C3F,14,14,14,8400.038,387,14,1,0,B,0,0,0,,,6011.037796412629,4137.784580877822,1873.2532155348074,1935.0,384.0,70.0
A_boundary_random_n14,2,B,14,14,14,9206.686,439,14,1,0,B,0,0,0,,,6516.68552135407,4118.898799404414,2397.786721949661,2195.0,425.0,70.0
A_boundary_random_n14,2,C,14,14,14,9256.719,526,14,1,0,C,0,0,0,,,6042.71868711471,3699.3694964003967,2343.349190714315,2630.0,514.0,70.0
A_boundary_random_n14,2,BF,14,14,14,8823.686,377,14,1,0,B,62,0,0,,,6516.68552135407,4118.898799404414,2397.786721949661,1885.0,352.0,70.0
A_boundary_random_n14,2,CF,14,14,14,8286.719,365,14,1,0,C,161,0,0,,,6042.71868711471,3699.3694964003967,2343.349190714315,1825.0,349.0,70.0
A_boundary_random_n14,2,D,14,14,14,8823.686,377,14,1,0,B,62,62,0,1565.240776324735,1477.7206774098847,6516.68552135407,4118.898799404414,2397.786721949661,1885.0,352.0,70.0
A_boundary_random_n14,2,C3F,14,14,14,9206.686,439,14,1,0,B,0,0,0,,,6516.68552135407,4118.898799404414,2397.786721949661,2195.0,425.0,70.0
A_boundary_random_n14,3,B,14,14,14,10628.763,534,14,1,0,B,0,0,0,,,7369.762587932094,4127.353266481137,3242.4093214509576,2670.0,519.0,70.0
A_boundary_random_n14,3,C,14,14,14,9002.764,513,14,1,0,C,0,0,0,,,5867.764358648847,3656.8460322612673,2210.918326387579,2565.0,500.0,70.0
A_boundary_random_n14,3,BF,14,14,14,10167.763,459,14,1,0,B,75,0,0,,,7369.762587932094,4127.353266481137,3242.4093214509576,2295.0,433.0,70.0
A_boundary_random_n14,3,CF,14,14,14,8487.764,428,14,1,0,C,85,0,0,,,5867.764358648847,3656.8460322612673,2210.918326387579,2140.0,410.0,70.0
A_boundary_random_n14,3,D,14,14,14,10167.763,459,14,1,0,B,75,75,0,1504.012517893056,1478.250269817918,7369.762587932094,4127.353266481137,3242.4093214509576,2295.0,433.0,70.0
A_boundary_random_n14,3,C3F,14,14,14,10628.763,534,14,1,0,B,0,0,0,,,7369.762587932094,4127.353266481137,3242.4093214509576,2670.0,519.0,70.0
A_boundary_random_n14,4,B,14,14,14,8966.396,402,14,1,0,B,0,0,0,,,6509.395727724093,4123.1263495115945,2386.2693782125,2010.0,377.0,70.0
A_boundary_random_n14,4,C,14,14,14,7916.999,468,14,1,0,C,0,0,0,,,5050.999280015099,3723.787042912153,1327.2122371029452,2340.0,456.0,70.0
A_boundary_random_n14,4,BF,14,14,14,8752.396,366,14,1,0,B,36,0,0,,,6509.395727724093,4123.1263495115945,2386.2693782125,1830.0,343.0,70.0
A_boundary_random_n14,4,CF,14,14,14,7104.999,332,14,1,0,C,136,0,0,,,5050.999280015099,3723.787042912153,1327.2122371029452,1660.0,324.0,70.0
A_boundary_random_n14,4,D,14,14,14,8752.396,366,14,1,0,B,36,36,0,1555.8530739314022,1456.608442390935,6509.395727724093,4123.1263495115945,2386.2693782125,1830.0,343.0,70.0
A_boundary_random_n14,4,C3F,14,14,14,8966.396,402,14,1,0,B,0,0,0,,,6509.395727724093,4123.1263495115945,2386.2693782125,2010.0,377.0,70.0
A_boundary_random_n14,5,B,14,14,14,9238.745,453,14,1,0,B,0,0,0,,,6469.744714684312,4102.847724892946,2366.896989791369,2265.0,434.0,70.0
A_boundary_random_n14,5,C,14,14,14,8740.179,550,14,1,0,C,0,0,0,,,5372.179019721001,3688.5332668009596,1683.6457529200418,2750.0,548.0,70.0
A_boundary_random_n14,5,BF,14,14,14,8949.745,405,14,1,0,B,48,0,0,,,6469.744714684312,4102.847724892946,2366.896989791369,2025.0,385.0,70.0
A_boundary_random_n14,5,CF,14,14,14,7724.179,381,14,1,0,C,169,0,0,,,5372.179019721001,3688.5332668009596,1683.6457529200418,1905.0,377.0,70.0
A_boundary_random_n14,5,D,14,14,14,8949.745,405,14,1,0,B,48,48,0,1501.9728834856448,1290.5731368357733,6469.744714684312,4102.847724892946,2366.896989791369,2025.0,385.0,70.0
A_boundary_random_n14,5,C3F,14,14,14,9238.745,453,14,1,0,B,0,0,0,,,6469.744714684312,4102.847724892946,2366.896989791369,2265.0,434.0,70.0
A_boundary_random_n14,6,B,14,14,14,8987.146,453,14,1,0,B,0,0,0,,,6209.14623594484,4160.900263471898,2048.2459724729406,2265.0,443.0,70.0
A_boundary_random_n14,6,C,14,14,14,9340.942,538,14,1,0,C,0,0,0,,,6049.9417138142835,3654.464959375609,2395.476754438673,2690.0,531.0,70.0
A_boundary_random_n14,6,BF,14,14,14,8711.146,407,14,1,0,B,46,0,0,,,6209.14623594484,4160.900263471898,2048.2459724729406,2035.0,397.0,70.0
A_boundary_random_n14,6,CF,14,14,14,8375.942,379,14,1,0,C,159,0,0,,,6049.9417138142835,3654.464959375609,2395.476754438673,1895.0,361.0,70.0
A_boundary_random_n14,6,D,14,14,14,8711.146,407,14,1,0,B,46,46,0,1725.54300053525,1489.5798274316794,6209.14623594484,4160.900263471898,2048.2459724729406,2035.0,397.0,70.0
A_boundary_random_n14,6,C3F,14,14,14,8987.146,453,14,1,0,B,0,0,0,,,6209.14623594484,4160.900263471898,2048.2459724729406,2265.0,443.0,70.0
A_boundary_random_n14,7,B,14,14,14,8446.195,371,14,1,0,B,0,0,0,,,6153.19456580697,4100.195813854628,2052.9987519523424,1855.0,368.0,70.0
A_boundary_random_n14,7,C,14,14,14,8588.928,480,14,1,0,C,0,0,0,,,5641.928312801255,3732.6582280778357,1909.2700847234187,2400.0,477.0,70.0
A_boundary_random_n14,7,BF,14,14,14,8344.195,354,14,1,0,B,17,0,0,,,6153.19456580697,4100.195813854628,2052.9987519523424,1770.0,351.0,70.0
A_boundary_random_n14,7,CF,14,14,14,7782.928,346,14,1,0,C,134,0,0,,,5641.928312801255,3732.6582280778357,1909.2700847234187,1730.0,341.0,70.0
A_boundary_random_n14,7,D,14,14,14,8344.195,354,14,1,0,B,17,17,0,1555.8530739314026,1389.0242974763173,6153.19456580697,4100.195813854628,2052.9987519523424,1770.0,351.0,70.0
A_boundary_random_n14,7,C3F,14,14,14,8446.195,371,14,1,0,B,0,0,0,,,6153.19456580697,4100.195813854628,2052.9987519523424,1855.0,368.0,70.0
A_boundary_random_n14,8,B,14,14,14,9219.953,477,14,1,0,B,0,0,0,,,6290.952654128699,4133.747074117418,2157.205580011282,2385.0,474.0,70.0
A_boundary_random_n14,8,C,14,14,14,9277.19,586,14,1,0,C,0,0,0,,,5695.189573262032,3652.9003919264565,2042.2891813355764,2930.0,582.0,70.0
A_boundary_random_n14,8,BF,14,14,14,8718.953,396,14,1,0,B,81,0,0,,,6290.952654128699,4133.747074117418,2157.205580011282,1980.0,378.0,70.0
A_boundary_random_n14,8,CF,14,14,14,8320.19,428,14,1,0,C,158,0,0,,,5695.189573262032,3652.9003919264565,2042.2891813355764,2140.0,415.0,70.0
A_boundary_random_n14,8,D,14,14,14,8718.953,396,14,1,0,B,81,81,0,1504.892073206814,1495.972217676948,6290.952654128699,4133.747074117418,2157.205580011282,1980.0,378.0,70.0
A_boundary_random_n14,8,C3F,14,14,14,9219.953,477,14,1,0,B,0,0,0,,,6290.952654128699,4133.747074117418,2157.205580011282,2385.0,474.0,70.0
A_boundary_random_n14,9,B,14,14,14,8704.444,446,14,1,0,B,0,0,0,,,5970.444283171409,4109.854996505929,1860.5892866654792,2230.0,434.0,70.0
A_boundary_random_n14,9,C,14,14,14,9472.973,562,14,1,0,C,0,0,0,,,6035.973065630385,3666.274837624106,2369.698228006279,2810.0,557.0,70.0
A_boundary_random_n14,9,BF,14,14,14,8471.444,406,14,1,0,B,40,0,0,,,5970.444283171409,4109.854996505929,1860.5892866654792,2030.0,401.0,70.0
A_boundary_random_n14,9,CF,14,14,14,8438.973,390,14,1,0,C,172,0,0,,,6035.973065630385,3666.274837624106,2369.698228006279,1950.0,383.0,70.0
A_boundary_random_n14,9,D,14,14,14,8471.444,406,14,1,0,B,40,40,0,1555.3852599568436,1447.6224304540315,5970.444283171409,4109.854996505929,1860.5892866654792,2030.0,401.0,70.0
A_boundary_random_n14,9,C3F,14,14,14,8704.444,446,14,1,0,B,0,0,0,,,5970.444283171409,4109.854996505929,1860.5892866654792,2230.0,434.0,70.0
A_boundary_random_n14,10,B,14,14,14,9243.384,477,14,1,0,B,0,0,0,,,6324.3840259403705,4100.045382976192,2224.3386429641832,2385.0,464.0,70.0
A_boundary_random_n14,10,C,14,14,14,8821.176,524,14,1,0,C,0,0,0,,,5612.175848674964,3661.681025007664,1950.4948236673004,2620.0,519.0,70.0
A_boundary_random_n14,10,BF,14,14,14,9094.384,452,14,1,0,B,25,0,0,,,6324.3840259403705,4100.045382976192,2224.3386429641832,2260.0,440.0,70.0
A_boundary_random_n14,10,CF,14,14,14,8015.176,391,14,1,0,C,133,0,0,,,5612.175848674964,3661.681025007664,1950.4948236673004,1955.0,378.0,70.0
A_boundary_random_n14,10,D,14,14,14,9094.384,452,14,1,0,B,25,25,0,1539.7517251850093,1440.8899665903537,6324.3840259403705,4100.045382976192,2224.3386429641832,2260.0,440.0,70.0
A_boundary_random_n14,10,C3F,14,14,14,9243.384,477,14,1,0,B,0,0,0,,,6324.3840259403705,4100.045382976192,2224.3386429641832,2385.0,464.0,70.0
A_boundary_random_n14,11,B,14,14,14,8246.687,383,14,1,0,B,0,0,0,,,5886.686729362181,4116.04247572154,1770.6442536406428,1915.0,375.0,70.0
A_boundary_random_n14,11,C,14,14,14,8473.2,495,14,1,0,C,0,0,0,,,5434.200264469369,3740.4111651677313,1693.789099301639,2475.0,494.0,70.0
A_boundary_random_n14,11,BF,14,14,14,8138.687,365,14,1,0,B,18,0,0,,,5886.686729362181,4116.04247572154,1770.6442536406428,1825.0,357.0,70.0
A_boundary_random_n14,11,CF,14,14,14,7719.2,370,14,1,0,C,125,0,0,,,5434.200264469369,3740.4111651677313,1693.789099301639,1850.0,365.0,70.0
A_boundary_random_n14,11,D,14,14,14,8138.687,365,14,1,0,B,18,18,0,1536.3499151763724,1389.0242974763191,5886.686729362181,4116.04247572154,1770.6442536406428,1825.0,357.0,70.0
A_boundary_random_n14,11,C3F,14,14,14,8246.687,383,14,1,0,B,0,0,0,,,5886.686729362181,4116.04247572154,1770.6442536406428,1915.0,375.0,70.0
A_boundary_random_n14,12,B,14,14,14,9155.551,410,14,1,0,B,0,0,0,,,6636.551223837968,4132.059706088802,2504.491517749167,2050.0,399.0,70.0
A_boundary_random_n14,12,C,14,14,14,9035.751,508,14,1,0,C,0,0,0,,,5932.750637783278,3652.2046099248278,2280.5460278584515,2540.0,493.0,70.0
A_boundary_random_n14,12,BF,14,14,14,9155.551,410,14,1,0,B,0,0,0,,,6636.551223837968,4132.059706088802,2504.491517749167,2050.0,399.0,70.0
A_boundary_random_n14,12,CF,14,14,14,8380.751,399,14,1,0,C,109,0,0,,,5932.750637783278,3652.2046099248278,2280.5460278584515,1995.0,383.0,70.0
A_boundary_random_n14,12,D,14,14,14,9155.551,410,14,1,0,B,0,0,0,,1292.9187348375547,6636.551223837968,4132.059706088802,2504.491517749167,2050.0,399.0,70.0
A_boundary_random_n14,12,C3F,14,14,14,9155.551,410,14,1,0,B,0,0,0,,,6636.551223837968,4132.059706088802,2504.491517749167,2050.0,399.0,70.0
A_boundary_random_n14,13,B,14,14,14,9459.94,455,14,1,0,B,0,0,0,,,6669.940325312054,4142.496960132183,2527.443365179872,2275.0,445.0,70.0
A_boundary_random_n14,13,C,14,14,14,9350.043,599,14,1,0,C,0,0,0,,,5692.043175216472,3708.4642245085206,1983.5789507079555,2995.0,593.0,70.0
A_boundary_random_n14,13,BF,14,14,14,9232.94,419,14,1,0,B,36,0,0,,,6669.940325312054,4142.496960132183,2527.443365179872,2095.0,398.0,70.0
A_boundary_random_n14,13,CF,14,14,14,8131.043,397,14,1,0,C,202,0,0,,,5692.043175216472,3708.4642245085206,1983.5789507079555,1985.0,384.0,70.0
A_boundary_random_n14,13,D,14,14,14,9232.94,419,14,1,0,B,36,36,0,1505.5967297523082,1475.6021971014698,6669.940325312054,4142.496960132183,2527.443365179872,2095.0,398.0,70.0
A_boundary_random_n14,13,C3F,14,14,14,9459.94,455,14,1,0,B,0,0,0,,,6669.940325312054,4142.496960132183,2527.443365179872,2275.0,445.0,70.0
A_boundary_random_n14,14,B,14,14,14,9038.466,376,14,1,0,B,0,0,0,,,6738.46616371079,4121.109463324786,2617.3567003860094,1880.0,350.0,70.0
A_boundary_random_n14,14,C,14,14,14,9174.906,522,14,1,0,C,0,0,0,,,5975.906336960977,3654.240806667556,2321.665530293421,2610.0,519.0,70.0
A_boundary_random_n14,14,BF,14,14,14,9038.466,376,14,1,0,B,0,0,0,,,6738.46616371079,4121.109463324786,2617.3567003860094,1880.0,350.0,70.0
A_boundary_random_n14,14,CF,14,14,14,8184.906,358,14,1,0,C,164,0,0,,,5975.906336960977,3654.240806667556,2321.665530293421,1790.0,349.0,70.0
A_boundary_random_n14,14,D,14,14,14,9038.466,376,14,1,0,B,0,0,0,,1063.9018946379676,6738.46616371079,4121.109463324786,2617.3567003860094,1880.0,350.0,70.0
A_boundary_random_n14,14,C3F,14,14,14,9038.466,376,14,1,0,B,0,0,0,,,6738.46616371079,4121.109463324786,2617.3567003860094,1880.0,350.0,70.0
A_boundary_random_n14,15,B,14,14,14,9268.189,524,14,1,0,B,0,0,0,,,6067.189074574743,4138.489599910751,1928.6994746639912,2620.0,511.0,70.0
A_boundary_random_n14,15,C,14,14,14,8884.013,601,14,1,0,C,0,0,0,,,5224.01273120312,3683.004727017685,1541.008004185438,3005.0,585.0,70.0
A_boundary_random_n14,15,BF,14,14,14,9100.189,495,14,1,0,B,29,0,0,,,6067.189074574743,4138.489599910751,1928.6994746639912,2475.0,488.0,70.0
A_boundary_random_n14,15,CF,14,14,14,7922.013,441,14,1,0,C,160,0,0,,,5224.01273120312,3683.004727017685,1541.008004185438,2205.0,423.0,70.0
A_boundary_random_n14,15,D,14,14,14,9100.189,495,14,1,0,B,29,29,0,1522.9783999656509,1480.347605515377,6067.189074574743,4138.489599910751,1928.6994746639912,2475.0,488.0,70.0
A_boundary_random_n14,15,C3F,14,14,14,9268.189,524,14,1,0,B,0,0,0,,,6067.189074574743,4138.489599910751,1928.6994746639912,2620.0,511.0,70.0
A_boundary_random_n14,16,B,14,14,14,9316.23,446,14,1,0,B,0,0,0,,,6582.229939848022,4100.383195149872,2481.8467446981504,2230.0,434.0,70.0
A_boundary_random_n14,16,C,14,14,14,9980.355,617,14,1,0,C,0,0,0,,,6213.355458016656,3763.877884359392,2449.477573657265,3085.0,612.0,70.0
A_boundary_random_n14,16,BF,14,14,14,9104.23,412,14,1,0,B,34,0,0,,,6582.229939848022,4100.383195149872,2481.8467446981504,2060.0,392.0,70.0
A_boundary_random_n14,16,CF,14,14,14,8932.355,444,14,1,0,C,173,0,0,,,6213.355458016656,3763.877884359392,2449.477573657265,2220.0,429.0,70.0
A_boundary_random_n14,16,D,14,14,14,9104.23,412,14,1,0,B,34,34,0,1557.7375416214766,1309.492607086924,6582.229939848022,4100.383195149872,2481.8467446981504,2060.0,392.0,70.0
A_boundary_random_n14,16,C3F,14,14,14,9316.23,446,14,1,0,B,0,0,0,,,6582.229939848022,4100.383195149872,2481.8467446981504,2230.0,434.0,70.0
A_boundary_random_n14,17,B,14,14,14,8397.003,370,14,1,0,B,0,0,0,,,6111.002933638144,4107.313502934931,2003.6894307032117,1850.0,366.0,70.0
A_boundary_random_n14,17,C,14,14,14,8851.856,508,14,1,0,C,0,0,0,,,5736.855617458345,3654.070115789551,2082.7855016687927,2540.0,505.0,70.0
A_boundary_random_n14,17,BF,14,14,14,8397.003,370,14,1,0,B,0,0,0,,,6111.002933638144,4107.313502934931,2003.6894307032117,1850.0,366.0,70.0
A_boundary_random_n14,17,CF,14,14,14,7953.856,359,14,1,0,C,149,0,0,,,5736.855617458345,3654.070115789551,2082.7855016687927,1795.0,352.0,70.0
A_boundary_random_n14,17,D,14,14,14,8397.003,370,14,1,0,B,0,0,0,,815.5563501121246,6111.002933638144,4107.313502934931,2003.6894307032117,1850.0,366.0,70.0
A_boundary_random_n14,17,C3F,14,14,14,8397.003,370,14,1,0,B,0,0,0,,,6111.002933638144,4107.313502934931,2003.6894307032117,1850.0,366.0,70.0
A_boundary_random_n14,18,B,14,14,14,8437.308,373,14,1,0,B,0,0,0,,,6145.308122665593,4120.4163275940955,2024.8917950714977,1865.0,357.0,70.0
A_boundary_random_n14,18,C,14,14,14,8992.472,529,14,1,0,C,0,0,0,,,5753.472040752112,3659.9078544786416,2093.564186273471,2645.0,524.0,70.0
A_boundary_random_n14,18,BF,14,14,14,8329.308,355,14,1,0,B,18,0,0,,,6145.308122665593,4120.4163275940955,2024.8917950714977,1775.0,339.0,70.0
A_boundary_random_n14,18,CF,14,14,14,7868.472,342,14,1,0,C,187,0,0,,,5753.472040752112,3659.9078544786416,2093.564186273471,1710.0,335.0,70.0
A_boundary_random_n14,18,D,14,14,14,8329.308,355,14,1,0,B,18,18,0,1555.853073931404,1389.0242974763191,6145.308122665593,4120.4163275940955,2024.8917950714977,1775.0,339.0,70.0
A_boundary_random_n14,18,C3F,14,14,14,8437.308,373,14,1,0,B,0,0,0,,,6145.308122665593,4120.4163275940955,2024.8917950714977,1865.0,357.0,70.0
A_boundary_random_n14,19,B,14,14,14,9473.981,443,14,1,0,B,0,0,0,,,6758.980539520719,4094.939769031942,2664.0407704887757,2215.0,430.0,70.0
A_boundary_random_n14,19,C,14,14,14,10398.177,639,14,1,0,C,0,0,0,,,6509.176790026703,3662.5568195332626,2846.6199704934406,3195.0,624.0,70.0
A_boundary_random_n14,19,BF,14,14,14,9241.981,405,14,1,0,B,38,0,0,,,6758.980539520719,4094.939769031942,2664.0407704887757,2025.0,388.0,70.0
A_boundary_random_n14,19,CF,14,14,14,9208.177,443,14,1,0,C,196,0,0,,,6509.176790026703,3662.5568195332626,2846.6199704934406,2215.0,414.0,70.0
A_boundary_random_n14,19,D,14,14,14,9241.981,405,14,1,0,B,38,38,0,1561.0244276432497,1400.3922894401999,6758.980539520719,4094.939769031942,2664.0407704887757,2025.0,388.0,70.0
A_boundary_random_n14,19,C3F,14,14,14,9473.981,443,14,1,0,B,0,0,0,,,6758.980539520719,4094.939769031942,2664.0407704887757,2215.0,430.0,70.0
A_boundary_random_n14,20,B,14,14,14,8765.45,403,14,1,0,B,0,0,0,,,6289.45034183756,4120.604343205281,2168.8459986322787,2015.0,391.0,70.0
A_boundary_random_n14,20,C,14,14,14,8403.507,474,14,1,0,C,0,0,0,,,5492.507102654095,3680.8427812696104,1811.6643213844845,2370.0,471.0,70.0
A_boundary_random_n14,20,BF,14,14,14,8621.45,378,14,1,0,B,25,0,0,,,6289.45034183756,4120.604343205281,2168.8459986322787,1890.0,372.0,70.0
A_boundary_random_n14,20,CF,14,14,14,7672.507,352,14,1,0,C,122,0,0,,,5492.507102654095,3680.8427812696104,1811.6643213844845,1760.0,350.0,70.0
A_boundary_random_n14,20,D,14,14,14,8621.45,378,14,1,0,B,25,25,0,1763.123258522759,1304.2998406502868,6289.45034183756,4120.604343205281,2168.8459986322787,1890.0,372.0,70.0
A_boundary_random_n14,20,C3F,14,14,14,8765.45,403,14,1,0,B,0,0,0,,,6289.45034183756,4120.604343205281,2168.8459986322787,2015.0,391.0,70.0
A_boundary_random_n14,21,B,14,14,14,8478.103,397,14,1,0,B,0,0,0,,,6028.102920828666,4148.119669264837,1879.9832515638284,1985.0,395.0,70.0
A_boundary_random_n14,21,C,14,14,14,9694.187,619,14,1,0,C,0,0,0,,,5916.186957477913,3669.1272443728094,2247.059713105107,3095.0,613.0,70.0
A_boundary_random_n14,21,BF,14,14,14,8193.103,350,14,1,0,B,47,0,0,,,6028.102920828666,4148.119669264837,1879.9832515638284,1750.0,345.0,70.0
A_boundary_random_n14,21,CF,14,14,14,8653.187,447,14,1,0,C,172,0,0,,,5916.186957477913,3669.1272443728094,2247.059713105107,2235.0,432.0,70.0
A_boundary_random_n14,21,D,14,14,14,8193.103,350,14,1,0,B,47,47,0,1531.3396274235074,1496.7486335612377,6028.102920828666,4148.119669264837,1879.9832515638284,1750.0,345.0,70.0
A_boundary_random_n14,21,C3F,14,14,14,8478.103,397,14,1,0,B,0,0,0,,,6028.102920828666,4148.119669264837,1879.9832515638284,1985.0,395.0,70.0
A_boundary_random_n14,22,B,14,14,14,8516.668,390,14,1,0,B,0,0,0,,,6112.66822687622,4091.028730536109,2021.63949634011,1950.0,384.0,70.0
A_boundary_random_n14,22,C,14,14,14,8456.78,511,14,1,0,C,0,0,0,,,5335.779604104831,3684.268768721038,1651.510835383794,2555.0,496.0,70.0
A_boundary_random_n14,22,BF,14,14,14,8408.668,372,14,1,0,B,18,0,0,,,6112.66822687622,4091.028730536109,2021.63949634011,1860.0,366.0,70.0
A_boundary_random_n14,22,CF,14,14,14,7716.78,387,14,1,0,C,124,0,0,,,5335.779604104831,3684.268768721038,1651.510835383794,1935.0,376.0,70.0
A_boundary_random_n14,22,D,14,14,14,8408.668,372,14,1,0,B,18,18,0,1505.279606424938,1499.2663121409523,6112.66822687622,4091.028730536109,2021.63949634011,1860.0,366.0,70.0
A_boundary_random_n14,22,C3F,14,14,14,8516.668,390,14,1,0,B,0,0,0,,,6112.66822687622,4091.028730536109,2021.63949634011,1950.0,384.0,70.0
A_boundary_random_n14,23,B,14,14,14,8997.941,422,14,1,0,B,0,0,0,,,6405.940863506863,4091.5898780153884,2314.350985491473,2110.0,412.0,70.0
A_boundary_random_n14,23,C,14,14,14,10437.214,625,14,1,0,C,0,0,0,,,6626.213821433555,3675.8083753401734,2950.4054460933826,3125.0,616.0,70.0
A_boundary_random_n14,23,BF,14,14,14,8734.941,379,14,1,0,B,43,0,0,,,6405.940863506863,4091.5898780153884,2314.350985491473,1895.0,364.0,70.0
A_boundary_random_n14,23,CF,14,14,14,9230.214,426,14,1,0,C,199,0,0,,,6626.213821433555,3675.8083753401734,2950.4054460933826,2130.0,404.0,70.0
A_boundary_random_n14,23,D,14,14,14,8734.941,379,14,1,0,B,43,43,0,1574.0314822486948,1364.8433813696547,6405.940863506863,4091.5898780153884,2314.350985491473,1895.0,364.0,70.0
A_boundary_random_n14,23,C3F,14,14,14,8997.941,422,14,1,0,B,0,0,0,,,6405.940863506863,4091.5898780153884,2314.350985491473,2110.0,412.0,70.0
A_boundary_random_n14,24,B,14,14,14,9957.465,497,14,1,0,B,0,0,0,,,6924.465052795054,4082.2171985521986,2842.2478542428553,2485.0,478.0,70.0
A_boundary_random_n14,24,C,14,14,14,8945.616,520,14,1,0,C,0,0,0,,,5770.616390734567,3676.57932223092,2094.0370685036482,2600.0,505.0,70.0
A_boundary_random_n14,24,BF,14,14,14,9710.465,458,14,1,0,B,39,0,0,,,6924.465052795054,4082.2171985521986,2842.2478542428553,2290.0,426.0,70.0
A_boundary_random_n14,24,CF,14,14,14,8276.616,409,14,1,0,C,111,0,0,,,5770.616390734567,3676.57932223092,2094.0370685036482,2045.0,391.0,70.0
A_boundary_random_n14,24,D,14,14,14,9710.465,458,14,1,0,B,39,39,0,1668.593946356991,1350.1070365127048,6924.465052795054,4082.2171985521986,2842.2478542428553,2290.0,426.0,70.0
A_boundary_random_n14,24,C3F,14,14,14,9957.465,497,14,1,0,B,0,0,0,,,6924.465052795054,4082.2171985521986,2842.2478542428553,2485.0,478.0,70.0
A_boundary_random_n14,25,B,14,14,14,8536.349,408,14,1,0,B,0,0,0,,,6021.349328433377,4154.989599122775,1866.359729310601,2040.0,405.0,70.0
A_boundary_random_n14,25,C,14,14,14,8467.531,506,14,1,0,C,0,0,0,,,5363.531499339539,3687.2196827099383,1676.3118166295997,2530.0,504.0,70.0
A_boundary_random_n14,25,BF,14,14,14,8536.349,408,14,1,0,B,0,0,0,,,6021.349328433377,4154.989599122775,1866.359729310601,2040.0,405.0,70.0
A_boundary_random_n14,25,CF,14,14,14,7602.531,362,14,1,0,C,144,0,0,,,5363.531499339539,3687.2196827099383,1676.3118166295997,1810.0,359.0,70.0
A_boundary_random_n14,25,D,14,14,14,8536.349,408,14,1,0,B,0,0,0,,1093.582863485552,6021.349328433377,4154.989599122775,1866.359729310601,2040.0,405.0,70.0
A_boundary_random_n14,25,C3F,14,14,14,8536.349,408,14,1,0,B,0,0,0,,,6021.349328433377,4154.989599122775,1866.359729310601,2040.0,405.0,70.0
A_boundary_outward_n14,1,B,14,14,14,8708.24,411,14,1,0,B,0,0,0,,,6187.24021129686,4098.111675117812,2089.128536179047,2055.0,396.0,70.0
A_boundary_outward_n14,1,C,14,14,14,12022.758,854,14,1,0,C,0,0,0,,,6832.7577679676115,3632.5407549181887,3200.217013049423,4270.0,850.0,70.0
A_boundary_outward_n14,1,BF,14,14,14,8542.24,383,14,1,0,B,28,0,0,,,6187.24021129686,4098.111675117812,2089.128536179047,1915.0,370.0,70.0
A_boundary_outward_n14,1,CF,14,14,14,10370.758,580,14,1,0,C,274,0,0,,,6832.7577679676115,3632.5407549181887,3200.217013049423,2900.0,568.0,70.0
A_boundary_outward_n14,1,D,14,14,14,8542.24,383,14,1,0,B,28,28,0,1514.1067649710692,1486.4697908312044,6187.24021129686,4098.111675117812,2089.128536179047,1915.0,370.0,70.0
A_boundary_outward_n14,1,C3F,14,14,14,8708.24,411,14,1,0,B,0,0,0,,,6187.24021129686,4098.111675117812,2089.128536179047,2055.0,396.0,70.0
A_boundary_outward_n14,2,B,14,14,14,8418.484,377,14,1,0,B,0,0,0,,,6098.484392888082,4123.1075486264535,1975.3768442616288,1885.0,365.0,70.0
A_boundary_outward_n14,2,C,14,14,14,11406.91,764,14,1,0,C,0,0,0,,,6757.91020711111,3656.656280737147,3101.25392637396,3820.0,759.0,70.0
A_boundary_outward_n14,2,BF,14,14,14,8318.484,360,14,1,0,B,17,0,0,,,6098.484392888082,4123.1075486264535,1975.3768442616288,1800.0,350.0,70.0
A_boundary_outward_n14,2,CF,14,14,14,10051.91,539,14,1,0,C,225,0,0,,,6757.91020711111,3656.656280737147,3101.25392637396,2695.0,529.0,70.0
A_boundary_outward_n14,2,D,14,14,14,8318.484,360,14,1,0,B,17,17,0,1506.4599396121412,1474.3692445706527,6098.484392888082,4123.1075486264535,1975.3768442616288,1800.0,350.0,70.0
A_boundary_outward_n14,2,C3F,14,14,14,8418.484,377,14,1,0,B,0,0,0,,,6098.484392888082,4123.1075486264535,1975.3768442616288,1885.0,365.0,70.0
A_boundary_outward_n14,3,B,14,14,14,8774.783,380,14,1,0,B,0,0,0,,,6435.782628231275,4101.177804298114,2334.6048239331626,1900.0,369.0,70.0
A_boundary_outward_n14,3,C,14,14,14,12503.179,885,14,1,0,C,0,0,0,,,7132.178722218474,3687.7896500242755,3444.3890721942003,4425.0,876.0,70.0
A_boundary_outward_n14,3,BF,14,14,14,8774.783,380,14,1,0,B,0,0,0,,,6435.782628231275,4101.177804298114,2334.6048239331626,1900.0,369.0,70.0
A_boundary_outward_n14,3,CF,14,14,14,10558.179,563,14,1,0,C,322,0,0,,,7132.178722218474,3687.7896500242755,3444.3890721942003,2815.0,541.0,70.0
A_boundary_outward_n14,3,D,14,14,14,8774.783,380,14,1,0,B,0,0,0,,1111.3681979282417,6435.782628231275,4101.177804298114,2334.6048239331626,1900.0,369.0,70.0
A_boundary_outward_n14,3,C3F,14,14,14,8774.783,380,14,1,0,B,0,0,0,,,6435.782628231275,4101.177804298114,2334.6048239331626,1900.0,369.0,70.0
A_boundary_outward_n14,4,B,14,14,14,8605.097,442,14,1,0,B,0,0,0,,,5893.096716711817,4125.516650081587,1767.5800666302298,2210.0,432.0,70.0
A_boundary_outward_n14,4,C,14,14,14,13744.312,954,14,1,0,C,0,0,0,,,7974.312152592205,3703.6376459857893,4270.674506606415,4770.0,930.0,70.0
A_boundary_outward_n14,4,BF,14,14,14,8335.097,397,14,1,0,B,45,0,0,,,5893.096716711817,4125.516650081587,1767.5800666302298,1985.0,387.0,70.0
A_boundary_outward_n14,4,CF,14,14,14,12067.312,675,14,1,0,C,279,0,0,,,7974.312152592205,3703.6376459857893,4270.674506606415,3375.0,648.0,70.0
A_boundary_outward_n14,4,D,14,14,14,8335.097,397,14,1,0,B,45,45,0,1524.5011495529202,1466.6525385014731,5893.096716711817,4125.516650081587,1767.5800666302298,1985.0,387.0,70.0
A_boundary_outward_n14,4,C3F,14,14,14,8605.097,442,14,1,0,B,0,0,0,,,5893.096716711817,4125.516650081587,1767.5800666302298,2210.0,432.0,70.0
A_boundary_outward_n14,5,B,14,14,14,8696.087,404,14,1,0,B,0,0,0,,,6212.087428022588,4151.380356653778,2060.7070713688117,2020.0,394.0,70.0
A_boundary_outward_n14,5,C,14,14,14,15905.274,1136,14,1,0,C,0,0,0,,,9040.274107383695,3634.6020743198396,5405.672033063855,5680.0,1115.0,70.0
A_boundary_outward_n14,5,BF,14,14,14,8516.087,374,14,1,0,B,30,0,0,,,6212.087428022588,4151.380356653778,2060.7070713688117,1870.0,364.0,70.0
A_boundary_outward_n14,5,CF,14,14,14,13140.274,679,14,1,0,C,457,0,0,,,9040.274107383695,3634.6020743198396,5405.672033063855,3395.0,635.0,70.0
A_boundary_outward_n14,5,D,14,14,14,8516.087,374,14,1,0,B,30,30,0,1572.8956913777863,1365.944102114795,6212.087428022588,4151.380356653778,2060.7070713688117,1870.0,364.0,70.0
A_boundary_outward_n14,5,C3F,14,14,14,8696.087,404,14,1,0,B,0,0,0,,,6212.087428022588,4151.380356653778,2060.7070713688117,2020.0,394.0,70.0
A_boundary_outward_n14,6,B,14,14,14,8433.23,400,14,1,0,B,0,0,0,,,5966.2300177712,4100.704858713076,1865.525159058127,2000.0,397.0,70.0
A_boundary_outward_n14,6,C,14,14,14,10755.866,740,14,1,0,C,0,0,0,,,6253.865613342067,3724.8915184516673,2528.9740948904027,3700.0,732.0,70.0
A_boundary_outward_n14,6,BF,14,14,14,8343.23,385,14,1,0,B,15,0,0,,,5966.2300177712,4100.704858713076,1865.525159058127,1925.0,382.0,70.0
A_boundary_outward_n14,6,CF,14,14,14,9365.866,509,14,1,0,C,231,0,0,,,6253.865613342067,3724.8915184516673,2528.9740948904027,2545.0,497.0,70.0
A_boundary_outward_n14,6,D,14,14,14,8343.23,385,14,1,0,B,15,15,0,1690.9553093073039,1413.960266150467,5966.2300177712,4100.704858713076,1865.525159058127,1925.0,382.0,70.0
A_boundary_outward_n14,6,C3F,14,14,14,8433.23,400,14,1,0,B,0,0,0,,,5966.2300177712,4100.704858713076,1865.525159058127,2000.0,397.0,70.0
A_boundary_outward_n14,7,B,14,14,14,9245.938,419,14,1,0,B,0,0,0,,,6691.937796277541,4107.8910996471905,2584.046696630353,2095.0,389.0,70.0
A_boundary_outward_n14,7,C,14,14,14,12659.068,840,14,1,0,C,0,0,0,,,7561.0678800543565,3648.9519799763266,3912.115900078032,4200.0,828.0,70.0
A_boundary_outward_n14,7,BF,14,14,14,9074.938,390,14,1,0,B,29,0,0,,,6691.937796277541,4107.8910996471905,2584.046696630353,1950.0,363.0,70.0
A_boundary_outward_n14,7,CF,14,14,14,11134.068,589,14,1,0,C,251,0,0,,,7561.0678800543565,3648.9519799763266,3912.115900078032,2945.0,558.0,70.0
A_boundary_outward_n14,7,D,14,14,14,9074.938,390,14,1,0,B,29,29,0,1500.221670041483,1471.3353160220577,6691.937796277541,4107.8910996471905,2584.046696630353,1950.0,363.0,70.0
A_boundary_outward_n14,7,C3F,14,14,14,9245.938,419,14,1,0,B,0,0,0,,,6691.937796277541,4107.8910996471905,2584.046696630353,2095.0,389.0,70.0
A_boundary_outward_n14,8,B,14,14,14,9055.519,446,14,1,0,B,0,0,0,,,6330.519450406337,4141.873957631176,2188.64549277516,2230.0,425.0,70.0
A_boundary_outward_n14,8,C,14,14,14,13276.168,883,14,1,0,C,0,0,0,,,7926.16811724873,3651.677518441779,4274.490598806953,4415.0,865.0,70.0
A_boundary_outward_n14,8,BF,14,14,14,8953.519,429,14,1,0,B,17,0,0,,,6330.519450406337,4141.873957631176,2188.64549277516,2145.0,408.0,70.0
A_boundary_outward_n14,8,CF,14,14,14,11880.168,651,14,1,0,C,232,0,0,,,7926.16811724873,3651.677518441779,4274.490598806953,3255.0,629.0,70.0
A_boundary_outward_n14,8,D,14,14,14,8953.519,429,14,1,0,B,17,17,0,1584.9121222372767,1488.0642034802418,6330.519450406337,4141.873957631176,2188.64549277516,2145.0,408.0,70.0
A_boundary_outward_n14,8,C3F,14,14,14,9055.519,446,14,1,0,B,0,0,0,,,6330.519450406337,4141.873957631176,2188.64549277516,2230.0,425.0,70.0
A_boundary_outward_n14,9,B,14,14,14,8503.04,416,14,1,0,B,0,0,0,,,5947.039861275275,4090.0862325157336,1856.953628759542,2080.0,406.0,70.0
A_boundary_outward_n14,9,C,14,14,14,12407.79,883,14,1,0,C,0,0,0,,,7051.790182666353,3666.971001798618,3384.8191808677416,4415.0,871.0,70.0
A_boundary_outward_n14,9,BF,14,14,14,8491.04,414,14,1,0,B,2,0,0,,,5947.039861275275,4090.0862325157336,1856.953628759542,2070.0,404.0,70.0
A_boundary_outward_n14,9,CF,14,14,14,11064.79,660,14,1,0,C,223,0,0,,,7051.790182666353,3666.971001798618,3384.8191808677416,3300.0,643.0,70.0
A_boundary_outward_n14,9,D,14,14,14,8491.04,414,14,1,0,B,2,2,0,1590.7005937909566,1229.1156045465066,5947.039861275275,4090.0862325157336,1856.953628759542,2070.0,404.0,70.0
A_boundary_outward_n14,9,C3F,14,14,14,8503.04,416,14,1,0,B,0,0,0,,,5947.039861275275,4090.0862325157336,1856.953628759542,2080.0,406.0,70.0
A_boundary_outward_n14,10,B,14,14,14,8823.952,402,14,1,0,B,0,0,0,,,6354.9517868793555,4127.158595838388,2227.793191040971,2010.0,389.0,70.0
A_boundary_outward_n14,10,C,14,14,14,10694.564,701,14,1,0,C,0,0,0,,,6424.564380204231,3655.6262892950845,2768.938090909147,3505.0,695.0,70.0
A_boundary_outward_n14,10,BF,14,14,14,8733.952,387,14,1,0,B,15,0,0,,,6354.9517868793555,4127.158595838388,2227.793191040971,1935.0,374.0,70.0
A_boundary_outward_n14,10,CF,14,14,14,9683.564,533,14,1,0,C,168,0,0,,,6424.564380204231,3655.6262892950845,2768.938090909147,2665.0,524.0,70.0
A_boundary_outward_n14,10,D,14,14,14,8733.952,387,14,1,0,B,15,15,0,1568.6868085979124,1193.0269684848784,6354.9517868793555,4127.158595838388,2227.793191040971,1935.0,374.0,70.0
A_boundary_outward_n14,10,C3F,14,14,14,8823.952,402,14,1,0,B,0,0,0,,,6354.9517868793555,4127.158595838388,2227.793191040971,2010.0,389.0,70.0
A_boundary_outward_n14,11,B,14,14,14,8954.159,403,14,1,0,B,0,0,0,,,6488.159132217217,4096.8124263478685,2391.3467058693486,2015.0,381.0,70.0
A_boundary_outward_n14,11,C,14,14,14,11893.055,843,14,1,0,C,0,0,0,,,6768.054868678099,3632.4133383029234,3135.6415303751764,4215.0,840.0,70.0
A_boundary_outward_n14,11,BF,14,14,14,8852.159,386,14,1,0,B,17,0,0,,,6488.159132217217,4096.8124263478685,2391.3467058693486,1930.0,364.0,70.0
A_boundary_outward_n14,11,CF,14,14,14,10235.055,568,14,1,0,C,275,0,0,,,6768.054868678099,3632.4133383029234,3135.6415303751764,2840.0,557.0,70.0
A_boundary_outward_n14,11,D,14,14,14,8852.159,386,14,1,0,B,17,17,0,1618.2768211472685,1497.4474387751125,6488.159132217217,4096.8124263478685,2391.3467058693486,1930.0,364.0,70.0
A_boundary_outward_n14,11,C3F,14,14,14,8954.159,403,14,1,0,B,0,0,0,,,6488.159132217217,4096.8124263478685,2391.3467058693486,2015.0,381.0,70.0
A_boundary_outward_n14,12,B,14,14,14,8983.878,426,14,1,0,B,0,0,0,,,6380.877559736995,4083.337940629326,2297.5396191076684,2130.0,403.0,70.0
A_boundary_outward_n14,12,C,14,14,14,11004.827,706,14,1,0,C,0,0,0,,,6701.826806826666,3673.0559277434418,3028.7708790832216,3530.0,703.0,70.0
A_boundary_outward_n14,12,BF,14,14,14,8831.878,400,14,1,0,B,26,0,0,,,6380.877559736995,4083.337940629326,2297.5396191076684,2000.0,381.0,70.0
A_boundary_outward_n14,12,CF,14,14,14,10197.827,573,14,1,0,C,133,0,0,,,6701.826806826666,3673.0559277434418,3028.7708790832216,2865.0,561.0,70.0
A_boundary_outward_n14,12,D,14,14,14,8831.878,400,14,1,0,B,26,26,0,1512.131021929137,1477.284389980908,6380.877559736995,4083.337940629326,2297.5396191076684,2000.0,381.0,70.0
A_boundary_outward_n14,12,C3F,14,14,14,8983.878,426,14,1,0,B,0,0,0,,,6380.877559736995,4083.337940629326,2297.5396191076684,2130.0,403.0,70.0
A_boundary_outward_n14,13,B,14,14,14,9113.519,414,14,1,0,B,0,0,0,,,6577.519008367697,4102.0706988623715,2475.448309505327,2070.0,396.0,70.0
A_boundary_outward_n14,13,C,14,14,14,12505.929,829,14,1,0,C,0,0,0,,,7472.929061883234,3645.1184112606425,3827.810650622595,4145.0,818.0,70.0
A_boundary_outward_n14,13,BF,14,14,14,9113.519,414,14,1,0,B,0,0,0,,,6577.519008367697,4102.0706988623715,2475.448309505327,2070.0,396.0,70.0
A_boundary_outward_n14,13,CF,14,14,14,10801.929,546,14,1,0,C,283,0,0,,,7472.929061883234,3645.1184112606425,3827.810650622595,2730.0,529.0,70.0
A_boundary_outward_n14,13,D,14,14,14,9113.519,414,14,1,0,B,0,0,0,,1098.4037074570308,6577.519008367697,4102.0706988623715,2475.448309505327,2070.0,396.0,70.0
A_boundary_outward_n14,13,C3F,14,14,14,9113.519,414,14,1,0,B,0,0,0,,,6577.519008367697,4102.0706988623715,2475.448309505327,2070.0,396.0,70.0
A_boundary_outward_n14,14,B,14,14,14,7991.725,324,14,1,0,B,0,0,0,,,5985.725463914401,4135.343513028429,1850.3819508859747,1620.0,316.0,70.0
A_boundary_outward_n14,14,C,14,14,14,11312.323,840,14,1,0,C,0,0,0,,,6207.322564010988,3638.5973517185184,2568.725212292469,4200.0,835.0,70.0
A_boundary_outward_n14,14,BF,14,14,14,7991.725,324,14,1,0,B,0,0,0,,,5985.725463914401,4135.343513028429,1850.3819508859747,1620.0,316.0,70.0
A_boundary_outward_n14,14,CF,14,14,14,9442.323,531,14,1,0,C,309,0,0,,,6207.322564010988,3638.5973517185184,2568.725212292469,2655.0,510.0,70.0
A_boundary_outward_n14,14,D,14,14,14,7991.725,324,14,1,0,B,0,0,0,,1147.835194648637,5985.725463914401,4135.343513028429,1850.3819508859747,1620.0,316.0,70.0
A_boundary_outward_n14,14,C3F,14,14,14,7991.725,324,14,1,0,B,0,0,0,,,5985.725463914401,4135.343513028429,1850.3819508859747,1620.0,316.0,70.0
A_boundary_outward_n14,15,B,14,14,14,9344.008,471,14,1,0,B,0,0,0,,,6467.008171227016,4172.345436140412,2294.6627350866047,2355.0,452.0,70.0
A_boundary_outward_n14,15,C,14,14,14,14269.702,1046,14,1,0,C,0,0,0,,,7934.702325160261,3635.6607538015314,4299.041571358734,5230.0,1035.0,70.0
A_boundary_outward_n14,15,BF,14,14,14,9133.008,436,14,1,0,B,35,0,0,,,6467.008171227016,4172.345436140412,2294.6627350866047,2180.0,416.0,70.0
A_boundary_outward_n14,15,CF,14,14,14,12410.702,737,14,1,0,C,309,0,0,,,7934.702325160261,3635.6607538015314,4299.041571358734,3685.0,721.0,70.0
A_boundary_outward_n14,15,D,14,14,14,9133.008,436,14,1,0,B,35,35,0,1535.2451803432946,1474.7670052904314,6467.008171227016,4172.345436140412,2294.6627350866047,2180.0,416.0,70.0
A_boundary_outward_n14,15,C3F,14,14,14,9344.008,471,14,1,0,B,0,0,0,,,6467.008171227016,4172.345436140412,2294.6627350866047,2355.0,452.0,70.0
A_boundary_outward_n14,16,B,14,14,14,8034.138,373,14,1,0,B,0,0,0,,,5732.13822614099,4171.314841279417,1560.823384861571,1865.0,367.0,70.0
A_boundary_outward_n14,16,C,14,14,14,10481.332,682,14,1,0,C,0,0,0,,,6325.331547995873,3691.0449614872127,2634.2865865086565,3410.0,676.0,70.0
A_boundary_outward_n14,16,BF,14,14,14,8034.138,373,14,1,0,B,0,0,0,,,5732.13822614099,4171.314841279417,1560.823384861571,1865.0,367.0,70.0
A_boundary_outward_n14,16,CF,14,14,14,9414.332,506,14,1,0,C,176,0,0,,,6325.331547995873,3691.0449614872127,2634.2865865086565,2530.0,489.0,70.0
A_boundary_outward_n14,16,D,14,14,14,8034.138,373,14,1,0,B,0,0,0,,802.9039792986024,5732.13822614099,4171.314841279417,1560.823384861571,1865.0,367.0,70.0
A_boundary_outward_n14,16,C3F,14,14,14,8034.138,373,14,1,0,B,0,0,0,,,5732.13822614099,4171.314841279417,1560.823384861571,1865.0,367.0,70.0
A_boundary_outward_n14,17,B,14,14,14,8500.318,386,14,1,0,B,0,0,0,,,6119.3184907313625,4103.8576333500105,2015.4608573813534,1930.0,381.0,70.0
A_boundary_outward_n14,17,C,14,14,14,13945.092,1033,14,1,0,C,0,0,0,,,7687.091778916034,3642.903418684888,4044.188360231147,5165.0,1023.0,70.0
A_boundary_outward_n14,17,BF,14,14,14,8410.318,371,14,1,0,B,15,0,0,,,6119.3184907313625,4103.8576333500105,2015.4608573813534,1855.0,366.0,70.0
A_boundary_outward_n14,17,CF,14,14,14,11542.092,635,14,1,0,C,398,0,0,,,7687.091778916034,3642.903418684888,4044.188360231147,3175.0,610.0,70.0
A_boundary_outward_n14,17,D,14,14,14,8410.318,371,14,1,0,B,15,15,0,1712.5980180127626,1437.212480215683,6119.3184907313625,4103.8576333500105,2015.4608573813534,1855.0,366.0,70.0
A_boundary_outward_n14,17,C3F,14,14,14,8500.318,386,14,1,0,B,0,0,0,,,6119.3184907313625,4103.8576333500105,2015.4608573813534,1930.0,381.0,70.0
A_boundary_outward_n14,18,B,14,14,14,8648.72,400,14,1,0,B,0,0,0,,,6189.719725722527,4144.2499417968675,2045.46978392566,2000.0,389.0,70.0
A_boundary_outward_n14,18,C,14,14,14,11579.289,725,14,1,0,C,0,0,0,,,7174.289445006596,3722.22546655003,3452.0639784565683,3625.0,710.0,70.0
A_boundary_outward_n14,18,BF,14,14,14,8648.72,400,14,1,0,B,0,0,0,,,6189.719725722527,4144.2499417968675,2045.46978392566,2000.0,389.0,70.0
A_boundary_outward_n14,18,CF,14,14,14,10309.289,516,14,1,0,C,209,0,0,,,7174.289445006596,3722.22546655003,3452.0639784565683,2580.0,485.0,70.0
A_boundary_outward_n14,18,D,14,14,14,8648.72,400,14,1,0,B,0,0,0,,1101.0731420242073,6189.719725722527,4144.2499417968675,2045.46978392566,2000.0,389.0,70.0
A_boundary_outward_n14,18,C3F,14,14,14,8648.72,400,14,1,0,B,0,0,0,,,6189.719725722527,4144.2499417968675,2045.46978392566,2000.0,389.0,70.0
A_boundary_outward_n14,19,B,14,14,14,8239.426,364,14,1,0,B,0,0,0,,,5989.426445769744,4101.007035887246,1888.4194098824971,1820.0,360.0,70.0
A_boundary_outward_n14,19,C,14,14,14,12057.641,849,14,1,0,C,0,0,0,,,6906.6412624702725,3682.4469354072935,3224.1943270629845,4245.0,836.0,70.0
A_boundary_outward_n14,19,BF,14,14,14,8239.426,364,14,1,0,B,0,0,0,,,5989.426445769744,4101.007035887246,1888.4194098824971,1820.0,360.0,70.0
A_boundary_outward_n14,19,CF,14,14,14,10555.641,601,14,1,0,C,248,0,0,,,6906.6412624702725,3682.4469354072935,3224.1943270629845,3005.0,574.0,70.0
A_boundary_outward_n14,19,D,14,14,14,8239.426,364,14,1,0,B,0,0,0,,1129.9583251193171,5989.426445769744,4101.007035887246,1888.4194098824971,1820.0,360.0,70.0
A_boundary_outward_n14,19,C3F,14,14,14,8239.426,364,14,1,0,B,0,0,0,,,5989.426445769744,4101.007035887246,1888.4194098824971,1820.0,360.0,70.0
A_boundary_outward_n14,20,B,14,14,14,8809.187,377,14,1,0,B,0,0,0,,,6493.18737530509,4244.2314648483325,2248.955910456756,1885.0,361.0,70.0
A_boundary_outward_n14,20,C,14,14,14,11322.686,787,14,1,0,C,0,0,0,,,6534.686143128922,3727.1326744153093,2807.553468713616,3935.0,783.0,70.0
A_boundary_outward_n14,20,BF,14,14,14,8719.187,362,14,1,0,B,15,0,0,,,6493.18737530509,4244.2314648483325,2248.955910456756,1810.0,346.0,70.0
A_boundary_outward_n14,20,CF,14,14,14,9859.686,544,14,1,0,C,243,0,0,,,6534.686143128922,3727.1326744153093,2807.553468713616,2720.0,535.0,70.0
A_boundary_outward_n14,20,D,14,14,14,8719.187,362,14,1,0,B,15,15,0,1569.4639623706682,1222.8329735755299,6493.18737530509,4244.2314648483325,2248.955910456756,1810.0,346.0,70.0
A_boundary_outward_n14,20,C3F,14,14,14,8809.187,377,14,1,0,B,0,0,0,,,6493.18737530509,4244.2314648483325,2248.955910456756,1885.0,361.0,70.0
A_boundary_outward_n14,21,B,14,14,14,9297.241,429,14,1,0,B,0,0,0,,,6674.240636444454,4146.554594154606,2527.6860422898485,2145.0,408.0,70.0
A_boundary_outward_n14,21,C,14,14,14,12630.417,870,14,1,0,C,0,0,0,,,7347.416589427281,3716.3705188542253,3631.0460705730575,4350.0,863.0,70.0
A_boundary_outward_n14,21,BF,14,14,14,9087.241,394,14,1,0,B,35,0,0,,,6674.240636444454,4146.554594154606,2527.6860422898485,1970.0,373.0,70.0
A_boundary_outward_n14,21,CF,14,14,14,10838.417,572,14,1,0,C,298,0,0,,,7347.416589427281,3716.3705188542253,3631.0460705730575,2860.0,561.0,70.0
A_boundary_outward_n14,21,D,14,14,14,9087.241,394,14,1,0,B,35,35,0,1506.530578594996,1472.525155602527,6674.240636444454,4146.554594154606,2527.6860422898485,1970.0,373.0,70.0
A_boundary_outward_n14,21,C3F,14,14,14,9297.241,429,14,1,0,B,0,0,0,,,6674.240636444454,4146.554594154606,2527.6860422898485,2145.0,408.0,70.0
A_boundary_outward_n14,22,B,14,14,14,9181.591,415,14,1,0,B,0,0,0,,,6639.591488848034,4091.561793935092,2548.029694912945,2075.0,397.0,70.0
A_boundary_outward_n14,22,C,14,14,14,12580.699,876,14,1,0,C,0,0,0,,,7260.698601580161,3662.1189585736356,3598.579643006527,4380.0,870.0,70.0
A_boundary_outward_n14,22,BF,14,14,14,9181.591,415,14,1,0,B,0,0,0,,,6639.591488848034,4091.561793935092,2548.029694912945,2075.0,397.0,70.0
A_boundary_outward_n14,22,CF,14,14,14,10569.699,544,14,1,0,C,332,0,0,,,7260.698601580161,3662.1189585736356,3598.579643006527,2720.0,519.0,70.0
A_boundary_outward_n14,22,D,14,14,14,9181.591,415,14,1,0,B,0,0,0,,1140.5265818787689,6639.591488848034,4091.561793935092,2548.029694912945,2075.0,397.0,70.0
A_boundary_outward_n14,22,C3F,14,14,14,9181.591,415,14,1,0,B,0,0,0,,,6639.591488848034,4091.561793935092,2548.029694912945,2075.0,397.0,70.0
A_boundary_outward_n14,23,B,14,14,14,10617.74,544,14,1,0,B,0,0,0,,,7291.740464898453,4085.9731993400364,3205.767265558418,2720.0,536.0,70.0
A_boundary_outward_n14,23,C,14,14,14,12459.747,903,14,1,0,C,0,0,0,,,6984.747407924594,3677.932528134675,3306.8148797899185,4515.0,890.0,70.0
A_boundary_outward_n14,23,BF,14,14,14,10121.74,462,14,1,0,B,82,0,0,,,7291.740464898453,4085.9731993400364,3205.767265558418,2310.0,450.0,70.0
A_boundary_outward_n14,23,CF,14,14,14,10650.747,604,14,1,0,C,299,0,0,,,6984.747407924594,3677.932528134675,3306.8148797899185,3020.0,576.0,70.0
A_boundary_outward_n14,23,D,14,14,14,10121.74,462,14,1,0,B,82,82,0,1504.6169526366004,1473.584493631135,7291.740464898453,4085.9731993400364,3205.767265558418,2310.0,450.0,70.0
A_boundary_outward_n14,23,C3F,14,14,14,10617.74,544,14,1,0,B,0,0,0,,,7291.740464898453,4085.9731993400364,3205.767265558418,2720.0,536.0,70.0
A_boundary_outward_n14,24,B,14,14,14,8714.731,407,14,1,0,B,0,0,0,,,6218.731441282224,4136.546390025438,2082.185051256785,2035.0,391.0,70.0
A_boundary_outward_n14,24,C,14,14,14,10288.113,661,14,1,0,C,0,0,0,,,6258.113178622911,3710.912052472095,2547.201126150817,3305.0,655.0,70.0
A_boundary_outward_n14,24,BF,14,14,14,8624.731,392,14,1,0,B,15,0,0,,,6218.731441282224,4136.546390025438,2082.185051256785,1960.0,376.0,70.0
A_boundary_outward_n14,24,CF,14,14,14,9261.113,492,14,1,0,C,169,0,0,,,6258.113178622911,3710.912052472095,2547.201126150817,2460.0,473.0,70.0
A_boundary_outward_n14,24,D,14,14,14,8624.731,392,14,1,0,B,15,15,0,1531.5769794092382,1199.9725956654756,6218.731441282224,4136.546390025438,2082.185051256785,1960.0,376.0,70.0
A_boundary_outward_n14,24,C3F,14,14,14,8714.731,407,14,1,0,B,0,0,0,,,6218.731441282224,4136.546390025438,2082.185051256785,2035.0,391.0,70.0
A_boundary_outward_n14,25,B,14,14,14,10167.389,480,14,1,0,B,0,0,0,,,7238.388521950114,4103.046627263665,3135.341894686451,2400.0,459.0,70.0
A_boundary_outward_n14,25,C,14,14,14,15776.068,1133,23,1,0,C,0,0,0,,,8887.068229928142,3654.8935649946293,5232.174664933506,5665.0,1127.0,97.0
A_boundary_outward_n14,25,BF,14,14,14,9793.389,421,14,1,0,B,59,0,0,,,7238.388521950114,4103.046627263665,3135.341894686451,2105.0,380.0,70.0
A_boundary_outward_n14,25,CF,14,14,14,13315.068,724,23,1,0,C,409,0,0,,,8887.068229928142,3654.8935649946293,5232.174664933506,3620.0,711.0,97.0
A_boundary_outward_n14,25,D,14,14,14,9793.389,421,14,1,0,B,59,59,0,1523.6070475719814,1464.082960781159,7238.388521950114,4103.046627263665,3135.341894686451,2105.0,380.0,70.0
A_boundary_outward_n14,25,C3F,14,14,14,10167.389,480,14,1,0,B,0,0,0,,,7238.388521950114,4103.046627263665,3135.341894686451,2400.0,459.0,70.0
A_normal_n15,1,B,15,15,15,8880.856,330,15,1,4,B,0,0,0,,,6840.8559771037,4081.871979393182,2758.9839977105194,1650.0,315.0,75.0
A_normal_n15,1,C,15,15,15,8084.047,413,15,1,4,C,0,0,0,,,5538.047164235465,3679.2626221549867,1858.784542080479,2065.0,406.0,75.0
A_normal_n15,1,BF,15,15,15,8719.856,303,15,1,4,B,27,0,0,,,6840.8559771037,4081.871979393182,2758.9839977105194,1515.0,289.0,75.0
A_normal_n15,1,CF,15,15,15,7518.047,319,15,1,4,C,94,0,0,,,5538.047164235465,3679.2626221549867,1858.784542080479,1595.0,310.0,75.0
A_normal_n15,1,D,15,15,15,7518.047,319,15,1,4,C,94,94,0,1505.6276903300882,1486.51477738579,5538.047164235465,3679.2626221549867,1858.784542080479,1595.0,310.0,75.0
A_normal_n15,1,C3F,15,15,15,7518.047,319,15,1,4,C,94,0,0,,,5538.047164235465,3679.2626221549867,1858.784542080479,1595.0,310.0,75.0
A_normal_n15,2,B,15,15,15,8740.932,325,15,1,6,B,0,0,0,,,6736.932393353381,4081.871979393182,2655.060413960201,1625.0,304.0,75.0
A_normal_n15,2,C,15,15,15,7546.364,361,15,1,6,C,0,0,0,,,5314.363522776183,3639.771405043212,1674.5921177329724,1805.0,352.0,75.0
A_normal_n15,2,BF,15,15,15,8614.932,304,15,1,6,B,21,0,0,,,6736.932393353381,4081.871979393182,2655.060413960201,1520.0,283.0,75.0
A_normal_n15,2,CF,15,15,15,7169.364,297,15,1,6,C,64,0,0,,,5314.363522776183,3639.771405043212,1674.5921177329724,1485.0,295.0,75.0
A_normal_n15,2,D,15,15,15,7169.364,297,15,1,6,C,64,64,0,1506.3489002060167,1466.2305718118462,5314.363522776183,3639.771405043212,1674.5921177329724,1485.0,295.0,75.0
A_normal_n15,2,C3F,15,15,15,7169.364,297,15,1,6,C,64,0,0,,,5314.363522776183,3639.771405043212,1674.5921177329724,1485.0,295.0,75.0
A_normal_n15,3,B,15,15,15,9323.717,350,15,1,5,B,0,0,0,,,7177.716944810089,4081.871979393182,3095.84496541691,1750.0,321.0,75.0
A_normal_n15,3,C,15,15,15,7876.366,361,15,1,5,C,0,0,0,,,5641.365889089777,3689.7297010242446,1951.6361880655315,1805.0,355.0,75.0
A_normal_n15,3,BF,15,15,15,9245.717,337,15,1,5,B,13,0,0,,,7177.716944810089,4081.871979393182,3095.84496541691,1685.0,308.0,75.0
A_normal_n15,3,CF,15,15,15,7678.366,328,15,1,5,C,33,0,0,,,5641.365889089777,3689.7297010242446,1951.6361880655315,1640.0,322.0,75.0
A_normal_n15,3,D,15,15,15,7678.366,328,15,1,5,C,33,33,0,1574.1103398925325,1484.1862113093541,5641.365889089777,3689.7297010242446,1951.6361880655315,1640.0,322.0,75.0
A_normal_n15,3,C3F,15,15,15,7678.366,328,15,1,5,C,33,0,0,,,5641.365889089777,3689.7297010242446,1951.6361880655315,1640.0,322.0,75.0
A_normal_n15,4,B,15,15,15,9197.487,368,15,1,8,B,0,0,0,,,6938.4873471060055,4081.871979393182,2856.615367712826,1840.0,344.0,75.0
A_normal_n15,4,C,15,15,15,7527.236,364,15,1,8,C,0,0,0,,,5270.235725450639,3686.297477125776,1583.9382483248644,1820.0,362.0,75.0
A_normal_n15,4,BF,15,15,15,9017.487,338,15,1,8,B,30,0,0,,,6938.4873471060055,4081.871979393182,2856.615367712826,1690.0,314.0,75.0
A_normal_n15,4,CF,15,15,15,7047.236,284,15,1,8,C,80,0,0,,,5270.235725450639,3686.297477125776,1583.9382483248644,1420.0,282.0,75.0
A_normal_n15,4,D,15,15,15,7047.236,284,15,1,8,C,80,80,0,1510.4562857994836,1486.5147773857889,5270.235725450639,3686.297477125776,1583.9382483248644,1420.0,282.0,75.0
A_normal_n15,4,C3F,15,15,15,7047.236,284,15,1,8,C,80,0,0,,,5270.235725450639,3686.297477125776,1583.9382483248644,1420.0,282.0,75.0
A_normal_n15,5,B,15,15,15,8774.534,317,15,1,4,B,0,0,0,,,6818.534329880258,4081.871979393182,2736.6623504870768,1585.0,296.0,75.0
A_normal_n15,5,C,15,15,15,7823.129,377,15,1,4,C,0,0,0,,,5497.129020655224,3770.0169081887607,1727.1121124664635,1885.0,366.0,75.0
A_normal_n15,5,BF,15,15,15,8738.534,311,15,1,4,B,6,0,0,,,6818.534329880258,4081.871979393182,2736.6623504870768,1555.0,290.0,75.0
A_normal_n15,5,CF,15,15,15,7440.129,312,15,1,4,C,65,0,0,,,5497.129020655224,3770.0169081887607,1727.1121124664635,1560.0,308.0,75.0
A_normal_n15,5,D,15,15,15,7440.129,312,15,1,4,C,65,65,0,1525.1668893657522,1498.7309129324562,5497.129020655224,3770.0169081887607,1727.1121124664635,1560.0,308.0,75.0
A_normal_n15,5,C3F,15,15,15,7440.129,312,15,1,4,C,65,0,0,,,5497.129020655224,3770.0169081887607,1727.1121124664635,1560.0,308.0,75.0
A_normal_n15,6,B,15,15,15,8146.187,314,15,1,6,B,0,0,0,,,6192.187138071549,4165.451800443088,2026.735337628461,1570.0,309.0,75.0
A_normal_n15,6,C,15,15,15,8129.712,384,15,1,6,C,0,0,0,,,5762.711940230625,3680.2449155459685,2082.4670246846595,1920.0,372.0,75.0
A_normal_n15,6,BF,15,15,15,8026.187,294,15,1,6,B,20,0,0,,,6192.187138071549,4165.451800443088,2026.735337628461,1470.0,289.0,75.0
A_normal_n15,6,CF,15,15,15,7740.712,319,15,1,6,C,65,0,0,,,5762.711940230625,3680.2449155459685,2082.4670246846595,1595.0,308.0,75.0
A_normal_n15,6,D,15,15,15,7740.712,319,15,1,6,C,65,65,0,1515.4717186039345,1498.0394146640892,5762.711940230625,3680.2449155459685,2082.4670246846595,1595.0,308.0,75.0
A_normal_n15,6,C3F,15,15,15,7740.712,319,15,1,6,C,65,0,0,,,5762.711940230625,3680.2449155459685,2082.4670246846595,1595.0,308.0,75.0
A_normal_n15,7,B,15,15,15,8265.452,321,15,1,7,B,0,0,0,,,6286.451616995871,4081.8773928943,2204.5742241015732,1605.0,299.0,75.0
A_normal_n15,7,C,15,15,15,7619.403,359,15,1,7,C,0,0,0,,,5402.4031816691495,3669.4408654909967,1732.9623161781533,1795.0,347.0,75.0
A_normal_n15,7,BF,15,15,15,8061.452,287,15,1,7,B,34,0,0,,,6286.451616995871,4081.8773928943,2204.5742241015732,1435.0,265.0,75.0
A_normal_n15,7,CF,15,15,15,7219.403,291,15,1,7,C,68,0,0,,,5402.4031816691495,3669.4408654909967,1732.9623161781533,1455.0,287.0,75.0
A_normal_n15,7,D,15,15,15,7219.403,291,15,1,7,C,68,68,0,1515.9056075235521,1486.5147773857907,5402.4031816691495,3669.4408654909967,1732.9623161781533,1455.0,287.0,75.0
A_normal_n15,7,C3F,15,15,15,7219.403,291,15,1,7,C,68,0,0,,,5402.4031816691495,3669.4408654909967,1732.9623161781533,1455.0,287.0,75.0
A_normal_n15,8,B,15,15,15,8979.635,347,15,1,6,B,0,0,0,,,6837.634650011323,4081.871979393182,2755.7626706181436,1735.0,332.0,75.0
A_normal_n15,8,C,15,15,15,7923.077,356,15,1,6,C,0,0,0,,,5722.076500080264,3665.022062645322,2057.054437434943,1780.0,346.0,75.0
A_normal_n15,8,BF,15,15,15,8835.635,323,15,1,6,B,24,0,0,,,6837.634650011323,4081.871979393182,2755.7626706181436,1615.0,308.0,75.0
A_normal_n15,8,CF,15,15,15,7659.077,312,15,1,6,C,44,0,0,,,5722.076500080264,3665.022062645322,2057.054437434943,1560.0,302.0,75.0
A_normal_n15,8,D,15,15,15,7659.077,312,15,1,6,C,44,44,0,1504.9783245844842,1486.5147773857925,5722.076500080264,3665.022062645322,2057.054437434943,1560.0,302.0,75.0
A_normal_n15,8,C3F,15,15,15,7659.077,312,15,1,6,C,44,0,0,,,5722.076500080264,3665.022062645322,2057.054437434943,1560.0,302.0,75.0
A_normal_n15,9,B,15,15,15,9306.483,378,15,1,7,B,0,0,0,,,7002.482719663677,4081.871979393182,2920.6107402705006,1890.0,339.0,75.0
A_normal_n15,9,C,15,15,15,7577.089,380,15,1,7,C,0,0,0,,,5229.089398663229,3756.6317050636544,1472.4576935995751,1900.0,373.0,75.0
A_normal_n15,9,BF,15,15,15,9156.483,353,15,1,7,B,25,0,0,,,7002.482719663677,4081.871979393182,2920.6107402705006,1765.0,314.0,75.0
A_normal_n15,9,CF,15,15,15,6962.089,277,15,1,7,C,103,0,0,,,5229.089398663229,3756.6317050636544,1472.4576935995751,1385.0,273.0,75.0
A_normal_n15,9,D,15,15,15,6962.089,277,15,1,7,C,103,103,0,1511.9677274013516,1497.3287026006383,5229.089398663229,3756.6317050636544,1472.4576935995751,1385.0,273.0,75.0
A_normal_n15,9,C3F,15,15,15,6962.089,277,15,1,7,C,103,0,0,,,5229.089398663229,3756.6317050636544,1472.4576935995751,1385.0,273.0,75.0
A_normal_n15,10,B,15,15,15,9042.617,355,15,1,4,B,0,0,0,,,6857.616835360958,4083.879240012428,2773.737595348532,1775.0,335.0,75.0
A_normal_n15,10,C,15,15,15,7635.012,347,15,1,4,C,0,0,0,,,5491.01158333787,3686.4136025762573,1804.5979807616136,1735.0,334.0,75.0
A_normal_n15,10,BF,15,15,15,8922.617,335,15,1,4,B,20,0,0,,,6857.616835360958,4083.879240012428,2773.737595348532,1675.0,315.0,75.0
A_normal_n15,10,CF,15,15,15,7294.012,289,15,1,4,C,58,0,0,,,5491.01158333787,3686.4136025762573,1804.5979807616136,1445.0,283.0,75.0
A_normal_n15,10,D,15,15,15,7294.012,289,15,1,4,C,58,58,0,1516.948140135762,1497.6115557972653,5491.01158333787,3686.4136025762573,1804.5979807616136,1445.0,283.0,75.0
A_normal_n15,10,C3F,15,15,15,7294.012,289,15,1,4,C,58,0,0,,,5491.01158333787,3686.4136025762573,1804.5979807616136,1445.0,283.0,75.0
A_normal_n15,11,B,15,15,15,8177.386,329,15,1,7,B,0,0,0,,,6153.386282015879,4096.6563480751065,2056.7299339407746,1645.0,304.0,75.0
A_normal_n15,11,C,15,15,15,7801.627,343,15,1,7,C,0,0,0,,,5679.627432008776,3629.9153688771203,2049.7120631316557,1715.0,332.0,75.0
A_normal_n15,11,BF,15,15,15,7955.386,292,15,1,7,B,37,0,0,,,6153.386282015879,4096.6563480751065,2056.7299339407746,1460.0,267.0,75.0
A_normal_n15,11,CF,15,15,15,7561.627,303,15,1,7,C,40,0,0,,,5679.627432008776,3629.9153688771203,2049.7120631316557,1515.0,292.0,75.0
A_normal_n15,11,D,15,15,15,7561.627,303,15,1,7,C,40,40,0,1629.44747268856,1465.867126730621,5679.627432008776,3629.9153688771203,2049.7120631316557,1515.0,292.0,75.0
A_normal_n15,11,C3F,15,15,15,7561.627,303,15,1,7,C,40,0,0,,,5679.627432008776,3629.9153688771203,2049.7120631316557,1515.0,292.0,75.0
A_normal_n15,12,B,15,15,15,9025.403,334,15,1,4,B,0,0,0,,,6968.402742942207,4108.115964913905,2860.286778028301,1670.0,312.0,75.0
A_normal_n15,12,C,15,15,15,7980.367,366,15,1,4,C,0,0,0,,,5714.366928667884,3697.0703613314818,2017.2965673364024,1830.0,361.0,75.0
A_normal_n15,12,BF,15,15,15,9007.403,331,15,1,4,B,3,0,0,,,6968.402742942207,4108.115964913905,2860.286778028301,1655.0,309.0,75.0
A_normal_n15,12,CF,15,15,15,7458.367,279,15,1,4,C,87,0,0,,,5714.366928667884,3697.0703613314818,2017.2965673364024,1395.0,274.0,75.0
A_normal_n15,12,D,15,15,15,7458.367,279,15,1,4,C,87,87,0,1508.503453317326,1498.6444464262477,5714.366928667884,3697.0703613314818,2017.2965673364024,1395.0,274.0,75.0
A_normal_n15,12,C3F,15,15,15,7458.367,279,15,1,4,C,87,0,0,,,5714.366928667884,3697.0703613314818,2017.2965673364024,1395.0,274.0,75.0
A_normal_n15,13,B,15,15,15,8713.279,296,15,1,6,B,0,0,0,,,6874.2785184557815,4081.871979393182,2792.4065390626033,1480.0,284.0,75.0
A_normal_n15,13,C,15,15,15,7681.44,316,15,1,6,C,0,0,0,,,5722.44032838654,3667.369173467276,2055.0711549192642,1580.0,304.0,75.0
A_normal_n15,13,BF,15,15,15,8713.279,296,15,1,6,B,0,0,0,,,6874.2785184557815,4081.871979393182,2792.4065390626033,1480.0,284.0,75.0
A_normal_n15,13,CF,15,15,15,7465.44,280,15,1,6,C,36,0,0,,,5722.44032838654,3667.369173467276,2055.0711549192642,1400.0,268.0,75.0
A_normal_n15,13,D,15,15,15,7465.44,280,15,1,6,C,36,36,0,1556.1601206622854,1466.0700591984578,5722.44032838654,3667.369173467276,2055.0711549192642,1400.0,268.0,75.0
A_normal_n15,13,C3F,15,15,15,7465.44,280,15,1,6,C,36,0,0,,,5722.44032838654,3667.369173467276,2055.0711549192642,1400.0,268.0,75.0
A_normal_n15,14,B,15,15,15,8601.029,316,15,1,6,B,0,0,0,,,6642.0291956145375,4127.686635895862,2514.3425597186756,1580.0,304.0,75.0
A_normal_n15,14,C,15,15,15,7607.973,392,15,1,6,C,0,0,0,,,5188.973345527489,3786.378032410366,1402.5953131171234,1960.0,384.0,75.0
A_normal_n15,14,BF,15,15,15,8583.029,313,15,1,6,B,3,0,0,,,6642.0291956145375,4127.686635895862,2514.3425597186756,1565.0,301.0,75.0
A_normal_n15,14,CF,15,15,15,7139.973,314,15,1,6,C,78,0,0,,,5188.973345527489,3786.378032410366,1402.5953131171234,1570.0,306.0,75.0
A_normal_n15,14,D,15,15,15,7139.973,314,15,1,6,C,78,78,0,1506.3489002060192,1499.4576841726835,5188.973345527489,3786.378032410366,1402.5953131171234,1570.0,306.0,75.0
A_normal_n15,14,C3F,15,15,15,7139.973,314,15,1,6,C,78,0,0,,,5188.973345527489,3786.378032410366,1402.5953131171234,1570.0,306.0,75.0
A_normal_n15,15,B,15,15,15,7963.906,292,15,1,7,B,0,0,0,,,6142.9061519830775,4081.871979393182,2061.0341725898948,1460.0,286.0,75.0
A_normal_n15,15,C,15,15,15,7844.587,362,15,1,7,C,0,0,0,,,5605.587075817123,3629.5537200333565,1976.0333557837675,1810.0,354.0,75.0
A_normal_n15,15,BF,15,15,15,7819.906,268,15,1,7,B,24,0,0,,,6142.9061519830775,4081.871979393182,2061.0341725898948,1340.0,262.0,75.0
A_normal_n15,15,CF,15,15,15,7339.587,277,15,1,7,C,85,0,0,,,5605.587075817123,3629.5537200333565,1976.0333557837675,1385.0,274.0,75.0
A_normal_n15,15,D,15,15,15,7339.587,277,15,1,7,C,85,85,0,1506.2002662513112,1492.3777735942347,5605.587075817123,3629.5537200333565,1976.0333557837675,1385.0,274.0,75.0
A_normal_n15,15,C3F,15,15,15,7339.587,277,15,1,7,C,85,0,0,,,5605.587075817123,3629.5537200333565,1976.0333557837675,1385.0,274.0,75.0
A_normal_n15,16,B,15,15,15,9305.449,355,15,1,4,B,0,0,0,,,7117.449098400567,4143.561767434523,2973.8873309660457,1775.0,338.0,75.0
A_normal_n15,16,C,15,15,15,7686.657,358,15,1,4,C,0,0,0,,,5473.657060972328,3764.0993061385448,1709.5577548337826,1790.0,348.0,75.0
A_normal_n15,16,BF,15,15,15,9245.449,345,15,1,4,B,10,0,0,,,7117.449098400567,4143.561767434523,2973.8873309660457,1725.0,328.0,75.0
A_normal_n15,16,CF,15,15,15,7290.657,291,15,1,4,C,67,0,0,,,5473.657060972328,3764.0993061385448,1709.5577548337826,1455.0,287.0,75.0
A_normal_n15,16,D,15,15,15,7290.657,291,15,1,4,C,67,67,0,1563.1632915242926,1475.2472512974716,5473.657060972328,3764.0993061385448,1709.5577548337826,1455.0,287.0,75.0
A_normal_n15,16,C3F,15,15,15,7290.657,291,15,1,4,C,67,0,0,,,5473.657060972328,3764.0993061385448,1709.5577548337826,1455.0,287.0,75.0
A_normal_n15,17,B,15,15,15,9457.518,358,15,1,3,B,0,0,0,,,7257.518176253958,4081.871979393182,3175.6461968607737,1790.0,335.0,75.0
A_normal_n15,17,C,15,15,15,8257.196,379,15,1,3,C,0,0,0,,,5928.195848070135,3695.8489611181203,2232.3468869520166,1895.0,359.0,75.0
A_normal_n15,17,BF,15,15,15,9403.518,349,15,1,3,B,9,0,0,,,7257.518176253958,4081.871979393182,3175.6461968607737,1745.0,326.0,75.0
A_normal_n15,17,CF,15,15,15,7807.196,304,15,1,3,C,75,0,0,,,5928.195848070135,3695.8489611181203,2232.3468869520166,1520.0,284.0,75.0
A_normal_n15,17,D,15,15,15,7807.196,304,15,1,3,C,75,75,0,1544.44378508251,1493.97303482755,5928.195848070135,3695.8489611181203,2232.3468869520166,1520.0,284.0,75.0
A_normal_n15,17,C3F,15,15,15,7807.196,304,15,1,3,C,75,0,0,,,5928.195848070135,3695.8489611181203,2232.3468869520166,1520.0,284.0,75.0
A_normal_n15,18,B,15,15,15,9172.148,336,15,1,6,B,0,0,0,,,7098.148477827599,4081.871979393182,3016.276498434423,1680.0,319.0,75.0
A_normal_n15,18,C,15,15,15,7429.428,305,15,1,6,C,0,0,0,,,5527.42811743624,3668.6313382142785,1858.7967792219627,1525.0,302.0,75.0
A_normal_n15,18,BF,15,15,15,9124.148,328,15,1,6,B,8,0,0,,,7098.148477827599,4081.871979393182,3016.276498434423,1640.0,311.0,75.0
A_normal_n15,18,CF,15,15,15,7237.428,273,15,1,6,C,32,0,0,,,5527.42811743624,3668.6313382142785,1858.7967792219627,1365.0,270.0,75.0
A_normal_n15,18,D,15,15,15,7237.428,273,15,1,6,C,32,32,0,1513.6902566290657,1480.101103926604,5527.42811743624,3668.6313382142785,1858.7967792219627,1365.0,270.0,75.0
A_normal_n15,18,C3F,15,15,15,7237.428,273,15,1,6,C,32,0,0,,,5527.42811743624,3668.6313382142785,1858.7967792219627,1365.0,270.0,75.0
A_normal_n15,19,B,15,15,15,8490.724,287,15,1,3,B,0,0,0,,,6706.7243745858295,4097.611243240418,2609.113131345413,1435.0,274.0,75.0
A_normal_n15,19,C,15,15,15,8189.165,413,15,1,3,C,0,0,0,,,5658.165060017924,3672.361706861992,1985.8033531559327,2065.0,391.0,75.0
A_normal_n15,19,BF,15,15,15,8454.724,281,15,1,3,B,6,0,0,,,6706.7243745858295,4097.611243240418,2609.113131345413,1405.0,268.0,75.0
A_normal_n15,19,CF,15,15,15,7532.165,303,15,1,3,C,110,0,0,,,5658.165060017924,3672.361706861992,1985.8033531559327,1515.0,284.0,75.0
A_normal_n15,19,D,15,15,15,7532.165,303,15,1,3,C,110,110,0,1503.086230460281,1486.6036025896817,5658.165060017924,3672.361706861992,1985.8033531559327,1515.0,284.0,75.0
A_normal_n15,19,C3F,15,15,15,7532.165,303,15,1,3,C,110,0,0,,,5658.165060017924,3672.361706861992,1985.8033531559327,1515.0,284.0,75.0
A_normal_n15,20,B,15,15,15,9498.833,334,15,1,4,B,0,0,0,,,7439.833231878834,4081.871979393182,3357.9612524856534,1670.0,314.0,75.0
A_normal_n15,20,C,15,15,15,7610.528,302,15,1,4,C,0,0,0,,,5727.52799023861,3678.4645825288817,2049.0634077097293,1510.0,298.0,75.0
A_normal_n15,20,BF,15,15,15,9414.833,320,15,1,4,B,14,0,0,,,7439.833231878834,4081.871979393182,3357.9612524856534,1600.0,300.0,75.0
A_normal_n15,20,CF,15,15,15,7478.528,280,15,1,4,C,22,0,0,,,5727.52799023861,3678.4645825288817,2049.0634077097293,1400.0,276.0,75.0
A_normal_n15,20,D,15,15,15,7478.528,280,15,1,4,C,22,22,0,1501.638698578782,1493.5646793186534,5727.52799023861,3678.4645825288817,2049.0634077097293,1400.0,276.0,75.0
A_normal_n15,20,C3F,15,15,15,7478.528,280,15,1,4,C,22,0,0,,,5727.52799023861,3678.4645825288817,2049.0634077097293,1400.0,276.0,75.0
A_normal_n15,21,B,15,15,15,8780.683,310,15,1,8,B,0,0,0,,,6885.683065844412,4085.3133231017296,2800.369742742687,1550.0,270.0,75.0
A_normal_n15,21,C,15,15,15,7810.815,333,15,1,8,C,0,0,0,,,5746.815356622852,3683.3615529808803,2063.4538036419713,1665.0,324.0,75.0
A_normal_n15,21,BF,15,15,15,8690.683,295,15,1,8,B,15,0,0,,,6885.683065844412,4085.3133231017296,2800.369742742687,1475.0,255.0,75.0
A_normal_n15,21,CF,15,15,15,7408.815,266,15,1,8,C,67,0,0,,,5746.815356622852,3683.3615529808803,2063.4538036419713,1330.0,257.0,75.0
A_normal_n15,21,D,15,15,15,7408.815,266,15,1,8,C,67,67,0,1517.8301329538353,1484.0126519382316,5746.815356622852,3683.3615529808803,2063.4538036419713,1330.0,257.0,75.0
A_normal_n15,21,C3F,15,15,15,7408.815,266,15,1,8,C,67,0,0,,,5746.815356622852,3683.3615529808803,2063.4538036419713,1330.0,257.0,75.0
A_normal_n15,22,B,15,15,15,9307.584,328,15,1,7,B,0,0,0,,,7305.583804142632,4081.871979393182,3223.711824749457,1640.0,287.0,75.0
A_normal_n15,22,C,15,15,15,7047.179,315,15,1,7,C,0,0,0,,,5084.179190263303,3639.307501606235,1444.871688657067,1575.0,313.0,75.0
A_normal_n15,22,BF,15,15,15,9187.584,308,15,1,7,B,20,0,0,,,7305.583804142632,4081.871979393182,3223.711824749457,1540.0,267.0,75.0
A_normal_n15,22,CF,15,15,15,6789.179,272,15,1,7,C,43,0,0,,,5084.179190263303,3639.307501606235,1444.871688657067,1360.0,270.0,75.0
A_normal_n15,22,D,15,15,15,6789.179,272,15,1,7,C,43,43,0,1533.2144532299421,1486.5147773857911,5084.179190263303,3639.307501606235,1444.871688657067,1360.0,270.0,75.0
A_normal_n15,22,C3F,15,15,15,6789.179,272,15,1,7,C,43,0,0,,,5084.179190263303,3639.307501606235,1444.871688657067,1360.0,270.0,75.0
A_normal_n15,23,B,15,15,15,9186.744,336,15,1,6,B,0,0,0,,,7110.7442192451535,4081.871979393182,3028.8722398519726,1680.0,321.0,75.0
A_normal_n15,23,C,15,15,15,7740.519,335,15,1,6,C,0,0,0,,,5659.519307284087,3632.671027185944,2026.8482800981424,1675.0,331.0,75.0
A_normal_n15,23,BF,15,15,15,9012.744,307,15,1,6,B,29,0,0,,,7110.7442192451535,4081.871979393182,3028.8722398519726,1535.0,292.0,75.0
A_normal_n15,23,CF,15,15,15,7404.519,279,15,1,6,C,56,0,0,,,5659.519307284087,3632.671027185944,2026.8482800981424,1395.0,275.0,75.0
A_normal_n15,23,D,15,15,15,7404.519,279,15,1,6,C,56,56,0,1562.145871423846,1489.972864128038,5659.519307284087,3632.671027185944,2026.8482800981424,1395.0,275.0,75.0
A_normal_n15,23,C3F,15,15,15,7404.519,279,15,1,6,C,56,0,0,,,5659.519307284087,3632.671027185944,2026.8482800981424,1395.0,275.0,75.0
A_normal_n15,24,B,15,15,15,8466.884,367,15,1,2,B,0,0,0,,,6197.883946188842,4093.9365595433105,2103.9473866455314,1835.0,359.0,75.0
A_normal_n15,24,C,15,15,15,8716.418,456,15,1,2,C,0,0,0,,,5913.41838382849,3677.643280153019,2235.7751036754726,2280.0,448.0,75.0
A_normal_n15,24,BF,15,15,15,8358.884,349,15,1,2,B,18,0,0,,,6197.883946188842,4093.9365595433105,2103.9473866455314,1745.0,341.0,75.0
A_normal_n15,24,CF,15,15,15,8130.418,359,15,1,2,C,97,0,0,,,5913.41838382849,3677.643280153019,2235.7751036754726,1795.0,347.0,75.0
A_normal_n15,24,D,15,15,15,8130.418,359,15,1,2,C,97,97,0,1500.2674069525879,1448.5670418731668,5913.41838382849,3677.643280153019,2235.7751036754726,1795.0,347.0,75.0
A_normal_n15,24,C3F,15,15,15,8130.418,359,15,1,2,C,97,0,0,,,5913.41838382849,3677.643280153019,2235.7751036754726,1795.0,347.0,75.0
A_normal_n15,25,B,15,15,15,8573.87,347,15,1,6,B,0,0,0,,,6433.8703850699485,4094.2241230400555,2339.646262029894,1735.0,330.0,75.0
A_normal_n15,25,C,15,15,15,7574.411,334,15,1,6,C,0,0,0,,,5499.410648712364,3770.4811035655694,1728.9295451467945,1670.0,330.0,75.0
A_normal_n15,25,BF,15,15,15,8483.87,332,15,1,6,B,15,0,0,,,6433.8703850699485,4094.2241230400555,2339.646262029894,1660.0,315.0,75.0
A_normal_n15,25,CF,15,15,15,7262.411,282,15,1,6,C,52,0,0,,,5499.410648712364,3770.4811035655694,1728.9295451467945,1410.0,278.0,75.0
A_normal_n15,25,D,15,15,15,7262.411,282,15,1,6,C,52,52,0,1530.5755380606595,1437.6265192426106,5499.410648712364,3770.4811035655694,1728.9295451467945,1410.0,278.0,75.0
A_normal_n15,25,C3F,15,15,15,7262.411,282,15,1,6,C,52,0,0,,,5499.410648712364,3770.4811035655694,1728.9295451467945,1410.0,278.0,75.0
A_boundary_random_n15,1,B,15,15,15,9335.212,467,15,1,0,B,0,0,0,,,6471.212202861835,4124.648252151901,2346.5639507099363,2335.0,454.0,75.0
A_boundary_random_n15,1,C,15,15,15,8733.342,489,15,1,0,C,0,0,0,,,5735.341812990004,3656.5959979349336,2078.74581505507,2445.0,478.0,75.0
A_boundary_random_n15,1,BF,15,15,15,8942.212,402,15,1,0,B,65,0,0,,,6471.212202861835,4124.648252151901,2346.5639507099363,2010.0,386.0,75.0
A_boundary_random_n15,1,CF,15,15,15,8003.342,367,15,1,0,C,122,0,0,,,5735.341812990004,3656.5959979349336,2078.74581505507,1835.0,358.0,75.0
A_boundary_random_n15,1,D,15,15,15,8942.212,402,15,1,0,B,65,65,0,1519.2669180804996,1389.0242974763235,6471.212202861835,4124.648252151901,2346.5639507099363,2010.0,386.0,75.0
A_boundary_random_n15,1,C3F,15,15,15,9335.212,467,15,1,0,B,0,0,0,,,6471.212202861835,4124.648252151901,2346.5639507099363,2335.0,454.0,75.0
A_boundary_random_n15,2,B,15,15,15,9977.092,492,15,1,0,B,0,0,0,,,6967.091961029326,4110.063017630169,2857.0289433991543,2460.0,475.0,75.0
A_boundary_random_n15,2,C,15,15,15,9838.627,580,15,1,0,C,0,0,0,,,6286.626900540965,3702.947197056921,2583.6797034840456,2900.0,577.0,75.0
A_boundary_random_n15,2,BF,15,15,15,9717.092,449,15,1,0,B,43,0,0,,,6967.091961029326,4110.063017630169,2857.0289433991543,2245.0,430.0,75.0
A_boundary_random_n15,2,CF,15,15,15,8634.627,382,15,1,0,C,198,0,0,,,6286.626900540965,3702.947197056921,2583.6797034840456,1910.0,363.0,75.0
A_boundary_random_n15,2,D,15,15,15,9717.092,449,15,1,0,B,43,43,0,1570.645150888355,1497.3142172586618,6967.091961029326,4110.063017630169,2857.0289433991543,2245.0,430.0,75.0
A_boundary_random_n15,2,C3F,15,15,15,9977.092,492,15,1,0,B,0,0,0,,,6967.091961029326,4110.063017630169,2857.0289433991543,2460.0,475.0,75.0
A_boundary_random_n15,3,B,15,15,15,10806.634,516,15,1,0,B,0,0,0,,,7653.634111115644,4088.7973721193293,3564.836738996317,2580.0,498.0,75.0
A_boundary_random_n15,3,C,15,15,15,10463.856,647,15,1,0,C,0,0,0,,,6524.856339529275,3692.6229592450236,2832.2333802842545,3235.0,629.0,75.0
A_boundary_random_n15,3,BF,15,15,15,10105.634,403,15,1,0,B,113,0,0,,,7653.634111115644,4088.7973721193293,3564.836738996317,2015.0,362.0,75.0
A_boundary_random_n15,3,CF,15,15,15,9507.856,489,15,1,0,C,158,0,0,,,6524.856339529275,3692.6229592450236,2832.2333802842545,2445.0,463.0,75.0
A_boundary_random_n15,3,D,15,15,15,10105.634,403,15,1,0,B,113,113,0,1500.5093582650386,1487.0599359450416,7653.634111115644,4088.7973721193293,3564.836738996317,2015.0,362.0,75.0
A_boundary_random_n15,3,C3F,15,15,15,10806.634,516,15,1,0,B,0,0,0,,,7653.634111115644,4088.7973721193293,3564.836738996317,2580.0,498.0,75.0
A_boundary_random_n15,4,B,15,15,15,8535.352,415,15,1,0,B,0,0,0,,,5979.352251627063,4133.707903264015,1845.644348363047,2075.0,406.0,75.0
A_boundary_random_n15,4,C,15,15,15,9304.376,534,15,1,0,C,0,0,0,,,6045.375533352498,3659.8723272741545,2385.503206078346,2670.0,514.0,75.0
A_boundary_random_n15,4,BF,15,15,15,8252.352,367,15,1,0,B,48,0,0,,,5979.352251627063,4133.707903264015,1845.644348363047,1835.0,363.0,75.0
A_boundary_random_n15,4,CF,15,15,15,8442.376,390,15,1,0,C,144,0,0,,,6045.375533352498,3659.8723272741545,2385.503206078346,1950.0,372.0,75.0
A_boundary_random_n15,4,D,15,15,15,8252.352,367,15,1,0,B,48,48,0,1539.751725185009,1443.9868033441078,5979.352251627063,4133.707903264015,1845.644348363047,1835.0,363.0,75.0
A_boundary_random_n15,4,C3F,15,15,15,8535.352,415,15,1,0,B,0,0,0,,,5979.352251627063,4133.707903264015,1845.644348363047,2075.0,406.0,75.0
A_boundary_random_n15,5,B,15,15,15,11863.653,731,15,1,0,B,0,0,0,,,7416.653125075754,4148.924024646498,3267.7291004292556,3655.0,717.0,75.0
A_boundary_random_n15,5,C,15,15,15,11008.759,761,15,1,0,C,0,0,0,,,6371.759214970543,3705.118221262296,2666.6409937082476,3805.0,757.0,75.0
A_boundary_random_n15,5,BF,15,15,15,10931.653,576,15,1,0,B,155,0,0,,,7416.653125075754,4148.924024646498,3267.7291004292556,2880.0,560.0,75.0
A_boundary_random_n15,5,CF,15,15,15,9269.759,474,15,1,0,C,287,0,0,,,6371.759214970543,3705.118221262296,2666.6409937082476,2370.0,453.0,75.0
A_boundary_random_n15,5,D,15,15,15,10931.653,576,15,1,0,B,155,155,0,1566.520356485126,1497.5507181170606,7416.653125075754,4148.924024646498,3267.7291004292556,2880.0,560.0,75.0
A_boundary_random_n15,5,C3F,15,15,15,11863.653,731,15,1,0,B,0,0,0,,,7416.653125075754,4148.924024646498,3267.7291004292556,3655.0,717.0,75.0
A_boundary_random_n15,6,B,15,15,15,8972.652,448,15,1,0,B,0,0,0,,,6230.652388905265,4148.115459773315,2082.5369291319503,2240.0,427.0,75.0
A_boundary_random_n15,6,C,15,15,15,9847.447,631,15,1,0,C,0,0,0,,,5994.447471105581,3658.9921464810495,2335.4553246245337,3155.0,623.0,75.0
A_boundary_random_n15,6,BF,15,15,15,8821.652,422,15,1,0,B,26,0,0,,,6230.652388905265,4148.115459773315,2082.5369291319503,2110.0,406.0,75.0
A_boundary_random_n15,6,CF,15,15,15,8471.447,402,15,1,0,C,229,0,0,,,5994.447471105581,3658.9921464810495,2335.4553246245337,2010.0,392.0,75.0
A_boundary_random_n15,6,D,15,15,15,8821.652,422,15,1,0,B,26,26,0,1556.9599344675175,1282.5071109503058,6230.652388905265,4148.115459773315,2082.5369291319503,2110.0,406.0,75.0
A_boundary_random_n15,6,C3F,15,15,15,8972.652,448,15,1,0,B,0,0,0,,,6230.652388905265,4148.115459773315,2082.5369291319503,2240.0,427.0,75.0
A_boundary_random_n15,7,B,15,15,15,8500.928,389,15,1,0,B,0,0,0,,,6093.928174902644,4125.673992893765,1968.254182008881,1945.0,387.0,75.0
A_boundary_random_n15,7,C,15,15,15,8611.297,489,15,1,0,C,0,0,0,,,5614.297481349029,3717.2307755326365,1897.066705816395,2445.0,477.0,75.0
A_boundary_random_n15,7,BF,15,15,15,8500.928,389,15,1,0,B,0,0,0,,,6093.928174902644,4125.673992893765,1968.254182008881,1945.0,387.0,75.0
A_boundary_random_n15,7,CF,15,15,15,7739.297,343,15,1,0,C,146,0,0,,,5614.297481349029,3717.2307755326365,1897.066705816395,1715.0,335.0,75.0
A_boundary_random_n15,7,D,15,15,15,8500.928,389,15,1,0,B,0,0,0,,814.265024798072,6093.928174902644,4125.673992893765,1968.254182008881,1945.0,387.0,75.0
A_boundary_random_n15,7,C3F,15,15,15,8500.928,389,15,1,0,B,0,0,0,,,6093.928174902644,4125.673992893765,1968.254182008881,1945.0,387.0,75.0
A_boundary_random_n15,8,B,15,15,15,9313.567,439,15,1,0,B,0,0,0,,,6623.567420416449,4110.461488924709,2513.10593149174,2195.0,420.0,75.0
A_boundary_random_n15,8,C,15,15,15,9409.589,548,15,1,0,C,0,0,0,,,6062.589313709274,3635.325542125913,2427.2637715833644,2740.0,532.0,75.0
A_boundary_random_n15,8,BF,15,15,15,8967.567,382,15,1,0,B,57,0,0,,,6623.567420416449,4110.461488924709,2513.10593149174,1910.0,359.0,75.0
A_boundary_random_n15,8,CF,15,15,15,8360.589,374,15,1,0,C,174,0,0,,,6062.589313709274,3635.325542125913,2427.2637715833644,1870.0,353.0,75.0
A_boundary_random_n15,8,D,15,15,15,8967.567,382,15,1,0,B,57,57,0,1620.3962828064368,1468.9095217193005,6623.567420416449,4110.461488924709,2513.10593149174,1910.0,359.0,75.0
A_boundary_random_n15,8,C3F,15,15,15,9313.567,439,15,1,0,B,0,0,0,,,6623.567420416449,4110.461488924709,2513.10593149174,2195.0,420.0,75.0
A_boundary_random_n15,9,B,15,15,15,9074.866,428,15,1,0,B,0,0,0,,,6448.86588521896,4106.952911906929,2341.9129733120335,2140.0,411.0,75.0
A_boundary_random_n15,9,C,15,15,15,8597.676,523,15,1,0,C,0,0,0,,,5389.676019909394,3698.59396130736,1691.0820586020338,2615.0,518.0,75.0
A_boundary_random_n15,9,BF,15,15,15,9068.866,427,15,1,0,B,1,0,0,,,6448.86588521896,4106.952911906929,2341.9129733120335,2135.0,410.0,75.0
A_boundary_random_n15,9,CF,15,15,15,7626.676,361,15,1,0,C,162,0,0,,,5389.676019909394,3698.59396130736,1691.0820586020338,1805.0,357.0,75.0
A_boundary_random_n15,9,D,15,15,15,9068.866,427,15,1,0,B,1,1,0,1645.1031170622475,1259.3314941500128,6448.86588521896,4106.952911906929,2341.9129733120335,2135.0,410.0,75.0
A_boundary_random_n15,9,C3F,15,15,15,9074.866,428,15,1,0,B,0,0,0,,,6448.86588521896,4106.952911906929,2341.9129733120335,2140.0,411.0,75.0
A_boundary_random_n15,10,B,15,15,15,9640.215,447,15,1,0,B,0,0,0,,,6907.214664862711,4111.599657120014,2795.615007742699,2235.0,423.0,75.0
A_boundary_random_n15,10,C,15,15,15,10059.563,681,15,1,0,C,0,0,0,,,5902.562532399463,3636.7833040746355,2265.779228324827,3405.0,677.0,75.0
A_boundary_random_n15,10,BF,15,15,15,9269.215,387,15,1,0,B,60,0,0,,,6907.214664862711,4111.599657120014,2795.615007742699,1935.0,352.0,75.0
A_boundary_random_n15,10,CF,15,15,15,8485.563,422,15,1,0,C,259,0,0,,,5902.562532399463,3636.7833040746355,2265.779228324827,2110.0,398.0,75.0
A_boundary_random_n15,10,D,15,15,15,9269.215,387,15,1,0,B,60,60,0,1536.804980385391,1425.8361652215754,6907.214664862711,4111.599657120014,2795.615007742699,1935.0,352.0,75.0
A_boundary_random_n15,10,C3F,15,15,15,9640.215,447,15,1,0,B,0,0,0,,,6907.214664862711,4111.599657120014,2795.615007742699,2235.0,423.0,75.0
A_boundary_random_n15,11,B,15,15,15,9682.0,481,15,1,0,B,0,0,0,,,6729.999576145561,4145.406137918368,2584.5934382271926,2405.0,472.0,75.0
A_boundary_random_n15,11,C,15,15,15,9665.29,641,15,1,0,C,0,0,0,,,5747.290064474286,3717.00772319403,2030.282341280256,3205.0,638.0,75.0
A_boundary_random_n15,11,BF,15,15,15,9543.0,458,15,1,0,B,23,0,0,,,6729.999576145561,4145.406137918368,2584.5934382271926,2290.0,448.0,75.0
A_boundary_random_n15,11,CF,15,15,15,8359.29,426,15,1,0,C,215,0,0,,,5747.290064474286,3717.00772319403,2030.282341280256,2130.0,407.0,75.0
A_boundary_random_n15,11,D,15,15,15,9543.0,458,15,1,0,B,23,23,0,1500.6358118979483,1441.116852001616,6729.999576145561,4145.406137918368,2584.5934382271926,2290.0,448.0,75.0
A_boundary_random_n15,11,C3F,15,15,15,9682.0,481,15,1,0,B,0,0,0,,,6729.999576145561,4145.406137918368,2584.5934382271926,2405.0,472.0,75.0
A_boundary_random_n15,12,B,15,15,15,8992.39,390,15,1,0,B,0,0,0,,,6589.39042051742,4135.405828350545,2453.9845921668757,1950.0,378.0,75.0
A_boundary_random_n15,12,C,15,15,15,9821.046,634,15,1,0,C,0,0,0,,,5945.045670380953,3638.2614408005957,2306.784229580356,3170.0,631.0,75.0
A_boundary_random_n15,12,BF,15,15,15,8908.39,376,15,1,0,B,14,0,0,,,6589.39042051742,4135.405828350545,2453.9845921668757,1880.0,364.0,75.0
A_boundary_random_n15,12,CF,15,15,15,8481.046,412,15,1,0,C,222,0,0,,,5945.045670380953,3638.2614408005957,2306.784229580356,2060.0,401.0,75.0
A_boundary_random_n15,12,D,15,15,15,8908.39,376,15,1,0,B,14,14,0,1554.253243454364,1413.7420726007879,6589.39042051742,4135.405828350545,2453.9845921668757,1880.0,364.0,75.0
A_boundary_random_n15,12,C3F,15,15,15,8992.39,390,15,1,0,B,0,0,0,,,6589.39042051742,4135.405828350545,2453.9845921668757,1950.0,378.0,75.0
A_boundary_random_n15,13,B,15,15,15,9024.925,471,15,1,0,B,0,0,0,,,6132.924958034733,4086.2390795360134,2046.6858784987182,2355.0,462.0,75.0
A_boundary_random_n15,13,C,15,15,15,9194.309,534,15,1,0,C,0,0,0,,,5923.308821126119,3673.427724662246,2249.881096463874,2670.0,526.0,75.0
A_boundary_random_n15,13,BF,15,15,15,9024.925,471,15,1,0,B,0,0,0,,,6132.924958034733,4086.2390795360134,2046.6858784987182,2355.0,462.0,75.0
A_boundary_random_n15,13,CF,15,15,15,8505.309,419,15,1,0,C,115,0,0,,,5923.308821126119,3673.427724662246,2249.881096463874,2095.0,412.0,75.0
A_boundary_random_n15,13,D,15,15,15,9024.925,471,15,1,0,B,0,0,0,,1004.7502135714352,6132.924958034733,4086.2390795360134,2046.6858784987182,2355.0,462.0,75.0
A_boundary_random_n15,13,C3F,15,15,15,9024.925,471,15,1,0,B,0,0,0,,,6132.924958034733,4086.2390795360134,2046.6858784987182,2355.0,462.0,75.0
A_boundary_random_n15,14,B,15,15,15,9640.883,447,15,1,0,B,0,0,0,,,6894.882575405557,4132.810569473035,2762.0720059325226,2235.0,436.0,75.0
A_boundary_random_n15,14,C,15,15,15,9216.265,547,15,1,0,C,0,0,0,,,5864.264977655609,3666.8241794926826,2197.4407981629283,2735.0,542.0,75.0
A_boundary_random_n15,14,BF,15,15,15,9279.883,387,15,1,0,B,60,0,0,,,6894.882575405557,4132.810569473035,2762.0720059325226,1935.0,375.0,75.0
A_boundary_random_n15,14,CF,15,15,15,8449.265,420,15,1,0,C,127,0,0,,,5864.264977655609,3666.8241794926826,2197.4407981629283,2100.0,410.0,75.0
A_boundary_random_n15,14,D,15,15,15,9279.883,387,15,1,0,B,60,60,0,1501.6631391636113,1448.1280033960725,6894.882575405557,4132.810569473035,2762.0720059325226,1935.0,375.0,75.0
A_boundary_random_n15,14,C3F,15,15,15,9640.883,447,15,1,0,B,0,0,0,,,6894.882575405557,4132.810569473035,2762.0720059325226,2235.0,436.0,75.0
A_boundary_random_n15,15,B,15,15,15,8771.348,439,15,1,0,B,0,0,0,,,6065.34797669561,4111.8506667173315,1953.4973099782783,2195.0,436.0,75.0
A_boundary_random_n15,15,C,15,15,15,8987.59,516,15,1,0,C,0,0,0,,,5824.5896825740965,3700.981168184545,2123.608514389551,2580.0,508.0,75.0
A_boundary_random_n15,15,BF,15,15,15,8529.348,399,15,1,0,B,40,0,0,,,6065.34797669561,4111.8506667173315,1953.4973099782783,1995.0,394.0,75.0
A_boundary_random_n15,15,CF,15,15,15,8097.59,368,15,1,0,C,148,0,0,,,5824.5896825740965,3700.981168184545,2123.608514389551,1840.0,358.0,75.0
A_boundary_random_n15,15,D,15,15,15,8529.348,399,15,1,0,B,40,40,0,1524.9238118106784,1137.2621911100623,6065.34797669561,4111.8506667173315,1953.4973099782783,1995.0,394.0,75.0
A_boundary_random_n15,15,C3F,15,15,15,8771.348,439,15,1,0,B,0,0,0,,,6065.34797669561,4111.8506667173315,1953.4973099782783,2195.0,436.0,75.0
A_boundary_random_n15,16,B,15,15,15,10384.164,558,15,1,0,B,0,0,0,,,6979.163565181753,4125.948225590809,2853.215339590949,2790.0,540.0,75.0
A_boundary_random_n15,16,C,15,15,15,10644.741,678,15,1,0,C,0,0,0,,,6504.741409547084,3656.7116344418528,2848.0297751052317,3390.0,675.0,75.0
A_boundary_random_n15,16,BF,15,15,15,9925.164,484,15,1,0,B,74,0,0,,,6979.163565181753,4125.948225590809,2853.215339590949,2420.0,451.0,75.0
A_boundary_random_n15,16,CF,15,15,15,9350.741,466,15,1,0,C,212,0,0,,,6504.741409547084,3656.7116344418528,2848.0297751052317,2330.0,441.0,75.0
A_boundary_random_n15,16,D,15,15,15,9925.164,484,15,1,0,B,74,74,0,1530.010088900857,1483.9079339626558,6979.163565181753,4125.948225590809,2853.215339590949,2420.0,451.0,75.0
A_boundary_random_n15,16,C3F,15,15,15,10384.164,558,15,1,0,B,0,0,0,,,6979.163565181753,4125.948225590809,2853.215339590949,2790.0,540.0,75.0
A_boundary_random_n15,17,B,15,15,15,8427.197,398,15,1,0,B,0,0,0,,,5974.196854108232,4096.071300838037,1878.1255532701964,1990.0,388.0,75.0
A_boundary_random_n15,17,C,15,15,15,9403.488,590,15,1,0,C,0,0,0,,,5792.487817402837,3629.92179500711,2162.566022395727,2950.0,586.0,75.0
A_boundary_random_n15,17,BF,15,15,15,8288.197,374,15,1,0,B,24,0,0,,,5974.196854108232,4096.071300838037,1878.1255532701964,1870.0,369.0,75.0
A_boundary_random_n15,17,CF,15,15,15,8170.488,385,15,1,0,C,205,0,0,,,5792.487817402837,3629.92179500711,2162.566022395727,1925.0,378.0,75.0
A_boundary_random_n15,17,D,15,15,15,8288.197,374,15,1,0,B,24,24,0,1539.751725185008,1077.2094893837502,5974.196854108232,4096.071300838037,1878.1255532701964,1870.0,369.0,75.0
A_boundary_random_n15,17,C3F,15,15,15,8427.197,398,15,1,0,B,0,0,0,,,5974.196854108232,4096.071300838037,1878.1255532701964,1990.0,388.0,75.0
A_boundary_random_n15,18,B,15,15,15,9099.951,470,15,1,0,B,0,0,0,,,6214.951332839074,4122.911708728024,2092.0396241110493,2350.0,460.0,75.0
A_boundary_random_n15,18,C,15,15,15,9308.494,531,15,1,0,C,0,0,0,,,6052.494109391419,3707.574815442172,2344.9192939492477,2655.0,526.0,75.0
A_boundary_random_n15,18,BF,15,15,15,8746.951,411,15,1,0,B,59,0,0,,,6214.951332839074,4122.911708728024,2092.0396241110493,2055.0,402.0,75.0
A_boundary_random_n15,18,CF,15,15,15,8485.494,396,15,1,0,C,135,0,0,,,6052.494109391419,3707.574815442172,2344.9192939492477,1980.0,378.0,75.0
A_boundary_random_n15,18,D,15,15,15,8746.951,411,15,1,0,B,59,59,0,1567.1374472600369,1450.667060560956,6214.951332839074,4122.911708728024,2092.0396241110493,2055.0,402.0,75.0
A_boundary_random_n15,18,C3F,15,15,15,9099.951,470,15,1,0,B,0,0,0,,,6214.951332839074,4122.911708728024,2092.0396241110493,2350.0,460.0,75.0
A_boundary_random_n15,19,B,15,15,15,8701.1,377,15,1,0,B,0,0,0,,,6375.100397732501,4099.557373047653,2275.5430246848505,1885.0,366.0,75.0
A_boundary_random_n15,19,C,15,15,15,9244.906,523,15,1,0,C,0,0,0,,,6037.90583889558,3715.5290561758493,2322.376782719731,2615.0,517.0,75.0
A_boundary_random_n15,19,BF,15,15,15,8701.1,377,15,1,0,B,0,0,0,,,6375.100397732501,4099.557373047653,2275.5430246848505,1885.0,366.0,75.0
A_boundary_random_n15,19,CF,15,15,15,8390.906,381,15,1,0,C,142,0,0,,,6037.90583889558,3715.5290561758493,2322.376782719731,1905.0,373.0,75.0
A_boundary_random_n15,19,D,15,15,15,8701.1,377,15,1,0,B,0,0,0,,778.8032142870097,6375.100397732501,4099.557373047653,2275.5430246848505,1885.0,366.0,75.0
A_boundary_random_n15,19,C3F,15,15,15,8701.1,377,15,1,0,B,0,0,0,,,6375.100397732501,4099.557373047653,2275.5430246848505,1885.0,366.0,75.0
A_boundary_random_n15,20,B,15,15,15,8733.637,441,15,1,0,B,0,0,0,,,6021.636908343619,4117.7784455673545,1903.8584627762639,2205.0,432.0,75.0
A_boundary_random_n15,20,C,15,15,15,8810.472,536,15,1,0,C,0,0,0,,,5524.471892623792,3682.426699626842,1842.0451929969518,2680.0,531.0,75.0
A_boundary_random_n15,20,BF,15,15,15,8238.637,359,15,1,0,B,82,0,0,,,6021.636908343619,4117.7784455673545,1903.8584627762639,1795.0,347.0,75.0
A_boundary_random_n15,20,CF,15,15,15,7826.472,372,15,1,0,C,164,0,0,,,5524.471892623792,3682.426699626842,1842.0451929969518,1860.0,367.0,75.0
A_boundary_random_n15,20,D,15,15,15,8238.637,359,15,1,0,B,82,82,0,1539.7517251850074,1452.994297409895,6021.636908343619,4117.7784455673545,1903.8584627762639,1795.0,347.0,75.0
A_boundary_random_n15,20,C3F,15,15,15,8733.637,441,15,1,0,B,0,0,0,,,6021.636908343619,4117.7784455673545,1903.8584627762639,2205.0,432.0,75.0
A_boundary_random_n15,21,B,15,15,15,8834.094,424,15,1,0,B,0,0,0,,,6233.094098632043,4111.680620453794,2121.413478178252,2120.0,406.0,75.0
A_boundary_random_n15,21,C,15,15,15,8948.165,554,15,1,0,C,0,0,0,,,5556.165215424358,3707.0615398907503,1849.1036755336095,2770.0,547.0,75.0
A_boundary_random_n15,21,BF,15,15,15,8834.094,424,15,1,0,B,0,0,0,,,6233.094098632043,4111.680620453794,2121.413478178252,2120.0,406.0,75.0
A_boundary_random_n15,21,CF,15,15,15,8028.165,401,15,1,0,C,153,0,0,,,5556.165215424358,3707.0615398907503,1849.1036755336095,2005.0,392.0,75.0
A_boundary_random_n15,21,D,15,15,15,8834.094,424,15,1,0,B,0,0,0,,1139.550177853032,6233.094098632043,4111.680620453794,2121.413478178252,2120.0,406.0,75.0
A_boundary_random_n15,21,C3F,15,15,15,8834.094,424,15,1,0,B,0,0,0,,,6233.094098632043,4111.680620453794,2121.413478178252,2120.0,406.0,75.0
A_boundary_random_n15,22,B,15,15,15,8926.568,400,15,1,0,B,0,0,0,,,6458.567692702615,4085.376391073907,2373.1913016287085,2000.0,393.0,75.0
A_boundary_random_n15,22,C,15,15,15,9937.572,612,15,1,0,C,0,0,0,,,6195.571567776395,3683.169039627615,2512.40252814878,3060.0,607.0,75.0
A_boundary_random_n15,22,BF,15,15,15,8673.568,358,15,1,0,B,42,0,0,,,6458.567692702615,4085.376391073907,2373.1913016287085,1790.0,350.0,75.0
A_boundary_random_n15,22,CF,15,15,15,8736.572,414,15,1,0,C,198,0,0,,,6195.571567776395,3683.169039627615,2512.40252814878,2070.0,396.0,75.0
A_boundary_random_n15,22,D,15,15,15,8673.568,358,15,1,0,B,42,42,0,1510.3069571073022,1424.1369189884608,6458.567692702615,4085.376391073907,2373.1913016287085,1790.0,350.0,75.0
A_boundary_random_n15,22,C3F,15,15,15,8926.568,400,15,1,0,B,0,0,0,,,6458.567692702615,4085.376391073907,2373.1913016287085,2000.0,393.0,75.0
A_boundary_random_n15,23,B,15,15,15,9132.725,423,15,1,0,B,0,0,0,,,6536.724796667476,4134.10885368836,2402.615942979118,2115.0,406.0,75.0
A_boundary_random_n15,23,C,15,15,15,9440.311,580,15,1,0,C,0,0,0,,,5891.31082742152,3643.9391673012583,2247.3716601202605,2900.0,574.0,75.0
A_boundary_random_n15,23,BF,15,15,15,8940.725,391,15,1,0,B,32,0,0,,,6536.724796667476,4134.10885368836,2402.615942979118,1955.0,374.0,75.0
A_boundary_random_n15,23,CF,15,15,15,8122.311,361,15,1,0,C,219,0,0,,,5891.31082742152,3643.9391673012583,2247.3716601202605,1805.0,351.0,75.0
A_boundary_random_n15,23,D,15,15,15,8940.725,391,15,1,0,B,32,32,0,1573.7792339069242,1467.943552780538,6536.724796667476,4134.10885368836,2402.615942979118,1955.0,374.0,75.0
A_boundary_random_n15,23,C3F,15,15,15,9132.725,423,15,1,0,B,0,0,0,,,6536.724796667476,4134.10885368836,2402.615942979118,2115.0,406.0,75.0
A_boundary_random_n15,24,B,15,15,15,8689.762,394,15,1,0,B,0,0,0,,,6260.762128292695,4124.67451996215,2136.087608330547,1970.0,384.0,75.0
A_boundary_random_n15,24,C,15,15,15,8684.131,507,15,1,0,C,0,0,0,,,5571.131493247113,3647.6726843405067,1923.4588089066078,2535.0,503.0,75.0
A_boundary_random_n15,24,BF,15,15,15,8515.762,365,15,1,0,B,29,0,0,,,6260.762128292695,4124.67451996215,2136.087608330547,1825.0,355.0,75.0
A_boundary_random_n15,24,CF,15,15,15,7656.131,337,15,1,0,C,170,0,0,,,5571.131493247113,3647.6726843405067,1923.4588089066078,1685.0,325.0,75.0
A_boundary_random_n15,24,D,15,15,15,8515.762,365,15,1,0,B,29,29,0,1555.8530739314033,1477.5981559828165,6260.762128292695,4124.67451996215,2136.087608330547,1825.0,355.0,75.0
A_boundary_random_n15,24,C3F,15,15,15,8689.762,394,15,1,0,B,0,0,0,,,6260.762128292695,4124.67451996215,2136.087608330547,1970.0,384.0,75.0
A_boundary_random_n15,25,B,15,15,15,10786.812,555,15,1,0,B,0,0,0,,,7400.811703648086,4096.694403106127,3304.117300541959,2775.0,536.0,75.0
A_boundary_random_n15,25,C,15,15,15,8172.599,508,15,1,0,C,0,0,0,,,5051.599052839294,3660.182624344022,1391.4164284952733,2540.0,506.0,75.0
A_boundary_random_n15,25,BF,15,15,15,10508.812,509,15,1,0,B,46,0,0,,,7400.811703648086,4096.694403106127,3304.117300541959,2545.0,488.0,75.0
A_boundary_random_n15,25,CF,15,15,15,7503.599,397,15,1,0,C,111,0,0,,,5051.599052839294,3660.182624344022,1391.4164284952733,1985.0,392.0,75.0
A_boundary_random_n15,25,D,15,15,15,10508.812,509,15,1,0,B,46,46,0,1507.0872806399414,1466.6926087613783,7400.811703648086,4096.694403106127,3304.117300541959,2545.0,488.0,75.0
A_boundary_random_n15,25,C3F,15,15,15,10786.812,555,15,1,0,B,0,0,0,,,7400.811703648086,4096.694403106127,3304.117300541959,2775.0,536.0,75.0
A_boundary_outward_n15,1,B,15,15,15,8626.791,395,15,1,0,B,0,0,0,,,6191.791278461369,4126.481412894344,2065.3098655670246,1975.0,385.0,75.0
A_boundary_outward_n15,1,C,15,15,15,13721.573,1005,15,1,0,C,0,0,0,,,7627.573070169314,3638.725573331308,3988.847496838011,5025.0,994.0,75.0
A_boundary_outward_n15,1,BF,15,15,15,8415.791,359,15,1,0,B,36,0,0,,,6191.791278461369,4126.481412894344,2065.3098655670246,1795.0,354.0,75.0
A_boundary_outward_n15,1,CF,15,15,15,11448.573,628,15,1,0,C,377,0,0,,,7627.573070169314,3638.725573331308,3988.847496838011,3140.0,606.0,75.0
A_boundary_outward_n15,1,D,15,15,15,8415.791,359,15,1,0,B,36,36,0,1621.0234606764689,1497.9851569164466,6191.791278461369,4126.481412894344,2065.3098655670246,1795.0,354.0,75.0
A_boundary_outward_n15,1,C3F,15,15,15,8626.791,395,15,1,0,B,0,0,0,,,6191.791278461369,4126.481412894344,2065.3098655670246,1975.0,385.0,75.0
A_boundary_outward_n15,2,B,15,15,15,9336.008,445,15,1,0,B,0,0,0,,,6606.00842267439,4098.460388426792,2507.5480342475985,2225.0,430.0,75.0
A_boundary_outward_n15,2,C,15,15,15,10658.278,728,15,1,0,C,0,0,0,,,6220.278063180095,3656.5704148762734,2563.707648303823,3640.0,723.0,75.0
A_boundary_outward_n15,2,BF,15,15,15,9072.008,401,15,1,0,B,44,0,0,,,6606.00842267439,4098.460388426792,2507.5480342475985,2005.0,386.0,75.0
A_boundary_outward_n15,2,CF,15,15,15,9357.278,512,15,1,0,C,216,0,0,,,6220.278063180095,3656.5704148762734,2563.707648303823,2560.0,502.0,75.0
A_boundary_outward_n15,2,D,15,15,15,9072.008,401,15,1,0,B,44,44,0,1549.300705119342,1402.3193069508313,6606.00842267439,4098.460388426792,2507.5480342475985,2005.0,386.0,75.0
A_boundary_outward_n15,2,C3F,15,15,15,9336.008,445,15,1,0,B,0,0,0,,,6606.00842267439,4098.460388426792,2507.5480342475985,2225.0,430.0,75.0
A_boundary_outward_n15,3,B,15,15,15,9530.476,452,15,1,0,B,0,0,0,,,6758.475652889384,4132.217048152164,2626.258604737219,2260.0,437.0,75.0
A_boundary_outward_n15,3,C,15,15,15,13581.432,960,15,1,0,C,0,0,0,,,7754.431530873048,3706.052762024019,4048.3787688490374,4800.0,952.0,75.0
A_boundary_outward_n15,3,BF,15,15,15,9246.476,406,15,1,0,B,46,0,0,,,6758.475652889384,4132.217048152164,2626.258604737219,2030.0,383.0,75.0
A_boundary_outward_n15,3,CF,15,15,15,11483.432,611,15,1,0,C,349,0,0,,,7754.431530873048,3706.052762024019,4048.3787688490374,3055.0,599.0,75.0
A_boundary_outward_n15,3,D,15,15,15,9246.476,406,15,1,0,B,46,46,0,1554.5306454932374,1448.4164080042278,6758.475652889384,4132.217048152164,2626.258604737219,2030.0,383.0,75.0
A_boundary_outward_n15,3,C3F,15,15,15,9530.476,452,15,1,0,B,0,0,0,,,6758.475652889384,4132.217048152164,2626.258604737219,2260.0,437.0,75.0
A_boundary_outward_n15,4,B,15,15,15,8325.196,333,15,1,0,B,0,0,0,,,6262.1956118443095,4167.934705108042,2094.260906736267,1665.0,323.0,75.0
A_boundary_outward_n15,4,C,15,15,15,12669.443,923,15,1,0,C,0,0,0,,,7070.442555118407,3699.6612337598494,3370.7813213585596,4615.0,909.0,75.0
A_boundary_outward_n15,4,BF,15,15,15,8325.196,333,15,1,0,B,0,0,0,,,6262.1956118443095,4167.934705108042,2094.260906736267,1665.0,323.0,75.0
A_boundary_outward_n15,4,CF,15,15,15,10728.443,602,15,1,0,C,321,0,0,,,7070.442555118407,3699.6612337598494,3370.7813213585596,3010.0,573.0,75.0
A_boundary_outward_n15,4,D,15,15,15,8325.196,333,15,1,0,B,0,0,0,,772.4897129264134,6262.1956118443095,4167.934705108042,2094.260906736267,1665.0,323.0,75.0
A_boundary_outward_n15,4,C3F,15,15,15,8325.196,333,15,1,0,B,0,0,0,,,6262.1956118443095,4167.934705108042,2094.260906736267,1665.0,323.0,75.0
A_boundary_outward_n15,5,B,15,15,15,9534.952,483,15,1,0,B,0,0,0,,,6576.951570204231,4099.839263243733,2477.1123069604973,2415.0,468.0,75.0
A_boundary_outward_n15,5,C,15,15,15,13603.739,990,15,1,0,C,0,0,0,,,7597.739486194657,3630.247615533576,3967.491870661084,4950.0,981.0,75.0
A_boundary_outward_n15,5,BF,15,15,15,9436.952,467,15,1,0,B,16,0,0,,,6576.951570204231,4099.839263243733,2477.1123069604973,2335.0,450.0,75.0
A_boundary_outward_n15,5,CF,15,15,15,11724.739,677,15,1,0,C,313,0,0,,,7597.739486194657,3630.247615533576,3967.491870661084,3385.0,667.0,75.0
A_boundary_outward_n15,5,D,15,15,15,9436.952,467,15,1,0,B,16,16,0,1583.7606594433512,1434.6946427652108,6576.951570204231,4099.839263243733,2477.1123069604973,2335.0,450.0,75.0
A_boundary_outward_n15,5,C3F,15,15,15,9534.952,483,15,1,0,B,0,0,0,,,6576.951570204231,4099.839263243733,2477.1123069604973,2415.0,468.0,75.0
A_boundary_outward_n15,6,B,15,15,15,8796.501,390,15,1,0,B,0,0,0,,,6407.5010697028,4098.966850732925,2308.534218969879,1950.0,364.0,75.0
A_boundary_outward_n15,6,C,15,15,15,13766.36,1035,15,1,0,C,0,0,0,,,7486.360248162986,3659.7403874223082,3826.6198607406786,5175.0,1030.0,75.0
A_boundary_outward_n15,6,BF,15,15,15,8706.501,375,15,1,0,B,15,0,0,,,6407.5010697028,4098.966850732925,2308.534218969879,1875.0,349.0,75.0
A_boundary_outward_n15,6,CF,15,15,15,11379.36,639,15,1,0,C,396,0,0,,,7486.360248162986,3659.7403874223082,3826.6198607406786,3195.0,623.0,75.0
A_boundary_outward_n15,6,D,15,15,15,8706.501,375,15,1,0,B,15,15,0,1676.733177378978,1398.6543746060377,6407.5010697028,4098.966850732925,2308.534218969879,1875.0,349.0,75.0
A_boundary_outward_n15,6,C3F,15,15,15,8796.501,390,15,1,0,B,0,0,0,,,6407.5010697028,4098.966850732925,2308.534218969879,1950.0,364.0,75.0
A_boundary_outward_n15,7,B,15,15,15,9501.058,471,15,1,0,B,0,0,0,,,6618.057945070765,4134.42953015672,2483.6284149140433,2355.0,453.0,75.0
A_boundary_outward_n15,7,C,15,15,15,12571.288,880,15,1,0,C,0,0,0,,,7218.288068601862,3670.931993868718,3547.3560747331417,4400.0,878.0,75.0
A_boundary_outward_n15,7,BF,15,15,15,9353.058,446,15,1,0,B,25,0,0,,,6618.057945070765,4134.42953015672,2483.6284149140433,2230.0,430.0,75.0
A_boundary_outward_n15,7,CF,15,15,15,11088.288,633,15,1,0,C,247,0,0,,,7218.288068601862,3670.931993868718,3547.3560747331417,3165.0,630.0,75.0
A_boundary_outward_n15,7,D,15,15,15,9353.058,446,15,1,0,B,25,25,0,1506.3879568642212,1445.5353804683193,6618.057945070765,4134.42953015672,2483.6284149140433,2230.0,430.0,75.0
A_boundary_outward_n15,7,C3F,15,15,15,9501.058,471,15,1,0,B,0,0,0,,,6618.057945070765,4134.42953015672,2483.6284149140433,2355.0,453.0,75.0
A_boundary_outward_n15,8,B,15,15,15,8422.952,364,15,1,0,B,0,0,0,,,6169.952419219811,4112.041340155493,2057.9110790643176,1820.0,358.0,75.0
A_boundary_outward_n15,8,C,15,15,15,12764.346,884,15,1,0,C,0,0,0,,,7391.345871033339,3636.464336337341,3754.8815346959996,4420.0,878.0,75.0
A_boundary_outward_n15,8,BF,15,15,15,8422.952,364,15,1,0,B,0,0,0,,,6169.952419219811,4112.041340155493,2057.9110790643176,1820.0,358.0,75.0
A_boundary_outward_n15,8,CF,15,15,15,10738.346,550,15,1,0,C,334,0,0,,,7391.345871033339,3636.464336337341,3754.8815346959996,2750.0,522.0,75.0
A_boundary_outward_n15,8,D,15,15,15,8422.952,364,15,1,0,B,0,0,0,,1125.4661906920717,6169.952419219811,4112.041340155493,2057.9110790643176,1820.0,358.0,75.0
A_boundary_outward_n15,8,C3F,15,15,15,8422.952,364,15,1,0,B,0,0,0,,,6169.952419219811,4112.041340155493,2057.9110790643176,1820.0,358.0,75.0
A_boundary_outward_n15,9,B,15,15,15,11839.082,679,15,1,0,B,0,0,0,,,7702.082202930946,4115.245082835599,3586.837120095351,3395.0,667.0,75.0
A_boundary_outward_n15,9,C,15,15,15,16469.64,1241,15,1,0,C,0,0,0,,,8982.639793664239,3633.3151060614014,5349.324687602842,6205.0,1207.0,75.0
A_boundary_outward_n15,9,BF,15,15,15,10707.082,493,15,1,0,B,186,0,0,,,7702.082202930946,4115.245082835599,3586.837120095351,2465.0,465.0,75.0
A_boundary_outward_n15,9,CF,15,15,15,13230.64,702,15,1,0,C,539,0,0,,,8982.639793664239,3633.3151060614014,5349.324687602842,3510.0,663.0,75.0
A_boundary_outward_n15,9,D,15,15,15,10707.082,493,15,1,0,B,186,186,0,1504.7597069055794,1499.2163641165573,7702.082202930946,4115.245082835599,3586.837120095351,2465.0,465.0,75.0
A_boundary_outward_n15,9,C3F,15,15,15,11839.082,679,15,1,0,B,0,0,0,,,7702.082202930946,4115.245082835599,3586.837120095351,3395.0,667.0,75.0
A_boundary_outward_n15,10,B,15,15,15,8321.119,367,15,1,0,B,0,0,0,,,6049.118805878981,4172.919903227619,1876.1989026513638,1835.0,362.0,75.0
A_boundary_outward_n15,10,C,15,15,15,12446.191,882,15,1,0,C,0,0,0,,,7086.190871620463,3675.5119444323295,3410.6789271881353,4410.0,875.0,75.0
A_boundary_outward_n15,10,BF,15,15,15,8231.119,352,15,1,0,B,15,0,0,,,6049.118805878981,4172.919903227619,1876.1989026513638,1760.0,347.0,75.0
A_boundary_outward_n15,10,CF,15,15,15,10350.191,537,15,1,0,C,345,0,0,,,7086.190871620463,3675.5119444323295,3410.6789271881353,2685.0,504.0,75.0
A_boundary_outward_n15,10,D,15,15,15,8231.119,352,15,1,0,B,15,15,0,1629.9299719526648,1365.6050301160158,6049.118805878981,4172.919903227619,1876.1989026513638,1760.0,347.0,75.0
A_boundary_outward_n15,10,C3F,15,15,15,8321.119,367,15,1,0,B,0,0,0,,,6049.118805878981,4172.919903227619,1876.1989026513638,1835.0,362.0,75.0
A_boundary_outward_n15,11,B,15,15,15,9690.275,460,15,1,0,B,0,0,0,,,6877.274730853895,4164.858480549239,2712.4162503046578,2300.0,438.0,75.0
A_boundary_outward_n15,11,C,15,15,15,14975.788,1150,15,1,0,C,0,0,0,,,8012.7875136055945,3678.870351660998,4333.9171619446,5750.0,1138.0,75.0
A_boundary_outward_n15,11,BF,15,15,15,9339.275,403,15,1,0,B,57,0,0,,,6877.274730853895,4164.858480549239,2712.4162503046578,2015.0,372.0,75.0
A_boundary_outward_n15,11,CF,15,15,15,12015.788,659,15,1,0,C,491,0,0,,,8012.7875136055945,3678.870351660998,4333.9171619446,3295.0,633.0,75.0
A_boundary_outward_n15,11,D,15,15,15,9339.275,403,15,1,0,B,57,57,0,1565.7650861506484,1463.5534701540314,6877.274730853895,4164.858480549239,2712.4162503046578,2015.0,372.0,75.0
A_boundary_outward_n15,11,C3F,15,15,15,9690.275,460,15,1,0,B,0,0,0,,,6877.274730853895,4164.858480549239,2712.4162503046578,2300.0,438.0,75.0
A_boundary_outward_n15,12,B,15,15,15,8457.656,376,15,1,0,B,0,0,0,,,6136.656415795997,4135.54875211212,2001.107663683877,1880.0,366.0,75.0
A_boundary_outward_n15,12,C,15,15,15,14839.899,1040,15,1,0,C,0,0,0,,,8548.899387289279,3663.94931306635,4884.950074222928,5200.0,1016.0,75.0
A_boundary_outward_n15,12,BF,15,15,15,8271.656,345,15,1,0,B,31,0,0,,,6136.656415795997,4135.54875211212,2001.107663683877,1725.0,335.0,75.0
A_boundary_outward_n15,12,CF,15,15,15,12754.899,693,15,1,0,C,347,0,0,,,8548.899387289279,3663.94931306635,4884.950074222928,3465.0,666.0,75.0
A_boundary_outward_n15,12,D,15,15,15,8271.656,345,15,1,0,B,31,31,0,1651.9116610261726,1483.2674713077568,6136.656415795997,4135.54875211212,2001.107663683877,1725.0,335.0,75.0
A_boundary_outward_n15,12,C3F,15,15,15,8457.656,376,15,1,0,B,0,0,0,,,6136.656415795997,4135.54875211212,2001.107663683877,1880.0,366.0,75.0
A_boundary_outward_n15,13,B,15,15,15,9003.444,434,15,1,0,B,0,0,0,,,6329.444493303858,4101.678804588216,2227.765688715644,2170.0,429.0,75.0
A_boundary_outward_n15,13,C,15,15,15,14774.854,1111,15,1,0,C,0,0,0,,,8038.854214043553,3630.3545163291506,4408.499697714406,5555.0,1106.0,75.0
A_boundary_outward_n15,13,BF,15,15,15,8683.444,381,15,1,0,B,53,0,0,,,6329.444493303858,4101.678804588216,2227.765688715644,1905.0,374.0,75.0
A_boundary_outward_n15,13,CF,15,15,15,12587.854,748,15,1,0,C,363,0,0,,,8038.854214043553,3630.3545163291506,4408.499697714406,3740.0,734.0,75.0
A_boundary_outward_n15,13,D,15,15,15,8683.444,381,15,1,0,B,53,53,0,1501.7494524650424,1497.3387457550787,6329.444493303858,4101.678804588216,2227.765688715644,1905.0,374.0,75.0
A_boundary_outward_n15,13,C3F,15,15,15,9003.444,434,15,1,0,B,0,0,0,,,6329.444493303858,4101.678804588216,2227.765688715644,2170.0,429.0,75.0
A_boundary_outward_n15,14,B,15,15,15,9603.916,437,15,1,0,B,0,0,0,,,6935.915771010217,4126.190473144295,2809.725297865924,2185.0,408.0,75.0
A_boundary_outward_n15,14,C,15,15,15,11778.588,843,15,1,0,C,0,0,0,,,6655.588496888003,3643.066370902207,3012.5221259857976,4215.0,833.0,75.0
A_boundary_outward_n15,14,BF,15,15,15,9375.916,399,15,1,0,B,38,0,0,,,6935.915771010217,4126.190473144295,2809.725297865924,1995.0,370.0,75.0
A_boundary_outward_n15,14,CF,15,15,15,9910.588,532,15,1,0,C,311,0,0,,,6655.588496888003,3643.066370902207,3012.5221259857976,2660.0,520.0,75.0
A_boundary_outward_n15,14,D,15,15,15,9375.916,399,15,1,0,B,38,38,0,1501.084650920174,1496.5610917697427,6935.915771010217,4126.190473144295,2809.725297865924,1995.0,370.0,75.0
A_boundary_outward_n15,14,C3F,15,15,15,9603.916,437,15,1,0,B,0,0,0,,,6935.915771010217,4126.190473144295,2809.725297865924,2185.0,408.0,75.0
A_boundary_outward_n15,15,B,15,15,15,8784.939,396,15,1,0,B,0,0,0,,,6336.938958278771,4097.049311048341,2239.8896472304314,1980.0,393.0,75.0
A_boundary_outward_n15,15,C,15,15,15,13412.867,989,15,1,0,C,0,0,0,,,7408.8671223160745,3637.9511635794242,3770.9159587366526,4945.0,984.0,75.0
A_boundary_outward_n15,15,BF,15,15,15,8784.939,396,15,1,0,B,0,0,0,,,6336.938958278771,4097.049311048341,2239.8896472304314,1980.0,393.0,75.0
A_boundary_outward_n15,15,CF,15,15,15,10938.867,579,15,1,0,C,410,0,0,,,7408.8671223160745,3637.9511635794242,3770.9159587366526,2895.0,560.0,75.0
A_boundary_outward_n15,15,D,15,15,15,8784.939,396,15,1,0,B,0,0,0,,983.289202143897,6336.938958278771,4097.049311048341,2239.8896472304314,1980.0,393.0,75.0
A_boundary_outward_n15,15,C3F,15,15,15,8784.939,396,15,1,0,B,0,0,0,,,6336.938958278771,4097.049311048341,2239.8896472304314,1980.0,393.0,75.0
A_boundary_outward_n15,16,B,15,15,15,8685.055,410,15,1,0,B,0,0,0,,,6167.055410144065,4139.024521862534,2028.0308882815305,2050.0,393.0,75.0
A_boundary_outward_n15,16,C,15,15,15,13201.954,895,15,1,0,C,0,0,0,,,7772.954086205331,3641.564931811903,4131.389154393429,4475.0,879.0,75.0
A_boundary_outward_n15,16,BF,15,15,15,8511.055,381,15,1,0,B,29,0,0,,,6167.055410144065,4139.024521862534,2028.0308882815305,1905.0,364.0,75.0
A_boundary_outward_n15,16,CF,15,15,15,11321.954,584,15,1,0,C,311,0,0,,,7772.954086205331,3641.564931811903,4131.389154393429,2920.0,554.0,75.0
A_boundary_outward_n15,16,D,15,15,15,8511.055,381,15,1,0,B,29,29,0,1574.4083500248062,1460.6817959825507,6167.055410144065,4139.024521862534,2028.0308882815305,1905.0,364.0,75.0
A_boundary_outward_n15,16,C3F,15,15,15,8685.055,410,15,1,0,B,0,0,0,,,6167.055410144065,4139.024521862534,2028.0308882815305,2050.0,393.0,75.0
A_boundary_outward_n15,17,B,15,15,15,10512.221,496,15,1,0,B,0,0,0,,,7483.221412720891,4224.786148846359,3258.435263874534,2480.0,474.0,75.0
A_boundary_outward_n15,17,C,15,15,15,13238.166,1045,15,1,0,C,0,0,0,,,6896.165951647821,3660.239705010097,3235.92624663773,5225.0,1042.0,75.0
A_boundary_outward_n15,17,BF,15,15,15,10241.221,452,15,1,0,B,44,0,0,,,7483.221412720891,4224.786148846359,3258.435263874534,2260.0,423.0,75.0
A_boundary_outward_n15,17,CF,15,15,15,10712.166,627,15,1,0,C,418,0,0,,,6896.165951647821,3660.239705010097,3235.92624663773,3135.0,606.0,75.0
A_boundary_outward_n15,17,D,15,15,15,10241.221,452,15,1,0,B,44,44,0,1511.1679475545538,1470.1306833400477,7483.221412720891,4224.786148846359,3258.435263874534,2260.0,423.0,75.0
A_boundary_outward_n15,17,C3F,15,15,15,10512.221,496,15,1,0,B,0,0,0,,,7483.221412720891,4224.786148846359,3258.435263874534,2480.0,474.0,75.0
A_boundary_outward_n15,18,B,15,15,15,8284.631,353,15,1,0,B,0,0,0,,,6099.630705475199,4139.7101920616515,1959.920513413546,1765.0,345.0,75.0
A_boundary_outward_n15,18,C,15,15,15,11117.75,783,15,1,0,C,0,0,0,,,6346.749528604457,3675.474819608234,2671.2747089962227,3915.0,781.0,75.0
A_boundary_outward_n15,18,BF,15,15,15,8284.631,353,15,1,0,B,0,0,0,,,6099.630705475199,4139.7101920616515,1959.920513413546,1765.0,345.0,75.0
A_boundary_outward_n15,18,CF,15,15,15,9716.75,550,15,1,0,C,233,0,0,,,6346.749528604457,3675.474819608234,2671.2747089962227,2750.0,545.0,75.0
A_boundary_outward_n15,18,D,15,15,15,8284.631,353,15,1,0,B,0,0,0,,1088.306286787684,6099.630705475199,4139.7101920616515,1959.920513413546,1765.0,345.0,75.0
A_boundary_outward_n15,18,C3F,15,15,15,8284.631,353,15,1,0,B,0,0,0,,,6099.630705475199,4139.7101920616515,1959.920513413546,1765.0,345.0,75.0
A_boundary_outward_n15,19,B,15,15,15,8886.458,379,15,1,0,B,0,0,0,,,6553.457638558971,4122.0084292957,2431.4492092632704,1895.0,363.0,75.0
A_boundary_outward_n15,19,C,15,15,15,13856.228,1018,15,1,0,C,0,0,0,,,7688.227642185393,3637.5528595920982,4050.6747825932985,5090.0,1003.0,75.0
A_boundary_outward_n15,19,BF,15,15,15,8886.458,379,15,1,0,B,0,0,0,,,6553.457638558971,4122.0084292957,2431.4492092632704,1895.0,363.0,75.0
A_boundary_outward_n15,19,CF,15,15,15,11403.228,611,15,1,0,C,407,0,0,,,7688.227642185393,3637.5528595920982,4050.6747825932985,3055.0,585.0,75.0
A_boundary_outward_n15,19,D,15,15,15,8886.458,379,15,1,0,B,0,0,0,,1172.5846148903595,6553.457638558971,4122.0084292957,2431.4492092632704,1895.0,363.0,75.0
A_boundary_outward_n15,19,C3F,15,15,15,8886.458,379,15,1,0,B,0,0,0,,,6553.457638558971,4122.0084292957,2431.4492092632704,1895.0,363.0,75.0
A_boundary_outward_n15,20,B,15,15,15,9107.83,444,15,1,0,B,0,0,0,,,6378.829675284137,4167.749816029532,2211.079859254605,2220.0,434.0,75.0
A_boundary_outward_n15,20,C,15,15,15,11396.714,763,15,1,0,C,0,0,0,,,6752.713928184942,3671.5892828011647,3081.124645383778,3815.0,754.0,75.0
A_boundary_outward_n15,20,BF,15,15,15,8920.83,413,15,1,0,B,31,0,0,,,6378.829675284137,4167.749816029532,2211.079859254605,2065.0,402.0,75.0
A_boundary_outward_n15,20,CF,15,15,15,10321.714,585,15,1,0,C,178,0,0,,,6752.713928184942,3671.5892828011647,3081.124645383778,2925.0,569.0,75.0
A_boundary_outward_n15,20,D,15,15,15,8920.83,413,15,1,0,B,31,31,0,1636.2772256018382,1483.6067426401837,6378.829675284137,4167.749816029532,2211.079859254605,2065.0,402.0,75.0
A_boundary_outward_n15,20,C3F,15,15,15,9107.83,444,15,1,0,B,0,0,0,,,6378.829675284137,4167.749816029532,2211.079859254605,2220.0,434.0,75.0
A_boundary_outward_n15,21,B,15,15,15,9057.726,413,15,1,0,B,0,0,0,,,6512.726007471274,4107.180991791642,2405.5450156796355,2065.0,405.0,75.0
A_boundary_outward_n15,21,C,15,15,15,13064.96,875,15,1,0,C,0,0,0,,,7748.960481091461,3630.888603426124,4118.071877665339,4375.0,866.0,75.0
A_boundary_outward_n15,21,BF,15,15,15,8901.726,387,15,1,0,B,26,0,0,,,6512.726007471274,4107.180991791642,2405.5450156796355,1935.0,379.0,75.0
A_boundary_outward_n15,21,CF,15,15,15,11271.96,577,15,1,0,C,298,0,0,,,7748.960481091461,3630.888603426124,4118.071877665339,2885.0,563.0,75.0
A_boundary_outward_n15,21,D,15,15,15,8901.726,387,15,1,0,B,26,26,0,1580.8981748990432,1441.898430520384,6512.726007471274,4107.180991791642,2405.5450156796355,1935.0,379.0,75.0
A_boundary_outward_n15,21,C3F,15,15,15,9057.726,413,15,1,0,B,0,0,0,,,6512.726007471274,4107.180991791642,2405.5450156796355,2065.0,405.0,75.0
A_boundary_outward_n15,22,B,15,15,15,9083.394,403,15,1,0,B,0,0,0,,,6615.393946581444,4111.782722232061,2503.611224349382,2015.0,378.0,75.0
A_boundary_outward_n15,22,C,15,15,15,11139.054,783,15,1,0,C,0,0,0,,,6374.054308862602,3670.308391171568,2703.7459176910374,3915.0,775.0,75.0
A_boundary_outward_n15,22,BF,15,15,15,8859.394,365,15,1,0,B,38,0,0,,,6615.393946581444,4111.782722232061,2503.611224349382,1825.0,344.0,75.0
A_boundary_outward_n15,22,CF,15,15,15,9731.054,549,15,1,0,C,234,0,0,,,6374.054308862602,3670.308391171568,2703.7459176910374,2745.0,537.0,75.0
A_boundary_outward_n15,22,D,15,15,15,8859.394,365,15,1,0,B,38,38,0,1527.7118726536119,1407.4219117159894,6615.393946581444,4111.782722232061,2503.611224349382,1825.0,344.0,75.0
A_boundary_outward_n15,22,C3F,15,15,15,9083.394,403,15,1,0,B,0,0,0,,,6615.393946581444,4111.782722232061,2503.611224349382,2015.0,378.0,75.0
A_boundary_outward_n15,23,B,15,15,15,9049.188,414,15,1,0,B,0,0,0,,,6503.188010334161,4118.8278296167755,2384.3601807173854,2070.0,401.0,75.0
A_boundary_outward_n15,23,C,15,15,15,11396.722,763,15,1,0,C,0,0,0,,,6758.721655014986,3650.616105829434,3108.1055491855514,3815.0,748.0,75.0
A_boundary_outward_n15,23,BF,15,15,15,8959.188,399,15,1,0,B,15,0,0,,,6503.188010334161,4118.8278296167755,2384.3601807173854,1995.0,386.0,75.0
A_boundary_outward_n15,23,CF,15,15,15,9921.722,518,15,1,0,C,245,0,0,,,6758.721655014986,3650.616105829434,3108.1055491855514,2590.0,498.0,75.0
A_boundary_outward_n15,23,D,15,15,15,8959.188,399,15,1,0,B,15,15,0,1711.6639591481223,1476.5433871544385,6503.188010334161,4118.8278296167755,2384.3601807173854,1995.0,386.0,75.0
A_boundary_outward_n15,23,C3F,15,15,15,9049.188,414,15,1,0,B,0,0,0,,,6503.188010334161,4118.8278296167755,2384.3601807173854,2070.0,401.0,75.0
A_boundary_outward_n15,24,B,15,15,15,9062.102,421,15,1,0,B,0,0,0,,,6482.102354443277,4104.692350284735,2377.410004158544,2105.0,400.0,75.0
A_boundary_outward_n15,24,C,15,15,15,10424.485,711,15,1,0,C,0,0,0,,,6095.484686195745,3671.6251046605807,2423.859581535161,3555.0,699.0,75.0
A_boundary_outward_n15,24,BF,15,15,15,8908.102,395,15,1,0,B,26,0,0,,,6482.102354443277,4104.692350284735,2377.410004158544,1975.0,376.0,75.0
A_boundary_outward_n15,24,CF,15,15,15,9243.485,515,15,1,0,C,196,0,0,,,6095.484686195745,3671.6251046605807,2423.859581535161,2575.0,498.0,75.0
A_boundary_outward_n15,24,D,15,15,15,8908.102,395,15,1,0,B,26,26,0,1683.9794415992533,1491.08756497789,6482.102354443277,4104.692350284735,2377.410004158544,1975.0,376.0,75.0
A_boundary_outward_n15,24,C3F,15,15,15,9062.102,421,15,1,0,B,0,0,0,,,6482.102354443277,4104.692350284735,2377.410004158544,2105.0,400.0,75.0
A_boundary_outward_n15,25,B,15,15,15,10564.009,561,15,1,0,B,0,0,0,,,7138.008504489453,4091.054891386661,3046.9536131027926,2805.0,546.0,75.0
A_boundary_outward_n15,25,C,15,15,15,14583.954,1000,15,1,0,C,0,0,0,,,8541.954360027636,3638.9880748036758,4902.966285223962,5000.0,967.0,75.0
A_boundary_outward_n15,25,BF,15,15,15,9929.009,459,15,1,0,B,102,0,0,,,7138.008504489453,4091.054891386661,3046.9536131027926,2295.0,421.0,75.0
A_boundary_outward_n15,25,CF,15,15,15,12509.954,655,15,1,0,C,345,0,0,,,8541.954360027636,3638.9880748036758,4902.966285223962,3275.0,618.0,75.0
A_boundary_outward_n15,25,D,15,15,15,9929.009,459,15,1,0,B,102,102,0,1521.5531012356396,1489.5897128652775,7138.008504489453,4091.054891386661,3046.9536131027926,2295.0,421.0,75.0
A_boundary_outward_n15,25,C3F,15,15,15,10564.009,561,15,1,0,B,0,0,0,,,7138.008504489453,4091.054891386661,3046.9536131027926,2805.0,546.0,75.0
A_normal_n16,1,B,16,16,16,8430.748,299,16,1,4,B,0,0,0,,,6571.7476989567085,3417.7870128143663,3153.9606861423445,1495.0,284.0,80.0
A_normal_n16,1,C,16,16,16,7088.255,320,16,1,4,C,0,0,0,,,5096.25500826914,3422.394709653194,1673.8602986159447,1600.0,312.0,80.0
A_normal_n16,1,BF,16,16,16,8322.748,281,16,1,4,B,18,0,0,,,6571.7476989567085,3417.7870128143663,3153.9606861423445,1405.0,266.0,80.0
A_normal_n16,1,CF,16,16,16,6719.255,258,16,1,4,C,62,0,0,,,5096.25500826914,3422.394709653194,1673.8602986159447,1290.0,253.0,80.0
A_normal_n16,1,D,16,16,16,6719.255,258,16,1,4,C,62,62,0,1500.5032609298646,1486.5147773857898,5096.25500826914,3422.394709653194,1673.8602986159447,1290.0,253.0,80.0
A_normal_n16,1,C3F,16,16,16,6719.255,258,16,1,4,C,62,0,0,,,5096.25500826914,3422.394709653194,1673.8602986159447,1290.0,253.0,80.0
A_normal_n16,2,B,16,16,16,6871.012,250,16,1,7,B,0,0,0,,,5304.0120771279,3011.572520085349,2292.4395570425504,1250.0,237.0,80.0
A_normal_n16,2,C,16,16,16,7036.893,305,16,1,7,C,0,0,0,,,5137.893088323125,3117.6169530853485,2020.2761352377786,1525.0,294.0,80.0
A_normal_n16,2,BF,16,16,16,6817.012,241,16,1,7,B,9,0,0,,,5304.0120771279,3011.572520085349,2292.4395570425504,1205.0,228.0,80.0
A_normal_n16,2,CF,16,16,16,6724.893,253,16,1,7,C,52,0,0,,,5137.893088323125,3117.6169530853485,2020.2761352377786,1265.0,242.0,80.0
A_normal_n16,2,D,16,16,16,6724.893,253,16,1,7,C,52,52,0,1506.348900206019,1458.0488082058673,5137.893088323125,3117.6169530853485,2020.2761352377786,1265.0,242.0,80.0
A_normal_n16,2,C3F,16,16,16,6724.893,253,16,1,7,C,52,0,0,,,5137.893088323125,3117.6169530853485,2020.2761352377786,1265.0,242.0,80.0
A_normal_n16,3,B,16,16,16,8877.121,364,16,1,4,B,0,0,0,,,6659.121199372116,3289.595979333309,3369.525220038811,1820.0,318.0,80.0
A_normal_n16,3,C,16,16,16,7913.898,358,16,1,4,C,0,0,0,,,5700.897710999176,3567.065304523475,2133.832406475701,1790.0,343.0,80.0
A_normal_n16,3,BF,16,16,16,8769.121,346,16,1,4,B,18,0,0,,,6659.121199372116,3289.595979333309,3369.525220038811,1730.0,300.0,80.0
A_normal_n16,3,CF,16,16,16,7481.898,286,16,1,4,C,72,0,0,,,5700.897710999176,3567.065304523475,2133.832406475701,1430.0,271.0,80.0
A_normal_n16,3,D,16,16,16,7481.898,286,16,1,4,C,72,72,0,1552.4397400509636,1446.9263237800747,5700.897710999176,3567.065304523475,2133.832406475701,1430.0,271.0,80.0
A_normal_n16,3,C3F,16,16,16,7481.898,286,16,1,4,C,72,0,0,,,5700.897710999176,3567.065304523475,2133.832406475701,1430.0,271.0,80.0
A_normal_n16,4,B,16,16,16,8209.594,282,16,1,6,B,0,0,0,,,6458.594292105668,3001.538123959432,3457.0561681462345,1410.0,261.0,80.0
A_normal_n16,4,C,16,16,16,7202.748,327,16,1,6,C,0,0,0,,,5169.748316754296,2734.737595447419,2435.0107213068777,1635.0,318.0,80.0
A_normal_n16,4,BF,16,16,16,8089.594,262,16,1,6,B,20,0,0,,,6458.594292105668,3001.538123959432,3457.0561681462345,1310.0,241.0,80.0
A_normal_n16,4,CF,16,16,16,6782.748,257,16,1,6,C,70,0,0,,,5169.748316754296,2734.737595447419,2435.0107213068777,1285.0,248.0,80.0
A_normal_n16,4,D,16,16,16,6782.748,257,16,1,6,C,70,70,0,1506.34890020602,1461.446593775084,5169.748316754296,2734.737595447419,2435.0107213068777,1285.0,248.0,80.0
A_normal_n16,4,C3F,16,16,16,6782.748,257,16,1,6,C,70,0,0,,,5169.748316754296,2734.737595447419,2435.0107213068777,1285.0,248.0,80.0
A_normal_n16,5,B,16,16,16,7656.676,308,16,1,4,B,0,0,0,,,5735.675971866763,3745.9448210415985,1989.731150825161,1540.0,301.0,80.0
A_normal_n16,5,C,16,16,16,7202.68,368,16,1,4,C,0,0,0,,,4921.679608034462,2944.3697885280676,1977.3098195063944,1840.0,361.0,80.0
A_normal_n16,5,BF,16,16,16,7656.676,308,16,1,4,B,0,0,0,,,5735.675971866763,3745.9448210415985,1989.731150825161,1540.0,301.0,80.0
A_normal_n16,5,CF,16,16,16,6731.68,290,16,1,4,C,78,0,0,,,4921.679608034462,2944.3697885280676,1977.3098195063944,1450.0,280.0,80.0
A_normal_n16,5,D,16,16,16,6731.68,290,16,1,4,C,78,78,0,1588.2695062106054,1486.4117082156208,4921.679608034462,2944.3697885280676,1977.3098195063944,1450.0,280.0,80.0
A_normal_n16,5,C3F,16,16,16,6731.68,290,16,1,4,C,78,0,0,,,4921.679608034462,2944.3697885280676,1977.3098195063944,1450.0,280.0,80.0
A_normal_n16,6,B,16,16,16,9770.421,334,16,1,3,B,0,0,0,,,7728.4214362008115,3332.8784373049784,4395.542998895844,1670.0,292.0,80.0
A_normal_n16,6,C,16,16,16,8163.086,384,16,1,3,C,0,0,0,,,5797.085561002859,3279.5510582819156,2517.5345027209437,1920.0,366.0,80.0
A_normal_n16,6,BF,16,16,16,9716.421,325,16,1,3,B,9,0,0,,,7728.4214362008115,3332.8784373049784,4395.542998895844,1625.0,283.0,80.0
A_normal_n16,6,CF,16,16,16,7641.086,296,16,1,3,C,88,0,0,,,5797.085561002859,3279.5510582819156,2517.5345027209437,1480.0,284.0,80.0
A_normal_n16,6,D,16,16,16,7641.086,296,16,1,3,C,88,88,0,1611.2067025357999,1483.7553061157728,5797.085561002859,3279.5510582819156,2517.5345027209437,1480.0,284.0,80.0
A_normal_n16,6,C3F,16,16,16,7641.086,296,16,1,3,C,88,0,0,,,5797.085561002859,3279.5510582819156,2517.5345027209437,1480.0,284.0,80.0
A_normal_n16,7,B,16,16,16,7944.729,340,16,1,6,B,0,0,0,,,5832.728967566641,3786.3634854736283,2046.3654820930126,1700.0,332.0,80.0
A_normal_n16,7,C,16,16,16,5190.027,239,16,1,6,C,0,0,0,,,3700.0271240897523,1545.5250533720414,2154.5020707177105,1195.0,215.0,80.0
A_normal_n16,7,BF,16,16,16,7788.729,314,16,1,6,B,26,0,0,,,5832.728967566641,3786.3634854736283,2046.3654820930126,1570.0,306.0,80.0
A_normal_n16,7,CF,16,16,16,4913.027,192,16,1,6,C,47,0,0,,,3700.0271240897523,1545.5250533720414,2154.5020707177105,960.0,173.0,80.0
A_normal_n16,7,D,16,16,16,4913.027,192,16,1,6,C,47,47,0,1533.0534238042221,1479.670657201804,3700.0271240897523,1545.5250533720414,2154.5020707177105,960.0,173.0,80.0
A_normal_n16,7,C3F,16,16,16,4913.027,192,16,1,6,C,47,0,0,,,3700.0271240897523,1545.5250533720414,2154.5020707177105,960.0,173.0,80.0
A_normal_n16,8,B,16,16,16,8360.132,292,16,1,4,B,0,0,0,,,6556.131730305605,3168.140311493682,3387.9914188119246,1460.0,264.0,80.0
A_normal_n16,8,C,16,16,16,8047.996,347,16,1,4,C,0,0,0,,,5903.996039593801,3281.480477631599,2622.515561962203,1735.0,329.0,80.0
A_normal_n16,8,BF,16,16,16,8344.132,289,16,1,4,B,3,0,0,,,6556.131730305605,3168.140311493682,3387.9914188119246,1445.0,263.0,80.0
A_normal_n16,8,CF,16,16,16,7603.996,273,16,1,4,C,74,0,0,,,5903.996039593801,3281.480477631599,2622.515561962203,1365.0,255.0,80.0
A_normal_n16,8,D,16,16,16,7603.996,273,16,1,4,C,74,74,0,1503.6000978399647,1470.5819521622986,5903.996039593801,3281.480477631599,2622.515561962203,1365.0,255.0,80.0
A_normal_n16,8,C3F,16,16,16,7603.996,273,16,1,4,C,74,0,0,,,5903.996039593801,3281.480477631599,2622.515561962203,1365.0,255.0,80.0
A_normal_n16,9,B,16,16,16,6700.132,242,16,1,6,B,0,0,0,,,5178.132451785889,1053.2451189237015,4124.887332862189,1210.0,232.0,80.0
A_normal_n16,9,C,16,16,16,6739.735,383,16,1,6,C,0,0,0,,,4382.735164303207,1764.4948078417826,2618.2403564614256,1915.0,362.0,80.0
A_normal_n16,9,BF,16,16,16,6344.132,185,16,1,6,B,57,0,0,,,5178.132451785889,1053.2451189237015,4124.887332862189,925.0,161.0,80.0
A_normal_n16,9,CF,16,16,16,5934.735,249,16,1,6,C,134,0,0,,,4382.735164303207,1764.4948078417826,2618.2403564614256,1245.0,227.0,80.0
A_normal_n16,9,D,16,16,16,5934.735,249,16,1,6,C,134,134,0,1504.4064519300325,1499.9713634765415,4382.735164303207,1764.4948078417826,2618.2403564614256,1245.0,227.0,80.0
A_normal_n16,9,C3F,16,16,16,5934.735,249,16,1,6,C,134,0,0,,,4382.735164303207,1764.4948078417826,2618.2403564614256,1245.0,227.0,80.0
A_normal_n16,10,B,16,16,16,7854.823,304,16,1,6,B,0,0,0,,,5965.822631775835,3021.404867184064,2944.417764591769,1520.0,289.0,80.0
A_normal_n16,10,C,16,16,16,8195.504,398,16,1,6,C,0,0,0,,,5744.504288700123,3452.3230182697325,2292.18127043039,1990.0,381.0,80.0
A_normal_n16,10,BF,16,16,16,7687.823,276,16,1,6,B,28,0,0,,,5965.822631775835,3021.404867184064,2944.417764591769,1380.0,262.0,80.0
A_normal_n16,10,CF,16,16,16,7633.504,304,16,1,6,C,94,0,0,,,5744.504288700123,3452.3230182697325,2292.18127043039,1520.0,289.0,80.0
A_normal_n16,10,D,16,16,16,7633.504,304,16,1,6,C,94,94,0,1509.358165399377,1499.9057104180627,5744.504288700123,3452.3230182697325,2292.18127043039,1520.0,289.0,80.0
A_normal_n16,10,C3F,16,16,16,7633.504,304,16,1,6,C,94,0,0,,,5744.504288700123,3452.3230182697325,2292.18127043039,1520.0,289.0,80.0
A_normal_n16,11,B,16,16,16,7357.33,265,16,1,6,B,0,0,0,,,5703.330289927227,3417.7870128143663,2285.5432771128626,1325.0,249.0,80.0
A_normal_n16,11,C,16,16,16,4517.019,204,16,1,6,C,0,0,0,,,3221.018990453734,1205.4285289631125,2015.590461490621,1020.0,196.0,80.0
A_normal_n16,11,BF,16,16,16,7273.33,251,16,1,6,B,14,0,0,,,5703.330289927227,3417.7870128143663,2285.5432771128626,1255.0,235.0,80.0
A_normal_n16,11,CF,16,16,16,4220.019,155,16,1,6,C,49,0,0,,,3221.018990453734,1205.4285289631125,2015.590461490621,775.0,144.0,80.0
A_normal_n16,11,D,16,16,16,4220.019,155,16,1,6,C,49,49,0,1525.6109515030619,1495.7161209135645,3221.018990453734,1205.4285289631125,2015.590461490621,775.0,144.0,80.0
A_normal_n16,11,C3F,16,16,16,4220.019,155,16,1,6,C,49,0,0,,,3221.018990453734,1205.4285289631125,2015.590461490621,775.0,144.0,80.0
A_normal_n16,12,B,16,16,16,8171.342,300,16,1,2,B,0,0,0,,,6295.342113568016,3920.6724549097153,2374.6696586583025,1500.0,296.0,80.0
A_normal_n16,12,C,16,16,16,7505.707,417,16,1,2,C,0,0,0,,,4937.706601369435,2606.4926307306223,2331.2139706388143,2085.0,403.0,80.0
A_normal_n16,12,BF,16,16,16,8153.342,297,16,1,2,B,3,0,0,,,6295.342113568016,3920.6724549097153,2374.6696586583025,1485.0,293.0,80.0
A_normal_n16,12,CF,16,16,16,6673.707,280,16,1,2,C,137,0,0,,,4937.706601369435,2606.4926307306223,2331.2139706388143,1400.0,256.0,80.0
A_normal_n16,12,D,16,16,16,6673.707,280,16,1,2,C,137,137,0,1517.1991210434594,1490.2902544389349,4937.706601369435,2606.4926307306223,2331.2139706388143,1400.0,256.0,80.0
A_normal_n16,12,C3F,16,16,16,6673.707,280,16,1,2,C,137,0,0,,,4937.706601369435,2606.4926307306223,2331.2139706388143,1400.0,256.0,80.0
A_normal_n16,13,B,16,16,16,6907.882,277,16,1,5,B,0,0,0,,,5183.881945185301,2498.9430346117656,2684.9389105735345,1385.0,259.0,80.0
A_normal_n16,13,C,16,16,16,7201.933,367,16,1,5,C,0,0,0,,,4923.933211307325,2767.940200721093,2155.993010586232,1835.0,363.0,80.0
A_normal_n16,13,BF,16,16,16,6776.882,255,16,1,5,B,22,0,0,,,5183.881945185301,2498.9430346117656,2684.9389105735345,1275.0,238.0,80.0
A_normal_n16,13,CF,16,16,16,6630.933,272,16,1,5,C,95,0,0,,,4923.933211307325,2767.940200721093,2155.993010586232,1360.0,267.0,80.0
A_normal_n16,13,D,16,16,16,6630.933,272,16,1,5,C,95,95,0,1506.3489002060116,1483.240907314251,4923.933211307325,2767.940200721093,2155.993010586232,1360.0,267.0,80.0
A_normal_n16,13,C3F,16,16,16,6630.933,272,16,1,5,C,95,0,0,,,4923.933211307325,2767.940200721093,2155.993010586232,1360.0,267.0,80.0
A_normal_n16,14,B,16,16,16,7940.855,303,16,1,5,B,0,0,0,,,6066.855122563876,3417.7870128143663,2649.0681097495135,1515.0,279.0,80.0
A_normal_n16,14,C,16,16,16,5998.126,294,16,1,5,C,0,0,0,,,4157.126091441684,2141.7361015971637,2015.3899898445197,1470.0,291.0,80.0
A_normal_n16,14,BF,16,16,16,7838.855,286,16,1,5,B,17,0,0,,,6066.855122563876,3417.7870128143663,2649.0681097495135,1430.0,262.0,80.0
A_normal_n16,14,CF,16,16,16,5381.126,191,16,1,5,C,103,0,0,,,4157.126091441684,2141.7361015971637,2015.3899898445197,955.0,189.0,80.0
A_normal_n16,14,D,16,16,16,5381.126,191,16,1,5,C,103,103,0,1521.4426408942559,1486.5147773857925,4157.126091441684,2141.7361015971637,2015.3899898445197,955.0,189.0,80.0
A_normal_n16,14,C3F,16,16,16,5381.126,191,16,1,5,C,103,0,0,,,4157.126091441684,2141.7361015971637,2015.3899898445197,955.0,189.0,80.0
A_normal_n16,15,B,16,16,16,7424.495,226,16,1,7,B,0,0,0,,,6013.494930273944,3168.15019425742,2845.3447360165255,1130.0,201.0,80.0
A_normal_n16,15,C,16,16,16,7253.035,356,16,1,7,C,0,0,0,,,5050.035478391112,2652.2543014004605,2397.7811769906516,1780.0,343.0,80.0
A_normal_n16,15,BF,16,16,16,7376.495,218,16,1,7,B,8,0,0,,,6013.494930273944,3168.15019425742,2845.3447360165255,1090.0,193.0,80.0
A_normal_n16,15,CF,16,16,16,6752.035,274,16,1,7,C,82,0,0,,,5050.035478391112,2652.2543014004605,2397.7811769906516,1370.0,252.0,80.0
A_normal_n16,15,D,16,16,16,6752.035,274,16,1,7,C,82,82,0,1501.7765381099002,1486.5147773857886,5050.035478391112,2652.2543014004605,2397.7811769906516,1370.0,252.0,80.0
A_normal_n16,15,C3F,16,16,16,6752.035,274,16,1,7,C,82,0,0,,,5050.035478391112,2652.2543014004605,2397.7811769906516,1370.0,252.0,80.0
A_normal_n16,16,B,16,16,16,8551.954,313,16,1,7,B,0,0,0,,,6619.9543102888,3289.595979333309,3330.3583309554965,1565.0,287.0,80.0
A_normal_n16,16,C,16,16,16,7740.321,308,16,1,7,C,0,0,0,,,5819.321352992768,3279.64109011146,2539.6802628813075,1540.0,301.0,80.0
A_normal_n16,16,BF,16,16,16,8283.954,268,16,1,7,B,45,0,0,,,6619.9543102888,3289.595979333309,3330.3583309554965,1340.0,244.0,80.0
A_normal_n16,16,CF,16,16,16,7470.321,263,16,1,7,C,45,0,0,,,5819.321352992768,3279.64109011146,2539.6802628813075,1315.0,256.0,80.0
A_normal_n16,16,D,16,16,16,7470.321,263,16,1,7,C,45,45,0,1510.7823563453655,1418.9770475575522,5819.321352992768,3279.64109011146,2539.6802628813075,1315.0,256.0,80.0
A_normal_n16,16,C3F,16,16,16,7470.321,263,16,1,7,C,45,0,0,,,5819.321352992768,3279.64109011146,2539.6802628813075,1315.0,256.0,80.0
A_normal_n16,17,B,16,16,16,8284.315,342,16,1,5,B,0,0,0,,,6181.315029796877,3417.7870128143663,2763.52801698251,1710.0,313.0,80.0
A_normal_n16,17,C,16,16,16,6331.211,284,16,1,5,C,0,0,0,,,4566.211178412818,1015.6247958385322,3550.5863825742863,1420.0,265.0,80.0
A_normal_n16,17,BF,16,16,16,8072.315,306,16,1,5,B,36,0,0,,,6181.315029796877,3417.7870128143663,2763.52801698251,1530.0,281.0,80.0
A_normal_n16,17,CF,16,16,16,5871.211,208,16,1,5,C,76,0,0,,,4566.211178412818,1015.6247958385322,3550.5863825742863,1040.0,185.0,80.0
A_normal_n16,17,D,16,16,16,5871.211,208,16,1,5,C,76,76,0,1537.8947428882964,1494.3799611766162,4566.211178412818,1015.6247958385322,3550.5863825742863,1040.0,185.0,80.0
A_normal_n16,17,C3F,16,16,16,5871.211,208,16,1,5,C,76,0,0,,,4566.211178412818,1015.6247958385322,3550.5863825742863,1040.0,185.0,80.0
A_normal_n16,18,B,16,16,16,7250.897,221,16,1,9,B,0,0,0,,,5872.897085655071,2826.8104900913154,3046.086595563759,1105.0,193.0,80.0
A_normal_n16,18,C,16,16,16,7028.803,298,16,1,9,C,0,0,0,,,5167.802945648637,2775.1367049242826,2392.6662407243525,1490.0,291.0,80.0
A_normal_n16,18,BF,16,16,16,7184.897,210,16,1,9,B,11,0,0,,,5872.897085655071,2826.8104900913154,3046.086595563759,1050.0,182.0,80.0
A_normal_n16,18,CF,16,16,16,6651.803,236,16,1,9,C,62,0,0,,,5167.802945648637,2775.1367049242826,2392.6662407243525,1180.0,224.0,80.0
A_normal_n16,18,D,16,16,16,6651.803,236,16,1,9,C,62,62,0,1517.4054891866576,1488.761821524752,5167.802945648637,2775.1367049242826,2392.6662407243525,1180.0,224.0,80.0
A_normal_n16,18,C3F,16,16,16,6651.803,236,16,1,9,C,62,0,0,,,5167.802945648637,2775.1367049242826,2392.6662407243525,1180.0,224.0,80.0
A_normal_n16,19,B,16,16,16,8877.712,343,16,1,7,B,0,0,0,,,6767.712229293753,3571.2171871734818,3196.495042120273,1715.0,315.0,80.0
A_normal_n16,19,C,16,16,16,7710.719,360,16,1,7,C,0,0,0,,,5493.71907578844,3184.5815332541083,2309.137542534336,1800.0,337.0,80.0
A_normal_n16,19,BF,16,16,16,8787.712,328,16,1,7,B,15,0,0,,,6767.712229293753,3571.2171871734818,3196.495042120273,1640.0,300.0,80.0
A_normal_n16,19,CF,16,16,16,7328.719,297,16,1,7,C,63,0,0,,,5493.71907578844,3184.5815332541083,2309.137542534336,1485.0,270.0,80.0
A_normal_n16,19,D,16,16,16,7328.719,297,16,1,7,C,63,63,0,1510.0957032058002,1497.7867251005368,5493.71907578844,3184.5815332541083,2309.137542534336,1485.0,270.0,80.0
A_normal_n16,19,C3F,16,16,16,7328.719,297,16,1,7,C,63,0,0,,,5493.71907578844,3184.5815332541083,2309.137542534336,1485.0,270.0,80.0
A_normal_n16,20,B,16,16,16,8175.754,316,16,1,6,B,0,0,0,,,6212.7540516083955,3783.5897190036158,2429.16433260478,1580.0,303.0,80.0
A_normal_n16,20,C,16,16,16,7004.092,289,16,1,6,C,0,0,0,,,5195.091851042031,3279.5510582819156,1915.5407927601154,1445.0,284.0,80.0
A_normal_n16,20,BF,16,16,16,8139.754,310,16,1,6,B,6,0,0,,,6212.7540516083955,3783.5897190036158,2429.16433260478,1550.0,297.0,80.0
A_normal_n16,20,CF,16,16,16,6824.092,259,16,1,6,C,30,0,0,,,5195.091851042031,3279.5510582819156,1915.5407927601154,1295.0,254.0,80.0
A_normal_n16,20,D,16,16,16,6824.092,259,16,1,6,C,30,30,0,1531.02412270015,1456.4485119122355,5195.091851042031,3279.5510582819156,1915.5407927601154,1295.0,254.0,80.0
A_normal_n16,20,C3F,16,16,16,6824.092,259,16,1,6,C,30,0,0,,,5195.091851042031,3279.5510582819156,1915.5407927601154,1295.0,254.0,80.0
A_normal_n16,21,B,16,16,16,8753.393,354,16,1,5,B,0,0,0,,,6562.393243986394,3745.9448744690576,2816.448369517338,1770.0,341.0,80.0
A_normal_n16,21,C,16,16,16,7230.685,407,16,1,5,C,0,0,0,,,4725.684526386319,1927.0778105054496,2798.60671588087,2035.0,390.0,80.0
A_normal_n16,21,BF,16,16,16,8507.393,313,16,1,5,B,41,0,0,,,6562.393243986394,3745.9448744690576,2816.448369517338,1565.0,300.0,80.0
A_normal_n16,21,CF,16,16,16,6270.685,249,16,1,5,C,158,0,0,,,4725.684526386319,1927.0778105054496,2798.60671588087,1245.0,220.0,80.0
A_normal_n16,21,D,16,16,16,6270.685,249,16,1,5,C,158,158,0,1506.3489002060176,1489.90938648129,4725.684526386319,1927.0778105054496,2798.60671588087,1245.0,220.0,80.0
A_normal_n16,21,C3F,16,16,16,6270.685,249,16,1,5,C,158,0,0,,,4725.684526386319,1927.0778105054496,2798.60671588087,1245.0,220.0,80.0
A_normal_n16,22,B,16,16,16,8853.765,312,16,1,5,B,0,0,0,,,6944.764641882123,3325.3724105219726,3619.392231360159,1560.0,269.0,80.0
A_normal_n16,22,C,16,16,16,6618.599,286,16,1,5,C,0,0,0,,,4823.599335169243,2944.4182653117955,1879.1810698574482,1430.0,285.0,80.0
A_normal_n16,22,BF,16,16,16,8755.765,295,16,1,5,B,17,0,0,,,6944.764641882123,3325.3724105219726,3619.392231360159,1475.0,256.0,80.0
A_normal_n16,22,CF,16,16,16,6270.599,228,16,1,5,C,58,0,0,,,4823.599335169243,2944.4182653117955,1879.1810698574482,1140.0,227.0,80.0
A_normal_n16,22,D,16,16,16,6270.599,228,16,1,5,C,58,58,0,1505.5625197733816,1499.3882142242405,4823.599335169243,2944.4182653117955,1879.1810698574482,1140.0,227.0,80.0
A_normal_n16,22,C3F,16,16,16,6270.599,228,16,1,5,C,58,0,0,,,4823.599335169243,2944.4182653117955,1879.1810698574482,1140.0,227.0,80.0
A_normal_n16,23,B,16,16,16,8703.53,340,16,1,6,B,0,0,0,,,6624.5304022494365,3168.140311493682,3456.3900907557595,1700.0,299.0,80.0
A_normal_n16,23,C,16,16,16,5966.103,381,16,1,6,C,0,0,0,,,3606.103289674985,1472.2476310614045,2133.85565861358,1905.0,375.0,80.0
A_normal_n16,23,BF,16,16,16,8523.53,310,16,1,6,B,30,0,0,,,6624.5304022494365,3168.140311493682,3456.3900907557595,1550.0,269.0,80.0
A_normal_n16,23,CF,16,16,16,4991.103,219,16,1,6,C,162,0,0,,,3606.103289674985,1472.2476310614045,2133.85565861358,1095.0,210.0,80.0
A_normal_n16,23,D,16,16,16,4991.103,219,16,1,6,C,162,162,0,1506.348900206016,1473.409449916921,3606.103289674985,1472.2476310614045,2133.85565861358,1095.0,210.0,80.0
A_normal_n16,23,C3F,16,16,16,4991.103,219,16,1,6,C,162,0,0,,,3606.103289674985,1472.2476310614045,2133.85565861358,1095.0,210.0,80.0
A_normal_n16,24,B,16,16,16,8261.537,316,16,1,4,B,0,0,0,,,6308.5371493650555,3198.533355996102,3110.0037933689537,1580.0,293.0,80.0
A_normal_n16,24,C,16,16,16,7551.414,386,16,1,4,C,0,0,0,,,5163.413999797752,3022.9964187332835,2140.4175810644665,1930.0,378.0,80.0
A_normal_n16,24,BF,16,16,16,8261.537,316,16,1,4,B,0,0,0,,,6308.5371493650555,3198.533355996102,3110.0037933689537,1580.0,293.0,80.0
A_normal_n16,24,CF,16,16,16,6825.414,265,16,1,4,C,121,0,0,,,5163.413999797752,3022.9964187332835,2140.4175810644665,1325.0,257.0,80.0
A_normal_n16,24,D,16,16,16,6825.414,265,16,1,4,C,121,121,0,1504.9181139838824,1492.5392348530183,5163.413999797752,3022.9964187332835,2140.4175810644665,1325.0,257.0,80.0
A_normal_n16,24,C3F,16,16,16,6825.414,265,16,1,4,C,121,0,0,,,5163.413999797752,3022.9964187332835,2140.4175810644665,1325.0,257.0,80.0
A_normal_n16,25,B,16,16,16,8816.177,308,16,1,7,B,0,0,0,,,6912.176734362163,3417.7870128143663,3494.3897215478014,1540.0,284.0,80.0
A_normal_n16,25,C,16,16,16,6246.388,253,16,1,7,C,0,0,0,,,4671.388189074086,1349.0405018921015,3322.347687181983,1265.0,230.0,80.0
A_normal_n16,25,BF,16,16,16,8696.177,288,16,1,7,B,20,0,0,,,6912.176734362163,3417.7870128143663,3494.3897215478014,1440.0,264.0,80.0
A_normal_n16,25,CF,16,16,16,5882.388,193,16,1,7,C,60,0,0,,,4671.388189074086,1349.0405018921015,3322.347687181983,965.0,166.0,80.0
A_normal_n16,25,D,16,16,16,5882.388,193,16,1,7,C,60,60,0,1523.3501360354053,1486.51477738579,4671.388189074086,1349.0405018921015,3322.347687181983,965.0,166.0,80.0
A_normal_n16,25,C3F,16,16,16,5882.388,193,16,1,7,C,60,0,0,,,4671.388189074086,1349.0405018921015,3322.347687181983,965.0,166.0,80.0
A_boundary_random_n16,1,B,16,16,16,7329.234,311,16,1,0,B,0,0,0,,,5394.234051546911,3007.243751333043,2386.9903002138703,1555.0,300.0,80.0
A_boundary_random_n16,1,C,16,16,16,9337.776,607,16,1,0,C,0,0,0,,,5623.775650453915,3690.27622810262,1933.499422351297,3035.0,599.0,80.0
A_boundary_random_n16,1,BF,16,16,16,7041.234,264,16,1,0,B,47,0,0,,,5394.234051546911,3007.243751333043,2386.9903002138703,1320.0,247.0,80.0
A_boundary_random_n16,1,CF,16,16,16,8372.776,447,16,1,0,C,160,0,0,,,5623.775650453915,3690.27622810262,1933.499422351297,2235.0,434.0,80.0
A_boundary_random_n16,1,D,16,16,16,7041.234,264,16,1,0,B,47,47,0,1512.6128751135338,1483.9362555707858,5394.234051546911,3007.243751333043,2386.9903002138703,1320.0,247.0,80.0
A_boundary_random_n16,1,C3F,16,16,16,7329.234,311,16,1,0,B,0,0,0,,,5394.234051546911,3007.243751333043,2386.9903002138703,1555.0,300.0,80.0
A_boundary_random_n16,2,B,16,16,16,8962.919,386,16,1,0,B,0,0,0,,,6588.919195713127,3769.3081830075034,2819.6110127056295,1930.0,364.0,80.0
A_boundary_random_n16,2,C,16,16,16,9637.325,578,16,1,0,C,0,0,0,,,6106.325151200051,3544.3020132107777,2562.023137989275,2890.0,561.0,80.0
A_boundary_random_n16,2,BF,16,16,16,8949.919,384,16,1,0,B,2,0,0,,,6588.919195713127,3769.3081830075034,2819.6110127056295,1920.0,361.0,80.0
A_boundary_random_n16,2,CF,16,16,16,8336.325,363,16,1,0,C,215,0,0,,,6106.325151200051,3544.3020132107777,2562.023137989275,1815.0,335.0,80.0
A_boundary_random_n16,2,D,16,16,16,8949.919,384,16,1,0,B,2,2,0,1616.1092953933605,1247.7835704335157,6588.919195713127,3769.3081830075034,2819.6110127056295,1920.0,361.0,80.0
A_boundary_random_n16,2,C3F,16,16,16,8962.919,386,16,1,0,B,0,0,0,,,6588.919195713127,3769.3081830075034,2819.6110127056295,1930.0,364.0,80.0
A_boundary_random_n16,3,B,16,16,16,9542.824,470,16,1,0,B,0,0,0,,,6646.823504460194,3940.631221249306,2706.192283210889,2350.0,466.0,80.0
A_boundary_random_n16,3,C,16,16,16,9057.685,533,16,1,0,C,0,0,0,,,5790.684855699784,3568.705910598935,2221.9789451008483,2665.0,522.0,80.0
A_boundary_random_n16,3,BF,16,16,16,9188.824,412,16,1,0,B,58,0,0,,,6646.823504460194,3940.631221249306,2706.192283210889,2060.0,402.0,80.0
A_boundary_random_n16,3,CF,16,16,16,8188.685,389,16,1,0,C,144,0,0,,,5790.684855699784,3568.705910598935,2221.9789451008483,1945.0,373.0,80.0
A_boundary_random_n16,3,D,16,16,16,9188.824,412,16,1,0,B,58,58,0,1563.1062389823717,1407.5067494636846,6646.823504460194,3940.631221249306,2706.192283210889,2060.0,402.0,80.0
A_boundary_random_n16,3,C3F,16,16,16,9542.824,470,16,1,0,B,0,0,0,,,6646.823504460194,3940.631221249306,2706.192283210889,2350.0,466.0,80.0
A_boundary_random_n16,4,B,16,16,16,7399.366,318,16,1,0,B,0,0,0,,,5427.366049045237,2856.000027981411,2571.3660210638263,1590.0,302.0,80.0
A_boundary_random_n16,4,C,16,16,16,8338.876,490,16,1,0,C,0,0,0,,,5320.875769460744,3211.510352272771,2109.365417187974,2450.0,488.0,80.0
A_boundary_random_n16,4,BF,16,16,16,7186.366,282,16,1,0,B,36,0,0,,,5427.366049045237,2856.000027981411,2571.3660210638263,1410.0,269.0,80.0
A_boundary_random_n16,4,CF,16,16,16,7234.876,307,16,1,0,C,183,0,0,,,5320.875769460744,3211.510352272771,2109.365417187974,1535.0,299.0,80.0
A_boundary_random_n16,4,D,16,16,16,7186.366,282,16,1,0,B,36,36,0,1791.3708366359276,1425.6718310892727,5427.366049045237,2856.000027981411,2571.3660210638263,1410.0,269.0,80.0
A_boundary_random_n16,4,C3F,16,16,16,7399.366,318,16,1,0,B,0,0,0,,,5427.366049045237,2856.000027981411,2571.3660210638263,1590.0,302.0,80.0
A_boundary_random_n16,5,B,16,16,16,9243.196,426,16,1,0,B,0,0,0,,,6651.1955065426455,3462.129068942516,3189.066437600134,2130.0,382.0,80.0
A_boundary_random_n16,5,C,16,16,16,9382.808,578,16,1,0,C,0,0,0,,,5839.807794216303,3661.6397353265,2178.1680588898034,2890.0,573.0,80.0
A_boundary_random_n16,5,BF,16,16,16,9041.196,393,16,1,0,B,33,0,0,,,6651.1955065426455,3462.129068942516,3189.066437600134,1965.0,345.0,80.0
A_boundary_random_n16,5,CF,16,16,16,8342.808,406,16,1,0,C,172,0,0,,,5839.807794216303,3661.6397353265,2178.1680588898034,2030.0,393.0,80.0
A_boundary_random_n16,5,D,16,16,16,9041.196,393,16,1,0,B,33,33,0,1559.6655440063773,956.7189815543177,6651.1955065426455,3462.129068942516,3189.066437600134,1965.0,345.0,80.0
A_boundary_random_n16,5,C3F,16,16,16,9243.196,426,16,1,0,B,0,0,0,,,6651.1955065426455,3462.129068942516,3189.066437600134,2130.0,382.0,80.0
A_boundary_random_n16,6,B,16,16,16,9178.844,433,16,1,0,B,0,0,0,,,6524.843546345486,3878.4310222446315,2646.412524100855,2165.0,409.0,80.0
A_boundary_random_n16,6,C,16,16,16,9977.768,606,16,1,0,C,0,0,0,,,6269.768241145448,3666.891178506584,2602.8770626388678,3030.0,598.0,80.0
A_boundary_random_n16,6,BF,16,16,16,8825.844,375,16,1,0,B,58,0,0,,,6524.843546345486,3878.4310222446315,2646.412524100855,1875.0,346.0,80.0
A_boundary_random_n16,6,CF,16,16,16,8708.768,398,16,1,0,C,208,0,0,,,6269.768241145448,3666.891178506584,2602.8770626388678,1990.0,369.0,80.0
A_boundary_random_n16,6,D,16,16,16,8825.844,375,16,1,0,B,58,58,0,1503.112207484278,1242.846517511569,6524.843546345486,3878.4310222446315,2646.412524100855,1875.0,346.0,80.0
A_boundary_random_n16,6,C3F,16,16,16,9178.844,433,16,1,0,B,0,0,0,,,6524.843546345486,3878.4310222446315,2646.412524100855,2165.0,409.0,80.0
A_boundary_random_n16,7,B,16,16,16,9059.407,440,16,1,0,B,0,0,0,,,6353.407049680913,3417.7870128143663,2935.6200368665513,2200.0,426.0,80.0
A_boundary_random_n16,7,C,16,16,16,9062.874,590,16,1,0,C,0,0,0,,,5443.873848844126,2990.690745123814,2453.183103720312,2950.0,589.0,80.0
A_boundary_random_n16,7,BF,16,16,16,8526.407,353,16,1,0,B,87,0,0,,,6353.407049680913,3417.7870128143663,2935.6200368665513,1765.0,328.0,80.0
A_boundary_random_n16,7,CF,16,16,16,7720.874,370,16,1,0,C,220,0,0,,,5443.873848844126,2990.690745123814,2453.183103720312,1850.0,347.0,80.0
A_boundary_random_n16,7,D,16,16,16,8526.407,353,16,1,0,B,87,87,0,1518.805828174793,1478.8362714278824,6353.407049680913,3417.7870128143663,2935.6200368665513,1765.0,328.0,80.0
A_boundary_random_n16,7,C3F,16,16,16,9059.407,440,16,1,0,B,0,0,0,,,6353.407049680913,3417.7870128143663,2935.6200368665513,2200.0,426.0,80.0
A_boundary_random_n16,8,B,16,16,16,9169.924,522,16,1,0,B,0,0,0,,,5961.924072314914,3589.4749000249894,2372.4491722899274,2610.0,518.0,80.0
A_boundary_random_n16,8,C,16,16,16,8673.92,525,16,1,0,C,0,0,0,,,5447.92016070871,3289.473411781795,2158.4467489269173,2625.0,521.0,80.0
A_boundary_random_n16,8,BF,16,16,16,8292.924,378,16,1,0,B,144,0,0,,,5961.924072314914,3589.4749000249894,2372.4491722899274,1890.0,361.0,80.0
A_boundary_random_n16,8,CF,16,16,16,7810.92,382,16,1,0,C,143,0,0,,,5447.92016070871,3289.473411781795,2158.4467489269173,1910.0,373.0,80.0
A_boundary_random_n16,8,D,16,16,16,8292.924,378,16,1,0,B,144,144,0,1537.494958303448,1496.7399245207957,5961.924072314914,3589.4749000249894,2372.4491722899274,1890.0,361.0,80.0
A_boundary_random_n16,8,C3F,16,16,16,9169.924,522,16,1,0,B,0,0,0,,,5961.924072314914,3589.4749000249894,2372.4491722899274,2610.0,518.0,80.0
A_boundary_random_n16,9,B,16,16,16,9049.352,459,16,1,0,B,0,0,0,,,6222.352203610258,3781.7837611049667,2440.5684425052914,2295.0,452.0,80.0
A_boundary_random_n16,9,C,16,16,16,8992.195,587,16,1,0,C,0,0,0,,,5394.194566455127,3050.34467002033,2343.8498964347964,2935.0,583.0,80.0
A_boundary_random_n16,9,BF,16,16,16,8755.352,412,16,1,0,B,47,0,0,,,6222.352203610258,3781.7837611049667,2440.5684425052914,2060.0,393.0,80.0
A_boundary_random_n16,9,CF,16,16,16,7716.195,375,16,1,0,C,212,0,0,,,5394.194566455127,3050.34467002033,2343.8498964347964,1875.0,367.0,80.0
A_boundary_random_n16,9,D,16,16,16,8755.352,412,16,1,0,B,47,47,0,1503.5364487863744,1487.0012674437205,6222.352203610258,3781.7837611049667,2440.5684425052914,2060.0,393.0,80.0
A_boundary_random_n16,9,C3F,16,16,16,9049.352,459,16,1,0,B,0,0,0,,,6222.352203610258,3781.7837611049667,2440.5684425052914,2295.0,452.0,80.0
A_boundary_random_n16,10,B,16,16,16,10169.004,490,16,1,0,B,0,0,0,,,7165.003962239746,3789.4133528826674,3375.5906093570743,2450.0,474.0,80.0
A_boundary_random_n16,10,C,16,16,16,9500.066,588,16,1,0,C,0,0,0,,,5899.0657707199125,3433.534887256028,2465.5308834638854,2940.0,581.0,80.0
A_boundary_random_n16,10,BF,16,16,16,10083.004,476,16,1,0,B,14,0,0,,,7165.003962239746,3789.4133528826674,3375.5906093570743,2380.0,458.0,80.0
A_boundary_random_n16,10,CF,16,16,16,8342.066,396,16,1,0,C,192,0,0,,,5899.0657707199125,3433.534887256028,2465.5308834638854,1980.0,383.0,80.0
A_boundary_random_n16,10,D,16,16,16,10083.004,476,16,1,0,B,14,14,0,1514.1449478489003,1442.8474075878619,7165.003962239746,3789.4133528826674,3375.5906093570743,2380.0,458.0,80.0
A_boundary_random_n16,10,C3F,16,16,16,10169.004,490,16,1,0,B,0,0,0,,,7165.003962239746,3789.4133528826674,3375.5906093570743,2450.0,474.0,80.0
A_boundary_random_n16,11,B,16,16,16,9719.845,467,16,1,0,B,0,0,0,,,6860.845474061793,3704.7588179862237,3156.086656075572,2335.0,444.0,80.0
A_boundary_random_n16,11,C,16,16,16,8867.973,523,16,1,0,C,0,0,0,,,5656.973345115153,2984.2272464447447,2672.7460986704095,2615.0,516.0,80.0
A_boundary_random_n16,11,BF,16,16,16,9315.845,401,16,1,0,B,66,0,0,,,6860.845474061793,3704.7588179862237,3156.086656075572,2005.0,370.0,80.0
A_boundary_random_n16,11,CF,16,16,16,7812.973,348,16,1,0,C,175,0,0,,,5656.973345115153,2984.2272464447447,2672.7460986704095,1740.0,336.0,80.0
A_boundary_random_n16,11,D,16,16,16,9315.845,401,16,1,0,B,66,66,0,1511.813017977255,1482.1983315587465,6860.845474061793,3704.7588179862237,3156.086656075572,2005.0,370.0,80.0
A_boundary_random_n16,11,C3F,16,16,16,9719.845,467,16,1,0,B,0,0,0,,,6860.845474061793,3704.7588179862237,3156.086656075572,2335.0,444.0,80.0
A_boundary_random_n16,12,B,16,16,16,10600.912,471,16,1,0,B,0,0,0,,,7717.9123621254,3934.5203877265367,3783.3919743988645,2355.0,448.0,80.0
A_boundary_random_n16,12,C,16,16,16,9347.733,580,16,1,0,C,0,0,0,,,5789.732858098611,3672.758793738476,2116.9740643601367,2900.0,578.0,80.0
A_boundary_random_n16,12,BF,16,16,16,10002.912,372,16,1,0,B,99,0,0,,,7717.9123621254,3934.5203877265367,3783.3919743988645,1860.0,345.0,80.0
A_boundary_random_n16,12,CF,16,16,16,8192.733,388,16,1,0,C,192,0,0,,,5789.732858098611,3672.758793738476,2116.9740643601367,1940.0,383.0,80.0
A_boundary_random_n16,12,D,16,16,16,10002.912,372,16,1,0,B,99,99,0,1581.0144591868311,1483.799734255905,7717.9123621254,3934.5203877265367,3783.3919743988645,1860.0,345.0,80.0
A_boundary_random_n16,12,C3F,16,16,16,10600.912,471,16,1,0,B,0,0,0,,,7717.9123621254,3934.5203877265367,3783.3919743988645,2355.0,448.0,80.0
A_boundary_random_n16,13,B,16,16,16,9948.072,501,16,1,0,B,0,0,0,,,6878.071586627372,3938.926262171774,2939.1453244555987,2505.0,485.0,80.0
A_boundary_random_n16,13,C,16,16,16,8728.481,449,16,1,0,C,0,0,0,,,5971.481298582642,3649.834385590163,2321.646912992478,2245.0,432.0,80.0
A_boundary_random_n16,13,BF,16,16,16,9796.072,477,16,1,0,B,24,0,0,,,6878.071586627372,3938.926262171774,2939.1453244555987,2385.0,453.0,80.0
A_boundary_random_n16,13,CF,16,16,16,8174.481,356,16,1,0,C,93,0,0,,,5971.481298582642,3649.834385590163,2321.646912992478,1780.0,343.0,80.0
A_boundary_random_n16,13,D,16,16,16,9796.072,477,16,1,0,B,24,24,0,1509.4967637923826,1374.1511008601676,6878.071586627372,3938.926262171774,2939.1453244555987,2385.0,453.0,80.0
A_boundary_random_n16,13,C3F,16,16,16,9948.072,501,16,1,0,B,0,0,0,,,6878.071586627372,3938.926262171774,2939.1453244555987,2505.0,485.0,80.0
A_boundary_random_n16,14,B,16,16,16,8974.28,422,16,1,0,B,0,0,0,,,6385.280021457566,3760.7384836650854,2624.5415377924846,2110.0,399.0,80.0
A_boundary_random_n16,14,C,16,16,16,9155.581,586,16,1,0,C,0,0,0,,,5565.58136956707,3686.336717201647,1879.2446523654228,2930.0,580.0,80.0
A_boundary_random_n16,14,BF,16,16,16,8755.28,386,16,1,0,B,36,0,0,,,6385.280021457566,3760.7384836650854,2624.5415377924846,1930.0,360.0,80.0
A_boundary_random_n16,14,CF,16,16,16,8178.581,423,16,1,0,C,163,0,0,,,5565.58136956707,3686.336717201647,1879.2446523654228,2115.0,418.0,80.0
A_boundary_random_n16,14,D,16,16,16,8755.28,386,16,1,0,B,36,36,0,1503.0817958873079,1453.0588638798058,6385.280021457566,3760.7384836650854,2624.5415377924846,1930.0,360.0,80.0
A_boundary_random_n16,14,C3F,16,16,16,8974.28,422,16,1,0,B,0,0,0,,,6385.280021457566,3760.7384836650854,2624.5415377924846,2110.0,399.0,80.0
A_boundary_random_n16,15,B,16,16,16,9477.886,429,16,1,0,B,0,0,0,,,6834.885792378365,3920.8919299449008,2913.9938624334663,2145.0,418.0,80.0
A_boundary_random_n16,15,C,16,16,16,9252.413,580,16,1,0,C,0,0,0,,,5693.413003640721,2950.999119025825,2742.4138846148962,2900.0,579.0,80.0
A_boundary_random_n16,15,BF,16,16,16,9164.886,378,16,1,0,B,51,0,0,,,6834.885792378365,3920.8919299449008,2913.9938624334663,1890.0,360.0,80.0
A_boundary_random_n16,15,CF,16,16,16,8020.413,375,16,1,0,C,205,0,0,,,5693.413003640721,2950.999119025825,2742.4138846148962,1875.0,372.0,80.0
A_boundary_random_n16,15,D,16,16,16,9164.886,378,16,1,0,B,51,51,0,1530.5657991835178,1463.874120276092,6834.885792378365,3920.8919299449008,2913.9938624334663,1890.0,360.0,80.0
A_boundary_random_n16,15,C3F,16,16,16,9477.886,429,16,1,0,B,0,0,0,,,6834.885792378365,3920.8919299449008,2913.9938624334663,2145.0,418.0,80.0
A_boundary_random_n16,16,B,16,16,16,9273.269,366,16,1,0,B,0,0,0,,,7022.26892514269,4086.419464050844,2935.84946109185,1830.0,341.0,80.0
A_boundary_random_n16,16,C,16,16,16,8857.442,543,16,1,0,C,0,0,0,,,5531.441727585121,3544.656717748463,1986.785009836659,2715.0,531.0,80.0
A_boundary_random_n16,16,BF,16,16,16,9273.269,366,16,1,0,B,0,0,0,,,7022.26892514269,4086.419464050844,2935.84946109185,1830.0,341.0,80.0
A_boundary_random_n16,16,CF,16,16,16,7829.442,372,16,1,0,C,171,0,0,,,5531.441727585121,3544.656717748463,1986.785009836659,1860.0,358.0,80.0
A_boundary_random_n16,16,D,16,16,16,9273.269,366,16,1,0,B,0,0,0,,1440.4131480256794,7022.26892514269,4086.419464050844,2935.84946109185,1830.0,341.0,80.0
A_boundary_random_n16,16,C3F,16,16,16,9273.269,366,16,1,0,B,0,0,0,,,7022.26892514269,4086.419464050844,2935.84946109185,1830.0,341.0,80.0
A_boundary_random_n16,17,B,16,16,16,10503.956,492,16,1,0,B,0,0,0,,,7493.955893929177,4009.0130944471225,3484.942799482051,2460.0,470.0,80.0
A_boundary_random_n16,17,C,16,16,16,9686.775,551,16,1,0,C,0,0,0,,,6312.774642224169,3649.5934075181276,2663.1812347060445,2755.0,539.0,80.0
A_boundary_random_n16,17,BF,16,16,16,10122.956,430,16,1,0,B,62,0,0,,,7493.955893929177,4009.0130944471225,3484.942799482051,2150.0,399.0,80.0
A_boundary_random_n16,17,CF,16,16,16,8854.775,414,16,1,0,C,137,0,0,,,6312.774642224169,3649.5934075181276,2663.1812347060445,2070.0,392.0,80.0
A_boundary_random_n16,17,D,16,16,16,10122.956,430,16,1,0,B,62,62,0,1537.0531625772817,1285.1838375693749,7493.955893929177,4009.0130944471225,3484.942799482051,2150.0,399.0,80.0
A_boundary_random_n16,17,C3F,16,16,16,10503.956,492,16,1,0,B,0,0,0,,,7493.955893929177,4009.0130944471225,3484.942799482051,2460.0,470.0,80.0
A_boundary_random_n16,18,B,16,16,16,8811.189,428,16,1,0,B,0,0,0,,,6172.1891417236,3761.9102567856917,2410.278884937909,2140.0,419.0,80.0
A_boundary_random_n16,18,C,16,16,16,9024.635,527,16,1,0,C,0,0,0,,,5797.635389756439,3328.7785761238174,2468.856813632624,2635.0,512.0,80.0
A_boundary_random_n16,18,BF,16,16,16,8616.189,396,16,1,0,B,32,0,0,,,6172.1891417236,3761.9102567856917,2410.278884937909,1980.0,384.0,80.0
A_boundary_random_n16,18,CF,16,16,16,8201.635,390,16,1,0,C,137,0,0,,,5797.635389756439,3328.7785761238174,2468.856813632624,1950.0,374.0,80.0
A_boundary_random_n16,18,D,16,16,16,8616.189,396,16,1,0,B,32,32,0,1543.1174023944886,1406.8191236014443,6172.1891417236,3761.9102567856917,2410.278884937909,1980.0,384.0,80.0
A_boundary_random_n16,18,C3F,16,16,16,8811.189,428,16,1,0,B,0,0,0,,,6172.1891417236,3761.9102567856917,2410.278884937909,2140.0,419.0,80.0
A_boundary_random_n16,19,B,16,16,16,10963.951,577,16,1,0,B,0,0,0,,,7438.951113983161,4121.929941887032,3317.0211720961292,2885.0,560.0,80.0
A_boundary_random_n16,19,C,16,16,16,8641.762,560,16,1,0,C,0,0,0,,,5206.761594253385,3333.123480456218,1873.6381137971655,2800.0,555.0,80.0
A_boundary_random_n16,19,BF,16,16,16,10663.951,527,16,1,0,B,50,0,0,,,7438.951113983161,4121.929941887032,3317.0211720961292,2635.0,510.0,80.0
A_boundary_random_n16,19,CF,16,16,16,7544.762,378,16,1,0,C,182,0,0,,,5206.761594253385,3333.123480456218,1873.6381137971655,1890.0,368.0,80.0
A_boundary_random_n16,19,D,16,16,16,10663.951,527,16,1,0,B,50,50,0,1604.0421917949657,1465.4236562615727,7438.951113983161,4121.929941887032,3317.0211720961292,2635.0,510.0,80.0
A_boundary_random_n16,19,C3F,16,16,16,10963.951,577,16,1,0,B,0,0,0,,,7438.951113983161,4121.929941887032,3317.0211720961292,2885.0,560.0,80.0
A_boundary_random_n16,20,B,16,16,16,9793.484,496,16,1,0,B,0,0,0,,,6745.484369793794,3986.247579914578,2759.2367898792168,2480.0,488.0,80.0
A_boundary_random_n16,20,C,16,16,16,10670.944,628,16,1,0,C,0,0,0,,,6825.944430173493,3642.9793270405803,3182.965103132912,3140.0,625.0,80.0
A_boundary_random_n16,20,BF,16,16,16,9449.484,441,16,1,0,B,55,0,0,,,6745.484369793794,3986.247579914578,2759.2367898792168,2205.0,419.0,80.0
A_boundary_random_n16,20,CF,16,16,16,9597.944,450,16,1,0,C,178,0,0,,,6825.944430173493,3642.9793270405803,3182.965103132912,2250.0,442.0,80.0
A_boundary_random_n16,20,D,16,16,16,9449.484,441,16,1,0,B,55,55,0,1533.5667855465967,1499.2461483926288,6745.484369793794,3986.247579914578,2759.2367898792168,2205.0,419.0,80.0
A_boundary_random_n16,20,C3F,16,16,16,9793.484,496,16,1,0,B,0,0,0,,,6745.484369793794,3986.247579914578,2759.2367898792168,2480.0,488.0,80.0
A_boundary_random_n16,21,B,16,16,16,9257.115,492,16,1,0,B,0,0,0,,,6238.115152755802,3647.946302229088,2590.1688505267125,2460.0,479.0,80.0
A_boundary_random_n16,21,C,16,16,16,8698.569,505,16,1,0,C,0,0,0,,,5600.568578530789,2999.0472551593575,2601.5213233714326,2525.0,493.0,80.0
A_boundary_random_n16,21,BF,16,16,16,8783.115,414,16,1,0,B,78,0,0,,,6238.115152755802,3647.946302229088,2590.1688505267125,2070.0,395.0,80.0
A_boundary_random_n16,21,CF,16,16,16,7894.569,371,16,1,0,C,134,0,0,,,5600.568578530789,2999.0472551593575,2601.5213233714326,1855.0,359.0,80.0
A_boundary_random_n16,21,D,16,16,16,8783.115,414,16,1,0,B,78,78,0,1521.7063819102093,1490.8957245518484,6238.115152755802,3647.946302229088,2590.1688505267125,2070.0,395.0,80.0
A_boundary_random_n16,21,C3F,16,16,16,9257.115,492,16,1,0,B,0,0,0,,,6238.115152755802,3647.946302229088,2590.1688505267125,2460.0,479.0,80.0
A_boundary_random_n16,22,B,16,16,16,9942.629,466,16,1,0,B,0,0,0,,,7079.628639423832,3747.8619739731243,3331.7666654507084,2330.0,453.0,80.0
A_boundary_random_n16,22,C,16,16,16,8833.741,494,16,1,0,C,0,0,0,,,5796.74078927941,3285.8463718248045,2510.894417454606,2470.0,487.0,80.0
A_boundary_random_n16,22,BF,16,16,16,9519.629,398,16,1,0,B,68,0,0,,,7079.628639423832,3747.8619739731243,3331.7666654507084,1990.0,370.0,80.0
A_boundary_random_n16,22,CF,16,16,16,8083.741,370,16,1,0,C,124,0,0,,,5796.74078927941,3285.8463718248045,2510.894417454606,1850.0,357.0,80.0
A_boundary_random_n16,22,D,16,16,16,9519.629,398,16,1,0,B,68,68,0,1522.7592587299268,1461.6009612127475,7079.628639423832,3747.8619739731243,3331.7666654507084,1990.0,370.0,80.0
A_boundary_random_n16,22,C3F,16,16,16,9942.629,466,16,1,0,B,0,0,0,,,7079.628639423832,3747.8619739731243,3331.7666654507084,2330.0,453.0,80.0
A_boundary_random_n16,23,B,16,16,16,9476.597,406,16,1,0,B,0,0,0,,,6980.596705269308,3933.2062124423396,3047.390492826969,2030.0,386.0,80.0
A_boundary_random_n16,23,C,16,16,16,9385.806,590,16,1,0,C,0,0,0,,,5772.8061965449015,3672.9225920764293,2099.8836044684726,2950.0,583.0,80.0
A_boundary_random_n16,23,BF,16,16,16,9126.597,348,16,1,0,B,58,0,0,,,6980.596705269308,3933.2062124423396,3047.390492826969,1740.0,326.0,80.0
A_boundary_random_n16,23,CF,16,16,16,8466.806,437,16,1,0,C,153,0,0,,,5772.8061965449015,3672.9225920764293,2099.8836044684726,2185.0,429.0,80.0
A_boundary_random_n16,23,D,16,16,16,9126.597,348,16,1,0,B,58,58,0,1505.2163330582023,1400.7242253333843,6980.596705269308,3933.2062124423396,3047.390492826969,1740.0,326.0,80.0
A_boundary_random_n16,23,C3F,16,16,16,9476.597,406,16,1,0,B,0,0,0,,,6980.596705269308,3933.2062124423396,3047.390492826969,2030.0,386.0,80.0
A_boundary_random_n16,24,B,16,16,16,9469.538,505,16,1,0,B,0,0,0,,,6368.538423055342,3842.1894481759755,2526.348974879367,2525.0,496.0,80.0
A_boundary_random_n16,24,C,16,16,16,11210.176,772,16,1,0,C,0,0,0,,,6508.17583407049,3638.99977834858,2869.1760557219127,3860.0,762.0,80.0
A_boundary_random_n16,24,BF,16,16,16,8925.538,418,16,1,0,B,87,0,0,,,6368.538423055342,3842.1894481759755,2526.348974879367,2090.0,387.0,80.0
A_boundary_random_n16,24,CF,16,16,16,9336.176,462,16,1,0,C,310,0,0,,,6508.17583407049,3638.99977834858,2869.1760557219127,2310.0,438.0,80.0
A_boundary_random_n16,24,D,16,16,16,8925.538,418,16,1,0,B,87,87,0,1522.3675486635689,1490.4044957401777,6368.538423055342,3842.1894481759755,2526.348974879367,2090.0,387.0,80.0
A_boundary_random_n16,24,C3F,16,16,16,9469.538,505,16,1,0,B,0,0,0,,,6368.538423055342,3842.1894481759755,2526.348974879367,2525.0,496.0,80.0
A_boundary_random_n16,25,B,16,16,16,11208.871,617,16,1,0,B,0,0,0,,,7441.870754147539,3419.806731186494,4022.0640229610444,3085.0,602.0,80.0
A_boundary_random_n16,25,C,16,16,16,9877.605,615,16,1,0,C,0,0,0,,,6116.60462210333,3284.60478148101,2831.9998406223203,3075.0,606.0,80.0
A_boundary_random_n16,25,BF,16,16,16,10327.871,472,16,1,0,B,145,0,0,,,7441.870754147539,3419.806731186494,4022.0640229610444,2360.0,446.0,80.0
A_boundary_random_n16,25,CF,16,16,16,8709.605,421,16,1,0,C,194,0,0,,,6116.60462210333,3284.60478148101,2831.9998406223203,2105.0,408.0,80.0
A_boundary_random_n16,25,D,16,16,16,10327.871,472,16,1,0,B,145,145,0,1529.391385976445,1487.2459332486692,7441.870754147539,3419.806731186494,4022.0640229610444,2360.0,446.0,80.0
A_boundary_random_n16,25,C3F,16,16,16,11208.871,617,16,1,0,B,0,0,0,,,7441.870754147539,3419.806731186494,4022.0640229610444,3085.0,602.0,80.0
A_boundary_outward_n16,1,B,16,16,16,8677.912,424,16,1,0,B,0,0,0,,,6062.912099566075,3823.2649865923718,2239.647112973703,2120.0,415.0,80.0
A_boundary_outward_n16,1,C,16,16,16,14876.099,1050,16,1,0,C,0,0,0,,,8508.098779763497,3713.0194213214095,4795.079358442091,5250.0,1038.0,80.0
A_boundary_outward_n16,1,BF,16,16,16,8479.912,391,16,1,0,B,33,0,0,,,6062.912099566075,3823.2649865923718,2239.647112973703,1955.0,382.0,80.0
A_boundary_outward_n16,1,CF,16,16,16,12560.099,665,16,1,0,C,385,0,0,,,8508.098779763497,3713.0194213214095,4795.079358442091,3325.0,647.0,80.0
A_boundary_outward_n16,1,D,16,16,16,8479.912,391,16,1,0,B,33,33,0,1502.6956042855427,1488.0108277617735,6062.912099566075,3823.2649865923718,2239.647112973703,1955.0,382.0,80.0
A_boundary_outward_n16,1,C3F,16,16,16,8677.912,424,16,1,0,B,0,0,0,,,6062.912099566075,3823.2649865923718,2239.647112973703,2120.0,415.0,80.0
A_boundary_outward_n16,2,B,16,16,16,7453.69,320,16,1,0,B,0,0,0,,,5464.689676355328,3052.9023064677913,2411.787369887536,1600.0,309.0,80.0
A_boundary_outward_n16,2,C,16,16,16,10561.616,733,16,1,0,C,0,0,0,,,6089.61622462209,3706.8365013004204,2382.7797233216697,3665.0,727.0,80.0
A_boundary_outward_n16,2,BF,16,16,16,7453.69,320,16,1,0,B,0,0,0,,,5464.689676355328,3052.9023064677913,2411.787369887536,1600.0,309.0,80.0
A_boundary_outward_n16,2,CF,16,16,16,9410.616,542,16,1,0,C,191,0,0,,,6089.61622462209,3706.8365013004204,2382.7797233216697,2710.0,531.0,80.0
A_boundary_outward_n16,2,D,16,16,16,7453.69,320,16,1,0,B,0,0,0,,830.1524539982771,5464.689676355328,3052.9023064677913,2411.787369887536,1600.0,309.0,80.0
A_boundary_outward_n16,2,C3F,16,16,16,7453.69,320,16,1,0,B,0,0,0,,,5464.689676355328,3052.9023064677913,2411.787369887536,1600.0,309.0,80.0
A_boundary_outward_n16,3,B,16,16,16,8558.634,414,16,1,0,B,0,0,0,,,6015.63444636979,3741.1712784138,2274.4631679559893,2070.0,393.0,80.0
A_boundary_outward_n16,3,C,16,16,16,12820.814,1043,16,1,0,C,0,0,0,,,6486.813830255266,3465.6939280770944,3021.1199021781717,5215.0,1039.0,80.0
A_boundary_outward_n16,3,BF,16,16,16,8411.634,390,16,1,0,B,24,0,0,,,6015.63444636979,3741.1712784138,2274.4631679559893,1950.0,366.0,80.0
A_boundary_outward_n16,3,CF,16,16,16,10391.814,640,16,1,0,C,403,0,0,,,6486.813830255266,3465.6939280770944,3021.1199021781717,3200.0,625.0,80.0
A_boundary_outward_n16,3,D,16,16,16,8411.634,390,16,1,0,B,24,24,0,1567.9203233184003,1373.3799004387865,6015.63444636979,3741.1712784138,2274.4631679559893,1950.0,366.0,80.0
A_boundary_outward_n16,3,C3F,16,16,16,8558.634,414,16,1,0,B,0,0,0,,,6015.63444636979,3741.1712784138,2274.4631679559893,2070.0,393.0,80.0
A_boundary_outward_n16,4,B,16,16,16,7420.604,374,16,1,0,B,0,0,0,,,5109.603604255455,2765.1868186951974,2344.416785560258,1870.0,361.0,80.0
A_boundary_outward_n16,4,C,16,16,16,11341.609,760,16,1,0,C,0,0,0,,,6704.60867662841,3601.2744301116863,3103.3342465167243,3800.0,757.0,80.0
A_boundary_outward_n16,4,BF,16,16,16,6941.604,296,16,1,0,B,78,0,0,,,5109.603604255455,2765.1868186951974,2344.416785560258,1480.0,272.0,80.0
A_boundary_outward_n16,4,CF,16,16,16,9747.609,496,16,1,0,C,264,0,0,,,6704.60867662841,3601.2744301116863,3103.3342465167243,2480.0,483.0,80.0
A_boundary_outward_n16,4,D,16,16,16,6941.604,296,16,1,0,B,78,78,0,1501.0147700948405,1390.5001850175627,5109.603604255455,2765.1868186951974,2344.416785560258,1480.0,272.0,80.0
A_boundary_outward_n16,4,C3F,16,16,16,7420.604,374,16,1,0,B,0,0,0,,,5109.603604255455,2765.1868186951974,2344.416785560258,1870.0,361.0,80.0
A_boundary_outward_n16,5,B,16,16,16,8948.443,462,16,1,0,B,0,0,0,,,6100.443423971524,3789.7871257566208,2310.6562982149044,2310.0,458.0,80.0
A_boundary_outward_n16,5,C,16,16,16,12536.817,920,16,1,0,C,0,0,0,,,6940.817453837701,3640.13404938136,3300.6834044563434,4600.0,916.0,80.0
A_boundary_outward_n16,5,BF,16,16,16,8650.443,413,16,1,0,B,49,0,0,,,6100.443423971524,3789.7871257566208,2310.6562982149044,2065.0,405.0,80.0
A_boundary_outward_n16,5,CF,16,16,16,10632.817,603,16,1,0,C,317,0,0,,,6940.817453837701,3640.13404938136,3300.6834044563434,3015.0,597.0,80.0
A_boundary_outward_n16,5,D,16,16,16,8650.443,413,16,1,0,B,49,49,0,1552.5035930656434,1452.6430628767232,6100.443423971524,3789.7871257566208,2310.6562982149044,2065.0,405.0,80.0
A_boundary_outward_n16,5,C3F,16,16,16,8948.443,462,16,1,0,B,0,0,0,,,6100.443423971524,3789.7871257566208,2310.6562982149044,2310.0,458.0,80.0
A_boundary_outward_n16,6,B,16,16,16,8582.264,395,16,1,0,B,0,0,0,,,6141.263929238487,3464.973264299069,2676.290664939418,1975.0,386.0,80.0
A_boundary_outward_n16,6,C,16,16,16,12830.547,957,16,1,0,C,0,0,0,,,7014.547105254189,3512.920484663698,3501.6266205904967,4785.0,951.0,80.0
A_boundary_outward_n16,6,BF,16,16,16,8341.264,355,16,1,0,B,40,0,0,,,6141.263929238487,3464.973264299069,2676.290664939418,1775.0,345.0,80.0
A_boundary_outward_n16,6,CF,16,16,16,10548.547,579,16,1,0,C,378,0,0,,,7014.547105254189,3512.920484663698,3501.6266205904967,2895.0,559.0,80.0
A_boundary_outward_n16,6,D,16,16,16,8341.264,355,16,1,0,B,40,40,0,1542.3145741621613,1489.3656526017337,6141.263929238487,3464.973264299069,2676.290664939418,1775.0,345.0,80.0
A_boundary_outward_n16,6,C3F,16,16,16,8582.264,395,16,1,0,B,0,0,0,,,6141.263929238487,3464.973264299069,2676.290664939418,1975.0,386.0,80.0
A_boundary_outward_n16,7,B,16,16,16,9782.564,491,16,1,0,B,0,0,0,,,6770.56389497285,3797.3815729647313,2973.1823220081174,2455.0,477.0,80.0
A_boundary_outward_n16,7,C,16,16,16,15338.137,1150,16,1,0,C,0,0,0,,,8362.136522098821,3674.798324116106,4687.33819798272,5750.0,1146.0,80.0
A_boundary_outward_n16,7,BF,16,16,16,9451.564,439,16,1,0,B,52,0,0,,,6770.56389497285,3797.3815729647313,2973.1823220081174,2195.0,406.0,80.0
A_boundary_outward_n16,7,CF,16,16,16,13225.137,798,16,1,0,C,352,0,0,,,8362.136522098821,3674.798324116106,4687.33819798272,3990.0,793.0,80.0
A_boundary_outward_n16,7,D,16,16,16,9451.564,439,16,1,0,B,52,52,0,1624.6355780371118,1421.808304409997,6770.56389497285,3797.3815729647313,2973.1823220081174,2195.0,406.0,80.0
A_boundary_outward_n16,7,C3F,16,16,16,9782.564,491,16,1,0,B,0,0,0,,,6770.56389497285,3797.3815729647313,2973.1823220081174,2455.0,477.0,80.0
A_boundary_outward_n16,8,B,16,16,16,8371.855,360,16,1,0,B,0,0,0,,,6146.854802072547,3448.996423033652,2697.8583790388957,1800.0,345.0,80.0
A_boundary_outward_n16,8,C,16,16,16,13970.644,999,16,1,0,C,0,0,0,,,7897.644056620643,3641.1046194565342,4256.539437164113,4995.0,998.0,80.0
A_boundary_outward_n16,8,BF,16,16,16,8141.855,322,16,1,0,B,38,0,0,,,6146.854802072547,3448.996423033652,2697.8583790388957,1610.0,305.0,80.0
A_boundary_outward_n16,8,CF,16,16,16,12110.644,690,16,1,0,C,309,0,0,,,7897.644056620643,3641.1046194565342,4256.539437164113,3450.0,683.0,80.0
A_boundary_outward_n16,8,D,16,16,16,8141.855,322,16,1,0,B,38,38,0,1583.6298954476956,1488.2251477535663,6146.854802072547,3448.996423033652,2697.8583790388957,1610.0,305.0,80.0
A_boundary_outward_n16,8,C3F,16,16,16,8371.855,360,16,1,0,B,0,0,0,,,6146.854802072547,3448.996423033652,2697.8583790388957,1800.0,345.0,80.0
A_boundary_outward_n16,9,B,16,16,16,7503.688,334,16,1,0,B,0,0,0,,,5424.688262487606,3454.288340413585,1970.3999220740216,1670.0,329.0,80.0
A_boundary_outward_n16,9,C,16,16,16,12609.997,940,16,1,0,C,0,0,0,,,6894.9968375988965,3475.445057970334,3419.5517796285626,4700.0,935.0,80.0
A_boundary_outward_n16,9,BF,16,16,16,7304.688,301,16,1,0,B,33,0,0,,,5424.688262487606,3454.288340413585,1970.3999220740216,1505.0,295.0,80.0
A_boundary_outward_n16,9,CF,16,16,16,10473.997,586,16,1,0,C,354,0,0,,,6894.9968375988965,3475.445057970334,3419.5517796285626,2930.0,569.0,80.0
A_boundary_outward_n16,9,D,16,16,16,7304.688,301,16,1,0,B,33,33,0,1516.9450575540143,1423.2421336370962,5424.688262487606,3454.288340413585,1970.3999220740216,1505.0,295.0,80.0
A_boundary_outward_n16,9,C3F,16,16,16,7503.688,334,16,1,0,B,0,0,0,,,5424.688262487606,3454.288340413585,1970.3999220740216,1670.0,329.0,80.0
A_boundary_outward_n16,10,B,16,16,16,9182.473,443,16,1,0,B,0,0,0,,,6461.472711592962,3889.865785206732,2571.606926386231,2215.0,426.0,80.0
A_boundary_outward_n16,10,C,16,16,16,17312.132,1368,16,1,0,C,0,0,0,,,9035.13153565866,3498.007848641148,5537.123687017519,6840.0,1357.0,80.0
A_boundary_outward_n16,10,BF,16,16,16,8996.473,412,16,1,0,B,31,0,0,,,6461.472711592962,3889.865785206732,2571.606926386231,2060.0,395.0,80.0
A_boundary_outward_n16,10,CF,16,16,16,13638.132,758,16,1,0,C,610,0,0,,,9035.13153565866,3498.007848641148,5537.123687017519,3790.0,733.0,80.0
A_boundary_outward_n16,10,D,16,16,16,8996.473,412,16,1,0,B,31,31,0,1572.4776431910832,1449.2357609468943,6461.472711592962,3889.865785206732,2571.606926386231,2060.0,395.0,80.0
A_boundary_outward_n16,10,C3F,16,16,16,9182.473,443,16,1,0,B,0,0,0,,,6461.472711592962,3889.865785206732,2571.606926386231,2215.0,426.0,80.0
A_boundary_outward_n16,11,B,16,16,16,8310.053,447,16,1,0,B,0,0,0,,,5562.053425024611,3584.874636868508,1977.1787881561024,2235.0,433.0,80.0
A_boundary_outward_n16,11,C,16,16,16,10764.207,688,16,1,0,C,0,0,0,,,6561.207045704854,3463.6028053455375,3097.6042403593174,3440.0,683.0,80.0
A_boundary_outward_n16,11,BF,16,16,16,8161.053,422,16,1,0,B,25,0,0,,,5562.053425024611,3584.874636868508,1977.1787881561024,2110.0,409.0,80.0
A_boundary_outward_n16,11,CF,16,16,16,9846.207,536,16,1,0,C,152,0,0,,,6561.207045704854,3463.6028053455375,3097.6042403593174,2680.0,525.0,80.0
A_boundary_outward_n16,11,D,16,16,16,8161.053,422,16,1,0,B,25,25,0,1510.530885322772,1496.657159243196,5562.053425024611,3584.874636868508,1977.1787881561024,2110.0,409.0,80.0
A_boundary_outward_n16,11,C3F,16,16,16,8310.053,447,16,1,0,B,0,0,0,,,5562.053425024611,3584.874636868508,1977.1787881561024,2235.0,433.0,80.0
A_boundary_outward_n16,12,B,16,16,16,10123.515,470,16,1,0,B,0,0,0,,,7239.515205465619,3772.2989694069297,3467.2162360586885,2350.0,454.0,80.0
A_boundary_outward_n16,12,C,16,16,16,11738.951,885,16,1,0,C,0,0,0,,,6350.950931141636,3507.728690913136,2843.222240228501,4425.0,883.0,80.0
A_boundary_outward_n16,12,BF,16,16,16,9785.515,415,16,1,0,B,55,0,0,,,7239.515205465619,3772.2989694069297,3467.2162360586885,2075.0,391.0,80.0
A_boundary_outward_n16,12,CF,16,16,16,9577.951,525,16,1,0,C,360,0,0,,,6350.950931141636,3507.728690913136,2843.222240228501,2625.0,522.0,80.0
A_boundary_outward_n16,12,D,16,16,16,9785.515,415,16,1,0,B,55,55,0,1540.3041798848892,1433.0172745636028,7239.515205465619,3772.2989694069297,3467.2162360586885,2075.0,391.0,80.0
A_boundary_outward_n16,12,C3F,16,16,16,10123.515,470,16,1,0,B,0,0,0,,,7239.515205465619,3772.2989694069297,3467.2162360586885,2350.0,454.0,80.0
A_boundary_outward_n16,13,B,16,16,16,9998.539,486,16,1,0,B,0,0,0,,,7028.538554422534,3942.902706608222,3085.6358478143106,2430.0,460.0,80.0
A_boundary_outward_n16,13,C,16,16,16,13954.804,1069,16,1,0,C,0,0,0,,,7472.80423730117,3670.787583355111,3802.0166539460647,5345.0,1057.0,80.0
A_boundary_outward_n16,13,BF,16,16,16,9721.539,441,16,1,0,B,45,0,0,,,7028.538554422534,3942.902706608222,3085.6358478143106,2205.0,408.0,80.0
A_boundary_outward_n16,13,CF,16,16,16,11810.804,713,16,1,0,C,356,0,0,,,7472.80423730117,3670.787583355111,3802.0166539460647,3565.0,693.0,80.0
A_boundary_outward_n16,13,D,16,16,16,9721.539,441,16,1,0,B,45,45,0,1512.2532184311176,1474.264215144715,7028.538554422534,3942.902706608222,3085.6358478143106,2205.0,408.0,80.0
A_boundary_outward_n16,13,C3F,16,16,16,9998.539,486,16,1,0,B,0,0,0,,,7028.538554422534,3942.902706608222,3085.6358478143106,2430.0,460.0,80.0
A_boundary_outward_n16,14,B,16,16,16,8469.811,385,16,1,0,B,0,0,0,,,6083.810945532282,4013.3581499777224,2070.45279555456,1925.0,381.0,80.0
A_boundary_outward_n16,14,C,16,16,16,13325.563,1008,16,1,0,C,0,0,0,,,7198.563216881497,3538.350495083717,3660.2127217977772,5040.0,1007.0,80.0
A_boundary_outward_n16,14,BF,16,16,16,8469.811,385,16,1,0,B,0,0,0,,,6083.810945532282,4013.3581499777224,2070.45279555456,1925.0,381.0,80.0
A_boundary_outward_n16,14,CF,16,16,16,11234.563,661,16,1,0,C,347,0,0,,,7198.563216881497,3538.350495083717,3660.2127217977772,3305.0,651.0,80.0
A_boundary_outward_n16,14,D,16,16,16,8469.811,385,16,1,0,B,0,0,0,,1027.5640297081134,6083.810945532282,4013.3581499777224,2070.45279555456,1925.0,381.0,80.0
A_boundary_outward_n16,14,C3F,16,16,16,8469.811,385,16,1,0,B,0,0,0,,,6083.810945532282,4013.3581499777224,2070.45279555456,1925.0,381.0,80.0
A_boundary_outward_n16,15,B,16,16,16,9279.194,496,16,1,0,B,0,0,0,,,6229.194428125052,3748.549510197535,2480.644917927516,2480.0,490.0,80.0
A_boundary_outward_n16,15,C,16,16,16,13281.738,969,16,1,0,C,0,0,0,,,7400.7382591170135,3484.1487318095387,3916.589527307476,4845.0,956.0,80.0
A_boundary_outward_n16,15,BF,16,16,16,8730.194,405,16,1,0,B,91,0,0,,,6229.194428125052,3748.549510197535,2480.644917927516,2025.0,396.0,80.0
A_boundary_outward_n16,15,CF,16,16,16,10929.738,580,16,1,0,C,389,0,0,,,7400.7382591170135,3484.1487318095387,3916.589527307476,2900.0,549.0,80.0
A_boundary_outward_n16,15,D,16,16,16,8730.194,405,16,1,0,B,91,91,0,1510.0013350957743,1498.0454487282382,6229.194428125052,3748.549510197535,2480.644917927516,2025.0,396.0,80.0
A_boundary_outward_n16,15,C3F,16,16,16,9279.194,496,16,1,0,B,0,0,0,,,6229.194428125052,3748.549510197535,2480.644917927516,2480.0,490.0,80.0
A_boundary_outward_n16,16,B,16,16,16,8456.111,418,16,1,0,B,0,0,0,,,5891.110874623883,3803.676523019975,2087.4343516039053,2090.0,395.0,80.0
A_boundary_outward_n16,16,C,16,16,16,11079.73,759,16,1,0,C,0,0,0,,,6452.730058844853,3665.362473727454,2787.3675851174025,3795.0,752.0,80.0
A_boundary_outward_n16,16,BF,16,16,16,8456.111,418,16,1,0,B,0,0,0,,,5891.110874623883,3803.676523019975,2087.4343516039053,2090.0,395.0,80.0
A_boundary_outward_n16,16,CF,16,16,16,9877.73,560,16,1,0,C,199,0,0,,,6452.730058844853,3665.362473727454,2787.3675851174025,2800.0,545.0,80.0
A_boundary_outward_n16,16,D,16,16,16,8456.111,418,16,1,0,B,0,0,0,,1103.9249399476005,5891.110874623883,3803.676523019975,2087.4343516039053,2090.0,395.0,80.0
A_boundary_outward_n16,16,C3F,16,16,16,8456.111,418,16,1,0,B,0,0,0,,,5891.110874623883,3803.676523019975,2087.4343516039053,2090.0,395.0,80.0
A_boundary_outward_n16,17,B,16,16,16,9137.013,482,16,1,0,B,0,0,0,,,6180.012516541077,3793.179936247601,2386.832580293478,2410.0,467.0,80.0
A_boundary_outward_n16,17,C,16,16,16,13556.717,1081,16,1,0,C,0,0,0,,,6995.716655820346,3147.8854880762797,3847.8311677440706,5405.0,1076.0,80.0
A_boundary_outward_n16,17,BF,16,16,16,8792.013,425,16,1,0,B,57,0,0,,,6180.012516541077,3793.179936247601,2386.832580293478,2125.0,407.0,80.0
A_boundary_outward_n16,17,CF,16,16,16,10817.717,626,16,1,0,C,455,0,0,,,6995.716655820346,3147.8854880762797,3847.8311677440706,3130.0,612.0,80.0
A_boundary_outward_n16,17,D,16,16,16,8792.013,425,16,1,0,B,57,57,0,1573.1472345104219,1493.440226517022,6180.012516541077,3793.179936247601,2386.832580293478,2125.0,407.0,80.0
A_boundary_outward_n16,17,C3F,16,16,16,9137.013,482,16,1,0,B,0,0,0,,,6180.012516541077,3793.179936247601,2386.832580293478,2410.0,467.0,80.0
A_boundary_outward_n16,18,B,16,16,16,8376.661,388,16,1,0,B,0,0,0,,,5972.661023383244,3942.5409072277125,2030.120116155531,1940.0,384.0,80.0
A_boundary_outward_n16,18,C,16,16,16,11242.69,788,16,1,0,C,0,0,0,,,6439.690359688163,3330.027431912455,3109.662927775705,3940.0,783.0,80.0
A_boundary_outward_n16,18,BF,16,16,16,8268.661,370,16,1,0,B,18,0,0,,,5972.661023383244,3942.5409072277125,2030.120116155531,1850.0,366.0,80.0
A_boundary_outward_n16,18,CF,16,16,16,9523.69,504,16,1,0,C,284,0,0,,,6439.690359688163,3330.027431912455,3109.662927775705,2520.0,484.0,80.0
A_boundary_outward_n16,18,D,16,16,16,8268.661,370,16,1,0,B,18,18,0,1501.8756112436754,1368.8760569930193,5972.661023383244,3942.5409072277125,2030.120116155531,1850.0,366.0,80.0
A_boundary_outward_n16,18,C3F,16,16,16,8376.661,388,16,1,0,B,0,0,0,,,5972.661023383244,3942.5409072277125,2030.120116155531,1940.0,384.0,80.0
A_boundary_outward_n16,19,B,16,16,16,8535.129,409,16,1,0,B,0,0,0,,,6011.129140803947,3942.1104170913814,2069.018723712565,2045.0,399.0,80.0
A_boundary_outward_n16,19,C,16,16,16,11560.535,825,16,1,0,C,0,0,0,,,6533.535411117229,3481.3657833807893,3052.169627736439,4125.0,822.0,80.0
A_boundary_outward_n16,19,BF,16,16,16,8380.129,382,16,1,0,B,27,0,0,,,6011.129140803947,3942.1104170913814,2069.018723712565,1910.0,379.0,80.0
A_boundary_outward_n16,19,CF,16,16,16,10197.535,599,16,1,0,C,226,0,0,,,6533.535411117229,3481.3657833807893,3052.169627736439,2995.0,589.0,80.0
A_boundary_outward_n16,19,D,16,16,16,8380.129,382,16,1,0,B,27,27,0,1563.519676923431,1484.5784000708875,6011.129140803947,3942.1104170913814,2069.018723712565,1910.0,379.0,80.0
A_boundary_outward_n16,19,C3F,16,16,16,8535.129,409,16,1,0,B,0,0,0,,,6011.129140803947,3942.1104170913814,2069.018723712565,2045.0,399.0,80.0
A_boundary_outward_n16,20,B,16,16,16,8501.464,451,16,1,0,B,0,0,0,,,5719.463865312191,3100.499423009531,2618.9644423026607,2255.0,447.0,80.0
A_boundary_outward_n16,20,C,16,16,16,12228.535,859,16,1,0,C,0,0,0,,,7002.53528078008,3643.819302905091,3358.7159778749956,4295.0,851.0,80.0
A_boundary_outward_n16,20,BF,16,16,16,8031.464,375,16,1,0,B,76,0,0,,,5719.463865312191,3100.499423009531,2618.9644423026607,1875.0,357.0,80.0
A_boundary_outward_n16,20,CF,16,16,16,10537.535,580,16,1,0,C,279,0,0,,,7002.53528078008,3643.819302905091,3358.7159778749956,2900.0,555.0,80.0
A_boundary_outward_n16,20,D,16,16,16,8031.464,375,16,1,0,B,76,76,0,1543.9688615019033,1361.5243723100891,5719.463865312191,3100.499423009531,2618.9644423026607,1875.0,357.0,80.0
A_boundary_outward_n16,20,C3F,16,16,16,8501.464,451,16,1,0,B,0,0,0,,,5719.463865312191,3100.499423009531,2618.9644423026607,2255.0,447.0,80.0
A_boundary_outward_n16,21,B,16,16,16,8075.432,393,16,1,0,B,0,0,0,,,5643.431733774032,3793.334930502837,1850.0968032711962,1965.0,387.0,80.0
A_boundary_outward_n16,21,C,16,16,16,13311.459,989,16,1,0,C,0,0,0,,,7302.459320649787,3479.9832870325254,3822.4760336172603,4945.0,984.0,80.0
A_boundary_outward_n16,21,BF,16,16,16,8075.432,393,16,1,0,B,0,0,0,,,5643.431733774032,3793.334930502837,1850.0968032711962,1965.0,387.0,80.0
A_boundary_outward_n16,21,CF,16,16,16,11105.459,623,16,1,0,C,366,0,0,,,7302.459320649787,3479.9832870325254,3822.4760336172603,3115.0,608.0,80.0
A_boundary_outward_n16,21,D,16,16,16,8075.432,393,16,1,0,B,0,0,0,,1037.9497548214088,5643.431733774032,3793.334930502837,1850.0968032711962,1965.0,387.0,80.0
A_boundary_outward_n16,21,C3F,16,16,16,8075.432,393,16,1,0,B,0,0,0,,,5643.431733774032,3793.334930502837,1850.0968032711962,1965.0,387.0,80.0
A_boundary_outward_n16,22,B,16,16,16,8408.335,369,16,1,0,B,0,0,0,,,6129.33518323144,4033.5440155890824,2095.7911676423582,1845.0,354.0,80.0
A_boundary_outward_n16,22,C,16,16,16,14653.43,1198,16,1,0,C,0,0,0,,,7392.430033531459,3646.2632752289214,3746.1667583025423,5990.0,1191.0,80.0
A_boundary_outward_n16,22,BF,16,16,16,8408.335,369,16,1,0,B,0,0,0,,,6129.33518323144,4033.5440155890824,2095.7911676423582,1845.0,354.0,80.0
A_boundary_outward_n16,22,CF,16,16,16,11063.43,602,16,1,0,C,596,0,0,,,7392.430033531459,3646.2632752289214,3746.1667583025423,3010.0,581.0,80.0
A_boundary_outward_n16,22,D,16,16,16,8408.335,369,16,1,0,B,0,0,0,,1132.767275022541,6129.33518323144,4033.5440155890824,2095.7911676423582,1845.0,354.0,80.0
A_boundary_outward_n16,22,C3F,16,16,16,8408.335,369,16,1,0,B,0,0,0,,,6129.33518323144,4033.5440155890824,2095.7911676423582,1845.0,354.0,80.0
A_boundary_outward_n16,23,B,16,16,16,8329.315,402,16,1,0,B,0,0,0,,,5849.314590517851,3661.0099517879567,2188.3046387298937,2010.0,390.0,80.0
A_boundary_outward_n16,23,C,16,16,16,14156.555,1092,16,1,0,C,0,0,0,,,7540.555489192051,3505.8898776769597,4034.6656115150963,5460.0,1076.0,80.0
A_boundary_outward_n16,23,BF,16,16,16,8112.315,366,16,1,0,B,36,0,0,,,5849.314590517851,3661.0099517879567,2188.3046387298937,1830.0,353.0,80.0
A_boundary_outward_n16,23,CF,16,16,16,12011.555,737,16,1,0,C,355,0,0,,,7540.555489192051,3505.8898776769597,4034.6656115150963,3685.0,706.0,80.0
A_boundary_outward_n16,23,D,16,16,16,8112.315,366,16,1,0,B,36,36,0,1530.8197315555321,1386.9441593573174,5849.314590517851,3661.0099517879567,2188.3046387298937,1830.0,353.0,80.0
A_boundary_outward_n16,23,C3F,16,16,16,8329.315,402,16,1,0,B,0,0,0,,,5849.314590517851,3661.0099517879567,2188.3046387298937,2010.0,390.0,80.0
A_boundary_outward_n16,24,B,16,16,16,9766.808,475,16,1,0,B,0,0,0,,,6860.807915092383,3814.191907914045,3046.616007178339,2375.0,451.0,80.0
A_boundary_outward_n16,24,C,16,16,16,13048.687,941,16,1,0,C,0,0,0,,,7329.68663510176,3617.0262695462607,3712.660365555501,4705.0,934.0,80.0
A_boundary_outward_n16,24,BF,16,16,16,9571.808,443,16,1,0,B,32,0,0,,,6860.807915092383,3814.191907914045,3046.616007178339,2215.0,416.0,80.0
A_boundary_outward_n16,24,CF,16,16,16,10982.687,597,16,1,0,C,344,0,0,,,7329.68663510176,3617.0262695462607,3712.660365555501,2985.0,588.0,80.0
A_boundary_outward_n16,24,D,16,16,16,9571.808,443,16,1,0,B,32,32,0,1563.8274368983941,1422.3976832876822,6860.807915092383,3814.191907914045,3046.616007178339,2215.0,416.0,80.0
A_boundary_outward_n16,24,C3F,16,16,16,9766.808,475,16,1,0,B,0,0,0,,,6860.807915092383,3814.191907914045,3046.616007178339,2375.0,451.0,80.0
A_boundary_outward_n16,25,B,16,16,16,10157.688,527,16,1,0,B,0,0,0,,,6930.687628708461,3951.3937742941894,2979.2938544142735,2635.0,512.0,80.0
A_boundary_outward_n16,25,C,16,16,16,14292.614,1024,16,1,0,C,0,0,0,,,8094.6136902491635,3666.364415637799,4428.249274611368,5120.0,998.0,80.0
A_boundary_outward_n16,25,BF,16,16,16,9578.688,435,16,1,0,B,92,0,0,,,6930.687628708461,3951.3937742941894,2979.2938544142735,2175.0,393.0,80.0
A_boundary_outward_n16,25,CF,16,16,16,11966.614,638,16,1,0,C,386,0,0,,,8094.6136902491635,3666.364415637799,4428.249274611368,3190.0,602.0,80.0
A_boundary_outward_n16,25,D,16,16,16,9578.688,435,16,1,0,B,92,92,0,1551.018101447699,1480.295882243589,6930.687628708461,3951.3937742941894,2979.2938544142735,2175.0,393.0,80.0
A_boundary_outward_n16,25,C3F,16,16,16,10157.688,527,16,1,0,B,0,0,0,,,6930.687628708461,3951.3937742941894,2979.2938544142735,2635.0,512.0,80.0
B_rho000,1,B,12,12,12,8877.519,380,12,1,7,B,0,0,0,,,6564.518601682589,4081.871979393182,2482.6466222894105,1900.0,353.0,60.0
B_rho000,1,C,12,12,12,7960.657,410,12,1,7,C,0,0,0,,,5448.657387005664,3701.725952274599,1746.931434731065,2050.0,402.0,60.0
B_rho000,1,BF,12,12,12,8697.519,350,12,1,7,B,30,0,0,,,6564.518601682589,4081.871979393182,2482.6466222894105,1750.0,323.0,60.0
B_rho000,1,CF,12,12,12,7660.657,360,12,1,7,C,50,0,0,,,5448.657387005664,3701.725952274599,1746.931434731065,1800.0,352.0,60.0
B_rho000,1,D,12,12,12,7660.657,360,12,1,7,C,50,50,0,1541.7308319107367,1489.2107479340075,5448.657387005664,3701.725952274599,1746.931434731065,1800.0,352.0,60.0
B_rho000,2,B,11,11,11,8470.272,367,11,1,4,B,0,0,0,,,6220.271856223203,4082.116447035297,2138.155409187907,1835.0,360.0,55.0
B_rho000,2,C,11,11,11,7878.957,454,11,1,4,C,0,0,0,,,5105.95739318414,3722.36505313067,1383.5923400534712,2270.0,448.0,55.0
B_rho000,2,BF,11,11,11,8368.272,350,11,1,4,B,17,0,0,,,6220.271856223203,4082.116447035297,2138.155409187907,1750.0,343.0,55.0
B_rho000,2,CF,11,11,11,7360.957,367,11,1,4,C,87,0,0,,,5105.95739318414,3722.36505313067,1383.5923400534712,1835.0,365.0,55.0
B_rho000,2,D,11,11,11,7360.957,367,11,1,4,C,87,87,0,1506.3489002060194,1480.710031200828,5105.95739318414,3722.36505313067,1383.5923400534712,1835.0,365.0,55.0
B_rho000,3,B,10,10,10,7820.395,369,10,1,4,B,0,0,0,,,5558.395115897002,4095.0748281304236,1463.3202877665794,1845.0,367.0,50.0
B_rho000,3,C,10,10,10,7633.828,440,10,1,4,C,0,0,0,,,4948.827898438443,3711.329026862747,1237.4988715756958,2200.0,435.0,50.0
B_rho000,3,BF,10,10,10,7802.395,366,10,1,4,B,3,0,0,,,5558.395115897002,4095.0748281304236,1463.3202877665794,1830.0,364.0,50.0
B_rho000,3,CF,10,10,10,7435.828,407,10,1,4,C,33,0,0,,,4948.827898438443,3711.329026862747,1237.4988715756958,2035.0,402.0,50.0
B_rho000,3,D,10,10,10,7435.828,407,10,1,4,C,33,33,0,1515.124475221259,1469.7113821308974,4948.827898438443,3711.329026862747,1237.4988715756958,2035.0,402.0,50.0
B_rho000,4,B,16,16,16,8956.183,351,16,1,4,B,0,0,0,,,6793.183149437903,3833.6018939797273,2959.581255458178,1755.0,328.0,80.0
B_rho000,4,C,16,16,16,7367.887,421,16,1,4,C,0,0,0,,,4772.886965568138,1463.9335097538014,3308.9534558143364,2105.0,410.0,80.0
B_rho000,4,BF,16,16,16,8860.183,335,16,1,4,B,16,0,0,,,6793.183149437903,3833.6018939797273,2959.581255458178,1675.0,312.0,80.0
B_rho000,4,CF,16,16,16,6292.887,244,16,1,4,C,177,0,0,,,4772.886965568138,1463.9335097538014,3308.9534558143364,1220.0,220.0,80.0
B_rho000,4,D,16,16,16,6292.887,244,16,1,4,C,177,177,0,1506.3489002060187,1488.237138728964,4772.886965568138,1463.9335097538014,3308.9534558143364,1220.0,220.0,80.0
B_rho000,5,B,12,12,12,8376.351,369,12,1,4,B,0,0,0,,,6121.351221129021,4081.871979393182,2039.4792417358383,1845.0,350.0,60.0
B_rho000,5,C,12,12,12,7613.205,391,12,1,4,C,0,0,0,,,5209.205110031296,3658.1998536787332,1551.005256352563,1955.0,389.0,60.0
B_rho000,5,BF,12,12,12,8340.351,363,12,1,4,B,6,0,0,,,6121.351221129021,4081.871979393182,2039.4792417358383,1815.0,344.0,60.0
B_rho000,5,CF,12,12,12,7241.205,329,12,1,4,C,62,0,0,,,5209.205110031296,3658.1998536787332,1551.005256352563,1645.0,327.0,60.0
B_rho000,5,D,12,12,12,7241.205,329,12,1,4,C,62,62,0,1559.0657054852195,1486.514777385789,5209.205110031296,3658.1998536787332,1551.005256352563,1645.0,327.0,60.0
B_rho000,6,B,11,11,11,8376.624,389,11,1,5,B,0,0,0,,,5996.6236137385295,4081.871979393182,1914.7516343453485,1945.0,380.0,55.0
B_rho000,6,C,11,11,11,7432.696,382,11,1,5,C,0,0,0,,,5086.695564784674,3677.863275066654,1408.8322897180221,1910.0,381.0,55.0
B_rho000,6,BF,11,11,11,8298.624,376,11,1,5,B,13,0,0,,,5996.6236137385295,4081.871979393182,1914.7516343453485,1880.0,367.0,55.0
B_rho000,6,CF,11,11,11,7306.696,361,11,1,5,C,21,0,0,,,5086.695564784674,3677.863275066654,1408.8322897180221,1805.0,360.0,55.0
B_rho000,6,D,11,11,11,7306.696,361,11,1,5,C,21,21,0,1506.6070345817545,1391.6255191061055,5086.695564784674,3677.863275066654,1408.8322897180221,1805.0,360.0,55.0
B_rho000,7,B,16,16,16,7251.562,232,16,1,9,B,0,0,0,,,5790.56212541095,2498.9430346117656,3291.619090799186,1160.0,221.0,80.0
B_rho000,7,C,16,16,16,6193.338,339,16,1,9,C,0,0,0,,,4088.3376728808253,878.432076265683,3209.905596615141,1695.0,330.0,80.0
B_rho000,7,BF,16,16,16,7119.562,210,16,1,9,B,22,0,0,,,5790.56212541095,2498.9430346117656,3291.619090799186,1050.0,199.0,80.0
B_rho000,7,CF,16,16,16,5309.338,192,16,1,9,C,147,0,0,,,4088.3376728808253,878.432076265683,3209.905596615141,960.0,181.0,80.0
B_rho000,7,D,16,16,16,5309.338,192,16,1,9,C,147,147,0,1511.7282662542436,1499.1244155520765,4088.3376728808253,878.432076265683,3209.905596615141,960.0,181.0,80.0
B_rho000,8,B,16,16,16,7432.989,265,16,1,6,B,0,0,0,,,5782.988577689472,3168.140311493682,2614.848266195788,1325.0,245.0,80.0
B_rho000,8,C,16,16,16,6032.07,261,16,1,6,C,0,0,0,,,4395.070111387563,1909.335447033378,2485.734664354185,1305.0,252.0,80.0
B_rho000,8,BF,16,16,16,7366.989,254,16,1,6,B,11,0,0,,,5782.988577689472,3168.140311493682,2614.848266195788,1270.0,234.0,80.0
B_rho000,8,CF,16,16,16,5577.07,186,16,1,6,C,75,0,0,,,4395.070111387563,1909.335447033378,2485.734664354185,930.0,172.0,80.0
B_rho000,8,D,16,16,16,5577.07,186,16,1,6,C,75,75,0,1501.8292851866718,1496.8811566602624,4395.070111387563,1909.335447033378,2485.734664354185,930.0,172.0,80.0
B_rho000,9,B,16,16,16,8685.005,344,16,1,3,B,0,0,0,,,6556.005464264948,3640.260956043909,2915.7445082210406,1720.0,329.0,80.0
B_rho000,9,C,16,16,16,6041.85,298,16,1,3,C,0,0,0,,,4175.8500331726655,1235.3570454172489,2940.4929877554155,1490.0,296.0,80.0
B_rho000,9,BF,16,16,16,8517.005,316,16,1,3,B,28,0,0,,,6556.005464264948,3640.260956043909,2915.7445082210406,1580.0,301.0,80.0
B_rho000,9,CF,16,16,16,5481.85,205,16,1,3,C,93,0,0,,,4175.8500331726655,1235.3570454172489,2940.4929877554155,1025.0,201.0,80.0
B_rho000,9,D,16,16,16,5481.85,205,16,1,3,C,93,93,0,1544.3661187579785,1496.254394964259,4175.8500331726655,1235.3570454172489,2940.4929877554155,1025.0,201.0,80.0
B_rho000,10,B,16,16,16,7285.712,268,16,1,5,B,0,0,0,,,5608.712135252425,3179.543957876698,2429.1681773757277,1340.0,257.0,80.0
B_rho000,10,C,16,16,16,6111.507,330,16,1,5,C,0,0,0,,,4061.5074013207727,1074.445470520294,2987.061930800479,1650.0,320.0,80.0
B_rho000,10,BF,16,16,16,7201.712,254,16,1,5,B,14,0,0,,,5608.712135252425,3179.543957876698,2429.1681773757277,1270.0,243.0,80.0
B_rho000,10,CF,16,16,16,5301.507,196,16,1,5,C,134,0,0,,,4061.5074013207727,1074.445470520294,2987.061930800479,980.0,180.0,80.0
B_rho000,10,D,16,16,16,5301.507,196,16,1,5,C,134,134,0,1506.3489002060198,1488.0717186017225,4061.5074013207727,1074.445470520294,2987.061930800479,980.0,180.0,80.0
B_rho000,11,B,16,16,16,8970.375,335,16,1,5,B,0,0,0,,,6902.375073857662,3417.7870128143663,3484.5880610432973,1675.0,313.0,80.0
B_rho000,11,C,16,16,16,7637.527,355,16,1,5,C,0,0,0,,,5433.5274962776,3303.8483169727638,2129.6791793048365,1775.0,349.0,80.0
B_rho000,11,BF,16,16,16,8928.375,328,16,1,5,B,7,0,0,,,6902.375073857662,3417.7870128143663,3484.5880610432973,1640.0,306.0,80.0
B_rho000,11,CF,16,16,16,7091.527,264,16,1,5,C,91,0,0,,,5433.5274962776,3303.8483169727638,2129.6791793048365,1320.0,258.0,80.0
B_rho000,11,D,16,16,16,7091.527,264,16,1,5,C,91,91,0,1540.593472422627,1486.5147773857889,5433.5274962776,3303.8483169727638,2129.6791793048365,1320.0,258.0,80.0
B_rho000,12,B,15,15,15,9389.996,338,15,1,5,B,0,0,0,,,7303.996182766745,4081.871979393182,3222.1242033735643,1690.0,321.0,75.0
B_rho000,12,C,15,15,15,6997.527,319,15,1,5,C,0,0,0,,,5009.526887172819,3693.7697068352536,1315.7571803375652,1595.0,318.0,75.0
B_rho000,12,BF,15,15,15,9371.996,335,15,1,5,B,3,0,0,,,7303.996182766745,4081.871979393182,3222.1242033735643,1675.0,318.0,75.0
B_rho000,12,CF,15,15,15,6721.527,273,15,1,5,C,46,0,0,,,5009.526887172819,3693.7697068352536,1315.7571803375652,1365.0,272.0,75.0
B_rho000,12,D,15,15,15,6721.527,273,15,1,5,C,46,46,0,1592.1665060654516,1437.6265192426097,5009.526887172819,3693.7697068352536,1315.7571803375652,1365.0,272.0,75.0
B_rho000,13,B,16,16,16,8333.362,342,16,1,4,B,0,0,0,,,6231.362045143181,3571.2171871734818,2660.1448579697008,1710.0,312.0,80.0
B_rho000,13,C,16,16,16,7798.411,398,16,1,4,C,0,0,0,,,5347.410822954678,2744.4437933784793,2602.967029576198,1990.0,381.0,80.0
B_rho000,13,BF,16,16,16,8261.362,330,16,1,4,B,12,0,0,,,6231.362045143181,3571.2171871734818,2660.1448579697008,1650.0,300.0,80.0
B_rho000,13,CF,16,16,16,7140.411,290,16,1,4,C,108,0,0,,,5347.410822954678,2744.4437933784793,2602.967029576198,1450.0,263.0,80.0
B_rho000,13,D,16,16,16,7140.411,290,16,1,4,C,108,108,0,1547.424696289779,1489.3778600095907,5347.410822954678,2744.4437933784793,2602.967029576198,1450.0,263.0,80.0
B_rho000,14,B,10,10,10,8685.363,402,10,1,3,B,0,0,0,,,6242.362824256144,4081.871979393182,2160.490844862966,2010.0,383.0,50.0
B_rho000,14,C,10,10,10,7973.081,453,10,1,3,C,0,0,0,,,5206.081491869697,3680.2084931747454,1525.8729986949534,2265.0,452.0,50.0
B_rho000,14,BF,10,10,10,8613.363,390,10,1,3,B,12,0,0,,,6242.362824256144,4081.871979393182,2160.490844862966,1950.0,371.0,50.0
B_rho000,14,CF,10,10,10,7661.081,401,10,1,3,C,52,0,0,,,5206.081491869697,3680.2084931747454,1525.8729986949534,2005.0,400.0,50.0
B_rho000,14,D,10,10,10,7661.081,401,10,1,3,C,52,52,0,1513.2565162088815,1267.0759498703655,5206.081491869697,3680.2084931747454,1525.8729986949534,2005.0,400.0,50.0
B_rho000,15,B,11,11,11,8703.317,425,11,1,1,B,0,0,0,,,6110.316648344938,4081.871979393182,2028.444668951757,2125.0,413.0,55.0
B_rho000,15,C,11,11,11,8427.863,487,11,1,1,C,0,0,0,,,5463.863306096849,3695.7785481274095,1768.0847579694419,2435.0,474.0,55.0
B_rho000,15,BF,11,11,11,8524.317,395,11,1,1,B,30,0,0,,,6110.316648344938,4081.871979393182,2028.444668951757,1975.0,384.0,55.0
B_rho000,15,CF,11,11,11,7913.863,402,11,1,1,C,85,0,0,,,5463.863306096849,3695.7785481274095,1768.0847579694419,2010.0,385.0,55.0
B_rho000,15,D,11,11,11,7913.863,402,11,1,1,C,85,85,0,1506.3489002060187,1486.5147773857914,5463.863306096849,3695.7785481274095,1768.0847579694419,2010.0,385.0,55.0
B_rho000,16,B,11,11,11,8500.681,364,11,1,3,B,0,0,0,,,6271.681278330335,4084.623649102441,2187.0576292278934,1820.0,354.0,55.0
B_rho000,16,C,11,11,11,8010.147,439,11,1,3,C,0,0,0,,,5335.147202663457,3700.2066083152145,1634.9405943482454,2195.0,425.0,55.0
B_rho000,16,BF,11,11,11,8488.681,362,11,1,3,B,2,0,0,,,6271.681278330335,4084.623649102441,2187.0576292278934,1810.0,352.0,55.0
B_rho000,16,CF,11,11,11,7722.147,391,11,1,3,C,48,0,0,,,5335.147202663457,3700.2066083152145,1634.9405943482454,1955.0,377.0,55.0
B_rho000,16,D,11,11,11,7722.147,391,11,1,3,C,48,48,0,1511.9864994501127,1486.5147773857896,5335.147202663457,3700.2066083152145,1634.9405943482454,1955.0,377.0,55.0
B_rho000,17,B,14,14,14,9465.094,423,14,1,5,B,0,0,0,,,6878.093858668667,4081.871979393182,2796.2218792754866,2115.0,402.0,70.0
B_rho000,17,C,14,14,14,7822.622,372,14,1,5,C,0,0,0,,,5529.622155035871,3651.333487341498,1878.2886676943733,1860.0,363.0,70.0
B_rho000,17,BF,14,14,14,9318.094,398,14,1,5,B,25,0,0,,,6878.093858668667,4081.871979393182,2796.2218792754866,1990.0,380.0,70.0
B_rho000,17,CF,14,14,14,7469.622,313,14,1,5,C,59,0,0,,,5529.622155035871,3651.333487341498,1878.2886676943733,1565.0,305.0,70.0
B_rho000,17,D,14,14,14,7469.622,313,14,1,5,C,59,59,0,1516.4529698057563,1499.5668654037415,5529.622155035871,3651.333487341498,1878.2886676943733,1565.0,305.0,70.0
B_rho000,18,B,13,13,13,8549.719,356,13,1,4,B,0,0,0,,,6355.719328375572,4081.871979393182,2273.8473489823914,1780.0,349.0,65.0
B_rho000,18,C,13,13,13,7328.503,365,13,1,4,C,0,0,0,,,5074.5029419181055,3721.598576323238,1352.9043655948674,1825.0,364.0,65.0
B_rho000,18,BF,13,13,13,8513.719,350,13,1,4,B,6,0,0,,,6355.719328375572,4081.871979393182,2273.8473489823914,1750.0,343.0,65.0
B_rho000,18,CF,13,13,13,6926.503,298,13,1,4,C,67,0,0,,,5074.5029419181055,3721.598576323238,1352.9043655948674,1490.0,297.0,65.0
B_rho000,18,D,13,13,13,6926.503,298,13,1,4,C,67,67,0,1519.6344503609384,1437.6265192426104,5074.5029419181055,3721.598576323238,1352.9043655948674,1490.0,297.0,65.0
B_rho000,19,B,14,14,14,8909.691,328,14,1,9,B,0,0,0,,,6885.691143776088,4081.871979393182,2803.8191643829086,1640.0,314.0,70.0
B_rho000,19,C,14,14,14,7346.105,328,14,1,9,C,0,0,0,,,5320.1049494473455,3742.245756013919,1577.859193433429,1640.0,316.0,70.0
B_rho000,19,BF,14,14,14,8759.691,303,14,1,9,B,25,0,0,,,6885.691143776088,4081.871979393182,2803.8191643829086,1515.0,289.0,70.0
B_rho000,19,CF,14,14,14,7118.105,290,14,1,9,C,38,0,0,,,5320.1049494473455,3742.245756013919,1577.859193433429,1450.0,278.0,70.0
B_rho000,19,D,14,14,14,7118.105,290,14,1,9,C,38,38,0,1506.3489002060187,1477.689283672441,5320.1049494473455,3742.245756013919,1577.859193433429,1450.0,278.0,70.0
B_rho000,20,B,13,13,13,7882.048,317,13,1,2,B,0,0,0,,,5923.047581617045,4083.2302655291946,1839.8173160878525,1585.0,309.0,65.0
B_rho000,20,C,13,13,13,7623.686,390,13,1,2,C,0,0,0,,,5220.686283761167,3750.238252197582,1470.4480315635838,1950.0,388.0,65.0
B_rho000,20,BF,13,13,13,7864.048,314,13,1,2,B,3,0,0,,,5923.047581617045,4083.2302655291946,1839.8173160878525,1570.0,306.0,65.0
B_rho000,20,CF,13,13,13,7275.686,332,13,1,2,C,58,0,0,,,5220.686283761167,3750.238252197582,1470.4480315635838,1660.0,330.0,65.0
B_rho000,20,D,13,13,13,7275.686,332,13,1,2,C,58,58,0,1540.593472422631,1448.3646045277985,5220.686283761167,3750.238252197582,1470.4480315635838,1660.0,330.0,65.0
B_rho000,21,B,13,13,13,8549.513,328,13,1,4,B,0,0,0,,,6526.5127669949115,4081.871979393182,2444.64078760173,1640.0,318.0,65.0
B_rho000,21,C,13,13,13,8306.285,425,13,1,4,C,0,0,0,,,5699.285000956863,3676.5670283141053,2022.717972642757,2125.0,417.0,65.0
B_rho000,21,BF,13,13,13,8549.513,328,13,1,4,B,0,0,0,,,6526.5127669949115,4081.871979393182,2444.64078760173,1640.0,318.0,65.0
B_rho000,21,CF,13,13,13,7806.285,342,13,1,4,C,83,0,0,,,5699.285000956863,3676.5670283141053,2022.717972642757,1710.0,332.0,65.0
B_rho000,21,D,13,13,13,7806.285,342,13,1,4,C,83,83,0,1563.4796710469873,1478.857800057393,5699.285000956863,3676.5670283141053,2022.717972642757,1710.0,332.0,65.0
B_rho000,22,B,16,16,16,8167.329,283,16,1,5,B,0,0,0,,,6414.328614470356,3417.7870128143663,2996.5416016559875,1415.0,258.0,80.0
B_rho000,22,C,16,16,16,7520.668,371,16,1,5,C,0,0,0,,,5231.667640589033,2256.9288415515434,2974.7387990374887,1855.0,354.0,80.0
B_rho000,22,BF,16,16,16,8083.329,269,16,1,5,B,14,0,0,,,6414.328614470356,3417.7870128143663,2996.5416016559875,1345.0,244.0,80.0
B_rho000,22,CF,16,16,16,6788.668,252,16,1,5,C,119,0,0,,,5231.667640589033,2256.9288415515434,2974.7387990374887,1260.0,217.0,80.0
B_rho000,22,D,16,16,16,6788.668,252,16,1,5,C,119,119,0,1505.4759115923937,1481.8414831536422,5231.667640589033,2256.9288415515434,2974.7387990374887,1260.0,217.0,80.0
B_rho000,23,B,12,12,12,8491.624,386,12,1,5,B,0,0,0,,,6119.624487777667,4081.871979393182,2037.752508384484,1930.0,382.0,60.0
B_rho000,23,C,12,12,12,7788.503,390,12,1,5,C,0,0,0,,,5394.503243500005,3652.486177074654,1742.0170664253492,1950.0,384.0,60.0
B_rho000,23,BF,12,12,12,8293.624,353,12,1,5,B,33,0,0,,,6119.624487777667,4081.871979393182,2037.752508384484,1765.0,349.0,60.0
B_rho000,23,CF,12,12,12,7410.503,327,12,1,5,C,63,0,0,,,5394.503243500005,3652.486177074654,1742.0170664253492,1635.0,321.0,60.0
B_rho000,23,D,12,12,12,7410.503,327,12,1,5,C,63,63,0,1509.8090072470811,1495.998468689036,5394.503243500005,3652.486177074654,1742.0170664253492,1635.0,321.0,60.0
B_rho000,24,B,11,11,11,9246.591,399,11,1,4,B,0,0,0,,,6811.590521270566,4081.871979393182,2729.718541877384,1995.0,385.0,55.0
B_rho000,24,C,11,11,11,7503.006,397,11,1,4,C,0,0,0,,,5079.006365869744,3716.1217689109662,1362.8845969587785,1985.0,384.0,55.0
B_rho000,24,BF,11,11,11,9198.591,391,11,1,4,B,8,0,0,,,6811.590521270566,4081.871979393182,2729.718541877384,1955.0,377.0,55.0
B_rho000,24,CF,11,11,11,7329.006,368,11,1,4,C,29,0,0,,,5079.006365869744,3716.1217689109662,1362.8845969587785,1840.0,355.0,55.0
B_rho000,24,D,11,11,11,7329.006,368,11,1,4,C,29,29,0,1503.2407379474748,1337.4541274657872,5079.006365869744,3716.1217689109662,1362.8845969587785,1840.0,355.0,55.0
B_rho000,25,B,16,16,16,7133.629,257,16,1,5,B,0,0,0,,,5521.628605691472,3037.9231354339213,2483.7054702575533,1285.0,247.0,80.0
B_rho000,25,C,16,16,16,6268.604,294,16,1,5,C,0,0,0,,,4428.603569109795,1880.039609218935,2548.5639598908588,1470.0,290.0,80.0
B_rho000,25,BF,16,16,16,7055.629,244,16,1,5,B,13,0,0,,,5521.628605691472,3037.9231354339213,2483.7054702575533,1220.0,234.0,80.0
B_rho000,25,CF,16,16,16,5595.604,183,16,1,5,C,111,0,0,,,4428.603569109795,1880.039609218935,2548.5639598908588,915.0,172.0,80.0
B_rho000,25,D,16,16,16,5595.604,183,16,1,5,C,111,111,0,1521.5026219133,1486.5147773857873,4428.603569109795,1880.039609218935,2548.5639598908588,915.0,172.0,80.0
B_rho000,26,B,10,10,10,8644.264,380,10,1,3,B,0,0,0,,,6324.264491428425,4081.871979393182,2242.392512035247,1900.0,370.0,50.0
B_rho000,26,C,10,10,10,7789.767,421,10,1,3,C,0,0,0,,,5218.766652487675,3675.3102071486946,1543.4564453389794,2105.0,416.0,50.0
B_rho000,26,BF,10,10,10,8644.264,380,10,1,3,B,0,0,0,,,6324.264491428425,4081.871979393182,2242.392512035247,1900.0,370.0,50.0
B_rho000,26,CF,10,10,10,7652.767,398,10,1,3,C,23,0,0,,,5218.766652487675,3675.3102071486946,1543.4564453389794,1990.0,394.0,50.0
B_rho000,26,D,10,10,10,7652.767,398,10,1,3,C,23,23,0,1520.2261595170428,1463.643925684463,5218.766652487675,3675.3102071486946,1543.4564453389794,1990.0,394.0,50.0
B_rho000,27,B,12,12,12,8694.673,344,12,1,5,B,0,0,0,,,6589.673150785006,4081.871979393182,2507.8011713918245,1720.0,325.0,60.0
B_rho000,27,C,12,12,12,7856.558,415,12,1,5,C,0,0,0,,,5315.557777383645,3693.065863561071,1622.4919138225748,2075.0,406.0,60.0
B_rho000,27,BF,12,12,12,8646.673,336,12,1,5,B,8,0,0,,,6589.673150785006,4081.871979393182,2507.8011713918245,1680.0,317.0,60.0
B_rho000,27,CF,12,12,12,7544.558,363,12,1,5,C,52,0,0,,,5315.557777383645,3693.065863561071,1622.4919138225748,1815.0,354.0,60.0
B_rho000,27,D,12,12,12,7544.558,363,12,1,5,C,52,52,0,1506.3489002060176,1498.1967198483678,5315.557777383645,3693.065863561071,1622.4919138225748,1815.0,354.0,60.0
B_rho000,28,B,14,14,14,8405.805,349,14,1,5,B,0,0,0,,,6247.805228630612,4081.871979393182,2165.9332492374306,1745.0,343.0,70.0
B_rho000,28,C,14,14,14,7049.647,317,14,1,5,C,0,0,0,,,5080.646957470051,3732.392521299872,1348.2544361701798,1585.0,314.0,70.0
B_rho000,28,BF,14,14,14,8273.805,327,14,1,5,B,22,0,0,,,6247.805228630612,4081.871979393182,2165.9332492374306,1635.0,321.0,70.0
B_rho000,28,CF,14,14,14,6827.647,280,14,1,5,C,37,0,0,,,5080.646957470051,3732.392521299872,1348.2544361701798,1400.0,277.0,70.0
B_rho000,28,D,14,14,14,6827.647,280,14,1,5,C,37,37,0,1505.7339009660134,1499.1926062997622,5080.646957470051,3732.392521299872,1348.2544361701798,1400.0,277.0,70.0
B_rho000,29,B,15,15,15,8756.668,343,15,1,3,B,0,0,0,,,6633.667830783784,4130.847190775363,2502.8206400084205,1715.0,333.0,75.0
B_rho000,29,C,15,15,15,7884.516,402,15,1,3,C,0,0,0,,,5412.516089596269,3763.4097745841204,1649.1063150121502,2010.0,387.0,75.0
B_rho000,29,BF,15,15,15,8720.668,337,15,1,3,B,6,0,0,,,6633.667830783784,4130.847190775363,2502.8206400084205,1685.0,327.0,75.0
B_rho000,29,CF,15,15,15,7246.516,295,15,1,3,C,107,0,0,,,5412.516089596269,3763.4097745841204,1649.1063150121502,1475.0,284.0,75.0
B_rho000,29,D,15,15,15,7246.516,295,15,1,3,C,107,107,0,1535.814190874886,1491.481044353933,5412.516089596269,3763.4097745841204,1649.1063150121502,1475.0,284.0,75.0
B_rho000,30,B,12,12,12,8265.033,365,12,1,6,B,0,0,0,,,6026.032839893495,4081.871979393182,1944.1608605003137,1825.0,354.0,60.0
B_rho000,30,C,12,12,12,7462.132,389,12,1,6,C,0,0,0,,,5078.131540669947,3683.1666109222942,1394.9649297476528,1945.0,379.0,60.0
B_rho000,30,BF,12,12,12,8127.033,342,12,1,6,B,23,0,0,,,6026.032839893495,4081.871979393182,1944.1608605003137,1710.0,331.0,60.0
B_rho000,30,CF,12,12,12,7222.132,349,12,1,6,C,40,0,0,,,5078.131540669947,3683.1666109222942,1394.9649297476528,1745.0,339.0,60.0
B_rho000,30,D,12,12,12,7222.132,349,12,1,6,C,40,40,0,1540.5934724226283,1486.5147773857886,5078.131540669947,3683.1666109222942,1394.9649297476528,1745.0,339.0,60.0
B_rho010,1,B,14,14,14,8771.881,357,14,1,5,B,0,0,0,,,6579.880561343208,4081.871979393182,2498.008581950024,1785.0,337.0,70.0
B_rho010,1,C,14,14,14,7396.835,344,14,1,5,C,0,0,0,,,5264.835429548704,3759.065989349549,1505.769440199156,1720.0,342.0,70.0
B_rho010,1,BF,14,14,14,8725.881,349,14,1,5,B,8,0,0,,,6579.880561343208,4081.871979393182,2498.008581950024,1745.0,331.0,70.0
B_rho010,1,CF,14,14,14,7126.835,299,14,1,5,C,45,0,0,,,5264.835429548704,3759.065989349549,1505.769440199156,1495.0,297.0,70.0
B_rho010,1,D,14,14,14,7126.835,299,14,1,5,C,45,45,0,1506.3489002060176,1486.5147773857907,5264.835429548704,3759.065989349549,1505.769440199156,1495.0,297.0,70.0
B_rho010,2,B,11,11,11,8118.9,348,11,1,2,B,0,0,0,,,5982.900087571711,4132.189032461086,1850.7110551106239,1740.0,341.0,55.0
B_rho010,2,C,11,11,11,8015.891,451,11,1,2,C,0,0,0,,,5257.8909613312635,3702.1407856139467,1555.7501757173147,2255.0,448.0,55.0
B_rho010,2,BF,11,11,11,8118.9,348,11,1,2,B,0,0,0,,,5982.900087571711,4132.189032461086,1850.7110551106239,1740.0,341.0,55.0
B_rho010,2,CF,11,11,11,7481.891,362,11,1,2,C,89,0,0,,,5257.8909613312635,3702.1407856139467,1555.7501757173147,1810.0,359.0,55.0
B_rho010,2,D,11,11,11,7481.891,362,11,1,2,C,89,89,0,1506.3489002060187,1486.5147773857889,5257.8909613312635,3702.1407856139467,1555.7501757173147,1810.0,359.0,55.0
B_rho010,3,B,12,12,12,8034.756,369,12,1,7,B,0,0,0,,,5769.756000023613,4081.871979393182,1687.8840206304328,1845.0,360.0,60.0
B_rho010,3,C,12,12,12,6960.366,351,12,1,7,C,0,0,0,,,4795.366265572881,3707.4260369549584,1087.9402286179238,1755.0,350.0,60.0
B_rho010,3,BF,12,12,12,7842.756,337,12,1,7,B,32,0,0,,,5769.756000023613,4081.871979393182,1687.8840206304328,1685.0,328.0,60.0
B_rho010,3,CF,12,12,12,6792.366,323,12,1,7,C,28,0,0,,,4795.366265572881,3707.4260369549584,1087.9402286179238,1615.0,322.0,60.0
B_rho010,3,D,12,12,12,6792.366,323,12,1,7,C,28,28,0,1530.455256083187,1407.7195312864656,4795.366265572881,3707.4260369549584,1087.9402286179238,1615.0,322.0,60.0
B_rho010,4,B,10,10,10,8122.75,410,10,1,5,B,0,0,0,,,5623.750076717349,4096.438340159651,1527.3117365576998,2050.0,399.0,50.0
B_rho010,4,C,10,10,10,6949.852,407,10,1,5,C,0,0,0,,,4458.852309718427,3708.915494419727,749.9368152986992,2035.0,406.0,50.0
B_rho010,4,BF,10,10,10,8038.75,396,10,1,5,B,14,0,0,,,5623.750076717349,4096.438340159651,1527.3117365576998,1980.0,385.0,50.0
B_rho010,4,CF,10,10,10,6745.852,373,10,1,5,C,34,0,0,,,4458.852309718427,3708.915494419727,749.9368152986992,1865.0,372.0,50.0
B_rho010,4,D,10,10,10,6745.852,373,10,1,5,C,34,34,0,1531.637359780519,1498.3880767112696,4458.852309718427,3708.915494419727,749.9368152986992,1865.0,372.0,50.0
B_rho010,5,B,13,13,13,8996.39,356,13,1,6,B,0,0,0,,,6807.390298074658,4094.838397985648,2712.5519000890095,1780.0,344.0,65.0
B_rho010,5,C,13,13,13,8322.919,431,13,1,6,C,0,0,0,,,5687.919492792051,3688.2134416605722,1999.7060511314792,2155.0,415.0,65.0
B_rho010,5,BF,13,13,13,8846.39,331,13,1,6,B,25,0,0,,,6807.390298074658,4094.838397985648,2712.5519000890095,1655.0,319.0,65.0
B_rho010,5,CF,13,13,13,7805.919,345,13,1,6,C,86,0,0,,,5687.919492792051,3688.2134416605722,1999.7060511314792,1725.0,328.0,65.0
B_rho010,5,D,13,13,13,7805.919,345,13,1,6,C,86,86,0,1510.9417254014427,1455.276993427434,5687.919492792051,3688.2134416605722,1999.7060511314792,1725.0,328.0,65.0
B_rho010,6,B,11,11,11,8281.592,383,11,1,5,B,0,0,0,,,5940.592094938252,4094.7725173032068,1845.819577635045,1915.0,371.0,55.0
B_rho010,6,C,11,11,11,8255.352,426,11,1,5,C,0,0,0,,,5664.351779388934,3679.190814608682,1985.160964780252,2130.0,406.0,55.0
B_rho010,6,BF,11,11,11,8113.592,355,11,1,5,B,28,0,0,,,5940.592094938252,4094.7725173032068,1845.819577635045,1775.0,343.0,55.0
B_rho010,6,CF,11,11,11,7928.352,371,11,1,5,C,55,0,0,,,5664.351779388934,3679.190814608682,1985.160964780252,1855.0,354.0,55.0
B_rho010,6,D,11,11,11,7928.352,371,11,1,5,C,55,55,0,1521.0850266769041,1486.5147773857889,5664.351779388934,3679.190814608682,1985.160964780252,1855.0,354.0,55.0
B_rho010,7,B,10,10,10,8612.532,369,10,1,4,B,0,0,0,,,6365.532011106019,4087.1194205807424,2278.412590525281,1845.0,352.0,50.0
B_rho010,7,C,10,10,10,7601.092,425,10,1,4,C,0,0,0,,,5002.091895804093,3644.895788429634,1357.1961073744587,2125.0,424.0,50.0
B_rho010,7,BF,10,10,10,8576.532,363,10,1,4,B,6,0,0,,,6365.532011106019,4087.1194205807424,2278.412590525281,1815.0,346.0,50.0
B_rho010,7,CF,10,10,10,7301.092,375,10,1,4,C,50,0,0,,,5002.091895804093,3644.895788429634,1357.1961073744587,1875.0,374.0,50.0
B_rho010,7,D,10,10,10,7301.092,375,10,1,4,C,50,50,0,1508.4811153332005,1499.897404808817,5002.091895804093,3644.895788429634,1357.1961073744587,1875.0,374.0,50.0
B_rho010,8,B,12,12,12,7864.392,305,12,1,6,B,0,0,0,,,5977.392029201576,4114.632625059011,1862.7594041425643,1525.0,302.0,60.0
B_rho010,8,C,12,12,12,8130.849,401,12,1,6,C,0,0,0,,,5674.849193368653,3635.347147560826,2039.5020458078288,2005.0,391.0,60.0
B_rho010,8,BF,12,12,12,7828.392,299,12,1,6,B,6,0,0,,,5977.392029201576,4114.632625059011,1862.7594041425643,1495.0,296.0,60.0
B_rho010,8,CF,12,12,12,7812.849,348,12,1,6,C,53,0,0,,,5674.849193368653,3635.347147560826,2039.5020458078288,1740.0,338.0,60.0
B_rho010,8,D,12,12,12,7812.849,348,12,1,6,C,53,53,0,1525.3287085266809,1494.0469846663877,5674.849193368653,3635.347147560826,2039.5020458078288,1740.0,338.0,60.0
B_rho010,9,B,16,16,16,9746.345,374,16,1,6,B,0,0,0,,,7466.345393305462,3943.6069041055794,3522.738489199892,1870.0,330.0,80.0
B_rho010,9,C,16,16,16,7950.244,386,16,1,6,C,0,0,0,,,5568.244140358955,2623.2780621223583,2944.9660782365972,1930.0,372.0,80.0
B_rho010,9,BF,16,16,16,9578.345,346,16,1,6,B,28,0,0,,,7466.345393305462,3943.6069041055794,3522.738489199892,1730.0,302.0,80.0
B_rho010,9,CF,16,16,16,7240.244,269,16,1,6,C,117,0,0,,,5568.244140358955,2623.2780621223583,2944.9660782365972,1345.0,247.0,80.0
B_rho010,9,D,16,16,16,7240.244,269,16,1,6,C,117,117,0,1510.272946714511,1497.1653773218397,5568.244140358955,2623.2780621223583,2944.9660782365972,1345.0,247.0,80.0
B_rho010,10,B,16,16,16,6458.972,204,16,1,4,B,0,0,0,,,5159.971919612582,2826.8104900913154,2333.1614295212653,1020.0,199.0,80.0
B_rho010,10,C,16,16,16,7483.331,369,16,1,4,C,0,0,0,,,5198.330541628965,2567.77384545855,2630.5566961704158,1845.0,360.0,80.0
B_rho010,10,BF,16,16,16,6434.972,200,16,1,4,B,4,0,0,,,5159.971919612582,2826.8104900913154,2333.1614295212653,1000.0,195.0,80.0
B_rho010,10,CF,16,16,16,6858.331,267,16,1,4,C,102,0,0,,,5198.330541628965,2567.77384545855,2630.5566961704158,1335.0,245.0,80.0
B_rho010,10,D,16,16,16,6858.331,267,16,1,4,C,102,102,0,1508.698497713259,1484.42067940516,5198.330541628965,2567.77384545855,2630.5566961704158,1335.0,245.0,80.0
B_rho010,11,B,12,12,12,8641.09,424,12,1,5,B,0,0,0,,,6052.090315992614,4105.96678227284,1946.123533719774,2120.0,409.0,60.0
B_rho010,11,C,12,12,12,7942.061,393,12,1,5,C,0,0,0,,,5528.0614026103185,3724.9346089696332,1803.1267936406853,1965.0,389.0,60.0
B_rho010,11,BF,12,12,12,8503.09,401,12,1,5,B,23,0,0,,,6052.090315992614,4105.96678227284,1946.123533719774,2005.0,386.0,60.0
B_rho010,11,CF,12,12,12,7606.061,337,12,1,5,C,56,0,0,,,5528.0614026103185,3724.9346089696332,1803.1267936406853,1685.0,333.0,60.0
B_rho010,11,D,12,12,12,7606.061,337,12,1,5,C,56,56,0,1504.639323391779,1437.6265192426101,5528.0614026103185,3724.9346089696332,1803.1267936406853,1685.0,333.0,60.0
B_rho010,12,B,10,10,10,8865.34,420,10,1,2,B,0,0,0,,,6317.340114081432,4085.907015404429,2231.4330986770055,2100.0,398.0,50.0
B_rho010,12,C,10,10,10,7524.293,440,10,1,2,C,0,0,0,,,4839.29287297132,3705.4523933421005,1133.8404796292186,2200.0,435.0,50.0
B_rho010,12,BF,10,10,10,8865.34,420,10,1,2,B,0,0,0,,,6317.340114081432,4085.907015404429,2231.4330986770055,2100.0,398.0,50.0
B_rho010,12,CF,10,10,10,7164.293,380,10,1,2,C,60,0,0,,,4839.29287297132,3705.4523933421005,1133.8404796292186,1900.0,375.0,50.0
B_rho010,12,D,10,10,10,7164.293,380,10,1,2,C,60,60,0,1557.497577945914,1397.554659297735,4839.29287297132,3705.4523933421005,1133.8404796292186,1900.0,375.0,50.0
B_rho010,13,B,11,11,11,8608.548,406,11,1,2,B,0,0,0,,,6129.54815031018,4105.776621728606,2023.7715285815723,2030.0,394.0,55.0
B_rho010,13,C,11,11,11,7975.301,442,11,1,2,C,0,0,0,,,5279.301456741703,3659.6438451837676,1619.6576115579364,2210.0,431.0,55.0
B_rho010,13,BF,11,11,11,8524.548,392,11,1,2,B,14,0,0,,,6129.54815031018,4105.776621728606,2023.7715285815723,1960.0,380.0,55.0
B_rho010,13,CF,11,11,11,7753.301,405,11,1,2,C,37,0,0,,,5279.301456741703,3659.6438451837676,1619.6576115579364,2025.0,394.0,55.0
B_rho010,13,D,11,11,11,7753.301,405,11,1,2,C,37,37,0,1540.5934724226302,1470.9270210768839,5279.301456741703,3659.6438451837676,1619.6576115579364,2025.0,394.0,55.0
B_rho010,14,B,12,12,12,8503.293,373,12,1,2,B,0,0,0,,,6218.292902005349,4131.660544129964,2086.6323578753854,1865.0,360.0,60.0
B_rho010,14,C,12,12,12,8020.491,405,12,1,2,C,0,0,0,,,5531.491318364547,3647.32417134401,1884.167147020536,2025.0,404.0,60.0
B_rho010,14,BF,12,12,12,8407.293,357,12,1,2,B,16,0,0,,,6218.292902005349,4131.660544129964,2086.6323578753854,1785.0,344.0,60.0
B_rho010,14,CF,12,12,12,7564.491,329,12,1,2,C,76,0,0,,,5531.491318364547,3647.32417134401,1884.167147020536,1645.0,328.0,60.0
B_rho010,14,D,12,12,12,7564.491,329,12,1,2,C,76,76,0,1506.34890020602,1442.4551751830695,5531.491318364547,3647.32417134401,1884.167147020536,1645.0,328.0,60.0
B_rho010,15,B,13,13,13,8337.786,379,13,1,2,B,0,0,0,,,6008.785521218991,4112.748387590629,1896.0371336283617,1895.0,369.0,65.0
B_rho010,15,C,13,13,13,8531.096,468,13,1,2,C,0,0,0,,,5660.096217164323,3661.5545424211114,1998.541674743212,2340.0,466.0,65.0
B_rho010,15,BF,13,13,13,8253.786,365,13,1,2,B,14,0,0,,,6008.785521218991,4112.748387590629,1896.0371336283617,1825.0,355.0,65.0
B_rho010,15,CF,13,13,13,7952.096,373,13,1,2,C,95,0,0,,,5660.096217164323,3661.5545424211114,1998.541674743212,1865.0,362.0,65.0
B_rho010,15,D,13,13,13,7952.096,373,13,1,2,C,95,95,0,1501.3180068075226,1479.0847913999926,5660.096217164323,3661.5545424211114,1998.541674743212,1865.0,362.0,65.0
B_rho010,16,B,13,13,13,9085.978,334,13,1,4,B,0,0,0,,,7031.977592781511,4081.871979393182,2950.1056133883317,1670.0,319.0,65.0
B_rho010,16,C,13,13,13,7831.841,380,13,1,4,C,0,0,0,,,5500.8407391161745,3631.780714490339,1869.0600246258361,1900.0,366.0,65.0
B_rho010,16,BF,13,13,13,9085.978,334,13,1,4,B,0,0,0,,,7031.977592781511,4081.871979393182,2950.1056133883317,1670.0,319.0,65.0
B_rho010,16,CF,13,13,13,7555.841,334,13,1,4,C,46,0,0,,,5500.8407391161745,3631.780714490339,1869.0600246258361,1670.0,320.0,65.0
B_rho010,16,D,13,13,13,7555.841,334,13,1,4,C,46,46,0,1540.5934724226277,1486.5147773857873,5500.8407391161745,3631.780714490339,1869.0600246258361,1670.0,320.0,65.0
B_rho010,17,B,10,10,10,8225.154,392,10,1,3,B,0,0,0,,,5826.154221947283,4120.097670667037,1706.056551280244,1960.0,389.0,50.0
B_rho010,17,C,10,10,10,8108.868,447,10,1,3,C,0,0,0,,,5387.86780786612,3633.028679110895,1754.8391287552238,2235.0,436.0,50.0
B_rho010,17,BF,10,10,10,8195.154,387,10,1,3,B,5,0,0,,,5826.154221947283,4120.097670667037,1706.056551280244,1935.0,384.0,50.0
B_rho010,17,CF,10,10,10,7887.868,409,10,1,3,C,38,0,0,,,5387.86780786612,3633.028679110895,1754.8391287552238,2045.0,405.0,50.0
B_rho010,17,D,10,10,10,7887.868,409,10,1,3,C,38,38,0,1586.4793144972446,1396.3591602535323,5387.86780786612,3633.028679110895,1754.8391287552238,2045.0,405.0,50.0
B_rho010,18,B,11,11,11,8490.772,399,11,1,2,B,0,0,0,,,6051.771635438229,4130.832375108974,1920.939260329257,1995.0,389.0,55.0
B_rho010,18,C,11,11,11,8052.943,450,11,1,2,C,0,0,0,,,5304.943432031836,3709.425470152438,1595.5179618793982,2250.0,443.0,55.0
B_rho010,18,BF,11,11,11,8430.772,389,11,1,2,B,10,0,0,,,6051.771635438229,4130.832375108974,1920.939260329257,1945.0,379.0,55.0
B_rho010,18,CF,11,11,11,7632.943,380,11,1,2,C,70,0,0,,,5304.943432031836,3709.425470152438,1595.5179618793982,1900.0,373.0,55.0
B_rho010,18,D,11,11,11,7632.943,380,11,1,2,C,70,70,0,1506.3489002060182,1398.7085539674692,5304.943432031836,3709.425470152438,1595.5179618793982,1900.0,373.0,55.0
B_rho010,19,B,12,12,12,8452.05,371,12,1,5,B,0,0,0,,,6184.050433790806,4105.105674696701,2078.944759094109,1855.0,353.0,60.0
B_rho010,19,C,12,12,12,7243.66,377,12,1,5,C,0,0,0,,,4929.65978277442,3740.032177475293,1189.6276052991268,1885.0,369.0,60.0
B_rho010,19,BF,12,12,12,8308.05,347,12,1,5,B,24,0,0,,,6184.050433790806,4105.105674696701,2078.944759094109,1735.0,329.0,60.0
B_rho010,19,CF,12,12,12,6961.66,330,12,1,5,C,47,0,0,,,4929.65978277442,3740.032177475293,1189.6276052991268,1650.0,322.0,60.0
B_rho010,19,D,12,12,12,6961.66,330,12,1,5,C,47,47,0,1502.3703454848,1313.984591409513,4929.65978277442,3740.032177475293,1189.6276052991268,1650.0,322.0,60.0
B_rho010,20,B,12,12,12,8802.089,379,12,1,2,B,0,0,0,,,6476.089355254885,4086.3174714766237,2389.7718837782636,1895.0,371.0,60.0
B_rho010,20,C,12,12,12,7827.64,418,12,1,2,C,0,0,0,,,5261.639521487411,3637.941287251396,1623.698234236015,2090.0,416.0,60.0
B_rho010,20,BF,12,12,12,8700.089,362,12,1,2,B,17,0,0,,,6476.089355254885,4086.3174714766237,2389.7718837782636,1810.0,354.0,60.0
B_rho010,20,CF,12,12,12,7449.64,355,12,1,2,C,63,0,0,,,5261.639521487411,3637.941287251396,1623.698234236015,1775.0,353.0,60.0
B_rho010,20,D,12,12,12,7449.64,355,12,1,2,C,63,63,0,1501.6762865762691,1476.149884993725,5261.639521487411,3637.941287251396,1623.698234236015,1775.0,353.0,60.0
B_rho010,21,B,15,15,15,8884.007,328,15,1,5,B,0,0,0,,,6861.006927009725,4081.871979393182,2779.134947616545,1640.0,308.0,75.0
B_rho010,21,C,15,15,15,7764.566,374,15,1,5,C,0,0,0,,,5459.56570909235,3664.292256335365,1795.2734527569842,1870.0,360.0,75.0
B_rho010,21,BF,15,15,15,8770.007,309,15,1,5,B,19,0,0,,,6861.006927009725,4081.871979393182,2779.134947616545,1545.0,289.0,75.0
B_rho010,21,CF,15,15,15,7296.566,295,15,1,5,C,79,0,0,,,5459.56570909235,3664.292256335365,1795.2734527569842,1475.0,287.0,75.0
B_rho010,21,D,15,15,15,7296.566,295,15,1,5,C,79,79,0,1509.9201880066546,1478.2995503900554,5459.56570909235,3664.292256335365,1795.2734527569842,1475.0,287.0,75.0
B_rho010,22,B,10,10,10,8632.741,366,10,1,2,B,0,0,0,,,6400.741355297524,4121.701285486969,2279.0400698105545,1830.0,352.0,50.0
B_rho010,22,C,10,10,10,7758.995,450,10,1,2,C,0,0,0,,,5013.994667541954,3661.5140759651786,1352.480591576775,2250.0,445.0,50.0
B_rho010,22,BF,10,10,10,8632.741,366,10,1,2,B,0,0,0,,,6400.741355297524,4121.701285486969,2279.0400698105545,1830.0,352.0,50.0
B_rho010,22,CF,10,10,10,7424.995,394,10,1,2,C,56,0,0,,,5013.994667541954,3661.5140759651786,1352.480591576775,1970.0,391.0,50.0
B_rho010,22,D,10,10,10,7424.995,394,10,1,2,C,56,56,0,1536.6586184453588,1490.7332184071477,5013.994667541954,3661.5140759651786,1352.480591576775,1970.0,391.0,50.0
B_rho010,23,B,16,16,16,9215.177,353,16,1,6,B,0,0,0,,,7032.177005120937,3597.465682405091,3434.7113227158507,1765.0,338.0,80.0
B_rho010,23,C,16,16,16,8265.928,433,16,1,6,C,0,0,0,,,5595.9283123760115,2855.6822686529895,2740.246043723022,2165.0,425.0,80.0
B_rho010,23,BF,16,16,16,8985.177,315,16,1,6,B,38,0,0,,,7032.177005120937,3597.465682405091,3434.7113227158507,1575.0,298.0,80.0
B_rho010,23,CF,16,16,16,7390.928,289,16,1,6,C,144,0,0,,,5595.9283123760115,2855.6822686529895,2740.246043723022,1445.0,270.0,80.0
B_rho010,23,D,16,16,16,7390.928,289,16,1,6,C,144,144,0,1502.9852587240412,1485.3700631548415,5595.9283123760115,2855.6822686529895,2740.246043723022,1445.0,270.0,80.0
B_rho010,24,B,13,13,13,8628.267,369,13,1,6,B,0,0,0,,,6371.266966765128,4094.6389147103037,2276.6280520548235,1845.0,347.0,65.0
B_rho010,24,C,13,13,13,6954.921,363,13,1,6,C,0,0,0,,,4713.921424817577,3697.656262639746,1016.2651621778308,1815.0,361.0,65.0
B_rho010,24,BF,13,13,13,8538.267,354,13,1,6,B,15,0,0,,,6371.266966765128,4094.6389147103037,2276.6280520548235,1770.0,332.0,65.0
B_rho010,24,CF,13,13,13,6702.921,321,13,1,6,C,42,0,0,,,4713.921424817577,3697.656262639746,1016.2651621778308,1605.0,319.0,65.0
B_rho010,24,D,13,13,13,6702.921,321,13,1,6,C,42,42,0,1505.880251594739,1396.3591602535303,4713.921424817577,3697.656262639746,1016.2651621778308,1605.0,319.0,65.0
B_rho010,25,B,16,16,16,7469.035,277,16,1,1,B,0,0,0,,,5753.035177538556,3168.2085329076335,2584.8266446309235,1385.0,251.0,80.0
B_rho010,25,C,16,16,16,6837.295,433,16,1,1,C,0,0,0,,,4165.295209533492,1706.5858508674416,2458.7093586660494,2165.0,427.0,80.0
B_rho010,25,BF,16,16,16,7373.035,261,16,1,1,B,16,0,0,,,5753.035177538556,3168.2085329076335,2584.8266446309235,1305.0,235.0,80.0
B_rho010,25,CF,16,16,16,5566.295,223,16,1,1,C,210,0,0,,,4165.295209533492,1706.5858508674416,2458.7093586660494,1115.0,206.0,80.0
B_rho010,25,D,16,16,16,5566.295,223,16,1,1,C,210,210,0,1506.3489002060164,1495.3046489895205,4165.295209533492,1706.5858508674416,2458.7093586660494,1115.0,206.0,80.0
B_rho010,26,B,15,15,15,9411.841,405,15,1,2,B,0,0,0,,,6929.841359957904,4081.871979393182,2847.9693805647253,2025.0,382.0,75.0
B_rho010,26,C,15,15,15,8121.657,395,15,1,2,C,0,0,0,,,5688.657409528558,3764.593466591138,1924.0639429374228,1975.0,383.0,75.0
B_rho010,26,BF,15,15,15,9249.841,378,15,1,2,B,27,0,0,,,6929.841359957904,4081.871979393182,2847.9693805647253,1890.0,355.0,75.0
B_rho010,26,CF,15,15,15,7647.657,316,15,1,2,C,79,0,0,,,5688.657409528558,3764.593466591138,1924.0639429374228,1580.0,304.0,75.0
B_rho010,26,D,15,15,15,7647.657,316,15,1,2,C,79,79,0,1560.992721707567,1486.5147773857902,5688.657409528558,3764.593466591138,1924.0639429374228,1580.0,304.0,75.0
B_rho010,27,B,10,10,10,8467.279,405,10,1,5,B,0,0,0,,,5993.2788236389215,4109.27544798876,1884.0033756501593,2025.0,399.0,50.0
B_rho010,27,C,10,10,10,8177.243,414,10,1,5,C,0,0,0,,,5663.242818084356,3730.701614962949,1932.5412031214069,2070.0,394.0,50.0
B_rho010,27,BF,10,10,10,8437.279,400,10,1,5,B,5,0,0,,,5993.2788236389215,4109.27544798876,1884.0033756501593,2000.0,394.0,50.0
B_rho010,27,CF,10,10,10,7998.243,384,10,1,5,C,30,0,0,,,5663.242818084356,3730.701614962949,1932.5412031214069,1920.0,365.0,50.0
B_rho010,27,D,10,10,10,7998.243,384,10,1,5,C,30,30,0,1520.4425620605127,1375.3544987433127,5663.242818084356,3730.701614962949,1932.5412031214069,1920.0,365.0,50.0
B_rho010,28,B,11,11,11,9171.862,442,11,1,5,B,0,0,0,,,6493.861828229934,4081.871979393182,2411.9898488367494,2210.0,413.0,55.0
B_rho010,28,C,11,11,11,8270.874,438,11,1,5,C,0,0,0,,,5614.873863629283,3675.14413018812,1939.7297334411628,2190.0,411.0,55.0
B_rho010,28,BF,11,11,11,9021.862,417,11,1,5,B,25,0,0,,,6493.861828229934,4081.871979393182,2411.9898488367494,2085.0,388.0,55.0
B_rho010,28,CF,11,11,11,8019.874,396,11,1,5,C,42,0,0,,,5614.873863629283,3675.14413018812,1939.7297334411628,1980.0,370.0,55.0
B_rho010,28,D,11,11,11,8019.874,396,11,1,5,C,42,42,0,1500.9009860192607,1437.6265192426088,5614.873863629283,3675.14413018812,1939.7297334411628,1980.0,370.0,55.0
B_rho010,29,B,10,10,10,8739.38,404,10,1,1,B,0,0,0,,,6289.38004582027,4103.040875600124,2186.339170220148,2020.0,380.0,50.0
B_rho010,29,C,10,10,10,7890.552,501,10,1,1,C,0,0,0,,,4841.5519582395955,3832.425359839343,1009.1265984002526,2505.0,494.0,50.0
B_rho010,29,BF,10,10,10,8739.38,404,10,1,1,B,0,0,0,,,6289.38004582027,4103.040875600124,2186.339170220148,2020.0,380.0,50.0
B_rho010,29,CF,10,10,10,7370.552,414,10,1,1,C,87,0,0,,,4841.5519582395955,3832.425359839343,1009.1265984002526,2070.0,409.0,50.0
B_rho010,29,D,10,10,10,7370.552,414,10,1,1,C,87,87,0,1506.34890020602,1468.3287297845325,4841.5519582395955,3832.425359839343,1009.1265984002526,2070.0,409.0,50.0
B_rho010,30,B,11,11,11,7874.034,388,11,1,2,B,0,0,0,,,5497.034324836435,4081.871979393182,1415.1623454432538,1940.0,382.0,55.0
B_rho010,30,C,11,11,11,7739.806,437,11,1,2,C,0,0,0,,,5063.806485617706,3642.650314416403,1421.156171201303,2185.0,436.0,55.0
B_rho010,30,BF,11,11,11,7748.034,367,11,1,2,B,21,0,0,,,5497.034324836435,4081.871979393182,1415.1623454432538,1835.0,361.0,55.0
B_rho010,30,CF,11,11,11,7265.806,358,11,1,2,C,79,0,0,,,5063.806485617706,3642.650314416403,1421.156171201303,1790.0,357.0,55.0
B_rho010,30,D,11,11,11,7265.806,358,11,1,2,C,79,79,0,1523.0856438550588,1493.4448072832924,5063.806485617706,3642.650314416403,1421.156171201303,1790.0,357.0,55.0
B_rho020,1,B,12,12,12,8463.586,395,12,1,2,B,0,0,0,,,6049.586130093119,4133.9595106230145,1915.626619470107,1975.0,379.0,60.0
B_rho020,1,C,12,12,12,7953.415,441,12,1,2,C,0,0,0,,,5257.415051265504,3674.1322703912615,1583.2827808742438,2205.0,431.0,60.0
B_rho020,1,BF,12,12,12,8463.586,395,12,1,2,B,0,0,0,,,6049.586130093119,4133.9595106230145,1915.626619470107,1975.0,379.0,60.0
B_rho020,1,CF,12,12,12,7599.415,382,12,1,2,C,59,0,0,,,5257.415051265504,3674.1322703912615,1583.2827808742438,1910.0,372.0,60.0
B_rho020,1,D,12,12,12,7599.415,382,12,1,2,C,59,59,0,1506.3489002060155,1491.220666864632,5257.415051265504,3674.1322703912615,1583.2827808742438,1910.0,372.0,60.0
B_rho020,2,B,13,13,13,8700.677,340,13,1,5,B,0,0,0,,,6609.676993307933,4127.209430069075,2482.467563238863,1700.0,326.0,65.0
B_rho020,2,C,13,13,13,8239.906,409,13,1,5,C,0,0,0,,,5736.906236169073,3653.738773701829,2083.167462467245,2045.0,393.0,65.0
B_rho020,2,BF,13,13,13,8580.677,320,13,1,5,B,20,0,0,,,6609.676993307933,4127.209430069075,2482.467563238863,1600.0,306.0,65.0
B_rho020,2,CF,13,13,13,7851.906,344,13,1,5,C,65,0,0,,,5736.906236169073,3653.738773701829,2083.167462467245,1720.0,330.0,65.0
B_rho020,2,D,13,13,13,7851.906,344,13,1,5,C,65,65,0,1552.7256728351292,1474.9809499760393,5736.906236169073,3653.738773701829,2083.167462467245,1720.0,330.0,65.0
B_rho020,3,B,15,15,15,8671.23,356,15,1,4,B,0,0,0,,,6476.229727283222,4093.1992918446417,2383.0304354385794,1780.0,340.0,75.0
B_rho020,3,C,15,15,15,9423.215,458,15,1,4,C,0,0,0,,,6628.215025526965,3661.660563160477,2966.5544623664896,2290.0,430.0,75.0
B_rho020,3,BF,15,15,15,8497.23,327,15,1,4,B,29,0,0,,,6476.229727283222,4093.1992918446417,2383.0304354385794,1635.0,311.0,75.0
B_rho020,3,CF,15,15,15,8739.215,346,15,1,4,C,112,0,0,,,6628.215025526965,3661.660563160477,2966.5544623664896,1730.0,306.0,75.0
B_rho020,3,D,15,15,15,8739.215,346,15,1,4,C,112,112,0,1520.4925357714337,1494.1305918922442,6628.215025526965,3661.660563160477,2966.5544623664896,1730.0,306.0,75.0
B_rho020,4,B,15,15,15,9564.546,363,15,1,5,B,0,0,0,,,7333.545532932271,4102.889734153352,3230.6557987789206,1815.0,341.0,75.0
B_rho020,4,C,15,15,15,8305.317,412,15,1,5,C,0,0,0,,,5773.316526827505,3637.1333131853185,2136.1832136421863,2060.0,397.0,75.0
B_rho020,4,BF,15,15,15,9438.546,342,15,1,5,B,21,0,0,,,7333.545532932271,4102.889734153352,3230.6557987789206,1710.0,320.0,75.0
B_rho020,4,CF,15,15,15,7726.317,314,15,1,5,C,98,0,0,,,5773.316526827505,3637.1333131853185,2136.1832136421863,1570.0,308.0,75.0
B_rho020,4,D,15,15,15,7726.317,314,15,1,5,C,98,98,0,1506.3489002060192,1396.359160253532,5773.316526827505,3637.1333131853185,2136.1832136421863,1570.0,308.0,75.0
B_rho020,5,B,11,11,11,8638.722,396,11,1,2,B,0,0,0,,,6213.722039690812,4081.871979393182,2131.850060297631,1980.0,390.0,55.0
B_rho020,5,C,11,11,11,8851.143,486,11,1,2,C,0,0,0,,,5885.143220128918,3629.5264323263946,2255.616787802524,2430.0,481.0,55.0
B_rho020,5,BF,11,11,11,8590.722,388,11,1,2,B,8,0,0,,,6213.722039690812,4081.871979393182,2131.850060297631,1940.0,382.0,55.0
B_rho020,5,CF,11,11,11,8265.143,389,11,1,2,C,97,0,0,,,5885.143220128918,3629.5264323263946,2255.616787802524,1945.0,380.0,55.0
B_rho020,5,D,11,11,11,8265.143,389,11,1,2,C,97,97,0,1507.7844431772553,1370.3645587520525,5885.143220128918,3629.5264323263946,2255.616787802524,1945.0,380.0,55.0
B_rho020,6,B,14,14,14,8678.605,350,14,1,3,B,0,0,0,,,6514.605066398208,4149.91533017521,2364.6897362229997,1750.0,344.0,70.0
B_rho020,6,C,14,14,14,8404.859,432,14,1,3,C,0,0,0,,,5761.859398761926,3760.8130735973928,2001.0463251645338,2160.0,413.0,70.0
B_rho020,6,BF,14,14,14,8588.605,335,14,1,3,B,15,0,0,,,6514.605066398208,4149.91533017521,2364.6897362229997,1675.0,329.0,70.0
B_rho020,6,CF,14,14,14,7888.859,346,14,1,3,C,86,0,0,,,5761.859398761926,3760.8130735973928,2001.0463251645338,1730.0,327.0,70.0
B_rho020,6,D,14,14,14,7888.859,346,14,1,3,C,86,86,0,1595.465058852359,1489.9894277416354,5761.859398761926,3760.8130735973928,2001.0463251645338,1730.0,327.0,70.0
B_rho020,7,B,14,14,14,8334.351,350,14,1,2,B,0,0,0,,,6175.351132250446,4097.544384669875,2077.8067475805724,1750.0,339.0,70.0
B_rho020,7,C,14,14,14,8400.664,477,14,1,2,C,0,0,0,,,5474.663877299769,3630.1210248196303,1844.542852480138,2385.0,471.0,70.0
B_rho020,7,BF,14,14,14,8202.351,328,14,1,2,B,22,0,0,,,6175.351132250446,4097.544384669875,2077.8067475805724,1640.0,317.0,70.0
B_rho020,7,CF,14,14,14,7751.664,369,14,1,2,C,108,0,0,,,5474.663877299769,3630.1210248196303,1844.542852480138,1845.0,362.0,70.0
B_rho020,7,D,14,14,14,7751.664,369,14,1,2,C,108,108,0,1525.6316963039458,1492.8300342308287,5474.663877299769,3630.1210248196303,1844.542852480138,1845.0,362.0,70.0
B_rho020,8,B,13,13,13,8548.234,399,13,1,6,B,0,0,0,,,6107.234218194218,4081.871979393182,2025.3622388010388,1995.0,381.0,65.0
B_rho020,8,C,13,13,13,8383.328,425,13,1,6,C,0,0,0,,,5777.328426464514,3635.942641457961,2141.3857850065524,2125.0,416.0,65.0
B_rho020,8,BF,13,13,13,8374.234,370,13,1,6,B,29,0,0,,,6107.234218194218,4081.871979393182,2025.3622388010388,1850.0,352.0,65.0
B_rho020,8,CF,13,13,13,8029.328,366,13,1,6,C,59,0,0,,,5777.328426464514,3635.942641457961,2141.3857850065524,1830.0,357.0,65.0
B_rho020,8,D,13,13,13,8029.328,366,13,1,6,C,59,59,0,1525.211655520984,1498.233630624352,5777.328426464514,3635.942641457961,2141.3857850065524,1830.0,357.0,65.0
B_rho020,9,B,16,16,16,8665.802,349,16,1,6,B,0,0,0,,,6523.80150784804,3634.3648512321997,2889.436656615839,1745.0,317.0,80.0
B_rho020,9,C,16,16,16,8233.331,410,16,1,6,C,0,0,0,,,5708.330666402407,3371.3778021615904,2336.952864240817,2050.0,395.0,80.0
B_rho020,9,BF,16,16,16,8516.802,324,16,1,6,B,25,0,0,,,6523.80150784804,3634.3648512321997,2889.436656615839,1620.0,293.0,80.0
B_rho020,9,CF,16,16,16,7668.331,317,16,1,6,C,93,0,0,,,5708.330666402407,3371.3778021615904,2336.952864240817,1585.0,295.0,80.0
B_rho020,9,D,16,16,16,7668.331,317,16,1,6,C,93,93,0,1507.2057124027863,1476.107193231342,5708.330666402407,3371.3778021615904,2336.952864240817,1585.0,295.0,80.0
B_rho020,10,B,16,16,16,6761.304,251,16,1,7,B,0,0,0,,,5190.30421443839,2826.8104900913154,2363.4937243470745,1255.0,236.0,80.0
B_rho020,10,C,16,16,16,6451.661,378,16,1,7,C,0,0,0,,,4104.661355994058,2109.698712926533,1994.9626430675262,1890.0,377.0,80.0
B_rho020,10,BF,16,16,16,6677.304,237,16,1,7,B,14,0,0,,,5190.30421443839,2826.8104900913154,2363.4937243470745,1185.0,222.0,80.0
B_rho020,10,CF,16,16,16,5690.661,252,16,1,7,C,126,0,0,,,4104.661355994058,2109.698712926533,1994.9626430675262,1260.0,246.0,80.0
B_rho020,10,D,16,16,16,5690.661,252,16,1,7,C,126,126,0,1528.677282570506,1499.5621187953232,4104.661355994058,2109.698712926533,1994.9626430675262,1260.0,246.0,80.0
B_rho020,11,B,13,13,13,8885.586,383,13,1,3,B,0,0,0,,,6531.585879516112,4081.8778025618626,2449.708076954252,1915.0,374.0,65.0
B_rho020,11,C,13,13,13,7947.947,418,13,1,3,C,0,0,0,,,5381.947478233199,3693.6495308889143,1688.2979473442851,2090.0,411.0,65.0
B_rho020,11,BF,13,13,13,8657.586,345,13,1,3,B,38,0,0,,,6531.585879516112,4081.8778025618626,2449.708076954252,1725.0,336.0,65.0
B_rho020,11,CF,13,13,13,7526.947,348,13,1,3,C,70,0,0,,,5381.947478233199,3693.6495308889143,1688.2979473442851,1740.0,340.0,65.0
B_rho020,11,D,13,13,13,7526.947,348,13,1,3,C,70,70,0,1589.2235541323073,1454.6867652328983,5381.947478233199,3693.6495308889143,1688.2979473442851,1740.0,340.0,65.0
B_rho020,12,B,10,10,10,8672.416,378,10,1,3,B,0,0,0,,,6364.415786567276,4081.871979393182,2282.543807174096,1890.0,368.0,50.0
B_rho020,12,C,10,10,10,7796.599,453,10,1,3,C,0,0,0,,,5034.598737559803,3637.2825638532977,1397.3161737065066,2265.0,447.0,50.0
B_rho020,12,BF,10,10,10,8660.416,376,10,1,3,B,2,0,0,,,6364.415786567276,4081.871979393182,2282.543807174096,1880.0,366.0,50.0
B_rho020,12,CF,10,10,10,7445.599,394,10,1,3,C,59,0,0,,,5034.598737559803,3637.2825638532977,1397.3161737065066,1970.0,391.0,50.0
B_rho020,12,D,10,10,10,7445.599,394,10,1,3,C,59,59,0,1583.9192693293455,1492.7847833431874,5034.598737559803,3637.2825638532977,1397.3161737065066,1970.0,391.0,50.0
B_rho020,13,B,12,12,12,9934.74,447,12,1,3,B,0,0,0,,,7209.739622456597,4081.871979393182,3127.867643063418,2235.0,430.0,60.0
B_rho020,13,C,12,12,12,9322.778,475,12,1,3,C,0,0,0,,,6428.778380995532,3635.828945975187,2792.9494350203454,2375.0,459.0,60.0
B_rho020,13,BF,12,12,12,9835.74,431,12,1,3,B,16,0,0,,,7209.739622456597,4081.871979393182,3127.867643063418,2155.0,411.0,60.0
B_rho020,13,CF,12,12,12,8853.778,398,12,1,3,C,77,0,0,,,6428.778380995532,3635.828945975187,2792.9494350203454,1990.0,375.0,60.0
B_rho020,13,D,12,12,12,8853.778,398,12,1,3,C,77,77,0,1506.2899126427262,1496.7120911413965,6428.778380995532,3635.828945975187,2792.9494350203454,1990.0,375.0,60.0
B_rho020,14,B,11,11,11,8333.954,384,11,1,2,B,0,0,0,,,5979.954402275161,4090.71118999941,1889.243212275752,1920.0,379.0,55.0
B_rho020,14,C,11,11,11,8961.453,459,11,1,2,C,0,0,0,,,6181.452637612688,3632.969959743882,2548.482677868809,2295.0,430.0,55.0
B_rho020,14,BF,11,11,11,8333.954,384,11,1,2,B,0,0,0,,,5979.954402275161,4090.71118999941,1889.243212275752,1920.0,379.0,55.0
B_rho020,14,CF,11,11,11,8635.453,404,11,1,2,C,55,0,0,,,6181.452637612688,3632.969959743882,2548.482677868809,2020.0,379.0,55.0
B_rho020,14,D,11,11,11,8635.453,404,11,1,2,C,55,55,0,1524.2086506800201,1459.4329469426327,6181.452637612688,3632.969959743882,2548.482677868809,2020.0,379.0,55.0
B_rho020,15,B,15,15,15,9420.216,325,15,1,2,B,0,0,0,,,7413.216182387317,4109.940039928894,3303.276142458423,1625.0,307.0,75.0
B_rho020,15,C,15,15,15,7595.032,383,15,1,2,C,0,0,0,,,5231.032440696873,3748.4511722151065,1482.5812684817677,1915.0,374.0,75.0
B_rho020,15,BF,15,15,15,9420.216,325,15,1,2,B,0,0,0,,,7413.216182387317,4109.940039928894,3303.276142458423,1625.0,307.0,75.0
B_rho020,15,CF,15,15,15,7021.032,287,15,1,2,C,96,0,0,,,5231.032440696873,3748.4511722151065,1482.5812684817677,1435.0,280.0,75.0
B_rho020,15,D,15,15,15,7021.032,287,15,1,2,C,96,96,0,1505.4143026911447,1493.4903005889564,5231.032440696873,3748.4511722151065,1482.5812684817677,1435.0,280.0,75.0
B_rho020,16,B,11,11,11,8613.73,367,11,1,5,B,0,0,0,,,6366.7298828409575,4081.871979393182,2284.8579034477734,1835.0,357.0,55.0
B_rho020,16,C,11,11,11,8117.35,424,11,1,5,C,0,0,0,,,5538.349849256736,3633.0562442735527,1905.2936049831842,2120.0,404.0,55.0
B_rho020,16,BF,11,11,11,8565.73,359,11,1,5,B,8,0,0,,,6366.7298828409575,4081.871979393182,2284.8579034477734,1795.0,349.0,55.0
B_rho020,16,CF,11,11,11,7898.35,386,11,1,5,C,38,0,0,,,5538.349849256736,3633.0562442735527,1905.2936049831842,1930.0,375.0,55.0
B_rho020,16,D,11,11,11,7898.35,386,11,1,5,C,38,38,0,1516.127487506243,1480.2039846241862,5538.349849256736,3633.0562442735527,1905.2936049831842,1930.0,375.0,55.0
B_rho020,17,B,13,13,13,9133.209,347,13,1,6,B,0,0,0,,,7019.2089121426225,4081.871979393182,2937.336932749446,1735.0,314.0,65.0
B_rho020,17,C,13,13,13,8195.847,385,13,1,6,C,0,0,0,,,5838.846801223852,3689.601580350816,2149.245220873037,1925.0,367.0,65.0
B_rho020,17,BF,13,13,13,9013.209,327,13,1,6,B,20,0,0,,,7019.2089121426225,4081.871979393182,2937.336932749446,1635.0,294.0,65.0
B_rho020,17,CF,13,13,13,7889.847,334,13,1,6,C,51,0,0,,,5838.846801223852,3689.601580350816,2149.245220873037,1670.0,316.0,65.0
B_rho020,17,D,13,13,13,7889.847,334,13,1,6,C,51,51,0,1575.1962312788087,1497.4033287737175,5838.846801223852,3689.601580350816,2149.245220873037,1670.0,316.0,65.0
B_rho020,18,B,16,16,16,8495.239,355,16,1,4,B,0,0,0,,,6314.2394646548455,3632.3282547990116,2681.911209855838,1775.0,326.0,80.0
B_rho020,18,C,16,16,16,8818.743,439,16,1,4,C,0,0,0,,,6124.742755890437,3539.7382608705125,2585.0044950199294,2195.0,419.0,80.0
B_rho020,18,BF,16,16,16,8447.239,347,16,1,4,B,8,0,0,,,6314.2394646548455,3632.3282547990116,2681.911209855838,1735.0,318.0,80.0
B_rho020,18,CF,16,16,16,8288.743,351,16,1,4,C,88,0,0,,,6124.742755890437,3539.7382608705125,2585.0044950199294,1755.0,329.0,80.0
B_rho020,18,D,16,16,16,8288.743,351,16,1,4,C,88,88,0,1539.5793437693533,1484.0520106063302,6124.742755890437,3539.7382608705125,2585.0044950199294,1755.0,329.0,80.0
B_rho020,19,B,10,10,10,8466.076,416,10,1,3,B,0,0,0,,,5926.075511576223,4091.966338274272,1834.1091733019516,2080.0,410.0,50.0
B_rho020,19,C,10,10,10,7247.212,413,10,1,3,C,0,0,0,,,4720.212180227131,3692.971605533243,1027.240574693889,2065.0,412.0,50.0
B_rho020,19,BF,10,10,10,8466.076,416,10,1,3,B,0,0,0,,,5926.075511576223,4091.966338274272,1834.1091733019516,2080.0,410.0,50.0
B_rho020,19,CF,10,10,10,7037.212,378,10,1,3,C,35,0,0,,,4720.212180227131,3692.971605533243,1027.240574693889,1890.0,377.0,50.0
B_rho020,19,D,10,10,10,7037.212,378,10,1,3,C,35,35,0,1581.372435330104,1425.3867098393673,4720.212180227131,3692.971605533243,1027.240574693889,1890.0,377.0,50.0
B_rho020,20,B,14,14,14,8258.323,341,14,1,3,B,0,0,0,,,6155.323071829358,4127.8972126363815,2027.4258591929756,1705.0,328.0,70.0
B_rho020,20,C,14,14,14,7707.267,404,14,1,3,C,0,0,0,,,5221.266936569443,3671.679521125703,1549.5874154437395,2020.0,396.0,70.0
B_rho020,20,BF,14,14,14,8258.323,341,14,1,3,B,0,0,0,,,6155.323071829358,4127.8972126363815,2027.4258591929756,1705.0,328.0,70.0
B_rho020,20,CF,14,14,14,7245.267,327,14,1,3,C,77,0,0,,,5221.266936569443,3671.679521125703,1549.5874154437395,1635.0,319.0,70.0
B_rho020,20,D,14,14,14,7245.267,327,14,1,3,C,77,77,0,1531.0403041577658,1350.6193725460773,5221.266936569443,3671.679521125703,1549.5874154437395,1635.0,319.0,70.0
B_rho020,21,B,11,11,11,8468.532,407,11,1,4,B,0,0,0,,,5981.532367072565,4097.553178671725,1883.979188400842,2035.0,397.0,55.0
B_rho020,21,C,11,11,11,7925.943,421,11,1,4,C,0,0,0,,,5352.943430974218,3721.030104433635,1631.9133265405835,2105.0,413.0,55.0
B_rho020,21,BF,11,11,11,8294.532,378,11,1,4,B,29,0,0,,,5981.532367072565,4097.553178671725,1883.979188400842,1890.0,368.0,55.0
B_rho020,21,CF,11,11,11,7583.943,364,11,1,4,C,57,0,0,,,5352.943430974218,3721.030104433635,1631.9133265405835,1820.0,356.0,55.0
B_rho020,21,D,11,11,11,7583.943,364,11,1,4,C,57,57,0,1506.3489002060185,1486.514777385793,5352.943430974218,3721.030104433635,1631.9133265405835,1820.0,356.0,55.0
B_rho020,22,B,13,13,13,9689.521,400,13,1,3,B,0,0,0,,,7270.520966445759,4092.961243151308,3177.5597232944565,2000.0,354.0,65.0
B_rho020,22,C,13,13,13,7820.826,439,13,1,3,C,0,0,0,,,5136.825610888344,3678.9930676945073,1457.8325431938392,2195.0,424.0,65.0
B_rho020,22,BF,13,13,13,9647.521,393,13,1,3,B,7,0,0,,,7270.520966445759,4092.961243151308,3177.5597232944565,1965.0,347.0,65.0
B_rho020,22,CF,13,13,13,7230.826,340,13,1,3,C,99,0,0,,,5136.825610888344,3678.9930676945073,1457.8325431938392,1700.0,329.0,65.0
B_rho020,22,D,13,13,13,7230.826,340,13,1,3,C,99,99,0,1502.1708586751681,1495.0656787271914,5136.825610888344,3678.9930676945073,1457.8325431938392,1700.0,329.0,65.0
B_rho020,23,B,14,14,14,8431.453,365,14,1,6,B,0,0,0,,,6180.452658053387,4129.304480697033,2051.1481773563514,1825.0,356.0,70.0
B_rho020,23,C,14,14,14,9769.992,522,14,1,6,C,0,0,0,,,6581.991726674799,3642.7006230449815,2939.2911036298206,2610.0,508.0,70.0
B_rho020,23,BF,14,14,14,8311.453,345,14,1,6,B,20,0,0,,,6180.452658053387,4129.304480697033,2051.1481773563514,1725.0,336.0,70.0
B_rho020,23,CF,14,14,14,9144.992,418,14,1,6,C,104,0,0,,,6581.991726674799,3642.7006230449815,2939.2911036298206,2090.0,403.0,70.0
B_rho020,23,D,14,14,14,9144.992,418,14,1,6,C,104,104,0,1500.870582551432,1493.282130862396,6581.991726674799,3642.7006230449815,2939.2911036298206,2090.0,403.0,70.0
B_rho020,24,B,13,13,13,8966.635,356,13,1,4,B,0,0,0,,,6787.635485451547,4089.920058509481,2697.7154269420703,1780.0,334.0,65.0
B_rho020,24,C,13,13,13,7990.889,428,13,1,4,C,0,0,0,,,5359.888775762564,3691.9781305511037,1667.9106452114615,2140.0,426.0,65.0
B_rho020,24,BF,13,13,13,8930.635,350,13,1,4,B,6,0,0,,,6787.635485451547,4089.920058509481,2697.7154269420703,1750.0,328.0,65.0
B_rho020,24,CF,13,13,13,7414.889,332,13,1,4,C,96,0,0,,,5359.888775762564,3691.9781305511037,1667.9106452114615,1660.0,330.0,65.0
B_rho020,24,D,13,13,13,7414.889,332,13,1,4,C,96,96,0,1516.6894623085475,1486.5147773857902,5359.888775762564,3691.9781305511037,1667.9106452114615,1660.0,330.0,65.0
B_rho020,25,B,10,10,10,8715.507,435,10,1,3,B,0,0,0,,,6071.506845712982,4084.27910930301,1987.2277364099734,2175.0,419.0,50.0
B_rho020,25,C,10,10,10,8237.231,445,10,1,3,C,0,0,0,,,5535.231412923217,3666.8538147519625,1868.3775981712572,2225.0,427.0,50.0
B_rho020,25,BF,10,10,10,8661.507,426,10,1,3,B,9,0,0,,,6071.506845712982,4084.27910930301,1987.2277364099734,2130.0,410.0,50.0
B_rho020,25,CF,10,10,10,8159.231,432,10,1,3,C,13,0,0,,,5535.231412923217,3666.8538147519625,1868.3775981712572,2160.0,414.0,50.0
B_rho020,25,D,10,10,10,8159.231,432,10,1,3,C,13,13,0,1540.5934724226292,1454.1512572777453,5535.231412923217,3666.8538147519625,1868.3775981712572,2160.0,414.0,50.0
B_rho020,26,B,15,15,15,8554.32,309,15,1,6,B,0,0,0,,,6658.319892516405,4126.538858916614,2531.7810335997947,1545.0,276.0,75.0
B_rho020,26,C,15,15,15,9194.454,478,15,1,6,C,0,0,0,,,6265.4540333768055,3661.799678280809,2603.6543550959977,2390.0,464.0,75.0
B_rho020,26,BF,15,15,15,8554.32,309,15,1,6,B,0,0,0,,,6658.319892516405,4126.538858916614,2531.7810335997947,1545.0,276.0,75.0
B_rho020,26,CF,15,15,15,8297.454,331,15,1,6,C,147,0,0,,,6265.4540333768055,3661.799678280809,2603.6543550959977,1655.0,302.0,75.0
B_rho020,26,D,15,15,15,8297.454,331,15,1,6,C,147,147,0,1506.348900206019,1496.8273691955362,6265.4540333768055,3661.799678280809,2603.6543550959977,1655.0,302.0,75.0
B_rho020,27,B,11,11,11,8405.298,412,11,1,2,B,0,0,0,,,5882.298209822645,4096.848115132734,1785.450094689909,2060.0,408.0,55.0
B_rho020,27,C,11,11,11,8440.393,464,11,1,2,C,0,0,0,,,5622.393408305155,3672.0643026233292,1950.329105681827,2320.0,443.0,55.0
B_rho020,27,BF,11,11,11,8279.298,391,11,1,2,B,21,0,0,,,5882.298209822645,4096.848115132734,1785.450094689909,1955.0,387.0,55.0
B_rho020,27,CF,11,11,11,8234.393,429,11,1,2,C,35,0,0,,,5622.393408305155,3672.0643026233292,1950.329105681827,2145.0,412.0,55.0
B_rho020,27,D,11,11,11,8234.393,429,11,1,2,C,35,35,0,1506.3489002060153,1445.1125856142467,5622.393408305155,3672.0643026233292,1950.329105681827,2145.0,412.0,55.0
B_rho020,28,B,10,10,10,8453.6,426,10,1,5,B,0,0,0,,,5868.600083345964,4081.871979393182,1786.728103952781,2130.0,405.0,50.0
B_rho020,28,C,10,10,10,8787.592,488,10,1,5,C,0,0,0,,,5831.5918549956705,3657.968108519516,2173.6237464761543,2440.0,466.0,50.0
B_rho020,28,BF,10,10,10,8351.6,409,10,1,5,B,17,0,0,,,5868.600083345964,4081.871979393182,1786.728103952781,2045.0,388.0,50.0
B_rho020,28,CF,10,10,10,8417.592,427,10,1,5,C,61,0,0,,,5831.5918549956705,3657.968108519516,2173.6237464761543,2135.0,401.0,50.0
B_rho020,28,D,10,10,10,8417.592,427,10,1,5,C,61,61,0,1520.41536256363,1497.265031782829,5831.5918549956705,3657.968108519516,2173.6237464761543,2135.0,401.0,50.0
B_rho020,29,B,11,11,11,8726.548,424,11,1,4,B,0,0,0,,,6135.547603496899,4081.871979393182,2053.6756241037165,2120.0,416.0,55.0
B_rho020,29,C,11,11,11,7889.695,458,11,1,4,C,0,0,0,,,5088.695096056987,3651.6303301410558,1437.0647659159315,2290.0,456.0,55.0
B_rho020,29,BF,11,11,11,8564.548,397,11,1,4,B,27,0,0,,,6135.547603496899,4081.871979393182,2053.6756241037165,1985.0,389.0,55.0
B_rho020,29,CF,11,11,11,7552.695,402,11,1,4,C,56,0,0,,,5088.695096056987,3651.6303301410558,1437.0647659159315,2010.0,399.0,55.0
B_rho020,29,D,11,11,11,7552.695,402,11,1,4,C,56,56,0,1511.194798178998,1486.5147773857898,5088.695096056987,3651.6303301410558,1437.0647659159315,2010.0,399.0,55.0
B_rho020,30,B,11,11,11,9495.505,364,11,1,5,B,0,0,0,,,7268.505247258989,4081.871979393182,3186.633267865808,1820.0,352.0,55.0
B_rho020,30,C,11,11,11,8752.891,444,11,1,5,C,0,0,0,,,6055.8910586062175,3685.6849937608145,2370.206064845405,2220.0,422.0,55.0
B_rho020,30,BF,11,11,11,9453.505,357,11,1,5,B,7,0,0,,,7268.505247258989,4081.871979393182,3186.633267865808,1785.0,345.0,55.0
B_rho020,30,CF,11,11,11,8518.891,405,11,1,5,C,39,0,0,,,6055.8910586062175,3685.6849937608145,2370.206064845405,2025.0,383.0,55.0
B_rho020,30,D,11,11,11,8518.891,405,11,1,5,C,39,39,0,1516.9205647543213,1446.361509003433,6055.8910586062175,3685.6849937608145,2370.206064845405,2025.0,383.0,55.0
B_rho025,1,B,16,16,16,8632.498,323,16,1,7,B,0,0,0,,,6644.4983921648845,3752.460399971119,2892.0379921937656,1615.0,293.0,80.0
B_rho025,1,C,16,16,16,7535.575,357,16,1,7,C,0,0,0,,,5317.574994252611,3146.4631797952,2171.1118144574098,1785.0,353.0,80.0
B_rho025,1,BF,16,16,16,8500.498,301,16,1,7,B,22,0,0,,,6644.4983921648845,3752.460399971119,2892.0379921937656,1505.0,271.0,80.0
B_rho025,1,CF,16,16,16,6961.575,262,16,1,7,C,95,0,0,,,5317.574994252611,3146.4631797952,2171.1118144574098,1310.0,254.0,80.0
B_rho025,1,D,16,16,16,6961.575,262,16,1,7,C,95,95,0,1548.9736064323572,1487.0417490348873,5317.574994252611,3146.4631797952,2171.1118144574098,1310.0,254.0,80.0
B_rho025,2,B,10,10,10,9427.785,449,10,1,2,B,0,0,0,,,6706.784874956662,4081.871979393182,2624.9128955634806,2245.0,426.0,50.0
B_rho025,2,C,10,10,10,9187.032,486,10,1,2,C,0,0,0,,,6254.032072452904,3634.058085687434,2619.9739867654735,2430.0,453.0,50.0
B_rho025,2,BF,10,10,10,9273.785,423,10,1,2,B,26,0,0,,,6706.784874956662,4081.871979393182,2624.9128955634806,2115.0,402.0,50.0
B_rho025,2,CF,10,10,10,8787.032,419,10,1,2,C,67,0,0,,,6254.032072452904,3634.058085687434,2619.9739867654735,2095.0,388.0,50.0
B_rho025,2,D,10,10,10,8787.032,419,10,1,2,C,67,67,0,1508.6070054499207,1493.5295463790374,6254.032072452904,3634.058085687434,2619.9739867654735,2095.0,388.0,50.0
B_rho025,3,B,12,12,12,8374.231,403,12,1,0,B,0,0,0,,,5907.230914509014,4110.8156266876895,1796.415287821323,2015.0,392.0,60.0
B_rho025,3,C,12,12,12,9482.727,511,12,1,0,C,0,0,0,,,6370.72661497576,3676.8642692514413,2693.86234572432,2555.0,497.0,60.0
B_rho025,3,BF,12,12,12,8077.231,353,12,1,0,B,50,0,0,,,5907.230914509014,4110.8156266876895,1796.415287821323,1765.0,345.0,60.0
B_rho025,3,CF,12,12,12,8818.727,401,12,1,0,C,110,0,0,,,6370.72661497576,3676.8642692514413,2693.86234572432,2005.0,383.0,60.0
B_rho025,3,D,12,12,12,8077.231,353,12,1,0,B,50,50,0,1513.4208171178248,1432.058905990869,5907.230914509014,4110.8156266876895,1796.415287821323,1765.0,345.0,60.0
B_rho025,4,B,10,10,10,8164.903,399,10,1,3,B,0,0,0,,,5723.9033507154445,4097.380201581552,1626.523149133893,1995.0,396.0,50.0
B_rho025,4,C,10,10,10,8283.36,475,10,1,3,C,0,0,0,,,5397.359757015024,3666.7992933878013,1730.5604636272233,2375.0,461.0,50.0
B_rho025,4,BF,10,10,10,8098.903,388,10,1,3,B,11,0,0,,,5723.9033507154445,4097.380201581552,1626.523149133893,1940.0,385.0,50.0
B_rho025,4,CF,10,10,10,7934.36,417,10,1,3,C,58,0,0,,,5397.359757015024,3666.7992933878013,1730.5604636272233,2085.0,402.0,50.0
B_rho025,4,D,10,10,10,7934.36,417,10,1,3,C,58,58,0,1506.3489002060173,1490.130039036864,5397.359757015024,3666.7992933878013,1730.5604636272233,2085.0,402.0,50.0
B_rho025,5,B,16,16,16,8482.289,329,16,1,4,B,0,0,0,,,6450.289349726607,3825.6170068535034,2624.672342873104,1645.0,307.0,80.0
B_rho025,5,C,16,16,16,7521.734,387,16,1,4,C,0,0,0,,,5124.734355093412,2703.929123390254,2420.8052317031575,1935.0,382.0,80.0
B_rho025,5,BF,16,16,16,8398.289,315,16,1,4,B,14,0,0,,,6450.289349726607,3825.6170068535034,2624.672342873104,1575.0,293.0,80.0
B_rho025,5,CF,16,16,16,6822.734,272,16,1,4,C,115,0,0,,,5124.734355093412,2703.929123390254,2420.8052317031575,1360.0,258.0,80.0
B_rho025,5,D,16,16,16,6822.734,272,16,1,4,C,115,115,0,1517.0614297204957,1486.514777385793,5124.734355093412,2703.929123390254,2420.8052317031575,1360.0,258.0,80.0
B_rho025,6,B,13,13,13,8410.922,364,13,1,2,B,0,0,0,,,6167.921565401539,4089.994865056685,2077.9267003448517,1820.0,358.0,65.0
B_rho025,6,C,13,13,13,9372.467,534,13,1,2,C,0,0,0,,,6132.4665783537,3667.4642111363137,2465.0023672173907,2670.0,505.0,65.0
B_rho025,6,BF,13,13,13,8362.922,356,13,1,2,B,8,0,0,,,6167.921565401539,4089.994865056685,2077.9267003448517,1780.0,350.0,65.0
B_rho025,6,CF,13,13,13,8533.467,394,13,1,2,C,140,0,0,,,6132.4665783537,3667.4642111363137,2465.0023672173907,1970.0,366.0,65.0
B_rho025,6,D,13,13,13,8533.467,394,13,1,2,C,140,140,0,1500.1564087044037,1486.553563717422,6132.4665783537,3667.4642111363137,2465.0023672173907,1970.0,366.0,65.0
B_rho025,7,B,11,11,11,8736.925,381,11,1,4,B,0,0,0,,,6400.924571638523,4110.197435157248,2290.727136481273,1905.0,376.0,55.0
B_rho025,7,C,11,11,11,7385.954,414,11,1,4,C,0,0,0,,,4852.953891048971,3656.2055244381067,1196.7483666108658,2070.0,408.0,55.0
B_rho025,7,BF,11,11,11,8700.925,375,11,1,4,B,6,0,0,,,6400.924571638523,4110.197435157248,2290.727136481273,1875.0,370.0,55.0
B_rho025,7,CF,11,11,11,7067.954,361,11,1,4,C,53,0,0,,,4852.953891048971,3656.2055244381067,1196.7483666108658,1805.0,355.0,55.0
B_rho025,7,D,11,11,11,7067.954,361,11,1,4,C,53,53,0,1583.2276791874926,1437.6265192426108,4852.953891048971,3656.2055244381067,1196.7483666108658,1805.0,355.0,55.0
B_rho025,8,B,11,11,11,8551.339,416,11,1,3,B,0,0,0,,,6007.338633044084,4081.871979393182,1925.4666536509035,2080.0,409.0,55.0
B_rho025,8,C,11,11,11,8274.937,483,11,1,3,C,0,0,0,,,5331.936965894342,3635.104044325397,1696.832921568944,2415.0,473.0,55.0
B_rho025,8,BF,11,11,11,8515.339,410,11,1,3,B,6,0,0,,,6007.338633044084,4081.871979393182,1925.4666536509035,2050.0,403.0,55.0
B_rho025,8,CF,11,11,11,7719.937,390,11,1,3,C,93,0,0,,,5331.936965894342,3635.104044325397,1696.832921568944,1950.0,383.0,55.0
B_rho025,8,D,11,11,11,7719.937,390,11,1,3,C,93,93,0,1506.3489002060169,1437.626519242611,5331.936965894342,3635.104044325397,1696.832921568944,1950.0,383.0,55.0
B_rho025,9,B,16,16,16,8036.845,338,16,1,3,B,0,0,0,,,5931.844770307548,3390.455399166753,2541.389371140797,1690.0,335.0,80.0
B_rho025,9,C,16,16,16,8272.032,409,16,1,3,C,0,0,0,,,5745.031663172199,2944.3697885280676,2800.661874644135,2045.0,402.0,80.0
B_rho025,9,BF,16,16,16,7870.845,311,16,1,3,B,27,0,0,,,5931.844770307548,3390.455399166753,2541.389371140797,1555.0,304.0,80.0
B_rho025,9,CF,16,16,16,7540.032,287,16,1,3,C,122,0,0,,,5745.031663172199,2944.3697885280676,2800.661874644135,1435.0,280.0,80.0
B_rho025,9,D,16,16,16,7540.032,287,16,1,3,C,122,122,0,1564.2581577744793,1489.9897376120664,5745.031663172199,2944.3697885280676,2800.661874644135,1435.0,280.0,80.0
B_rho025,10,B,14,14,14,8502.53,384,14,1,3,B,0,0,0,,,6136.530086169746,4139.696897225793,1996.833188943953,1920.0,376.0,70.0
B_rho025,10,C,14,14,14,9691.145,492,14,1,3,C,0,0,0,,,6681.14514213025,3689.9115649513114,2991.2335771789412,2460.0,480.0,70.0
B_rho025,10,BF,14,14,14,8394.53,366,14,1,3,B,18,0,0,,,6136.530086169746,4139.696897225793,1996.833188943953,1830.0,358.0,70.0
B_rho025,10,CF,14,14,14,8945.145,371,14,1,3,C,121,0,0,,,6681.14514213025,3689.9115649513114,2991.2335771789412,1855.0,339.0,70.0
B_rho025,10,D,14,14,14,8945.145,371,14,1,3,C,121,121,0,1506.3489002060164,1482.1591110237173,6681.14514213025,3689.9115649513114,2991.2335771789412,1855.0,339.0,70.0
B_rho025,11,B,15,15,15,8506.834,322,15,1,3,B,0,0,0,,,6509.833952732984,4116.572956889887,2393.260995843095,1610.0,312.0,75.0
B_rho025,11,C,15,15,15,7754.021,405,15,1,3,C,0,0,0,,,5258.021174430725,3692.8550190522883,1565.1661553784384,2025.0,396.0,75.0
B_rho025,11,BF,15,15,15,8386.834,302,15,1,3,B,20,0,0,,,6509.833952732984,4116.572956889887,2393.260995843095,1510.0,292.0,75.0
B_rho025,11,CF,15,15,15,7195.021,312,15,1,3,C,93,0,0,,,5258.021174430725,3692.8550190522883,1565.1661553784384,1560.0,302.0,75.0
B_rho025,11,D,15,15,15,7195.021,312,15,1,3,C,93,93,0,1505.717305051093,1486.51477738579,5258.021174430725,3692.8550190522883,1565.1661553784384,1560.0,302.0,75.0
B_rho025,12,B,16,16,16,7640.323,300,16,1,4,B,0,0,0,,,5766.3225284160335,3314.2030234949425,2452.119504921091,1500.0,294.0,80.0
B_rho025,12,C,16,16,16,5286.085,299,16,1,4,C,0,0,0,,,3414.0845053282837,1380.590229510222,2033.4942758180623,1495.0,297.0,80.0
B_rho025,12,BF,16,16,16,7640.323,300,16,1,4,B,0,0,0,,,5766.3225284160335,3314.2030234949425,2452.119504921091,1500.0,294.0,80.0
B_rho025,12,CF,16,16,16,4561.085,179,16,1,4,C,120,0,0,,,3414.0845053282837,1380.590229510222,2033.4942758180623,895.0,172.0,80.0
B_rho025,12,D,16,16,16,4561.085,179,16,1,4,C,120,120,0,1510.5806577027813,1472.0491466008625,3414.0845053282837,1380.590229510222,2033.4942758180623,895.0,172.0,80.0
B_rho025,13,B,10,10,10,8680.216,406,10,1,4,B,0,0,0,,,6203.215713352071,4081.871979393182,2121.343733958889,2030.0,397.0,50.0
B_rho025,13,C,10,10,10,8064.216,440,10,1,4,C,0,0,0,,,5383.215664737683,3676.5155770937868,1706.7000876438942,2200.0,431.0,50.0
B_rho025,13,BF,10,10,10,8560.216,386,10,1,4,B,20,0,0,,,6203.215713352071,4081.871979393182,2121.343733958889,1930.0,377.0,50.0
B_rho025,13,CF,10,10,10,7835.216,401,10,1,4,C,39,0,0,,,5383.215664737683,3676.5155770937868,1706.7000876438942,2005.0,397.0,50.0
B_rho025,13,D,10,10,10,7835.216,401,10,1,4,C,39,39,0,1597.8606330228251,1492.660781720701,5383.215664737683,3676.5155770937868,1706.7000876438942,2005.0,397.0,50.0
B_rho025,14,B,16,16,16,9419.617,347,16,1,5,B,0,0,0,,,7278.617283389237,3582.2228639320024,3696.3944194572323,1735.0,326.0,80.0
B_rho025,14,C,16,16,16,6998.845,323,16,1,5,C,0,0,0,,,4989.844607968906,2695.337914434429,2294.506693534476,1615.0,314.0,80.0
B_rho025,14,BF,16,16,16,9327.617,331,16,1,5,B,16,0,0,,,7278.617283389237,3582.2228639320024,3696.3944194572323,1655.0,314.0,80.0
B_rho025,14,CF,16,16,16,6488.845,240,16,1,5,C,83,0,0,,,4989.844607968906,2695.337914434429,2294.506693534476,1200.0,219.0,80.0
B_rho025,14,D,16,16,16,6488.845,240,16,1,5,C,83,83,0,1506.348900206018,1496.1715717387547,4989.844607968906,2695.337914434429,2294.506693534476,1200.0,219.0,80.0
B_rho025,15,B,13,13,13,9874.662,378,13,1,2,B,0,0,0,,,7586.661698496951,4081.871979393182,3504.7897191037737,1890.0,333.0,65.0
B_rho025,15,C,13,13,13,7845.83,435,13,1,2,C,0,0,0,,,5179.830095493616,3734.070958123125,1445.759137370491,2175.0,426.0,65.0
B_rho025,15,BF,13,13,13,9856.662,375,13,1,2,B,3,0,0,,,7586.661698496951,4081.871979393182,3504.7897191037737,1875.0,330.0,65.0
B_rho025,15,CF,13,13,13,7253.83,336,13,1,2,C,99,0,0,,,5179.830095493616,3734.070958123125,1445.759137370491,1680.0,329.0,65.0
B_rho025,15,D,13,13,13,7253.83,336,13,1,2,C,99,99,0,1506.3489002060196,1486.5147773857918,5179.830095493616,3734.070958123125,1445.759137370491,1680.0,329.0,65.0
B_rho025,16,B,16,16,16,8560.545,366,16,1,3,B,0,0,0,,,6306.545017077384,3946.746284608477,2359.7987324689093,1830.0,344.0,80.0
B_rho025,16,C,16,16,16,8110.876,460,16,1,3,C,0,0,0,,,5276.875772941972,3223.1908166909457,2053.684956251026,2300.0,454.0,80.0
B_rho025,16,BF,16,16,16,8446.545,347,16,1,3,B,19,0,0,,,6306.545017077384,3946.746284608477,2359.7987324689093,1735.0,325.0,80.0
B_rho025,16,CF,16,16,16,7309.876,327,16,1,3,C,133,0,0,,,5276.875772941972,3223.1908166909457,2053.684956251026,1635.0,318.0,80.0
B_rho025,16,D,16,16,16,7309.876,327,16,1,3,C,133,133,0,1502.8743359474138,1486.51477738579,5276.875772941972,3223.1908166909457,2053.684956251026,1635.0,318.0,80.0
B_rho025,17,B,10,10,10,8622.478,451,10,1,4,B,0,0,0,,,5876.477612427345,4081.871979393182,1794.6056330341642,2255.0,441.0,50.0
B_rho025,17,C,10,10,10,8210.919,467,10,1,4,C,0,0,0,,,5369.919329049832,3636.109275448403,1733.8100536014283,2335.0,456.0,50.0
B_rho025,17,BF,10,10,10,8406.478,415,10,1,4,B,36,0,0,,,5876.477612427345,4081.871979393182,1794.6056330341642,2075.0,405.0,50.0
B_rho025,17,CF,10,10,10,7768.919,392,10,1,4,C,75,0,0,,,5369.919329049832,3636.109275448403,1733.8100536014283,1960.0,389.0,50.0
B_rho025,17,D,10,10,10,7768.919,392,10,1,4,C,75,75,0,1503.7767987570255,1494.7674982841002,5369.919329049832,3636.109275448403,1733.8100536014283,1960.0,389.0,50.0
B_rho025,18,B,15,15,15,8301.171,321,15,1,5,B,0,0,0,,,6313.171240021312,4148.994074073892,2164.177165947421,1605.0,308.0,75.0
B_rho025,18,C,15,15,15,8002.08,428,15,1,5,C,0,0,0,,,5364.080133617702,3679.6123551916194,1684.4677784260832,2140.0,423.0,75.0
B_rho025,18,BF,15,15,15,8265.171,315,15,1,5,B,6,0,0,,,6313.171240021312,4148.994074073892,2164.177165947421,1575.0,302.0,75.0
B_rho025,18,CF,15,15,15,7305.08,312,15,1,5,C,116,0,0,,,5364.080133617702,3679.6123551916194,1684.4677784260832,1560.0,306.0,75.0
B_rho025,18,D,15,15,15,7305.08,312,15,1,5,C,116,116,0,1503.8913218434266,1486.5147773857893,5364.080133617702,3679.6123551916194,1684.4677784260832,1560.0,306.0,75.0
B_rho025,19,B,10,10,10,8746.242,425,10,1,4,B,0,0,0,,,6157.241536541487,4082.8720923517253,2074.3694441897633,2125.0,414.0,50.0
B_rho025,19,C,10,10,10,7643.353,422,10,1,4,C,0,0,0,,,5062.352825491324,3636.0397322989534,1426.3130931923715,2110.0,421.0,50.0
B_rho025,19,BF,10,10,10,8626.242,405,10,1,4,B,20,0,0,,,6157.241536541487,4082.8720923517253,2074.3694441897633,2025.0,394.0,50.0
B_rho025,19,CF,10,10,10,7553.353,407,10,1,4,C,15,0,0,,,5062.352825491324,3636.0397322989534,1426.3130931923715,2035.0,406.0,50.0
B_rho025,19,D,10,10,10,7553.353,407,10,1,4,C,15,15,0,1591.9008499461372,1494.5004862897013,5062.352825491324,3636.0397322989534,1426.3130931923715,2035.0,406.0,50.0
B_rho025,20,B,11,11,11,8114.257,397,11,1,3,B,0,0,0,,,5690.257321486992,4116.851763063688,1573.405558423305,1985.0,384.0,55.0
B_rho025,20,C,11,11,11,8013.27,479,11,1,3,C,0,0,0,,,5093.269821285626,3629.5264323263946,1463.7433889592296,2395.0,470.0,55.0
B_rho025,20,BF,11,11,11,7970.257,373,11,1,3,B,24,0,0,,,5690.257321486992,4116.851763063688,1573.405558423305,1865.0,360.0,55.0
B_rho025,20,CF,11,11,11,7708.27,428,11,1,3,C,51,0,0,,,5093.269821285626,3629.5264323263946,1463.7433889592296,2140.0,420.0,55.0
B_rho025,20,D,11,11,11,7708.27,428,11,1,3,C,51,51,0,1518.264279312082,1486.5147773857911,5093.269821285626,3629.5264323263946,1463.7433889592296,2140.0,420.0,55.0
B_rho025,21,B,15,15,15,8647.41,348,15,1,4,B,0,0,0,,,6503.410248755506,4082.8024514396075,2420.6077973158967,1740.0,329.0,75.0
B_rho025,21,C,15,15,15,8746.391,436,15,1,4,C,0,0,0,,,6066.391151868167,3682.4367796111455,2383.9543722570206,2180.0,425.0,75.0
B_rho025,21,BF,15,15,15,8431.41,312,15,1,4,B,36,0,0,,,6503.410248755506,4082.8024514396075,2420.6077973158967,1560.0,293.0,75.0
B_rho025,21,CF,15,15,15,8127.391,333,15,1,4,C,103,0,0,,,6066.391151868167,3682.4367796111455,2383.9543722570206,1665.0,321.0,75.0
B_rho025,21,D,15,15,15,8127.391,333,15,1,4,C,103,103,0,1501.931461453345,1486.5147773857902,6066.391151868167,3682.4367796111455,2383.9543722570206,1665.0,321.0,75.0
B_rho025,22,B,16,16,16,8318.465,326,16,1,5,B,0,0,0,,,6303.4649085819965,3289.5983627273285,3013.866545854671,1630.0,305.0,80.0
B_rho025,22,C,16,16,16,8044.026,366,16,1,5,C,0,0,0,,,5784.026236669937,3494.9715634644326,2289.054673205505,1830.0,350.0,80.0
B_rho025,22,BF,16,16,16,8301.465,323,16,1,5,B,3,0,0,,,6303.4649085819965,3289.5983627273285,3013.866545854671,1615.0,303.0,80.0
B_rho025,22,CF,16,16,16,7653.026,301,16,1,5,C,65,0,0,,,5784.026236669937,3494.9715634644326,2289.054673205505,1505.0,284.0,80.0
B_rho025,22,D,16,16,16,7653.026,301,16,1,5,C,65,65,0,1540.593472422629,1447.1056837813514,5784.026236669937,3494.9715634644326,2289.054673205505,1505.0,284.0,80.0
B_rho025,23,B,14,14,14,9126.463,333,14,1,2,B,0,0,0,,,7077.463350282903,4097.759255277769,2979.704095005139,1665.0,314.0,70.0
B_rho025,23,C,14,14,14,8894.854,503,14,1,2,C,0,0,0,,,5814.853932478282,3685.576896440814,2129.2770360374675,2515.0,495.0,70.0
B_rho025,23,BF,14,14,14,9126.463,333,14,1,2,B,0,0,0,,,7077.463350282903,4097.759255277769,2979.704095005139,1665.0,314.0,70.0
B_rho025,23,CF,14,14,14,7897.854,337,14,1,2,C,166,0,0,,,5814.853932478282,3685.576896440814,2129.2770360374675,1685.0,328.0,70.0
B_rho025,23,D,14,14,14,7897.854,337,14,1,2,C,166,166,0,1506.3489002060169,1487.9761260667003,5814.853932478282,3685.576896440814,2129.2770360374675,1685.0,328.0,70.0
B_rho025,24,B,10,10,10,9022.757,422,10,1,1,B,0,0,0,,,6447.7569008125665,4119.703594356662,2328.0533064559045,2110.0,415.0,50.0
B_rho025,24,C,10,10,10,8630.073,500,10,1,1,C,0,0,0,,,5588.073233581002,3676.8247252602796,1911.248508320723,2500.0,492.0,50.0
B_rho025,24,BF,10,10,10,9022.757,422,10,1,1,B,0,0,0,,,6447.7569008125665,4119.703594356662,2328.0533064559045,2110.0,415.0,50.0
B_rho025,24,CF,10,10,10,7975.073,391,10,1,1,C,109,0,0,,,5588.073233581002,3676.8247252602796,1911.248508320723,1955.0,382.0,50.0
B_rho025,24,D,10,10,10,7975.073,391,10,1,1,C,109,109,0,1508.3715194234433,1494.4775118091527,5588.073233581002,3676.8247252602796,1911.248508320723,1955.0,382.0,50.0
B_rho025,25,B,14,14,14,8635.982,348,14,1,3,B,0,0,0,,,6490.982217603507,4095.611239427998,2395.370978175513,1740.0,335.0,70.0
B_rho025,25,C,14,14,14,8545.987,475,14,1,3,C,0,0,0,,,5629.98717581147,3691.574729302718,1938.4124465087525,2375.0,471.0,70.0
B_rho025,25,BF,14,14,14,8599.982,342,14,1,3,B,6,0,0,,,6490.982217603507,4095.611239427998,2395.370978175513,1710.0,329.0,70.0
B_rho025,25,CF,14,14,14,7852.987,360,14,1,3,C,115,0,0,,,5629.98717581147,3691.574729302718,1938.4124465087525,1800.0,353.0,70.0
B_rho025,25,D,14,14,14,7852.987,360,14,1,3,C,115,115,0,1520.3433079280546,1464.3377367184214,5629.98717581147,3691.574729302718,1938.4124465087525,1800.0,353.0,70.0
B_rho025,26,B,12,12,12,8552.191,388,12,1,4,B,0,0,0,,,6177.190989832937,4127.9187541361825,2049.2722356967533,1940.0,375.0,60.0
B_rho025,26,C,12,12,12,8496.659,453,12,1,4,C,0,0,0,,,5726.65890349262,3662.9826015529056,2063.6763019397154,2265.0,445.0,60.0
B_rho025,26,BF,12,12,12,8336.191,352,12,1,4,B,36,0,0,,,6177.190989832937,4127.9187541361825,2049.2722356967533,1760.0,339.0,60.0
B_rho025,26,CF,12,12,12,7975.659,367,12,1,4,C,86,0,0,,,5726.65890349262,3662.9826015529056,2063.6763019397154,1835.0,354.0,60.0
B_rho025,26,D,12,12,12,7975.659,367,12,1,4,C,86,86,0,1538.4075209978537,1486.51477738579,5726.65890349262,3662.9826015529056,2063.6763019397154,1835.0,354.0,60.0
B_rho025,27,B,14,14,14,8597.175,355,14,1,3,B,0,0,0,,,6404.175464927679,4094.105906638828,2310.069558288853,1775.0,348.0,70.0
B_rho025,27,C,14,14,14,8016.883,437,14,1,3,C,0,0,0,,,5334.882834233693,3664.690937305525,1670.1918969281694,2185.0,427.0,70.0
B_rho025,27,BF,14,14,14,8525.175,343,14,1,3,B,12,0,0,,,6404.175464927679,4094.105906638828,2310.069558288853,1715.0,336.0,70.0
B_rho025,27,CF,14,14,14,7386.883,331,14,1,3,C,106,0,0,,,5334.882834233693,3664.690937305525,1670.1918969281694,1655.0,327.0,70.0
B_rho025,27,D,14,14,14,7386.883,331,14,1,3,C,106,106,0,1540.5934724226308,1486.514777385791,5334.882834233693,3664.690937305525,1670.1918969281694,1655.0,327.0,70.0
B_rho025,28,B,14,14,14,9047.314,383,14,1,0,B,0,0,0,,,6693.3137168373105,4081.871979393182,2611.4417374441296,1915.0,369.0,70.0
B_rho025,28,C,14,14,14,8207.883,445,14,1,0,C,0,0,0,,,5471.882972938684,3753.731171899399,1718.151801039286,2225.0,441.0,70.0
B_rho025,28,BF,14,14,14,9047.314,383,14,1,0,B,0,0,0,,,6693.3137168373105,4081.871979393182,2611.4417374441296,1915.0,369.0,70.0
B_rho025,28,CF,14,14,14,7565.883,338,14,1,0,C,107,0,0,,,5471.882972938684,3753.731171899399,1718.151801039286,1690.0,334.0,70.0
B_rho025,28,D,14,14,14,9047.314,383,14,1,0,B,0,0,0,,1308.9949527531508,6693.3137168373105,4081.871979393182,2611.4417374441296,1915.0,369.0,70.0
B_rho025,29,B,16,16,16,8269.783,297,16,1,5,B,0,0,0,,,6434.782769722708,3036.2888879033085,3398.493881819405,1485.0,270.0,80.0
B_rho025,29,C,16,16,16,8770.775,446,16,1,5,C,0,0,0,,,6027.775371612177,3701.7994823792988,2325.97588923288,2230.0,433.0,80.0
B_rho025,29,BF,16,16,16,8245.783,293,16,1,5,B,4,0,0,,,6434.782769722708,3036.2888879033085,3398.493881819405,1465.0,266.0,80.0
B_rho025,29,CF,16,16,16,8106.775,336,16,1,5,C,110,0,0,,,6027.775371612177,3701.7994823792988,2325.97588923288,1680.0,319.0,80.0
B_rho025,29,D,16,16,16,8106.775,336,16,1,5,C,110,110,0,1558.9413350859534,1443.7434599366456,6027.775371612177,3701.7994823792988,2325.97588923288,1680.0,319.0,80.0
B_rho025,30,B,16,16,16,6551.022,211,16,1,5,B,0,0,0,,,5215.021555020256,2501.171667146228,2713.8498878740256,1055.0,201.0,80.0
B_rho025,30,C,16,16,16,8084.381,453,16,1,5,C,0,0,0,,,5289.380834264636,2286.6043212478753,3002.77651301676,2265.0,450.0,80.0
B_rho025,30,BF,16,16,16,6503.022,203,16,1,5,B,8,0,0,,,5215.021555020256,2501.171667146228,2713.8498878740256,1015.0,193.0,80.0
B_rho025,30,CF,16,16,16,7079.381,287,16,1,5,C,166,0,0,,,5289.380834264636,2286.6043212478753,3002.77651301676,1435.0,275.0,80.0
B_rho025,30,D,16,16,16,7079.381,287,16,1,5,C,166,166,0,1500.105750949479,1484.0868188855743,5289.380834264636,2286.6043212478753,3002.77651301676,1435.0,275.0,80.0
B_rho030,1,B,16,16,16,9032.129,388,16,1,6,B,0,0,0,,,6651.129167213014,3750.151536482726,2900.9776307302886,1940.0,361.0,80.0
B_rho030,1,C,16,16,16,8835.028,485,16,1,6,C,0,0,0,,,5858.0276722673725,2815.830380372792,3042.197291894583,2425.0,472.0,80.0
B_rho030,1,BF,16,16,16,8882.129,363,16,1,6,B,25,0,0,,,6651.129167213014,3750.151536482726,2900.9776307302886,1815.0,336.0,80.0
B_rho030,1,CF,16,16,16,7796.028,316,16,1,6,C,169,0,0,,,5858.0276722673725,2815.830380372792,3042.197291894583,1580.0,278.0,80.0
B_rho030,1,D,16,16,16,7796.028,316,16,1,6,C,169,169,0,1507.7596297880666,1486.5147773857884,5858.0276722673725,2815.830380372792,3042.197291894583,1580.0,278.0,80.0
B_rho030,2,B,13,13,13,7912.803,310,13,1,2,B,0,0,0,,,5991.8032179545135,4149.839953073118,1841.9632648813974,1550.0,306.0,65.0
B_rho030,2,C,13,13,13,7818.453,407,13,1,2,C,0,0,0,,,5315.453253998797,3709.2527810350844,1606.200472963711,2035.0,403.0,65.0
B_rho030,2,BF,13,13,13,7912.803,310,13,1,2,B,0,0,0,,,5991.8032179545135,4149.839953073118,1841.9632648813974,1550.0,306.0,65.0
B_rho030,2,CF,13,13,13,7404.453,338,13,1,2,C,69,0,0,,,5315.453253998797,3709.2527810350844,1606.200472963711,1690.0,334.0,65.0
B_rho030,2,D,13,13,13,7404.453,338,13,1,2,C,69,69,0,1506.3489002060187,1478.3340706044376,5315.453253998797,3709.2527810350844,1606.200472963711,1690.0,334.0,65.0
B_rho030,3,B,14,14,14,9555.882,359,14,1,4,B,0,0,0,,,7360.8816389903195,4115.008908594651,3245.87273039567,1795.0,330.0,70.0
B_rho030,3,C,14,14,14,8482.575,419,14,1,4,C,0,0,0,,,5907.5749813337125,3662.2618610360387,2245.3131202976756,2095.0,410.0,70.0
B_rho030,3,BF,14,14,14,9404.882,333,14,1,4,B,26,0,0,,,7360.8816389903195,4115.008908594651,3245.87273039567,1665.0,309.0,70.0
B_rho030,3,CF,14,14,14,8248.575,380,14,1,4,C,39,0,0,,,5907.5749813337125,3662.2618610360387,2245.3131202976756,1900.0,371.0,70.0
B_rho030,3,D,14,14,14,8248.575,380,14,1,4,C,39,39,0,1572.4325379209674,1466.4328906469457,5907.5749813337125,3662.2618610360387,2245.3131202976756,1900.0,371.0,70.0
B_rho030,4,B,14,14,14,7608.01,301,14,1,5,B,0,0,0,,,5737.0103695181515,4087.121792477076,1649.8885770410766,1505.0,296.0,70.0
B_rho030,4,C,14,14,14,8406.39,409,14,1,5,C,0,0,0,,,5885.390483903436,3669.8038837875392,2215.5866001158975,2045.0,406.0,70.0
B_rho030,4,BF,14,14,14,7608.01,301,14,1,5,B,0,0,0,,,5737.0103695181515,4087.121792477076,1649.8885770410766,1505.0,296.0,70.0
B_rho030,4,CF,14,14,14,8039.39,349,14,1,5,C,60,0,0,,,5885.390483903436,3669.8038837875392,2215.5866001158975,1745.0,339.0,70.0
B_rho030,4,D,14,14,14,8039.39,349,14,1,5,C,60,60,0,1502.2947440649014,1489.3619861645902,5885.390483903436,3669.8038837875392,2215.5866001158975,1745.0,339.0,70.0
B_rho030,5,B,12,12,12,8366.769,355,12,1,5,B,0,0,0,,,6195.768675843044,4138.504923858848,2057.263751984197,1775.0,336.0,60.0
B_rho030,5,C,12,12,12,7948.651,418,12,1,5,C,0,0,0,,,5392.6511383693505,3674.2939516869033,1718.3571866824475,2090.0,406.0,60.0
B_rho030,5,BF,12,12,12,8312.769,346,12,1,5,B,9,0,0,,,6195.768675843044,4138.504923858848,2057.263751984197,1730.0,327.0,60.0
B_rho030,5,CF,12,12,12,7582.651,357,12,1,5,C,61,0,0,,,5392.6511383693505,3674.2939516869033,1718.3571866824475,1785.0,345.0,60.0
B_rho030,5,D,12,12,12,7582.651,357,12,1,5,C,61,61,0,1513.3031164952106,1486.5147773857875,5392.6511383693505,3674.2939516869033,1718.3571866824475,1785.0,345.0,60.0
B_rho030,6,B,14,14,14,8349.235,376,14,1,2,B,0,0,0,,,6037.235134349648,4131.400392383906,1905.834741965743,1880.0,362.0,70.0
B_rho030,6,C,14,14,14,8643.292,440,14,1,2,C,0,0,0,,,5941.291660823564,3696.045499096637,2245.246161726925,2200.0,432.0,70.0
B_rho030,6,BF,14,14,14,8319.235,371,14,1,2,B,5,0,0,,,6037.235134349648,4131.400392383906,1905.834741965743,1855.0,357.0,70.0
B_rho030,6,CF,14,14,14,8323.292,387,14,1,2,C,53,0,0,,,5941.291660823564,3696.045499096637,2245.246161726925,1935.0,377.0,70.0
B_rho030,6,D,14,14,14,8323.292,387,14,1,2,C,53,53,0,1536.9272215599954,1449.71737765124,5941.291660823564,3696.045499096637,2245.246161726925,1935.0,377.0,70.0
B_rho030,7,B,14,14,14,8508.477,343,14,1,2,B,0,0,0,,,6395.477193777524,4081.871979393182,2313.6052143843444,1715.0,328.0,70.0
B_rho030,7,C,14,14,14,9548.41,507,14,1,2,C,0,0,0,,,6442.410185857117,3681.799562539276,2760.6106233178434,2535.0,501.0,70.0
B_rho030,7,BF,14,14,14,8358.477,318,14,1,2,B,25,0,0,,,6395.477193777524,4081.871979393182,2313.6052143843444,1590.0,303.0,70.0
B_rho030,7,CF,14,14,14,8897.41,401,14,1,2,C,106,0,0,,,6442.410185857117,3681.799562539276,2760.6106233178434,2005.0,380.0,70.0
B_rho030,7,D,14,14,14,8897.41,401,14,1,2,C,106,106,0,1589.2859137871205,1486.5147773857898,6442.410185857117,3681.799562539276,2760.6106233178434,2005.0,380.0,70.0
B_rho030,8,B,16,16,16,6619.46,311,16,1,4,B,0,0,0,,,4687.460137257814,1973.921851567619,2713.5382856901947,1555.0,297.0,80.0
B_rho030,8,C,16,16,16,6788.346,393,16,1,4,C,0,0,0,,,4359.345916680598,1886.1297287308848,2473.216187949712,1965.0,384.0,80.0
B_rho030,8,BF,16,16,16,6135.46,233,16,1,4,B,78,0,0,,,4687.460137257814,1973.921851567619,2713.5382856901947,1165.0,203.0,80.0
B_rho030,8,CF,16,16,16,5799.346,229,16,1,4,C,164,0,0,,,4359.345916680598,1886.1297287308848,2473.216187949712,1145.0,215.0,80.0
B_rho030,8,D,16,16,16,5799.346,229,16,1,4,C,164,164,0,1500.8751296861165,1486.5147773857889,4359.345916680598,1886.1297287308848,2473.216187949712,1145.0,215.0,80.0
B_rho030,9,B,14,14,14,8805.227,392,14,1,4,B,0,0,0,,,6400.226618579533,4083.686638989887,2316.5399795896474,1960.0,375.0,70.0
B_rho030,9,C,14,14,14,8776.044,430,14,1,4,C,0,0,0,,,6146.044249352151,3687.434551068866,2458.6096982832864,2150.0,410.0,70.0
B_rho030,9,BF,14,14,14,8745.227,382,14,1,4,B,10,0,0,,,6400.226618579533,4083.686638989887,2316.5399795896474,1910.0,365.0,70.0
B_rho030,9,CF,14,14,14,8300.044,350,14,1,4,C,80,0,0,,,6146.044249352151,3687.434551068866,2458.6096982832864,1750.0,334.0,70.0
B_rho030,9,D,14,14,14,8300.044,350,14,1,4,C,80,80,0,1536.3440456540895,1448.4711971758882,6146.044249352151,3687.434551068866,2458.6096982832864,1750.0,334.0,70.0
B_rho030,10,B,15,15,15,8859.964,323,15,1,6,B,0,0,0,,,6861.964304341164,4095.434847352657,2766.5294569885086,1615.0,308.0,75.0
B_rho030,10,C,15,15,15,8166.119,381,15,1,6,C,0,0,0,,,5821.118687842309,3641.8326931129254,2179.2859947293828,1905.0,365.0,75.0
B_rho030,10,BF,15,15,15,8751.964,305,15,1,6,B,18,0,0,,,6861.964304341164,4095.434847352657,2766.5294569885086,1525.0,290.0,75.0
B_rho030,10,CF,15,15,15,7650.119,294,15,1,6,C,87,0,0,,,5821.118687842309,3641.8326931129254,2179.2859947293828,1470.0,284.0,75.0
B_rho030,10,D,15,15,15,7650.119,294,15,1,6,C,87,87,0,1505.7570799163227,1445.25348415211,5821.118687842309,3641.8326931129254,2179.2859947293828,1470.0,284.0,75.0
B_rho030,11,B,16,16,16,8614.708,300,16,1,6,B,0,0,0,,,6760.7075707829545,3619.3216147187336,3141.3859560642227,1500.0,274.0,80.0
B_rho030,11,C,16,16,16,8567.903,398,16,1,6,C,0,0,0,,,6114.903189057681,3225.4294352485954,2889.4737538090876,1990.0,383.0,80.0
B_rho030,11,BF,16,16,16,8478.708,277,16,1,6,B,23,0,0,,,6760.7075707829545,3619.3216147187336,3141.3859560642227,1385.0,253.0,80.0
B_rho030,11,CF,16,16,16,7944.903,296,16,1,6,C,102,0,0,,,6114.903189057681,3225.4294352485954,2889.4737538090876,1480.0,270.0,80.0
B_rho030,11,D,16,16,16,7944.903,296,16,1,6,C,102,102,0,1542.0638207641077,1493.7529918487155,6114.903189057681,3225.4294352485954,2889.4737538090876,1480.0,270.0,80.0
B_rho030,12,B,13,13,13,8405.7,370,13,1,2,B,0,0,0,,,6128.699946138246,4107.152250041423,2021.547696096824,1850.0,362.0,65.0
B_rho030,12,C,13,13,13,8569.619,437,13,1,2,C,0,0,0,,,5895.618840697769,3774.6060307319135,2121.0128099658587,2185.0,424.0,65.0
B_rho030,12,BF,13,13,13,8345.7,360,13,1,2,B,10,0,0,,,6128.699946138246,4107.152250041423,2021.547696096824,1800.0,352.0,65.0
B_rho030,12,CF,13,13,13,8123.619,364,13,1,2,C,73,0,0,,,5895.618840697769,3774.6060307319135,2121.0128099658587,1820.0,343.0,65.0
B_rho030,12,D,13,13,13,8123.619,364,13,1,2,C,73,73,0,1510.8859342433484,1486.5147773857896,5895.618840697769,3774.6060307319135,2121.0128099658587,1820.0,343.0,65.0
B_rho030,13,B,11,11,11,8931.126,429,11,1,4,B,0,0,0,,,6320.126067445644,4154.158820446584,2165.967246999059,2145.0,411.0,55.0
B_rho030,13,C,11,11,11,9363.888,503,11,1,4,C,0,0,0,,,6296.888422711798,3683.590049292793,2613.2983734190057,2515.0,497.0,55.0
B_rho030,13,BF,11,11,11,8722.126,394,11,1,4,B,35,0,0,,,6320.126067445644,4154.158820446584,2165.967246999059,1970.0,377.0,55.0
B_rho030,13,CF,11,11,11,8944.888,435,11,1,4,C,68,0,0,,,6296.888422711798,3683.590049292793,2613.2983734190057,2175.0,418.0,55.0
B_rho030,13,D,11,11,11,8944.888,435,11,1,4,C,68,68,0,1506.348900206018,1490.1661272894148,6296.888422711798,3683.590049292793,2613.2983734190057,2175.0,418.0,55.0
B_rho030,14,B,15,15,15,10078.282,334,15,1,5,B,0,0,0,,,8026.281963238738,4081.871979393182,3944.409983845562,1670.0,307.0,75.0
B_rho030,14,C,15,15,15,8699.02,468,15,1,5,C,0,0,0,,,5821.0203994178555,3690.2554679639666,2130.7649314538908,2340.0,463.0,75.0
B_rho030,14,BF,15,15,15,9952.282,313,15,1,5,B,21,0,0,,,8026.281963238738,4081.871979393182,3944.409983845562,1565.0,286.0,75.0
B_rho030,14,CF,15,15,15,7799.02,321,15,1,5,C,147,0,0,,,5821.0203994178555,3690.2554679639666,2130.7649314538908,1605.0,298.0,75.0
B_rho030,14,D,15,15,15,7799.02,321,15,1,5,C,147,147,0,1523.5244781526164,1495.370425478772,5821.0203994178555,3690.2554679639666,2130.7649314538908,1605.0,298.0,75.0
B_rho030,15,B,15,15,15,9197.531,305,15,1,5,B,0,0,0,,,7321.531368756846,4124.609127525377,3196.9222412314716,1525.0,276.0,75.0
B_rho030,15,C,15,15,15,9750.282,501,15,1,5,C,0,0,0,,,6675.282489596107,3678.437799649981,2996.844689946126,2505.0,495.0,75.0
B_rho030,15,BF,15,15,15,9161.531,299,15,1,5,B,6,0,0,,,7321.531368756846,4124.609127525377,3196.9222412314716,1495.0,270.0,75.0
B_rho030,15,CF,15,15,15,8972.282,374,15,1,5,C,127,0,0,,,6675.282489596107,3678.437799649981,2996.844689946126,1870.0,352.0,75.0
B_rho030,15,D,15,15,15,8972.282,374,15,1,5,C,127,127,0,1534.1872945200978,1437.6265192426104,6675.282489596107,3678.437799649981,2996.844689946126,1870.0,352.0,75.0
B_rho030,16,B,11,11,11,8344.332,370,11,1,2,B,0,0,0,,,6090.33247478265,4081.871979393182,2008.4604953894693,1850.0,349.0,55.0
B_rho030,16,C,11,11,11,8192.586,484,11,1,2,C,0,0,0,,,5238.586075613248,3659.0495180772923,1579.5365575359565,2420.0,479.0,55.0
B_rho030,16,BF,11,11,11,8296.332,362,11,1,2,B,8,0,0,,,6090.33247478265,4081.871979393182,2008.4604953894693,1810.0,341.0,55.0
B_rho030,16,CF,11,11,11,7664.586,396,11,1,2,C,88,0,0,,,5238.586075613248,3659.0495180772923,1579.5365575359565,1980.0,391.0,55.0
B_rho030,16,D,11,11,11,7664.586,396,11,1,2,C,88,88,0,1506.3489002060194,1434.0892173830434,5238.586075613248,3659.0495180772923,1579.5365575359565,1980.0,391.0,55.0
B_rho030,17,B,10,10,10,8890.842,446,10,1,3,B,0,0,0,,,6178.841703519029,4108.39827579746,2070.4434277215687,2230.0,432.0,50.0
B_rho030,17,C,10,10,10,8107.803,457,10,1,3,C,0,0,0,,,5321.8027876933465,3700.2249090266623,1621.5778786666847,2285.0,451.0,50.0
B_rho030,17,BF,10,10,10,8728.842,419,10,1,3,B,27,0,0,,,6178.841703519029,4108.39827579746,2070.4434277215687,2095.0,405.0,50.0
B_rho030,17,CF,10,10,10,7718.803,392,10,1,3,C,65,0,0,,,5321.8027876933465,3700.2249090266623,1621.5778786666847,1960.0,387.0,50.0
B_rho030,17,D,10,10,10,7718.803,392,10,1,3,C,65,65,0,1592.3770761408357,1486.514777385788,5321.8027876933465,3700.2249090266623,1621.5778786666847,1960.0,387.0,50.0
B_rho030,18,B,16,16,16,7594.603,272,16,1,5,B,0,0,0,,,5892.6030864464465,2854.489625219071,3038.113461227375,1360.0,262.0,80.0
B_rho030,18,C,16,16,16,8623.231,435,16,1,5,C,0,0,0,,,5942.231132075287,3767.0018442264695,2175.2292878488197,2175.0,426.0,80.0
B_rho030,18,BF,16,16,16,7540.603,263,16,1,5,B,9,0,0,,,5892.6030864464465,2854.489625219071,3038.113461227375,1315.0,253.0,80.0
B_rho030,18,CF,16,16,16,7968.231,327,16,1,5,C,108,0,0,,,5942.231132075287,3767.0018442264695,2175.2292878488197,1635.0,311.0,80.0
B_rho030,18,D,16,16,16,7968.231,327,16,1,5,C,108,108,0,1506.348900206017,1490.0271839740524,5942.231132075287,3767.0018442264695,2175.2292878488197,1635.0,311.0,80.0
B_rho030,19,B,12,12,12,8483.092,411,12,1,4,B,0,0,0,,,5967.09236798125,4117.143994033295,1849.948373947955,2055.0,401.0,60.0
B_rho030,19,C,12,12,12,8407.115,479,12,1,4,C,0,0,0,,,5482.114515916454,3672.901565880133,1809.2129500363203,2395.0,470.0,60.0
B_rho030,19,BF,12,12,12,8387.092,395,12,1,4,B,16,0,0,,,5967.09236798125,4117.143994033295,1849.948373947955,1975.0,385.0,60.0
B_rho030,19,CF,12,12,12,7918.115,398,12,1,4,C,81,0,0,,,5482.114515916454,3672.901565880133,1809.2129500363203,1990.0,386.0,60.0
B_rho030,19,D,12,12,12,7918.115,398,12,1,4,C,81,81,0,1506.3489002060182,1489.824479562339,5482.114515916454,3672.901565880133,1809.2129500363203,1990.0,386.0,60.0
B_rho030,20,B,10,10,10,8419.008,402,10,1,4,B,0,0,0,,,5964.007915269025,4081.871979393182,1882.1359358758446,2010.0,395.0,50.0
B_rho030,20,C,10,10,10,8127.126,510,10,1,4,C,0,0,0,,,5019.1259834038365,3630.3112973127036,1388.8146860911318,2550.0,508.0,50.0
B_rho030,20,BF,10,10,10,8365.008,393,10,1,4,B,9,0,0,,,5964.007915269025,4081.871979393182,1882.1359358758446,1965.0,386.0,50.0
B_rho030,20,CF,10,10,10,7472.126,401,10,1,4,C,109,0,0,,,5019.1259834038365,3630.3112973127036,1388.8146860911318,2005.0,398.0,50.0
B_rho030,20,D,10,10,10,7472.126,401,10,1,4,C,109,109,0,1502.4890927609213,1494.3472222677644,5019.1259834038365,3630.3112973127036,1388.8146860911318,2005.0,398.0,50.0
B_rho030,21,B,12,12,12,8261.053,349,12,1,5,B,0,0,0,,,6114.053123558496,4105.436688494032,2008.616435064462,1745.0,342.0,60.0
B_rho030,21,C,12,12,12,8770.57,461,12,1,5,C,0,0,0,,,5949.569855827709,3680.8605018774547,2268.7093539502557,2305.0,456.0,60.0
B_rho030,21,BF,12,12,12,8141.053,329,12,1,5,B,20,0,0,,,6114.053123558496,4105.436688494032,2008.616435064462,1645.0,322.0,60.0
B_rho030,21,CF,12,12,12,8247.57,375,12,1,5,C,86,0,0,,,5949.569855827709,3680.8605018774547,2268.7093539502557,1875.0,363.0,60.0
B_rho030,21,D,12,12,12,8247.57,375,12,1,5,C,86,86,0,1549.9352857935744,1464.663881309249,5949.569855827709,3680.8605018774547,2268.7093539502557,1875.0,363.0,60.0
B_rho030,22,B,15,15,15,9797.31,390,15,1,5,B,0,0,0,,,7406.309954198444,4096.728851991893,3309.5811022065554,1950.0,366.0,75.0
B_rho030,22,C,15,15,15,9864.1,508,15,1,5,C,0,0,0,,,6771.100471020481,3738.1889849486215,3032.911486071865,2540.0,478.0,75.0
B_rho030,22,BF,15,15,15,9707.31,375,15,1,5,B,15,0,0,,,7406.309954198444,4096.728851991893,3309.5811022065554,1875.0,351.0,75.0
B_rho030,22,CF,15,15,15,9096.1,380,15,1,5,C,128,0,0,,,6771.100471020481,3738.1889849486215,3032.911486071865,1900.0,350.0,75.0
B_rho030,22,D,15,15,15,9096.1,380,15,1,5,C,128,128,0,1504.0973408363,1462.1041102482407,6771.100471020481,3738.1889849486215,3032.911486071865,1900.0,350.0,75.0
B_rho030,23,B,14,14,14,8325.019,341,14,1,1,B,0,0,0,,,6216.019023728769,4088.9790564633045,2127.039967265463,1705.0,334.0,70.0
B_rho030,23,C,14,14,14,8909.11,443,14,1,1,C,0,0,0,,,6212.109794556067,3651.599402775041,2560.510391781025,2215.0,412.0,70.0
B_rho030,23,BF,14,14,14,8325.019,341,14,1,1,B,0,0,0,,,6216.019023728769,4088.9790564633045,2127.039967265463,1705.0,334.0,70.0
B_rho030,23,CF,14,14,14,8392.11,356,14,1,1,C,87,0,0,,,6212.109794556067,3651.599402775041,2560.510391781025,1780.0,330.0,70.0
B_rho030,23,D,14,14,14,8392.11,356,14,1,1,C,87,87,0,1508.2976069246743,1497.3384001798547,6212.109794556067,3651.599402775041,2560.510391781025,1780.0,330.0,70.0
B_rho030,24,B,14,14,14,8263.213,330,14,1,4,B,0,0,0,,,6220.212956704439,4081.871979393182,2138.34097731126,1650.0,323.0,70.0
B_rho030,24,C,14,14,14,8749.51,411,14,1,4,C,0,0,0,,,6238.509941571976,3641.6267489564616,2596.883192615517,2055.0,386.0,70.0
B_rho030,24,BF,14,14,14,8227.213,324,14,1,4,B,6,0,0,,,6220.212956704439,4081.871979393182,2138.34097731126,1620.0,317.0,70.0
B_rho030,24,CF,14,14,14,8319.51,340,14,1,4,C,71,0,0,,,6238.509941571976,3641.6267489564616,2596.883192615517,1700.0,311.0,70.0
B_rho030,24,D,14,14,14,8319.51,340,14,1,4,C,71,71,0,1504.9874504700433,1487.3682203717713,6238.509941571976,3641.6267489564616,2596.883192615517,1700.0,311.0,70.0
B_rho030,25,B,13,13,13,8562.141,377,13,1,5,B,0,0,0,,,6246.141270768996,4081.871979393182,2164.2692913758137,1885.0,366.0,65.0
B_rho030,25,C,13,13,13,9019.335,496,13,1,5,C,0,0,0,,,5985.334749959529,3664.6281847168225,2320.7065652427073,2480.0,489.0,65.0
B_rho030,25,BF,13,13,13,8448.141,358,13,1,5,B,19,0,0,,,6246.141270768996,4081.871979393182,2164.2692913758137,1790.0,347.0,65.0
B_rho030,25,CF,13,13,13,8273.335,375,13,1,5,C,121,0,0,,,5985.334749959529,3664.6281847168225,2320.7065652427073,1875.0,348.0,65.0
B_rho030,25,D,13,13,13,8273.335,375,13,1,5,C,121,121,0,1528.3599592905643,1486.5147773857905,5985.334749959529,3664.6281847168225,2320.7065652427073,1875.0,348.0,65.0
B_rho030,26,B,15,15,15,8914.589,341,15,1,4,B,0,0,0,,,6807.588876488954,4112.09513140111,2695.493745087845,1705.0,327.0,75.0
B_rho030,26,C,15,15,15,8439.635,427,15,1,4,C,0,0,0,,,5818.634504291454,3669.5148530123415,2149.119651279115,2135.0,411.0,75.0
B_rho030,26,BF,15,15,15,8914.589,341,15,1,4,B,0,0,0,,,6807.588876488954,4112.09513140111,2695.493745087845,1705.0,327.0,75.0
B_rho030,26,CF,15,15,15,7999.635,354,15,1,4,C,73,0,0,,,5818.634504291454,3669.5148530123415,2149.119651279115,1770.0,336.0,75.0
B_rho030,26,D,15,15,15,7999.635,354,15,1,4,C,73,73,0,1583.919269329344,1446.9580931912867,5818.634504291454,3669.5148530123415,2149.119651279115,1770.0,336.0,75.0
B_rho030,27,B,10,10,10,8135.577,374,10,1,3,B,0,0,0,,,5846.577161878109,4113.474171713222,1733.1029901648858,1870.0,369.0,50.0
B_rho030,27,C,10,10,10,8316.088,471,10,1,3,C,0,0,0,,,5444.087583286002,3634.0278551495185,1810.0597281364835,2355.0,467.0,50.0
B_rho030,27,BF,10,10,10,8135.577,374,10,1,3,B,0,0,0,,,5846.577161878109,4113.474171713222,1733.1029901648858,1870.0,369.0,50.0
B_rho030,27,CF,10,10,10,7909.088,403,10,1,3,C,68,0,0,,,5444.087583286002,3634.0278551495185,1810.0597281364835,2015.0,400.0,50.0
B_rho030,27,D,10,10,10,7909.088,403,10,1,3,C,68,68,0,1566.4324046132979,1478.5938920620408,5444.087583286002,3634.0278551495185,1810.0597281364835,2015.0,400.0,50.0
B_rho030,28,B,14,14,14,8785.792,412,14,1,2,B,0,0,0,,,6257.79248520923,4110.719019304186,2147.0734659050454,2060.0,398.0,70.0
B_rho030,28,C,14,14,14,7754.941,398,14,1,2,C,0,0,0,,,5311.941014342648,3786.4822304346408,1525.458783908009,1990.0,383.0,70.0
B_rho030,28,BF,14,14,14,8569.792,376,14,1,2,B,36,0,0,,,6257.79248520923,4110.719019304186,2147.0734659050454,1880.0,362.0,70.0
B_rho030,28,CF,14,14,14,7454.941,348,14,1,2,C,50,0,0,,,5311.941014342648,3786.4822304346408,1525.458783908009,1740.0,333.0,70.0
B_rho030,28,D,14,14,14,7454.941,348,14,1,2,C,50,50,0,1506.3489002060178,1486.5147773857893,5311.941014342648,3786.4822304346408,1525.458783908009,1740.0,333.0,70.0
B_rho030,29,B,14,14,14,9527.502,361,14,1,3,B,0,0,0,,,7313.502253874703,4091.569025749617,3221.9332281250877,1805.0,339.0,70.0
B_rho030,29,C,14,14,14,8169.065,435,14,1,3,C,0,0,0,,,5501.064953330516,3640.490682467798,1860.5742708627185,2175.0,423.0,70.0
B_rho030,29,BF,14,14,14,9437.502,346,14,1,3,B,15,0,0,,,7313.502253874703,4091.569025749617,3221.9332281250877,1730.0,324.0,70.0
B_rho030,29,CF,14,14,14,7524.065,327,14,1,3,C,108,0,0,,,5501.064953330516,3640.490682467798,1860.5742708627185,1635.0,318.0,70.0
B_rho030,29,D,14,14,14,7524.065,327,14,1,3,C,108,108,0,1506.34890020602,1496.161606473205,5501.064953330516,3640.490682467798,1860.5742708627185,1635.0,318.0,70.0
B_rho030,30,B,13,13,13,9559.028,402,13,1,2,B,0,0,0,,,7110.027954559228,4101.1870925213,3008.8408620379305,2010.0,374.0,65.0
B_rho030,30,C,13,13,13,8183.619,465,13,1,2,C,0,0,0,,,5335.619030320032,3659.2431582896706,1676.3758720303636,2325.0,458.0,65.0
B_rho030,30,BF,13,13,13,9419.028,378,13,1,2,B,24,0,0,,,7110.027954559228,4101.1870925213,3008.8408620379305,1890.0,354.0,65.0
B_rho030,30,CF,13,13,13,7635.619,374,13,1,2,C,91,0,0,,,5335.619030320032,3659.2431582896706,1676.3758720303636,1870.0,365.0,65.0
B_rho030,30,D,13,13,13,7635.619,374,13,1,2,C,91,91,0,1506.3489002060169,1486.5147773857902,5335.619030320032,3659.2431582896706,1676.3758720303636,1870.0,365.0,65.0
B_rho035,1,B,15,15,15,8220.955,364,15,1,2,B,0,0,0,,,5963.954931410074,4087.951779156282,1876.0031522537915,1820.0,362.0,75.0
B_rho035,1,C,15,15,15,9209.478,542,15,1,2,C,0,0,0,,,5895.478287147856,3685.313923677262,2210.1643634705956,2710.0,529.0,75.0
B_rho035,1,BF,15,15,15,8124.955,348,15,1,2,B,16,0,0,,,5963.954931410074,4087.951779156282,1876.0031522537915,1740.0,346.0,75.0
B_rho035,1,CF,15,15,15,8284.478,388,15,1,2,C,154,0,0,,,5895.478287147856,3685.313923677262,2210.1643634705956,1940.0,374.0,75.0
B_rho035,1,D,15,15,15,8284.478,388,15,1,2,C,154,154,0,1508.356473590746,1493.9982895477433,5895.478287147856,3685.313923677262,2210.1643634705956,1940.0,374.0,75.0
B_rho035,2,B,10,10,10,8603.505,385,10,1,3,B,0,0,0,,,6256.505145167429,4100.51621204374,2155.988933123688,1925.0,372.0,50.0
B_rho035,2,C,10,10,10,9183.924,508,10,1,3,C,0,0,0,,,6115.924014603416,3683.083604347296,2432.8404102561212,2540.0,478.0,50.0
B_rho035,2,BF,10,10,10,8603.505,385,10,1,3,B,0,0,0,,,6256.505145167429,4100.51621204374,2155.988933123688,1925.0,372.0,50.0
B_rho035,2,CF,10,10,10,8925.924,465,10,1,3,C,43,0,0,,,6115.924014603416,3683.083604347296,2432.8404102561212,2325.0,435.0,50.0
B_rho035,2,D,10,10,10,8925.924,465,10,1,3,C,43,43,0,1583.919269329346,1439.249257727759,6115.924014603416,3683.083604347296,2432.8404102561212,2325.0,435.0,50.0
B_rho035,3,B,11,11,11,8578.481,391,11,1,0,B,0,0,0,,,6191.48070219092,4081.871979393182,2109.6087227977414,1955.0,377.0,55.0
B_rho035,3,C,11,11,11,9245.913,537,11,1,0,C,0,0,0,,,5979.912529651843,3706.440977216619,2273.4715524352264,2685.0,526.0,55.0
B_rho035,3,BF,11,11,11,8482.481,375,11,1,0,B,16,0,0,,,6191.48070219092,4081.871979393182,2109.6087227977414,1875.0,361.0,55.0
B_rho035,3,CF,11,11,11,8825.913,467,11,1,0,C,70,0,0,,,5979.912529651843,3706.440977216619,2273.4715524352264,2335.0,456.0,55.0
B_rho035,3,D,11,11,11,8482.481,375,11,1,0,B,16,16,0,1608.65357042876,987.1970999071618,6191.48070219092,4081.871979393182,2109.6087227977414,1875.0,361.0,55.0
B_rho035,4,B,16,16,16,7393.813,261,16,1,3,B,0,0,0,,,5758.8128967741695,3348.7332756627698,2410.079621111403,1305.0,250.0,80.0
B_rho035,4,C,16,16,16,8242.082,386,16,1,3,C,0,0,0,,,5864.082218525221,3085.587390959573,2778.4948275656498,1930.0,368.0,80.0
B_rho035,4,BF,16,16,16,7357.813,255,16,1,3,B,6,0,0,,,5758.8128967741695,3348.7332756627698,2410.079621111403,1275.0,244.0,80.0
B_rho035,4,CF,16,16,16,7724.082,300,16,1,3,C,86,0,0,,,5864.082218525221,3085.587390959573,2778.4948275656498,1500.0,280.0,80.0
B_rho035,4,D,16,16,16,7724.082,300,16,1,3,C,86,86,0,1506.3489002060182,1486.5147773857898,5864.082218525221,3085.587390959573,2778.4948275656498,1500.0,280.0,80.0
B_rho035,5,B,10,10,10,8490.734,408,10,1,3,B,0,0,0,,,5999.7338961240885,4085.4713070563334,1914.2625890677525,2040.0,401.0,50.0
B_rho035,5,C,10,10,10,8324.016,478,10,1,3,C,0,0,0,,,5426.016084055808,3681.6267574156545,1744.3893266401556,2390.0,458.0,50.0
B_rho035,5,BF,10,10,10,8418.734,396,10,1,3,B,12,0,0,,,5999.7338961240885,4085.4713070563334,1914.2625890677525,1980.0,389.0,50.0
B_rho035,5,CF,10,10,10,7946.016,415,10,1,3,C,63,0,0,,,5426.016084055808,3681.6267574156545,1744.3893266401556,2075.0,395.0,50.0
B_rho035,5,D,10,10,10,7946.016,415,10,1,3,C,63,63,0,1567.0793621411005,1486.5147773857911,5426.016084055808,3681.6267574156545,1744.3893266401556,2075.0,395.0,50.0
B_rho035,6,B,10,10,10,8404.913,424,10,1,1,B,0,0,0,,,5816.91285564534,4089.4276105198946,1727.4852451254449,2120.0,418.0,50.0
B_rho035,6,C,10,10,10,8974.715,552,10,1,1,C,0,0,0,,,5619.715300215599,3657.3283783117067,1962.3869219038925,2760.0,545.0,50.0
B_rho035,6,BF,10,10,10,8404.913,424,10,1,1,B,0,0,0,,,5816.91285564534,4089.4276105198946,1727.4852451254449,2120.0,418.0,50.0
B_rho035,6,CF,10,10,10,8431.715,463,10,1,1,C,89,0,0,,,5619.715300215599,3657.3283783117067,1962.3869219038925,2315.0,447.0,50.0
B_rho035,6,D,10,10,10,8431.715,463,10,1,1,C,89,89,0,1506.348900206018,1498.069661730311,5619.715300215599,3657.3283783117067,1962.3869219038925,2315.0,447.0,50.0
B_rho035,7,B,11,11,11,9173.705,428,11,1,4,B,0,0,0,,,6576.704822360751,4084.5802069042315,2492.124615456525,2140.0,402.0,55.0
B_rho035,7,C,11,11,11,9124.498,494,11,1,4,C,0,0,0,,,6111.498028863572,3676.9044440395555,2434.5935848240147,2470.0,488.0,55.0
B_rho035,7,BF,11,11,11,8957.705,392,11,1,4,B,36,0,0,,,6576.704822360751,4084.5802069042315,2492.124615456525,1960.0,366.0,55.0
B_rho035,7,CF,11,11,11,8651.498,416,11,1,4,C,78,0,0,,,6111.498028863572,3676.9044440395555,2434.5935848240147,2080.0,405.0,55.0
B_rho035,7,D,11,11,11,8651.498,416,11,1,4,C,78,78,0,1534.909780685666,1486.5147773857893,6111.498028863572,3676.9044440395555,2434.5935848240147,2080.0,405.0,55.0
B_rho035,8,B,14,14,14,8516.92,354,14,1,3,B,0,0,0,,,6343.92027782481,4081.871979393182,2262.0482984316295,1770.0,333.0,70.0
B_rho035,8,C,14,14,14,8420.154,457,14,1,3,C,0,0,0,,,5618.154141862274,3674.2059168430696,1943.9482250192038,2285.0,447.0,70.0
B_rho035,8,BF,14,14,14,8414.92,337,14,1,3,B,17,0,0,,,6343.92027782481,4081.871979393182,2262.0482984316295,1685.0,316.0,70.0
B_rho035,8,CF,14,14,14,7983.154,384,14,1,3,C,73,0,0,,,5618.154141862274,3674.2059168430696,1943.9482250192038,1920.0,375.0,70.0
B_rho035,8,D,14,14,14,7983.154,384,14,1,3,C,73,73,0,1528.4005110527442,1448.9003709412543,5618.154141862274,3674.2059168430696,1943.9482250192038,1920.0,375.0,70.0
B_rho035,9,B,10,10,10,8768.7,439,10,1,2,B,0,0,0,,,6096.699850047582,4099.12715559757,1997.5726944500109,2195.0,427.0,50.0
B_rho035,9,C,10,10,10,8480.901,504,10,1,2,C,0,0,0,,,5408.901106616082,3703.0493921714356,1705.8517144446462,2520.0,502.0,50.0
B_rho035,9,BF,10,10,10,8708.7,429,10,1,2,B,10,0,0,,,6096.699850047582,4099.12715559757,1997.5726944500109,2145.0,417.0,50.0
B_rho035,9,CF,10,10,10,7976.901,420,10,1,2,C,84,0,0,,,5408.901106616082,3703.0493921714356,1705.8517144446462,2100.0,418.0,50.0
B_rho035,9,D,10,10,10,7976.901,420,10,1,2,C,84,84,0,1544.475045523496,1437.6265192426113,5408.901106616082,3703.0493921714356,1705.8517144446462,2100.0,418.0,50.0
B_rho035,10,B,16,16,16,7443.7,343,16,1,3,B,0,0,0,,,5320.6999042866955,3465.1564753252355,1855.5434289614607,1715.0,328.0,80.0
B_rho035,10,C,16,16,16,7335.266,396,16,1,3,C,0,0,0,,,4886.266369230421,3279.682316005496,1606.5840532249251,1980.0,389.0,80.0
B_rho035,10,BF,16,16,16,7443.7,343,16,1,3,B,0,0,0,,,5320.6999042866955,3465.1564753252355,1855.5434289614607,1715.0,328.0,80.0
B_rho035,10,CF,16,16,16,6828.266,311,16,1,3,C,85,0,0,,,4886.266369230421,3279.682316005496,1606.5840532249251,1555.0,307.0,80.0
B_rho035,10,D,16,16,16,6828.266,311,16,1,3,C,85,85,0,1506.3489002060196,1479.8991336902925,4886.266369230421,3279.682316005496,1606.5840532249251,1555.0,307.0,80.0
B_rho035,11,B,14,14,14,7942.013,328,14,1,2,B,0,0,0,,,5907.0129464547645,4131.800711890519,1775.212234564245,1640.0,325.0,70.0
B_rho035,11,C,14,14,14,8721.744,439,14,1,2,C,0,0,0,,,6021.743511314333,3676.2762311538872,2345.467280160448,2195.0,435.0,70.0
B_rho035,11,BF,14,14,14,7942.013,328,14,1,2,B,0,0,0,,,5907.0129464547645,4131.800711890519,1775.212234564245,1640.0,325.0,70.0
B_rho035,11,CF,14,14,14,8248.744,360,14,1,2,C,79,0,0,,,6021.743511314333,3676.2762311538872,2345.467280160448,1800.0,357.0,70.0
B_rho035,11,D,14,14,14,8248.744,360,14,1,2,C,79,79,0,1569.2205844621612,1456.2752131000343,6021.743511314333,3676.2762311538872,2345.467280160448,1800.0,357.0,70.0
B_rho035,12,B,12,12,12,7605.305,346,12,1,2,B,0,0,0,,,5474.3048149105425,4148.8000001222645,1325.504814788278,1730.0,341.0,60.0
B_rho035,12,C,12,12,12,8081.111,436,12,1,2,C,0,0,0,,,5408.110713513692,3692.349517207314,1715.7611963063773,2180.0,433.0,60.0
B_rho035,12,BF,12,12,12,7575.305,341,12,1,2,B,5,0,0,,,5474.3048149105425,4148.8000001222645,1325.504814788278,1705.0,336.0,60.0
B_rho035,12,CF,12,12,12,7691.111,371,12,1,2,C,65,0,0,,,5408.110713513692,3692.349517207314,1715.7611963063773,1855.0,368.0,60.0
B_rho035,12,D,12,12,12,7691.111,371,12,1,2,C,65,65,0,1540.593472422629,1497.1272521019998,5408.110713513692,3692.349517207314,1715.7611963063773,1855.0,368.0,60.0
B_rho035,13,B,11,11,11,8878.145,379,11,1,5,B,0,0,0,,,6558.144539355878,4081.871979393182,2476.2725599626974,1895.0,370.0,55.0
B_rho035,13,C,11,11,11,8621.844,469,11,1,5,C,0,0,0,,,5760.843865253813,3632.8127231121634,2128.031142141649,2345.0,461.0,55.0
B_rho035,13,BF,11,11,11,8764.145,360,11,1,5,B,19,0,0,,,6558.144539355878,4081.871979393182,2476.2725599626974,1800.0,351.0,55.0
B_rho035,13,CF,11,11,11,8183.844,397,11,1,5,C,72,0,0,,,5760.843865253813,3632.8127231121634,2128.031142141649,1985.0,383.0,55.0
B_rho035,13,D,11,11,11,8183.844,397,11,1,5,C,72,72,0,1503.7313069247998,1486.514777385791,5760.843865253813,3632.8127231121634,2128.031142141649,1985.0,383.0,55.0
B_rho035,14,B,11,11,11,8887.777,416,11,1,2,B,0,0,0,,,6345.776525801312,4097.971388114858,2247.8051376864514,2080.0,407.0,55.0
B_rho035,14,C,11,11,11,9066.587,521,11,1,2,C,0,0,0,,,5891.586623092078,3689.8219351204443,2201.7646879716335,2605.0,515.0,55.0
B_rho035,14,BF,11,11,11,8839.777,408,11,1,2,B,8,0,0,,,6345.776525801312,4097.971388114858,2247.8051376864514,2040.0,399.0,55.0
B_rho035,14,CF,11,11,11,8511.587,429,11,1,2,C,92,0,0,,,5891.586623092078,3689.8219351204443,2201.7646879716335,2145.0,420.0,55.0
B_rho035,14,D,11,11,11,8511.587,429,11,1,2,C,92,92,0,1506.3489002060176,1486.5147773857907,5891.586623092078,3689.8219351204443,2201.7646879716335,2145.0,420.0,55.0
B_rho035,15,B,12,12,12,9835.884,423,12,1,2,B,0,0,0,,,7261.884256604874,4087.0688234909244,3174.8154331139485,2115.0,399.0,60.0
B_rho035,15,C,12,12,12,10046.263,561,12,1,2,C,0,0,0,,,6628.263169410371,3679.7660655081713,2948.497103902203,2805.0,553.0,60.0
B_rho035,15,BF,12,12,12,9662.884,394,12,1,2,B,29,0,0,,,7261.884256604874,4087.0688234909244,3174.8154331139485,1970.0,371.0,60.0
B_rho035,15,CF,12,12,12,9185.263,423,12,1,2,C,138,0,0,,,6628.263169410371,3679.7660655081713,2948.497103902203,2115.0,382.0,60.0
B_rho035,15,D,12,12,12,9185.263,423,12,1,2,C,138,138,0,1504.7019910620645,1499.0398957013,6628.263169410371,3679.7660655081713,2948.497103902203,2115.0,382.0,60.0
B_rho035,16,B,11,11,11,8752.979,415,11,1,2,B,0,0,0,,,6221.979245892649,4119.2437819357665,2102.735463956883,2075.0,401.0,55.0
B_rho035,16,C,11,11,11,8450.469,447,11,1,2,C,0,0,0,,,5721.469468273512,3664.4875160419797,2056.9819522315324,2235.0,439.0,55.0
B_rho035,16,BF,11,11,11,8716.979,409,11,1,2,B,6,0,0,,,6221.979245892649,4119.2437819357665,2102.735463956883,2045.0,395.0,55.0
B_rho035,16,CF,11,11,11,8082.469,385,11,1,2,C,62,0,0,,,5721.469468273512,3664.4875160419797,2056.9819522315324,1925.0,381.0,55.0
B_rho035,16,D,11,11,11,8082.469,385,11,1,2,C,62,62,0,1530.5627455065942,1475.0937295566882,5721.469468273512,3664.4875160419797,2056.9819522315324,1925.0,381.0,55.0
B_rho035,17,B,15,15,15,8837.313,289,15,1,3,B,0,0,0,,,7052.3129583045775,4122.045878155472,2930.26708014911,1445.0,265.0,75.0
B_rho035,17,C,15,15,15,8579.689,477,15,1,3,C,0,0,0,,,5645.689418500251,3699.524408360329,1946.1650101399223,2385.0,474.0,75.0
B_rho035,17,BF,15,15,15,8807.313,284,15,1,3,B,5,0,0,,,7052.3129583045775,4122.045878155472,2930.26708014911,1420.0,260.0,75.0
B_rho035,17,CF,15,15,15,7811.689,349,15,1,3,C,128,0,0,,,5645.689418500251,3699.524408360329,1946.1650101399223,1745.0,346.0,75.0
B_rho035,17,D,15,15,15,7811.689,349,15,1,3,C,128,128,0,1506.348900206017,1497.2896865362684,5645.689418500251,3699.524408360329,1946.1650101399223,1745.0,346.0,75.0
B_rho035,18,B,13,13,13,8405.914,348,13,1,2,B,0,0,0,,,6263.913529501371,4084.9024219169496,2179.011107584423,1740.0,337.0,65.0
B_rho035,18,C,13,13,13,8172.994,454,13,1,2,C,0,0,0,,,5384.993646585534,3715.7040281399327,1669.289618445604,2270.0,453.0,65.0
B_rho035,18,BF,13,13,13,8261.914,324,13,1,2,B,24,0,0,,,6263.913529501371,4084.9024219169496,2179.011107584423,1620.0,313.0,65.0
B_rho035,18,CF,13,13,13,7560.994,352,13,1,2,C,102,0,0,,,5384.993646585534,3715.7040281399327,1669.289618445604,1760.0,351.0,65.0
B_rho035,18,D,13,13,13,7560.994,352,13,1,2,C,102,102,0,1506.34890020602,1486.5147773857898,5384.993646585534,3715.7040281399327,1669.289618445604,1760.0,351.0,65.0
B_rho035,19,B,16,16,16,9288.085,431,16,1,3,B,0,0,0,,,6652.085489626212,3748.433377974583,2903.652111651629,2155.0,401.0,80.0
B_rho035,19,C,16,16,16,8299.944,408,16,1,3,C,0,0,0,,,5782.943651607588,3703.1992124348462,2079.744439172742,2040.0,397.0,80.0
B_rho035,19,BF,16,16,16,9036.085,390,16,1,3,B,41,0,0,,,6652.085489626212,3748.433377974583,2903.652111651629,1950.0,354.0,80.0
B_rho035,19,CF,16,16,16,7896.944,342,16,1,3,C,66,0,0,,,5782.943651607588,3703.1992124348462,2079.744439172742,1710.0,324.0,80.0
B_rho035,19,D,16,16,16,7896.944,342,16,1,3,C,66,66,0,1546.070681371514,1271.5034176977258,5782.943651607588,3703.1992124348462,2079.744439172742,1710.0,324.0,80.0
B_rho035,20,B,11,11,11,8883.851,376,11,1,2,B,0,0,0,,,6594.8510475567155,4108.1186355642585,2486.73241199246,1880.0,354.0,55.0
B_rho035,20,C,11,11,11,8766.412,482,11,1,2,C,0,0,0,,,5828.411545329089,3722.457951521344,2105.953593807743,2410.0,473.0,55.0
B_rho035,20,BF,11,11,11,8835.851,368,11,1,2,B,8,0,0,,,6594.8510475567155,4108.1186355642585,2486.73241199246,1840.0,346.0,55.0
B_rho035,20,CF,11,11,11,8229.412,394,11,1,2,C,88,0,0,,,5828.411545329089,3722.457951521344,2105.953593807743,1970.0,376.0,55.0
B_rho035,20,D,11,11,11,8229.412,394,11,1,2,C,88,88,0,1504.0667809022766,1493.2512229750835,5828.411545329089,3722.457951521344,2105.953593807743,1970.0,376.0,55.0
B_rho035,21,B,13,13,13,8441.923,382,13,1,6,B,0,0,0,,,6092.923416955946,4084.5009186357356,2008.4224983202082,1910.0,374.0,65.0
B_rho035,21,C,13,13,13,7920.372,456,13,1,6,C,0,0,0,,,5125.3723161725065,3738.516537590417,1386.8557785820901,2280.0,450.0,65.0
B_rho035,21,BF,13,13,13,8285.923,356,13,1,6,B,26,0,0,,,6092.923416955946,4084.5009186357356,2008.4224983202082,1780.0,348.0,65.0
B_rho035,21,CF,13,13,13,7488.372,384,13,1,6,C,72,0,0,,,5125.3723161725065,3738.516537590417,1386.8557785820901,1920.0,378.0,65.0
B_rho035,21,D,13,13,13,7488.372,384,13,1,6,C,72,72,0,1551.4283361823618,1475.6945708463606,5125.3723161725065,3738.516537590417,1386.8557785820901,1920.0,378.0,65.0
B_rho035,22,B,11,11,11,8663.079,406,11,1,2,B,0,0,0,,,6186.07883554894,4103.697037989496,2082.381797559446,2030.0,392.0,55.0
B_rho035,22,C,11,11,11,9420.198,592,11,1,2,C,0,0,0,,,5816.198231186055,3630.634301548689,2185.563929637366,2960.0,589.0,55.0
B_rho035,22,BF,11,11,11,8663.079,406,11,1,2,B,0,0,0,,,6186.07883554894,4103.697037989496,2082.381797559446,2030.0,392.0,55.0
B_rho035,22,CF,11,11,11,8449.198,433,11,1,2,C,159,0,0,,,5816.198231186055,3630.634301548689,2185.563929637366,2165.0,413.0,55.0
B_rho035,22,D,11,11,11,8449.198,433,11,1,2,C,159,159,0,1506.3489002060196,1486.5147773857886,5816.198231186055,3630.634301548689,2185.563929637366,2165.0,413.0,55.0
B_rho035,23,B,15,15,15,8530.991,304,15,1,3,B,0,0,0,,,6647.990827692903,4083.572569894159,2564.4182577987417,1520.0,288.0,75.0
B_rho035,23,C,15,15,15,8472.82,469,15,1,3,C,0,0,0,,,5587.819850701649,3653.13450874651,1934.6853419551376,2345.0,465.0,75.0
B_rho035,23,BF,15,15,15,8470.991,294,15,1,3,B,10,0,0,,,6647.990827692903,4083.572569894159,2564.4182577987417,1470.0,278.0,75.0
B_rho035,23,CF,15,15,15,7750.82,349,15,1,3,C,120,0,0,,,5587.819850701649,3653.13450874651,1934.6853419551376,1745.0,343.0,75.0
B_rho035,23,D,15,15,15,7750.82,349,15,1,3,C,120,120,0,1531.4193644755117,1469.1903844029764,5587.819850701649,3653.13450874651,1934.6853419551376,1745.0,343.0,75.0
B_rho035,24,B,10,10,10,8139.926,403,10,1,2,B,0,0,0,,,5681.926152522344,4135.88976751057,1546.0363850117726,2015.0,393.0,50.0
B_rho035,24,C,10,10,10,8499.621,494,10,1,2,C,0,0,0,,,5494.620888184352,3638.857468430654,1855.7634197536988,2470.0,485.0,50.0
B_rho035,24,BF,10,10,10,8043.926,387,10,1,2,B,16,0,0,,,5681.926152522344,4135.88976751057,1546.0363850117726,1935.0,377.0,50.0
B_rho035,24,CF,10,10,10,7940.621,400,10,1,2,C,94,0,0,,,5494.620888184352,3638.857468430654,1855.7634197536988,2000.0,396.0,50.0
B_rho035,24,D,10,10,10,7940.621,400,10,1,2,C,94,94,0,1506.3489002060155,1439.2064485093388,5494.620888184352,3638.857468430654,1855.7634197536988,2000.0,396.0,50.0
B_rho035,25,B,13,13,13,8285.251,330,13,1,2,B,0,0,0,,,6248.25142279976,4145.012112523955,2103.2393102758056,1650.0,322.0,65.0
B_rho035,25,C,13,13,13,8212.918,438,13,1,2,C,0,0,0,,,5537.917697629807,3696.2623302501274,1841.6553673796811,2190.0,420.0,65.0
B_rho035,25,BF,13,13,13,8285.251,330,13,1,2,B,0,0,0,,,6248.25142279976,4145.012112523955,2103.2393102758056,1650.0,322.0,65.0
B_rho035,25,CF,13,13,13,7834.918,375,13,1,2,C,63,0,0,,,5537.917697629807,3696.2623302501274,1841.6553673796811,1875.0,357.0,65.0
B_rho035,25,D,13,13,13,7834.918,375,13,1,2,C,63,63,0,1536.274797456202,1486.5147773857902,5537.917697629807,3696.2623302501274,1841.6553673796811,1875.0,357.0,65.0
B_rho035,26,B,13,13,13,9126.572,373,13,1,2,B,0,0,0,,,6832.571616230681,4114.5493388129535,2718.0222774177278,1865.0,364.0,65.0
B_rho035,26,C,13,13,13,8585.356,469,13,1,2,C,0,0,0,,,5713.356307497686,3639.064223953845,2074.29208354384,2345.0,462.0,65.0
B_rho035,26,BF,13,13,13,9066.572,363,13,1,2,B,10,0,0,,,6832.571616230681,4114.5493388129535,2718.0222774177278,1815.0,354.0,65.0
B_rho035,26,CF,13,13,13,7948.356,364,13,1,2,C,105,0,0,,,5713.356307497686,3639.064223953845,2074.29208354384,1820.0,350.0,65.0
B_rho035,26,D,13,13,13,7948.356,364,13,1,2,C,105,105,0,1519.4100902118043,1486.5147773857914,5713.356307497686,3639.064223953845,2074.29208354384,1820.0,350.0,65.0
B_rho035,27,B,10,10,10,8358.547,405,10,1,4,B,0,0,0,,,5892.547453542714,4083.870385838632,1808.677067704083,2025.0,391.0,50.0
B_rho035,27,C,10,10,10,8813.465,497,10,1,4,C,0,0,0,,,5795.464587903643,3667.762912487519,2127.7016754161277,2485.0,483.0,50.0
B_rho035,27,BF,10,10,10,8196.547,378,10,1,4,B,27,0,0,,,5892.547453542714,4083.870385838632,1808.677067704083,1890.0,364.0,50.0
B_rho035,27,CF,10,10,10,8416.465,434,10,1,4,C,63,0,0,,,5795.464587903643,3667.762912487519,2127.7016754161277,2170.0,401.0,50.0
B_rho035,27,D,10,10,10,8416.465,434,10,1,4,C,63,63,0,1515.1715865640147,1486.5147773857898,5795.464587903643,3667.762912487519,2127.7016754161277,2170.0,401.0,50.0
B_rho035,28,B,15,15,15,7964.017,300,15,1,3,B,0,0,0,,,6096.017245982173,4126.794093992588,1969.2231519895856,1500.0,293.0,75.0
B_rho035,28,C,15,15,15,8158.171,469,15,1,3,C,0,0,0,,,5276.170975992493,3707.035544911855,1569.1354310806385,2345.0,462.0,75.0
B_rho035,28,BF,15,15,15,7892.017,288,15,1,3,B,12,0,0,,,6096.017245982173,4126.794093992588,1969.2231519895856,1440.0,281.0,75.0
B_rho035,28,CF,15,15,15,7439.171,350,15,1,3,C,119,0,0,,,5276.170975992493,3707.035544911855,1569.1354310806385,1750.0,338.0,75.0
B_rho035,28,D,15,15,15,7439.171,350,15,1,3,C,119,119,0,1506.3489002060194,1486.5147773857907,5276.170975992493,3707.035544911855,1569.1354310806385,1750.0,338.0,75.0
B_rho035,29,B,16,16,16,8566.855,344,16,1,6,B,0,0,0,,,6428.855211703407,3795.0429224585587,2633.8122892448473,1720.0,338.0,80.0
B_rho035,29,C,16,16,16,5848.68,301,16,1,6,C,0,0,0,,,3967.679548180183,2094.9009048504495,1872.7786433297315,1505.0,296.0,80.0
B_rho035,29,BF,16,16,16,8356.855,309,16,1,6,B,35,0,0,,,6428.855211703407,3795.0429224585587,2633.8122892448473,1545.0,303.0,80.0
B_rho035,29,CF,16,16,16,5403.68,228,16,1,6,C,73,0,0,,,3967.679548180183,2094.9009048504495,1872.7786433297315,1140.0,216.0,80.0
B_rho035,29,D,16,16,16,5403.68,228,16,1,6,C,73,73,0,1540.5934724226306,1498.7908604261618,3967.679548180183,2094.9009048504495,1872.7786433297315,1140.0,216.0,80.0
B_rho035,30,B,11,11,11,8569.927,395,11,1,4,B,0,0,0,,,6156.9274659320645,4081.871979393182,2075.0554865388817,1975.0,383.0,55.0
B_rho035,30,C,11,11,11,9269.819,542,11,1,4,C,0,0,0,,,5966.8194896789,3653.291312797484,2313.5281768814175,2710.0,538.0,55.0
B_rho035,30,BF,11,11,11,8437.927,373,11,1,4,B,22,0,0,,,6156.9274659320645,4081.871979393182,2075.0554865388817,1865.0,361.0,55.0
B_rho035,30,CF,11,11,11,8650.819,441,11,1,4,C,101,0,0,,,5966.8194896789,3653.291312797484,2313.5281768814175,2205.0,424.0,55.0
B_rho035,30,D,11,11,11,8650.819,441,11,1,4,C,101,101,0,1506.3489002060196,1488.2103324357895,5966.8194896789,3653.291312797484,2313.5281768814175,2205.0,424.0,55.0
B_rho040,1,B,12,12,12,8391.16,390,12,1,4,B,0,0,0,,,5995.159729739969,4082.2618722254415,1912.8978575145286,1950.0,386.0,60.0
B_rho040,1,C,12,12,12,9389.951,562,12,1,4,C,0,0,0,,,5963.95103914288,3629.5296319483264,2334.4214071945516,2810.0,556.0,60.0
B_rho040,1,BF,12,12,12,8331.16,380,12,1,4,B,10,0,0,,,5995.159729739969,4082.2618722254415,1912.8978575145286,1900.0,376.0,60.0
B_rho040,1,CF,12,12,12,8579.951,430,12,1,4,C,132,0,0,,,5963.95103914288,3629.5296319483264,2334.4214071945516,2150.0,406.0,60.0
B_rho040,1,D,12,12,12,8579.951,430,12,1,4,C,132,132,0,1506.3489002060176,1498.1025061213911,5963.95103914288,3629.5296319483264,2334.4214071945516,2150.0,406.0,60.0
B_rho040,2,B,10,10,10,8005.623,395,10,1,2,B,0,0,0,,,5587.6228953257,4168.317975216628,1419.3049201090714,1975.0,393.0,50.0
B_rho040,2,C,10,10,10,8469.122,522,10,1,2,C,0,0,0,,,5294.121632719992,3678.2090613136565,1615.912571406335,2610.0,515.0,50.0
B_rho040,2,BF,10,10,10,8005.623,395,10,1,2,B,0,0,0,,,5587.6228953257,4168.317975216628,1419.3049201090714,1975.0,393.0,50.0
B_rho040,2,CF,10,10,10,7914.122,429,10,1,2,C,93,0,0,,,5294.121632719992,3678.2090613136565,1615.912571406335,2145.0,425.0,50.0
B_rho040,2,D,10,10,10,7914.122,429,10,1,2,C,93,93,0,1523.606370535374,1437.6265192426104,5294.121632719992,3678.2090613136565,1615.912571406335,2145.0,425.0,50.0
B_rho040,3,B,10,10,10,8498.559,420,10,1,0,B,0,0,0,,,5941.559065940394,4101.8656353017905,1839.6934306386042,2100.0,407.0,50.0
B_rho040,3,C,10,10,10,9530.256,588,10,1,0,C,0,0,0,,,5972.25647659834,3716.5474404652887,2255.709036133051,2940.0,568.0,50.0
B_rho040,3,BF,10,10,10,8498.559,420,10,1,0,B,0,0,0,,,5941.559065940394,4101.8656353017905,1839.6934306386042,2100.0,407.0,50.0
B_rho040,3,CF,10,10,10,8839.256,474,10,1,0,C,114,0,0,,,5972.25647659834,3716.5474404652887,2255.709036133051,2370.0,447.0,50.0
B_rho040,3,D,10,10,10,8498.559,420,10,1,0,B,0,0,0,,1412.2665146016675,5941.559065940394,4101.8656353017905,1839.6934306386042,2100.0,407.0,50.0
B_rho040,4,B,14,14,14,9099.919,343,14,1,5,B,0,0,0,,,6978.919001900304,4137.806506469898,2841.112495430406,1715.0,336.0,70.0
B_rho040,4,C,14,14,14,10239.935,546,14,1,5,C,0,0,0,,,6900.9354986310345,3678.7676497656657,3222.1678488653697,2730.0,539.0,70.0
B_rho040,4,BF,14,14,14,8955.919,319,14,1,5,B,24,0,0,,,6978.919001900304,4137.806506469898,2841.112495430406,1595.0,312.0,70.0
B_rho040,4,CF,14,14,14,9329.935,396,14,1,5,C,150,0,0,,,6900.9354986310345,3678.7676497656657,3222.1678488653697,1980.0,379.0,70.0
B_rho040,4,D,14,14,14,9329.935,396,14,1,5,C,150,150,0,1511.8377468320864,1476.2091190163817,6900.9354986310345,3678.7676497656657,3222.1678488653697,1980.0,379.0,70.0
B_rho040,5,B,12,12,12,8394.348,349,12,1,2,B,0,0,0,,,6247.34810606937,4098.865623595111,2148.4824824742595,1745.0,342.0,60.0
B_rho040,5,C,12,12,12,8883.132,529,12,1,2,C,0,0,0,,,5667.1322093262725,3694.157716122912,1972.9744932033598,2645.0,511.0,60.0
B_rho040,5,BF,12,12,12,8394.348,349,12,1,2,B,0,0,0,,,6247.34810606937,4098.865623595111,2148.4824824742595,1745.0,342.0,60.0
B_rho040,5,CF,12,12,12,8301.132,432,12,1,2,C,97,0,0,,,5667.1322093262725,3694.157716122912,1972.9744932033598,2160.0,414.0,60.0
B_rho040,5,D,12,12,12,8301.132,432,12,1,2,C,97,97,0,1538.5947926742701,1486.514777385789,5667.1322093262725,3694.157716122912,1972.9744932033598,2160.0,414.0,60.0
B_rho040,6,B,13,13,13,8666.986,367,13,1,4,B,0,0,0,,,6417.985608664916,4095.5054644958977,2322.4801441690197,1835.0,349.0,65.0
B_rho040,6,C,13,13,13,8444.395,425,13,1,4,C,0,0,0,,,5833.395176660001,3653.9382493571015,2179.456927302901,2125.0,421.0,65.0
B_rho040,6,BF,13,13,13,8624.986,360,13,1,4,B,7,0,0,,,6417.985608664916,4095.5054644958977,2322.4801441690197,1800.0,342.0,65.0
B_rho040,6,CF,13,13,13,7976.395,347,13,1,4,C,78,0,0,,,5833.395176660001,3653.9382493571015,2179.456927302901,1735.0,343.0,65.0
B_rho040,6,D,13,13,13,7976.395,347,13,1,4,C,78,78,0,1540.5934724226306,1458.1110849183356,5833.395176660001,3653.9382493571015,2179.456927302901,1735.0,343.0,65.0
B_rho040,7,B,13,13,13,8461.017,363,13,1,5,B,0,0,0,,,6229.017163322309,4144.700536123344,2084.3166271989685,1815.0,352.0,65.0
B_rho040,7,C,13,13,13,8902.386,436,13,1,5,C,0,0,0,,,6229.386066502443,3676.881094216752,2552.504972285694,2180.0,428.0,65.0
B_rho040,7,BF,13,13,13,8425.017,357,13,1,5,B,6,0,0,,,6229.017163322309,4144.700536123344,2084.3166271989685,1785.0,346.0,65.0
B_rho040,7,CF,13,13,13,8686.386,400,13,1,5,C,36,0,0,,,6229.386066502443,3676.881094216752,2552.504972285694,2000.0,392.0,65.0
B_rho040,7,D,13,13,13,8686.386,400,13,1,5,C,36,36,0,1506.3489002060178,1492.578881232854,6229.386066502443,3676.881094216752,2552.504972285694,2000.0,392.0,65.0
B_rho040,8,B,13,13,13,8847.684,364,13,1,3,B,0,0,0,,,6620.6836364063765,4105.9567044049245,2514.7269320014575,1820.0,342.0,65.0
B_rho040,8,C,13,13,13,8168.107,448,13,1,3,C,0,0,0,,,5427.106618179513,3699.8092868979265,1727.297331281587,2240.0,436.0,65.0
B_rho040,8,BF,13,13,13,8811.684,358,13,1,3,B,6,0,0,,,6620.6836364063765,4105.9567044049245,2514.7269320014575,1790.0,336.0,65.0
B_rho040,8,CF,13,13,13,7670.107,364,13,1,3,C,84,0,0,,,5427.106618179513,3699.8092868979265,1727.297331281587,1820.0,358.0,65.0
B_rho040,8,D,13,13,13,7670.107,364,13,1,3,C,84,84,0,1506.348900206022,1480.9642345632562,5427.106618179513,3699.8092868979265,1727.297331281587,1820.0,358.0,65.0
B_rho040,9,B,13,13,13,8832.405,372,13,1,2,B,0,0,0,,,6557.4049605279315,4091.8540851650614,2465.5508753628683,1860.0,350.0,65.0
B_rho040,9,C,13,13,13,9918.391,533,13,1,2,C,0,0,0,,,6687.390957205666,3665.9382286602063,3021.4527285454606,2665.0,501.0,65.0
B_rho040,9,BF,13,13,13,8703.405,350,13,1,2,B,22,0,0,,,6557.4049605279315,4091.8540851650614,2465.5508753628683,1750.0,331.0,65.0
B_rho040,9,CF,13,13,13,9317.391,433,13,1,2,C,100,0,0,,,6687.390957205666,3665.9382286602063,3021.4527285454606,2165.0,400.0,65.0
B_rho040,9,D,13,13,13,9317.391,433,13,1,2,C,100,100,0,1512.959253982426,1486.51477738579,6687.390957205666,3665.9382286602063,3021.4527285454606,2165.0,400.0,65.0
B_rho040,10,B,16,16,16,7791.836,339,16,1,2,B,0,0,0,,,5687.835749863881,3535.6763444373105,2152.1594054265693,1695.0,329.0,80.0
B_rho040,10,C,16,16,16,8592.176,432,16,1,2,C,0,0,0,,,5932.176370938704,3311.1583612877844,2621.018009650919,2160.0,420.0,80.0
B_rho040,10,BF,16,16,16,7725.836,328,16,1,2,B,11,0,0,,,5687.835749863881,3535.6763444373105,2152.1594054265693,1640.0,318.0,80.0
B_rho040,10,CF,16,16,16,7978.176,329,16,1,2,C,103,0,0,,,5932.176370938704,3311.1583612877844,2621.018009650919,1645.0,321.0,80.0
B_rho040,10,D,16,16,16,7978.176,329,16,1,2,C,103,103,0,1505.112317680729,1437.6265192426113,5932.176370938704,3311.1583612877844,2621.018009650919,1645.0,321.0,80.0
B_rho040,11,B,16,16,16,8778.182,378,16,1,6,B,0,0,0,,,6465.181877294872,3780.5551988564725,2684.6266784384015,1890.0,343.0,80.0
B_rho040,11,C,16,16,16,7820.473,380,16,1,6,C,0,0,0,,,5463.473117012399,3396.275823753521,2067.197293258878,1900.0,377.0,80.0
B_rho040,11,BF,16,16,16,8574.182,344,16,1,6,B,34,0,0,,,6465.181877294872,3780.5551988564725,2684.6266784384015,1720.0,309.0,80.0
B_rho040,11,CF,16,16,16,7286.473,292,16,1,6,C,88,0,0,,,5463.473117012399,3396.275823753521,2067.197293258878,1460.0,283.0,80.0
B_rho040,11,D,16,16,16,7286.473,292,16,1,6,C,88,88,0,1506.3489002060169,1494.9596661250516,5463.473117012399,3396.275823753521,2067.197293258878,1460.0,283.0,80.0
B_rho040,12,B,11,11,11,7754.657,327,11,1,2,B,0,0,0,,,5745.657127551554,4103.756015077748,1641.9011124738063,1635.0,319.0,55.0
B_rho040,12,C,11,11,11,9030.445,522,11,1,2,C,0,0,0,,,5858.444903056422,3699.271588722917,2159.1733143335073,2610.0,507.0,55.0
B_rho040,12,BF,11,11,11,7754.657,327,11,1,2,B,0,0,0,,,5745.657127551554,4103.756015077748,1641.9011124738063,1635.0,319.0,55.0
B_rho040,12,CF,11,11,11,8481.445,432,11,1,2,C,90,0,0,,,5858.444903056422,3699.271588722917,2159.1733143335073,2160.0,408.0,55.0
B_rho040,12,D,11,11,11,8481.445,432,11,1,2,C,90,90,0,1505.0913970298645,1496.1683691529201,5858.444903056422,3699.271588722917,2159.1733143335073,2160.0,408.0,55.0
B_rho040,13,B,15,15,15,9541.711,341,15,1,3,B,0,0,0,,,7431.711155120618,4081.871979393182,3349.8391757274376,1705.0,330.0,75.0
B_rho040,13,C,15,15,15,9715.044,543,15,1,3,C,0,0,0,,,6388.043979031581,3672.1406560010755,2715.9033230305085,2715.0,537.0,75.0
B_rho040,13,BF,15,15,15,9541.711,341,15,1,3,B,0,0,0,,,7431.711155120618,4081.871979393182,3349.8391757274376,1705.0,330.0,75.0
B_rho040,13,CF,15,15,15,8903.044,409,15,1,3,C,134,0,0,,,6388.043979031581,3672.1406560010755,2715.9033230305085,2045.0,395.0,75.0
B_rho040,13,D,15,15,15,8903.044,409,15,1,3,C,134,134,0,1502.732525436548,1486.726446497753,6388.043979031581,3672.1406560010755,2715.9033230305085,2045.0,395.0,75.0
B_rho040,14,B,10,10,10,8079.082,403,10,1,3,B,0,0,0,,,5618.082164431801,4109.796188448077,1508.2859759837263,2015.0,396.0,50.0
B_rho040,14,C,10,10,10,7497.576,459,10,1,3,C,0,0,0,,,4699.576050296612,3637.3130783643674,1062.262971932247,2295.0,453.0,50.0
B_rho040,14,BF,10,10,10,7977.082,386,10,1,3,B,17,0,0,,,5618.082164431801,4109.796188448077,1508.2859759837263,1930.0,379.0,50.0
B_rho040,14,CF,10,10,10,7186.576,407,10,1,3,C,52,0,0,,,4699.576050296612,3637.3130783643674,1062.262971932247,2035.0,402.0,50.0
B_rho040,14,D,10,10,10,7186.576,407,10,1,3,C,52,52,0,1516.992913617188,1486.5147773857907,4699.576050296612,3637.3130783643674,1062.262971932247,2035.0,402.0,50.0
B_rho040,15,B,15,15,15,8635.763,340,15,1,3,B,0,0,0,,,6538.763033476141,4086.561591983055,2452.201441493087,1700.0,322.0,75.0
B_rho040,15,C,15,15,15,9480.055,492,15,1,3,C,0,0,0,,,6463.055245974393,3668.535587090252,2794.519658884137,2460.0,482.0,75.0
B_rho040,15,BF,15,15,15,8599.763,334,15,1,3,B,6,0,0,,,6538.763033476141,4086.561591983055,2452.201441493087,1670.0,316.0,75.0
B_rho040,15,CF,15,15,15,8784.055,379,15,1,3,C,113,0,0,,,6463.055245974393,3668.535587090252,2794.519658884137,1895.0,351.0,75.0
B_rho040,15,D,15,15,15,8784.055,379,15,1,3,C,113,113,0,1506.3489002060182,1486.5147773857898,6463.055245974393,3668.535587090252,2794.519658884137,1895.0,351.0,75.0
B_rho040,16,B,16,16,16,8679.827,354,16,1,4,B,0,0,0,,,6502.827113392749,4008.0680020827244,2494.759111310026,1770.0,327.0,80.0
B_rho040,16,C,16,16,16,8756.467,494,16,1,4,C,0,0,0,,,5715.4673657952435,3127.2013186936774,2588.2660471015647,2470.0,491.0,80.0
B_rho040,16,BF,16,16,16,8499.827,324,16,1,4,B,30,0,0,,,6502.827113392749,4008.0680020827244,2494.759111310026,1620.0,297.0,80.0
B_rho040,16,CF,16,16,16,7732.467,324,16,1,4,C,170,0,0,,,5715.4673657952435,3127.2013186936774,2588.2660471015647,1620.0,317.0,80.0
B_rho040,16,D,16,16,16,7732.467,324,16,1,4,C,170,170,0,1511.136347873409,1497.9547660574779,5715.4673657952435,3127.2013186936774,2588.2660471015647,1620.0,317.0,80.0
B_rho040,17,B,14,14,14,9174.183,381,14,1,3,B,0,0,0,,,6831.18250772796,4083.165704151803,2748.0168035761567,1905.0,368.0,70.0
B_rho040,17,C,14,14,14,8118.747,448,14,1,3,C,0,0,0,,,5377.746536674556,3681.5293672049684,1696.217169469589,2240.0,431.0,70.0
B_rho040,17,BF,14,14,14,9072.183,364,14,1,3,B,17,0,0,,,6831.18250772796,4083.165704151803,2748.0168035761567,1820.0,351.0,70.0
B_rho040,17,CF,14,14,14,7493.747,344,14,1,3,C,104,0,0,,,5377.746536674556,3681.5293672049684,1696.217169469589,1720.0,326.0,70.0
B_rho040,17,D,14,14,14,7493.747,344,14,1,3,C,104,104,0,1511.9504473164902,1467.9544844613451,5377.746536674556,3681.5293672049684,1696.217169469589,1720.0,326.0,70.0
B_rho040,18,B,12,12,12,7623.802,343,12,1,0,B,0,0,0,,,5510.802119864625,4092.886723333836,1417.9153965307903,1715.0,338.0,60.0
B_rho040,18,C,12,12,12,8274.513,497,12,1,0,C,0,0,0,,,5240.513136756714,3651.2345203471114,1589.2786164096015,2485.0,489.0,60.0
B_rho040,18,BF,12,12,12,7623.802,343,12,1,0,B,0,0,0,,,5510.802119864625,4092.886723333836,1417.9153965307903,1715.0,338.0,60.0
B_rho040,18,CF,12,12,12,7615.513,387,12,1,0,C,110,0,0,,,5240.513136756714,3651.2345203471114,1589.2786164096015,1935.0,380.0,60.0
B_rho040,18,D,12,12,12,7623.802,343,12,1,0,B,0,0,0,,1308.994952753151,5510.802119864625,4092.886723333836,1417.9153965307903,1715.0,338.0,60.0
B_rho040,19,B,13,13,13,8602.399,401,13,1,2,B,0,0,0,,,6137.399227333541,4100.674726971962,2036.724500361579,2005.0,395.0,65.0
B_rho040,19,C,13,13,13,9344.791,486,13,1,2,C,0,0,0,,,6401.791232589546,3667.4293574536714,2734.361875135879,2430.0,448.0,65.0
B_rho040,19,BF,13,13,13,8602.399,401,13,1,2,B,0,0,0,,,6137.399227333541,4100.674726971962,2036.724500361579,2005.0,395.0,65.0
B_rho040,19,CF,13,13,13,8870.791,407,13,1,2,C,79,0,0,,,6401.791232589546,3667.4293574536714,2734.361875135879,2035.0,369.0,65.0
B_rho040,19,D,13,13,13,8870.791,407,13,1,2,C,79,79,0,1538.645400231155,1486.514777385791,6401.791232589546,3667.4293574536714,2734.361875135879,2035.0,369.0,65.0
B_rho040,20,B,12,12,12,8841.944,383,12,1,1,B,0,0,0,,,6491.944219832041,4114.286639648394,2377.657580183648,1915.0,375.0,60.0
B_rho040,20,C,12,12,12,10295.833,599,12,1,1,C,0,0,0,,,6662.833126842088,3640.010800687707,3022.8223261543835,2995.0,578.0,60.0
B_rho040,20,BF,12,12,12,8841.944,383,12,1,1,B,0,0,0,,,6491.944219832041,4114.286639648394,2377.657580183648,1915.0,375.0,60.0
B_rho040,20,CF,12,12,12,9407.833,453,12,1,1,C,146,0,0,,,6662.833126842088,3640.010800687707,3022.8223261543835,2265.0,420.0,60.0
B_rho040,20,D,12,12,12,9407.833,453,12,1,1,C,146,146,0,1500.158643715029,1493.438831764124,6662.833126842088,3640.010800687707,3022.8223261543835,2265.0,420.0,60.0
B_rho040,21,B,11,11,11,9415.981,455,11,1,3,B,0,0,0,,,6650.98078800467,4088.6284254872608,2562.352362517413,2275.0,435.0,55.0
B_rho040,21,C,11,11,11,8505.559,494,11,1,3,C,0,0,0,,,5496.558856493364,3669.4807059510117,1827.078150542355,2470.0,484.0,55.0
B_rho040,21,BF,11,11,11,9277.981,432,11,1,3,B,23,0,0,,,6650.98078800467,4088.6284254872608,2562.352362517413,2160.0,412.0,55.0
B_rho040,21,CF,11,11,11,8048.559,418,11,1,3,C,76,0,0,,,5496.558856493364,3669.4807059510117,1827.078150542355,2090.0,407.0,55.0
B_rho040,21,D,11,11,11,8048.559,418,11,1,3,C,76,76,0,1516.97065620196,1496.210974800613,5496.558856493364,3669.4807059510117,1827.078150542355,2090.0,407.0,55.0
B_rho040,22,B,12,12,12,8302.235,395,12,1,2,B,0,0,0,,,5878.234624923861,4126.250207744844,1751.984417179015,1975.0,389.0,60.0
B_rho040,22,C,12,12,12,8234.924,459,12,1,2,C,0,0,0,,,5424.9241006407,3668.6449553704133,1756.2791452702852,2295.0,455.0,60.0
B_rho040,22,BF,12,12,12,8302.235,395,12,1,2,B,0,0,0,,,5878.234624923861,4126.250207744844,1751.984417179015,1975.0,389.0,60.0
B_rho040,22,CF,12,12,12,7676.924,366,12,1,2,C,93,0,0,,,5424.9241006407,3668.6449553704133,1756.2791452702852,1830.0,362.0,60.0
B_rho040,22,D,12,12,12,7676.924,366,12,1,2,C,93,93,0,1540.0814070103058,1484.8866738535778,5424.9241006407,3668.6449553704133,1756.2791452702852,1830.0,362.0,60.0
B_rho040,23,B,12,12,12,8588.07,372,12,1,3,B,0,0,0,,,6307.070382749845,4111.8454551366785,2195.224927613166,1860.0,361.0,60.0
B_rho040,23,C,12,12,12,7972.321,467,12,1,3,C,0,0,0,,,5115.32134233214,3671.419575162634,1443.9017671695065,2335.0,462.0,60.0
B_rho040,23,BF,12,12,12,8510.07,359,12,1,3,B,13,0,0,,,6307.070382749845,4111.8454551366785,2195.224927613166,1795.0,348.0,60.0
B_rho040,23,CF,12,12,12,7377.321,368,12,1,3,C,99,0,0,,,5115.32134233214,3671.419575162634,1443.9017671695065,1840.0,362.0,60.0
B_rho040,23,D,12,12,12,7377.321,368,12,1,3,C,99,99,0,1506.348900206017,1479.8319318649244,5115.32134233214,3671.419575162634,1443.9017671695065,1840.0,362.0,60.0
B_rho040,24,B,13,13,13,8861.876,324,13,1,6,B,0,0,0,,,6874.876491392685,4103.624399292822,2771.252092099864,1620.0,302.0,65.0
B_rho040,24,C,13,13,13,7524.049,393,13,1,6,C,0,0,0,,,5107.049152965604,3672.6556798449396,1434.393473120664,1965.0,387.0,65.0
B_rho040,24,BF,13,13,13,8807.876,315,13,1,6,B,9,0,0,,,6874.876491392685,4103.624399292822,2771.252092099864,1575.0,293.0,65.0
B_rho040,24,CF,13,13,13,7170.049,334,13,1,6,C,59,0,0,,,5107.049152965604,3672.6556798449396,1434.393473120664,1670.0,328.0,65.0
B_rho040,24,D,13,13,13,7170.049,334,13,1,6,C,59,59,0,1506.348900206018,1494.8401886513652,5107.049152965604,3672.6556798449396,1434.393473120664,1670.0,328.0,65.0
B_rho040,25,B,14,14,14,9796.275,442,14,1,1,B,0,0,0,,,7104.275492325953,4108.100934232833,2996.1745580931215,2210.0,412.0,70.0
B_rho040,25,C,14,14,14,9917.293,544,14,1,1,C,0,0,0,,,6589.293050849923,3727.2005328081655,2862.09251804176,2720.0,538.0,70.0
B_rho040,25,BF,14,14,14,9465.275,387,14,1,1,B,55,0,0,,,7104.275492325953,4108.100934232833,2996.1745580931215,1935.0,356.0,70.0
B_rho040,25,CF,14,14,14,9032.293,399,14,1,1,C,145,0,0,,,6589.293050849923,3727.2005328081655,2862.09251804176,1995.0,378.0,70.0
B_rho040,25,D,14,14,14,9032.293,399,14,1,1,C,145,145,0,1542.004791692601,1486.5147773857902,6589.293050849923,3727.2005328081655,2862.09251804176,1995.0,378.0,70.0
B_rho040,26,B,11,11,11,7920.715,374,11,1,4,B,0,0,0,,,5626.714970965639,4119.854270822348,1506.8607001432922,1870.0,369.0,55.0
B_rho040,26,C,11,11,11,8081.956,473,11,1,4,C,0,0,0,,,5200.955719012185,3675.347161631287,1525.608557380898,2365.0,461.0,55.0
B_rho040,26,BF,11,11,11,7812.715,356,11,1,4,B,18,0,0,,,5626.714970965639,4119.854270822348,1506.8607001432922,1780.0,351.0,55.0
B_rho040,26,CF,11,11,11,7608.956,395,11,1,4,C,78,0,0,,,5200.955719012185,3675.347161631287,1525.608557380898,1975.0,378.0,55.0
B_rho040,26,D,11,11,11,7608.956,395,11,1,4,C,78,78,0,1540.5934724226317,1458.2782773355345,5200.955719012185,3675.347161631287,1525.608557380898,1975.0,378.0,55.0
B_rho040,27,B,14,14,14,8736.842,319,14,1,2,B,0,0,0,,,6769.8418496685545,4091.3566023885737,2678.4852472799807,1595.0,302.0,70.0
B_rho040,27,C,14,14,14,7716.091,389,14,1,2,C,0,0,0,,,5325.0913909625615,3702.6470833424273,1622.4443076201364,1945.0,376.0,70.0
B_rho040,27,BF,14,14,14,8700.842,313,14,1,2,B,6,0,0,,,6769.8418496685545,4091.3566023885737,2678.4852472799807,1565.0,296.0,70.0
B_rho040,27,CF,14,14,14,7353.091,328,14,1,2,C,61,0,0,,,5325.0913909625615,3702.6470833424273,1622.4443076201364,1640.0,318.0,70.0
B_rho040,27,D,14,14,14,7353.091,328,14,1,2,C,61,61,0,1512.297928253996,1494.219093983163,5325.0913909625615,3702.6470833424273,1622.4443076201364,1640.0,318.0,70.0
B_rho040,28,B,11,11,11,8585.286,391,11,1,5,B,0,0,0,,,6195.285785552761,4081.871979393182,2113.41380615958,1955.0,380.0,55.0
B_rho040,28,C,11,11,11,8938.545,515,11,1,5,C,0,0,0,,,5802.544653928942,3635.8649486338677,2166.679705295076,2575.0,506.0,55.0
B_rho040,28,BF,11,11,11,8465.286,371,11,1,5,B,20,0,0,,,6195.285785552761,4081.871979393182,2113.41380615958,1855.0,360.0,55.0
B_rho040,28,CF,11,11,11,8357.545,420,11,1,5,C,95,0,0,,,5802.544653928942,3635.8649486338677,2166.679705295076,2100.0,400.0,55.0
B_rho040,28,D,11,11,11,8357.545,420,11,1,5,C,95,95,0,1503.73648316094,1488.3069430460669,5802.544653928942,3635.8649486338677,2166.679705295076,2100.0,400.0,55.0
B_rho040,29,B,12,12,12,9024.642,358,12,1,4,B,0,0,0,,,6821.641800155203,4119.54076508042,2702.1010350747797,1790.0,353.0,60.0
B_rho040,29,C,12,12,12,7895.646,425,12,1,4,C,0,0,0,,,5291.64602251036,3679.435448518521,1612.2105739918395,2125.0,419.0,60.0
B_rho040,29,BF,12,12,12,8892.642,336,12,1,4,B,22,0,0,,,6821.641800155203,4119.54076508042,2702.1010350747797,1680.0,331.0,60.0
B_rho040,29,CF,12,12,12,7427.646,347,12,1,4,C,78,0,0,,,5291.64602251036,3679.435448518521,1612.2105739918395,1735.0,341.0,60.0
B_rho040,29,D,12,12,12,7427.646,347,12,1,4,C,78,78,0,1506.3489002060185,1493.2837889303091,5291.64602251036,3679.435448518521,1612.2105739918395,1735.0,341.0,60.0
B_rho040,30,B,15,15,15,9030.178,343,15,1,3,B,0,0,0,,,6917.177860507967,4128.838162646243,2788.339697861725,1715.0,323.0,75.0
B_rho040,30,C,15,15,15,9666.858,489,15,1,3,C,0,0,0,,,6669.857540861752,3686.278829775512,2983.5787110862416,2445.0,477.0,75.0
B_rho040,30,BF,15,15,15,8994.178,337,15,1,3,B,6,0,0,,,6917.177860507967,4128.838162646243,2788.339697861725,1685.0,317.0,75.0
B_rho040,30,CF,15,15,15,8958.858,374,15,1,3,C,115,0,0,,,6669.857540861752,3686.278829775512,2983.5787110862416,1870.0,344.0,75.0
B_rho040,30,D,15,15,15,8958.858,374,15,1,3,C,115,115,0,1540.5934724226302,1468.815539950067,6669.857540861752,3686.278829775512,2983.5787110862416,1870.0,344.0,75.0
B_rho045,1,B,10,10,10,9085.969,426,10,1,2,B,0,0,0,,,6500.969258588061,4135.715907403531,2365.253351184533,2130.0,405.0,50.0
B_rho045,1,C,10,10,10,8443.23,510,10,1,2,C,0,0,0,,,5345.229689074084,3667.7606545357335,1677.469034538351,2550.0,498.0,50.0
B_rho045,1,BF,10,10,10,8977.969,408,10,1,2,B,18,0,0,,,6500.969258588061,4135.715907403531,2365.253351184533,2040.0,387.0,50.0
B_rho045,1,CF,10,10,10,8054.23,445,10,1,2,C,65,0,0,,,5345.229689074084,3667.7606545357335,1677.469034538351,2225.0,434.0,50.0
B_rho045,1,D,10,10,10,8054.23,445,10,1,2,C,65,65,0,1529.8796798697533,1405.773401186167,5345.229689074084,3667.7606545357335,1677.469034538351,2225.0,434.0,50.0
B_rho045,2,B,11,11,11,8820.641,404,11,1,1,B,0,0,0,,,6352.640715267297,4114.05697715362,2238.5837381136766,2020.0,393.0,55.0
B_rho045,2,C,11,11,11,8945.773,525,11,1,1,C,0,0,0,,,5744.7727690236015,3690.858383019446,2053.9143860041577,2625.0,521.0,55.0
B_rho045,2,BF,11,11,11,8724.641,388,11,1,1,B,16,0,0,,,6352.640715267297,4114.05697715362,2238.5837381136766,1940.0,377.0,55.0
B_rho045,2,CF,11,11,11,8253.773,412,11,1,1,C,113,0,0,,,5744.7727690236015,3690.858383019446,2053.9143860041577,2060.0,394.0,55.0
B_rho045,2,D,11,11,11,8253.773,412,11,1,1,C,113,113,0,1524.802634309865,1437.6265192426097,5744.7727690236015,3690.858383019446,2053.9143860041577,2060.0,394.0,55.0
B_rho045,3,B,12,12,12,9151.044,414,12,1,0,B,0,0,0,,,6631.044430325517,4083.768847436619,2547.275582888898,2070.0,390.0,60.0
B_rho045,3,C,12,12,12,8250.35,450,12,1,0,C,0,0,0,,,5497.349875663515,3685.5490427930818,1811.8008328704332,2250.0,443.0,60.0
B_rho045,3,BF,12,12,12,9151.044,414,12,1,0,B,0,0,0,,,6631.044430325517,4083.768847436619,2547.275582888898,2070.0,390.0,60.0
B_rho045,3,CF,12,12,12,7916.35,394,12,1,0,C,56,0,0,,,5497.349875663515,3685.5490427930818,1811.8008328704332,1970.0,389.0,60.0
B_rho045,3,D,12,12,12,9151.044,414,12,1,0,B,0,0,0,,823.3254732042676,6631.044430325517,4083.768847436619,2547.275582888898,2070.0,390.0,60.0
B_rho045,4,B,10,10,10,8329.123,394,10,1,2,B,0,0,0,,,5925.122723368934,4082.1668002577053,1842.9559231112296,1970.0,384.0,50.0
B_rho045,4,C,10,10,10,8397.693,490,10,1,2,C,0,0,0,,,5414.692638778514,3743.3857330539568,1671.3069057245561,2450.0,483.0,50.0
B_rho045,4,BF,10,10,10,8329.123,394,10,1,2,B,0,0,0,,,5925.122723368934,4082.1668002577053,1842.9559231112296,1970.0,384.0,50.0
B_rho045,4,CF,10,10,10,7895.693,406,10,1,2,C,84,0,0,,,5414.692638778514,3743.3857330539568,1671.3069057245561,2030.0,401.0,50.0
B_rho045,4,D,10,10,10,7895.693,406,10,1,2,C,84,84,0,1540.5934724226306,1491.1768232585102,5414.692638778514,3743.3857330539568,1671.3069057245561,2030.0,401.0,50.0
B_rho045,5,B,11,11,11,8807.486,394,11,1,3,B,0,0,0,,,6392.4863704637255,4088.7229368470794,2303.7634336166484,1970.0,390.0,55.0
B_rho045,5,C,11,11,11,8403.033,505,11,1,3,C,0,0,0,,,5321.033159820405,3682.8142439473854,1638.2189158730228,2525.0,502.0,55.0
B_rho045,5,BF,11,11,11,8735.486,382,11,1,3,B,12,0,0,,,6392.4863704637255,4088.7229368470794,2303.7634336166484,1910.0,378.0,55.0
B_rho045,5,CF,11,11,11,7863.033,417,11,1,3,C,88,0,0,,,5321.033159820405,3682.8142439473854,1638.2189158730228,2085.0,402.0,55.0
B_rho045,5,D,11,11,11,7863.033,417,11,1,3,C,88,88,0,1504.536173478019,1476.8363657509747,5321.033159820405,3682.8142439473854,1638.2189158730228,2085.0,402.0,55.0
B_rho045,6,B,16,16,16,9898.901,413,16,1,3,B,0,0,0,,,7372.901331019353,3753.7899429904865,3619.1113880288644,2065.0,381.0,80.0
B_rho045,6,C,16,16,16,9923.016,579,16,1,3,C,0,0,0,,,6379.016376576863,2826.8463600988352,3552.1700164780295,2895.0,569.0,80.0
B_rho045,6,BF,16,16,16,9639.901,369,16,1,3,B,44,0,0,,,7372.901331019353,3753.7899429904865,3619.1113880288644,1845.0,342.0,80.0
B_rho045,6,CF,16,16,16,8694.016,376,16,1,3,C,203,0,0,,,6379.016376576863,2826.8463600988352,3552.1700164780295,1880.0,355.0,80.0
B_rho045,6,D,16,16,16,8694.016,376,16,1,3,C,203,203,0,1522.1516521664619,1495.4916443937948,6379.016376576863,2826.8463600988352,3552.1700164780295,1880.0,355.0,80.0
B_rho045,7,B,10,10,10,9338.245,456,10,1,1,B,0,0,0,,,6560.244960958543,4081.871979393182,2478.372981565363,2280.0,448.0,50.0
B_rho045,7,C,10,10,10,9002.004,509,10,1,1,C,0,0,0,,,5911.00359564943,3654.830883771203,2256.1727118782264,2545.0,496.0,50.0
B_rho045,7,BF,10,10,10,9224.245,437,10,1,1,B,19,0,0,,,6560.244960958543,4081.871979393182,2478.372981565363,2185.0,429.0,50.0
B_rho045,7,CF,10,10,10,8610.004,445,10,1,1,C,64,0,0,,,5911.00359564943,3654.830883771203,2256.1727118782264,2225.0,424.0,50.0
B_rho045,7,D,10,10,10,8610.004,445,10,1,1,C,64,64,0,1547.1948449405531,1488.7550696322605,5911.00359564943,3654.830883771203,2256.1727118782264,2225.0,424.0,50.0
B_rho045,8,B,13,13,13,8869.026,366,13,1,1,B,0,0,0,,,6628.026043933664,4102.94645648047,2525.0795874531927,1830.0,346.0,65.0
B_rho045,8,C,13,13,13,9345.638,559,13,1,1,C,0,0,0,,,5932.6380132919585,3636.53729809921,2296.10071519275,2795.0,553.0,65.0
B_rho045,8,BF,13,13,13,8779.026,351,13,1,1,B,15,0,0,,,6628.026043933664,4102.94645648047,2525.0795874531927,1755.0,331.0,65.0
B_rho045,8,CF,13,13,13,8386.638,401,13,1,1,C,158,0,0,,,5932.6380132919585,3636.53729809921,2296.10071519275,2005.0,384.0,65.0
B_rho045,8,D,13,13,13,8386.638,401,13,1,1,C,158,158,0,1533.8347219530663,1493.3052543502315,5932.6380132919585,3636.53729809921,2296.10071519275,2005.0,384.0,65.0
B_rho045,9,B,12,12,12,8470.036,354,12,1,3,B,0,0,0,,,6292.036339495453,4115.765993045354,2176.2703464500987,1770.0,348.0,60.0
B_rho045,9,C,12,12,12,8747.224,497,12,1,3,C,0,0,0,,,5707.2237334715755,3676.2416262054776,2030.9821072660975,2485.0,495.0,60.0
B_rho045,9,BF,12,12,12,8434.036,348,12,1,3,B,6,0,0,,,6292.036339495453,4115.765993045354,2176.2703464500987,1740.0,342.0,60.0
B_rho045,9,CF,12,12,12,8073.224,387,12,1,3,C,110,0,0,,,5707.2237334715755,3676.2416262054776,2030.9821072660975,1935.0,371.0,60.0
B_rho045,9,D,12,12,12,8073.224,387,12,1,3,C,110,110,0,1539.6142136001563,1477.3601802198857,5707.2237334715755,3676.2416262054776,2030.9821072660975,1935.0,371.0,60.0
B_rho045,10,B,16,16,16,7796.051,315,16,1,4,B,0,0,0,,,5837.050626748816,3657.7978910908223,2179.2527356579953,1575.0,304.0,80.0
B_rho045,10,C,16,16,16,8712.689,472,16,1,4,C,0,0,0,,,5821.689036335911,3290.792693681467,2530.8963426544456,2360.0,451.0,80.0
B_rho045,10,BF,16,16,16,7682.051,296,16,1,4,B,19,0,0,,,5837.050626748816,3657.7978910908223,2179.2527356579953,1480.0,285.0,80.0
B_rho045,10,CF,16,16,16,7792.689,319,16,1,4,C,153,0,0,,,5821.689036335911,3290.792693681467,2530.8963426544456,1595.0,296.0,80.0
B_rho045,10,D,16,16,16,7792.689,319,16,1,4,C,153,153,0,1506.3489002060203,1486.5147773857893,5821.689036335911,3290.792693681467,2530.8963426544456,1595.0,296.0,80.0
B_rho045,11,B,15,15,15,9186.074,377,15,1,3,B,0,0,0,,,6868.07373027007,4108.710099026281,2759.3636312437907,1885.0,358.0,75.0
B_rho045,11,C,15,15,15,10439.056,616,15,1,3,C,0,0,0,,,6670.056236962104,3677.669660968602,2992.3865759935097,3080.0,614.0,75.0
B_rho045,11,BF,15,15,15,9024.074,350,15,1,3,B,27,0,0,,,6868.07373027007,4108.710099026281,2759.3636312437907,1750.0,331.0,75.0
B_rho045,11,CF,15,15,15,9523.056,465,15,1,3,C,151,0,0,,,6670.056236962104,3677.669660968602,2992.3865759935097,2325.0,453.0,75.0
B_rho045,11,D,15,15,15,9523.056,465,15,1,3,C,151,151,0,1514.1326159859234,1495.808684806313,6670.056236962104,3677.669660968602,2992.3865759935097,2325.0,453.0,75.0
B_rho045,12,B,13,13,13,8459.011,402,13,1,2,B,0,0,0,,,5989.010863034852,4126.164200834869,1862.8466621999823,2010.0,395.0,65.0
B_rho045,12,C,13,13,13,8136.852,450,13,1,2,C,0,0,0,,,5376.852091802477,3648.948810505562,1727.9032812969144,2250.0,445.0,65.0
B_rho045,12,BF,13,13,13,8351.011,384,13,1,2,B,18,0,0,,,5989.010863034852,4126.164200834869,1862.8466621999823,1920.0,377.0,65.0
B_rho045,12,CF,13,13,13,7637.852,367,13,1,2,C,83,0,0,,,5376.852091802477,3648.948810505562,1727.9032812969144,1835.0,361.0,65.0
B_rho045,12,D,13,13,13,7637.852,367,13,1,2,C,83,83,0,1504.7719295514999,1493.3275377427806,5376.852091802477,3648.948810505562,1727.9032812969144,1835.0,361.0,65.0
B_rho045,13,B,14,14,14,8815.019,340,14,1,3,B,0,0,0,,,6712.0193074409535,4081.871979393182,2630.1473280477708,1700.0,333.0,70.0
B_rho045,13,C,14,14,14,8543.212,458,14,1,3,C,0,0,0,,,5731.2115267539675,3637.948505198411,2093.2630215555578,2290.0,452.0,70.0
B_rho045,13,BF,14,14,14,8761.019,331,14,1,3,B,9,0,0,,,6712.0193074409535,4081.871979393182,2630.1473280477708,1655.0,324.0,70.0
B_rho045,13,CF,14,14,14,8022.212,372,14,1,3,C,86,0,0,,,5731.2115267539675,3637.948505198411,2093.2630215555578,1860.0,361.0,70.0
B_rho045,13,D,14,14,14,8022.212,372,14,1,3,C,86,86,0,1528.6676837639986,1493.8760081371152,5731.2115267539675,3637.948505198411,2093.2630215555578,1860.0,361.0,70.0
B_rho045,14,B,11,11,11,9128.606,363,11,1,2,B,0,0,0,,,6913.605648360352,4102.575966825678,2811.0296815346733,1815.0,345.0,55.0
B_rho045,14,C,11,11,11,9729.251,571,11,1,2,C,0,0,0,,,6255.251014394706,3634.703264142415,2620.5477502522945,2855.0,564.0,55.0
B_rho045,14,BF,11,11,11,9092.606,357,11,1,2,B,6,0,0,,,6913.605648360352,4102.575966825678,2811.0296815346733,1785.0,339.0,55.0
B_rho045,14,CF,11,11,11,9061.251,463,11,1,2,C,108,0,0,,,6255.251014394706,3634.703264142415,2620.5477502522945,2315.0,436.0,55.0
B_rho045,14,D,11,11,11,9061.251,463,11,1,2,C,108,108,0,1553.129859929731,1491.7009903916392,6255.251014394706,3634.703264142415,2620.5477502522945,2315.0,436.0,55.0
B_rho045,15,B,13,13,13,8637.66,388,13,1,2,B,0,0,0,,,6254.659669682523,4126.048052792655,2128.611616889867,1940.0,378.0,65.0
B_rho045,15,C,13,13,13,9826.722,580,13,1,2,C,0,0,0,,,6294.7216224292615,3644.648807243848,2650.0728151854155,2900.0,567.0,65.0
B_rho045,15,BF,13,13,13,8637.66,388,13,1,2,B,0,0,0,,,6254.659669682523,4126.048052792655,2128.611616889867,1940.0,378.0,65.0
B_rho045,15,CF,13,13,13,8924.722,432,13,1,2,C,148,0,0,,,6294.7216224292615,3644.648807243848,2650.0728151854155,2160.0,405.0,65.0
B_rho045,15,D,13,13,13,8924.722,432,13,1,2,C,148,148,0,1502.6952263148382,1487.0256693124697,6294.7216224292615,3644.648807243848,2650.0728151854155,2160.0,405.0,65.0
B_rho045,16,B,14,14,14,8906.083,365,14,1,4,B,0,0,0,,,6665.082801349074,4144.616101967398,2520.4666993816763,1825.0,346.0,70.0
B_rho045,16,C,14,14,14,8406.299,476,14,1,4,C,0,0,0,,,5493.298589975827,3696.398133966202,1796.9004560096253,2380.0,463.0,70.0
B_rho045,16,BF,14,14,14,8822.083,351,14,1,4,B,14,0,0,,,6665.082801349074,4144.616101967398,2520.4666993816763,1755.0,332.0,70.0
B_rho045,16,CF,14,14,14,7828.299,380,14,1,4,C,96,0,0,,,5493.298589975827,3696.398133966202,1796.9004560096253,1900.0,365.0,70.0
B_rho045,16,D,14,14,14,7828.299,380,14,1,4,C,96,96,0,1506.348900206017,1487.2639354984947,5493.298589975827,3696.398133966202,1796.9004560096253,1900.0,365.0,70.0
B_rho045,17,B,16,16,16,8307.355,355,16,1,5,B,0,0,0,,,6124.354621923288,3584.374702625037,2539.9799192982523,1775.0,328.0,80.0
B_rho045,17,C,16,16,16,9653.724,610,16,1,5,C,0,0,0,,,5917.723958142751,2622.0605139817653,3295.6634441609885,3050.0,606.0,80.0
B_rho045,17,BF,16,16,16,8265.355,348,16,1,5,B,7,0,0,,,6124.354621923288,3584.374702625037,2539.9799192982523,1740.0,321.0,80.0
B_rho045,17,CF,16,16,16,7994.724,337,16,1,5,C,273,0,0,,,5917.723958142751,2622.0605139817653,3295.6634441609885,1685.0,312.0,80.0
B_rho045,17,D,16,16,16,7994.724,337,16,1,5,C,273,273,0,1503.6702626915007,1490.725468258012,5917.723958142751,2622.0605139817653,3295.6634441609885,1685.0,312.0,80.0
B_rho045,18,B,11,11,11,8032.149,389,11,1,0,B,0,0,0,,,5648.1492088822315,4112.027949793905,1536.1212590883276,1945.0,384.0,55.0
B_rho045,18,C,11,11,11,8224.212,520,11,1,0,C,0,0,0,,,5050.212248992843,3648.7901278289764,1401.422121163866,2600.0,519.0,55.0
B_rho045,18,BF,11,11,11,8032.149,389,11,1,0,B,0,0,0,,,5648.1492088822315,4112.027949793905,1536.1212590883276,1945.0,384.0,55.0
B_rho045,18,CF,11,11,11,7666.212,427,11,1,0,C,93,0,0,,,5050.212248992843,3648.7901278289764,1401.422121163866,2135.0,426.0,55.0
B_rho045,18,D,11,11,11,8032.149,389,11,1,0,B,0,0,0,,832.2076787248603,5648.1492088822315,4112.027949793905,1536.1212590883276,1945.0,384.0,55.0
B_rho045,19,B,13,13,13,9038.617,390,13,1,2,B,0,0,0,,,6647.6173150719405,4094.2099118118936,2553.407403260048,1950.0,376.0,65.0
B_rho045,19,C,13,13,13,8973.911,461,13,1,2,C,0,0,0,,,6170.911330144962,3708.3474217817406,2462.563908363223,2305.0,433.0,65.0
B_rho045,19,BF,13,13,13,8882.617,364,13,1,2,B,26,0,0,,,6647.6173150719405,4094.2099118118936,2553.407403260048,1820.0,350.0,65.0
B_rho045,19,CF,13,13,13,8463.911,376,13,1,2,C,85,0,0,,,6170.911330144962,3708.3474217817406,2462.563908363223,1880.0,348.0,65.0
B_rho045,19,D,13,13,13,8463.911,376,13,1,2,C,85,85,0,1521.33427277406,1486.5147773857902,6170.911330144962,3708.3474217817406,2462.563908363223,1880.0,348.0,65.0
B_rho045,20,B,14,14,14,8209.71,339,14,1,3,B,0,0,0,,,6111.709536882488,4106.386752475052,2005.3227844074347,1695.0,333.0,70.0
B_rho045,20,C,14,14,14,7947.845,429,14,1,3,C,0,0,0,,,5306.844969027792,3716.6048293718077,1590.240139655984,2145.0,426.0,70.0
B_rho045,20,BF,14,14,14,8191.71,336,14,1,3,B,3,0,0,,,6111.709536882488,4106.386752475052,2005.3227844074347,1680.0,330.0,70.0
B_rho045,20,CF,14,14,14,7449.845,346,14,1,3,C,83,0,0,,,5306.844969027792,3716.6048293718077,1590.240139655984,1730.0,343.0,70.0
B_rho045,20,D,14,14,14,7449.845,346,14,1,3,C,83,83,0,1506.348900206017,1256.8830152742344,5306.844969027792,3716.6048293718077,1590.240139655984,1730.0,343.0,70.0
B_rho045,21,B,16,16,16,7753.958,341,16,1,3,B,0,0,0,,,5657.958386353736,3072.067892602291,2585.8904937514494,1705.0,311.0,80.0
B_rho045,21,C,16,16,16,8438.382,422,16,1,3,C,0,0,0,,,5841.382245290494,3562.6254295449344,2278.75681574556,2110.0,407.0,80.0
B_rho045,21,BF,16,16,16,7578.958,311,16,1,3,B,30,0,0,,,5657.958386353736,3072.067892602291,2585.8904937514494,1555.0,286.0,80.0
B_rho045,21,CF,16,16,16,7781.382,313,16,1,3,C,109,0,0,,,5841.382245290494,3562.6254295449344,2278.75681574556,1565.0,295.0,80.0
B_rho045,21,D,16,16,16,7781.382,313,16,1,3,C,109,109,0,1532.9456785910634,1486.5147773857873,5841.382245290494,3562.6254295449344,2278.75681574556,1565.0,295.0,80.0
B_rho045,22,B,14,14,14,8994.596,386,14,1,2,B,0,0,0,,,6628.596216498587,4113.319694901128,2515.276521597459,1930.0,366.0,70.0
B_rho045,22,C,14,14,14,9196.558,507,14,1,2,C,0,0,0,,,6087.558146890157,3668.1896893177113,2419.368457572448,2535.0,504.0,70.0
B_rho045,22,BF,14,14,14,8928.596,375,14,1,2,B,11,0,0,,,6628.596216498587,4113.319694901128,2515.276521597459,1875.0,355.0,70.0
B_rho045,22,CF,14,14,14,8503.558,394,14,1,2,C,113,0,0,,,6087.558146890157,3668.1896893177113,2419.368457572448,1970.0,376.0,70.0
B_rho045,22,D,14,14,14,8503.558,394,14,1,2,C,113,113,0,1506.3489002060176,1477.4055700409642,6087.558146890157,3668.1896893177113,2419.368457572448,1970.0,376.0,70.0
B_rho045,23,B,13,13,13,8553.936,364,13,1,3,B,0,0,0,,,6318.935500716499,4123.728156936973,2195.2073437795248,1820.0,350.0,65.0
B_rho045,23,C,13,13,13,9352.038,537,13,1,3,C,0,0,0,,,6067.038340995147,3685.8775552121256,2381.160785783024,2685.0,535.0,65.0
B_rho045,23,BF,13,13,13,8505.936,356,13,1,3,B,8,0,0,,,6318.935500716499,4123.728156936973,2195.2073437795248,1780.0,342.0,65.0
B_rho045,23,CF,13,13,13,8848.038,454,13,1,3,C,83,0,0,,,6067.038340995147,3685.8775552121256,2381.160785783024,2270.0,446.0,65.0
B_rho045,23,D,13,13,13,8848.038,454,13,1,3,C,83,83,0,1540.5934724226302,1467.5619608482477,6067.038340995147,3685.8775552121256,2381.160785783024,2270.0,446.0,65.0
B_rho045,24,B,15,15,15,8730.897,377,15,1,3,B,0,0,0,,,6405.8965016552,4098.175570621335,2307.7209310338653,1885.0,365.0,75.0
B_rho045,24,C,15,15,15,9214.822,508,15,1,3,C,0,0,0,,,6106.821593762242,3647.257701176917,2459.563892585327,2540.0,493.0,75.0
B_rho045,24,BF,15,15,15,8676.897,368,15,1,3,B,9,0,0,,,6405.8965016552,4098.175570621335,2307.7209310338653,1840.0,356.0,75.0
B_rho045,24,CF,15,15,15,8508.822,391,15,1,3,C,117,0,0,,,6106.821593762242,3647.257701176917,2459.563892585327,1955.0,372.0,75.0
B_rho045,24,D,15,15,15,8508.822,391,15,1,3,C,117,117,0,1506.348900206018,1466.8545060811643,6106.821593762242,3647.257701176917,2459.563892585327,1955.0,372.0,75.0
B_rho045,25,B,15,15,15,9249.079,377,15,1,4,B,0,0,0,,,6939.078804458604,4095.9269717299294,2843.151832728678,1885.0,350.0,75.0
B_rho045,25,C,15,15,15,9059.523,527,15,1,4,C,0,0,0,,,5828.522871347024,3663.826093057364,2164.6967782896604,2635.0,521.0,75.0
B_rho045,25,BF,15,15,15,9153.079,361,15,1,4,B,16,0,0,,,6939.078804458604,4095.9269717299294,2843.151832728678,1805.0,334.0,75.0
B_rho045,25,CF,15,15,15,8045.523,358,15,1,4,C,169,0,0,,,5828.522871347024,3663.826093057364,2164.6967782896604,1790.0,352.0,75.0
B_rho045,25,D,15,15,15,8045.523,358,15,1,4,C,169,169,0,1510.198171589502,1499.4855197985262,5828.522871347024,3663.826093057364,2164.6967782896604,1790.0,352.0,75.0
B_rho045,26,B,14,14,14,8570.012,382,14,1,3,B,0,0,0,,,6220.012485536177,4145.421633692306,2074.5908518438723,1910.0,370.0,70.0
B_rho045,26,C,14,14,14,9076.985,501,14,1,3,C,0,0,0,,,6011.984667642013,3637.8817993113444,2374.102868330668,2505.0,490.0,70.0
B_rho045,26,BF,14,14,14,8468.012,365,14,1,3,B,17,0,0,,,6220.012485536177,4145.421633692306,2074.5908518438723,1825.0,353.0,70.0
B_rho045,26,CF,14,14,14,8574.985,419,14,1,3,C,82,0,0,,,6011.984667642013,3637.8817993113444,2374.102868330668,2095.0,398.0,70.0
B_rho045,26,D,14,14,14,8574.985,419,14,1,3,C,82,82,0,1506.3489002060194,1469.7517402504836,6011.984667642013,3637.8817993113444,2374.102868330668,2095.0,398.0,70.0
B_rho045,27,B,14,14,14,8435.901,323,14,1,4,B,0,0,0,,,6441.90147590489,4143.907764431013,2297.99371147388,1615.0,309.0,70.0
B_rho045,27,C,14,14,14,8432.22,426,14,1,4,C,0,0,0,,,5830.21996476868,3713.17498337967,2117.0449813890123,2130.0,402.0,70.0
B_rho045,27,BF,14,14,14,8399.901,317,14,1,4,B,6,0,0,,,6441.90147590489,4143.907764431013,2297.99371147388,1585.0,303.0,70.0
B_rho045,27,CF,14,14,14,7944.22,345,14,1,4,C,81,0,0,,,5830.21996476868,3713.17498337967,2117.0449813890123,1725.0,319.0,70.0
B_rho045,27,D,14,14,14,7944.22,345,14,1,4,C,81,81,0,1506.3489002060182,1481.833137696077,5830.21996476868,3713.17498337967,2117.0449813890123,1725.0,319.0,70.0
B_rho045,28,B,12,12,12,8887.21,404,12,1,1,B,0,0,0,,,6422.209584526832,4131.245584863305,2290.96399966353,2020.0,385.0,60.0
B_rho045,28,C,12,12,12,7935.097,443,12,1,1,C,0,0,0,,,5225.097013609673,3680.405922006585,1544.6910916030884,2215.0,435.0,60.0
B_rho045,28,BF,12,12,12,8887.21,404,12,1,1,B,0,0,0,,,6422.209584526832,4131.245584863305,2290.96399966353,2020.0,385.0,60.0
B_rho045,28,CF,12,12,12,7509.097,372,12,1,1,C,71,0,0,,,5225.097013609673,3680.405922006585,1544.6910916030884,1860.0,364.0,60.0
B_rho045,28,D,12,12,12,7509.097,372,12,1,1,C,71,71,0,1502.0883125298453,1492.343946756657,5225.097013609673,3680.405922006585,1544.6910916030884,1860.0,364.0,60.0
B_rho045,29,B,15,15,15,7919.734,362,15,1,1,B,0,0,0,,,5682.734343000873,4169.768910338626,1512.9654326622485,1810.0,352.0,75.0
B_rho045,29,C,15,15,15,9294.154,536,15,1,1,C,0,0,0,,,6007.153955467482,3682.5368541945213,2324.617101272959,2680.0,532.0,75.0
B_rho045,29,BF,15,15,15,7793.734,341,15,1,1,B,21,0,0,,,5682.734343000873,4169.768910338626,1512.9654326622485,1705.0,331.0,75.0
B_rho045,29,CF,15,15,15,8362.154,383,15,1,1,C,153,0,0,,,6007.153955467482,3682.5368541945213,2324.617101272959,1915.0,365.0,75.0
B_rho045,29,D,15,15,15,8362.154,383,15,1,1,C,153,153,0,1524.8444143465515,1487.730891306461,6007.153955467482,3682.5368541945213,2324.617101272959,1915.0,365.0,75.0
B_rho045,30,B,13,13,13,8621.553,377,13,1,2,B,0,0,0,,,6300.5529550950205,4095.7996193790354,2204.7533357159864,1885.0,371.0,65.0
B_rho045,30,C,13,13,13,9899.706,602,13,1,2,C,0,0,0,,,6225.7059262487655,3656.8732768439363,2568.8326494048288,3010.0,599.0,65.0
B_rho045,30,BF,13,13,13,8585.553,371,13,1,2,B,6,0,0,,,6300.5529550950205,4095.7996193790354,2204.7533357159864,1855.0,365.0,65.0
B_rho045,30,CF,13,13,13,8921.706,441,13,1,2,C,161,0,0,,,6225.7059262487655,3656.8732768439363,2568.8326494048288,2205.0,426.0,65.0
B_rho045,30,D,13,13,13,8921.706,441,13,1,2,C,161,161,0,1511.0705190132328,1484.725277941144,6225.7059262487655,3656.8732768439363,2568.8326494048288,2205.0,426.0,65.0
B_rho050,1,B,13,13,13,8779.284,378,13,1,2,B,0,0,0,,,6456.2842207380345,4118.1236468061215,2338.160573931913,1890.0,368.0,65.0
B_rho050,1,C,13,13,13,10015.349,576,13,1,2,C,0,0,0,,,6507.349058337743,3658.608801325267,2848.740257012478,2880.0,563.0,65.0
B_rho050,1,BF,13,13,13,8587.284,346,13,1,2,B,32,0,0,,,6456.2842207380345,4118.1236468061215,2338.160573931913,1730.0,336.0,65.0
B_rho050,1,CF,13,13,13,9101.349,426,13,1,2,C,150,0,0,,,6507.349058337743,3658.608801325267,2848.740257012478,2130.0,399.0,65.0
B_rho050,1,D,13,13,13,9101.349,426,13,1,2,C,150,150,0,1502.0152114047373,1480.3215557913989,6507.349058337743,3658.608801325267,2848.740257012478,2130.0,399.0,65.0
B_rho050,2,B,11,11,11,8072.068,369,11,1,2,B,0,0,0,,,5806.067992567687,4121.925677559396,1684.1423150082894,1845.0,366.0,55.0
B_rho050,2,C,11,11,11,9215.577,574,11,1,2,C,0,0,0,,,5719.576696162775,3634.1341372869756,2085.442558875803,2870.0,571.0,55.0
B_rho050,2,BF,11,11,11,8072.068,369,11,1,2,B,0,0,0,,,5806.067992567687,4121.925677559396,1684.1423150082894,1845.0,366.0,55.0
B_rho050,2,CF,11,11,11,8477.577,453,11,1,2,C,121,0,0,,,5719.576696162775,3634.1341372869756,2085.442558875803,2265.0,438.0,55.0
B_rho050,2,D,11,11,11,8477.577,453,11,1,2,C,121,121,0,1518.84801696001,1498.6017555909968,5719.576696162775,3634.1341372869756,2085.442558875803,2265.0,438.0,55.0
B_rho050,3,B,14,14,14,8840.939,336,14,1,3,B,0,0,0,,,6768.938752090333,4081.871979393182,2687.0667726971496,1680.0,322.0,70.0
B_rho050,3,C,14,14,14,10772.332,610,14,1,3,C,0,0,0,,,7049.331776931856,3727.9564979427955,3321.375278989065,3050.0,603.0,70.0
B_rho050,3,BF,14,14,14,8722.939,316,14,1,3,B,20,0,0,,,6768.938752090333,4081.871979393182,2687.0667726971496,1580.0,304.0,70.0
B_rho050,3,CF,14,14,14,9893.332,464,14,1,3,C,146,0,0,,,7049.331776931856,3727.9564979427955,3321.375278989065,2320.0,454.0,70.0
B_rho050,3,D,14,14,14,9893.332,464,14,1,3,C,146,146,0,1501.436670752393,1496.5618225530066,7049.331776931856,3727.9564979427955,3321.375278989065,2320.0,454.0,70.0
B_rho050,4,B,13,13,13,8661.109,370,13,1,5,B,0,0,0,,,6387.108704852187,4119.188982482949,2267.919722369237,1850.0,359.0,65.0
B_rho050,4,C,13,13,13,8619.325,455,13,1,5,C,0,0,0,,,5835.324598604279,3700.8528016036503,2134.4717970006286,2275.0,444.0,65.0
B_rho050,4,BF,13,13,13,8511.109,345,13,1,5,B,25,0,0,,,6387.108704852187,4119.188982482949,2267.919722369237,1725.0,334.0,65.0
B_rho050,4,CF,13,13,13,7961.325,346,13,1,5,C,109,0,0,,,5835.324598604279,3700.8528016036503,2134.4717970006286,1730.0,331.0,65.0
B_rho050,4,D,13,13,13,7961.325,346,13,1,5,C,109,109,0,1514.0519252727847,1446.3303734130918,5835.324598604279,3700.8528016036503,2134.4717970006286,1730.0,331.0,65.0
B_rho050,5,B,12,12,12,8705.121,381,12,1,3,B,0,0,0,,,6366.120968882049,4103.629784144806,2262.491184737243,1905.0,374.0,60.0
B_rho050,5,C,12,12,12,10537.3,608,12,1,3,C,0,0,0,,,6832.300265898176,3671.180194001353,3161.120071896828,3040.0,605.0,60.0
B_rho050,5,BF,12,12,12,8675.121,376,12,1,3,B,5,0,0,,,6366.120968882049,4103.629784144806,2262.491184737243,1880.0,369.0,60.0
B_rho050,5,CF,12,12,12,9531.3,444,12,1,3,C,164,0,0,,,6832.300265898176,3671.180194001353,3161.120071896828,2220.0,419.0,60.0
B_rho050,5,D,12,12,12,9531.3,444,12,1,3,C,164,164,0,1501.3180780051237,1433.1448224777882,6832.300265898176,3671.180194001353,3161.120071896828,2220.0,419.0,60.0
B_rho050,6,B,12,12,12,8729.213,416,12,1,4,B,0,0,0,,,6181.213458629119,4141.387158241659,2039.8263003874602,2080.0,408.0,60.0
B_rho050,6,C,12,12,12,8417.327,476,12,1,4,C,0,0,0,,,5504.327245170709,3678.825715770491,1825.5015294002171,2380.0,473.0,60.0
B_rho050,6,BF,12,12,12,8477.213,374,12,1,4,B,42,0,0,,,6181.213458629119,4141.387158241659,2039.8263003874602,1870.0,366.0,60.0
B_rho050,6,CF,12,12,12,8002.327,407,12,1,4,C,69,0,0,,,5504.327245170709,3678.825715770491,1825.5015294002171,2035.0,403.0,60.0
B_rho050,6,D,12,12,12,8002.327,407,12,1,4,C,69,69,0,1508.970177793009,1486.5147773857889,5504.327245170709,3678.825715770491,1825.5015294002171,2035.0,403.0,60.0
B_rho050,7,B,12,12,12,8533.431,389,12,1,2,B,0,0,0,,,6148.431461314605,4083.344569353163,2065.086891961444,1945.0,380.0,60.0
B_rho050,7,C,12,12,12,8588.95,488,12,1,2,C,0,0,0,,,5605.950423596443,3662.260704591168,1943.6897190052748,2440.0,483.0,60.0
B_rho050,7,BF,12,12,12,8533.431,389,12,1,2,B,0,0,0,,,6148.431461314605,4083.344569353163,2065.086891961444,1945.0,380.0,60.0
B_rho050,7,CF,12,12,12,8086.95,406,12,1,2,C,82,0,0,,,5605.950423596443,3662.260704591168,1943.6897190052748,2030.0,391.0,60.0
B_rho050,7,D,12,12,12,8086.95,406,12,1,2,C,82,82,0,1506.3489002060198,1491.844601608204,5605.950423596443,3662.260704591168,1943.6897190052748,2030.0,391.0,60.0
B_rho050,8,B,11,11,11,8688.472,378,11,1,1,B,0,0,0,,,6380.471695572588,4086.25894980279,2294.2127457697993,1890.0,363.0,55.0
B_rho050,8,C,11,11,11,9311.549,551,11,1,1,C,0,0,0,,,5956.548978709395,3638.3247693790736,2318.2242093303234,2755.0,545.0,55.0
B_rho050,8,BF,11,11,11,8688.472,378,11,1,1,B,0,0,0,,,6380.471695572588,4086.25894980279,2294.2127457697993,1890.0,363.0,55.0
B_rho050,8,CF,11,11,11,8705.549,452,11,1,1,C,99,0,0,,,5956.548978709395,3638.3247693790736,2318.2242093303234,2260.0,434.0,55.0
B_rho050,8,D,11,11,11,8705.549,452,11,1,1,C,99,99,0,1500.9261695855655,1471.735570038642,5956.548978709395,3638.3247693790736,2318.2242093303234,2260.0,434.0,55.0
B_rho050,9,B,14,14,14,9015.333,333,14,1,6,B,0,0,0,,,6970.3326702004615,4081.871979393182,2888.460690807281,1665.0,310.0,70.0
B_rho050,9,C,14,14,14,8132.634,380,14,1,6,C,0,0,0,,,5795.634460275184,3695.662036979301,2099.972423295885,1900.0,367.0,70.0
B_rho050,9,BF,14,14,14,8829.333,302,14,1,6,B,31,0,0,,,6970.3326702004615,4081.871979393182,2888.460690807281,1510.0,279.0,70.0
B_rho050,9,CF,14,14,14,7886.634,339,14,1,6,C,41,0,0,,,5795.634460275184,3695.662036979301,2099.972423295885,1695.0,326.0,70.0
B_rho050,9,D,14,14,14,7886.634,339,14,1,6,C,41,41,0,1583.9192693293444,1486.5147773857868,5795.634460275184,3695.662036979301,2099.972423295885,1695.0,326.0,70.0
B_rho050,10,B,11,11,11,10164.775,454,11,1,2,B,0,0,0,,,7417.775047190367,4081.871979393182,3335.9030677971923,2270.0,422.0,55.0
B_rho050,10,C,11,11,11,8396.392,514,11,1,2,C,0,0,0,,,5270.3920595795635,3666.3067326844352,1604.0853268951312,2570.0,501.0,55.0
B_rho050,10,BF,11,11,11,10032.775,432,11,1,2,B,22,0,0,,,7417.775047190367,4081.871979393182,3335.9030677971923,2160.0,400.0,55.0
B_rho050,10,CF,11,11,11,7786.392,412,11,1,2,C,102,0,0,,,5270.3920595795635,3666.3067326844352,1604.0853268951312,2060.0,401.0,55.0
B_rho050,10,D,11,11,11,7786.392,412,11,1,2,C,102,102,0,1504.7162472935136,1486.5147773857893,5270.3920595795635,3666.3067326844352,1604.0853268951312,2060.0,401.0,55.0
B_rho050,11,B,12,12,12,9345.061,437,12,1,1,B,0,0,0,,,6690.060717805285,4102.575404616457,2587.485313188827,2185.0,410.0,60.0
B_rho050,11,C,12,12,12,8782.296,509,12,1,1,C,0,0,0,,,5675.296136028375,3704.2332334847106,1971.0629025436644,2545.0,502.0,60.0
B_rho050,11,BF,12,12,12,9194.061,411,12,1,1,B,26,0,0,,,6690.060717805285,4102.575404616457,2587.485313188827,2055.0,389.0,60.0
B_rho050,11,CF,12,12,12,8269.296,424,12,1,1,C,85,0,0,,,5675.296136028375,3704.2332334847106,1971.0629025436644,2120.0,414.0,60.0
B_rho050,11,D,12,12,12,8269.296,424,12,1,1,C,85,85,0,1528.5595357885352,1486.5147773857884,5675.296136028375,3704.2332334847106,1971.0629025436644,2120.0,414.0,60.0
B_rho050,12,B,10,10,10,8254.336,454,10,1,1,B,0,0,0,,,5485.336472487034,4130.978337734795,1354.35813475224,2270.0,449.0,50.0
B_rho050,12,C,10,10,10,8576.029,539,10,1,1,C,0,0,0,,,5297.029320573387,3636.4409272224575,1660.5883933509306,2695.0,534.0,50.0
B_rho050,12,BF,10,10,10,8254.336,454,10,1,1,B,0,0,0,,,5485.336472487034,4130.978337734795,1354.35813475224,2270.0,449.0,50.0
B_rho050,12,CF,10,10,10,8095.029,461,10,1,1,C,78,0,0,,,5297.029320573387,3636.4409272224575,1660.5883933509306,2305.0,443.0,50.0
B_rho050,12,D,10,10,10,8095.029,461,10,1,1,C,78,78,0,1520.4849131596457,1481.1688909306413,5297.029320573387,3636.4409272224575,1660.5883933509306,2305.0,443.0,50.0
B_rho050,13,B,11,11,11,9819.315,423,11,1,2,B,0,0,0,,,7269.3154644717115,4081.871979393182,3187.443485078534,2115.0,380.0,55.0
B_rho050,13,C,11,11,11,9749.774,591,11,1,2,C,0,0,0,,,6157.773668721299,3642.6507221121606,2515.1229466091377,2955.0,582.0,55.0
B_rho050,13,BF,11,11,11,9819.315,423,11,1,2,B,0,0,0,,,7269.3154644717115,4081.871979393182,3187.443485078534,2115.0,380.0,55.0
B_rho050,13,CF,11,11,11,9026.774,471,11,1,2,C,120,0,0,,,6157.773668721299,3642.6507221121606,2515.1229466091377,2355.0,459.0,55.0
B_rho050,13,D,11,11,11,9026.774,471,11,1,2,C,120,120,0,1555.02960880867,1492.0043109706394,6157.773668721299,3642.6507221121606,2515.1229466091377,2355.0,459.0,55.0
B_rho050,14,B,16,16,16,7926.581,288,16,1,3,B,0,0,0,,,6138.581457435208,3047.6744809484535,3090.906976486754,1440.0,268.0,80.0
B_rho050,14,C,16,16,16,9050.26,491,16,1,3,C,0,0,0,,,6040.2598813193545,3699.5848721222123,2340.675009197142,2455.0,475.0,80.0
B_rho050,14,BF,16,16,16,7926.581,288,16,1,3,B,0,0,0,,,6138.581457435208,3047.6744809484535,3090.906976486754,1440.0,268.0,80.0
B_rho050,14,CF,16,16,16,8199.26,351,16,1,3,C,140,0,0,,,6040.2598813193545,3699.5848721222123,2340.675009197142,1755.0,324.0,80.0
B_rho050,14,D,16,16,16,8199.26,351,16,1,3,C,140,140,0,1506.3489002060192,1495.265198607757,6040.2598813193545,3699.5848721222123,2340.675009197142,1755.0,324.0,80.0
B_rho050,15,B,10,10,10,8335.821,436,10,1,1,B,0,0,0,,,5679.820602895564,4092.7003821603453,1587.1202207352187,2180.0,426.0,50.0
B_rho050,15,C,10,10,10,8455.465,473,10,1,1,C,0,0,0,,,5574.4649475126425,3637.987227133463,1936.4777203791791,2365.0,466.0,50.0
B_rho050,15,BF,10,10,10,8251.821,422,10,1,1,B,14,0,0,,,5679.820602895564,4092.7003821603453,1587.1202207352187,2110.0,412.0,50.0
B_rho050,15,CF,10,10,10,8107.465,415,10,1,1,C,58,0,0,,,5574.4649475126425,3637.987227133463,1936.4777203791791,2075.0,408.0,50.0
B_rho050,15,D,10,10,10,8107.465,415,10,1,1,C,58,58,0,1506.3489002060178,1307.1505557242158,5574.4649475126425,3637.987227133463,1936.4777203791791,2075.0,408.0,50.0
B_rho050,16,B,12,12,12,8945.492,440,12,1,1,B,0,0,0,,,6260.492360618591,4142.15350767395,2118.3388529446406,2200.0,425.0,60.0
B_rho050,16,C,12,12,12,8649.664,502,12,1,1,C,0,0,0,,,5584.66358558192,3717.450070310173,1867.2135152717476,2510.0,495.0,60.0
B_rho050,16,BF,12,12,12,8699.492,399,12,1,1,B,41,0,0,,,6260.492360618591,4142.15350767395,2118.3388529446406,1995.0,384.0,60.0
B_rho050,16,CF,12,12,12,7953.664,386,12,1,1,C,116,0,0,,,5584.66358558192,3717.450070310173,1867.2135152717476,1930.0,379.0,60.0
B_rho050,16,D,12,12,12,7953.664,386,12,1,1,C,116,116,0,1506.348900206016,1475.7015466094042,5584.66358558192,3717.450070310173,1867.2135152717476,1930.0,379.0,60.0
B_rho050,17,B,12,12,12,8200.756,338,12,1,4,B,0,0,0,,,6117.755759492539,4097.553291106597,2020.202468385942,1690.0,333.0,60.0
B_rho050,17,C,12,12,12,10085.555,559,12,1,4,C,0,0,0,,,6688.554606312046,3689.5610004771447,2998.9936058349044,2795.0,542.0,60.0
B_rho050,17,BF,12,12,12,8200.756,338,12,1,4,B,0,0,0,,,6117.755759492539,4097.553291106597,2020.202468385942,1690.0,333.0,60.0
B_rho050,17,CF,12,12,12,9539.555,468,12,1,4,C,91,0,0,,,6688.554606312046,3689.5610004771447,2998.9936058349044,2340.0,451.0,60.0
B_rho050,17,D,12,12,12,9539.555,468,12,1,4,C,91,91,0,1504.033828408442,1497.413834706512,6688.554606312046,3689.5610004771447,2998.9936058349044,2340.0,451.0,60.0
B_rho050,18,B,12,12,12,7993.303,359,12,1,4,B,0,0,0,,,5784.302678269984,4139.456248968647,1644.8464293013367,1795.0,354.0,60.0
B_rho050,18,C,12,12,12,7970.664,456,12,1,4,C,0,0,0,,,5186.663821059347,3661.915196582583,1524.7486244767622,2280.0,444.0,60.0
B_rho050,18,BF,12,12,12,7951.303,352,12,1,4,B,7,0,0,,,5784.302678269984,4139.456248968647,1644.8464293013367,1760.0,347.0,60.0
B_rho050,18,CF,12,12,12,7487.664,375,12,1,4,C,81,0,0,,,5186.663821059347,3661.915196582583,1524.7486244767622,1875.0,366.0,60.0
B_rho050,18,D,12,12,12,7487.664,375,12,1,4,C,81,81,0,1506.3489002060185,1471.2993574578732,5186.663821059347,3661.915196582583,1524.7486244767622,1875.0,366.0,60.0
B_rho050,19,B,11,11,11,9224.124,461,11,1,2,B,0,0,0,,,6424.123568632568,4081.871979393182,2342.251589239385,2305.0,440.0,55.0
B_rho050,19,C,11,11,11,9334.321,551,11,1,2,C,0,0,0,,,5982.3206397604245,3634.5823799995196,2347.7382597609057,2755.0,542.0,55.0
B_rho050,19,BF,11,11,11,8990.124,422,11,1,2,B,39,0,0,,,6424.123568632568,4081.871979393182,2342.251589239385,2110.0,401.0,55.0
B_rho050,19,CF,11,11,11,8571.321,425,11,1,2,C,126,0,0,,,5982.3206397604245,3634.5823799995196,2347.7382597609057,2125.0,409.0,55.0
B_rho050,19,D,11,11,11,8571.321,425,11,1,2,C,126,126,0,1525.7878369910177,1496.1044479702089,5982.3206397604245,3634.5823799995196,2347.7382597609057,2125.0,409.0,55.0
B_rho050,20,B,10,10,10,8004.629,374,10,1,1,B,0,0,0,,,5711.628980544754,4084.3301716791207,1627.298808865633,1870.0,373.0,50.0
B_rho050,20,C,10,10,10,8269.877,497,10,1,1,C,0,0,0,,,5244.877266975498,3683.7097280931685,1561.1675388823292,2485.0,490.0,50.0
B_rho050,20,BF,10,10,10,7986.629,371,10,1,1,B,3,0,0,,,5711.628980544754,4084.3301716791207,1627.298808865633,1855.0,370.0,50.0
B_rho050,20,CF,10,10,10,7746.877,410,10,1,1,C,87,0,0,,,5244.877266975498,3683.7097280931685,1561.1675388823292,2050.0,402.0,50.0
B_rho050,20,D,10,10,10,7746.877,410,10,1,1,C,87,87,0,1506.348900206019,1422.143026651907,5244.877266975498,3683.7097280931685,1561.1675388823292,2050.0,402.0,50.0
B_rho050,21,B,12,12,12,8241.816,345,12,1,2,B,0,0,0,,,6118.815796597345,4091.311834823893,2027.5039617734512,1725.0,338.0,60.0
B_rho050,21,C,12,12,12,9085.681,550,12,1,2,C,0,0,0,,,5728.680610970153,3661.331874195699,2067.348736774452,2750.0,547.0,60.0
B_rho050,21,BF,12,12,12,8205.816,339,12,1,2,B,6,0,0,,,6118.815796597345,4091.311834823893,2027.5039617734512,1695.0,332.0,60.0
B_rho050,21,CF,12,12,12,8515.681,455,12,1,2,C,95,0,0,,,5728.680610970153,3661.331874195699,2067.348736774452,2275.0,452.0,60.0
B_rho050,21,D,12,12,12,8515.681,455,12,1,2,C,95,95,0,1506.3489002060187,1480.1605154520325,5728.680610970153,3661.331874195699,2067.348736774452,2275.0,452.0,60.0
B_rho050,22,B,10,10,10,7626.679,408,10,1,1,B,0,0,0,,,5133.678929333579,4155.8409553281945,977.837974005385,2040.0,403.0,50.0
B_rho050,22,C,10,10,10,7987.719,491,10,1,1,C,0,0,0,,,4994.718857424537,3692.7242681078587,1301.994589316679,2455.0,488.0,50.0
B_rho050,22,BF,10,10,10,7626.679,408,10,1,1,B,0,0,0,,,5133.678929333579,4155.8409553281945,977.837974005385,2040.0,403.0,50.0
B_rho050,22,CF,10,10,10,7430.719,398,10,1,1,C,93,0,0,,,4994.718857424537,3692.7242681078587,1301.994589316679,1990.0,396.0,50.0
B_rho050,22,D,10,10,10,7430.719,398,10,1,1,C,93,93,0,1513.998488385894,1479.1003822878067,4994.718857424537,3692.7242681078587,1301.994589316679,1990.0,396.0,50.0
B_rho050,23,B,14,14,14,8232.841,345,14,1,3,B,0,0,0,,,6101.840840580717,4147.279095729267,1954.5617448514513,1725.0,336.0,70.0
B_rho050,23,C,14,14,14,8215.55,488,14,1,3,C,0,0,0,,,5222.549833601709,3725.20810365643,1497.3417299452792,2440.0,483.0,70.0
B_rho050,23,BF,14,14,14,8196.841,339,14,1,3,B,6,0,0,,,6101.840840580717,4147.279095729267,1954.5617448514513,1695.0,330.0,70.0
B_rho050,23,CF,14,14,14,7490.55,368,14,1,3,C,120,0,0,,,5222.549833601709,3725.20810365643,1497.3417299452792,1840.0,358.0,70.0
B_rho050,23,D,14,14,14,7490.55,368,14,1,3,C,120,120,0,1506.3489002060182,1489.3581734384582,5222.549833601709,3725.20810365643,1497.3417299452792,1840.0,358.0,70.0
B_rho050,24,B,11,11,11,8662.391,413,11,1,2,B,0,0,0,,,6144.3907839105805,4198.558839276359,1945.831944634221,2065.0,398.0,55.0
B_rho050,24,C,11,11,11,8584.4,504,11,1,2,C,0,0,0,,,5524.39994068963,3705.684756397271,1818.7151842923586,2520.0,485.0,55.0
B_rho050,24,BF,11,11,11,8626.391,407,11,1,2,B,6,0,0,,,6144.3907839105805,4198.558839276359,1945.831944634221,2035.0,392.0,55.0
B_rho050,24,CF,11,11,11,8050.4,416,11,1,2,C,88,0,0,,,5524.39994068963,3705.684756397271,1818.7151842923586,2080.0,391.0,55.0
B_rho050,24,D,11,11,11,8050.4,416,11,1,2,C,88,88,0,1506.3489002060185,1494.3502744114742,5524.39994068963,3705.684756397271,1818.7151842923586,2080.0,391.0,55.0
B_rho050,25,B,14,14,14,9352.5,422,14,1,4,B,0,0,0,,,6776.500094546596,4095.6791465368474,2680.8209480097516,2110.0,396.0,70.0
B_rho050,25,C,14,14,14,9515.275,498,14,1,4,C,0,0,0,,,6472.275144199938,3650.857510574483,2821.4176336254523,2490.0,483.0,70.0
B_rho050,25,BF,14,14,14,9202.5,397,14,1,4,B,25,0,0,,,6776.500094546596,4095.6791465368474,2680.8209480097516,1985.0,371.0,70.0
B_rho050,25,CF,14,14,14,8775.275,378,14,1,4,C,120,0,0,,,6472.275144199938,3650.857510574483,2821.4176336254523,1890.0,343.0,70.0
B_rho050,25,D,14,14,14,8775.275,378,14,1,4,C,120,120,0,1539.6147311319417,1486.5147773857907,6472.275144199938,3650.857510574483,2821.4176336254523,1890.0,343.0,70.0
B_rho050,26,B,15,15,15,8511.661,301,15,1,3,B,0,0,0,,,6634.661080809434,4124.507426659756,2510.153654149679,1505.0,297.0,75.0
B_rho050,26,C,15,15,15,8560.196,472,15,1,3,C,0,0,0,,,5661.196116920026,3700.9640970283035,1960.2320198917223,2360.0,464.0,75.0
B_rho050,26,BF,15,15,15,8511.661,301,15,1,3,B,0,0,0,,,6634.661080809434,4124.507426659756,2510.153654149679,1505.0,297.0,75.0
B_rho050,26,CF,15,15,15,7829.196,351,15,1,3,C,121,0,0,,,5661.196116920026,3700.9640970283035,1960.2320198917223,1755.0,338.0,75.0
B_rho050,26,D,15,15,15,7829.196,351,15,1,3,C,121,121,0,1540.5934724226286,1473.5762248527212,5661.196116920026,3700.9640970283035,1960.2320198917223,1755.0,338.0,75.0
B_rho050,27,B,13,13,13,8242.722,384,13,1,1,B,0,0,0,,,5887.721826739701,4141.464184800351,1746.257641939352,1920.0,370.0,65.0
B_rho050,27,C,13,13,13,9283.643,530,13,1,1,C,0,0,0,,,6046.642610899433,3636.795597326782,2409.847013572649,2650.0,522.0,65.0
B_rho050,27,BF,13,13,13,8242.722,384,13,1,1,B,0,0,0,,,5887.721826739701,4141.464184800351,1746.257641939352,1920.0,370.0,65.0
B_rho050,27,CF,13,13,13,8889.643,466,13,1,1,C,64,0,0,,,6046.642610899433,3636.795597326782,2409.847013572649,2330.0,448.0,65.0
B_rho050,27,D,13,13,13,8889.643,466,13,1,1,C,64,64,0,1530.5839848703358,1486.514777385789,6046.642610899433,3636.795597326782,2409.847013572649,2330.0,448.0,65.0
B_rho050,28,B,14,14,14,8923.44,386,14,1,5,B,0,0,0,,,6556.439963347274,4119.65336437309,2436.7865989741854,1930.0,367.0,70.0
B_rho050,28,C,14,14,14,9903.456,537,14,1,5,C,0,0,0,,,6630.456316098508,3670.7691047647913,2959.6872113337195,2685.0,518.0,70.0
B_rho050,28,BF,14,14,14,8839.44,372,14,1,5,B,14,0,0,,,6556.439963347274,4119.65336437309,2436.7865989741854,1860.0,353.0,70.0
B_rho050,28,CF,14,14,14,9161.456,415,14,1,5,C,122,0,0,,,6630.456316098508,3670.7691047647913,2959.6872113337195,2075.0,386.0,70.0
B_rho050,28,D,14,14,14,9161.456,415,14,1,5,C,122,122,0,1511.7129037888226,1494.121848096933,6630.456316098508,3670.7691047647913,2959.6872113337195,2075.0,386.0,70.0
B_rho050,29,B,11,11,11,9092.596,407,11,1,1,B,0,0,0,,,6609.595923321277,4081.871980376926,2527.7239429443503,2035.0,393.0,55.0
B_rho050,29,C,11,11,11,9457.868,576,11,1,1,C,0,0,0,,,5970.8676070402435,3640.999948443251,2329.8676585969943,2880.0,552.0,55.0
B_rho050,29,BF,11,11,11,9092.596,407,11,1,1,B,0,0,0,,,6609.595923321277,4081.871980376926,2527.7239429443503,2035.0,393.0,55.0
B_rho050,29,CF,11,11,11,8670.868,447,11,1,1,C,129,0,0,,,5970.8676070402435,3640.999948443251,2329.8676585969943,2235.0,410.0,55.0
B_rho050,29,D,11,11,11,8670.868,447,11,1,1,C,129,129,0,1540.466726753972,1490.8474087966463,5970.8676070402435,3640.999948443251,2329.8676585969943,2235.0,410.0,55.0
B_rho050,30,B,15,15,15,8317.451,396,15,1,2,B,0,0,0,,,5874.450738773269,4128.875798099861,1745.574940673408,1980.0,388.0,75.0
B_rho050,30,C,15,15,15,9204.592,516,15,1,2,C,0,0,0,,,6042.592102102885,3655.745745532499,2386.8463565703873,2580.0,507.0,75.0
B_rho050,30,BF,15,15,15,8269.451,388,15,1,2,B,8,0,0,,,5874.450738773269,4128.875798099861,1745.574940673408,1940.0,380.0,75.0
B_rho050,30,CF,15,15,15,8720.592,436,15,1,2,C,80,0,0,,,6042.592102102885,3655.745745532499,2386.8463565703873,2180.0,423.0,75.0
B_rho050,30,D,15,15,15,8720.592,436,15,1,2,C,80,80,0,1595.8453481483016,1468.0252487692935,6042.592102102885,3655.745745532499,2386.8463565703873,2180.0,423.0,75.0
B_rho060,1,B,12,12,12,8456.45,365,12,1,3,B,0,0,0,,,6209.450000545175,4081.871979393182,2127.5780211519914,1825.0,362.0,60.0
B_rho060,1,C,12,12,12,9228.926,521,12,1,3,C,0,0,0,,,6047.9262780519875,3715.605166680621,2332.3211113713655,2605.0,516.0,60.0
B_rho060,1,BF,12,12,12,8312.45,341,12,1,3,B,24,0,0,,,6209.450000545175,4081.871979393182,2127.5780211519914,1705.0,338.0,60.0
B_rho060,1,CF,12,12,12,8542.926,407,12,1,3,C,114,0,0,,,6047.9262780519875,3715.605166680621,2332.3211113713655,2035.0,400.0,60.0
B_rho060,1,D,12,12,12,8542.926,407,12,1,3,C,114,114,0,1500.6269920176733,1491.171459905915,6047.9262780519875,3715.605166680621,2332.3211113713655,2035.0,400.0,60.0
B_rho060,2,B,15,15,15,9222.357,421,15,1,1,B,0,0,0,,,6650.357196323214,4136.921885851977,2513.4353104712413,2105.0,392.0,75.0
B_rho060,2,C,15,15,15,10320.303,582,15,1,1,C,0,0,0,,,6771.303112036299,3657.676855301413,3113.6262567348895,2910.0,564.0,75.0
B_rho060,2,BF,15,15,15,9222.357,421,15,1,1,B,0,0,0,,,6650.357196323214,4136.921885851977,2513.4353104712413,2105.0,392.0,75.0
B_rho060,2,CF,15,15,15,9240.303,407,15,1,1,C,175,0,0,,,6771.303112036299,3657.676855301413,3113.6262567348895,2035.0,359.0,75.0
B_rho060,2,D,15,15,15,9240.303,407,15,1,1,C,175,175,0,1540.5934724226292,1473.0311889987606,6771.303112036299,3657.676855301413,3113.6262567348895,2035.0,359.0,75.0
B_rho060,3,B,10,10,10,8055.564,390,10,1,2,B,0,0,0,,,5670.563566443254,4088.8348212117317,1581.7287452315218,1950.0,385.0,50.0
B_rho060,3,C,10,10,10,9540.499,570,10,1,2,C,0,0,0,,,6076.4989932827875,3682.803372125516,2393.695621157273,2850.0,564.0,50.0
B_rho060,3,BF,10,10,10,8055.564,390,10,1,2,B,0,0,0,,,5670.563566443254,4088.8348212117317,1581.7287452315218,1950.0,385.0,50.0
B_rho060,3,CF,10,10,10,8853.499,458,10,1,2,C,112,0,0,,,6076.4989932827875,3682.803372125516,2393.695621157273,2290.0,437.0,50.0
B_rho060,3,D,10,10,10,8853.499,458,10,1,2,C,112,112,0,1535.2283351568642,1486.5147773857898,6076.4989932827875,3682.803372125516,2393.695621157273,2290.0,437.0,50.0
B_rho060,4,B,16,16,16,8263.647,333,16,1,2,B,0,0,0,,,6205.647116839476,3421.5988778577885,2784.0482389816916,1665.0,313.0,80.0
B_rho060,4,C,16,16,16,11859.376,738,16,1,2,C,0,0,0,,,7359.375763211003,3762.998535394324,3596.377227816682,3690.0,730.0,80.0
B_rho060,4,BF,16,16,16,8184.647,320,16,1,2,B,13,0,0,,,6205.647116839476,3421.5988778577885,2784.0482389816916,1600.0,299.0,80.0
B_rho060,4,CF,16,16,16,10203.376,464,16,1,2,C,274,0,0,,,7359.375763211003,3762.998535394324,3596.377227816682,2320.0,444.0,80.0
B_rho060,4,D,16,16,16,10203.376,464,16,1,2,C,274,274,0,1501.3038574584436,1498.9449285071112,7359.375763211003,3762.998535394324,3596.377227816682,2320.0,444.0,80.0
B_rho060,5,B,15,15,15,8495.77,326,15,1,4,B,0,0,0,,,6472.7704376143465,4093.39350683923,2379.376930775116,1630.0,318.0,75.0
B_rho060,5,C,15,15,15,9259.667,511,15,1,4,C,0,0,0,,,6132.667491305362,3721.4396223669974,2411.227868938365,2555.0,497.0,75.0
B_rho060,5,BF,15,15,15,8429.77,315,15,1,4,B,11,0,0,,,6472.7704376143465,4093.39350683923,2379.376930775116,1575.0,307.0,75.0
B_rho060,5,CF,15,15,15,8608.667,403,15,1,4,C,108,0,0,,,6132.667491305362,3721.4396223669974,2411.227868938365,2015.0,386.0,75.0
B_rho060,5,D,15,15,15,8608.667,403,15,1,4,C,108,108,0,1527.0665386721423,1486.5147773857914,6132.667491305362,3721.4396223669974,2411.227868938365,2015.0,386.0,75.0
B_rho060,6,B,15,15,15,9428.277,416,15,1,1,B,0,0,0,,,6883.2771732881965,4122.162391226929,2761.114782061265,2080.0,390.0,75.0
B_rho060,6,C,15,15,15,9788.318,568,15,1,1,C,0,0,0,,,6310.318044987831,3669.610049459058,2640.7079955287727,2840.0,563.0,75.0
B_rho060,6,BF,15,15,15,9308.277,396,15,1,1,B,20,0,0,,,6883.2771732881965,4122.162391226929,2761.114782061265,1980.0,370.0,75.0
B_rho060,6,CF,15,15,15,8856.318,415,15,1,1,C,153,0,0,,,6310.318044987831,3669.610049459058,2640.7079955287727,2075.0,396.0,75.0
B_rho060,6,D,15,15,15,8856.318,415,15,1,1,C,153,153,0,1550.848231403303,1497.86845126867,6310.318044987831,3669.610049459058,2640.7079955287727,2075.0,396.0,75.0
B_rho060,7,B,16,16,16,8911.521,346,16,1,3,B,0,0,0,,,6784.521348149131,3799.5354837536065,2984.985864395527,1730.0,317.0,80.0
B_rho060,7,C,16,16,16,9082.318,482,16,1,3,C,0,0,0,,,6114.317756470105,3559.1993588670866,2555.1183976030193,2410.0,478.0,80.0
B_rho060,7,BF,16,16,16,8851.521,336,16,1,3,B,10,0,0,,,6784.521348149131,3799.5354837536065,2984.985864395527,1680.0,307.0,80.0
B_rho060,7,CF,16,16,16,8277.318,349,16,1,3,C,133,0,0,,,6114.317756470105,3559.1993588670866,2555.1183976030193,1745.0,338.0,80.0
B_rho060,7,D,16,16,16,8277.318,349,16,1,3,C,133,133,0,1506.3489002060185,1475.8517233536381,6114.317756470105,3559.1993588670866,2555.1183976030193,1745.0,338.0,80.0
B_rho060,8,B,14,14,14,8537.045,349,14,1,1,B,0,0,0,,,6379.045072830996,4169.847874627743,2209.197198203252,1745.0,343.0,70.0
B_rho060,8,C,14,14,14,8864.376,486,14,1,1,C,0,0,0,,,5882.3759021241995,3668.956531696421,2213.4193704277795,2430.0,482.0,70.0
B_rho060,8,BF,14,14,14,8441.045,333,14,1,1,B,16,0,0,,,6379.045072830996,4169.847874627743,2209.197198203252,1665.0,327.0,70.0
B_rho060,8,CF,14,14,14,8149.376,368,14,1,1,C,118,0,0,,,5882.3759021241995,3668.956531696421,2213.4193704277795,1840.0,357.0,70.0
B_rho060,8,D,14,14,14,8149.376,368,14,1,1,C,118,118,0,1540.5934724226272,1486.51477738579,5882.3759021241995,3668.956531696421,2213.4193704277795,1840.0,357.0,70.0
B_rho060,9,B,13,13,13,8792.042,417,13,1,1,B,0,0,0,,,6232.0423556298265,4092.8918807461496,2139.1504748836774,2085.0,410.0,65.0
B_rho060,9,C,13,13,13,8017.654,493,13,1,1,C,0,0,0,,,4998.65416916508,3659.6738423210677,1338.9803268440128,2465.0,489.0,65.0
B_rho060,9,BF,13,13,13,8600.042,385,13,1,1,B,32,0,0,,,6232.0423556298265,4092.8918807461496,2139.1504748836774,1925.0,378.0,65.0
B_rho060,9,CF,13,13,13,7305.654,375,13,1,1,C,118,0,0,,,4998.65416916508,3659.6738423210677,1338.9803268440128,1875.0,367.0,65.0
B_rho060,9,D,13,13,13,7305.654,375,13,1,1,C,118,118,0,1505.5725113591614,1493.377469120969,4998.65416916508,3659.6738423210677,1338.9803268440128,1875.0,367.0,65.0
B_rho060,10,B,11,11,11,8762.4,418,11,1,1,B,0,0,0,,,6207.399727168082,4124.3363131169235,2083.063414051157,2090.0,410.0,55.0
B_rho060,10,C,11,11,11,9208.054,571,11,1,1,C,0,0,0,,,5741.05393570821,3692.6065613168444,2048.4473743913663,2855.0,557.0,55.0
B_rho060,10,BF,11,11,11,8762.4,418,11,1,1,B,0,0,0,,,6207.399727168082,4124.3363131169235,2083.063414051157,2090.0,410.0,55.0
B_rho060,10,CF,11,11,11,8710.054,488,11,1,1,C,83,0,0,,,5741.05393570821,3692.6065613168444,2048.4473743913663,2440.0,474.0,55.0
B_rho060,10,D,11,11,11,8710.054,488,11,1,1,C,83,83,0,1520.4943745204491,1495.7444203199586,5741.05393570821,3692.6065613168444,2048.4473743913663,2440.0,474.0,55.0
B_rho060,11,B,11,11,11,8222.659,411,11,1,2,B,0,0,0,,,5708.658706916617,4090.315287478483,1618.3434194381362,2055.0,404.0,55.0
B_rho060,11,C,11,11,11,11670.056,714,11,1,2,C,0,0,0,,,7340.055704677437,3633.3443810217327,3706.7113236557075,3570.0,705.0,55.0
B_rho060,11,BF,11,11,11,8138.659,397,11,1,2,B,14,0,0,,,5708.658706916617,4090.315287478483,1618.3434194381362,1985.0,390.0,55.0
B_rho060,11,CF,11,11,11,10879.056,582,11,1,2,C,132,0,0,,,7340.055704677437,3633.3443810217327,3706.7113236557075,2910.0,574.0,55.0
B_rho060,11,D,11,11,11,10879.056,582,11,1,2,C,132,132,0,1520.1246489693635,1486.51477738579,7340.055704677437,3633.3443810217327,3706.7113236557075,2910.0,574.0,55.0
B_rho060,12,B,10,10,10,9387.608,439,10,1,1,B,0,0,0,,,6722.607946297285,4109.3440095642445,2613.263936733039,2195.0,420.0,50.0
B_rho060,12,C,10,10,10,8964.947,544,10,1,1,C,0,0,0,,,5675.947374265606,3680.5215100135147,1995.4258642520927,2720.0,519.0,50.0
B_rho060,12,BF,10,10,10,9211.608,409,10,1,1,B,30,0,0,,,6722.607946297285,4109.3440095642445,2613.263936733039,2045.0,394.0,50.0
B_rho060,12,CF,10,10,10,8603.947,484,10,1,1,C,60,0,0,,,5675.947374265606,3680.5215100135147,1995.4258642520927,2420.0,458.0,50.0
B_rho060,12,D,10,10,10,8603.947,484,10,1,1,C,60,60,0,1526.1060476059592,1497.3294074858436,5675.947374265606,3680.5215100135147,1995.4258642520927,2420.0,458.0,50.0
B_rho060,13,B,15,15,15,8996.868,409,15,1,1,B,0,0,0,,,6485.868050454775,4157.016611456061,2328.851438998714,2045.0,391.0,75.0
B_rho060,13,C,15,15,15,9899.974,657,15,1,1,C,0,0,0,,,5906.974216857333,3696.0523736239193,2210.921843233415,3285.0,633.0,75.0
B_rho060,13,BF,15,15,15,8696.868,359,15,1,1,B,50,0,0,,,6485.868050454775,4157.016611456061,2328.851438998714,1795.0,341.0,75.0
B_rho060,13,CF,15,15,15,8729.974,462,15,1,1,C,195,0,0,,,5906.974216857333,3696.0523736239193,2210.921843233415,2310.0,438.0,75.0
B_rho060,13,D,15,15,15,8729.974,462,15,1,1,C,195,195,0,1500.3721221902624,1495.543823920758,5906.974216857333,3696.0523736239193,2210.921843233415,2310.0,438.0,75.0
B_rho060,14,B,12,12,12,9045.273,387,12,1,3,B,0,0,0,,,6670.272798000674,4081.871979393182,2588.400818607494,1935.0,380.0,60.0
B_rho060,14,C,12,12,12,8965.525,514,12,1,3,C,0,0,0,,,5835.5252089280675,3708.3530978099025,2127.172111118167,2570.0,500.0,60.0
B_rho060,14,BF,12,12,12,8913.273,365,12,1,3,B,22,0,0,,,6670.272798000674,4081.871979393182,2588.400818607494,1825.0,358.0,60.0
B_rho060,14,CF,12,12,12,8334.525,409,12,1,3,C,105,0,0,,,5835.5252089280675,3708.3530978099025,2127.172111118167,2045.0,394.0,60.0
B_rho060,14,D,12,12,12,8334.525,409,12,1,3,C,105,105,0,1506.348900206018,1438.0745483426535,5835.5252089280675,3708.3530978099025,2127.172111118167,2045.0,394.0,60.0
B_rho060,15,B,13,13,13,9126.902,392,13,1,2,B,0,0,0,,,6718.901979633337,4137.87062261051,2581.0313570228273,1960.0,383.0,65.0
B_rho060,15,C,13,13,13,8203.793,465,13,1,2,C,0,0,0,,,5368.793110766,3678.575078495607,1690.2180322703932,2325.0,445.0,65.0
B_rho060,15,BF,13,13,13,9054.902,380,13,1,2,B,12,0,0,,,6718.901979633337,4137.87062261051,2581.0313570228273,1900.0,371.0,65.0
B_rho060,15,CF,13,13,13,7732.793,386,13,1,2,C,79,0,0,,,5368.793110766,3678.575078495607,1690.2180322703932,1930.0,369.0,65.0
B_rho060,15,D,13,13,13,7732.793,386,13,1,2,C,79,79,0,1540.5934724226295,1499.4847409392942,5368.793110766,3678.575078495607,1690.2180322703932,1930.0,369.0,65.0
B_rho060,16,B,12,12,12,8728.958,415,12,1,2,B,0,0,0,,,6194.958282652953,4092.2658530348526,2102.6924296180996,2075.0,399.0,60.0
B_rho060,16,C,12,12,12,8899.042,531,12,1,2,C,0,0,0,,,5661.0421643629625,3695.6697683352736,1965.3723960276875,2655.0,523.0,60.0
B_rho060,16,BF,12,12,12,8644.958,401,12,1,2,B,14,0,0,,,6194.958282652953,4092.2658530348526,2102.6924296180996,2005.0,385.0,60.0
B_rho060,16,CF,12,12,12,8046.042,389,12,1,2,C,142,0,0,,,5661.0421643629625,3695.6697683352736,1965.3723960276875,1945.0,380.0,60.0
B_rho060,16,D,12,12,12,8046.042,389,12,1,2,C,142,142,0,1506.3489002060173,1498.9050798103726,5661.0421643629625,3695.6697683352736,1965.3723960276875,1945.0,380.0,60.0
B_rho060,17,B,15,15,15,9600.791,389,15,1,5,B,0,0,0,,,7213.791114793616,4103.8156520238535,3109.975462769761,1945.0,367.0,75.0
B_rho060,17,C,15,15,15,8872.182,517,15,1,5,C,0,0,0,,,5708.181732353305,3640.0195107220807,2068.1622216312244,2585.0,504.0,75.0
B_rho060,17,BF,15,15,15,9504.791,373,15,1,5,B,16,0,0,,,7213.791114793616,4103.8156520238535,3109.975462769761,1865.0,351.0,75.0
B_rho060,17,CF,15,15,15,8472.182,450,15,1,5,C,67,0,0,,,5708.181732353305,3640.0195107220807,2068.1622216312244,2250.0,439.0,75.0
B_rho060,17,D,15,15,15,8472.182,450,15,1,5,C,67,67,0,1549.2142632373402,1437.6265192426104,5708.181732353305,3640.0195107220807,2068.1622216312244,2250.0,439.0,75.0
B_rho060,18,B,14,14,14,8430.924,336,14,1,0,B,0,0,0,,,6359.923914978946,4081.871979393182,2278.0519355857673,1680.0,321.0,70.0
B_rho060,18,C,14,14,14,9600.775,546,14,1,0,C,0,0,0,,,6260.775409538387,3683.880253145832,2576.895156392554,2730.0,540.0,70.0
B_rho060,18,BF,14,14,14,8430.924,336,14,1,0,B,0,0,0,,,6359.923914978946,4081.871979393182,2278.0519355857673,1680.0,321.0,70.0
B_rho060,18,CF,14,14,14,8894.775,429,14,1,0,C,117,0,0,,,6260.775409538387,3683.880253145832,2576.895156392554,2145.0,419.0,70.0
B_rho060,18,D,14,14,14,8430.924,336,14,1,0,B,0,0,0,,813.2841454859952,6359.923914978946,4081.871979393182,2278.0519355857673,1680.0,321.0,70.0
B_rho060,19,B,15,15,15,8711.754,350,15,1,3,B,0,0,0,,,6548.753930998628,4121.3157854198735,2427.4381455787534,1750.0,338.0,75.0
B_rho060,19,C,15,15,15,12203.013,767,15,1,3,C,0,0,0,,,7531.012631790449,3682.1394030606257,3848.8732287298258,3835.0,762.0,75.0
B_rho060,19,BF,15,15,15,8591.754,330,15,1,3,B,20,0,0,,,6548.753930998628,4121.3157854198735,2427.4381455787534,1650.0,318.0,75.0
B_rho060,19,CF,15,15,15,10695.013,517,15,1,3,C,250,0,0,,,7531.012631790449,3682.1394030606257,3848.8732287298258,2585.0,504.0,75.0
B_rho060,19,D,15,15,15,10695.013,517,15,1,3,C,250,250,0,1500.5789566033582,1499.7944237684997,7531.012631790449,3682.1394030606257,3848.8732287298258,2585.0,504.0,75.0
B_rho060,20,B,13,13,13,7829.71,350,13,1,0,B,0,0,0,,,5673.710074370263,4182.50576849648,1491.204305873785,1750.0,341.0,65.0
B_rho060,20,C,13,13,13,9384.449,550,13,1,0,C,0,0,0,,,6022.448502613615,3761.4954801398194,2260.953022473798,2750.0,547.0,65.0
B_rho060,20,BF,13,13,13,7829.71,350,13,1,0,B,0,0,0,,,5673.710074370263,4182.50576849648,1491.204305873785,1750.0,341.0,65.0
B_rho060,20,CF,13,13,13,8424.449,394,13,1,0,C,156,0,0,,,6022.448502613615,3761.4954801398194,2260.953022473798,1970.0,367.0,65.0
B_rho060,20,D,13,13,13,7829.71,350,13,1,0,B,0,0,0,,1147.165535974325,5673.710074370263,4182.50576849648,1491.204305873785,1750.0,341.0,65.0
B_rho060,21,B,12,12,12,9050.619,456,12,1,2,B,0,0,0,,,6266.619141210083,4085.896281040813,2180.722860169269,2280.0,444.0,60.0
B_rho060,21,C,12,12,12,9012.786,527,12,1,2,C,0,0,0,,,5799.786297932746,3732.906979879786,2066.8793180529597,2635.0,518.0,60.0
B_rho060,21,BF,12,12,12,8930.619,436,12,1,2,B,20,0,0,,,6266.619141210083,4085.896281040813,2180.722860169269,2180.0,424.0,60.0
B_rho060,21,CF,12,12,12,8351.786,417,12,1,2,C,110,0,0,,,5799.786297932746,3732.906979879786,2066.8793180529597,2085.0,407.0,60.0
B_rho060,21,D,12,12,12,8351.786,417,12,1,2,C,110,110,0,1540.5934724226292,1485.6823725986342,5799.786297932746,3732.906979879786,2066.8793180529597,2085.0,407.0,60.0
B_rho060,22,B,10,10,10,8379.422,444,10,1,0,B,0,0,0,,,5670.421618328194,4127.391783785743,1543.0298345424496,2220.0,439.0,50.0
B_rho060,22,C,10,10,10,9065.096,590,10,1,0,C,0,0,0,,,5481.095843428509,3643.9135892510726,1837.1822541774359,2950.0,584.0,50.0
B_rho060,22,BF,10,10,10,8283.422,428,10,1,0,B,16,0,0,,,5670.421618328194,4127.391783785743,1543.0298345424496,2140.0,423.0,50.0
B_rho060,22,CF,10,10,10,8497.096,496,10,1,0,C,94,0,0,,,5481.095843428509,3643.9135892510726,1837.1822541774359,2480.0,486.0,50.0
B_rho060,22,D,10,10,10,8283.422,428,10,1,0,B,16,16,0,1503.9066805420202,1400.349279265694,5670.421618328194,4127.391783785743,1543.0298345424496,2140.0,423.0,50.0
B_rho060,23,B,15,15,15,8922.596,379,15,1,4,B,0,0,0,,,6605.596156790629,4159.898107528615,2445.6980492620123,1895.0,347.0,75.0
B_rho060,23,C,15,15,15,8796.733,469,15,1,4,C,0,0,0,,,5926.732504840052,3651.1187987318135,2275.613706108244,2345.0,450.0,75.0
B_rho060,23,BF,15,15,15,8786.596,356,15,1,4,B,23,0,0,,,6605.596156790629,4159.898107528615,2445.6980492620123,1780.0,326.0,75.0
B_rho060,23,CF,15,15,15,8121.733,357,15,1,4,C,112,0,0,,,5926.732504840052,3651.1187987318135,2275.613706108244,1785.0,335.0,75.0
B_rho060,23,D,15,15,15,8121.733,357,15,1,4,C,112,112,0,1500.0448948923452,1493.851240591574,5926.732504840052,3651.1187987318135,2275.613706108244,1785.0,335.0,75.0
B_rho060,24,B,14,14,14,8624.841,353,14,1,2,B,0,0,0,,,6447.840702365794,4105.266083954083,2342.5746184117093,1765.0,342.0,70.0
B_rho060,24,C,14,14,14,10392.48,587,14,1,2,C,0,0,0,,,6807.479552747021,3721.4896573255037,3085.989895421518,2935.0,580.0,70.0
B_rho060,24,BF,14,14,14,8414.841,318,14,1,2,B,35,0,0,,,6447.840702365794,4105.266083954083,2342.5746184117093,1590.0,307.0,70.0
B_rho060,24,CF,14,14,14,9521.48,445,14,1,2,C,142,0,0,,,6807.479552747021,3721.4896573255037,3085.989895421518,2225.0,419.0,70.0
B_rho060,24,D,14,14,14,9521.48,445,14,1,2,C,142,142,0,1504.3500429929709,1486.5147773857884,6807.479552747021,3721.4896573255037,3085.989895421518,2225.0,419.0,70.0
B_rho060,25,B,14,14,14,8380.805,324,14,1,3,B,0,0,0,,,6370.804657576513,4112.860373594911,2257.944283981603,1620.0,320.0,70.0
B_rho060,25,C,14,14,14,9189.365,517,14,1,3,C,0,0,0,,,6021.365452102159,3632.4662295827043,2388.8992225194556,2585.0,513.0,70.0
B_rho060,25,BF,14,14,14,8332.805,316,14,1,3,B,8,0,0,,,6370.804657576513,4112.860373594911,2257.944283981603,1580.0,312.0,70.0
B_rho060,25,CF,14,14,14,8488.365,403,14,1,3,C,114,0,0,,,6021.365452102159,3632.4662295827043,2388.8992225194556,2015.0,382.0,70.0
B_rho060,25,D,14,14,14,8488.365,403,14,1,3,C,114,114,0,1501.7231384633092,1487.0682638986364,6021.365452102159,3632.4662295827043,2388.8992225194556,2015.0,382.0,70.0
B_rho060,26,B,13,13,13,8366.721,351,13,1,2,B,0,0,0,,,6207.721030673016,4083.8444808714257,2123.876549801592,1755.0,339.0,65.0
B_rho060,26,C,13,13,13,9408.125,560,13,1,2,C,0,0,0,,,5992.125299704924,3652.6816797877223,2339.443619917205,2800.0,551.0,65.0
B_rho060,26,BF,13,13,13,8318.721,343,13,1,2,B,8,0,0,,,6207.721030673016,4083.8444808714257,2123.876549801592,1715.0,331.0,65.0
B_rho060,26,CF,13,13,13,8660.125,435,13,1,2,C,125,0,0,,,5992.125299704924,3652.6816797877223,2339.443619917205,2175.0,428.0,65.0
B_rho060,26,D,13,13,13,8660.125,435,13,1,2,C,125,125,0,1506.348900206017,1493.7080756729438,5992.125299704924,3652.6816797877223,2339.443619917205,2175.0,428.0,65.0
B_rho060,27,B,11,11,11,9185.826,416,11,1,2,B,0,0,0,,,6655.826028726021,4098.522449849,2557.30357887702,2080.0,395.0,55.0
B_rho060,27,C,11,11,11,9038.216,510,11,1,2,C,0,0,0,,,5938.216058225152,3639.4654735165495,2298.7505847086013,2550.0,495.0,55.0
B_rho060,27,BF,11,11,11,9149.826,410,11,1,2,B,6,0,0,,,6655.826028726021,4098.522449849,2557.30357887702,2050.0,389.0,55.0
B_rho060,27,CF,11,11,11,8673.216,449,11,1,2,C,61,0,0,,,5938.216058225152,3639.4654735165495,2298.7505847086013,2245.0,435.0,55.0
B_rho060,27,D,11,11,11,8673.216,449,11,1,2,C,61,61,0,1580.6730373012388,1421.2209482460446,5938.216058225152,3639.4654735165495,2298.7505847086013,2245.0,435.0,55.0
B_rho060,28,B,14,14,14,9071.231,359,14,1,3,B,0,0,0,,,6881.230664324042,4088.6084583032234,2792.6222060208265,1795.0,325.0,70.0
B_rho060,28,C,14,14,14,8545.812,483,14,1,3,C,0,0,0,,,5580.812401776316,3678.770188738969,1902.0422130373474,2415.0,480.0,70.0
B_rho060,28,BF,14,14,14,9017.231,350,14,1,3,B,9,0,0,,,6881.230664324042,4088.6084583032234,2792.6222060208265,1750.0,316.0,70.0
B_rho060,28,CF,14,14,14,7894.812,376,14,1,3,C,107,0,0,,,5580.812401776316,3678.770188738969,1902.0422130373474,1880.0,364.0,70.0
B_rho060,28,D,14,14,14,7894.812,376,14,1,3,C,107,107,0,1507.3861950396333,1428.323045168439,5580.812401776316,3678.770188738969,1902.0422130373474,1880.0,364.0,70.0
B_rho060,29,B,10,10,10,9020.332,413,10,1,2,B,0,0,0,,,6504.332177942197,4081.871979393182,2422.4601985490153,2065.0,401.0,50.0
B_rho060,29,C,10,10,10,10571.646,668,10,1,2,C,0,0,0,,,6518.646398889976,3676.3554085145724,2842.2909903754016,3340.0,663.0,50.0
B_rho060,29,BF,10,10,10,8984.332,407,10,1,2,B,6,0,0,,,6504.332177942197,4081.871979393182,2422.4601985490153,2035.0,395.0,50.0
B_rho060,29,CF,10,10,10,9740.646,531,10,1,2,C,137,0,0,,,6518.646398889976,3676.3554085145724,2842.2909903754016,2655.0,517.0,50.0
B_rho060,29,D,10,10,10,9740.646,531,10,1,2,C,137,137,0,1540.5934724226297,1481.3444923495633,6518.646398889976,3676.3554085145724,2842.2909903754016,2655.0,517.0,50.0
B_rho060,30,B,14,14,14,8664.189,364,14,1,2,B,0,0,0,,,6417.189456369429,4100.006966832398,2317.1824895370296,1820.0,357.0,70.0
B_rho060,30,C,14,14,14,9119.509,510,14,1,2,C,0,0,0,,,5998.508693479878,3643.2074289557922,2355.301264524089,2550.0,501.0,70.0
B_rho060,30,BF,14,14,14,8580.189,350,14,1,2,B,14,0,0,,,6417.189456369429,4100.006966832398,2317.1824895370296,1750.0,343.0,70.0
B_rho060,30,CF,14,14,14,8507.509,408,14,1,2,C,102,0,0,,,5998.508693479878,3643.2074289557922,2355.301264524089,2040.0,399.0,70.0
B_rho060,30,D,14,14,14,8507.509,408,14,1,2,C,102,102,0,1506.3489002060176,1486.5147773857902,5998.508693479878,3643.2074289557922,2355.301264524089,2040.0,399.0,70.0
B_rho075,1,B,11,11,11,8357.872,432,11,1,2,B,0,0,0,,,5715.872410160186,4175.720452710527,1540.1519574496579,2160.0,427.0,55.0
B_rho075,1,C,11,11,11,10392.882,634,11,1,2,C,0,0,0,,,6547.881851980632,3633.284935016425,2914.59691696421,3170.0,620.0,55.0
B_rho075,1,BF,11,11,11,8183.872,403,11,1,2,B,29,0,0,,,5715.872410160186,4175.720452710527,1540.1519574496579,2015.0,398.0,55.0
B_rho075,1,CF,11,11,11,9773.882,531,11,1,2,C,103,0,0,,,6547.881851980632,3633.284935016425,2914.59691696421,2655.0,516.0,55.0
B_rho075,1,D,11,11,11,9773.882,531,11,1,2,C,103,103,0,1504.9789242397958,1485.2020657250073,6547.881851980632,3633.284935016425,2914.59691696421,2655.0,516.0,55.0
B_rho075,2,B,10,10,10,8141.813,420,10,1,1,B,0,0,0,,,5574.813223718238,4092.1821691890664,1482.6310545291717,2100.0,417.0,50.0
B_rho075,2,C,10,10,10,9339.803,562,10,1,1,C,0,0,0,,,5923.803325161778,3755.258991626364,2168.5443335354134,2810.0,556.0,50.0
B_rho075,2,BF,10,10,10,8141.813,420,10,1,1,B,0,0,0,,,5574.813223718238,4092.1821691890664,1482.6310545291717,2100.0,417.0,50.0
B_rho075,2,CF,10,10,10,8893.803,488,10,1,1,C,74,0,0,,,5923.803325161778,3755.258991626364,2168.5443335354134,2440.0,480.0,50.0
B_rho075,2,D,10,10,10,8893.803,488,10,1,1,C,74,74,0,1515.3747870334262,1495.3283416315542,5923.803325161778,3755.258991626364,2168.5443335354134,2440.0,480.0,50.0
B_rho075,3,B,10,10,10,8269.221,444,10,1,0,B,0,0,0,,,5563.220842747354,4122.325412908906,1440.8954298384492,2220.0,436.0,50.0
B_rho075,3,C,10,10,10,8373.267,526,10,1,0,C,0,0,0,,,5174.266844609279,3750.9800918997985,1423.286752709482,2630.0,519.0,50.0
B_rho075,3,BF,10,10,10,8269.221,444,10,1,0,B,0,0,0,,,5563.220842747354,4122.325412908906,1440.8954298384492,2220.0,436.0,50.0
B_rho075,3,CF,10,10,10,7864.267,443,10,1,0,C,83,0,0,,,5174.266844609279,3750.9800918997985,1423.286752709482,2215.0,425.0,50.0
B_rho075,3,D,10,10,10,8269.221,444,10,1,0,B,0,0,0,,792.4569637977283,5563.220842747354,4122.325412908906,1440.8954298384492,2220.0,436.0,50.0
B_rho075,4,B,11,11,11,8288.165,424,11,1,1,B,0,0,0,,,5701.1654033703035,4131.511519482192,1569.6538838881106,2120.0,412.0,55.0
B_rho075,4,C,11,11,11,10178.794,616,11,1,1,C,0,0,0,,,6434.793825894595,3654.8480352714596,2779.9457906231364,3080.0,609.0,55.0
B_rho075,4,BF,11,11,11,8211.165,411,11,1,1,B,13,0,0,,,5701.1654033703035,4131.511519482192,1569.6538838881106,2055.0,400.0,55.0
B_rho075,4,CF,11,11,11,9593.794,519,11,1,1,C,97,0,0,,,6434.793825894595,3654.8480352714596,2779.9457906231364,2595.0,509.0,55.0
B_rho075,4,D,11,11,11,9593.794,519,11,1,1,C,97,97,0,1531.350014384807,1496.050577755379,6434.793825894595,3654.8480352714596,2779.9457906231364,2595.0,509.0,55.0
B_rho075,5,B,11,11,11,8626.994,415,11,1,1,B,0,0,0,,,6088.994394417316,4081.871979393182,2007.122415024132,2075.0,408.0,55.0
B_rho075,5,C,11,11,11,8861.885,568,11,1,1,C,0,0,0,,,5400.88503199441,3698.9741789031323,1701.9108530912783,2840.0,566.0,55.0
B_rho075,5,BF,11,11,11,8482.994,391,11,1,1,B,24,0,0,,,6088.994394417316,4081.871979393182,2007.122415024132,1955.0,384.0,55.0
B_rho075,5,CF,11,11,11,8238.885,466,11,1,1,C,102,0,0,,,5400.88503199441,3698.9741789031323,1701.9108530912783,2330.0,453.0,55.0
B_rho075,5,D,11,11,11,8238.885,466,11,1,1,C,102,102,0,1559.3907844492123,1437.6265192426113,5400.88503199441,3698.9741789031323,1701.9108530912783,2330.0,453.0,55.0
B_rho075,6,B,15,15,15,9345.311,358,15,1,0,B,0,0,0,,,7141.31055185305,4098.209326380134,3043.101225472918,1790.0,339.0,75.0
B_rho075,6,C,15,15,15,10212.551,640,15,1,0,C,0,0,0,,,6314.551419516883,3685.4889284229203,2629.0624910939637,3200.0,623.0,75.0
B_rho075,6,BF,15,15,15,9345.311,358,15,1,0,B,0,0,0,,,7141.31055185305,4098.209326380134,3043.101225472918,1790.0,339.0,75.0
B_rho075,6,CF,15,15,15,8952.551,432,15,1,0,C,208,0,0,,,6314.551419516883,3685.4889284229203,2629.0624910939637,2160.0,403.0,75.0
B_rho075,6,D,15,15,15,9345.311,358,15,1,0,B,0,0,0,,1077.5651573405419,7141.31055185305,4098.209326380134,3043.101225472918,1790.0,339.0,75.0
B_rho075,7,B,11,11,11,8774.905,409,11,1,2,B,0,0,0,,,6274.905247136875,4096.00901810941,2178.8962290274662,2045.0,400.0,55.0
B_rho075,7,C,11,11,11,9078.491,538,11,1,2,C,0,0,0,,,5802.4910814509585,3647.6358770701104,2154.855204380847,2690.0,531.0,55.0
B_rho075,7,BF,11,11,11,8744.905,404,11,1,2,B,5,0,0,,,6274.905247136875,4096.00901810941,2178.8962290274662,2020.0,395.0,55.0
B_rho075,7,CF,11,11,11,8479.491,439,11,1,2,C,99,0,0,,,5802.4910814509585,3647.6358770701104,2154.855204380847,2195.0,427.0,55.0
B_rho075,7,D,11,11,11,8479.491,439,11,1,2,C,99,99,0,1506.3489002060182,1486.514777385791,5802.4910814509585,3647.6358770701104,2154.855204380847,2195.0,427.0,55.0
B_rho075,8,B,15,15,15,8468.851,334,15,1,2,B,0,0,0,,,6395.851314784992,4170.6014699105845,2225.249844874407,1670.0,328.0,75.0
B_rho075,8,C,15,15,15,11475.661,711,15,1,2,C,0,0,0,,,7143.661328057468,3678.92966831422,3464.731659743249,3555.0,702.0,75.0
B_rho075,8,BF,15,15,15,8468.851,334,15,1,2,B,0,0,0,,,6395.851314784992,4170.6014699105845,2225.249844874407,1670.0,328.0,75.0
B_rho075,8,CF,15,15,15,10200.661,500,15,1,2,C,211,0,0,,,7143.661328057468,3678.92966831422,3464.731659743249,2500.0,482.0,75.0
B_rho075,8,D,15,15,15,10200.661,500,15,1,2,C,211,211,0,1506.348900206017,1496.2064735517079,7143.661328057468,3678.92966831422,3464.731659743249,2500.0,482.0,75.0
B_rho075,9,B,14,14,14,9219.933,387,14,1,2,B,0,0,0,,,6841.932542487069,4096.636217259615,2745.2963252274553,1935.0,373.0,70.0
B_rho075,9,C,14,14,14,10153.699,587,14,1,2,C,0,0,0,,,6571.699130114242,3650.4181340968794,2921.2809960173618,2935.0,577.0,70.0
B_rho075,9,BF,14,14,14,9123.933,371,14,1,2,B,16,0,0,,,6841.932542487069,4096.636217259615,2745.2963252274553,1855.0,357.0,70.0
B_rho075,9,CF,14,14,14,9357.699,454,14,1,2,C,133,0,0,,,6571.699130114242,3650.4181340968794,2921.2809960173618,2270.0,446.0,70.0
B_rho075,9,D,14,14,14,9357.699,454,14,1,2,C,133,133,0,1504.8375948741598,1486.5147773857914,6571.699130114242,3650.4181340968794,2921.2809960173618,2270.0,446.0,70.0
B_rho075,10,B,10,10,10,8105.117,395,10,1,0,B,0,0,0,,,5687.11732810821,4120.5998682017935,1566.5174599064176,1975.0,393.0,50.0
B_rho075,10,C,10,10,10,8552.924,538,10,1,0,C,0,0,0,,,5285.924054801113,3727.8298015557302,1558.0942532453826,2690.0,527.0,50.0
B_rho075,10,BF,10,10,10,8015.117,380,10,1,0,B,15,0,0,,,5687.11732810821,4120.5998682017935,1566.5174599064176,1900.0,378.0,50.0
B_rho075,10,CF,10,10,10,7988.924,444,10,1,0,C,94,0,0,,,5285.924054801113,3727.8298015557302,1558.0942532453826,2220.0,433.0,50.0
B_rho075,10,D,10,10,10,8015.117,380,10,1,0,B,15,15,0,1602.050995493485,1360.5257592802373,5687.11732810821,4120.5998682017935,1566.5174599064176,1900.0,378.0,50.0
B_rho075,11,B,13,13,13,8615.509,372,13,1,0,B,0,0,0,,,6322.508821632876,4109.139605351575,2213.3692162812995,1860.0,368.0,65.0
B_rho075,11,C,13,13,13,9647.16,575,13,1,0,C,0,0,0,,,6143.160252853782,3685.824728934212,2457.335523919572,2875.0,564.0,65.0
B_rho075,11,BF,13,13,13,8531.509,358,13,1,0,B,14,0,0,,,6322.508821632876,4109.139605351575,2213.3692162812995,1790.0,354.0,65.0
B_rho075,11,CF,13,13,13,8671.16,417,13,1,0,C,158,0,0,,,6143.160252853782,3685.824728934212,2457.335523919572,2085.0,378.0,65.0
B_rho075,11,D,13,13,13,8531.509,358,13,1,0,B,14,14,0,1565.2407763247427,1418.8636359404734,6322.508821632876,4109.139605351575,2213.3692162812995,1790.0,354.0,65.0
B_rho075,12,B,13,13,13,9851.264,481,13,1,3,B,0,0,0,,,6916.263656879923,4104.970206652545,2811.2934502273783,2405.0,465.0,65.0
B_rho075,12,C,13,13,13,9625.407,597,13,1,3,C,0,0,0,,,5989.407126748536,3658.7462452304294,2330.66088151811,2985.0,586.0,65.0
B_rho075,12,BF,13,13,13,9714.264,458,13,1,3,B,23,0,0,,,6916.263656879923,4104.970206652545,2811.2934502273783,2290.0,443.0,65.0
B_rho075,12,CF,13,13,13,8873.407,472,13,1,3,C,125,0,0,,,5989.407126748536,3658.7462452304294,2330.66088151811,2360.0,459.0,65.0
B_rho075,12,D,13,13,13,8873.407,472,13,1,3,C,125,125,0,1500.6985449359602,1456.0308780364994,5989.407126748536,3658.7462452304294,2330.66088151811,2360.0,459.0,65.0
B_rho075,13,B,13,13,13,9200.061,392,13,1,1,B,0,0,0,,,6801.060954369751,4129.441299049452,2671.619655320302,1960.0,374.0,65.0
B_rho075,13,C,13,13,13,9125.676,542,13,1,1,C,0,0,0,,,5814.675870658426,3721.3759239911233,2093.299946667302,2710.0,536.0,65.0
B_rho075,13,BF,13,13,13,9104.061,376,13,1,1,B,16,0,0,,,6801.060954369751,4129.441299049452,2671.619655320302,1880.0,358.0,65.0
B_rho075,13,CF,13,13,13,8379.676,419,13,1,1,C,123,0,0,,,5814.675870658426,3721.3759239911233,2093.299946667302,2095.0,405.0,65.0
B_rho075,13,D,13,13,13,8379.676,419,13,1,1,C,123,123,0,1503.0310255404427,1486.7945280835336,5814.675870658426,3721.3759239911233,2093.299946667302,2095.0,405.0,65.0
B_rho075,14,B,14,14,14,8154.022,322,14,1,2,B,0,0,0,,,6158.022291616283,4151.9089059211165,2006.113385695166,1610.0,316.0,70.0
B_rho075,14,C,14,14,14,8394.887,484,14,1,2,C,0,0,0,,,5428.887354327546,3699.751574519913,1729.1357798076313,2420.0,476.0,70.0
B_rho075,14,BF,14,14,14,8154.022,322,14,1,2,B,0,0,0,,,6158.022291616283,4151.9089059211165,2006.113385695166,1610.0,316.0,70.0
B_rho075,14,CF,14,14,14,7741.887,376,14,1,2,C,108,0,0,,,5428.887354327546,3699.751574519913,1729.1357798076313,1880.0,363.0,70.0
B_rho075,14,D,14,14,14,7741.887,376,14,1,2,C,108,108,0,1506.348900206016,1486.514777385787,5428.887354327546,3699.751574519913,1729.1357798076313,1880.0,363.0,70.0
B_rho075,15,B,13,13,13,8801.598,387,13,1,1,B,0,0,0,,,6429.598499215454,4102.411672663059,2327.186826552396,1935.0,372.0,65.0
B_rho075,15,C,13,13,13,8971.517,507,13,1,1,C,0,0,0,,,5873.516704665536,3703.9929150577505,2169.5237896077856,2535.0,498.0,65.0
B_rho075,15,BF,13,13,13,8801.598,387,13,1,1,B,0,0,0,,,6429.598499215454,4102.411672663059,2327.186826552396,1935.0,372.0,65.0
B_rho075,15,CF,13,13,13,8411.517,414,13,1,1,C,93,0,0,,,5873.516704665536,3703.9929150577505,2169.5237896077856,2070.0,403.0,65.0
B_rho075,15,D,13,13,13,8411.517,414,13,1,1,C,93,93,0,1505.333701685437,1496.4195419582572,5873.516704665536,3703.9929150577505,2169.5237896077856,2070.0,403.0,65.0
B_rho075,16,B,12,12,12,8416.546,375,12,1,1,B,0,0,0,,,6116.545793929961,4129.404314670516,1987.1414792594437,1875.0,365.0,60.0
B_rho075,16,C,12,12,12,10005.428,576,12,1,1,C,0,0,0,,,6509.427701520151,3635.644071333328,2873.7836301868224,2880.0,556.0,60.0
B_rho075,16,BF,12,12,12,8416.546,375,12,1,1,B,0,0,0,,,6116.545793929961,4129.404314670516,1987.1414792594437,1875.0,365.0,60.0
B_rho075,16,CF,12,12,12,9342.428,466,12,1,1,C,110,0,0,,,6509.427701520151,3635.644071333328,2873.7836301868224,2330.0,443.0,60.0
B_rho075,16,D,12,12,12,9342.428,466,12,1,1,C,110,110,0,1506.3489002060176,1446.3802164363522,6509.427701520151,3635.644071333328,2873.7836301868224,2330.0,443.0,60.0
B_rho075,17,B,12,12,12,8726.427,395,12,1,1,B,0,0,0,,,6304.426884904875,4138.006382517451,2166.420502387426,1975.0,387.0,60.0
B_rho075,17,C,12,12,12,9326.364,551,12,1,1,C,0,0,0,,,5978.363982083366,3654.716972155365,2323.6470099280014,2755.0,533.0,60.0
B_rho075,17,BF,12,12,12,8630.427,379,12,1,1,B,16,0,0,,,6304.426884904875,4138.006382517451,2166.420502387426,1895.0,371.0,60.0
B_rho075,17,CF,12,12,12,8599.364,431,12,1,1,C,120,0,0,,,5978.363982083366,3654.716972155365,2323.6470099280014,2155.0,406.0,60.0
B_rho075,17,D,12,12,12,8599.364,431,12,1,1,C,120,120,0,1540.5934724226292,1486.514777385793,5978.363982083366,3654.716972155365,2323.6470099280014,2155.0,406.0,60.0
B_rho075,18,B,12,12,12,8034.332,343,12,1,1,B,0,0,0,,,5922.33194112356,4110.686325632988,1811.6456154905727,1715.0,337.0,60.0
B_rho075,18,C,12,12,12,10298.274,659,12,1,1,C,0,0,0,,,6287.274215825423,3673.84714496296,2613.427070862466,3295.0,656.0,60.0
B_rho075,18,BF,12,12,12,8034.332,343,12,1,1,B,0,0,0,,,5922.33194112356,4110.686325632988,1811.6456154905727,1715.0,337.0,60.0
B_rho075,18,CF,12,12,12,9325.274,498,12,1,1,C,161,0,0,,,6287.274215825423,3673.84714496296,2613.427070862466,2490.0,488.0,60.0
B_rho075,18,D,12,12,12,9325.274,498,12,1,1,C,161,161,0,1506.3489002060169,1486.5961036375384,6287.274215825423,3673.84714496296,2613.427070862466,2490.0,488.0,60.0
B_rho075,19,B,12,12,12,9015.504,448,12,1,1,B,0,0,0,,,6278.504422465308,4105.966546574527,2172.5378758907805,2240.0,437.0,60.0
B_rho075,19,C,12,12,12,9343.575,571,12,1,1,C,0,0,0,,,5860.575418613984,3700.646709602405,2159.928709011577,2855.0,568.0,60.0
B_rho075,19,BF,12,12,12,9015.504,448,12,1,1,B,0,0,0,,,6278.504422465308,4105.966546574527,2172.5378758907805,2240.0,437.0,60.0
B_rho075,19,CF,12,12,12,8465.575,425,12,1,1,C,146,0,0,,,5860.575418613984,3700.646709602405,2159.928709011577,2125.0,420.0,60.0
B_rho075,19,D,12,12,12,8465.575,425,12,1,1,C,146,146,0,1506.3489002060157,1417.6715389957621,5860.575418613984,3700.646709602405,2159.928709011577,2125.0,420.0,60.0
B_rho075,20,B,12,12,12,9072.748,415,12,1,2,B,0,0,0,,,6538.747562786447,4117.20719204911,2421.540370737336,2075.0,399.0,60.0
B_rho075,20,C,12,12,12,9390.683,571,12,1,2,C,0,0,0,,,5912.682977710974,3679.9247056957065,2232.7582720152673,2855.0,563.0,60.0
B_rho075,20,BF,12,12,12,9036.748,409,12,1,2,B,6,0,0,,,6538.747562786447,4117.20719204911,2421.540370737336,2045.0,393.0,60.0
B_rho075,20,CF,12,12,12,8458.683,417,12,1,2,C,154,0,0,,,5912.682977710974,3679.9247056957065,2232.7582720152673,2085.0,401.0,60.0
B_rho075,20,D,12,12,12,8458.683,417,12,1,2,C,154,154,0,1506.3489002060173,1495.3706210070225,5912.682977710974,3679.9247056957065,2232.7582720152673,2085.0,401.0,60.0
B_rho075,21,B,12,12,12,8606.074,397,12,1,2,B,0,0,0,,,6167.0737425415,4111.2175740658895,2055.85616847561,1985.0,394.0,60.0
B_rho075,21,C,12,12,12,9494.643,560,12,1,2,C,0,0,0,,,6080.643422517305,3632.3155343963113,2448.327888120993,2800.0,554.0,60.0
B_rho075,21,BF,12,12,12,8606.074,397,12,1,2,B,0,0,0,,,6167.0737425415,4111.2175740658895,2055.85616847561,1985.0,394.0,60.0
B_rho075,21,CF,12,12,12,8884.643,459,12,1,2,C,101,0,0,,,6080.643422517305,3632.3155343963113,2448.327888120993,2295.0,449.0,60.0
B_rho075,21,D,12,12,12,8884.643,459,12,1,2,C,101,101,0,1504.8920523378906,1475.6529340537738,6080.643422517305,3632.3155343963113,2448.327888120993,2295.0,449.0,60.0
B_rho075,22,B,14,14,14,8495.476,369,14,1,0,B,0,0,0,,,6220.476197871044,4103.991138611413,2116.485059259632,1845.0,360.0,70.0
B_rho075,22,C,14,14,14,9106.943,535,14,1,0,C,0,0,0,,,5833.942603216195,3721.734144592144,2112.2084586240508,2675.0,528.0,70.0
B_rho075,22,BF,14,14,14,8399.476,353,14,1,0,B,16,0,0,,,6220.476197871044,4103.991138611413,2116.485059259632,1765.0,344.0,70.0
B_rho075,22,CF,14,14,14,8394.943,417,14,1,0,C,118,0,0,,,5833.942603216195,3721.734144592144,2112.2084586240508,2085.0,406.0,70.0
B_rho075,22,D,14,14,14,8399.476,353,14,1,0,B,16,16,0,1600.6590810564544,1436.2196799230985,6220.476197871044,4103.991138611413,2116.485059259632,1765.0,344.0,70.0
B_rho075,23,B,10,10,10,9178.708,479,10,1,1,B,0,0,0,,,6262.707972851052,4110.62380784329,2152.0841650077614,2395.0,471.0,50.0
B_rho075,23,C,10,10,10,8370.255,526,10,1,1,C,0,0,0,,,5173.255277039928,3691.556201759164,1481.6990752807628,2630.0,517.0,50.0
B_rho075,23,BF,10,10,10,9106.708,467,10,1,1,B,12,0,0,,,6262.707972851052,4110.62380784329,2152.0841650077614,2335.0,459.0,50.0
B_rho075,23,CF,10,10,10,7886.255,445,10,1,1,C,81,0,0,,,5173.255277039928,3691.556201759164,1481.6990752807628,2225.0,438.0,50.0
B_rho075,23,D,10,10,10,7886.255,445,10,1,1,C,81,81,0,1506.3489002060173,1486.5147773857877,5173.255277039928,3691.556201759164,1481.6990752807628,2225.0,438.0,50.0
B_rho075,24,B,16,16,16,8597.153,359,16,1,2,B,0,0,0,,,6373.153258216411,3648.2445250470205,2724.9087331693977,1795.0,349.0,80.0
B_rho075,24,C,16,16,16,8867.639,505,16,1,2,C,0,0,0,,,5760.639178287159,3338.3003536601536,2422.338824627007,2525.0,502.0,80.0
B_rho075,24,BF,16,16,16,8415.153,329,16,1,2,B,30,0,0,,,6373.153258216411,3648.2445250470205,2724.9087331693977,1645.0,317.0,80.0
B_rho075,24,CF,16,16,16,8077.639,374,16,1,2,C,131,0,0,,,5760.639178287159,3338.3003536601536,2422.338824627007,1870.0,367.0,80.0
B_rho075,24,D,16,16,16,8077.639,374,16,1,2,C,131,131,0,1509.434940945781,1491.635710439212,5760.639178287159,3338.3003536601536,2422.338824627007,1870.0,367.0,80.0
B_rho075,25,B,12,12,12,8172.927,370,12,1,2,B,0,0,0,,,5899.926920948801,4127.902471660846,1772.0244492879551,1850.0,363.0,60.0
B_rho075,25,C,12,12,12,9996.102,609,12,1,2,C,0,0,0,,,6283.1023296391395,3646.004551841618,2637.0977777975254,3045.0,608.0,60.0
B_rho075,25,BF,12,12,12,8082.927,355,12,1,2,B,15,0,0,,,5899.926920948801,4127.902471660846,1772.0244492879551,1775.0,348.0,60.0
B_rho075,25,CF,12,12,12,8998.102,445,12,1,2,C,164,0,0,,,6283.1023296391395,3646.004551841618,2637.0977777975254,2225.0,430.0,60.0
B_rho075,25,D,12,12,12,8998.102,445,12,1,2,C,164,164,0,1504.0485247434783,1487.736938291059,6283.1023296391395,3646.004551841618,2637.0977777975254,2225.0,430.0,60.0
B_rho075,26,B,13,13,13,8553.939,349,13,1,2,B,0,0,0,,,6401.938502279476,4141.218416666566,2260.72008561291,1745.0,342.0,65.0
B_rho075,26,C,13,13,13,9161.137,546,13,1,2,C,0,0,0,,,5833.136681580653,3665.3562756264305,2167.780405954225,2730.0,533.0,65.0
B_rho075,26,BF,13,13,13,8487.939,338,13,1,2,B,11,0,0,,,6401.938502279476,4141.218416666566,2260.72008561291,1690.0,331.0,65.0
B_rho075,26,CF,13,13,13,8223.137,393,13,1,2,C,153,0,0,,,5833.136681580653,3665.3562756264305,2167.780405954225,1965.0,360.0,65.0
B_rho075,26,D,13,13,13,8223.137,393,13,1,2,C,153,153,0,1518.8362073410735,1486.5147773857914,5833.136681580653,3665.3562756264305,2167.780405954225,1965.0,360.0,65.0
B_rho075,27,B,13,13,13,8920.597,375,13,1,2,B,0,0,0,,,6621.5973532424305,4128.96471688722,2492.6326363552093,1875.0,359.0,65.0
B_rho075,27,C,13,13,13,10615.447,655,13,1,2,C,0,0,0,,,6626.447176125106,3727.548461462215,2898.898714662892,3275.0,649.0,65.0
B_rho075,27,BF,13,13,13,8920.597,375,13,1,2,B,0,0,0,,,6621.5973532424305,4128.96471688722,2492.6326363552093,1875.0,359.0,65.0
B_rho075,27,CF,13,13,13,9476.447,468,13,1,2,C,187,0,0,,,6626.447176125106,3727.548461462215,2898.898714662892,2340.0,445.0,65.0
B_rho075,27,D,13,13,13,9476.447,468,13,1,2,C,187,187,0,1503.8123963978912,1493.2259334405646,6626.447176125106,3727.548461462215,2898.898714662892,2340.0,445.0,65.0
B_rho075,28,B,14,14,14,8555.118,352,14,1,0,B,0,0,0,,,6378.117788208584,4119.20904355288,2258.908744655704,1760.0,347.0,70.0
B_rho075,28,C,14,14,14,8767.143,512,14,1,0,C,0,0,0,,,5631.143335413204,3679.4321788117218,1951.7111566014821,2560.0,506.0,70.0
B_rho075,28,BF,14,14,14,8555.118,352,14,1,0,B,0,0,0,,,6378.117788208584,4119.20904355288,2258.908744655704,1760.0,347.0,70.0
B_rho075,28,CF,14,14,14,7970.143,380,14,1,0,C,132,0,0,,,5631.143335413204,3679.4321788117218,1951.7111566014821,1900.0,369.0,70.0
B_rho075,28,D,14,14,14,8555.118,352,14,1,0,B,0,0,0,,1141.2148844010808,6378.117788208584,4119.20904355288,2258.908744655704,1760.0,347.0,70.0
B_rho075,29,B,14,14,14,9436.904,385,14,1,3,B,0,0,0,,,7092.903548241751,4207.558957532811,2885.344590708947,1925.0,349.0,70.0
B_rho075,29,C,14,14,14,9568.056,543,14,1,3,C,0,0,0,,,6246.056219880689,3680.224284151937,2565.8319357287514,2715.0,537.0,70.0
B_rho075,29,BF,14,14,14,9310.904,364,14,1,3,B,21,0,0,,,7092.903548241751,4207.558957532811,2885.344590708947,1820.0,328.0,70.0
B_rho075,29,CF,14,14,14,8629.056,389,14,1,3,C,154,0,0,,,6246.056219880689,3680.224284151937,2565.8319357287514,1945.0,368.0,70.0
B_rho075,29,D,14,14,14,8629.056,389,14,1,3,C,154,154,0,1502.6986309153594,1486.5147773857911,6246.056219880689,3680.224284151937,2565.8319357287514,1945.0,368.0,70.0
B_rho075,30,B,15,15,15,8466.177,352,15,1,0,B,0,0,0,,,6293.176973706152,4117.041890423155,2176.1350832829953,1760.0,338.0,75.0
B_rho075,30,C,15,15,15,10855.684,627,15,1,0,C,0,0,0,,,7019.684190378377,3684.621730172814,3335.0624602055655,3135.0,626.0,75.0
B_rho075,30,BF,15,15,15,8466.177,352,15,1,0,B,0,0,0,,,6293.176973706152,4117.041890423155,2176.1350832829953,1760.0,338.0,75.0
B_rho075,30,CF,15,15,15,9831.684,458,15,1,0,C,169,0,0,,,7019.684190378377,3684.621730172814,3335.0624602055655,2290.0,447.0,75.0
B_rho075,30,D,15,15,15,8466.177,352,15,1,0,B,0,0,0,,1412.2665146016664,6293.176973706152,4117.041890423155,2176.1350832829953,1760.0,338.0,75.0
B_rho100,1,B,13,13,13,8430.027,399,13,1,0,B,0,0,0,,,5975.02737467243,4093.3369169725715,1881.6904576998575,1995.0,395.0,65.0
B_rho100,1,C,13,13,13,10547.908,597,30,1,0,C,0,0,0,,,6882.907546704578,3682.312727638,3200.5948190665836,2985.0,564.0,116.0
B_rho100,1,BF,13,13,13,8430.027,399,13,1,0,B,0,0,0,,,5975.02737467243,4093.3369169725715,1881.6904576998575,1995.0,395.0,65.0
B_rho100,1,CF,13,13,13,9875.908,485,30,1,0,C,112,0,0,,,6882.907546704578,3682.312727638,3200.5948190665836,2425.0,452.0,116.0
B_rho100,1,D,13,13,13,8430.027,399,13,1,0,B,0,0,0,,1134.5857929475505,5975.02737467243,4093.3369169725715,1881.6904576998575,1995.0,395.0,65.0
B_rho100,2,B,10,10,10,8538.36,441,10,1,0,B,0,0,0,,,5855.359995990612,4099.472939175942,1755.8870568146715,2205.0,428.0,50.0
B_rho100,2,C,10,10,10,9102.74,587,10,1,0,C,0,0,0,,,5536.740220023306,3675.0460109246596,1861.6942090986465,2935.0,581.0,50.0
B_rho100,2,BF,10,10,10,8538.36,441,10,1,0,B,0,0,0,,,5855.359995990612,4099.472939175942,1755.8870568146715,2205.0,428.0,50.0
B_rho100,2,CF,10,10,10,8423.74,474,10,1,0,C,113,0,0,,,5536.740220023306,3675.0460109246596,1861.6942090986465,2370.0,467.0,50.0
B_rho100,2,D,10,10,10,8538.36,441,10,1,0,B,0,0,0,,792.4006515998848,5855.359995990612,4099.472939175942,1755.8870568146715,2205.0,428.0,50.0
B_rho100,3,B,15,15,15,8633.984,383,15,1,0,B,0,0,0,,,6268.983701972085,4114.516899491058,2154.466802481027,1915.0,375.0,75.0
B_rho100,3,C,15,15,15,9626.492,598,15,1,0,C,0,0,0,,,5968.492458831077,3656.316120797207,2312.1763380338684,2990.0,593.0,75.0
B_rho100,3,BF,15,15,15,8549.984,369,15,1,0,B,14,0,0,,,6268.983701972085,4114.516899491058,2154.466802481027,1845.0,361.0,75.0
B_rho100,3,CF,15,15,15,8721.492,449,15,1,0,C,149,0,0,,,5968.492458831077,3656.316120797207,2312.1763380338684,2245.0,433.0,75.0
B_rho100,3,D,15,15,15,8549.984,369,15,1,0,B,14,14,0,1549.053826037145,1401.7441059039743,6268.983701972085,4114.516899491058,2154.466802481027,1845.0,361.0,75.0
B_rho100,4,B,16,16,16,7974.244,348,16,1,0,B,0,0,0,,,5820.24442914966,3776.3392088756736,2043.9052202739865,1740.0,334.0,80.0
B_rho100,4,C,16,16,16,10337.444,683,16,1,0,C,0,0,0,,,6165.443960900087,3376.9540490724494,2788.489911827638,3415.0,677.0,80.0
B_rho100,4,BF,16,16,16,7974.244,348,16,1,0,B,0,0,0,,,5820.24442914966,3776.3392088756736,2043.9052202739865,1740.0,334.0,80.0
B_rho100,4,CF,16,16,16,9103.444,478,16,1,0,C,205,0,0,,,6165.443960900087,3376.9540490724494,2788.489911827638,2390.0,468.0,80.0
B_rho100,4,D,16,16,16,7974.244,348,16,1,0,B,0,0,0,,1125.643573656714,5820.24442914966,3776.3392088756736,2043.9052202739865,1740.0,334.0,80.0
B_rho100,5,B,14,14,14,8476.432,359,14,1,0,B,0,0,0,,,6260.431706923783,4107.09651251643,2153.335194407352,1795.0,351.0,70.0
B_rho100,5,C,14,14,14,9186.364,613,14,1,0,C,0,0,0,,,5441.364096087001,3704.099785217196,1737.2643108698073,3065.0,610.0,70.0
B_rho100,5,BF,14,14,14,8476.432,359,14,1,0,B,0,0,0,,,6260.431706923783,4107.09651251643,2153.335194407352,1795.0,351.0,70.0
B_rho100,5,CF,14,14,14,8049.364,425,14,1,0,C,188,0,0,,,5441.364096087001,3704.099785217196,1737.2643108698073,2125.0,413.0,70.0
B_rho100,5,D,14,14,14,8476.432,359,14,1,0,B,0,0,0,,1144.254223967109,6260.431706923783,4107.09651251643,2153.335194407352,1795.0,351.0,70.0
B_rho100,6,B,12,12,12,8914.385,433,12,1,0,B,0,0,0,,,6262.384995172181,4125.326535849239,2137.0584593229437,2165.0,427.0,60.0
B_rho100,6,C,12,12,12,11175.744,720,12,1,0,C,0,0,0,,,6806.743599430463,3677.7133202967484,3129.030279133717,3600.0,709.0,60.0
B_rho100,6,BF,12,12,12,8806.385,415,12,1,0,B,18,0,0,,,6262.384995172181,4125.326535849239,2137.0584593229437,2075.0,409.0,60.0
B_rho100,6,CF,12,12,12,9683.744,475,12,1,0,C,245,0,0,,,6806.743599430463,3677.7133202967484,3129.030279133717,2375.0,442.0,60.0
B_rho100,6,D,12,12,12,8806.385,415,12,1,0,B,18,18,0,1500.9895421894917,1365.9571737816757,6262.384995172181,4125.326535849239,2137.0584593229437,2075.0,409.0,60.0
B_rho100,7,B,15,15,15,8987.22,379,15,1,0,B,0,0,0,,,6654.219852841175,4096.632001163876,2557.587851677298,1895.0,363.0,75.0
B_rho100,7,C,15,15,15,9469.444,611,15,1,0,C,0,0,0,,,5732.44432633046,3720.595718270486,2011.8486080599735,3055.0,607.0,75.0
B_rho100,7,BF,15,15,15,8642.22,321,15,1,0,B,58,0,0,,,6654.219852841175,4096.632001163876,2557.587851677298,1605.0,308.0,75.0
B_rho100,7,CF,15,15,15,8255.444,410,15,1,0,C,201,0,0,,,5732.44432633046,3720.595718270486,2011.8486080599735,2050.0,398.0,75.0
B_rho100,7,D,15,15,15,8642.22,321,15,1,0,B,58,58,0,1531.3155939103399,1481.1961628455233,6654.219852841175,4096.632001163876,2557.587851677298,1605.0,308.0,75.0
B_rho100,8,B,16,16,16,8645.457,384,16,1,0,B,0,0,0,,,6268.457460480299,3635.529381304373,2632.9280791759275,1920.0,377.0,80.0
B_rho100,8,C,16,16,16,11667.669,851,16,1,0,C,0,0,0,,,6490.668582081561,3267.587335052465,3223.0812470290975,4255.0,842.0,80.0
B_rho100,8,BF,16,16,16,8537.457,366,16,1,0,B,18,0,0,,,6268.457460480299,3635.529381304373,2632.9280791759275,1830.0,359.0,80.0
B_rho100,8,CF,16,16,16,9345.669,465,16,1,0,C,386,0,0,,,6490.668582081561,3267.587335052465,3223.0812470290975,2325.0,450.0,80.0
B_rho100,8,D,16,16,16,8537.457,366,16,1,0,B,18,18,0,1567.2939744449834,1429.0140055059596,6268.457460480299,3635.529381304373,2632.9280791759275,1830.0,359.0,80.0
B_rho100,9,B,11,11,11,8187.613,399,11,1,0,B,0,0,0,,,5741.612657522116,4119.530995068505,1622.0816624536108,1995.0,396.0,55.0
B_rho100,9,C,11,11,11,11151.799,714,11,1,0,C,0,0,0,,,6824.799391961212,3661.104728988014,3163.6946629731983,3570.0,702.0,55.0
B_rho100,9,BF,11,11,11,8187.613,399,11,1,0,B,0,0,0,,,5741.612657522116,4119.530995068505,1622.0816624536108,1995.0,396.0,55.0
B_rho100,9,CF,11,11,11,10261.799,566,11,1,0,C,148,0,0,,,6824.799391961212,3661.104728988014,3163.6946629731983,2830.0,552.0,55.0
B_rho100,9,D,11,11,11,8187.613,399,11,1,0,B,0,0,0,,1102.0789061243245,5741.612657522116,4119.530995068505,1622.0816624536108,1995.0,396.0,55.0
B_rho100,10,B,11,11,11,8651.219,424,11,1,0,B,0,0,0,,,6063.218679864228,4190.942923113093,1872.2757567511362,2120.0,413.0,55.0
B_rho100,10,C,11,11,11,9130.16,570,11,1,0,C,0,0,0,,,5660.160322406327,3726.049056737689,1934.111265668639,2850.0,565.0,55.0
B_rho100,10,BF,11,11,11,8555.219,408,11,1,0,B,16,0,0,,,6063.218679864228,4190.942923113093,1872.2757567511362,2040.0,397.0,55.0
B_rho100,10,CF,11,11,11,8573.16,478,11,1,0,C,92,0,0,,,5660.160322406327,3726.049056737689,1934.111265668639,2390.0,468.0,55.0
B_rho100,10,D,11,11,11,8555.219,408,11,1,0,B,16,16,0,1523.1277476203054,1406.013643291676,6063.218679864228,4190.942923113093,1872.2757567511362,2040.0,397.0,55.0
B_rho100,11,B,10,10,10,8305.067,468,10,1,0,B,0,0,0,,,5450.067007417442,4127.811000889248,1322.256006528195,2340.0,465.0,50.0
B_rho100,11,C,10,10,10,9674.823,608,10,1,0,C,0,0,0,,,5995.82289255431,3657.4953335885994,2338.327558965712,3040.0,589.0,50.0
B_rho100,11,BF,10,10,10,8305.067,468,10,1,0,B,0,0,0,,,5450.067007417442,4127.811000889248,1322.256006528195,2340.0,465.0,50.0
B_rho100,11,CF,10,10,10,9161.823,523,10,1,0,C,85,0,0,,,5995.82289255431,3657.4953335885994,2338.327558965712,2615.0,501.0,50.0
B_rho100,11,D,10,10,10,8305.067,468,10,1,0,B,0,0,0,,1105.5567206884318,5450.067007417442,4127.811000889248,1322.256006528195,2340.0,465.0,50.0
B_rho100,12,B,15,15,15,8128.439,359,15,1,0,B,0,0,0,,,5907.438816044745,4125.962883793923,1781.475932250824,1795.0,351.0,75.0
B_rho100,12,C,15,15,15,9314.529,591,15,1,0,C,0,0,0,,,5701.528902753015,3712.8125918130154,1988.7163109400014,2955.0,583.0,75.0
B_rho100,12,BF,15,15,15,8050.439,346,15,1,0,B,13,0,0,,,5907.438816044745,4125.962883793923,1781.475932250824,1730.0,338.0,75.0
B_rho100,12,CF,15,15,15,8309.529,424,15,1,0,C,167,0,0,,,5701.528902753015,3712.8125918130154,1988.7163109400014,2120.0,413.0,75.0
B_rho100,12,D,15,15,15,8050.439,346,15,1,0,B,13,13,0,1514.9832074071414,1448.029952922229,5907.438816044745,4125.962883793923,1781.475932250824,1730.0,338.0,75.0
B_rho100,13,B,15,15,15,8793.409,383,15,1,0,B,0,0,0,,,6430.409214071957,4100.017495575853,2330.3917184961047,1915.0,373.0,75.0
B_rho100,13,C,15,15,15,9799.133,618,15,1,0,C,0,0,0,,,6020.1330742063265,3728.9813803208253,2291.1516938855043,3090.0,614.0,75.0
B_rho100,13,BF,15,15,15,8709.409,369,15,1,0,B,14,0,0,,,6430.409214071957,4100.017495575853,2330.3917184961047,1845.0,359.0,75.0
B_rho100,13,CF,15,15,15,8670.133,431,15,1,0,C,187,0,0,,,6020.1330742063265,3728.9813803208253,2291.1516938855043,2155.0,420.0,75.0
B_rho100,13,D,15,15,15,8709.409,369,15,1,0,B,14,14,0,1533.2495887082057,1355.3528770538558,6430.409214071957,4100.017495575853,2330.3917184961047,1845.0,359.0,75.0
B_rho100,14,B,16,16,16,8701.867,420,16,1,0,B,0,0,0,,,6108.8670476220595,3796.647671160059,2312.219376462001,2100.0,413.0,80.0
B_rho100,14,C,16,16,16,10801.185,665,16,1,0,C,0,0,0,,,6747.185368943727,3679.8300191251537,3067.3553498185743,3325.0,649.0,80.0
B_rho100,14,BF,16,16,16,8701.867,420,16,1,0,B,0,0,0,,,6108.8670476220595,3796.647671160059,2312.219376462001,2100.0,413.0,80.0
B_rho100,14,CF,16,16,16,9708.185,485,16,1,0,C,180,0,0,,,6747.185368943727,3679.8300191251537,3067.3553498185743,2425.0,456.0,80.0
B_rho100,14,D,16,16,16,8701.867,420,16,1,0,B,0,0,0,,1091.6056580494233,6108.8670476220595,3796.647671160059,2312.219376462001,2100.0,413.0,80.0
B_rho100,15,B,11,11,11,8724.266,425,11,1,0,B,0,0,0,,,6125.266280024593,4099.854686093421,2025.4115939311716,2125.0,419.0,55.0
B_rho100,15,C,11,11,11,9671.858,627,11,1,0,C,0,0,0,,,5861.858175720825,3706.564156484223,2155.2940192366036,3135.0,620.0,55.0
B_rho100,15,BF,11,11,11,8640.266,411,11,1,0,B,14,0,0,,,6125.266280024593,4099.854686093421,2025.4115939311716,2055.0,405.0,55.0
B_rho100,15,CF,11,11,11,8820.858,487,11,1,0,C,140,0,0,,,5861.858175720825,3706.564156484223,2155.2940192366036,2435.0,469.0,55.0
B_rho100,15,D,11,11,11,8640.266,411,11,1,0,B,14,14,0,1577.8692129804588,1465.562777930548,6125.266280024593,4099.854686093421,2025.4115939311716,2055.0,405.0,55.0
B_rho100,16,B,16,16,16,7741.904,360,16,1,0,B,0,0,0,,,5505.903682828191,3453.32770028067,2052.5759825475225,1800.0,356.0,80.0
B_rho100,16,C,16,16,16,9013.204,540,16,1,0,C,0,0,0,,,5697.204002458278,3610.5865718912833,2086.617430566997,2700.0,536.0,80.0
B_rho100,16,BF,16,16,16,7715.904,356,16,1,0,B,4,0,0,,,5505.903682828191,3453.32770028067,2052.5759825475225,1780.0,350.0,80.0
B_rho100,16,CF,16,16,16,8178.204,402,16,1,0,C,138,0,0,,,5697.204002458278,3610.5865718912833,2086.617430566997,2010.0,391.0,80.0
B_rho100,16,D,16,16,16,7715.904,356,16,1,0,B,4,4,0,1531.8221736132907,1392.7086605004142,5505.903682828191,3453.32770028067,2052.5759825475225,1780.0,350.0,80.0
B_rho100,17,B,13,13,13,8914.35,405,13,1,0,B,0,0,0,,,6437.349882411881,4143.699544668812,2293.6503377430713,2025.0,387.0,65.0
B_rho100,17,C,13,13,13,10148.306,581,13,1,0,C,0,0,0,,,6603.3057899122105,3695.7353240824623,2907.570465829748,2905.0,575.0,65.0
B_rho100,17,BF,13,13,13,8904.35,403,13,1,0,B,2,0,0,,,6437.349882411881,4143.699544668812,2293.6503377430713,2015.0,387.0,65.0
B_rho100,17,CF,13,13,13,9409.306,460,13,1,0,C,121,0,0,,,6603.3057899122105,3695.7353240824623,2907.570465829748,2300.0,441.0,65.0
B_rho100,17,D,13,13,13,8904.35,403,13,1,0,B,2,2,0,1546.6367133407032,1161.3914507575505,6437.349882411881,4143.699544668812,2293.6503377430713,2015.0,387.0,65.0
B_rho100,18,B,15,15,15,8298.511,381,15,1,0,B,0,0,0,,,5942.510587339668,4158.495957344353,1784.014629995314,1905.0,376.0,75.0
B_rho100,18,C,15,15,15,10000.521,621,15,1,0,C,0,0,0,,,6219.521462023732,3698.4234025159717,2521.09805950776,3105.0,601.0,75.0
B_rho100,18,BF,15,15,15,8214.511,367,15,1,0,B,14,0,0,,,5942.510587339668,4158.495957344353,1784.014629995314,1835.0,362.0,75.0
B_rho100,18,CF,15,15,15,9171.521,483,15,1,0,C,138,0,0,,,6219.521462023732,3698.4234025159717,2521.09805950776,2415.0,462.0,75.0
B_rho100,18,D,15,15,15,8214.511,367,15,1,0,B,14,14,0,1543.2893041753755,1237.8207720861233,5942.510587339668,4158.495957344353,1784.014629995314,1835.0,362.0,75.0
B_rho100,19,B,12,12,12,8498.566,443,12,1,0,B,0,0,0,,,5789.56560992737,4086.3095260546247,1703.2560838727445,2215.0,434.0,60.0
B_rho100,19,C,12,12,12,8542.749,575,12,1,0,C,0,0,0,,,5040.74903088898,3694.2913705160668,1346.457660372913,2875.0,567.0,60.0
B_rho100,19,BF,12,12,12,8498.566,443,12,1,0,B,0,0,0,,,5789.56560992737,4086.3095260546247,1703.2560838727445,2215.0,434.0,60.0
B_rho100,19,CF,12,12,12,8041.749,492,12,1,0,C,83,0,0,,,5040.74903088898,3694.2913705160668,1346.457660372913,2460.0,481.0,60.0
B_rho100,19,D,12,12,12,8498.566,443,12,1,0,B,0,0,0,,815.5563501121248,5789.56560992737,4086.3095260546247,1703.2560838727445,2215.0,434.0,60.0
B_rho100,20,B,12,12,12,8704.784,400,12,1,0,B,0,0,0,,,6253.784370473437,4145.003822602202,2108.7805478712344,2000.0,391.0,60.0
B_rho100,20,C,12,12,12,9347.84,560,12,1,0,C,0,0,0,,,5933.83995442144,3731.5164876929734,2202.323466728468,2800.0,554.0,60.0
B_rho100,20,BF,12,12,12,8704.784,400,12,1,0,B,0,0,0,,,6253.784370473437,4145.003822602202,2108.7805478712344,2000.0,391.0,60.0
B_rho100,20,CF,12,12,12,8719.84,458,12,1,0,C,102,0,0,,,5933.83995442144,3731.5164876929734,2202.323466728468,2290.0,436.0,60.0
B_rho100,20,D,12,12,12,8704.784,400,12,1,0,B,0,0,0,,1106.259659897092,6253.784370473437,4145.003822602202,2108.7805478712344,2000.0,391.0,60.0
B_rho100,21,B,14,14,14,8518.193,407,14,1,0,B,0,0,0,,,6013.192980078892,4114.440808654602,1898.7521714242916,2035.0,400.0,70.0
B_rho100,21,C,14,14,14,9404.051,630,14,1,0,C,0,0,0,,,5558.050549310993,3701.860043321893,1856.190505989102,3150.0,626.0,70.0
B_rho100,21,BF,14,14,14,8518.193,407,14,1,0,B,0,0,0,,,6013.192980078892,4114.440808654602,1898.7521714242916,2035.0,400.0,70.0
B_rho100,21,CF,14,14,14,8469.051,476,14,1,0,C,154,0,0,,,5558.050549310993,3701.860043321893,1856.190505989102,2380.0,461.0,70.0
B_rho100,21,D,14,14,14,8518.193,407,14,1,0,B,0,0,0,,815.5563501121243,6013.192980078892,4114.440808654602,1898.7521714242916,2035.0,400.0,70.0
B_rho100,22,B,11,11,11,8212.367,399,11,1,0,B,0,0,0,,,5766.36672130242,4105.290495531991,1661.07622577043,1995.0,396.0,55.0
B_rho100,22,C,11,11,11,11826.288,716,11,1,0,C,0,0,0,,,7505.288140244789,3664.246810253857,3841.0413299909337,3580.0,686.0,55.0
B_rho100,22,BF,11,11,11,8212.367,399,11,1,0,B,0,0,0,,,5766.36672130242,4105.290495531991,1661.07622577043,1995.0,396.0,55.0
B_rho100,22,CF,11,11,11,10969.288,575,11,1,0,C,141,0,0,,,7505.288140244789,3664.246810253857,3841.0413299909337,2875.0,534.0,55.0
B_rho100,22,D,11,11,11,8212.367,399,11,1,0,B,0,0,0,,780.6120162576599,5766.36672130242,4105.290495531991,1661.07622577043,1995.0,396.0,55.0
B_rho100,23,B,11,11,11,9438.18,476,11,1,0,B,0,0,0,,,6555.180199792618,4100.121702173258,2455.058497619358,2380.0,448.0,55.0
B_rho100,23,C,11,11,11,9719.616,601,11,1,0,C,0,0,0,,,6063.616451844388,3683.289306900996,2380.3271449433933,3005.0,596.0,55.0
B_rho100,23,BF,11,11,11,9367.18,464,11,1,0,B,12,0,0,,,6555.180199792618,4100.121702173258,2455.058497619358,2320.0,437.0,55.0
B_rho100,23,CF,11,11,11,9098.616,498,11,1,0,C,103,0,0,,,6063.616451844388,3683.289306900996,2380.3271449433933,2490.0,490.0,55.0
B_rho100,23,D,11,11,11,9367.18,464,11,1,0,B,12,12,0,1548.4020595031445,1196.1829804168235,6555.180199792618,4100.121702173258,2455.058497619358,2320.0,437.0,55.0
B_rho100,24,B,16,16,16,7103.535,289,16,1,0,B,0,0,0,,,5304.534775222167,3060.6135131197925,2243.921262102376,1445.0,274.0,80.0
B_rho100,24,C,16,16,16,10645.68,715,16,1,0,C,0,0,0,,,6280.679782431224,3683.425396759741,2597.2543856714833,3575.0,710.0,80.0
B_rho100,24,BF,16,16,16,7103.535,289,16,1,0,B,0,0,0,,,5304.534775222167,3060.6135131197925,2243.921262102376,1445.0,274.0,80.0
B_rho100,24,CF,16,16,16,9283.68,490,16,1,0,C,225,0,0,,,6280.679782431224,3683.425396759741,2597.2543856714833,2450.0,473.0,80.0
B_rho100,24,D,16,16,16,7103.535,289,16,1,0,B,0,0,0,,754.6078682801548,5304.534775222167,3060.6135131197925,2243.921262102376,1445.0,274.0,80.0
B_rho100,25,B,16,16,16,8116.887,333,16,1,0,B,0,0,0,,,6045.887088626173,3997.319483510307,2048.567605115866,1665.0,326.0,80.0
B_rho100,25,C,16,16,16,10885.964,845,16,1,0,C,0,0,0,,,5737.964447520312,2745.299191196131,2992.665256324184,4225.0,843.0,80.0
B_rho100,25,BF,16,16,16,8116.887,333,16,1,0,B,0,0,0,,,6045.887088626173,3997.319483510307,2048.567605115866,1665.0,326.0,80.0
B_rho100,25,CF,16,16,16,8598.964,467,16,1,0,C,378,0,0,,,5737.964447520312,2745.299191196131,2992.665256324184,2335.0,446.0,80.0
B_rho100,25,D,16,16,16,8116.887,333,16,1,0,B,0,0,0,,788.7054159803465,6045.887088626173,3997.319483510307,2048.567605115866,1665.0,326.0,80.0
B_rho100,26,B,15,15,15,8376.709,368,15,1,0,B,0,0,0,,,6096.709349337188,4101.192513443693,1995.5168358934955,1840.0,365.0,75.0
B_rho100,26,C,15,15,15,9418.969,581,15,1,0,C,0,0,0,,,5863.968868265315,3682.6148535771354,2181.3540146881796,2905.0,575.0,75.0
B_rho100,26,BF,15,15,15,8376.709,368,15,1,0,B,0,0,0,,,6096.709349337188,4101.192513443693,1995.5168358934955,1840.0,365.0,75.0
B_rho100,26,CF,15,15,15,8407.969,413,15,1,0,C,168,0,0,,,5863.968868265315,3682.6148535771354,2181.3540146881796,2065.0,404.0,75.0
B_rho100,26,D,15,15,15,8376.709,368,15,1,0,B,0,0,0,,1021.0701907148472,6096.709349337188,4101.192513443693,1995.5168358934955,1840.0,365.0,75.0
B_rho100,27,B,15,15,15,8491.443,371,15,1,0,B,0,0,0,,,6192.443089856582,4089.554397848313,2102.888692008269,1855.0,369.0,75.0
B_rho100,27,C,15,15,15,10735.393,698,15,1,0,C,0,0,0,,,6475.392766612274,3707.4381955960494,2767.9545710162256,3490.0,695.0,75.0
B_rho100,27,BF,15,15,15,8491.443,371,15,1,0,B,0,0,0,,,6192.443089856582,4089.554397848313,2102.888692008269,1855.0,369.0,75.0
B_rho100,27,CF,15,15,15,9472.393,489,15,1,0,C,209,0,0,,,6475.392766612274,3707.4381955960494,2767.9545710162256,2445.0,477.0,75.0
B_rho100,27,D,15,15,15,8491.443,371,15,1,0,B,0,0,0,,1155.847764005226,6192.443089856582,4089.554397848313,2102.888692008269,1855.0,369.0,75.0
B_rho100,28,B,16,16,16,8309.175,371,16,1,0,B,0,0,0,,,6011.174829561145,3820.79741897455,2190.3774105865955,1855.0,363.0,80.0
B_rho100,28,C,16,16,16,10690.555,671,16,1,0,C,0,0,0,,,6590.55504634466,3394.8657022878347,3195.689344056827,3355.0,665.0,80.0
B_rho100,28,BF,16,16,16,8309.175,371,16,1,0,B,0,0,0,,,6011.174829561145,3820.79741897455,2190.3774105865955,1855.0,363.0,80.0
B_rho100,28,CF,16,16,16,9491.555,473,16,1,0,C,198,0,0,,,6590.55504634466,3394.8657022878347,3195.689344056827,2365.0,456.0,80.0
B_rho100,28,D,16,16,16,8309.175,371,16,1,0,B,0,0,0,,747.5644937250539,6011.174829561145,3820.79741897455,2190.3774105865955,1855.0,363.0,80.0
B_rho100,29,B,10,10,10,8187.58,458,10,1,0,B,0,0,0,,,5390.580194499258,4173.843496271922,1216.7366982273363,2290.0,457.0,50.0
B_rho100,29,C,10,10,10,8563.139,562,10,1,0,C,0,0,0,,,5142.139141797545,3706.8353632546186,1435.3037785429258,2810.0,561.0,50.0
B_rho100,29,BF,10,10,10,8187.58,458,10,1,0,B,0,0,0,,,5390.580194499258,4173.843496271922,1216.7366982273363,2290.0,457.0,50.0
B_rho100,29,CF,10,10,10,7890.139,450,10,1,0,C,112,0,0,,,5142.139141797545,3706.8353632546186,1435.3037785429258,2250.0,448.0,50.0
B_rho100,29,D,10,10,10,8187.58,458,10,1,0,B,0,0,0,,789.0857254109796,5390.580194499258,4173.843496271922,1216.7366982273363,2290.0,457.0,50.0
B_rho100,30,B,10,10,10,8855.949,444,10,1,0,B,0,0,0,,,6170.949109916789,4180.765378932247,1990.1837309845403,2220.0,415.0,50.0
B_rho100,30,C,10,10,10,10027.609,612,10,1,0,C,0,0,0,,,6319.609417876184,3642.7045375510556,2676.904880325127,3060.0,598.0,50.0
B_rho100,30,BF,10,10,10,8855.949,444,10,1,0,B,0,0,0,,,6170.949109916789,4180.765378932247,1990.1837309845403,2220.0,415.0,50.0
B_rho100,30,CF,10,10,10,9280.609,490,10,1,0,C,122,0,0,,,6319.609417876184,3642.7045375510556,2676.904880325127,2450.0,461.0,50.0
B_rho100,30,D,10,10,10,8855.949,444,10,1,0,B,0,0,0,,1022.5314215707532,6170.949109916789,4180.765378932247,1990.1837309845403,2220.0,415.0,50.0
C_rim_outward,1,BF,16,16,16,8473.507,406,16,1,0,B,69,0,0,,,5969.507275615335,3983.569623088957,1985.9376525263783,2030.0,394.0,80.0
C_rim_outward,1,CF,16,16,16,9017.715,461,16,1,0,C,187,0,0,,,6173.715198533727,3500.2026068120317,2673.512591721695,2305.0,459.0,80.0
C_rim_outward,1,D,16,16,16,8473.507,406,16,1,0,B,69,69,0,1511.734733660947,1469.6947414897961,5969.507275615335,3983.569623088957,1985.9376525263783,2030.0,394.0,80.0
C_rim_outward,2,BF,16,16,16,8534.834,380,16,1,0,B,37,0,0,,,6189.833905303823,3875.7322570886226,2314.1016482152013,1900.0,365.0,80.0
C_rim_outward,2,CF,16,16,16,10445.071,509,16,1,0,C,254,0,0,,,7335.070973864995,3690.6107640471687,3644.460209817826,2545.0,485.0,80.0
C_rim_outward,2,D,16,16,16,8534.834,380,16,1,0,B,37,37,0,1594.4425230650413,1425.5808395260524,6189.833905303823,3875.7322570886226,2314.1016482152013,1900.0,365.0,80.0
C_rim_outward,3,BF,16,16,16,8880.229,391,16,1,0,B,52,0,0,,,6471.228737098668,4013.8502309424234,2457.3785061562467,1955.0,374.0,80.0
C_rim_outward,3,CF,16,16,16,10240.061,542,16,1,0,C,278,0,0,,,6921.060618572365,3672.3626504212266,3248.697968151143,2710.0,529.0,80.0
C_rim_outward,3,D,16,16,16,8880.229,391,16,1,0,B,52,52,0,1517.8207604434651,1481.84019446498,6471.228737098668,4013.8502309424234,2457.3785061562467,1955.0,374.0,80.0
C_rim_outward,4,BF,16,16,16,9659.455,394,16,1,0,B,105,0,0,,,7245.454569577617,3988.0828310456645,3257.3717385319524,1970.0,364.0,80.0
C_rim_outward,4,CF,16,16,16,8802.164,476,16,1,0,C,176,0,0,,,5887.163791841632,3331.466632106437,2555.6971597351953,2380.0,455.0,80.0
C_rim_outward,4,D,16,16,16,9659.455,394,16,1,0,B,105,105,0,1501.1538442066487,1467.2215630762819,7245.454569577617,3988.0828310456645,3257.3717385319524,1970.0,364.0,80.0
C_rim_outward,5,BF,16,16,16,9105.43,424,16,1,0,B,75,0,0,,,6500.430316261401,3637.1649912505873,2863.265325010815,2120.0,405.0,80.0
C_rim_outward,5,CF,16,16,16,11827.739,599,16,1,0,C,390,0,0,,,8171.738509167711,3718.8072164048685,4452.931292762847,2995.0,581.0,80.0
C_rim_outward,5,D,16,16,16,9105.43,424,16,1,0,B,75,75,0,1501.8822419569308,1487.5697664760012,6500.430316261401,3637.1649912505873,2863.265325010815,2120.0,405.0,80.0
C_rim_outward,6,BF,16,16,16,10100.837,406,16,1,0,B,50,0,0,,,7632.836977480136,3434.299610755169,4198.537366724968,2030.0,358.0,80.0
C_rim_outward,6,CF,16,16,16,10134.045,517,16,1,0,C,264,0,0,,,6968.044872813232,3647.243117185803,3320.801755627431,2585.0,501.0,80.0
C_rim_outward,6,D,16,16,16,10100.837,406,16,1,0,B,50,50,0,1601.3821101592346,1499.4082647644138,7632.836977480136,3434.299610755169,4198.537366724968,2030.0,358.0,80.0
C_rim_outward,7,BF,16,16,16,8432.47,367,16,1,0,B,0,0,0,,,6167.4696693874885,3790.7738651586355,2376.69580422885,1835.0,350.0,80.0
C_rim_outward,7,CF,16,16,16,9696.108,458,16,1,0,C,181,0,0,,,6882.108118328156,3529.215817356409,3352.8923009717455,2290.0,444.0,80.0
C_rim_outward,7,D,16,16,16,8432.47,367,16,1,0,B,0,0,0,,860.6166654756448,6167.4696693874885,3790.7738651586355,2376.69580422885,1835.0,350.0,80.0
C_rim_outward,8,BF,16,16,16,9625.08,438,16,1,0,B,20,0,0,,,6936.079712355006,3776.2741630657356,3159.8055492892713,2190.0,419.0,80.0
C_rim_outward,8,CF,16,16,16,9873.451,531,16,1,0,C,161,0,0,,,6635.450577347926,3536.905360654463,3098.5452166934633,2655.0,503.0,80.0
C_rim_outward,8,D,16,16,16,9625.08,438,16,1,0,B,20,20,0,1572.693421732741,1296.002653976214,6936.079712355006,3776.2741630657356,3159.8055492892713,2190.0,419.0,80.0
C_rim_outward,9,BF,16,16,16,8432.93,370,16,1,0,B,30,0,0,,,6158.929808049941,3853.0805581853706,2305.84924986457,1850.0,344.0,80.0
C_rim_outward,9,CF,16,16,16,10727.621,522,16,1,0,C,293,0,0,,,7546.621381235469,3664.9981701221245,3881.623211113344,2610.0,491.0,80.0
C_rim_outward,9,D,16,16,16,8432.93,370,16,1,0,B,30,30,0,1505.3574978051313,1494.432552540453,6158.929808049941,3853.0805581853706,2305.84924986457,1850.0,344.0,80.0
C_rim_outward,10,BF,16,16,16,7844.543,309,16,1,0,B,0,0,0,,,5916.542685269907,3992.8398660365156,1923.702819233392,1545.0,303.0,80.0
C_rim_outward,10,CF,16,16,16,10286.181,488,16,1,0,C,270,0,0,,,7300.181476232475,3584.4912368129326,3715.690239419542,2440.0,466.0,80.0
C_rim_outward,10,D,16,16,16,7844.543,309,16,1,0,B,0,0,0,,795.9879479705089,5916.542685269907,3992.8398660365156,1923.702819233392,1545.0,303.0,80.0
C_rim_outward,11,BF,16,16,16,8380.184,346,16,1,0,B,15,0,0,,,6232.183844026579,3808.68665495787,2423.4971890687098,1730.0,338.0,80.0
C_rim_outward,11,CF,16,16,16,9835.636,476,16,1,0,C,274,0,0,,,6927.636094469388,3656.7277425268007,3270.908351942589,2380.0,448.0,80.0
C_rim_outward,11,D,16,16,16,8380.184,346,16,1,0,B,15,15,0,1575.944825412328,1310.3482753763096,6232.183844026579,3808.68665495787,2423.4971890687098,1730.0,338.0,80.0
C_rim_outward,12,BF,16,16,16,9682.545,490,16,1,0,B,167,0,0,,,6686.545313415538,4006.832966549391,2679.712346866148,2450.0,466.0,80.0
C_rim_outward,12,CF,16,16,16,12321.685,686,25,1,0,C,189,0,0,,,8134.6845383904065,3665.179745263198,4469.504793127215,3430.0,650.0,107.0
C_rim_outward,12,D,16,16,16,9682.545,490,16,1,0,B,167,167,0,1518.20964685698,1490.2817929849346,6686.545313415538,4006.832966549391,2679.712346866148,2450.0,466.0,80.0
C_rim_outward,13,BF,16,16,16,9511.125,441,16,1,0,B,60,0,0,,,6805.124561741025,3824.1540273045507,2980.9705344364766,2205.0,421.0,80.0
C_rim_outward,13,CF,16,16,16,9493.765,458,16,1,0,C,229,0,0,,,6675.765136410132,3321.2023388835673,3354.562797526569,2290.0,448.0,80.0
C_rim_outward,13,D,16,16,16,9511.125,441,16,1,0,B,60,60,0,1507.9293203684945,1491.5365502040218,6805.124561741025,3824.1540273045507,2980.9705344364766,2205.0,421.0,80.0
C_rim_outward,14,BF,16,16,16,9088.003,420,16,1,0,B,8,0,0,,,6524.003224941989,3763.193768367929,2760.8094565740635,2100.0,384.0,80.0
C_rim_outward,14,CF,16,16,16,10488.865,536,16,1,0,C,250,0,0,,,7209.864518476812,3700.410173441505,3509.4543450353103,2680.0,519.0,80.0
C_rim_outward,14,D,16,16,16,9088.003,420,16,1,0,B,8,8,0,1516.5423834835256,1497.7069863750187,6524.003224941989,3763.193768367929,2760.8094565740635,2100.0,384.0,80.0
C_rim_outward,15,BF,16,16,16,8413.186,354,16,1,0,B,17,0,0,,,6228.186426187696,3638.5615306209934,2589.624895566702,1770.0,335.0,80.0
C_rim_outward,15,CF,16,16,16,9958.136,456,16,1,0,C,351,0,0,,,7163.136481593812,3310.6405715254195,3852.495910068393,2280.0,435.0,80.0
C_rim_outward,15,D,16,16,16,8413.186,354,16,1,0,B,17,17,0,1528.4873458266388,1479.3794047059082,6228.186426187696,3638.5615306209934,2589.624895566702,1770.0,335.0,80.0
C_rim_outward,16,BF,16,16,16,7849.595,403,16,1,0,B,5,0,0,,,5370.594723783036,3665.796368532847,1704.798355250191,2015.0,384.0,80.0
C_rim_outward,16,CF,16,16,16,10154.002,534,16,1,0,C,282,0,0,,,6881.002139292106,3681.9600916439554,3199.0420476481495,2670.0,523.0,80.0
C_rim_outward,16,D,16,16,16,7849.595,403,16,1,0,B,5,5,0,1510.5573531094797,1153.1576530350242,5370.594723783036,3665.796368532847,1704.798355250191,2015.0,384.0,80.0
C_rim_outward,17,BF,16,16,16,9416.081,453,16,1,0,B,65,0,0,,,6645.080586513909,3629.1975242748717,3015.883062239035,2265.0,426.0,80.0
C_rim_outward,17,CF,16,16,16,13180.256,679,16,1,0,C,344,0,0,,,9048.2559338783,3650.7710536512313,5397.484880227071,3395.0,657.0,80.0
C_rim_outward,17,D,16,16,16,9416.081,453,16,1,0,B,65,65,0,1509.1510752931806,1489.1199579282638,6645.080586513909,3629.1975242748717,3015.883062239035,2265.0,426.0,80.0
C_rim_outward,18,BF,16,16,16,8077.35,306,16,1,0,B,21,0,0,,,6183.349963637009,3608.0076575801404,2575.3423060568693,1530.0,284.0,80.0
C_rim_outward,18,CF,16,16,16,12409.229,571,16,1,0,C,324,0,0,,,8951.228535723945,3506.620085182661,5444.608450541286,2855.0,523.0,80.0
C_rim_outward,18,D,16,16,16,8077.35,306,16,1,0,B,21,21,0,1519.5542897754046,1499.063285284696,6183.349963637009,3608.0076575801404,2575.3423060568693,1530.0,284.0,80.0
C_rim_outward,19,BF,16,16,16,8226.136,335,16,1,0,B,12,0,0,,,6151.136416570923,3947.029432791497,2204.1069837794284,1675.0,320.0,80.0
C_rim_outward,19,CF,16,16,16,9251.116,462,16,1,0,C,228,0,0,,,6427.115887352484,3483.172436060388,2943.943451292096,2310.0,434.0,80.0
C_rim_outward,19,D,16,16,16,8226.136,335,16,1,0,B,12,12,0,1723.9364055604203,1255.4169251299752,6151.136416570923,3947.029432791497,2204.1069837794284,1675.0,320.0,80.0
C_rim_outward,20,BF,16,16,16,8395.415,361,16,1,0,B,52,0,0,,,6163.41498891594,3735.5593755402892,2427.8556133756515,1805.0,347.0,80.0
C_rim_outward,20,CF,16,16,16,11015.987,535,16,1,0,C,290,0,0,,,7756.986932443324,3549.1236195545016,4207.863312888824,2675.0,504.0,80.0
C_rim_outward,20,D,16,16,16,8395.415,361,16,1,0,B,52,52,0,1501.5203446266846,1474.5395556709016,6163.41498891594,3735.5593755402892,2427.8556133756515,1805.0,347.0,80.0
C_rim_outward,21,BF,16,16,16,9302.712,432,16,1,0,B,45,0,0,,,6643.711559174626,3854.3034597256,2789.408099449028,2160.0,419.0,80.0
C_rim_outward,21,CF,16,16,16,10112.39,505,16,1,0,C,188,0,0,,,7018.390362910887,3566.139075722357,3452.2512871885347,2525.0,489.0,80.0
C_rim_outward,21,D,16,16,16,9302.712,432,16,1,0,B,45,45,0,1514.3447275398003,1494.6545524598023,6643.711559174626,3854.3034597256,2789.408099449028,2160.0,419.0,80.0
C_rim_outward,22,BF,16,16,16,8210.166,375,16,1,0,B,18,0,0,,,5889.166380806725,3830.4432001931,2058.723180613623,1875.0,366.0,80.0
C_rim_outward,22,CF,16,16,16,9703.124,447,16,1,0,C,184,0,0,,,6956.124076659903,3658.82135630296,3297.302720356946,2235.0,432.0,80.0
C_rim_outward,22,D,16,16,16,8210.166,375,16,1,0,B,18,18,0,1505.054656934354,1378.9888214354505,5889.166380806725,3830.4432001931,2058.723180613623,1875.0,366.0,80.0
C_rim_outward,23,BF,16,16,16,7099.436,324,16,1,0,B,41,0,0,,,5096.43647913992,3146.3136185453127,1950.122860594608,1620.0,303.0,80.0
C_rim_outward,23,CF,16,16,16,8545.749,402,16,1,0,C,193,0,0,,,6080.749381795756,3004.1909937605524,3076.558388035205,2010.0,375.0,80.0
C_rim_outward,23,D,16,16,16,7099.436,324,16,1,0,B,41,41,0,1516.9062179931411,1483.0425306622324,5096.43647913992,3146.3136185453127,1950.122860594608,1620.0,303.0,80.0
C_rim_outward,24,BF,16,16,16,9773.554,455,16,1,0,B,37,0,0,,,6984.554246352547,3758.315650475462,3226.2385958770906,2275.0,434.0,80.0
C_rim_outward,24,CF,16,16,16,10142.826,541,16,1,0,C,252,0,0,,,6841.825672701576,3687.7694265849623,3154.056246116618,2705.0,516.0,80.0
C_rim_outward,24,D,16,16,16,9773.554,455,16,1,0,B,37,37,0,1502.5188405198014,1486.2235323565676,6984.554246352547,3758.315650475462,3226.2385958770906,2275.0,434.0,80.0
C_rim_outward,25,BF,16,16,16,9915.325,427,16,1,0,B,74,0,0,,,7319.325395865766,3460.92427410251,3858.4011217632574,2135.0,381.0,80.0
C_rim_outward,25,CF,16,16,16,9645.388,528,16,1,0,C,170,0,0,,,6426.388289204908,3592.5191004056833,2833.8691887992286,2640.0,499.0,80.0
C_rim_outward,25,D,16,16,16,9915.325,427,16,1,0,B,74,74,0,1583.4140051111378,1490.8118736074762,7319.325395865766,3460.92427410251,3858.4011217632574,2135.0,381.0,80.0
C_core,1,BF,16,16,16,4335.08,122,16,1,13,B,0,0,0,,,3539.079766895232,1053.2451189237015,2485.83464797153,610.0,106.0,80.0
C_core,1,CF,16,16,16,2102.413,122,16,1,13,C,0,0,0,,,1303.413019487217,504.04687631878346,799.3661431684333,610.0,109.0,80.0
C_core,1,D,16,16,16,2102.413,122,16,1,13,C,0,0,0,,1110.2424857113554,1303.413019487217,504.04687631878346,799.3661431684333,610.0,109.0,80.0
C_core,2,BF,16,16,16,7035.435,264,16,1,10,B,17,0,0,,,5382.435374092866,2498.9430346117656,2883.4923394811026,1320.0,253.0,80.0
C_core,2,CF,16,16,16,3450.037,142,16,1,10,C,0,0,0,,,2526.0365713275246,839.1779453846982,1686.8586259428264,710.0,134.0,80.0
C_core,2,D,16,16,16,3450.037,142,16,1,10,C,0,0,0,,1262.8023840805708,2526.0365713275246,839.1779453846982,1686.8586259428264,710.0,134.0,80.0
C_core,3,BF,16,16,16,4844.08,165,16,1,11,B,3,0,0,,,3800.0803264969404,1837.0183188427409,1963.0620076541993,825.0,139.0,80.0
C_core,3,CF,16,16,16,2642.335,150,16,1,11,C,0,0,0,,,1666.3353850831054,839.1779453846982,827.1574396984074,750.0,146.0,80.0
C_core,3,D,16,16,16,2642.335,150,16,1,11,C,0,0,0,,1438.403869296008,1666.3353850831054,839.1779453846982,827.1574396984074,750.0,146.0,80.0
C_core,4,BF,16,16,16,5070.06,176,16,1,11,B,3,0,0,,,3954.059843989933,1837.0183188427409,2117.041525147192,880.0,156.0,80.0
C_core,4,CF,16,16,16,2984.172,119,16,1,11,C,0,0,0,,,2196.1724824347675,839.1779453846982,1356.9945370500698,595.0,113.0,80.0
C_core,4,D,16,16,16,2984.172,119,16,1,11,C,0,0,0,,1393.9149813578429,2196.1724824347675,839.1779453846982,1356.9945370500698,595.0,113.0,80.0
C_core,5,BF,16,16,16,4686.793,132,16,1,13,B,10,0,0,,,3819.7927493995758,1965.209352323798,1854.5833970757783,660.0,127.0,80.0
C_core,5,CF,16,16,16,3081.875,167,16,1,13,C,0,0,0,,,2007.8747138627068,839.1779453846982,1168.6967684780086,835.0,159.0,80.0
C_core,5,D,16,16,16,3081.875,167,16,1,13,C,0,0,0,,1380.9798785164098,2007.8747138627068,839.1779453846982,1168.6967684780086,835.0,159.0,80.0
C_core,6,BF,16,16,16,5280.353,172,16,1,13,B,4,0,0,,,4177.352711533356,2498.9430346117656,1678.4096769215926,860.0,163.0,80.0
C_core,6,CF,16,16,16,3127.723,134,16,1,13,C,0,0,0,,,2260.7228640850026,839.1779453846982,1421.544918700304,670.0,117.0,80.0
C_core,6,D,16,16,16,3127.723,134,16,1,13,C,0,0,0,,1347.8698075672028,2260.7228640850026,839.1779453846982,1421.544918700304,670.0,117.0,80.0
C_core,7,BF,16,16,16,5356.661,198,16,1,10,B,8,0,0,,,4108.66093897939,2498.9430346117656,1609.7179043676254,990.0,178.0,80.0
C_core,7,CF,16,16,16,2392.056,124,16,1,10,C,0,0,0,,,1578.056485771583,504.04687631878346,1074.0096094527992,620.0,114.0,80.0
C_core,7,D,16,16,16,2392.056,124,16,1,10,C,0,0,0,,1383.9793164381251,1578.056485771583,504.04687631878346,1074.0096094527992,620.0,114.0,80.0
C_core,8,BF,16,16,16,4948.528,166,16,1,10,B,3,0,0,,,3903.527559259942,1965.209352323798,1938.318206936144,830.0,135.0,80.0
C_core,8,CF,16,16,16,2645.954,129,16,1,10,C,0,0,0,,,1818.953527577594,839.1779453846982,979.7755821928951,645.0,102.0,80.0
C_core,8,D,16,16,16,2645.954,129,16,1,10,C,0,0,0,,1332.1700496738545,1818.953527577594,839.1779453846982,979.7755821928951,645.0,102.0,80.0
C_core,9,BF,16,16,16,6046.488,162,16,1,14,B,9,0,0,,,5007.48812159783,1837.0183188427409,3170.4698027550894,810.0,149.0,80.0
C_core,9,CF,16,16,16,2917.462,132,16,1,14,C,0,0,0,,,2071.4616255023398,668.1849702323664,1403.2766552699734,660.0,106.0,80.0
C_core,9,D,16,16,16,2917.462,132,16,1,14,C,0,0,0,,1410.6415576322756,2071.4616255023398,668.1849702323664,1403.2766552699734,660.0,106.0,80.0
C_core,10,BF,16,16,16,6460.833,191,16,1,13,B,9,0,0,,,5242.8328346206135,3168.140311493682,2074.69252312693,955.0,183.0,80.0
C_core,10,CF,16,16,16,2441.638,142,16,1,13,C,0,0,0,,,1510.6378118607627,668.1849702323664,842.4528416283962,710.0,141.0,80.0
C_core,10,D,16,16,16,2441.638,142,16,1,13,C,0,0,0,,1395.918495588784,1510.6378118607627,668.1849702323664,842.4528416283962,710.0,141.0,80.0
C_core,11,BF,16,16,16,5415.473,155,16,1,11,B,3,0,0,,,4410.4727188275765,1965.209352323798,2445.2633665037793,775.0,150.0,80.0
C_core,11,CF,16,16,16,2414.571,128,16,1,11,C,0,0,0,,,1571.5709228564288,839.1779453846982,732.3929774717309,640.0,123.0,80.0
C_core,11,D,16,16,16,2414.571,128,16,1,11,C,0,0,0,,1427.3135890027897,1571.5709228564288,839.1779453846982,732.3929774717309,640.0,123.0,80.0
C_core,12,BF,16,16,16,4848.008,136,16,1,12,B,0,0,0,,,3961.007752720696,1965.209352323798,1995.7984003968975,680.0,127.0,80.0
C_core,12,CF,16,16,16,2536.12,108,16,1,12,C,0,0,0,,,1820.1198267817074,839.1779453846982,980.9418813970094,540.0,96.0,80.0
C_core,12,D,16,16,16,2536.12,108,16,1,12,C,0,0,0,,1398.3575832137635,1820.1198267817074,839.1779453846982,980.9418813970094,540.0,96.0,80.0
C_core,13,BF,16,16,16,5834.539,198,16,1,9,B,3,0,0,,,4585.538782752085,1965.209352323798,2620.32943042829,990.0,179.0,80.0
C_core,13,CF,16,16,16,3369.711,168,16,1,9,C,0,0,0,,,2291.7105920951067,839.1779453846982,1452.532646710408,840.0,158.0,80.0
C_core,13,D,16,16,16,3369.711,168,16,1,9,C,0,0,0,,1374.5632401972182,2291.7105920951067,839.1779453846982,1452.532646710408,840.0,158.0,80.0
C_core,14,BF,16,16,16,1976.851,73,16,1,15,B,0,0,0,,,1467.8514029288904,131.1034668431867,1336.7479360857033,365.0,64.0,80.0
C_core,14,CF,16,16,16,1667.986,82,16,1,15,C,0,0,0,,,1105.9863559826529,171.42392316996708,934.5624328126854,410.0,72.0,80.0
C_core,14,D,16,16,16,1667.986,82,16,1,15,C,0,0,0,,857.1196158498361,1105.9863559826529,171.42392316996708,934.5624328126854,410.0,72.0,80.0
C_core,15,BF,16,16,16,5106.998,189,16,1,9,B,8,0,0,,,3912.998229527287,1715.5626510031138,2197.435578524175,945.0,169.0,80.0
C_core,15,CF,16,16,16,2555.515,152,16,1,9,C,0,0,0,,,1568.5152002888788,668.1849702323664,900.3302300565132,760.0,147.0,80.0
C_core,15,D,16,16,16,2555.515,152,16,1,9,C,0,0,0,,1448.5552086367234,1568.5152002888788,668.1849702323664,900.3302300565132,760.0,147.0,80.0
C_core,16,BF,16,16,16,4099.107,130,16,1,14,B,6,0,0,,,3245.1072812364346,1837.0183188427409,1408.0889623936937,650.0,124.0,80.0
C_core,16,CF,16,16,16,2372.742,100,16,1,14,C,0,0,0,,,1696.7420420184349,1010.1709205370303,686.571121481405,500.0,96.0,80.0
C_core,16,D,16,16,16,2372.742,100,16,1,14,C,0,0,0,,1170.835974176005,1696.7420420184349,1010.1709205370303,686.571121481405,500.0,96.0,80.0
C_core,17,BF,16,16,16,6176.03,199,16,1,11,B,1,0,0,,,4922.030131878182,3168.140311493682,1753.8898203845006,995.0,179.0,80.0
C_core,17,CF,16,16,16,3198.331,164,16,1,11,C,0,0,0,,,2145.3314823490746,839.1779453846982,1306.1535369643755,820.0,153.0,80.0
C_core,17,D,16,16,16,3198.331,164,16,1,11,C,0,0,0,,1419.9248575379377,2145.3314823490746,839.1779453846982,1306.1535369643755,820.0,153.0,80.0
C_core,18,BF,16,16,16,4468.999,137,16,1,12,B,9,0,0,,,3574.998530437099,1837.0183188427409,1737.9802115943576,685.0,129.0,80.0
C_core,18,CF,16,16,16,2357.441,122,16,1,12,C,0,0,0,,,1551.4410107297983,839.1779453846982,712.2630653450997,610.0,116.0,80.0
C_core,18,D,16,16,16,2357.441,122,16,1,12,C,0,0,0,,1316.6308335835813,1551.4410107297983,839.1779453846982,712.2630653450997,610.0,116.0,80.0
C_core,19,BF,16,16,16,4161.609,159,16,1,13,B,9,0,0,,,3140.6088837988036,1837.0183188427409,1303.5905649560634,795.0,146.0,80.0
C_core,19,CF,16,16,16,2279.385,114,16,1,13,C,0,0,0,,,1529.38476213825,504.04687631878346,1025.3378858194665,570.0,100.0,80.0
C_core,19,D,16,16,16,2279.385,114,16,1,13,C,0,0,0,,1321.331572544253,1529.38476213825,504.04687631878346,1025.3378858194665,570.0,100.0,80.0
C_core,20,BF,16,16,16,5557.253,192,16,1,12,B,4,0,0,,,4337.2531057134265,3289.595979333309,1047.6571263801159,960.0,180.0,80.0
C_core,20,CF,16,16,16,2056.529,100,16,1,12,C,0,0,0,,,1382.5288233500175,668.1849702323664,714.3438531176512,500.0,94.0,80.0
C_core,20,D,16,16,16,2056.529,100,16,1,12,C,0,0,0,,1391.0861782562783,1382.5288233500175,668.1849702323664,714.3438531176512,500.0,94.0,80.0
C_core,21,BF,16,16,16,4259.009,148,16,1,12,B,5,0,0,,,3296.0094687818323,1715.5626510031138,1580.4468177787187,740.0,143.0,80.0
C_core,21,CF,16,16,16,2425.971,108,16,1,12,C,0,0,0,,,1714.9708891716546,668.1849702323664,1046.7859189392873,540.0,91.0,80.0
C_core,21,D,16,16,16,2425.971,108,16,1,12,C,0,0,0,,1075.558891442286,1714.9708891716546,668.1849702323664,1046.7859189392873,540.0,91.0,80.0
C_core,22,BF,16,16,16,2479.732,77,16,1,16,B,0,0,0,,,1952.7320911561137,0.0,1952.7320911561137,385.0,62.0,80.0
C_core,22,CF,16,16,16,2662.29,93,16,1,16,C,0,0,0,,,2039.28990105723,0.0,2039.28990105723,465.0,78.0,80.0
C_core,22,D,16,16,16,2662.29,93,16,1,16,C,0,0,0,,634.6088412626012,2039.28990105723,0.0,2039.28990105723,465.0,78.0,80.0
C_core,23,BF,16,16,16,4918.139,145,16,1,13,B,2,0,0,,,3980.1392156288084,1965.209352323798,2014.9298633050107,725.0,133.0,80.0
C_core,23,CF,16,16,16,3205.375,160,16,1,13,C,0,0,0,,,2194.374847116222,839.1779453846982,1355.1969017315243,800.0,131.0,80.0
C_core,23,D,16,16,16,3205.375,160,16,1,13,C,0,0,0,,1419.016931212269,2194.374847116222,839.1779453846982,1355.1969017315243,800.0,131.0,80.0
C_core,24,BF,16,16,16,5967.675,204,16,1,12,B,7,0,0,,,4676.675278885195,3289.595979333309,1387.0792995518896,1020.0,191.0,80.0
C_core,24,CF,16,16,16,2817.5,132,16,1,12,C,0,0,0,,,1964.4997441116213,1010.1709205370303,954.3288235745908,660.0,113.0,80.0
C_core,24,D,16,16,16,2817.5,132,16,1,12,C,0,0,0,,1379.6271108673466,1964.4997441116213,1010.1709205370303,954.3288235745908,660.0,113.0,80.0
C_core,25,BF,16,16,16,6027.665,195,16,1,12,B,0,0,0,,,4815.664950372421,2498.9430346117656,2316.7219157606564,975.0,157.0,80.0
C_core,25,CF,16,16,16,2952.868,145,16,1,12,C,0,0,0,,,2022.867744954947,839.1779453846982,1183.689799570249,725.0,125.0,80.0
C_core,25,D,16,16,16,2952.868,145,16,1,12,C,0,0,0,,1324.1958177578408,2022.867744954947,839.1779453846982,1183.689799570249,725.0,125.0,80.0
C_one_quadrant,1,BF,16,16,16,5716.218,137,16,1,10,B,2,0,0,,,4845.217611391437,1053.2451189237015,3791.9724924677353,685.0,106.0,80.0
C_one_quadrant,1,CF,16,16,16,3827.829,134,16,1,10,C,0,0,0,,,2960.8290611651396,527.2924915373111,2433.536569627828,670.0,117.0,80.0
C_one_quadrant,1,D,16,16,16,3827.829,134,16,1,10,C,0,0,0,,1268.6902581473528,2960.8290611651396,527.2924915373111,2433.536569627828,670.0,117.0,80.0
C_one_quadrant,2,BF,16,16,16,3552.314,120,16,1,6,B,1,0,0,,,2757.314082420836,1053.2451189237015,1704.0689634971345,600.0,115.0,80.0
C_one_quadrant,2,CF,16,16,16,2921.86,140,16,1,6,C,1,0,0,,,2009.8603718553968,668.1849702323664,1341.67540162303,700.0,132.0,80.0
C_one_quadrant,2,D,16,16,16,2921.86,140,16,1,6,C,1,1,0,1608.7852609461086,1484.9436177030454,2009.8603718553968,668.1849702323664,1341.67540162303,700.0,132.0,80.0
C_one_quadrant,3,BF,16,16,16,3935.164,194,16,1,10,B,0,0,0,,,2706.1643024547934,889.3881628163692,1816.7761396384242,970.0,179.0,80.0
C_one_quadrant,3,CF,16,16,16,4568.853,188,16,1,10,C,30,0,0,,,3365.8528905042613,2304.641458201063,1061.2114323031976,940.0,183.0,80.0
C_one_quadrant,3,D,16,16,16,4568.853,188,16,1,10,C,30,30,0,1506.3489002060164,1382.4161799198107,3365.8528905042613,2304.641458201063,1061.2114323031976,940.0,183.0,80.0
C_one_quadrant,4,BF,16,16,16,4344.287,136,16,1,10,B,1,0,0,,,3462.287401137757,1386.464145551364,2075.8232555863933,680.0,122.0,80.0
C_one_quadrant,4,CF,16,16,16,5057.886,200,16,1,10,C,40,0,0,,,3778.8856662351072,2607.5465960556567,1171.3390701794522,1000.0,199.0,80.0
C_one_quadrant,4,D,16,16,16,5057.886,200,16,1,10,C,40,40,0,1506.3489002060196,1493.801513057909,3778.8856662351072,2607.5465960556567,1171.3390701794522,1000.0,199.0,80.0
C_one_quadrant,5,BF,16,16,16,3286.941,118,16,1,10,B,0,0,0,,,2507.9414963424915,1239.4147682702908,1268.5267280722007,590.0,109.0,80.0
C_one_quadrant,5,CF,16,16,16,4453.973,168,16,1,10,C,16,0,0,,,3369.972632928067,2531.0978974677205,838.8747354603468,840.0,164.0,80.0
C_one_quadrant,5,D,16,16,16,4453.973,168,16,1,10,C,16,16,0,1502.5509801752396,1370.0482028558245,3369.972632928067,2531.0978974677205,838.8747354603468,840.0,164.0,80.0
C_one_quadrant,6,BF,16,16,16,4575.591,126,16,1,8,B,0,0,0,,,3759.5911839187866,889.3881628163692,2870.2030211024176,630.0,106.0,80.0
C_one_quadrant,6,CF,16,16,16,5794.753,251,16,1,8,C,41,0,0,,,4238.752910324685,2259.0324623480265,1979.720447976659,1255.0,221.0,80.0
C_one_quadrant,6,D,16,16,16,5794.753,251,16,1,8,C,41,41,0,1504.4912415730375,1487.829939719401,4238.752910324685,2259.0324623480265,1979.720447976659,1255.0,221.0,80.0
C_one_quadrant,7,BF,16,16,16,3785.607,140,16,1,8,B,4,0,0,,,2877.607174421792,1053.381706518395,1824.2254679033967,700.0,128.0,80.0
C_one_quadrant,7,CF,16,16,16,5341.037,232,16,1,8,C,38,0,0,,,3887.0374244920963,2108.1501141280955,1778.8873103640008,1160.0,214.0,80.0
C_one_quadrant,7,D,16,16,16,5341.037,232,16,1,8,C,38,38,0,1512.3992599081498,1482.3560071900858,3887.0374244920963,2108.1501141280955,1778.8873103640008,1160.0,214.0,80.0
C_one_quadrant,8,BF,16,16,16,4477.153,142,16,1,7,B,0,0,0,,,3563.1527216173367,1386.464145551364,2176.688576065973,710.0,124.0,80.0
C_one_quadrant,8,CF,16,16,16,5121.177,216,16,1,7,C,64,0,0,,,3752.1765380092456,2260.9097015366224,1491.2668364726233,1080.0,209.0,80.0
C_one_quadrant,8,D,16,16,16,5121.177,216,16,1,7,C,64,64,0,1506.3489002060182,1475.0478960604607,3752.1765380092456,2260.9097015366224,1491.2668364726233,1080.0,209.0,80.0
C_one_quadrant,9,BF,16,16,16,3770.733,142,16,1,9,B,6,0,0,,,2847.732959420872,1211.7365116832473,1635.996447737625,710.0,133.0,80.0
C_one_quadrant,9,CF,16,16,16,4827.947,195,16,1,9,C,36,0,0,,,3590.9467206404106,2247.714500888143,1343.2322197522667,975.0,182.0,80.0
C_one_quadrant,9,D,16,16,16,4827.947,195,16,1,9,C,36,36,0,1554.144112554448,1490.881046499524,3590.9467206404106,2247.714500888143,1343.2322197522667,975.0,182.0,80.0
C_one_quadrant,10,BF,16,16,16,4070.792,142,16,1,10,B,2,0,0,,,3146.7915947122524,1053.2451189237015,2093.5464757885507,710.0,134.0,80.0
C_one_quadrant,10,CF,16,16,16,4203.931,160,16,1,10,C,38,0,0,,,3172.9306681059143,2112.2582830157417,1060.6723850901717,800.0,151.0,80.0
C_one_quadrant,10,D,16,16,16,4203.931,160,16,1,10,C,38,38,0,1504.042377200499,1476.617004756208,3172.9306681059143,2112.2582830157417,1060.6723850901717,800.0,151.0,80.0
C_one_quadrant,11,BF,16,16,16,5360.98,168,16,1,8,B,11,0,0,,,4287.980390974796,1053.2451189237015,3234.735272051095,840.0,153.0,80.0
C_one_quadrant,11,CF,16,16,16,5031.786,212,16,1,8,C,58,0,0,,,3685.7856620041134,2305.9202258428368,1379.8654361612755,1060.0,206.0,80.0
C_one_quadrant,11,D,16,16,16,5031.786,212,16,1,8,C,58,58,0,1506.3489002060169,1495.3510859502617,3685.7856620041134,2305.9202258428368,1379.8654361612755,1060.0,206.0,80.0
C_one_quadrant,12,BF,16,16,16,3548.622,131,16,1,11,B,1,0,0,,,2696.6224602448133,1053.2451189237015,1643.3773413211125,655.0,117.0,80.0
C_one_quadrant,12,CF,16,16,16,3466.095,174,16,1,11,C,2,0,0,,,2367.0945612318174,539.1989036645615,1827.895657567255,870.0,149.0,80.0
C_one_quadrant,12,D,16,16,16,3466.095,174,16,1,11,C,2,2,0,1541.0216907078973,1488.5315944568729,2367.0945612318174,539.1989036645615,1827.895657567255,870.0,149.0,80.0
C_one_quadrant,13,BF,16,16,16,4901.594,231,16,1,8,B,3,0,0,,,3446.5937176960415,1386.464145551364,2060.1295721446754,1155.0,220.0,80.0
C_one_quadrant,13,CF,16,16,16,5436.301,232,16,1,8,C,65,0,0,,,3980.3012899161317,2282.051983135515,1698.249306780617,1160.0,216.0,80.0
C_one_quadrant,13,D,16,16,16,5436.301,232,16,1,8,C,65,65,0,1506.348900206018,1478.6202867585998,3980.3012899161317,2282.051983135515,1698.249306780617,1160.0,216.0,80.0
C_one_quadrant,14,BF,16,16,16,3898.508,139,16,1,8,B,3,0,0,,,2997.5080416706924,1415.1202799234866,1582.3877617472056,695.0,126.0,80.0
C_one_quadrant,14,CF,16,16,16,5360.695,192,16,1,8,C,71,0,0,,,4160.694878826699,2078.1000887075184,2082.59479011918,960.0,160.0,80.0
C_one_quadrant,14,D,16,16,16,5360.695,192,16,1,8,C,71,71,0,1540.5934724226313,1460.1329191384589,4160.694878826699,2078.1000887075184,2082.59479011918,960.0,160.0,80.0
C_one_quadrant,15,BF,16,16,16,5067.299,139,16,1,8,B,0,0,0,,,4167.298725898513,1089.0163822061702,3078.282343692343,695.0,125.0,80.0
C_one_quadrant,15,CF,16,16,16,4485.158,177,16,1,8,C,22,0,0,,,3353.157910909775,2112.3510172639835,1240.8068936457921,885.0,167.0,80.0
C_one_quadrant,15,D,16,16,16,4485.158,177,16,1,8,C,22,22,0,1557.0119721038272,1486.5147773857886,3353.157910909775,2112.3510172639835,1240.8068936457921,885.0,167.0,80.0
C_one_quadrant,16,BF,16,16,16,4579.552,195,16,1,10,B,2,0,0,,,3341.552021837458,1070.6620091249115,2270.8900127125476,975.0,183.0,80.0
C_one_quadrant,16,CF,16,16,16,5714.026,217,16,1,10,C,59,0,0,,,4345.025657940644,2320.0599089648467,2024.9657489757979,1085.0,204.0,80.0
C_one_quadrant,16,D,16,16,16,5714.026,217,16,1,10,C,59,59,0,1506.348900206018,1485.9261575898452,4345.025657940644,2320.0599089648467,2024.9657489757979,1085.0,204.0,80.0
C_one_quadrant,17,BF,16,16,16,4162.4,145,16,1,11,B,2,0,0,,,3230.3996028995457,1053.2451189237015,2177.1544839758444,725.0,127.0,80.0
C_one_quadrant,17,CF,16,16,16,4636.675,180,16,1,11,C,27,0,0,,,3482.6754988671523,2605.877028308763,876.7984705583895,900.0,174.0,80.0
C_one_quadrant,17,D,16,16,16,4636.675,180,16,1,11,C,27,27,0,1506.3489002060192,1488.8706858363955,3482.6754988671523,2605.877028308763,876.7984705583895,900.0,174.0,80.0
C_one_quadrant,18,BF,16,16,16,4017.567,128,16,1,6,B,0,0,0,,,3178.566794268227,1070.7564167338055,2107.810377534422,640.0,119.0,80.0
C_one_quadrant,18,CF,16,16,16,5308.9,249,16,1,6,C,52,0,0,,,3738.9000026831727,2235.7991255201573,1503.1008771630159,1245.0,245.0,80.0
C_one_quadrant,18,D,16,16,16,5308.9,249,16,1,6,C,52,52,0,1537.42471419486,1453.1848141922594,3738.9000026831727,2235.7991255201573,1503.1008771630159,1245.0,245.0,80.0
C_one_quadrant,19,BF,16,16,16,4424.979,129,16,1,6,B,0,0,0,,,3581.9794624698575,1053.2451189237015,2528.734343546156,645.0,118.0,80.0
C_one_quadrant,19,CF,16,16,16,3548.175,131,16,1,6,C,5,0,0,,,2692.175335827952,524.1545923808469,2168.020743447106,655.0,121.0,80.0
C_one_quadrant,19,D,16,16,16,3548.175,131,16,1,6,C,5,5,0,1500.7343068873918,1496.2469787086193,2692.175335827952,524.1545923808469,2168.020743447106,655.0,121.0,80.0
C_one_quadrant,20,BF,16,16,16,5170.813,157,16,1,10,B,0,0,0,,,4170.812802345291,1837.0183188427409,2333.7944835025505,785.0,135.0,80.0
C_one_quadrant,20,CF,16,16,16,4568.698,167,16,1,10,C,18,0,0,,,3499.6984924680432,2269.6973857380954,1230.0011067299472,835.0,154.0,80.0
C_one_quadrant,20,D,16,16,16,4568.698,167,16,1,10,C,18,18,0,1597.431311969535,1389.537422033389,3499.6984924680432,2269.6973857380954,1230.0011067299472,835.0,154.0,80.0
C_one_quadrant,21,BF,16,16,16,3209.981,124,16,1,10,B,4,0,0,,,2395.980922117117,1053.2451189237015,1342.7358031934161,620.0,114.0,80.0
C_one_quadrant,21,CF,16,16,16,2976.308,125,16,1,10,C,0,0,0,,,2164.307783266731,533.079225069775,1631.2285581969556,625.0,107.0,80.0
C_one_quadrant,21,D,16,16,16,2976.308,125,16,1,10,C,0,0,0,,974.9878161676344,2164.307783266731,533.079225069775,1631.2285581969556,625.0,107.0,80.0
C_one_quadrant,22,BF,16,16,16,4199.889,140,16,1,6,B,0,0,0,,,3285.8892126097703,1390.7533146963158,1895.135897913453,700.0,134.0,80.0
C_one_quadrant,22,CF,16,16,16,5319.85,224,16,1,6,C,66,0,0,,,3903.8499168361204,2480.9958116363664,1422.8541051997543,1120.0,216.0,80.0
C_one_quadrant,22,D,16,16,16,5319.85,224,16,1,6,C,66,66,0,1517.0845543453315,1496.0969167760425,3903.8499168361204,2480.9958116363664,1422.8541051997543,1120.0,216.0,80.0
C_one_quadrant,23,BF,16,16,16,4250.307,139,16,1,11,B,2,0,0,,,3347.3066236084055,889.3881628163692,2457.918460792037,695.0,128.0,80.0
C_one_quadrant,23,CF,16,16,16,2987.707,137,16,1,11,C,2,0,0,,,2091.7072262010306,519.3469829547647,1572.360243246266,685.0,131.0,80.0
C_one_quadrant,23,D,16,16,16,2987.707,137,16,1,11,C,2,2,0,1530.893067002532,1366.0679147363408,2091.7072262010306,519.3469829547647,1572.360243246266,685.0,131.0,80.0
C_one_quadrant,24,BF,16,16,16,4352.815,198,16,1,6,B,2,0,0,,,3096.8148907458594,1211.7365116832473,1885.0783790626115,990.0,186.0,80.0
C_one_quadrant,24,CF,16,16,16,5331.127,232,16,1,6,C,85,0,0,,,3872.1272049158374,2443.78944948278,1428.3377554330561,1160.0,219.0,80.0
C_one_quadrant,24,D,16,16,16,5331.127,232,16,1,6,C,85,85,0,1521.0734658015094,1496.3112772771965,3872.1272049158374,2443.78944948278,1428.3377554330561,1160.0,219.0,80.0
C_one_quadrant,25,BF,16,16,16,3616.475,168,16,1,8,B,2,0,0,,,2531.4747786843095,1211.7365116832473,1319.7382670010625,840.0,165.0,80.0
C_one_quadrant,25,CF,16,16,16,4856.882,190,16,1,8,C,37,0,0,,,3643.8818199653106,2628.651710210057,1015.230109755253,950.0,183.0,80.0
C_one_quadrant,25,D,16,16,16,4856.882,190,16,1,8,C,37,37,0,1519.5756512586327,1499.2609089851258,3643.8818199653106,2628.651710210057,1015.230109755253,950.0,183.0,80.0
C_narrow_20deg,1,BF,16,16,16,8000.538,217,16,1,4,B,12,0,0,,,6630.538258629345,3963.168989826238,2667.3692688031097,1085.0,205.0,80.0
C_narrow_20deg,1,CF,16,16,16,4725.312,218,16,1,4,C,55,0,0,,,3342.3119701701007,1742.9389259515935,1599.3730442185074,1090.0,213.0,80.0
C_narrow_20deg,1,D,16,16,16,4725.312,218,16,1,4,C,55,55,0,1583.9192693293448,1486.5147773857905,3342.3119701701007,1742.9389259515935,1599.3730442185074,1090.0,213.0,80.0
C_narrow_20deg,2,BF,16,16,16,4888.301,226,16,1,11,B,4,0,0,,,3474.3007705314053,734.6737581308159,2739.627012400589,1130.0,204.0,80.0
C_narrow_20deg,2,CF,16,16,16,4369.575,197,16,1,11,C,0,0,0,,,3134.5751283186814,503.39277117714926,2631.182357141532,985.0,170.0,80.0
C_narrow_20deg,2,D,16,16,16,4369.575,197,16,1,11,C,0,0,0,,1158.5566412454339,3134.5751283186814,503.39277117714926,2631.182357141532,985.0,170.0,80.0
C_narrow_20deg,3,BF,16,16,16,7390.595,350,16,1,6,B,27,0,0,,,5229.594518654584,3001.538123959432,2228.056394695155,1750.0,331.0,80.0
C_narrow_20deg,3,CF,16,16,16,3578.589,211,16,1,6,C,9,0,0,,,2247.5892357500566,1158.5143796474747,1089.074856102581,1055.0,196.0,80.0
C_narrow_20deg,3,D,16,16,16,3578.589,211,16,1,6,C,9,9,0,1518.3433144490386,1384.147539900075,2247.5892357500566,1158.5143796474747,1089.074856102581,1055.0,196.0,80.0
C_narrow_20deg,4,BF,16,16,16,7110.319,353,16,1,6,B,6,0,0,,,4920.318867812064,3571.2171871734818,1349.1016806385837,1765.0,345.0,80.0
C_narrow_20deg,4,CF,16,16,16,4061.99,218,16,1,6,C,2,0,0,,,2680.990187447898,1367.7624137263447,1313.2277737215536,1090.0,211.0,80.0
C_narrow_20deg,4,D,16,16,16,4061.99,218,16,1,6,C,2,2,0,1772.0528851566735,1474.4508588596666,2680.990187447898,1367.7624137263447,1313.2277737215536,1090.0,211.0,80.0
C_narrow_20deg,5,BF,16,16,16,2157.118,96,16,1,9,B,0,0,0,,,1514.1176549227573,391.61503296604394,1122.5026219567137,480.0,83.0,80.0
C_narrow_20deg,5,CF,16,16,16,4044.874,173,16,1,9,C,17,0,0,,,2933.873542734822,1553.593196245978,1380.2803464888432,865.0,166.0,80.0
C_narrow_20deg,5,D,16,16,16,4044.874,173,16,1,9,C,17,17,0,1590.393404945734,1486.5147773857936,2933.873542734822,1553.593196245978,1380.2803464888432,865.0,166.0,80.0
C_narrow_20deg,6,BF,16,16,16,4826.6,218,16,1,8,B,6,0,0,,,3453.5995157099974,2128.320622346223,1325.2788933637732,1090.0,203.0,80.0
C_narrow_20deg,6,CF,16,16,16,5270.809,272,16,1,8,C,61,0,0,,,3559.808762115585,3115.8784301003675,443.9303320152175,1360.0,271.0,80.0
C_narrow_20deg,6,D,16,16,16,5270.809,272,16,1,8,C,61,61,0,1628.5485284042354,1437.6265192426104,3559.808762115585,3115.8784301003675,443.9303320152175,1360.0,271.0,80.0
C_narrow_20deg,7,BF,16,16,16,5735.681,257,16,1,11,B,22,0,0,,,4126.680946691969,3100.939420938906,1025.7415257530627,1285.0,244.0,80.0
C_narrow_20deg,7,CF,16,16,16,3198.333,195,16,1,11,C,5,0,0,,,1950.3330257821021,1337.4197405083946,612.9132852737077,975.0,193.0,80.0
C_narrow_20deg,7,D,16,16,16,3198.333,195,16,1,11,C,5,5,0,1513.6278491204243,1495.6548792326755,1950.3330257821021,1337.4197405083946,612.9132852737077,975.0,193.0,80.0
C_narrow_20deg,8,BF,16,16,16,7640.734,350,16,1,9,B,43,0,0,,,5488.7343663779375,2860.548236495332,2628.1861298826066,1750.0,322.0,80.0
C_narrow_20deg,8,CF,16,16,16,6026.809,288,16,1,9,C,87,0,0,,,4224.808590489925,3124.0843133016865,1100.7242771882406,1440.0,282.0,80.0
C_narrow_20deg,8,D,16,16,16,6026.809,288,16,1,9,C,87,87,0,1533.2055769534745,1490.5446534853718,4224.808590489925,3124.0843133016865,1100.7242771882406,1440.0,282.0,80.0
C_narrow_20deg,9,BF,16,16,16,4782.585,230,16,1,10,B,12,0,0,,,3349.5854445862856,1561.191779419481,1788.3936651668023,1150.0,203.0,80.0
C_narrow_20deg,9,CF,16,16,16,5164.986,247,16,1,10,C,68,0,0,,,3626.9857492791066,2753.8270547777324,873.158694501375,1235.0,223.0,80.0
C_narrow_20deg,9,D,16,16,16,5164.986,247,16,1,10,C,68,68,0,1534.121117361036,1472.114877125024,3626.9857492791066,2753.8270547777324,873.158694501375,1235.0,223.0,80.0
C_narrow_20deg,10,BF,16,16,16,4160.816,125,16,1,5,B,0,0,0,,,3356.8156701008843,935.4545949276383,2421.3610751732467,625.0,99.0,80.0
C_narrow_20deg,10,CF,16,16,16,4017.574,169,16,1,5,C,56,0,0,,,2928.5739452139323,2161.464479957845,767.1094652560868,845.0,164.0,80.0
C_narrow_20deg,10,D,16,16,16,4017.574,169,16,1,5,C,56,56,0,1506.3489002060196,1491.3094457476732,2928.5739452139323,2161.464479957845,767.1094652560868,845.0,164.0,80.0
C_narrow_20deg,11,BF,16,16,16,6918.767,351,16,1,5,B,19,0,0,,,4751.766688712823,2860.4973373766998,1891.269351336124,1755.0,332.0,80.0
C_narrow_20deg,11,CF,16,16,16,5951.626,305,16,1,5,C,81,0,0,,,4045.6258651649064,3452.841128445151,592.7847367197562,1525.0,301.0,80.0
C_narrow_20deg,11,D,16,16,16,5951.626,305,16,1,5,C,81,81,0,1518.8132369751593,1486.068218730746,4045.6258651649064,3452.841128445151,592.7847367197562,1525.0,301.0,80.0
C_narrow_20deg,12,BF,16,16,16,4850.122,189,16,1,5,B,2,0,0,,,3643.122096577207,1386.464145551364,2256.6579510258434,945.0,182.0,80.0
C_narrow_20deg,12,CF,16,16,16,4776.707,216,16,1,5,C,35,0,0,,,3406.7066947060266,2742.390479562295,664.3162151437314,1080.0,210.0,80.0
C_narrow_20deg,12,D,16,16,16,4776.707,216,16,1,5,C,35,35,0,1545.576499115875,1394.5034147142405,3406.7066947060266,2742.390479562295,664.3162151437314,1080.0,210.0,80.0
C_narrow_20deg,13,BF,16,16,16,8509.282,289,16,1,7,B,38,0,0,,,6746.28172569406,3417.7870128143663,3328.4947128797007,1445.0,238.0,80.0
C_narrow_20deg,13,CF,16,16,16,3825.645,184,16,1,7,C,27,0,0,,,2654.645111654268,1235.3570454172489,1419.2880662370192,920.0,171.0,80.0
C_narrow_20deg,13,D,16,16,16,3825.645,184,16,1,7,C,27,27,0,1593.8374658601617,1486.5147773857896,2654.645111654268,1235.3570454172489,1419.2880662370192,920.0,171.0,80.0
C_narrow_20deg,14,BF,16,16,16,6122.456,260,16,1,11,B,60,0,0,,,4489.456109018667,2498.9430346117656,1990.5130744069018,1300.0,253.0,80.0
C_narrow_20deg,14,CF,16,16,16,5762.803,293,16,1,11,C,81,0,0,,,3933.8030481295546,3187.4306318657423,746.3724162638118,1465.0,284.0,80.0
C_narrow_20deg,14,D,16,16,16,5762.803,293,16,1,11,C,81,81,0,1517.927756552856,1495.1806049921765,3933.8030481295546,3187.4306318657423,746.3724162638118,1465.0,284.0,80.0
C_narrow_20deg,15,BF,16,16,16,7324.809,283,16,1,9,B,33,0,0,,,5589.809417021353,1965.209352323798,3624.6000646975535,1415.0,240.0,80.0
C_narrow_20deg,15,CF,16,16,16,3275.552,160,16,1,9,C,0,0,0,,,2255.5522817238193,995.4225570154806,1260.1297247083385,800.0,140.0,80.0
C_narrow_20deg,15,D,16,16,16,3275.552,160,16,1,9,C,0,0,0,,1032.1064401768958,2255.5522817238193,995.4225570154806,1260.1297247083385,800.0,140.0,80.0
C_narrow_20deg,16,BF,16,16,16,6736.742,235,16,1,8,B,34,0,0,,,5256.741940168117,3966.3731001466535,1290.3688400214646,1175.0,225.0,80.0
C_narrow_20deg,16,CF,16,16,16,3712.135,186,16,1,8,C,34,0,0,,,2529.1347270982774,1706.5858508674416,822.5488762308358,930.0,173.0,80.0
C_narrow_20deg,16,D,16,16,16,3712.135,186,16,1,8,C,34,34,0,1560.9944692388535,1486.514777385789,2529.1347270982774,1706.5858508674416,822.5488762308358,930.0,173.0,80.0
C_narrow_20deg,17,BF,16,16,16,3513.894,112,16,1,10,B,0,0,0,,,2769.893583047325,916.1950236973485,1853.6985593499758,560.0,104.0,80.0
C_narrow_20deg,17,CF,16,16,16,1943.472,86,16,1,10,C,0,0,0,,,1351.4717304185256,352.737417386704,998.7343130318217,430.0,82.0,80.0
C_narrow_20deg,17,D,16,16,16,1943.472,86,16,1,10,C,0,0,0,,841.312138516473,1351.4717304185256,352.737417386704,998.7343130318217,430.0,82.0,80.0
C_narrow_20deg,18,BF,16,16,16,5973.624,281,16,1,8,B,42,0,0,,,4224.623968922107,2513.6068611738187,1711.0171077482898,1405.0,264.0,80.0
C_narrow_20deg,18,CF,16,16,16,3805.281,213,16,1,8,C,0,0,0,,,2458.280872338659,1041.1771319080801,1417.1037404305785,1065.0,202.0,80.0
C_narrow_20deg,18,D,16,16,16,3805.281,213,16,1,8,C,0,0,0,,1410.7600381709296,2458.280872338659,1041.1771319080801,1417.1037404305785,1065.0,202.0,80.0
C_narrow_20deg,19,BF,16,16,16,6079.938,196,16,1,8,B,2,0,0,,,4852.937629192485,1386.464145551364,3466.4734836411208,980.0,167.0,80.0
C_narrow_20deg,19,CF,16,16,16,4644.159,205,16,1,8,C,76,0,0,,,3343.158818214436,2236.089642991524,1107.0691752229104,1025.0,196.0,80.0
C_narrow_20deg,19,D,16,16,16,4644.159,205,16,1,8,C,76,76,0,1506.3489002060146,1407.4371903932042,3343.158818214436,2236.089642991524,1107.0691752229104,1025.0,196.0,80.0
C_narrow_20deg,20,BF,16,16,16,3789.644,161,16,1,8,B,0,0,0,,,2757.643922515446,561.9171826824211,2195.7267398330237,805.0,147.0,80.0
C_narrow_20deg,20,CF,16,16,16,3935.729,184,16,1,8,C,65,0,0,,,2756.7289303450066,2103.2291466426077,653.4997837023996,920.0,179.0,80.0
C_narrow_20deg,20,D,16,16,16,3935.729,184,16,1,8,C,65,65,0,1520.0387453116366,1433.4133808966158,2756.7289303450066,2103.2291466426077,653.4997837023996,920.0,179.0,80.0
C_narrow_20deg,21,BF,16,16,16,6829.845,339,16,1,8,B,44,0,0,,,4736.845377672738,3297.5130881650716,1439.3322895076683,1695.0,318.0,80.0
C_narrow_20deg,21,CF,16,16,16,6602.171,310,16,1,8,C,46,0,0,,,4677.170528752964,3465.984431150261,1211.1860976027037,1550.0,295.0,80.0
C_narrow_20deg,21,D,16,16,16,6602.171,310,16,1,8,C,46,46,0,1502.209004734767,1494.5777136548143,4677.170528752964,3465.984431150261,1211.1860976027037,1550.0,295.0,80.0
C_narrow_20deg,22,BF,16,16,16,5838.432,271,16,1,10,B,48,0,0,,,4143.432467659808,2289.1582475340742,1854.2742201257345,1355.0,260.0,80.0
C_narrow_20deg,22,CF,16,16,16,6216.839,296,16,1,10,C,85,0,0,,,4363.839370717422,3248.849800429968,1114.989570287454,1480.0,293.0,80.0
C_narrow_20deg,22,D,16,16,16,6216.839,296,16,1,10,C,85,85,0,1502.7368009292752,1485.7764280815327,4363.839370717422,3248.849800429968,1114.989570287454,1480.0,293.0,80.0
C_narrow_20deg,23,BF,16,16,16,7702.015,390,16,1,8,B,39,0,0,,,5307.015363782972,3425.2122328642154,1881.8031309187552,1950.0,365.0,80.0
C_narrow_20deg,23,CF,16,16,16,6280.935,272,16,1,8,C,17,0,0,,,4572.935209516271,3514.7697685942085,1058.165440922063,1360.0,268.0,80.0
C_narrow_20deg,23,D,16,16,16,6280.935,272,16,1,8,C,17,17,0,1535.998066934721,1489.843364220764,4572.935209516271,3514.7697685942085,1058.165440922063,1360.0,268.0,80.0
C_narrow_20deg,24,BF,16,16,16,7284.185,251,16,1,8,B,8,0,0,,,5734.185031161421,3745.9448210415985,1988.240210119829,1255.0,215.0,80.0
C_narrow_20deg,24,CF,16,16,16,3617.968,162,16,1,8,C,14,0,0,,,2575.9676430838445,1530.5324413247222,1045.4352017591216,810.0,152.0,80.0
C_narrow_20deg,24,D,16,16,16,3617.968,162,16,1,8,C,14,14,0,1503.9521558655738,1486.51477738579,2575.9676430838445,1530.5324413247222,1045.4352017591216,810.0,152.0,80.0
C_narrow_20deg,25,BF,16,16,16,6153.236,264,16,1,7,B,31,0,0,,,4512.236390757733,1965.209352323798,2547.027038433936,1320.0,241.0,80.0
C_narrow_20deg,25,CF,16,16,16,2886.331,159,16,1,7,C,0,0,0,,,1860.33071178045,839.1779453846982,1021.152766395752,795.0,151.0,80.0
C_narrow_20deg,25,D,16,16,16,2886.331,159,16,1,7,C,0,0,0,,1032.1064401768965,1860.33071178045,839.1779453846982,1021.152766395752,795.0,151.0,80.0
C_blind_gap,1,BF,16,16,16,6743.87,339,16,1,7,B,3,0,0,,,4647.869616397093,3513.2265132573066,1134.6431031397872,1695.0,321.0,80.0
C_blind_gap,1,CF,16,16,16,3153.239,187,16,1,7,C,9,0,0,,,1964.2390004671895,1359.9051835861278,604.3338168810616,935.0,174.0,80.0
C_blind_gap,1,D,16,16,16,3153.239,187,16,1,7,C,9,9,0,1671.8027618782155,1493.0825169226848,1964.2390004671895,1359.9051835861278,604.3338168810616,935.0,174.0,80.0
C_blind_gap,2,BF,16,16,16,7340.733,332,16,1,7,B,26,0,0,,,5286.73327483348,3571.2171871734818,1715.5160876599996,1660.0,314.0,80.0
C_blind_gap,2,CF,16,16,16,2891.648,143,16,1,7,C,13,0,0,,,1956.6478274941223,1268.1832749730245,688.464552521098,715.0,140.0,80.0
C_blind_gap,2,D,16,16,16,2891.648,143,16,1,7,C,13,13,0,1504.2826512499446,1475.6561239672387,1956.6478274941223,1268.1832749730245,688.464552521098,715.0,140.0,80.0
C_blind_gap,3,BF,16,16,16,7205.383,284,16,1,11,B,25,0,0,,,5449.382505114285,3745.9448210415985,1703.4376840726889,1420.0,256.0,80.0
C_blind_gap,3,CF,16,16,16,3546.872,185,16,1,11,C,20,0,0,,,2364.872299441194,1518.7869974460086,846.0853019951859,925.0,177.0,80.0
C_blind_gap,3,D,16,16,16,3546.872,185,16,1,11,C,20,20,0,1547.8802839585164,1493.8641127082956,2364.872299441194,1518.7869974460086,846.0853019951859,925.0,177.0,80.0
C_blind_gap,4,BF,16,16,16,7055.14,304,16,1,10,B,24,0,0,,,5171.140365075618,3417.7870128143663,1753.3533522612563,1520.0,284.0,80.0
C_blind_gap,4,CF,16,16,16,2985.626,139,16,1,10,C,12,0,0,,,2076.6262077218844,1200.9570260578103,875.6691816640745,695.0,134.0,80.0
C_blind_gap,4,D,16,16,16,2985.626,139,16,1,10,C,12,12,0,1574.6260975847283,1465.240451715483,2076.6262077218844,1200.9570260578103,875.6691816640745,695.0,134.0,80.0
C_blind_gap,5,BF,16,16,16,6836.465,337,16,1,7,B,0,0,0,,,4742.464640840568,3571.2171871734818,1171.247453667087,1685.0,329.0,80.0
C_blind_gap,5,CF,16,16,16,3271.424,154,16,1,7,C,16,0,0,,,2270.423747279526,1475.2101542865823,795.2135929929435,770.0,151.0,80.0
C_blind_gap,5,D,16,16,16,3271.424,154,16,1,7,C,16,16,0,1500.712156189738,1452.0204314795164,2270.423747279526,1475.2101542865823,795.2135929929435,770.0,151.0,80.0
C_blind_gap,6,BF,16,16,16,7059.491,355,16,1,10,B,87,0,0,,,4863.491157215174,3745.9448210415985,1117.5463361735779,1775.0,341.0,80.0
C_blind_gap,6,CF,16,16,16,4016.886,208,16,1,10,C,32,0,0,,,2695.886310356849,1613.5776574061028,1082.3086529507455,1040.0,201.0,80.0
C_blind_gap,6,D,16,16,16,4016.886,208,16,1,10,C,32,32,0,1514.5205776703503,1465.1737451049,2695.886310356849,1613.5776574061028,1082.3086529507455,1040.0,201.0,80.0
C_blind_gap,7,BF,16,16,16,7886.765,309,16,1,10,B,29,0,0,,,5970.765446639617,3745.9448210415985,2224.8206255980203,1545.0,291.0,80.0
C_blind_gap,7,CF,16,16,16,4444.963,219,16,1,10,C,16,0,0,,,3066.962721601502,1205.1634042776461,1861.7993173238553,1095.0,203.0,80.0
C_blind_gap,7,D,16,16,16,4444.963,219,16,1,10,C,16,16,0,1501.0525530956986,1439.2633967833165,3066.962721601502,1205.1634042776461,1861.7993173238553,1095.0,203.0,80.0
C_blind_gap,8,BF,16,16,16,7382.357,325,16,1,9,B,26,0,0,,,5369.357248672332,3745.9448210415985,1623.4124276307375,1625.0,308.0,80.0
C_blind_gap,8,CF,16,16,16,3648.217,202,16,1,9,C,16,0,0,,,2369.2170029560625,1528.9275299094156,840.2894730466477,1010.0,189.0,80.0
C_blind_gap,8,D,16,16,16,3648.217,202,16,1,9,C,16,16,0,1583.0438329261249,1457.605495432047,2369.2170029560625,1528.9275299094156,840.2894730466477,1010.0,189.0,80.0
C_blind_gap,9,BF,16,16,16,7892.415,312,16,1,10,B,27,0,0,,,5976.414889644826,3168.140311493682,2808.2745781511485,1560.0,276.0,80.0
C_blind_gap,9,CF,16,16,16,2888.035,150,16,1,10,C,16,0,0,,,1912.034972415105,1188.8894736444413,723.1454987706636,750.0,146.0,80.0
C_blind_gap,9,D,16,16,16,2888.035,150,16,1,10,C,16,16,0,1506.1547842341338,1468.2846400586056,1912.034972415105,1188.8894736444413,723.1454987706636,750.0,146.0,80.0
C_blind_gap,10,BF,16,16,16,7027.604,318,16,1,10,B,39,0,0,,,5054.603980674685,3168.140311493682,1886.4636691810047,1590.0,303.0,80.0
C_blind_gap,10,CF,16,16,16,3482.474,160,16,1,10,C,23,0,0,,,2455.473988444477,1392.3131969228834,1063.1607915215934,800.0,147.0,80.0
C_blind_gap,10,D,16,16,16,3482.474,160,16,1,10,C,23,23,0,1505.160979320707,1471.993810862753,2455.473988444477,1392.3131969228834,1063.1607915215934,800.0,147.0,80.0
C_blind_gap,11,BF,16,16,16,7572.484,353,16,1,8,B,33,0,0,,,5399.483815118168,3417.7870128143663,1981.6968023038025,1765.0,328.0,80.0
C_blind_gap,11,CF,16,16,16,3936.366,219,16,1,8,C,17,0,0,,,2562.3661982862336,1343.790218209892,1218.5759800763412,1095.0,199.0,80.0
C_blind_gap,11,D,16,16,16,3936.366,219,16,1,8,C,17,17,0,1580.5195298540302,1425.595882498504,2562.3661982862336,1343.790218209892,1218.5759800763412,1095.0,199.0,80.0
C_blind_gap,12,BF,16,16,16,6807.784,341,16,1,6,B,16,0,0,,,4688.784243420675,3669.2292557402466,1019.5549876804266,1705.0,334.0,80.0
C_blind_gap,12,CF,16,16,16,3155.145,186,16,1,6,C,8,0,0,,,1964.144953048074,1423.1027052230447,541.04224782503,930.0,181.0,80.0
C_blind_gap,12,D,16,16,16,3155.145,186,16,1,6,C,8,8,0,1558.037272185426,1404.9431174620397,1964.144953048074,1423.1027052230447,541.04224782503,930.0,181.0,80.0
C_blind_gap,13,BF,16,16,16,7638.295,389,16,1,5,B,9,0,0,,,5258.294716460964,3168.140311493682,2090.1544049672857,1945.0,355.0,80.0
C_blind_gap,13,CF,16,16,16,3041.586,156,16,1,5,C,13,0,0,,,2029.5862459055622,1516.3156888421763,513.2705570633861,780.0,152.0,80.0
C_blind_gap,13,D,16,16,16,3041.586,156,16,1,5,C,13,13,0,1524.9549242170458,1424.092116268628,2029.5862459055622,1516.3156888421763,513.2705570633861,780.0,152.0,80.0
C_blind_gap,14,BF,16,16,16,6394.05,274,16,1,11,B,10,0,0,,,4692.050154661629,3614.347988179431,1077.7021664821996,1370.0,252.0,80.0
C_blind_gap,14,CF,16,16,16,4142.752,204,16,1,11,C,7,0,0,,,2842.7519392415156,1393.3537182577675,1449.3982209837477,1020.0,200.0,80.0
C_blind_gap,14,D,16,16,16,4142.752,204,16,1,11,C,7,7,0,1528.9918713207146,1494.3854019864118,2842.7519392415156,1393.3537182577675,1449.3982209837477,1020.0,200.0,80.0
C_blind_gap,15,BF,16,16,16,8548.692,365,16,1,9,B,25,0,0,,,6296.692148435586,3168.140311493682,3128.551836941907,1825.0,347.0,80.0
C_blind_gap,15,CF,16,16,16,3808.07,209,16,1,9,C,10,0,0,,,2478.0697634214894,1383.4700837448609,1094.5996796766292,1045.0,205.0,80.0
C_blind_gap,15,D,16,16,16,3808.07,209,16,1,9,C,10,10,0,1528.1119173957186,1489.9871259012154,2478.0697634214894,1383.4700837448609,1094.5996796766292,1045.0,205.0,80.0
C_blind_gap,16,BF,16,16,16,8085.519,362,16,1,9,B,15,0,0,,,5846.519014097118,3571.2171871734818,2275.3018269236372,1810.0,349.0,80.0
C_blind_gap,16,CF,16,16,16,3376.833,151,16,1,9,C,15,0,0,,,2399.8332947670024,1541.570167778978,858.2631269880245,755.0,142.0,80.0
C_blind_gap,16,D,16,16,16,3376.833,151,16,1,9,C,15,15,0,1503.3755541499743,1427.672085611781,2399.8332947670024,1541.570167778978,858.2631269880245,755.0,142.0,80.0
C_blind_gap,17,BF,16,16,16,7278.478,391,16,1,5,B,11,0,0,,,4871.477578100432,3591.9840698850053,1279.4935082154298,1955.0,372.0,80.0
C_blind_gap,17,CF,16,16,16,4300.952,240,16,1,5,C,4,0,0,,,2791.951955461562,1400.5207594655265,1391.4311959960353,1200.0,229.0,80.0
C_blind_gap,17,D,16,16,16,4300.952,240,16,1,5,C,4,4,0,1745.1729639989571,1472.6700378914757,2791.951955461562,1400.5207594655265,1391.4311959960353,1200.0,229.0,80.0
C_blind_gap,18,BF,16,16,16,6778.588,323,16,1,7,B,17,0,0,,,4767.587705970307,3571.2171871734818,1196.3705187968296,1615.0,316.0,80.0
C_blind_gap,18,CF,16,16,16,4024.277,195,16,1,7,C,19,0,0,,,2793.277455630024,1456.9880368367822,1336.2894187932404,975.0,176.0,80.0
C_blind_gap,18,D,16,16,16,4024.277,195,16,1,7,C,19,19,0,1501.7278226608128,1444.264942944976,2793.277455630024,1456.9880368367822,1336.2894187932404,975.0,176.0,80.0
C_blind_gap,19,BF,16,16,16,7111.635,275,16,1,11,B,16,0,0,,,5404.6352216417945,3417.7870128143663,1986.8482088274302,1375.0,252.0,80.0
C_blind_gap,19,CF,16,16,16,3469.641,142,16,1,11,C,9,0,0,,,2546.640675803502,1010.1709205370303,1536.4697552664713,710.0,133.0,80.0
C_blind_gap,19,D,16,16,16,3469.641,142,16,1,11,C,9,9,0,1588.0767264114033,1480.9825666033335,2546.640675803502,1010.1709205370303,1536.4697552664713,710.0,133.0,80.0
C_blind_gap,20,BF,16,16,16,6825.334,356,16,1,6,B,28,0,0,,,4621.334381429034,3168.140311493682,1453.1940699353527,1780.0,344.0,80.0
C_blind_gap,20,CF,16,16,16,2992.702,154,16,1,6,C,14,0,0,,,1990.7016736175308,1215.68861398862,775.0130596289109,770.0,152.0,80.0
C_blind_gap,20,D,16,16,16,2992.702,154,16,1,6,C,14,14,0,1556.9551418846208,1480.2254182286897,1990.7016736175308,1215.68861398862,775.0130596289109,770.0,152.0,80.0
C_blind_gap,21,BF,16,16,16,6830.234,306,16,1,10,B,28,0,0,,,4921.234027925871,3571.2171871734818,1350.01684075239,1530.0,299.0,80.0
C_blind_gap,21,CF,16,16,16,3250.096,143,16,1,10,C,19,0,0,,,2318.096281098097,1235.3570454172489,1082.7392356808482,715.0,137.0,80.0
C_blind_gap,21,D,16,16,16,3250.096,143,16,1,10,C,19,19,0,1504.1903908846373,1494.4286243858585,2318.096281098097,1235.3570454172489,1082.7392356808482,715.0,137.0,80.0
C_blind_gap,22,BF,16,16,16,7586.291,386,16,1,5,B,0,0,0,,,5221.2909915313685,3417.7870128143663,1803.5039787170053,1930.0,355.0,80.0
C_blind_gap,22,CF,16,16,16,4290.293,217,16,1,5,C,11,0,0,,,2924.2932067971187,1460.018775014343,1464.2744317827753,1085.0,201.0,80.0
C_blind_gap,22,D,16,16,16,4290.293,217,16,1,5,C,11,11,0,1556.5265078888763,1477.7017654408912,2924.2932067971187,1460.018775014343,1464.2744317827753,1085.0,201.0,80.0
C_blind_gap,23,BF,16,16,16,7326.961,306,16,1,12,B,16,0,0,,,5433.960914523743,3417.7870128143663,2016.1739017093798,1530.0,283.0,80.0
C_blind_gap,23,CF,16,16,16,3433.93,158,16,1,12,C,19,0,0,,,2419.93020686739,1447.7376416414204,972.1925652259694,790.0,144.0,80.0
C_blind_gap,23,D,16,16,16,3433.93,158,16,1,12,C,19,19,0,1525.6594981070825,1499.275537252662,2419.93020686739,1447.7376416414204,972.1925652259694,790.0,144.0,80.0
C_blind_gap,24,BF,16,16,16,6722.11,320,16,1,10,B,49,0,0,,,4750.109951613799,3168.140311493682,1581.9696401201181,1600.0,292.0,80.0
C_blind_gap,24,CF,16,16,16,4123.662,233,16,1,10,C,21,0,0,,,2653.6619669538877,1173.6507741238436,1480.0111928300428,1165.0,225.0,80.0
C_blind_gap,24,D,16,16,16,4123.662,233,16,1,10,C,21,21,0,1512.4566399605342,1479.6884421257582,2653.6619669538877,1173.6507741238436,1480.0111928300428,1165.0,225.0,80.0
C_blind_gap,25,BF,16,16,16,7041.532,340,16,1,6,B,10,0,0,,,4930.531724840954,3417.7870128143663,1512.744712026589,1700.0,331.0,80.0
C_blind_gap,25,CF,16,16,16,2897.35,173,16,1,6,C,7,0,0,,,1790.3498812521261,1285.5892955417162,504.7605857104101,865.0,162.0,80.0
C_blind_gap,25,D,16,16,16,2897.35,173,16,1,6,C,7,7,0,1508.3322488040303,1451.2810954002045,1790.3498812521261,1285.5892955417162,504.7605857104101,865.0,162.0,80.0
C_one_center_visible_rest_far,1,BF,16,16,16,9025.246,352,16,1,1,B,15,0,0,,,6842.245716753605,3757.6079440335943,3084.6377727200106,1760.0,343.0,80.0
C_one_center_visible_rest_far,1,CF,16,16,16,8726.177,417,16,1,1,C,199,0,0,,,6150.177282690826,3145.6845191007924,3004.492763590035,2085.0,411.0,80.0
C_one_center_visible_rest_far,1,D,16,16,16,8726.177,417,16,1,1,C,199,199,0,1506.3489002060212,1486.514777385791,6150.177282690826,3145.6845191007924,3004.492763590035,2085.0,411.0,80.0
C_one_center_visible_rest_far,2,BF,16,16,16,8420.058,315,16,1,1,B,17,0,0,,,6464.058113275786,3450.1634405717396,3013.8946727040466,1575.0,301.0,80.0
C_one_center_visible_rest_far,2,CF,16,16,16,9182.549,411,16,1,1,C,186,0,0,,,6662.549061451167,3637.1269747991028,3025.422086652064,2055.0,385.0,80.0
C_one_center_visible_rest_far,2,D,16,16,16,9182.549,411,16,1,1,C,186,186,0,1512.3029775040286,1486.514777385789,6662.549061451167,3637.1269747991028,3025.422086652064,2055.0,385.0,80.0
C_one_center_visible_rest_far,3,BF,16,16,16,7787.608,324,16,1,1,B,0,0,0,,,5765.608147741771,3862.516940252165,1903.0912074896057,1620.0,322.0,80.0
C_one_center_visible_rest_far,3,CF,16,16,16,9503.67,439,16,1,1,C,170,0,0,,,6819.6698456505865,3722.4407899431503,3097.229055707434,2195.0,409.0,80.0
C_one_center_visible_rest_far,3,D,16,16,16,9503.67,439,16,1,1,C,170,170,0,1563.1306190839923,1486.5147773857932,6819.6698456505865,3722.4407899431503,3097.229055707434,2195.0,409.0,80.0
C_one_center_visible_rest_far,4,BF,16,16,16,8730.526,371,16,1,1,B,15,0,0,,,6441.525680163127,3707.7953734026155,2733.730306760512,1855.0,354.0,80.0
C_one_center_visible_rest_far,4,CF,16,16,16,10822.133,533,16,1,1,C,277,0,0,,,7561.133060681612,3694.922091825837,3866.2109688557744,2665.0,516.0,80.0
C_one_center_visible_rest_far,4,D,16,16,16,10822.133,533,16,1,1,C,277,277,0,1506.348900206017,1498.4227354312056,7561.133060681612,3694.922091825837,3866.2109688557744,2665.0,516.0,80.0
C_one_center_visible_rest_far,5,BF,16,16,16,8655.566,331,16,1,1,B,16,0,0,,,6612.56553682787,3763.0017819162836,2849.5637549115895,1655.0,308.0,80.0
C_one_center_visible_rest_far,5,CF,16,16,16,8508.129,362,16,1,1,C,218,0,0,,,6265.129078604498,3234.083230337567,3031.045848266932,1810.0,353.0,80.0
C_one_center_visible_rest_far,5,D,16,16,16,8508.129,362,16,1,1,C,218,218,0,1502.2974434849775,1369.6062341861468,6265.129078604498,3234.083230337567,3031.045848266932,1810.0,353.0,80.0
C_one_center_visible_rest_far,6,BF,16,16,16,8528.376,373,16,1,1,B,0,0,0,,,6221.375631585543,3750.694356470263,2470.681275115277,1865.0,362.0,80.0
C_one_center_visible_rest_far,6,CF,16,16,16,8787.624,399,16,1,1,C,234,0,0,,,6324.62406233452,3328.823283950765,2995.8007783837543,1995.0,388.0,80.0
C_one_center_visible_rest_far,6,D,16,16,16,8787.624,399,16,1,1,C,234,234,0,1506.3639059277664,1437.6265192426117,6324.62406233452,3328.823283950765,2995.8007783837543,1995.0,388.0,80.0
C_one_center_visible_rest_far,7,BF,16,16,16,8441.4,373,16,1,1,B,14,0,0,,,6140.399721471611,3921.956349045876,2218.4433724257356,1865.0,356.0,80.0
C_one_center_visible_rest_far,7,CF,16,16,16,9459.087,417,16,1,1,C,196,0,0,,,6891.086567495293,3510.027260884492,3381.0593066108013,2085.0,403.0,80.0
C_one_center_visible_rest_far,7,D,16,16,16,9459.087,417,16,1,1,C,196,196,0,1540.5934724226302,1479.5064962530225,6891.086567495293,3510.027260884492,3381.0593066108013,2085.0,403.0,80.0
C_one_center_visible_rest_far,8,BF,16,16,16,8253.825,321,16,1,1,B,0,0,0,,,6251.824700067018,3587.3008234952263,2664.523876571791,1605.0,317.0,80.0
C_one_center_visible_rest_far,8,CF,16,16,16,9592.197,487,16,1,1,C,236,0,0,,,6597.197155738151,3549.047496060985,3048.149659677171,2435.0,480.0,80.0
C_one_center_visible_rest_far,8,D,16,16,16,9592.197,487,16,1,1,C,236,236,0,1506.3489002060192,1486.5147773857902,6597.197155738151,3549.047496060985,3048.149659677171,2435.0,480.0,80.0
C_one_center_visible_rest_far,9,BF,16,16,16,8430.141,357,16,1,1,B,0,0,0,,,6226.140620370657,3794.5080399461785,2431.63258042448,1785.0,339.0,80.0
C_one_center_visible_rest_far,9,CF,16,16,16,9446.726,450,16,1,1,C,254,0,0,,,6693.725892335445,3238.4231741821327,3455.302718153314,2250.0,423.0,80.0
C_one_center_visible_rest_far,9,D,16,16,16,9446.726,450,16,1,1,C,254,254,0,1506.3489002060164,1496.4371475254693,6693.725892335445,3238.4231741821327,3455.302718153314,2250.0,423.0,80.0
C_one_center_visible_rest_far,10,BF,16,16,16,8937.459,362,16,1,1,B,42,0,0,,,6697.458711593954,3478.0017069215037,3219.4570046724484,1810.0,350.0,80.0
C_one_center_visible_rest_far,10,CF,16,16,16,8950.128,412,16,1,1,C,257,0,0,,,6415.1280771999245,3480.8444064366727,2934.2836707632528,2060.0,395.0,80.0
C_one_center_visible_rest_far,10,D,16,16,16,8950.128,412,16,1,1,C,257,257,0,1506.3489002060182,1486.514777385789,6415.1280771999245,3480.8444064366727,2934.2836707632528,2060.0,395.0,80.0
C_one_center_visible_rest_far,11,BF,16,16,16,9155.21,380,16,1,1,B,15,0,0,,,6817.209803202055,3787.921213440603,3029.2885897614524,1900.0,358.0,80.0
C_one_center_visible_rest_far,11,CF,16,16,16,9430.336,489,16,1,1,C,254,0,0,,,6428.3360604554655,3605.153807466568,2823.1822529888987,2445.0,477.0,80.0
C_one_center_visible_rest_far,11,D,16,16,16,9430.336,489,16,1,1,C,254,254,0,1501.0907963233885,1493.6828628459084,6428.3360604554655,3605.153807466568,2823.1822529888987,2445.0,477.0,80.0
C_one_center_visible_rest_far,12,BF,16,16,16,8033.219,338,16,1,1,B,7,0,0,,,5950.219416606081,3611.764494210904,2338.454922395175,1690.0,313.0,80.0
C_one_center_visible_rest_far,12,CF,16,16,16,8963.387,459,16,1,1,C,169,0,0,,,6151.386624247653,3329.618238731375,2821.768385516279,2295.0,437.0,80.0
C_one_center_visible_rest_far,12,D,16,16,16,8963.387,459,16,1,1,C,169,169,0,1505.8396581889806,1486.5147773857875,6151.386624247653,3329.618238731375,2821.768385516279,2295.0,437.0,80.0
C_one_center_visible_rest_far,13,BF,16,16,16,8433.329,311,16,1,1,B,0,0,0,,,6500.328849713132,3455.0063335789937,3045.3225161341384,1555.0,298.0,80.0
C_one_center_visible_rest_far,13,CF,16,16,16,8348.942,400,16,1,1,C,102,0,0,,,5883.941860710873,3662.357077989598,2221.584782721275,2000.0,385.0,80.0
C_one_center_visible_rest_far,13,D,16,16,16,8348.942,400,16,1,1,C,102,102,0,1506.348900206019,1486.5147773857882,5883.941860710873,3662.357077989598,2221.584782721275,2000.0,385.0,80.0
C_one_center_visible_rest_far,14,BF,16,16,16,8519.722,352,16,1,1,B,13,0,0,,,6354.722129138084,3805.827066256399,2548.8950628816883,1760.0,325.0,80.0
C_one_center_visible_rest_far,14,CF,16,16,16,7575.933,349,16,1,1,C,146,0,0,,,5417.932773681797,2867.339806026282,2550.5929676555133,1745.0,333.0,80.0
C_one_center_visible_rest_far,14,D,16,16,16,7575.933,349,16,1,1,C,146,146,0,1506.3489002060116,1459.7292592685903,5417.932773681797,2867.339806026282,2550.5929676555133,1745.0,333.0,80.0
C_one_center_visible_rest_far,15,BF,16,16,16,8449.691,380,16,1,1,B,16,0,0,,,6102.690835805793,3834.1108493496286,2268.5799864561636,1900.0,367.0,80.0
C_one_center_visible_rest_far,15,CF,16,16,16,8411.148,412,16,1,1,C,196,0,0,,,5869.148169957996,3259.4921290133516,2609.656040944646,2060.0,402.0,80.0
C_one_center_visible_rest_far,15,D,16,16,16,8411.148,412,16,1,1,C,196,196,0,1537.5046294065105,1499.3786014180114,5869.148169957996,3259.4921290133516,2609.656040944646,2060.0,402.0,80.0
C_one_center_visible_rest_far,16,BF,16,16,16,8995.801,381,16,1,1,B,42,0,0,,,6655.801348895061,3669.58799286329,2986.2133560317716,1905.0,355.0,80.0
C_one_center_visible_rest_far,16,CF,16,16,16,10438.938,454,16,1,1,C,288,0,0,,,7667.937588540089,3711.6136645414595,3956.323923998633,2270.0,421.0,80.0
C_one_center_visible_rest_far,16,D,16,16,16,10438.938,454,16,1,1,C,288,288,0,1504.2309442544808,1495.8384773863716,7667.937588540089,3711.6136645414595,3956.323923998633,2270.0,421.0,80.0
C_one_center_visible_rest_far,17,BF,16,16,16,8402.521,335,16,1,1,B,16,0,0,,,6325.521051874569,3797.776687987118,2527.744363887449,1675.0,322.0,80.0
C_one_center_visible_rest_far,17,CF,16,16,16,10932.742,499,16,1,1,C,326,0,0,,,7897.742204245251,2995.4995482416307,4902.242656003624,2495.0,460.0,80.0
C_one_center_visible_rest_far,17,D,16,16,16,10932.742,499,16,1,1,C,326,326,0,1502.534068849232,1495.8498627325685,7897.742204245251,2995.4995482416307,4902.242656003624,2495.0,460.0,80.0
C_one_center_visible_rest_far,18,BF,16,16,16,6978.707,292,16,1,1,B,0,0,0,,,5156.707185739837,3109.0073173097862,2047.699868430052,1460.0,282.0,80.0
C_one_center_visible_rest_far,18,CF,16,16,16,7706.519,386,16,1,1,C,104,0,0,,,5324.518576055045,3297.0985055138503,2027.420070541194,1930.0,372.0,80.0
C_one_center_visible_rest_far,18,D,16,16,16,7706.519,386,16,1,1,C,104,104,0,1506.348900206017,1437.6265192426097,5324.518576055045,3297.0985055138503,2027.420070541194,1930.0,372.0,80.0
C_one_center_visible_rest_far,19,BF,16,16,16,8459.273,330,16,1,1,B,0,0,0,,,6405.272899725688,3980.4611742404395,2424.8117254852477,1650.0,324.0,80.0
C_one_center_visible_rest_far,19,CF,16,16,16,9381.338,437,16,1,1,C,163,0,0,,,6711.33806466186,3193.182425961321,3518.155638700539,2185.0,405.0,80.0
C_one_center_visible_rest_far,19,D,16,16,16,9381.338,437,16,1,1,C,163,163,0,1506.3489002060185,1486.5147773857923,6711.33806466186,3193.182425961321,3518.155638700539,2185.0,405.0,80.0
C_one_center_visible_rest_far,20,BF,16,16,16,8362.564,352,16,1,1,B,16,0,0,,,6179.563647375313,3765.426239673779,2414.137407701533,1760.0,343.0,80.0
C_one_center_visible_rest_far,20,CF,16,16,16,9023.945,433,16,1,1,C,246,0,0,,,6373.9445370719,3307.0818364033653,3066.862700668536,2165.0,405.0,80.0
C_one_center_visible_rest_far,20,D,16,16,16,9023.945,433,16,1,1,C,246,246,0,1500.1816806649165,1489.3517698647938,6373.9445370719,3307.0818364033653,3066.862700668536,2165.0,405.0,80.0
C_one_center_visible_rest_far,21,BF,16,16,16,8769.064,345,16,1,1,B,14,0,0,,,6649.06398135876,3775.198292873863,2873.865688484898,1725.0,315.0,80.0
C_one_center_visible_rest_far,21,CF,16,16,16,8439.938,395,16,1,1,C,210,0,0,,,6002.937798534294,3150.950974204966,2851.9868243293304,1975.0,382.0,80.0
C_one_center_visible_rest_far,21,D,16,16,16,8439.938,395,16,1,1,C,210,210,0,1506.348900206018,1486.5147773857893,6002.937798534294,3150.950974204966,2851.9868243293304,1975.0,382.0,80.0
C_one_center_visible_rest_far,22,BF,16,16,16,8660.213,326,16,1,1,B,0,0,0,,,6646.212869797171,3603.400075347885,3042.8127944492862,1630.0,304.0,80.0
C_one_center_visible_rest_far,22,CF,16,16,16,8524.263,403,16,1,1,C,170,0,0,,,6045.262994475599,3368.320029443033,2676.942965032565,2015.0,384.0,80.0
C_one_center_visible_rest_far,22,D,16,16,16,8524.263,403,16,1,1,C,170,170,0,1529.9293813211793,1499.4353123997757,6045.262994475599,3368.320029443033,2676.942965032565,2015.0,384.0,80.0
C_one_center_visible_rest_far,23,BF,16,16,16,8545.64,350,16,1,1,B,17,0,0,,,6380.640497437233,3775.422311075181,2605.2181863620517,1750.0,335.0,80.0
C_one_center_visible_rest_far,23,CF,16,16,16,8228.506,364,16,1,1,C,155,0,0,,,5975.506339766107,3207.463837562648,2768.0425022034588,1820.0,353.0,80.0
C_one_center_visible_rest_far,23,D,16,16,16,8228.506,364,16,1,1,C,155,155,0,1506.348900206018,1470.867217263872,5975.506339766107,3207.463837562648,2768.0425022034588,1820.0,353.0,80.0
C_one_center_visible_rest_far,24,BF,16,16,16,9155.843,362,16,1,1,B,0,0,0,,,6930.843225655845,3827.1749173938106,3103.668308262035,1810.0,335.0,80.0
C_one_center_visible_rest_far,24,CF,16,16,16,9196.489,406,16,1,1,C,311,0,0,,,6709.4894113731525,3545.1578148586227,3164.33159651453,2030.0,377.0,80.0
C_one_center_visible_rest_far,24,D,16,16,16,9196.489,406,16,1,1,C,311,311,0,1506.348900206018,1490.871358453852,6709.4894113731525,3545.1578148586227,3164.33159651453,2030.0,377.0,80.0
C_one_center_visible_rest_far,25,BF,16,16,16,8111.345,311,16,1,1,B,0,0,0,,,6172.3445052081015,3745.9632727278845,2426.3812324802147,1555.0,304.0,80.0
C_one_center_visible_rest_far,25,CF,16,16,16,9155.559,454,16,1,1,C,256,0,0,,,6364.558500703976,3540.174916995681,2824.3835837082997,2270.0,441.0,80.0
C_one_center_visible_rest_far,25,D,16,16,16,9155.559,454,16,1,1,C,256,256,0,1503.9580222232028,1486.5147773857907,6364.558500703976,3540.174916995681,2824.3835837082997,2270.0,441.0,80.0
C_mirror_pair,1,BF,16,16,16,3431.467,226,16,1,4,B,0,0,0,,,2009.466840316279,734.6737581308159,1274.7930821854634,1130.0,212.0,80.0
C_mirror_pair,1,CF,16,16,16,5999.024,306,16,1,4,C,12,0,0,,,4093.023603991544,2278.0698804751787,1814.9537235163662,1530.0,296.0,80.0
C_mirror_pair,1,D,16,16,16,5999.024,306,16,1,4,C,12,12,0,1583.9192693293446,1498.4803568874647,4093.023603991544,2278.0698804751787,1814.9537235163662,1530.0,296.0,80.0
C_mirror_pair,2,BF,16,16,16,5660.168,160,16,1,7,B,0,0,0,,,4650.167541602889,1053.2451189237015,3596.9224226791894,800.0,130.0,80.0
C_mirror_pair,2,CF,16,16,16,5809.798,305,16,1,7,C,0,0,0,,,3904.7979148403106,2217.5400467736977,1687.2578680666124,1525.0,300.0,80.0
C_mirror_pair,2,D,16,16,16,5809.798,305,16,1,7,C,0,0,0,,1137.985979921696,3904.7979148403106,2217.5400467736977,1687.2578680666124,1525.0,300.0,80.0
C_mirror_pair,3,BF,16,16,16,4788.556,167,16,1,7,B,2,0,0,,,3721.5559620300087,734.6737581308159,2986.882203899193,835.0,152.0,80.0
C_mirror_pair,3,CF,16,16,16,5416.571,280,16,1,7,C,2,0,0,,,3665.5705118139567,2217.4521802219606,1448.1183315919973,1400.0,271.0,80.0
C_mirror_pair,3,D,16,16,16,5416.571,280,16,1,7,C,2,2,0,1572.1598353217269,1439.6527864898394,3665.5705118139567,2217.4521802219606,1448.1183315919973,1400.0,271.0,80.0
C_mirror_pair,4,BF,16,16,16,4610.531,245,16,1,4,B,2,0,0,,,3091.5314200579487,734.6737581308159,2356.8576619271316,1225.0,214.0,80.0
C_mirror_pair,4,CF,16,16,16,6083.26,307,16,1,4,C,13,0,0,,,4167.259810469876,2231.858467836934,1935.4013426329418,1535.0,301.0,80.0
C_mirror_pair,4,D,16,16,16,6083.26,307,16,1,4,C,13,13,0,1500.5657631020115,1357.1281091734845,4167.259810469876,2231.858467836934,1935.4013426329418,1535.0,301.0,80.0
C_mirror_pair,5,BF,16,16,16,6254.392,326,16,1,5,B,4,0,0,,,4229.392393967512,734.6737581308159,3494.7186358366953,1630.0,315.0,80.0
C_mirror_pair,5,CF,16,16,16,5826.544,307,16,1,5,C,0,0,0,,,3910.5442417639742,2256.7841878628005,1653.760053901174,1535.0,301.0,80.0
C_mirror_pair,5,D,16,16,16,5826.544,307,16,1,5,C,0,0,0,,1160.3256750159549,3910.5442417639742,2256.7841878628005,1653.760053901174,1535.0,301.0,80.0
C_mirror_pair,6,BF,16,16,16,3636.054,158,16,1,6,B,0,0,0,,,2609.05428714722,889.3881628163692,1719.6661243308515,790.0,157.0,80.0
C_mirror_pair,6,CF,16,16,16,5553.44,278,16,1,6,C,10,0,0,,,3812.4401355833106,2236.8692489172695,1575.5708866660425,1390.0,271.0,80.0
C_mirror_pair,6,D,16,16,16,5553.44,278,16,1,6,C,10,10,0,1798.5513255983844,1455.713183051984,3812.4401355833106,2236.8692489172695,1575.5708866660425,1390.0,271.0,80.0
C_mirror_pair,7,BF,16,16,16,3804.045,195,16,1,6,B,0,0,0,,,2566.045303473597,734.6737581308159,1831.3715453427815,975.0,183.0,80.0
C_mirror_pair,7,CF,16,16,16,5463.09,322,16,1,6,C,0,0,0,,,3462.089793166842,2237.969547410866,1224.1202457559746,1610.0,311.0,80.0
C_mirror_pair,7,D,16,16,16,5463.09,322,16,1,6,C,0,0,0,,1499.5137454370365,3462.089793166842,2237.969547410866,1224.1202457559746,1610.0,311.0,80.0
C_mirror_pair,8,BF,16,16,16,3362.207,122,16,1,8,B,0,0,0,,,2569.206528549676,734.6737581308159,1834.5327704188596,610.0,103.0,80.0
C_mirror_pair,8,CF,16,16,16,4881.759,275,16,1,8,C,6,0,0,,,3154.7586366488904,2252.808632269839,901.95000437905,1375.0,272.0,80.0
C_mirror_pair,8,D,16,16,16,4881.759,275,16,1,8,C,6,6,0,1506.3489002060192,1283.2998517318797,3154.7586366488904,2252.808632269839,901.95000437905,1375.0,272.0,80.0
C_mirror_pair,9,BF,16,16,16,4075.886,126,16,1,6,B,0,0,0,,,3254.885613476657,734.6737581308159,2520.21185534584,630.0,111.0,80.0
C_mirror_pair,9,CF,16,16,16,6187.401,311,16,1,6,C,21,0,0,,,4248.4006967455225,2236.5533029983017,2011.8473937472227,1555.0,304.0,80.0
C_mirror_pair,9,D,16,16,16,6187.401,311,16,1,6,C,21,21,0,1571.7020858426283,1460.8288468037308,4248.4006967455225,2236.5533029983017,2011.8473937472227,1555.0,304.0,80.0
C_mirror_pair,10,BF,16,16,16,4565.048,165,16,1,4,B,0,0,0,,,3540.047686764583,734.6737581308159,2805.373928633767,825.0,120.0,80.0
C_mirror_pair,10,CF,16,16,16,5844.148,291,16,1,4,C,12,0,0,,,4026.1484669155325,2217.4521802219606,1808.6962866935733,1455.0,283.0,80.0
C_mirror_pair,10,D,16,16,16,5844.148,291,16,1,4,C,12,12,0,1567.7071434909021,1162.911961939657,4026.1484669155325,2217.4521802219606,1808.6962866935733,1455.0,283.0,80.0
C_mirror_pair,11,BF,16,16,16,4413.156,154,16,1,4,B,0,0,0,,,3420.1556756020964,889.3881628163692,2530.7675127857274,770.0,143.0,80.0
C_mirror_pair,11,CF,16,16,16,5968.639,298,16,1,4,C,15,0,0,,,4106.639184042103,2279.027476504308,1827.6117075377952,1490.0,292.0,80.0
C_mirror_pair,11,D,16,16,16,5968.639,298,16,1,4,C,15,15,0,1506.3489002060187,1480.991691868918,4106.639184042103,2279.027476504308,1827.6117075377952,1490.0,292.0,80.0
C_mirror_pair,12,BF,16,16,16,4924.869,195,16,1,5,B,4,0,0,,,3677.868888333515,734.6737581308159,2943.195130202698,975.0,192.0,80.0
C_mirror_pair,12,CF,16,16,16,4886.573,317,16,1,5,C,22,0,0,,,2906.5729752679613,2262.4050807682943,644.1678944996668,1585.0,315.0,80.0
C_mirror_pair,12,D,16,16,16,4886.573,317,16,1,5,C,22,22,0,1504.1094287240628,1467.1713640063842,2906.5729752679613,2262.4050807682943,644.1678944996668,1585.0,315.0,80.0
C_mirror_pair,13,BF,16,16,16,4479.467,144,16,1,6,B,0,0,0,,,3543.4668095032584,889.3881628163692,2654.078646686889,720.0,136.0,80.0
C_mirror_pair,13,CF,16,16,16,4873.401,262,16,1,6,C,30,0,0,,,3226.401267301594,2225.8509765495432,1000.5502907520515,1310.0,257.0,80.0
C_mirror_pair,13,D,16,16,16,4873.401,262,16,1,6,C,30,30,0,1506.3489002060185,1465.2387680513866,3226.401267301594,2225.8509765495432,1000.5502907520515,1310.0,257.0,80.0
C_mirror_pair,14,BF,16,16,16,4681.36,167,16,1,4,B,1,0,0,,,3620.3598966346967,889.3881628163692,2730.971733818327,835.0,146.0,80.0
C_mirror_pair,14,CF,16,16,16,4521.014,265,16,1,4,C,40,0,0,,,2853.013611617115,2313.695618871655,539.3179927454603,1325.0,263.0,80.0
C_mirror_pair,14,D,16,16,16,4521.014,265,16,1,4,C,40,40,0,1506.3489002060176,1465.790295890346,2853.013611617115,2313.695618871655,539.3179927454603,1325.0,263.0,80.0
C_mirror_pair,15,BF,16,16,16,4375.413,116,16,1,5,B,0,0,0,,,3608.4131332119273,734.6737581308159,2873.739375081111,580.0,107.0,80.0
C_mirror_pair,15,CF,16,16,16,5071.259,290,16,1,5,C,10,0,0,,,3254.259105930825,2260.596835272767,993.662270658058,1450.0,287.0,80.0
C_mirror_pair,15,D,16,16,16,5071.259,290,16,1,5,C,10,10,0,1874.6551234282674,1473.5202049365091,3254.259105930825,2260.596835272767,993.662270658058,1450.0,287.0,80.0
C_mirror_pair,16,BF,16,16,16,3467.075,141,16,1,5,B,0,0,0,,,2554.0751542125354,889.3881628163692,1664.686991396166,705.0,128.0,80.0
C_mirror_pair,16,CF,16,16,16,4945.619,260,16,1,5,C,13,0,0,,,3317.619284509587,2257.138166801535,1060.4811177080514,1300.0,248.0,80.0
C_mirror_pair,16,D,16,16,16,4945.619,260,16,1,5,C,13,13,0,1506.3489002060167,1395.458752366136,3317.619284509587,2257.138166801535,1060.4811177080514,1300.0,248.0,80.0
C_mirror_pair,17,BF,16,16,16,7398.168,143,16,1,6,B,0,0,0,,,6477.168228294531,734.6737581308159,5742.494470163716,715.0,126.0,80.0
C_mirror_pair,17,CF,16,16,16,5357.08,314,16,1,6,C,23,0,0,,,3397.0797075530495,2218.6469974734573,1178.4327100795929,1570.0,310.0,80.0
C_mirror_pair,17,D,16,16,16,5357.08,314,16,1,6,C,23,23,0,1583.919269329346,1470.6037687210303,3397.0797075530495,2218.6469974734573,1178.4327100795929,1570.0,310.0,80.0
C_mirror_pair,18,BF,16,16,16,4236.44,143,16,1,5,B,0,0,0,,,3328.4400151953723,734.6737581308159,2593.7662570645552,715.0,113.0,80.0
C_mirror_pair,18,CF,16,16,16,5451.18,301,16,1,5,C,29,0,0,,,3569.1802221841785,2231.549453858296,1337.6307683258822,1505.0,297.0,80.0
C_mirror_pair,18,D,16,16,16,5451.18,301,16,1,5,C,29,29,0,1620.2897031679531,1460.312610380832,3569.1802221841785,2231.549453858296,1337.6307683258822,1505.0,297.0,80.0
C_mirror_pair,19,BF,16,16,16,5724.864,123,16,1,7,B,0,0,0,,,4917.864160181672,734.6737581308159,4183.190402050855,615.0,112.0,80.0
C_mirror_pair,19,CF,16,16,16,5210.741,302,16,1,7,C,7,0,0,,,3322.7408254133447,2246.549562118749,1076.191263294597,1510.0,298.0,80.0
C_mirror_pair,19,D,16,16,16,5210.741,302,16,1,7,C,7,7,0,1506.348900206018,1403.2807992491107,3322.7408254133447,2246.549562118749,1076.191263294597,1510.0,298.0,80.0
C_mirror_pair,20,BF,16,16,16,4950.5,132,16,1,5,B,0,0,0,,,4092.5004347582303,734.6737581308159,3357.826676627415,660.0,118.0,80.0
C_mirror_pair,20,CF,16,16,16,5034.002,298,16,1,5,C,27,0,0,,,3171.002085549494,2222.2753425788633,948.7267429706295,1490.0,293.0,80.0
C_mirror_pair,20,D,16,16,16,5034.002,298,16,1,5,C,27,27,0,1535.6472499376832,1464.689690844073,3171.002085549494,2222.2753425788633,948.7267429706295,1490.0,293.0,80.0
C_mirror_pair,21,BF,16,16,16,5493.613,137,16,1,5,B,0,0,0,,,4613.61277386691,734.6737581308159,3878.939015736096,685.0,115.0,80.0
C_mirror_pair,21,CF,16,16,16,5934.588,292,16,1,5,C,34,0,0,,,4109.588246314909,2236.1216278639254,1873.4666184509829,1460.0,285.0,80.0
C_mirror_pair,21,D,16,16,16,5934.588,292,16,1,5,C,34,34,0,1506.3489002060185,1499.187135219045,4109.588246314909,2236.1216278639254,1873.4666184509829,1460.0,285.0,80.0
C_mirror_pair,22,BF,16,16,16,5481.439,246,16,1,7,B,1,0,0,,,3932.4392266602226,734.6737581308159,3197.765468529406,1230.0,239.0,80.0
C_mirror_pair,22,CF,16,16,16,5148.11,329,16,1,7,C,16,0,0,,,3096.110442764842,2314.106062787612,782.0043799772286,1645.0,327.0,80.0
C_mirror_pair,22,D,16,16,16,5148.11,329,16,1,7,C,16,16,0,1502.0678918503627,1322.478111565779,3096.110442764842,2314.106062787612,782.0043799772286,1645.0,327.0,80.0
C_mirror_pair,23,BF,16,16,16,5186.304,213,16,1,7,B,1,0,0,,,3838.3041026831856,889.3881628163692,2948.9159398668166,1065.0,203.0,80.0
C_mirror_pair,23,CF,16,16,16,5993.623,295,16,1,7,C,0,0,0,,,4149.623465281139,2217.4521802219606,1932.1712850591784,1475.0,289.0,80.0
C_mirror_pair,23,D,16,16,16,5993.623,295,16,1,7,C,0,0,0,,1475.546417532836,4149.623465281139,2217.4521802219606,1932.1712850591784,1475.0,289.0,80.0
C_mirror_pair,24,BF,16,16,16,5312.683,323,16,1,5,B,0,0,0,,,3302.682967134507,734.6737581308159,2568.00920900369,1615.0,315.0,80.0
C_mirror_pair,24,CF,16,16,16,5234.322,327,16,1,5,C,0,0,0,,,3198.3217803450216,2238.875976693371,959.4458036516512,1635.0,321.0,80.0
C_mirror_pair,24,D,16,16,16,5234.322,327,16,1,5,C,0,0,0,,1107.8475282791035,3198.3217803450216,2238.875976693371,959.4458036516512,1635.0,321.0,80.0
C_mirror_pair,25,BF,16,16,16,5500.751,141,16,1,4,B,0,0,0,,,4587.750510977038,1053.2451189237015,3534.505392053338,705.0,128.0,80.0
C_mirror_pair,25,CF,16,16,16,5892.56,315,16,1,4,C,17,0,0,,,3929.559607543327,2278.6116283218253,1650.9479792215013,1575.0,308.0,80.0
C_mirror_pair,25,D,16,16,16,5892.56,315,16,1,4,C,17,17,0,1506.3489002060173,1485.7551143569679,3929.559607543327,2278.6116283218253,1650.9479792215013,1575.0,308.0,80.0
C_min_radius_outward,1,BF,16,16,16,8472.185,378,16,1,0,B,28,0,0,,,6148.184873148039,3953.5141194310268,2194.6707537170096,1890.0,354.0,80.0
C_min_radius_outward,1,CF,16,16,16,8569.311,452,16,1,0,C,149,0,0,,,5782.311308583167,3497.7943110889173,2284.516997494249,2260.0,447.0,80.0
C_min_radius_outward,1,D,16,16,16,8472.185,378,16,1,0,B,28,28,0,1524.9710773873624,1377.3591025543794,6148.184873148039,3953.5141194310268,2194.6707537170096,1890.0,354.0,80.0
C_min_radius_outward,2,BF,16,16,16,7486.329,293,16,1,0,B,18,0,0,,,5656.32892577919,3472.6537153118616,2183.6752104673283,1465.0,285.0,80.0
C_min_radius_outward,2,CF,16,16,16,6833.435,364,16,1,0,C,97,0,0,,,4587.4352334630685,2807.870626263555,1779.5646071995147,1820.0,346.0,80.0
C_min_radius_outward,2,D,16,16,16,7486.329,293,16,1,0,B,18,18,0,1514.9325046045176,1403.5539483051482,5656.32892577919,3472.6537153118616,2183.6752104673283,1465.0,285.0,80.0
C_min_radius_outward,3,BF,16,16,16,8027.094,359,16,1,0,B,0,0,0,,,5802.093640543343,3794.6217584692968,2007.471882074048,1795.0,350.0,80.0
C_min_radius_outward,3,CF,16,16,16,8784.431,412,16,1,0,C,193,0,0,,,6241.43081610476,3488.530999685138,2752.8998164196223,2060.0,403.0,80.0
C_min_radius_outward,3,D,16,16,16,8027.094,359,16,1,0,B,0,0,0,,829.5950289877068,5802.093640543343,3794.6217584692968,2007.471882074048,1795.0,350.0,80.0
C_min_radius_outward,4,BF,16,16,16,8173.923,329,16,1,0,B,15,0,0,,,6138.923476661888,3711.806115096752,2427.1173615651355,1645.0,310.0,80.0
C_min_radius_outward,4,CF,16,16,16,8429.548,440,16,1,0,C,260,0,0,,,5723.547679992605,3597.7771761644026,2125.7705038282033,2200.0,426.0,80.0
C_min_radius_outward,4,D,16,16,16,8173.923,329,16,1,0,B,15,15,0,1703.2871266041404,1427.2154684462882,6138.923476661888,3711.806115096752,2427.1173615651355,1645.0,310.0,80.0
C_min_radius_outward,5,BF,16,16,16,8558.58,374,16,1,0,B,0,0,0,,,6254.57956738436,3987.5032921922957,2267.0762751920684,1870.0,354.0,80.0
C_min_radius_outward,5,CF,16,16,16,9742.826,471,16,1,0,C,199,0,0,,,6869.826423897901,3515.2456529312035,3354.580770966697,2355.0,438.0,80.0
C_min_radius_outward,5,D,16,16,16,8558.58,374,16,1,0,B,0,0,0,,1024.086573982755,6254.57956738436,3987.5032921922957,2267.0762751920684,1870.0,354.0,80.0
C_min_radius_outward,6,BF,16,16,16,8302.868,383,16,1,0,B,0,0,0,,,5926.8676860379455,3789.1079737821306,2137.7597122558172,1915.0,381.0,80.0
C_min_radius_outward,6,CF,16,16,16,8847.783,465,16,1,0,C,277,0,0,,,5984.783335234847,2984.1420548097944,3000.641280425054,2325.0,458.0,80.0
C_min_radius_outward,6,D,16,16,16,8302.868,383,16,1,0,B,0,0,0,,1106.2396268291332,5926.8676860379455,3789.1079737821306,2137.7597122558172,1915.0,381.0,80.0
C_min_radius_outward,7,BF,16,16,16,8165.902,335,16,1,0,B,0,0,0,,,6081.90235668831,3993.690577693709,2088.2117789945983,1675.0,329.0,80.0
C_min_radius_outward,7,CF,16,16,16,10026.828,495,16,1,0,C,153,0,0,,,6994.828272186701,3677.020778724412,3317.8074934622905,2475.0,477.0,80.0
C_min_radius_outward,7,D,16,16,16,8165.902,335,16,1,0,B,0,0,0,,1081.2143090526797,6081.90235668831,3993.690577693709,2088.2117789945983,1675.0,329.0,80.0
C_min_radius_outward,8,BF,16,16,16,7269.476,313,16,1,0,B,133,0,0,,,5344.47573690559,2759.233613229915,2585.242123675673,1565.0,280.0,80.0
C_min_radius_outward,8,CF,16,16,16,7923.306,406,16,1,0,C,203,0,0,,,5421.306462651897,3345.636734845364,2075.6697278065344,2030.0,392.0,80.0
C_min_radius_outward,8,D,16,16,16,7269.476,313,16,1,0,B,133,133,0,1505.1788977241963,1491.0442574179106,5344.47573690559,2759.233613229915,2585.242123675673,1565.0,280.0,80.0
C_min_radius_outward,9,BF,16,16,16,9350.752,412,16,1,0,B,80,0,0,,,6805.7522429843275,3774.6259588135745,3031.126284170754,2060.0,405.0,80.0
C_min_radius_outward,9,CF,16,16,16,9663.277,438,16,1,0,C,237,0,0,,,6988.277272591611,3692.3825747792043,3295.8946978124104,2190.0,405.0,80.0
C_min_radius_outward,9,D,16,16,16,9350.752,412,16,1,0,B,80,80,0,1500.8554107053637,1445.497058129352,6805.7522429843275,3774.6259588135745,3031.126284170754,2060.0,405.0,80.0
C_min_radius_outward,10,BF,16,16,16,7158.971,292,16,1,0,B,15,0,0,,,5342.971460978935,3040.948157694537,2302.0233032844,1460.0,276.0,80.0
C_min_radius_outward,10,CF,16,16,16,8507.247,426,16,1,0,C,184,0,0,,,5886.247124386121,3300.3015976088845,2585.9455267772364,2130.0,411.0,80.0
C_min_radius_outward,10,D,16,16,16,7158.971,292,16,1,0,B,15,15,0,1557.3123787373072,1385.8544629940666,5342.971460978935,3040.948157694537,2302.0233032844,1460.0,276.0,80.0
C_min_radius_outward,11,BF,16,16,16,8130.739,372,16,1,0,B,0,0,0,,,5829.739032448013,3812.1475202263314,2017.5915122216825,1860.0,361.0,80.0
C_min_radius_outward,11,CF,16,16,16,9909.332,469,16,1,0,C,229,0,0,,,7039.332451067826,3649.2696059871632,3390.0628450806626,2345.0,445.0,80.0
C_min_radius_outward,11,D,16,16,16,8130.739,372,16,1,0,B,0,0,0,,1112.4285342288222,5829.739032448013,3812.1475202263314,2017.5915122216825,1860.0,361.0,80.0
C_min_radius_outward,12,BF,16,16,16,7727.637,361,16,1,0,B,0,0,0,,,5484.637025976367,3823.9088700943967,1660.7281558819707,1805.0,358.0,80.0
C_min_radius_outward,12,CF,16,16,16,8046.54,401,16,1,0,C,165,0,0,,,5565.540100784163,3369.8468479751914,2195.693252808971,2005.0,396.0,80.0
C_min_radius_outward,12,D,16,16,16,7727.637,361,16,1,0,B,0,0,0,,1166.3154253105258,5484.637025976367,3823.9088700943967,1660.7281558819707,1805.0,358.0,80.0
C_min_radius_outward,13,BF,16,16,16,8512.011,372,16,1,0,B,68,0,0,,,6238.011421111335,3185.465589358967,3052.545831752369,1860.0,334.0,80.0
C_min_radius_outward,13,CF,16,16,16,10213.891,557,16,1,0,C,349,0,0,,,6820.891392701433,3690.0293844529347,3130.862008248503,2785.0,528.0,80.0
C_min_radius_outward,13,D,16,16,16,8512.011,372,16,1,0,B,68,68,0,1501.2480846223575,1384.4493376298742,6238.011421111335,3185.465589358967,3052.545831752369,1860.0,334.0,80.0
C_min_radius_outward,14,BF,16,16,16,9201.829,423,16,1,0,B,16,0,0,,,6621.828720032758,3753.457407203789,2868.3713128289723,2115.0,385.0,80.0
C_min_radius_outward,14,CF,16,16,16,9151.804,444,16,1,0,C,269,0,0,,,6424.804375768183,3504.7041882438,2920.100187524385,2220.0,427.0,80.0
C_min_radius_outward,14,D,16,16,16,9201.829,423,16,1,0,B,16,16,0,1661.9876217799322,1400.25542996554,6621.828720032758,3753.457407203789,2868.3713128289723,2115.0,385.0,80.0
C_min_radius_outward,15,BF,16,16,16,8046.207,331,16,1,0,B,15,0,0,,,5986.206994972429,3766.3500017613924,2219.856993211038,1655.0,325.0,80.0
C_min_radius_outward,15,CF,16,16,16,8785.925,427,16,1,0,C,254,0,0,,,6152.925361496713,3703.812369414746,2449.1129920819694,2135.0,418.0,80.0
C_min_radius_outward,15,D,16,16,16,8046.207,331,16,1,0,B,15,15,0,1801.2207643896231,1498.4423080813403,5986.206994972429,3766.3500017613924,2219.856993211038,1655.0,325.0,80.0
C_min_radius_outward,16,BF,16,16,16,9068.112,416,16,1,0,B,37,0,0,,,6510.111510259931,3946.2407312309288,2563.870779029001,2080.0,398.0,80.0
C_min_radius_outward,16,CF,16,16,16,9446.717,439,16,1,0,C,199,0,0,,,6771.716922988601,3472.303644195687,3299.413278792912,2195.0,400.0,80.0
C_min_radius_outward,16,D,16,16,16,9068.112,416,16,1,0,B,37,37,0,1508.7255321521347,1457.2820208174167,6510.111510259931,3946.2407312309288,2563.870779029001,2080.0,398.0,80.0
C_min_radius_outward,17,BF,16,16,16,9243.631,408,16,1,0,B,26,0,0,,,6718.630694555608,3812.7625400984634,2905.8681544571423,2040.0,405.0,80.0
C_min_radius_outward,17,CF,16,16,16,8318.586,416,16,1,0,C,265,0,0,,,5758.586326197537,3172.649557847714,2585.936768349823,2080.0,400.0,80.0
C_min_radius_outward,17,D,16,16,16,9243.631,408,16,1,0,B,26,26,0,1515.1533988388119,1484.41937708661,6718.630694555608,3812.7625400984634,2905.8681544571423,2040.0,405.0,80.0
C_min_radius_outward,18,BF,16,16,16,8371.199,413,16,1,0,B,15,0,0,,,5827.198952795175,3655.6365217984944,2171.562430996681,2065.0,399.0,80.0
C_min_radius_outward,18,CF,16,16,16,8224.279,416,16,1,0,C,213,0,0,,,5661.27937962244,3129.96515965269,2531.31421996975,2080.0,403.0,80.0
C_min_radius_outward,18,D,16,16,16,8371.199,413,16,1,0,B,15,15,0,1655.009283992915,1375.2348135540262,5827.198952795175,3655.6365217984944,2171.562430996681,2065.0,399.0,80.0
C_min_radius_outward,19,BF,16,16,16,8384.945,343,16,1,0,B,16,0,0,,,6253.945064873866,3784.8651257687675,2469.079939105097,1715.0,336.0,80.0
C_min_radius_outward,19,CF,16,16,16,8825.686,413,16,1,0,C,239,0,0,,,6295.686495204279,3318.0360540591023,2977.650441145177,2065.0,385.0,80.0
C_min_radius_outward,19,D,16,16,16,8384.945,343,16,1,0,B,16,16,0,1501.5121519450126,1399.6674123995758,6253.945064873866,3784.8651257687675,2469.079939105097,1715.0,336.0,80.0
C_min_radius_outward,20,BF,16,16,16,7860.631,321,16,1,0,B,0,0,0,,,5867.630637687889,3803.176364452482,2064.4542732354066,1605.0,308.0,80.0
C_min_radius_outward,20,CF,16,16,16,8133.186,383,16,1,0,C,171,0,0,,,5789.1861547303915,3217.552515123171,2571.633639607224,1915.0,349.0,80.0
C_min_radius_outward,20,D,16,16,16,7860.631,321,16,1,0,B,0,0,0,,738.003919998917,5867.630637687889,3803.176364452482,2064.4542732354066,1605.0,308.0,80.0
C_min_radius_outward,21,BF,16,16,16,9010.817,366,16,1,0,B,32,0,0,,,6752.817000775474,3774.934666813857,2977.882333961616,1830.0,348.0,80.0
C_min_radius_outward,21,CF,16,16,16,8408.208,429,16,1,0,C,242,0,0,,,5766.208070549863,3534.305283325388,2231.9027872244787,2145.0,417.0,80.0
C_min_radius_outward,21,D,16,16,16,9010.817,366,16,1,0,B,32,32,0,1561.4809061333442,1421.173395599525,6752.817000775474,3774.934666813857,2977.882333961616,1830.0,348.0,80.0
C_min_radius_outward,22,BF,16,16,16,7639.727,328,16,1,0,B,0,0,0,,,5596.727354539135,3591.5514517228175,2005.1759028163183,1640.0,323.0,80.0
C_min_radius_outward,22,CF,16,16,16,7989.241,382,16,1,0,C,195,0,0,,,5637.241152599006,3006.0092493996517,2631.2319031993547,1910.0,362.0,80.0
C_min_radius_outward,22,D,16,16,16,7639.727,328,16,1,0,B,0,0,0,,1145.2223329903106,5596.727354539135,3591.5514517228175,2005.1759028163183,1640.0,323.0,80.0
C_min_radius_outward,23,BF,16,16,16,7819.728,310,16,1,0,B,0,0,0,,,5900.72788457592,3448.143903466329,2452.583981109595,1550.0,289.0,80.0
C_min_radius_outward,23,CF,16,16,16,8414.824,417,16,1,0,C,171,0,0,,,5842.82405781782,3280.816851298196,2562.0072065196237,2085.0,407.0,80.0
C_min_radius_outward,23,D,16,16,16,7819.728,310,16,1,0,B,0,0,0,,1065.0418768210752,5900.72788457592,3448.143903466329,2452.583981109595,1550.0,289.0,80.0
C_min_radius_outward,24,BF,16,16,16,8864.269,411,16,1,0,B,12,0,0,,,6329.269166547503,3780.8104397114253,2548.4587268360756,2055.0,400.0,80.0
C_min_radius_outward,24,CF,16,16,16,7579.848,384,16,1,0,C,201,0,0,,,5199.847975704749,3481.1794235004227,1718.668552204327,1920.0,380.0,80.0
C_min_radius_outward,24,D,16,16,16,8864.269,411,16,1,0,B,12,12,0,1622.983755034674,1472.747049575496,6329.269166547503,3780.8104397114253,2548.4587268360756,2055.0,400.0,80.0
C_min_radius_outward,25,BF,16,16,16,8452.617,388,16,1,0,B,0,0,0,,,6064.6170179206565,3805.694531210402,2258.9224867102544,1940.0,368.0,80.0
C_min_radius_outward,25,CF,16,16,16,8740.729,435,16,1,0,C,205,0,0,,,6063.728665872646,3707.0355793684566,2356.6930865041895,2175.0,422.0,80.0
C_min_radius_outward,25,D,16,16,16,8452.617,388,16,1,0,B,0,0,0,,817.5135294671028,6064.6170179206565,3805.694531210402,2258.9224867102544,1940.0,368.0,80.0
C_min_radius_inward,1,BF,16,16,16,7917.363,377,16,1,0,B,40,0,0,,,5581.362837133241,3451.8818775129967,2129.4809596202435,1885.0,371.0,80.0
C_min_radius_inward,1,CF,16,16,16,5505.564,274,16,1,0,C,249,0,0,,,3785.5639318479098,1157.8865399969663,2627.6773918509425,1370.0,270.0,80.0
C_min_radius_inward,1,D,16,16,16,7917.363,377,16,1,0,B,40,40,0,1505.7127470107355,1436.8054685646257,5581.362837133241,3451.8818775129967,2129.4809596202435,1885.0,371.0,80.0
C_min_radius_inward,2,BF,16,16,16,8269.398,317,16,1,0,B,87,0,0,,,6297.397874849439,3438.4104367530645,2858.9874380963756,1585.0,307.0,80.0
C_min_radius_inward,2,CF,16,16,16,5807.736,282,16,1,0,C,458,0,0,,,4044.735686716531,1157.8865399969663,2886.8491467195636,1410.0,273.0,80.0
C_min_radius_inward,2,D,16,16,16,8269.398,317,16,1,0,B,87,87,0,1514.3233918725236,1499.5464022993638,6297.397874849439,3438.4104367530645,2858.9874380963756,1585.0,307.0,80.0
C_min_radius_inward,3,BF,16,16,16,7836.452,344,16,1,0,B,35,0,0,,,5700.452164185706,3472.7562973431186,2227.69586684259,1720.0,336.0,80.0
C_min_radius_inward,3,CF,16,16,16,5180.272,231,16,1,0,C,266,0,0,,,3727.272470453675,1235.3570454172489,2491.9154250364277,1155.0,218.0,80.0
C_min_radius_inward,3,D,16,16,16,7836.452,344,16,1,0,B,35,35,0,1539.7517251850081,1440.8899665903512,5700.452164185706,3472.7562973431186,2227.69586684259,1720.0,336.0,80.0
C_min_radius_inward,4,BF,16,16,16,8493.875,379,16,1,0,B,52,0,0,,,6152.875223047288,4157.156453125553,1995.718769921737,1895.0,366.0,80.0
C_min_radius_inward,4,CF,16,16,16,5615.183,224,16,1,0,C,303,0,0,,,4208.183070468674,1157.8865399969663,3050.296530471708,1120.0,207.0,80.0
C_min_radius_inward,4,D,16,16,16,8493.875,379,16,1,0,B,52,52,0,1539.7517251850052,1374.9317303993778,6152.875223047288,4157.156453125553,1995.718769921737,1895.0,366.0,80.0
C_min_radius_inward,5,BF,16,16,16,8163.494,407,16,1,0,B,42,0,0,,,5648.494298604533,3585.8157246546016,2062.678573949932,2035.0,400.0,80.0
C_min_radius_inward,5,CF,16,16,16,5015.506,259,16,1,0,C,288,0,0,,,3396.5055802501483,1157.8865399969663,2238.6190402531815,1295.0,244.0,80.0
C_min_radius_inward,5,D,16,16,16,8163.494,407,16,1,0,B,42,42,0,1509.8323579359303,1499.481954303602,5648.494298604533,3585.8157246546016,2062.678573949932,2035.0,400.0,80.0
C_min_radius_inward,6,BF,16,16,16,7595.037,325,16,1,0,B,16,0,0,,,5568.036910206881,3781.578089340296,1786.458820866583,1625.0,322.0,80.0
C_min_radius_inward,6,CF,16,16,16,4783.49,222,16,1,0,C,216,0,0,,,3378.49010608331,1510.1419758834681,1868.3481301998418,1110.0,215.0,80.0
C_min_radius_inward,6,D,16,16,16,7595.037,325,16,1,0,B,16,16,0,1554.1460604075294,1442.0776112505766,5568.036910206881,3781.578089340296,1786.458820866583,1625.0,322.0,80.0
C_min_radius_inward,7,BF,16,16,16,7893.917,332,16,1,0,B,50,0,0,,,5833.9173740503165,3441.7237480926237,2392.193625957694,1660.0,320.0,80.0
C_min_radius_inward,7,CF,16,16,16,5198.736,230,16,1,0,C,271,0,0,,,3751.7357126487977,1157.8865399969663,2593.8491726518305,1150.0,217.0,80.0
C_min_radius_inward,7,D,16,16,16,7893.917,332,16,1,0,B,50,50,0,1512.5474169169665,1481.7787687156315,5833.9173740503165,3441.7237480926237,2392.193625957694,1660.0,320.0,80.0
C_min_radius_inward,8,BF,16,16,16,7667.434,300,16,1,0,B,55,0,0,,,5789.434118507179,3426.169575742364,2363.264542764815,1500.0,298.0,80.0
C_min_radius_inward,8,CF,16,16,16,4665.503,200,16,1,0,C,188,0,0,,,3394.502574367772,1235.3570454172489,2159.145528950523,1000.0,191.0,80.0
C_min_radius_inward,8,D,16,16,16,7667.434,300,16,1,0,B,55,55,0,1543.9837444195484,1457.17098731816,5789.434118507179,3426.169575742364,2363.264542764815,1500.0,298.0,80.0
C_min_radius_inward,9,BF,16,16,16,8209.411,362,16,1,0,B,39,0,0,,,5966.4111592817835,4106.658155661759,1859.7530036200242,1810.0,353.0,80.0
C_min_radius_inward,9,CF,16,16,16,5767.239,276,16,1,0,C,348,0,0,,,4046.2393002997433,1157.8865399969663,2888.3527603027765,1380.0,261.0,80.0
C_min_radius_inward,9,D,16,16,16,8209.411,362,16,1,0,B,39,39,0,1555.8530739314024,1467.1844609774655,5966.4111592817835,4106.658155661759,1859.7530036200242,1810.0,353.0,80.0
C_min_radius_inward,10,BF,16,16,16,8274.567,364,16,1,0,B,57,0,0,,,6019.567354804347,4127.951321355904,1891.616033448443,1820.0,355.0,80.0
C_min_radius_inward,10,CF,16,16,16,6700.373,277,16,1,0,C,147,0,0,,,4966.373183079469,2754.956175406127,2211.4170076733453,1385.0,269.0,80.0
C_min_radius_inward,10,D,16,16,16,8274.567,364,16,1,0,B,57,57,0,1504.8395189636701,1498.7308948346304,6019.567354804347,4127.951321355904,1891.616033448443,1820.0,355.0,80.0
C_min_radius_inward,11,BF,16,16,16,7944.65,365,16,1,0,B,47,0,0,,,5689.650232204881,3454.8176769710503,2234.832555233833,1825.0,350.0,80.0
C_min_radius_inward,11,CF,16,16,16,4744.701,233,16,1,0,C,161,0,0,,,3272.7010128390157,1235.3570454172489,2037.343967421767,1165.0,227.0,80.0
C_min_radius_inward,11,D,16,16,16,7944.65,365,16,1,0,B,47,47,0,1501.0075757703098,1472.4595934494728,5689.650232204881,3454.8176769710503,2234.832555233833,1825.0,350.0,80.0
C_min_radius_inward,12,BF,16,16,16,7907.515,326,16,1,0,B,25,0,0,,,5878.514668595996,3453.106941313846,2425.4077272821496,1630.0,319.0,80.0
C_min_radius_inward,12,CF,16,16,16,4968.132,221,16,1,0,C,304,0,0,,,3569.132396903132,1235.3570454172489,2333.775351485882,1105.0,214.0,80.0
C_min_radius_inward,12,D,16,16,16,7907.515,326,16,1,0,B,25,25,0,1512.4215934718559,1386.4787726671989,5878.514668595996,3453.106941313846,2425.4077272821496,1630.0,319.0,80.0
C_min_radius_inward,13,BF,16,16,16,8313.815,358,16,1,0,B,59,0,0,,,6094.8152752355945,4126.859356280055,1967.9559189555396,1790.0,349.0,80.0
C_min_radius_inward,13,CF,16,16,16,5798.409,246,16,1,0,C,268,0,0,,,4260.409382868249,1695.6248195828841,2564.7845632853637,1230.0,228.0,80.0
C_min_radius_inward,13,D,16,16,16,8313.815,358,16,1,0,B,59,59,0,1539.751725185006,1440.8899665903486,6094.8152752355945,4126.859356280055,1967.9559189555396,1790.0,349.0,80.0
C_min_radius_inward,14,BF,16,16,16,8926.029,413,16,1,0,B,70,0,0,,,6384.029361257712,3840.8912148602853,2543.1381463974267,2065.0,397.0,80.0
C_min_radius_inward,14,CF,16,16,16,5570.694,252,16,1,0,C,126,0,0,,,3995.694071231745,1510.1419758834681,2485.552095348277,1260.0,235.0,80.0
C_min_radius_inward,14,D,16,16,16,8926.029,413,16,1,0,B,70,70,0,1539.751725185007,1396.3319580406035,6384.029361257712,3840.8912148602853,2543.1381463974267,2065.0,397.0,80.0
C_min_radius_inward,15,BF,16,16,16,8903.27,377,16,1,0,B,36,0,0,,,6570.2696616043795,4113.14667581796,2457.122985786421,1885.0,368.0,80.0
C_min_radius_inward,15,CF,16,16,16,5488.385,232,16,1,0,C,284,0,0,,,4032.385312315135,1670.2955084149125,2362.089803900222,1160.0,216.0,80.0
C_min_radius_inward,15,D,16,16,16,8903.27,377,16,1,0,B,36,36,0,1504.3105414010038,1497.2345525630353,6570.2696616043795,4113.14667581796,2457.122985786421,1885.0,368.0,80.0
C_min_radius_inward,16,BF,16,16,16,8925.498,397,16,1,0,B,17,0,0,,,6497.4979849557885,3805.8352209728696,2691.6627639829217,1985.0,363.0,80.0
C_min_radius_inward,16,CF,16,16,16,4985.267,228,16,1,0,C,213,0,0,,,3546.2674401098584,1510.1419758834681,2036.12546422639,1140.0,219.0,80.0
C_min_radius_inward,16,D,16,16,16,8925.498,397,16,1,0,B,17,17,0,1515.540541821394,1389.0242974763237,6497.4979849557885,3805.8352209728696,2691.6627639829217,1985.0,363.0,80.0
C_min_radius_inward,17,BF,16,16,16,7708.855,344,16,1,0,B,56,0,0,,,5576.854718003067,3478.634472123623,2098.2202458794454,1720.0,332.0,80.0
C_min_radius_inward,17,CF,16,16,16,5253.143,248,16,1,0,C,175,0,0,,,3700.142686237186,1157.8865399969663,2542.2561462402186,1240.0,233.0,80.0
C_min_radius_inward,17,D,16,16,16,7708.855,344,16,1,0,B,56,56,0,1505.99286229452,1474.769853974805,5576.854718003067,3478.634472123623,2098.2202458794454,1720.0,332.0,80.0
C_min_radius_inward,18,BF,16,16,16,7087.155,296,16,1,0,B,74,0,0,,,5246.155268603789,3194.0267358838414,2052.128532719948,1480.0,281.0,80.0
C_min_radius_inward,18,CF,16,16,16,4760.992,211,16,1,0,C,287,0,0,,,3422.9916075573237,1010.1709205370303,2412.820687020293,1055.0,203.0,80.0
C_min_radius_inward,18,D,16,16,16,7087.155,296,16,1,0,B,74,74,0,1503.2659129173956,1389.0242974763205,5246.155268603789,3194.0267358838414,2052.128532719948,1480.0,281.0,80.0
C_min_radius_inward,19,BF,16,16,16,8394.12,328,16,1,0,B,20,0,0,,,6361.119968874792,3417.958227610875,2943.1617412639216,1640.0,313.0,80.0
C_min_radius_inward,19,CF,16,16,16,6540.294,310,16,1,0,C,251,0,0,,,4613.293786685395,1550.6388946525794,3062.6548920328164,1550.0,297.0,80.0
C_min_radius_inward,19,D,16,16,16,8394.12,328,16,1,0,B,20,20,0,1555.8530739314056,1468.9073646690872,6361.119968874792,3417.958227610875,2943.1617412639216,1640.0,313.0,80.0
C_min_radius_inward,20,BF,16,16,16,8340.747,412,16,1,0,B,33,0,0,,,5799.746891883422,3540.80617611099,2258.9407157724304,2060.0,401.0,80.0
C_min_radius_inward,20,CF,16,16,16,6266.178,283,16,1,0,C,269,0,0,,,4511.177554899562,1157.8865399969663,3353.291014902595,1415.0,260.0,80.0
C_min_radius_inward,20,D,16,16,16,8340.747,412,16,1,0,B,33,33,0,1534.2771399826868,1415.2170888876071,5799.746891883422,3540.80617611099,2258.9407157724304,2060.0,401.0,80.0
C_min_radius_inward,21,BF,16,16,16,8240.719,375,16,1,0,B,32,0,0,,,5915.71919877643,3771.727354877879,2143.991843898551,1875.0,370.0,80.0
C_min_radius_inward,21,CF,16,16,16,6274.858,293,16,1,0,C,214,0,0,,,4453.8582813978655,1513.3782114307141,2940.4800699671514,1465.0,276.0,80.0
C_min_radius_inward,21,D,16,16,16,8240.719,375,16,1,0,B,32,32,0,1539.751725185007,1427.9883978291648,5915.71919877643,3771.727354877879,2143.991843898551,1875.0,370.0,80.0
C_min_radius_inward,22,BF,16,16,16,7871.208,316,16,1,0,B,26,0,0,,,5900.208311971693,3452.842606297921,2447.36570567377,1580.0,311.0,80.0
C_min_radius_inward,22,CF,16,16,16,5091.272,231,16,1,0,C,153,0,0,,,3631.272110270495,1157.8865399969663,2473.385570273528,1155.0,225.0,80.0
C_min_radius_inward,22,D,16,16,16,7871.208,316,16,1,0,B,26,26,0,1539.7517251850052,1475.7344327092192,5900.208311971693,3452.842606297921,2447.36570567377,1580.0,311.0,80.0
C_min_radius_inward,23,BF,16,16,16,7399.919,317,16,1,0,B,52,0,0,,,5419.918833647642,3493.1607412568096,1926.7580923908338,1585.0,315.0,80.0
C_min_radius_inward,23,CF,16,16,16,5132.193,236,16,1,0,C,254,0,0,,,3638.193412059631,1157.8865399969663,2480.3068720626643,1180.0,234.0,80.0
C_min_radius_inward,23,D,16,16,16,7399.919,317,16,1,0,B,52,52,0,1535.1039273565686,1440.8899665903532,5419.918833647642,3493.1607412568096,1926.7580923908338,1585.0,315.0,80.0
C_min_radius_inward,24,BF,16,16,16,8166.384,346,16,1,0,B,0,0,0,,,6014.384076462802,3459.204944853773,2555.1791316090275,1730.0,342.0,80.0
C_min_radius_inward,24,CF,16,16,16,5708.783,211,16,1,0,C,116,0,0,,,4372.7833179197005,1157.8865399969663,3214.896777922735,1055.0,201.0,80.0
C_min_radius_inward,24,D,16,16,16,8166.384,346,16,1,0,B,0,0,0,,1416.3738309294065,6014.384076462802,3459.204944853773,2555.1791316090275,1730.0,342.0,80.0
C_min_radius_inward,25,BF,16,16,16,8052.501,348,16,1,0,B,13,0,0,,,5886.5006776075725,4110.636032925136,1775.8646446824357,1740.0,346.0,80.0
C_min_radius_inward,25,CF,16,16,16,5538.891,247,16,1,0,C,282,0,0,,,3983.890905786916,1604.89621889711,2378.994686889806,1235.0,240.0,80.0
C_min_radius_inward,25,D,16,16,16,8052.501,348,16,1,0,B,13,13,0,1539.7517251850063,1490.0535996111983,5886.5006776075725,4110.636032925136,1775.8646446824357,1740.0,346.0,80.0
D_halfplane_89.9,1,BF,16,16,16,9597.794,450,16,1,1,B,41,0,0,,,6837.793696667211,3942.0322685387073,2895.7614281285037,2250.0,430.0,80.0
D_halfplane_89.9,1,CF,16,16,16,11711.891,607,16,1,1,C,322,0,0,,,8001.890673151363,3599.0216835948518,4402.868989556513,3035.0,595.0,80.0
D_halfplane_89.9,1,D,16,16,16,11711.891,607,16,1,1,C,322,322,0,1501.0027124788216,1497.0770223914549,8001.890673151363,3599.0216835948518,4402.868989556513,3035.0,595.0,80.0
D_halfplane_89.9,2,BF,16,16,16,8761.239,389,16,1,1,B,77,0,0,,,6370.239291445705,3812.731757380342,2557.507534065365,1945.0,366.0,80.0
D_halfplane_89.9,2,CF,16,16,16,13172.139,743,16,1,1,C,561,0,0,,,8647.138918887715,3630.9021589579966,5016.236759929728,3715.0,730.0,80.0
D_halfplane_89.9,2,D,16,16,16,13172.139,743,16,1,1,C,561,561,0,1502.9290446224848,1499.9857172195595,8647.138918887715,3630.9021589579966,5016.236759929728,3715.0,730.0,80.0
D_halfplane_89.9,3,BF,16,16,16,8964.48,381,16,1,1,B,68,0,0,,,6633.4798551163,3590.715806166923,3042.764048949379,1905.0,346.0,80.0
D_halfplane_89.9,3,CF,16,16,16,11693.118,578,16,1,1,C,234,0,0,,,8171.118123551281,3640.966013326769,4530.152110224513,2890.0,552.0,80.0
D_halfplane_89.9,3,D,16,16,16,11693.118,578,16,1,1,C,234,234,0,1500.0345203798483,1492.6697866240518,8171.118123551281,3640.966013326769,4530.152110224513,2890.0,552.0,80.0
D_halfplane_89.9,4,BF,16,16,16,10434.441,474,16,1,1,B,35,0,0,,,7546.440840368022,4035.8421848439802,3510.5986555240497,2370.0,438.0,80.0
D_halfplane_89.9,4,CF,16,16,16,10184.737,552,16,1,1,C,348,0,0,,,6800.737379400334,3648.209320253602,3152.5280591467326,2760.0,544.0,80.0
D_halfplane_89.9,4,D,16,16,16,10184.737,552,16,1,1,C,348,348,0,1500.9636751971307,1487.8184226747828,6800.737379400334,3648.209320253602,3152.5280591467326,2760.0,544.0,80.0
D_halfplane_89.9,5,BF,16,16,16,11533.53,528,16,1,1,B,170,0,0,,,8326.530326635117,3773.2832794626124,4553.247047172502,2640.0,487.0,80.0
D_halfplane_89.9,5,CF,16,16,16,13535.911,752,16,1,1,C,566,0,0,,,8968.910546057796,3630.3651277244303,5338.5454183333695,3760.0,727.0,80.0
D_halfplane_89.9,5,D,16,16,16,13535.911,752,16,1,1,C,566,566,0,1504.3855152424223,1498.313917050002,8968.910546057796,3630.3651277244303,5338.5454183333695,3760.0,727.0,80.0
D_halfplane_89.9,6,BF,16,16,16,8511.857,410,16,1,1,B,102,0,0,,,5991.856773743351,3099.0050102406367,2892.8517635027147,2050.0,390.0,80.0
D_halfplane_89.9,6,CF,16,16,16,11515.563,584,16,1,1,C,344,0,0,,,7951.5626070520475,3584.7260618425144,4366.836545209535,2920.0,564.0,80.0
D_halfplane_89.9,6,D,16,16,16,11515.563,584,16,1,1,C,344,344,0,1505.2567339357004,1493.004993522272,7951.5626070520475,3584.7260618425144,4366.836545209535,2920.0,564.0,80.0
D_halfplane_89.9,7,BF,16,16,16,8734.564,351,16,1,1,B,18,0,0,,,6565.563755390331,3784.654647975984,2780.909107414347,1755.0,334.0,80.0
D_halfplane_89.9,7,CF,16,16,16,10832.208,552,16,1,1,C,195,0,0,,,7451.208207655133,3310.1276471397255,4141.080560515406,2760.0,541.0,80.0
D_halfplane_89.9,7,D,16,16,16,10832.208,552,16,1,1,C,195,195,0,1518.5807205324704,1494.8577890371118,7451.208207655133,3310.1276471397255,4141.080560515406,2760.0,541.0,80.0
D_halfplane_89.9,8,BF,16,16,16,9859.602,491,16,1,1,B,51,0,0,,,6859.602333129833,3850.6457871141706,3008.9565460156655,2455.0,465.0,80.0
D_halfplane_89.9,8,CF,16,16,16,11967.936,684,16,1,1,C,355,0,0,,,7814.936137956228,3640.434198475761,4174.501939480469,3420.0,653.0,80.0
D_halfplane_89.9,8,D,16,16,16,11967.936,684,16,1,1,C,355,355,0,1503.152214298141,1476.9967855957989,7814.936137956228,3640.434198475761,4174.501939480469,3420.0,653.0,80.0
D_halfplane_89.9,9,BF,16,16,16,8588.905,388,16,1,1,B,32,0,0,,,6204.905092787837,3989.7730777613283,2215.1320150265096,1940.0,364.0,80.0
D_halfplane_89.9,9,CF,16,16,16,10616.356,632,16,1,1,C,375,0,0,,,6756.355962517094,2804.9147153358945,3951.4412471812016,3160.0,620.0,80.0
D_halfplane_89.9,9,D,16,16,16,10616.356,632,16,1,1,C,375,375,0,1504.5358395274927,1498.3531328848908,6756.355962517094,2804.9147153358945,3951.4412471812016,3160.0,620.0,80.0
D_halfplane_89.9,10,BF,16,16,16,9864.949,439,16,1,1,B,38,0,0,,,7187.948744062094,3978.2901004318746,3209.658643630216,2195.0,402.0,80.0
D_halfplane_89.9,10,CF,16,16,16,11273.588,590,16,1,1,C,373,0,0,,,7666.588179351701,3511.0349420271673,4155.553237324535,2950.0,577.0,80.0
D_halfplane_89.9,10,D,16,16,16,11273.588,590,16,1,1,C,373,373,0,1506.3489002060176,1495.6312661277498,7666.588179351701,3511.0349420271673,4155.553237324535,2950.0,577.0,80.0
D_halfplane_89.9,11,BF,16,16,16,9523.995,406,16,1,1,B,34,0,0,,,7034.994881800557,3949.330661521277,3085.6642202792814,2030.0,379.0,80.0
D_halfplane_89.9,11,CF,16,16,16,11165.33,538,16,1,1,C,310,0,0,,,7899.329780294728,3499.790015913925,4399.5397643808055,2690.0,496.0,80.0
D_halfplane_89.9,11,D,16,16,16,11165.33,538,16,1,1,C,310,310,0,1508.4606644566497,1483.235476290569,7899.329780294728,3499.790015913925,4399.5397643808055,2690.0,496.0,80.0
D_halfplane_89.9,12,BF,16,16,16,9684.548,420,16,1,1,B,34,0,0,,,7115.547967850849,3850.1847810556683,3265.3631867951813,2100.0,389.0,80.0
D_halfplane_89.9,12,CF,16,16,16,12439.805,721,16,1,1,C,400,0,0,,,8052.805238112693,3485.1183977123364,4567.68684040036,3605.0,702.0,80.0
D_halfplane_89.9,12,D,16,16,16,12439.805,721,16,1,1,C,400,400,0,1501.5191100829977,1495.970741553459,8052.805238112693,3485.1183977123364,4567.68684040036,3605.0,702.0,80.0
D_halfplane_89.9,13,BF,16,16,16,9176.164,412,16,1,1,B,63,0,0,,,6638.164161848835,4031.062282283508,2607.101879565327,2060.0,398.0,80.0
D_halfplane_89.9,13,CF,16,16,16,14217.713,781,25,1,1,C,590,0,0,,,9457.712816300176,3565.088366503861,5892.624449796315,3905.0,748.0,107.0
D_halfplane_89.9,13,D,16,16,16,14217.713,781,25,1,1,C,590,590,0,1501.3625042644555,1499.6555303221237,9457.712816300176,3565.088366503861,5892.624449796315,3905.0,748.0,107.0
D_halfplane_89.9,14,BF,16,16,16,10420.411,502,16,1,1,B,170,0,0,,,7350.410785125967,3791.572419937683,3558.838365188287,2510.0,480.0,80.0
D_halfplane_89.9,14,CF,16,16,16,11100.111,571,16,1,1,C,322,0,0,,,7617.111144992504,3463.85588584356,4153.255259148946,2855.0,548.0,80.0
D_halfplane_89.9,14,D,16,16,16,11100.111,571,16,1,1,C,322,322,0,1505.7499832348403,1491.281140158559,7617.111144992504,3463.85588584356,4153.255259148946,2855.0,548.0,80.0
D_halfplane_89.9,15,BF,16,16,16,9783.9,454,16,1,1,B,42,0,0,,,7002.899943808459,3802.145526975942,3200.754416832522,2270.0,431.0,80.0
D_halfplane_89.9,15,CF,16,16,16,10842.34,568,16,1,1,C,257,0,0,,,7372.3403819499845,3480.705260011902,3891.635121938085,2840.0,550.0,80.0
D_halfplane_89.9,15,D,16,16,16,10842.34,568,16,1,1,C,257,257,0,1513.9090759639876,1496.4891961576302,7372.3403819499845,3480.705260011902,3891.635121938085,2840.0,550.0,80.0
D_halfplane_89.9,16,BF,16,16,16,9156.727,363,16,1,1,B,46,0,0,,,6924.727116269159,3783.685940481203,3141.041175787956,1815.0,337.0,80.0
D_halfplane_89.9,16,CF,16,16,16,10689.696,603,16,1,1,C,266,0,0,,,7011.695712643159,3479.6220640082615,3532.0736486349024,3015.0,583.0,80.0
D_halfplane_89.9,16,D,16,16,16,10689.696,603,16,1,1,C,266,266,0,1506.3489002060182,1496.0664547670617,7011.695712643159,3479.6220640082615,3532.0736486349024,3015.0,583.0,80.0
D_halfplane_89.9,17,BF,16,16,16,9587.678,443,16,1,1,B,97,0,0,,,6869.677587860451,3708.549503088332,3161.128084772119,2215.0,423.0,80.0
D_halfplane_89.9,17,CF,16,16,16,11379.543,610,16,1,1,C,382,0,0,,,7654.542950330525,3280.8151388063015,4373.727811524227,3050.0,595.0,80.0
D_halfplane_89.9,17,D,16,16,16,11379.543,610,16,1,1,C,382,382,0,1501.3487686709068,1493.5002245378248,7654.542950330525,3280.8151388063015,4373.727811524227,3050.0,595.0,80.0
D_halfplane_89.9,18,BF,16,16,16,7937.01,349,16,1,1,B,69,0,0,,,5773.010047682314,2841.606544465384,2931.4035032169268,1745.0,339.0,80.0
D_halfplane_89.9,18,CF,16,16,16,11568.567,644,16,1,1,C,439,0,0,,,7647.567012093474,3630.347421326961,4017.21959076652,3220.0,621.0,80.0
D_halfplane_89.9,18,D,16,16,16,11568.567,644,16,1,1,C,439,439,0,1504.2960648614535,1497.8535436789577,7647.567012093474,3630.347421326961,4017.21959076652,3220.0,621.0,80.0
D_halfplane_89.9,19,BF,16,16,16,10994.795,562,16,1,1,B,63,0,0,,,7552.794968156127,3949.4136173292636,3603.3813508268654,2810.0,552.0,80.0
D_halfplane_89.9,19,CF,16,16,16,11983.753,634,16,1,1,C,349,0,0,,,8123.752624085583,3634.3701849718327,4489.382439113755,3170.0,610.0,80.0
D_halfplane_89.9,19,D,16,16,16,11983.753,634,16,1,1,C,349,349,0,1517.618945523954,1481.6660723593532,8123.752624085583,3634.3701849718327,4489.382439113755,3170.0,610.0,80.0
D_halfplane_89.9,20,BF,16,16,16,9603.641,432,16,1,1,B,58,0,0,,,6957.640945441233,3934.256321020023,3023.3846244212104,2160.0,406.0,80.0
D_halfplane_89.9,20,CF,16,16,16,11433.953,658,16,1,1,C,433,0,0,,,7416.952813899885,3141.0756655643463,4275.877148335536,3290.0,647.0,80.0
D_halfplane_89.9,20,D,16,16,16,11433.953,658,16,1,1,C,433,433,0,1500.8626938620746,1492.7196290760107,7416.952813899885,3141.0756655643463,4275.877148335536,3290.0,647.0,80.0
D_halfplane_89.9,21,BF,16,16,16,9342.173,423,16,1,1,B,5,0,0,,,6745.173091909939,3826.4794133964792,2918.693678513462,2115.0,402.0,80.0
D_halfplane_89.9,21,CF,16,16,16,11046.563,545,16,1,1,C,357,0,0,,,7726.563037671448,3530.38499102225,4196.178046649202,2725.0,515.0,80.0
D_halfplane_89.9,21,D,16,16,16,11046.563,545,16,1,1,C,357,357,0,1502.0807808164063,1490.9625922004982,7726.563037671448,3530.38499102225,4196.178046649202,2725.0,515.0,80.0
D_halfplane_89.9,22,BF,16,16,16,8552.966,347,16,1,1,B,0,0,0,,,6413.966412641214,3785.700836997189,2628.26557564403,1735.0,324.0,80.0
D_halfplane_89.9,22,CF,16,16,16,12501.591,653,16,1,1,C,490,0,0,,,8524.590959937128,3656.7780662020095,4867.812893735125,3265.0,632.0,80.0
D_halfplane_89.9,22,D,16,16,16,12501.591,653,16,1,1,C,490,490,0,1500.3353922212034,1489.265244587543,8524.590959937128,3656.7780662020095,4867.812893735125,3265.0,632.0,80.0
D_halfplane_89.9,23,BF,16,16,16,9899.497,400,16,1,1,B,84,0,0,,,7467.497186542096,3943.619594219746,3523.8775923223516,2000.0,352.0,80.0
D_halfplane_89.9,23,CF,16,16,16,10181.686,553,16,1,1,C,355,0,0,,,6814.685692108209,3294.8598242636176,3519.8258678445936,2765.0,522.0,80.0
D_halfplane_89.9,23,D,16,16,16,10181.686,553,16,1,1,C,355,355,0,1510.452421301298,1497.4441485841885,6814.685692108209,3294.8598242636176,3519.8258678445936,2765.0,522.0,80.0
D_halfplane_89.9,24,BF,16,16,16,10774.748,466,16,1,1,B,171,0,0,,,7927.747790020244,3588.1694630735333,4339.578326946712,2330.0,437.0,80.0
D_halfplane_89.9,24,CF,16,16,16,11456.749,579,16,1,1,C,349,0,0,,,7921.749262846645,3632.50364013328,4289.245622713367,2895.0,560.0,80.0
D_halfplane_89.9,24,D,16,16,16,11456.749,579,16,1,1,C,349,349,0,1500.150900144261,1499.1323588774462,7921.749262846645,3632.50364013328,4289.245622713367,2895.0,560.0,80.0
D_halfplane_89.9,25,BF,16,16,16,9045.972,422,16,1,1,B,7,0,0,,,6456.972314961635,3762.839923281644,2694.1323916799943,2110.0,399.0,80.0
D_halfplane_89.9,25,CF,16,16,16,10711.657,547,16,1,1,C,311,0,0,,,7374.65687277125,3290.7876936465914,4083.869179124662,2735.0,522.0,80.0
D_halfplane_89.9,25,D,16,16,16,10711.657,547,16,1,1,C,311,311,0,1506.348900206018,1499.3412802609114,7374.65687277125,3290.7876936465914,4083.869179124662,2735.0,522.0,80.0
D_halfplane_90.0,1,BF,16,16,16,9457.531,469,16,1,1,B,74,0,0,,,6576.530772104946,3616.993555060854,2959.537217044089,2345.0,456.0,80.0
D_halfplane_90.0,1,CF,16,16,16,12531.598,700,16,1,1,C,276,0,0,,,8279.597573799947,3476.7841621727625,4802.813411627189,3500.0,672.0,80.0
D_halfplane_90.0,1,D,16,16,16,12531.598,700,16,1,1,C,276,276,0,1506.3489002060217,1496.1858661738993,8279.597573799947,3476.7841621727625,4802.813411627189,3500.0,672.0,80.0
D_halfplane_90.0,2,BF,16,16,16,9089.979,359,16,1,1,B,49,0,0,,,6877.979166562175,3765.8632256019314,3112.1159409602456,1795.0,337.0,80.0
D_halfplane_90.0,2,CF,16,16,16,13078.189,697,16,1,1,C,343,0,0,,,8833.18869565905,3494.043103398462,5339.145592260588,3485.0,680.0,80.0
D_halfplane_90.0,2,D,16,16,16,13078.189,697,16,1,1,C,343,343,0,1535.8613481534906,1489.918890472265,8833.18869565905,3494.043103398462,5339.145592260588,3485.0,680.0,80.0
D_halfplane_90.0,3,BF,16,16,16,9366.384,432,16,1,1,B,15,0,0,,,6717.384414485351,3940.1714797910004,2777.2129346943557,2160.0,409.0,80.0
D_halfplane_90.0,3,CF,16,16,16,9957.873,485,16,1,1,C,378,0,0,,,7003.872672757867,3557.514305435127,3446.3583673227417,2425.0,449.0,80.0
D_halfplane_90.0,3,D,16,16,16,9957.873,485,16,1,1,C,378,378,0,1509.3091744093551,1478.4437125271681,7003.872672757867,3557.514305435127,3446.3583673227417,2425.0,449.0,80.0
D_halfplane_90.0,4,BF,16,16,16,10808.576,476,16,1,1,B,71,0,0,,,7912.57565219623,3756.4866338323363,4156.089018363903,2380.0,436.0,80.0
D_halfplane_90.0,4,CF,16,16,16,13281.096,708,16,1,1,C,381,0,0,,,8967.095898769356,3672.126751662722,5294.969147106633,3540.0,694.0,80.0
D_halfplane_90.0,4,D,16,16,16,13281.096,708,16,1,1,C,381,381,0,1517.1545522660474,1496.9395967322355,8967.095898769356,3672.126751662722,5294.969147106633,3540.0,694.0,80.0
D_halfplane_90.0,5,BF,16,16,16,9321.742,388,16,1,1,B,119,0,0,,,6941.741908928213,3584.1616699796473,3357.5802389485652,1940.0,360.0,80.0
D_halfplane_90.0,5,CF,16,16,16,11659.64,598,16,1,1,C,331,0,0,,,8015.6401246365795,3290.9435150687386,4724.696609567841,2990.0,574.0,80.0
D_halfplane_90.0,5,D,16,16,16,11659.64,598,16,1,1,C,331,331,0,1511.2995597894655,1489.6186849720873,8015.6401246365795,3290.9435150687386,4724.696609567841,2990.0,574.0,80.0
D_halfplane_90.0,6,BF,16,16,16,9660.31,376,16,1,1,B,30,0,0,,,7342.309702417719,3947.6095426554625,3394.700159762258,1880.0,358.0,80.0
D_halfplane_90.0,6,CF,16,16,16,11758.079,583,16,1,1,C,353,0,0,,,8203.079139159752,3633.3821075879423,4569.69703157181,2915.0,560.0,80.0
D_halfplane_90.0,6,D,16,16,16,11758.079,583,16,1,1,C,353,353,0,1506.3489002060173,1486.5147773857884,8203.079139159752,3633.3821075879423,4569.69703157181,2915.0,560.0,80.0
D_halfplane_90.0,7,BF,16,16,16,9087.39,397,16,1,1,B,104,0,0,,,6652.389939728352,2836.8653132975514,3815.524626430806,1985.0,370.0,80.0
D_halfplane_90.0,7,CF,16,16,16,10923.243,554,16,1,1,C,252,0,0,,,7528.243404999568,3696.311803067794,3831.931601931777,2770.0,545.0,80.0
D_halfplane_90.0,7,D,16,16,16,10923.243,554,16,1,1,C,252,252,0,1514.622278182422,1498.0391994351335,7528.243404999568,3696.311803067794,3831.931601931777,2770.0,545.0,80.0
D_halfplane_90.0,8,BF,16,16,16,7977.039,329,16,1,1,B,107,0,0,,,5943.039401961095,3014.9121905343877,2928.127211426709,1645.0,309.0,80.0
D_halfplane_90.0,8,CF,16,16,16,10002.898,590,16,1,1,C,362,0,0,,,6402.8981209325775,3283.2806611284914,3119.617459804089,2950.0,570.0,80.0
D_halfplane_90.0,8,D,16,16,16,10002.898,590,16,1,1,C,362,362,0,1502.8496232481339,1492.9251288414275,6402.8981209325775,3283.2806611284914,3119.617459804089,2950.0,570.0,80.0
D_halfplane_90.0,9,BF,16,16,16,9721.205,422,16,1,1,B,82,0,0,,,7145.205368350628,3808.6732607145145,3336.5321076361142,2110.0,386.0,80.0
D_halfplane_90.0,9,CF,16,16,16,11298.463,593,16,1,1,C,233,0,0,,,7681.463432100236,3491.7098400989494,4189.753592001286,2965.0,572.0,80.0
D_halfplane_90.0,9,D,16,16,16,11298.463,593,16,1,1,C,233,233,0,1505.3931245245788,1499.252056779754,7681.463432100236,3491.7098400989494,4189.753592001286,2965.0,572.0,80.0
D_halfplane_90.0,10,BF,16,16,16,8704.963,383,16,1,1,B,45,0,0,,,6341.963325570579,3973.683351366673,2368.279974203907,1915.0,368.0,80.0
D_halfplane_90.0,10,CF,16,16,16,10376.215,510,16,1,1,C,324,0,0,,,7258.215056699944,3590.6695432273495,3667.545513472598,2550.0,488.0,80.0
D_halfplane_90.0,10,D,16,16,16,10376.215,510,16,1,1,C,324,324,0,1505.747039820072,1481.4645729370532,7258.215056699944,3590.6695432273495,3667.545513472598,2550.0,488.0,80.0
D_halfplane_90.0,11,BF,16,16,16,10043.17,445,16,1,1,B,51,0,0,,,7325.170258191067,3769.3619294958744,3555.8083286951955,2225.0,413.0,80.0
D_halfplane_90.0,11,CF,16,16,16,12253.534,700,16,1,1,C,386,0,0,,,7998.533616579009,3482.9107204970664,4515.622896081943,3500.0,675.0,80.0
D_halfplane_90.0,11,D,16,16,16,12253.534,700,16,1,1,C,386,386,0,1500.6914419626794,1496.730216377053,7998.533616579009,3482.9107204970664,4515.622896081943,3500.0,675.0,80.0
D_halfplane_90.0,12,BF,16,16,16,8785.197,350,16,1,1,B,41,0,0,,,6620.19680673584,3765.542333127149,2854.6544736086903,1750.0,335.0,80.0
D_halfplane_90.0,12,CF,16,16,16,10655.356,520,16,1,1,C,393,0,0,,,7478.355748300732,3492.6372349213366,3985.7185133793973,2600.0,497.0,80.0
D_halfplane_90.0,12,D,16,16,16,10655.356,520,16,1,1,C,393,393,0,1506.348900206019,1477.7288111136565,7478.355748300732,3492.6372349213366,3985.7185133793973,2600.0,497.0,80.0
D_halfplane_90.0,13,BF,16,16,16,8549.327,381,16,1,1,B,30,0,0,,,6199.327029005681,3828.905877743902,2370.42115126178,1905.0,365.0,80.0
D_halfplane_90.0,13,CF,16,16,16,9428.755,495,16,1,1,C,359,0,0,,,6385.755334874652,2863.097659852067,3522.657675022587,2475.0,488.0,80.0
D_halfplane_90.0,13,D,16,16,16,9428.755,495,16,1,1,C,359,359,0,1506.3489002060178,1497.6316135323566,6385.755334874652,2863.097659852067,3522.657675022587,2475.0,488.0,80.0
D_halfplane_90.0,14,BF,16,16,16,8755.738,382,16,1,1,B,34,0,0,,,6400.738078105128,3794.9706797016547,2605.7673984034764,1910.0,365.0,80.0
D_halfplane_90.0,14,CF,16,16,16,10813.095,553,16,1,1,C,345,0,0,,,7448.094675864467,3678.9238404303433,3769.170835434126,2765.0,520.0,80.0
D_halfplane_90.0,14,D,16,16,16,10813.095,553,16,1,1,C,345,345,0,1502.035550257657,1499.1856997215343,7448.094675864467,3678.9238404303433,3769.170835434126,2765.0,520.0,80.0
D_halfplane_90.0,15,BF,16,16,16,9721.822,489,16,1,1,B,169,0,0,,,6711.822391985434,3044.501627007749,3667.320764977683,2445.0,485.0,80.0
D_halfplane_90.0,15,CF,16,16,16,12191.75,684,16,1,1,C,482,0,0,,,8030.749579088253,3644.0499582101643,4386.69962087809,3420.0,661.0,80.0
D_halfplane_90.0,15,D,16,16,16,12191.75,684,16,1,1,C,482,482,0,1506.3489002060178,1486.5147773857898,8030.749579088253,3644.0499582101643,4386.69962087809,3420.0,661.0,80.0
D_halfplane_90.0,16,BF,16,16,16,9280.901,434,16,1,1,B,69,0,0,,,6620.900989225443,3951.0866221656033,2669.8143670598383,2170.0,410.0,80.0
D_halfplane_90.0,16,CF,16,16,16,11429.146,577,16,1,1,C,338,0,0,,,7923.145719957298,3704.108690801352,4219.037029155948,2885.0,541.0,80.0
D_halfplane_90.0,16,D,16,16,16,11429.146,577,16,1,1,C,338,338,0,1506.9183952306323,1480.0112732023308,7923.145719957298,3704.108690801352,4219.037029155948,2885.0,541.0,80.0
D_halfplane_90.0,17,BF,16,16,16,9824.616,440,16,1,1,B,65,0,0,,,7125.616069899348,3835.632827856916,3289.983242042432,2200.0,419.0,80.0
D_halfplane_90.0,17,CF,16,16,16,11376.799,607,16,1,1,C,477,0,0,,,7668.7989722603625,3486.7328887979484,4182.066083462417,3035.0,593.0,80.0
D_halfplane_90.0,17,D,16,16,16,11376.799,607,16,1,1,C,477,477,0,1500.6101204858137,1488.2407595203551,7668.7989722603625,3486.7328887979484,4182.066083462417,3035.0,593.0,80.0
D_halfplane_90.0,18,BF,16,16,16,8057.581,365,16,1,1,B,58,0,0,,,5819.580807358552,3016.348778439611,2803.232028918941,1825.0,333.0,80.0
D_halfplane_90.0,18,CF,16,16,16,13133.568,803,16,1,1,C,374,0,0,,,8262.567828644374,3466.9554210921165,4795.612407552258,4015.0,776.0,80.0
D_halfplane_90.0,18,D,16,16,16,13133.568,803,16,1,1,C,374,374,0,1505.1675996288598,1496.4115006781217,8262.567828644374,3466.9554210921165,4795.612407552258,4015.0,776.0,80.0
D_halfplane_90.0,19,BF,16,16,16,8733.379,404,16,1,1,B,38,0,0,,,6237.378854912378,3936.6219312442854,2300.756923668092,2020.0,396.0,80.0
D_halfplane_90.0,19,CF,16,16,16,11024.94,567,16,1,1,C,297,0,0,,,7561.939748565712,3680.7307348972768,3881.209013668438,2835.0,548.0,80.0
D_halfplane_90.0,19,D,16,16,16,11024.94,567,16,1,1,C,297,297,0,1506.3489002060187,1499.8503758657348,7561.939748565712,3680.7307348972768,3881.209013668438,2835.0,548.0,80.0
D_halfplane_90.0,20,BF,16,16,16,10568.642,485,16,1,1,B,81,0,0,,,7612.64162968019,3936.368704184426,3676.2729254957694,2425.0,451.0,80.0
D_halfplane_90.0,20,CF,16,16,16,11092.705,609,16,1,1,C,309,0,0,,,7374.7052353226,3635.0471335237726,3739.658101798829,3045.0,593.0,80.0
D_halfplane_90.0,20,D,16,16,16,11092.705,609,16,1,1,C,309,309,0,1517.988572090732,1479.670515972263,7374.7052353226,3635.0471335237726,3739.658101798829,3045.0,593.0,80.0
D_halfplane_90.0,21,BF,16,16,16,9385.129,440,16,1,1,B,68,0,0,,,6692.128707562411,3818.617975383027,2873.5107321793885,2200.0,413.0,80.0
D_halfplane_90.0,21,CF,16,16,16,12903.967,654,16,1,1,C,460,0,0,,,8918.966612252645,3634.3635590263934,5284.603053226254,3270.0,635.0,80.0
D_halfplane_90.0,21,D,16,16,16,12903.967,654,16,1,1,C,460,460,0,1504.5347296143598,1492.8097139605484,8918.966612252645,3634.3635590263934,5284.603053226254,3270.0,635.0,80.0
D_halfplane_90.0,22,BF,16,16,16,9109.445,398,16,1,1,B,2,0,0,,,6652.445362923769,3772.7821920282427,2879.663170895526,1990.0,387.0,80.0
D_halfplane_90.0,22,CF,16,16,16,13042.504,791,16,1,1,C,583,0,0,,,8226.504297492264,3654.689803300344,4571.8144941919245,3955.0,781.0,80.0
D_halfplane_90.0,22,D,16,16,16,13042.504,791,16,1,1,C,583,583,0,1502.7015897533997,1495.6647694382746,8226.504297492264,3654.689803300344,4571.8144941919245,3955.0,781.0,80.0
D_halfplane_90.0,23,BF,16,16,16,10128.024,396,16,1,1,B,79,0,0,,,7708.0241118086415,3920.6724549097153,3787.3516568989253,1980.0,360.0,80.0
D_halfplane_90.0,23,CF,16,16,16,11972.526,666,16,1,1,C,388,0,0,,,7910.525904734709,3471.57133406915,4438.95457066556,3330.0,652.0,80.0
D_halfplane_90.0,23,D,16,16,16,11972.526,666,16,1,1,C,388,388,0,1507.0256528567209,1495.57595644419,7910.525904734709,3471.57133406915,4438.95457066556,3330.0,652.0,80.0
D_halfplane_90.0,24,BF,16,16,16,10312.616,445,16,1,1,B,60,0,0,,,7595.6160494188425,3952.9795794539905,3642.6364699648493,2225.0,412.0,80.0
D_halfplane_90.0,24,CF,16,16,16,10435.706,517,16,1,1,C,265,0,0,,,7267.7063241669,3640.8506616295113,3626.855662537391,2585.0,503.0,80.0
D_halfplane_90.0,24,D,16,16,16,10435.706,517,16,1,1,C,265,265,0,1500.6232179153992,1465.1114094746788,7267.7063241669,3640.8506616295113,3626.855662537391,2585.0,503.0,80.0
D_halfplane_90.0,25,BF,16,16,16,9151.441,372,16,1,1,B,60,0,0,,,6869.440846561637,3986.748871760481,2882.6919748011574,1860.0,342.0,80.0
D_halfplane_90.0,25,CF,16,16,16,10561.001,530,16,1,1,C,343,0,0,,,7321.000930449718,3161.654640567896,4159.346289881823,2650.0,510.0,80.0
D_halfplane_90.0,25,D,16,16,16,10561.001,530,16,1,1,C,343,343,0,1503.24181031952,1493.4306294981307,7321.000930449718,3161.654640567896,4159.346289881823,2650.0,510.0,80.0
D_halfplane_90.1,1,BF,16,16,16,9127.303,406,16,1,0,B,79,0,0,,,6635.303395519191,3753.390553668315,2881.9128418508785,2030.0,382.0,80.0
D_halfplane_90.1,1,CF,16,16,16,11644.048,657,16,1,0,C,415,0,0,,,7643.048284932649,3113.475797853294,4529.572487079358,3285.0,636.0,80.0
D_halfplane_90.1,1,D,16,16,16,9127.303,406,16,1,0,B,79,79,0,1505.7443616237963,1429.5918749216821,6635.303395519191,3753.390553668315,2881.9128418508785,2030.0,382.0,80.0
D_halfplane_90.1,2,BF,16,16,16,8275.902,350,16,1,0,B,41,0,0,,,6104.902370471171,3793.6655833825253,2311.236787088645,1750.0,341.0,80.0
D_halfplane_90.1,2,CF,16,16,16,10567.696,574,16,1,0,C,250,0,0,,,7064.696353110894,3639.003791015709,3425.692562095187,2870.0,553.0,80.0
D_halfplane_90.1,2,D,16,16,16,8275.902,350,16,1,0,B,41,41,0,1505.4245556744177,1491.1894466885738,6104.902370471171,3793.6655833825253,2311.236787088645,1750.0,341.0,80.0
D_halfplane_90.1,3,BF,16,16,16,8587.903,367,16,1,0,B,46,0,0,,,6318.903450190335,3573.898238209138,2745.005211981198,1835.0,354.0,80.0
D_halfplane_90.1,3,CF,16,16,16,10990.692,573,16,1,0,C,330,0,0,,,7493.691842936671,3645.360223799229,3848.331619137442,2865.0,552.0,80.0
D_halfplane_90.1,3,D,16,16,16,8587.903,367,16,1,0,B,46,46,0,1537.622533291705,1498.9041685456039,6318.903450190335,3573.898238209138,2745.005211981198,1835.0,354.0,80.0
D_halfplane_90.1,4,BF,16,16,16,8631.71,392,16,1,0,B,119,0,0,,,6207.709769065127,3766.6244533646127,2441.0853157005145,1960.0,384.0,80.0
D_halfplane_90.1,4,CF,16,16,16,10584.979,603,16,1,0,C,452,0,0,,,6904.978719753122,2607.9796110232473,4296.999108729874,3015.0,585.0,80.0
D_halfplane_90.1,4,D,16,16,16,8631.71,392,16,1,0,B,119,119,0,1504.7550106989804,1490.6418944194677,6207.709769065127,3766.6244533646127,2441.0853157005145,1960.0,384.0,80.0
D_halfplane_90.1,5,BF,16,16,16,10032.677,451,16,1,0,B,17,0,0,,,7285.676896258019,3779.2638923088975,3506.4130039491242,2255.0,412.0,80.0
D_halfplane_90.1,5,CF,16,16,16,10515.951,522,16,1,0,C,350,0,0,,,7325.951254824011,3358.9296234131184,3967.021631410897,2610.0,500.0,80.0
D_halfplane_90.1,5,D,16,16,16,10032.677,451,16,1,0,B,17,17,0,1530.6236834439908,1458.6891234563927,7285.676896258019,3779.2638923088975,3506.4130039491242,2255.0,412.0,80.0
D_halfplane_90.1,6,BF,16,16,16,8490.642,363,16,1,0,B,49,0,0,,,6243.641845482772,3987.1024322504722,2256.5394132323,1815.0,352.0,80.0
D_halfplane_90.1,6,CF,16,16,16,11843.27,610,16,1,0,C,562,0,0,,,8125.269684207283,3489.6703097685463,4635.599374438738,3050.0,588.0,80.0
D_halfplane_90.1,6,D,16,16,16,8490.642,363,16,1,0,B,49,49,0,1543.6319684032035,1477.551384019406,6243.641845482772,3987.1024322504722,2256.5394132323,1815.0,352.0,80.0
D_halfplane_90.1,7,BF,16,16,16,10075.765,472,16,1,0,B,77,0,0,,,7196.764715628294,3766.8252894011125,3429.9394262271826,2360.0,439.0,80.0
D_halfplane_90.1,7,CF,16,16,16,11567.301,590,16,1,0,C,307,0,0,,,7970.300729250753,3281.1761962402543,4689.124533010503,2950.0,567.0,80.0
D_halfplane_90.1,7,D,16,16,16,10075.765,472,16,1,0,B,77,77,0,1517.1317647782369,1494.0203873723171,7196.764715628294,3766.8252894011125,3429.9394262271826,2360.0,439.0,80.0
D_halfplane_90.1,8,BF,16,16,16,10206.542,454,16,1,0,B,87,0,0,,,7432.542118272414,3751.7813282927577,3680.760789979658,2270.0,424.0,80.0
D_halfplane_90.1,8,CF,16,16,16,12058.169,667,16,1,0,C,375,0,0,,,7992.168540963144,3114.257368240465,4877.9111727226855,3335.0,651.0,80.0
D_halfplane_90.1,8,D,16,16,16,10206.542,454,16,1,0,B,87,87,0,1516.9438933217878,1482.2645701733586,7432.542118272414,3751.7813282927577,3680.760789979658,2270.0,424.0,80.0
D_halfplane_90.1,9,BF,16,16,16,8696.019,384,16,1,0,B,80,0,0,,,6327.019165831308,3438.625448072073,2888.3937177592375,1920.0,369.0,80.0
D_halfplane_90.1,9,CF,16,16,16,12454.525,727,16,1,0,C,391,0,0,,,8025.524606633356,3638.7198132651465,4386.80479336821,3635.0,714.0,80.0
D_halfplane_90.1,9,D,16,16,16,8696.019,384,16,1,0,B,80,80,0,1539.0968550193895,1481.378964085831,6327.019165831308,3438.625448072073,2888.3937177592375,1920.0,369.0,80.0
D_halfplane_90.1,10,BF,16,16,16,9251.227,480,16,1,0,B,54,0,0,,,6309.226750987312,3815.0530296043726,2494.173721382943,2400.0,462.0,80.0
D_halfplane_90.1,10,CF,16,16,16,12604.37,674,16,1,0,C,336,0,0,,,8508.37039466233,3665.3517696222816,4843.01862504005,3370.0,646.0,80.0
D_halfplane_90.1,10,D,16,16,16,9251.227,480,16,1,0,B,54,54,0,1507.7561532965763,1363.1004867403478,6309.226750987312,3815.0530296043726,2494.173721382943,2400.0,462.0,80.0
D_halfplane_90.1,11,BF,16,16,16,9672.439,386,16,1,0,B,78,0,0,,,7309.439325150783,3992.9487972389434,3316.490527911844,1930.0,353.0,80.0
D_halfplane_90.1,11,CF,16,16,16,11491.782,564,16,1,0,C,265,0,0,,,8050.78210089631,3508.587388308943,4542.194712587369,2820.0,541.0,80.0
D_halfplane_90.1,11,D,16,16,16,9672.439,386,16,1,0,B,78,78,0,1509.9857527008114,1495.8081007400697,7309.439325150783,3992.9487972389434,3316.490527911844,1930.0,353.0,80.0
D_halfplane_90.1,12,BF,16,16,16,8749.191,366,16,1,0,B,52,0,0,,,6500.191236979928,3582.1824875946313,2918.008749385301,1830.0,339.0,80.0
D_halfplane_90.1,12,CF,16,16,16,11815.859,603,16,1,0,C,482,0,0,,,8147.859161224501,3633.930332135018,4513.928829089484,3015.0,573.0,80.0
D_halfplane_90.1,12,D,16,16,16,8749.191,366,16,1,0,B,52,52,0,1516.8179942262318,1497.7178431191944,6500.191236979928,3582.1824875946313,2918.008749385301,1830.0,339.0,80.0
D_halfplane_90.1,13,BF,16,16,16,9256.457,425,16,1,0,B,73,0,0,,,6650.4567053548235,4012.1592347498035,2638.297470605019,2125.0,401.0,80.0
D_halfplane_90.1,13,CF,16,16,16,12234.1,679,16,1,0,C,265,0,0,,,8105.10025443429,3643.9827571133374,4461.117497320956,3395.0,654.0,80.0
D_halfplane_90.1,13,D,16,16,16,9256.457,425,16,1,0,B,73,73,0,1593.654247190247,1450.09202724369,6650.4567053548235,4012.1592347498035,2638.297470605019,2125.0,401.0,80.0
D_halfplane_90.1,14,BF,16,16,16,9595.135,426,16,1,0,B,16,0,0,,,6988.134575789945,3986.7626337226525,3001.371942067289,2130.0,397.0,80.0
D_halfplane_90.1,14,CF,16,16,16,12526.786,620,16,1,0,C,437,0,0,,,8745.786457940703,3496.668148229106,5249.118309711599,3100.0,601.0,80.0
D_halfplane_90.1,14,D,16,16,16,9595.135,426,16,1,0,B,16,16,0,1509.3172148445008,1245.3562380360524,6988.134575789945,3986.7626337226525,3001.371942067289,2130.0,397.0,80.0
D_halfplane_90.1,15,BF,16,16,16,9502.404,364,16,1,0,B,39,0,0,,,7264.404296861223,3802.5268867543477,3461.877410106872,1820.0,338.0,80.0
D_halfplane_90.1,15,CF,16,16,16,12231.111,691,16,1,0,C,362,0,0,,,8012.110723002021,3151.4223269605964,4860.688396041426,3455.0,684.0,80.0
D_halfplane_90.1,15,D,16,16,16,9502.404,364,16,1,0,B,39,39,0,1532.3467643273505,1498.9341068533515,7264.404296861223,3802.5268867543477,3461.877410106872,1820.0,338.0,80.0
D_halfplane_90.1,16,BF,16,16,16,9361.681,419,16,1,0,B,38,0,0,,,6786.680812057511,3970.6473070967304,2816.0335049607775,2095.0,400.0,80.0
D_halfplane_90.1,16,CF,16,16,16,13893.062,750,16,1,0,C,427,0,0,,,9338.061678649547,3666.6387019531808,5671.422976696366,3750.0,725.0,80.0
D_halfplane_90.1,16,D,16,16,16,9361.681,419,16,1,0,B,38,38,0,1507.1809194461823,1487.8003144379402,6786.680812057511,3970.6473070967304,2816.0335049607775,2095.0,400.0,80.0
D_halfplane_90.1,17,BF,16,16,16,8294.653,374,16,1,0,B,4,0,0,,,5986.652844396173,3788.2047968870143,2198.4480475091605,1870.0,358.0,80.0
D_halfplane_90.1,17,CF,16,16,16,12834.269,736,16,1,0,C,420,0,0,,,8363.268729840192,3637.181802054629,4726.086927785567,3680.0,711.0,80.0
D_halfplane_90.1,17,D,16,16,16,8294.653,374,16,1,0,B,4,4,0,1577.790926332767,1145.19788684925,5986.652844396173,3788.2047968870143,2198.4480475091605,1870.0,358.0,80.0
D_halfplane_90.1,18,BF,16,16,16,10037.92,446,16,1,0,B,72,0,0,,,7310.919944641828,3584.2282514167223,3726.691693225108,2230.0,417.0,80.0
D_halfplane_90.1,18,CF,16,16,16,10992.258,578,16,1,0,C,332,0,0,,,7473.257732282942,3638.3792055791546,3834.878526703788,2890.0,549.0,80.0
D_halfplane_90.1,18,D,16,16,16,10037.92,446,16,1,0,B,72,72,0,1504.745846441792,1370.9576805556974,7310.919944641828,3584.2282514167223,3726.691693225108,2230.0,417.0,80.0
D_halfplane_90.1,19,BF,16,16,16,9113.596,383,16,1,0,B,45,0,0,,,6770.595642632489,3484.831254599568,3285.7643880329215,1915.0,348.0,80.0
D_halfplane_90.1,19,CF,16,16,16,11407.762,615,16,1,0,C,332,0,0,,,7649.762103391968,3664.7086434316843,3985.0534599602825,3075.0,603.0,80.0
D_halfplane_90.1,19,D,16,16,16,9113.596,383,16,1,0,B,45,45,0,1525.954434032057,1425.7286517796267,6770.595642632489,3484.831254599568,3285.7643880329215,1915.0,348.0,80.0
D_halfplane_90.1,20,BF,16,16,16,7429.883,335,16,1,0,B,50,0,0,,,5352.883276584407,2868.771656380969,2484.111620203436,1675.0,322.0,80.0
D_halfplane_90.1,20,CF,16,16,16,11740.702,640,16,1,0,C,292,0,0,,,7830.7021316251685,3646.815653053406,4183.886478571764,3200.0,630.0,80.0
D_halfplane_90.1,20,D,16,16,16,7429.883,335,16,1,0,B,50,50,0,1505.8814114349,1482.296631632599,5352.883276584407,2868.771656380969,2484.111620203436,1675.0,322.0,80.0
D_halfplane_90.1,21,BF,16,16,16,9374.126,449,16,1,0,B,32,0,0,,,6608.125925194111,4037.5453305022215,2570.58059469189,2245.0,441.0,80.0
D_halfplane_90.1,21,CF,16,16,16,11179.556,625,16,1,0,C,320,0,0,,,7368.556024457643,3630.3631449572094,3738.192879500435,3125.0,606.0,80.0
D_halfplane_90.1,21,D,16,16,16,9374.126,449,16,1,0,B,32,32,0,1510.0322065268833,1357.266508875496,6608.125925194111,4037.5453305022215,2570.58059469189,2245.0,441.0,80.0
D_halfplane_90.1,22,BF,16,16,16,9059.066,394,16,1,0,B,40,0,0,,,6642.066403635299,3966.404964951613,2675.6614386836873,1970.0,367.0,80.0
D_halfplane_90.1,22,CF,16,16,16,10452.44,570,16,1,0,C,239,0,0,,,6983.439510027119,3286.1601741194477,3697.2793359076713,2850.0,539.0,80.0
D_halfplane_90.1,22,D,16,16,16,9059.066,394,16,1,0,B,40,40,0,1541.892437109019,1376.1074842493445,6642.066403635299,3966.404964951613,2675.6614386836873,1970.0,367.0,80.0
D_halfplane_90.1,23,BF,16,16,16,8367.712,375,16,1,0,B,32,0,0,,,6050.711626485988,3947.177480168776,2103.534146317209,1875.0,362.0,80.0
D_halfplane_90.1,23,CF,16,16,16,10209.639,552,16,1,0,C,323,0,0,,,6827.638900006732,3169.610247684439,3658.028652322296,2760.0,542.0,80.0
D_halfplane_90.1,23,D,16,16,16,8367.712,375,16,1,0,B,32,32,0,1562.5488552489583,1481.6895410227366,6050.711626485988,3947.177480168776,2103.534146317209,1875.0,362.0,80.0
D_halfplane_90.1,24,BF,16,16,16,8492.721,400,16,1,0,B,132,0,0,,,6031.7211532575575,3006.5099381871214,3025.211215070435,2000.0,381.0,80.0
D_halfplane_90.1,24,CF,16,16,16,10326.276,533,16,1,0,C,244,0,0,,,7060.276458533787,3663.223265246007,3397.05319328778,2665.0,521.0,80.0
D_halfplane_90.1,24,D,16,16,16,8492.721,400,16,1,0,B,132,132,0,1512.2692154907595,1480.93817322798,6031.7211532575575,3006.5099381871214,3025.211215070435,2000.0,381.0,80.0
D_halfplane_90.1,25,BF,16,16,16,8622.247,433,16,1,0,B,7,0,0,,,5957.247120703652,3581.8790650878163,2375.3680556158365,2165.0,420.0,80.0
D_halfplane_90.1,25,CF,16,16,16,12035.163,774,16,1,0,C,238,0,0,,,7331.162640081414,3667.61341388241,3663.5492261990084,3870.0,754.0,80.0
D_halfplane_90.1,25,D,16,16,16,8622.247,433,16,1,0,B,7,7,0,1504.8318787884723,1447.0554234736871,5957.247120703652,3581.8790650878163,2375.3680556158365,2165.0,420.0,80.0
E_uniform_pm1,1,D,16,16,16,6594.546,243,16,1,5,C,153,153,0,1506.3489002060162,1486.5147773857902,5067.545603895893,2318.4537123915397,2749.0918915043508,1215.0,232.0,80.0
E_uniform_pm1,1,C3F,16,16,16,6594.546,243,16,1,5,C,153,0,0,,,5067.545603895893,2318.4537123915397,2749.0918915043508,1215.0,232.0,80.0
E_uniform_pm1,2,D,16,16,16,5324.818,187,16,1,5,C,102,102,0,1504.9638185733033,1494.98657662146,4132.818454661245,1200.8193454299426,2931.999109231302,935.0,177.0,80.0
E_uniform_pm1,2,C3F,16,16,16,5324.818,187,16,1,5,C,102,0,0,,,4132.818454661245,1200.8193454299426,2931.999109231302,935.0,177.0,80.0
E_uniform_pm1,3,D,16,16,16,6892.169,280,16,1,7,C,66,66,0,1503.1418228663667,1486.5147773857886,5137.168881232681,3315.6920734838336,1821.4768077488466,1400.0,275.0,80.0
E_uniform_pm1,3,C3F,16,16,16,6892.169,280,16,1,7,C,66,0,0,,,5137.168881232681,3315.6920734838336,1821.4768077488466,1400.0,275.0,80.0
E_uniform_pm1,4,D,16,16,16,6088.79,236,16,1,4,C,120,120,0,1506.3489002060153,1486.1109295000208,4608.790424052668,2254.073276626326,2354.7171474263423,1180.0,220.0,80.0
E_uniform_pm1,4,C3F,16,16,16,6088.79,236,16,1,4,C,120,0,0,,,4608.790424052668,2254.073276626326,2354.7171474263423,1180.0,220.0,80.0
E_uniform_pm1,5,D,16,16,16,4982.954,210,16,1,4,C,107,107,0,1510.4821263578488,1493.4722150063903,3657.953756298045,1014.7991591454154,2643.1545971526293,1050.0,195.0,80.0
E_uniform_pm1,5,C3F,16,16,16,4982.954,210,16,1,4,C,107,0,0,,,3657.953756298045,1014.7991591454154,2643.1545971526293,1050.0,195.0,80.0
E_uniform_pm1,6,D,16,16,16,7084.353,267,16,1,8,C,51,51,0,1594.9433921669154,1495.481936999499,5410.353007671586,3318.3727009368563,2091.9803067347307,1335.0,259.0,80.0
E_uniform_pm1,6,C3F,16,16,16,7084.353,267,16,1,8,C,51,0,0,,,5410.353007671586,3318.3727009368563,2091.9803067347307,1335.0,259.0,80.0
E_uniform_pm1,7,D,16,16,16,6858.481,258,16,1,4,C,133,133,0,1509.8959133657852,1486.51477738579,5238.481282414646,3032.3944066565987,2206.0868757580492,1290.0,250.0,80.0
E_uniform_pm1,7,C3F,16,16,16,6858.481,258,16,1,4,C,133,0,0,,,5238.481282414646,3032.3944066565987,2206.0868757580492,1290.0,250.0,80.0
E_uniform_pm1,8,D,16,16,16,5360.679,223,16,1,3,C,133,133,0,1508.3608224882655,1497.4625357595821,3947.6794020896004,1345.457823282612,2602.2215788069884,1115.0,218.0,80.0
E_uniform_pm1,8,C3F,16,16,16,5360.679,223,16,1,3,C,133,0,0,,,3947.6794020896004,1345.457823282612,2602.2215788069884,1115.0,218.0,80.0
E_uniform_pm1,9,D,16,16,16,4898.72,181,16,1,10,C,42,42,0,1560.1359377950405,1486.51477738579,3744.7200464902767,1511.5709965606052,2233.149049929672,905.0,169.0,80.0
E_uniform_pm1,9,C3F,16,16,16,4898.72,181,16,1,10,C,42,0,0,,,3744.7200464902767,1511.5709965606052,2233.149049929672,905.0,169.0,80.0
E_uniform_pm1,10,D,16,16,16,7313.307,288,16,1,6,C,101,101,0,1506.348900206018,1496.438852560509,5516.306560167053,3294.8793637543654,2221.4271964126856,1440.0,277.0,80.0
E_uniform_pm1,10,C3F,16,16,16,7313.307,288,16,1,6,C,101,0,0,,,5516.306560167053,3294.8793637543654,2221.4271964126856,1440.0,277.0,80.0
E_uniform_pm1,11,D,16,16,16,7507.893,296,16,1,1,C,109,109,0,1504.322443300748,1499.8212401384856,5670.892764095743,3324.4289320887187,2346.4638320070258,1480.0,277.0,80.0
E_uniform_pm1,11,C3F,16,16,16,7507.893,296,16,1,1,C,109,0,0,,,5670.892764095743,3324.4289320887187,2346.4638320070258,1480.0,277.0,80.0
E_uniform_pm1,12,D,16,16,16,4601.917,191,16,1,4,C,63,63,0,1504.8600449706812,1446.0770306588988,3382.917262554664,1012.0129296528312,2370.9043329018336,955.0,184.0,80.0
E_uniform_pm1,12,C3F,16,16,16,4601.917,191,16,1,4,C,63,0,0,,,3382.917262554664,1012.0129296528312,2370.9043329018336,955.0,184.0,80.0
E_uniform_pm1,13,D,16,16,16,5215.198,197,16,1,8,C,66,66,0,1503.0482973339049,1496.3947780127803,3963.1975744329116,1734.761839070851,2228.43573536206,985.0,187.0,80.0
E_uniform_pm1,13,C3F,16,16,16,5215.198,197,16,1,8,C,66,0,0,,,3963.1975744329116,1734.761839070851,2228.43573536206,985.0,187.0,80.0
E_uniform_pm1,14,D,16,16,16,4331.653,172,16,1,7,C,37,37,0,1531.6828740923115,1486.5147773857911,3225.653450996449,1280.6810019535324,1944.9724490429164,860.0,166.0,80.0
E_uniform_pm1,14,C3F,16,16,16,4331.653,172,16,1,7,C,37,0,0,,,3225.653450996449,1280.6810019535324,1944.9724490429164,860.0,166.0,80.0
E_uniform_pm1,15,D,16,16,16,6367.298,238,16,1,5,C,103,103,0,1504.6699384120102,1488.3689910723124,4870.2975887830835,2671.5402080834565,2198.7573806996293,1190.0,227.0,80.0
E_uniform_pm1,15,C3F,16,16,16,6367.298,238,16,1,5,C,103,0,0,,,4870.2975887830835,2671.5402080834565,2198.7573806996293,1190.0,227.0,80.0
E_uniform_pm1,16,D,16,16,16,7326.617,289,16,1,6,C,47,47,0,1621.5733584449658,1460.598256023016,5517.617142262208,3390.881182270838,2126.735959991369,1445.0,284.0,80.0
E_uniform_pm1,16,C3F,16,16,16,7326.617,289,16,1,6,C,47,0,0,,,5517.617142262208,3390.881182270838,2126.735959991369,1445.0,284.0,80.0
E_uniform_pm1,17,D,16,16,16,6855.433,270,16,1,7,C,81,81,0,1512.4754670284728,1486.5147773857898,5163.433017228245,2944.3697885280676,2219.063228700178,1350.0,262.0,80.0
E_uniform_pm1,17,C3F,16,16,16,6855.433,270,16,1,7,C,81,0,0,,,5163.433017228245,2944.3697885280676,2219.063228700178,1350.0,262.0,80.0
E_uniform_pm1,18,D,16,16,16,6501.093,243,16,1,4,C,109,109,0,1520.2090377436693,1486.5147773857902,4970.092650900895,3022.1412436776595,1947.951407223235,1215.0,236.0,80.0
E_uniform_pm1,18,C3F,16,16,16,6501.093,243,16,1,4,C,109,0,0,,,4970.092650900895,3022.1412436776595,1947.951407223235,1215.0,236.0,80.0
E_uniform_pm1,19,D,16,16,16,6583.812,236,16,1,2,C,189,189,0,1506.8138632984703,1486.5147773857923,5101.812386351442,2263.972840508412,2837.839545843029,1180.0,222.0,80.0
E_uniform_pm1,19,C3F,16,16,16,6583.812,236,16,1,2,C,189,0,0,,,5101.812386351442,2263.972840508412,2837.839545843029,1180.0,222.0,80.0
E_uniform_pm1,20,D,16,16,16,6152.173,246,16,1,5,C,81,81,0,1524.4323216536586,1491.5300918145697,4617.172627671511,1350.1496158339196,3267.023011837593,1230.0,225.0,80.0
E_uniform_pm1,20,C3F,16,16,16,6152.173,246,16,1,5,C,81,0,0,,,4617.172627671511,1350.1496158339196,3267.023011837593,1230.0,225.0,80.0
E_uniform_pm1,21,D,16,16,16,5541.285,210,16,1,6,C,88,88,0,1507.9956169365776,1493.65140958096,4206.285001681025,1791.1868127078608,2415.0981889731643,1050.0,205.0,80.0
E_uniform_pm1,21,C3F,16,16,16,5541.285,210,16,1,6,C,88,0,0,,,4206.285001681025,1791.1868127078608,2415.0981889731643,1050.0,205.0,80.0
E_uniform_pm1,22,D,16,16,16,8134.652,296,16,1,5,C,96,96,0,1527.30072677056,1400.1578841744322,6309.652159531359,3354.0926695246953,2955.559490006665,1480.0,265.0,80.0
E_uniform_pm1,22,C3F,16,16,16,8134.652,296,16,1,5,C,96,0,0,,,6309.652159531359,3354.0926695246953,2955.559490006665,1480.0,265.0,80.0
E_uniform_pm1,23,D,16,16,16,4737.186,201,16,1,6,C,13,13,0,1637.7161900190126,1486.5147773857923,3458.1859110151718,1588.175932572371,1870.0099784428012,1005.0,194.0,80.0
E_uniform_pm1,23,C3F,16,16,16,4737.186,201,16,1,6,C,13,0,0,,,3458.1859110151718,1588.175932572371,1870.0099784428012,1005.0,194.0,80.0
E_uniform_pm1,24,D,16,16,16,8054.213,314,16,1,5,C,134,134,0,1506.1553271574514,1483.4853982411532,6105.213172427133,3161.9457116408234,2943.267460786312,1570.0,299.0,80.0
E_uniform_pm1,24,C3F,16,16,16,8054.213,314,16,1,5,C,134,0,0,,,6105.213172427133,3161.9457116408234,2943.267460786312,1570.0,299.0,80.0
E_uniform_pm1,25,D,16,16,16,6185.875,218,16,1,9,C,27,27,0,1504.149345777639,1486.514777385789,4832.874710622286,1357.4158427095203,3475.45886791277,1090.0,183.0,80.0
E_uniform_pm1,25,C3F,16,16,16,6185.875,218,16,1,9,C,27,0,0,,,4832.874710622286,1357.4158427095203,3475.45886791277,1090.0,183.0,80.0
E_bias_p1,1,D,16,16,16,6766.408,258,16,1,5,C,160,160,0,1506.3489002060162,1487.9537753876325,5158.40805955093,2323.143210369729,2835.264849181201,1290.0,238.0,80.0
E_bias_p1,1,C3F,16,16,16,6766.408,258,16,1,5,C,160,0,0,,,5158.40805955093,2323.143210369729,2835.264849181201,1290.0,238.0,80.0
E_bias_p1,2,D,16,16,16,5178.34,193,16,1,5,C,132,132,0,1514.7373952433306,1496.7688275366077,3947.3397595800056,1196.1054986383692,2751.234260941636,965.0,186.0,80.0
E_bias_p1,2,C3F,16,16,16,5178.34,193,16,1,5,C,132,0,0,,,3947.3397595800056,1196.1054986383692,2751.234260941636,965.0,186.0,80.0
E_bias_p1,3,D,16,16,16,6915.188,281,16,1,7,C,65,65,0,1568.7920604700053,1486.5147773857911,5155.188138627574,3310.0266316687744,1845.1615069588,1405.0,275.0,80.0
E_bias_p1,3,C3F,16,16,16,6915.188,281,16,1,7,C,65,0,0,,,5155.188138627574,3310.0266316687744,1845.1615069588,1405.0,275.0,80.0
E_bias_p1,4,D,16,16,16,6463.104,245,16,1,4,C,149,149,0,1506.3489002060173,1482.6139452051698,4940.104195236305,2248.7539269651343,2691.350268271171,1225.0,218.0,80.0
E_bias_p1,4,C3F,16,16,16,6463.104,245,16,1,4,C,149,0,0,,,4940.104195236305,2248.7539269651343,2691.350268271171,1225.0,218.0,80.0
E_bias_p1,5,D,16,16,16,5227.346,227,16,1,4,C,89,89,0,1503.3119850664145,1498.8093018849966,3803.3456130473337,1013.8589091566193,2789.4867038907137,1135.0,209.0,80.0
E_bias_p1,5,C3F,16,16,16,5227.346,227,16,1,4,C,89,0,0,,,3803.3456130473337,1013.8589091566193,2789.4867038907137,1135.0,209.0,80.0
E_bias_p1,6,D,16,16,16,7002.808,267,16,1,8,C,51,51,0,1577.83789655479,1489.5933371427811,5329.808413895963,3346.200167038169,1983.6082468577943,1335.0,258.0,80.0
E_bias_p1,6,C3F,16,16,16,7002.808,267,16,1,8,C,51,0,0,,,5329.808413895963,3346.200167038169,1983.6082468577943,1335.0,258.0,80.0
E_bias_p1,7,D,16,16,16,6851.397,255,16,1,4,C,128,128,0,1518.4068063390919,1486.5147773857886,5246.396653599639,3062.2673649618396,2184.1292886378014,1275.0,250.0,80.0
E_bias_p1,7,C3F,16,16,16,6851.397,255,16,1,4,C,128,0,0,,,5246.396653599639,3062.2673649618396,2184.1292886378014,1275.0,250.0,80.0
E_bias_p1,8,D,16,16,16,5612.887,229,16,1,3,C,163,163,0,1510.5359217671137,1498.9665722062036,4170.887425987732,1345.0966760676765,2825.7907499200555,1145.0,217.0,80.0
E_bias_p1,8,C3F,16,16,16,5612.887,229,16,1,3,C,163,0,0,,,4170.887425987732,1345.0966760676765,2825.7907499200555,1145.0,217.0,80.0
E_bias_p1,9,D,16,16,16,4810.121,179,16,1,10,C,55,55,0,1504.8860331420017,1487.990072616756,3669.120673737199,1511.0350510629269,2158.0856226742717,895.0,166.0,80.0
E_bias_p1,9,C3F,16,16,16,4810.121,179,16,1,10,C,55,0,0,,,3669.120673737199,1511.0350510629269,2158.0856226742717,895.0,166.0,80.0
E_bias_p1,10,D,16,16,16,7212.197,282,16,1,6,C,103,103,0,1506.3489002060176,1496.4329088795985,5450.1974619062685,3294.465370624974,2155.7320912812943,1410.0,272.0,80.0
E_bias_p1,10,C3F,16,16,16,7212.197,282,16,1,6,C,103,0,0,,,5450.1974619062685,3294.465370624974,2155.7320912812943,1410.0,272.0,80.0
E_bias_p1,11,D,16,16,16,7504.121,296,16,1,1,C,109,109,0,1502.5534347208759,1486.5147773857907,5667.1212568803485,3340.601341630057,2326.5199152502955,1480.0,277.0,80.0
E_bias_p1,11,C3F,16,16,16,7504.121,296,16,1,1,C,109,0,0,,,5667.1212568803485,3340.601341630057,2326.5199152502955,1480.0,277.0,80.0
E_bias_p1,12,D,16,16,16,4428.9,182,16,1,4,C,52,52,0,1505.1196911525685,1472.2354042287195,3263.9001297950563,1011.6822588819293,2252.217870913126,910.0,175.0,80.0
E_bias_p1,12,C3F,16,16,16,4428.9,182,16,1,4,C,52,0,0,,,3263.9001297950563,1011.6822588819293,2252.217870913126,910.0,175.0,80.0
E_bias_p1,13,D,16,16,16,4963.654,189,16,1,8,C,50,50,0,1504.3771695293856,1486.51477738579,3756.653878702703,1707.0624697139676,2049.591408988735,945.0,182.0,80.0
E_bias_p1,13,C3F,16,16,16,4963.654,189,16,1,8,C,50,0,0,,,3756.653878702703,1707.0624697139676,2049.591408988735,945.0,182.0,80.0
E_bias_p1,14,D,16,16,16,4214.21,179,16,1,7,C,42,42,0,1537.363799322895,1486.5147773857927,3067.210497158108,1274.7252083593978,1792.485288798709,895.0,172.0,80.0
E_bias_p1,14,C3F,16,16,16,4214.21,179,16,1,7,C,42,0,0,,,3067.210497158108,1274.7252083593978,1792.485288798709,895.0,172.0,80.0
E_bias_p1,15,D,16,16,16,6139.158,228,16,1,5,C,101,101,0,1540.5934724226272,1493.3650780878527,4699.1578863181,2662.1166862104246,2037.0412001076763,1140.0,220.0,80.0
E_bias_p1,15,C3F,16,16,16,6139.158,228,16,1,5,C,101,0,0,,,4699.1578863181,2662.1166862104246,2037.0412001076763,1140.0,220.0,80.0
E_bias_p1,16,D,16,16,16,7502.946,295,16,1,6,C,47,47,0,1599.2502674732139,1444.7665688607499,5656.946064334756,3332.5470323582626,2324.3990319764953,1475.0,291.0,80.0
E_bias_p1,16,C3F,16,16,16,7502.946,295,16,1,6,C,47,0,0,,,5656.946064334756,3332.5470323582626,2324.3990319764953,1475.0,291.0,80.0
E_bias_p1,17,D,16,16,16,7210.222,288,16,1,7,C,80,80,0,1522.873777907309,1494.9465873252288,5412.2223111473695,2944.3697885280676,2467.8525226193033,1440.0,278.0,80.0
E_bias_p1,17,C3F,16,16,16,7210.222,288,16,1,7,C,80,0,0,,,5412.2223111473695,2944.3697885280676,2467.8525226193033,1440.0,278.0,80.0
E_bias_p1,18,D,16,16,16,6530.774,245,16,1,4,C,112,112,0,1527.3943872404031,1486.51477738579,4989.774147347292,3035.7730474519726,1954.00109989532,1225.0,236.0,80.0
E_bias_p1,18,C3F,16,16,16,6530.774,245,16,1,4,C,112,0,0,,,4989.774147347292,3035.7730474519726,1954.00109989532,1225.0,236.0,80.0
E_bias_p1,19,D,16,16,16,6239.126,224,16,1,2,C,145,145,0,1547.44577636087,1495.2533962580096,4823.125967137178,2256.514775557116,2566.6111915800625,1120.0,216.0,80.0
E_bias_p1,19,C3F,16,16,16,6239.126,224,16,1,2,C,145,0,0,,,4823.125967137178,2256.514775557116,2566.6111915800625,1120.0,216.0,80.0
E_bias_p1,20,D,16,16,16,4702.17,192,16,1,5,C,91,91,0,1501.7170313215843,1471.5536027590474,3480.1696510272236,1352.1724657334921,2127.997185293731,960.0,182.0,80.0
E_bias_p1,20,C3F,16,16,16,4702.17,192,16,1,5,C,91,0,0,,,3480.1696510272236,1352.1724657334921,2127.997185293731,960.0,182.0,80.0
E_bias_p1,21,D,16,16,16,5264.685,189,16,1,6,C,98,98,0,1505.360424208642,1492.7528602132281,4053.6852305582106,1785.1092571880972,2268.5759733701125,945.0,186.0,80.0
E_bias_p1,21,C3F,16,16,16,5264.685,189,16,1,6,C,98,0,0,,,4053.6852305582106,1785.1092571880972,2268.5759733701125,945.0,186.0,80.0
E_bias_p1,22,D,16,16,16,7919.255,289,16,1,5,C,88,88,0,1527.922220961452,1496.917636999883,6128.254975872467,3357.2037205678075,2771.0512553046597,1445.0,266.0,80.0
E_bias_p1,22,C3F,16,16,16,7919.255,289,16,1,5,C,88,0,0,,,6128.254975872467,3357.2037205678075,2771.0512553046597,1445.0,266.0,80.0
E_bias_p1,23,D,16,16,16,4790.994,201,16,1,6,C,13,13,0,1629.4757500461758,1486.5147773857907,3507.9942930109405,1587.7325452625355,1920.2617477484043,1005.0,198.0,80.0
E_bias_p1,23,C3F,16,16,16,4790.994,201,16,1,6,C,13,0,0,,,3507.9942930109405,1587.7325452625355,1920.2617477484043,1005.0,198.0,80.0
E_bias_p1,24,D,16,16,16,8002.599,315,16,1,5,C,140,140,0,1513.4236932579024,1488.493327822738,6059.598945596767,3204.6366762604803,2854.962269336291,1575.0,288.0,80.0
E_bias_p1,24,C3F,16,16,16,8002.599,315,16,1,5,C,140,0,0,,,6059.598945596767,3204.6366762604803,2854.962269336291,1575.0,288.0,80.0
E_bias_p1,25,D,16,16,16,5805.065,199,16,1,9,C,61,61,0,1526.1879676465448,1497.3340581723035,4558.064573631927,1354.7371739075838,3203.3273997243464,995.0,172.0,80.0
E_bias_p1,25,C3F,16,16,16,5805.065,199,16,1,9,C,61,0,0,,,4558.064573631927,1354.7371739075838,3203.3273997243464,995.0,172.0,80.0
E_bias_m1,1,D,16,16,16,6735.963,247,16,1,5,C,166,166,0,1505.1138516762605,1489.1875208257763,5183.962610670635,2310.7233045839175,2873.2393060867166,1235.0,237.0,80.0
E_bias_m1,1,C3F,16,16,16,6735.963,247,16,1,5,C,166,0,0,,,5183.962610670635,2310.7233045839175,2873.2393060867166,1235.0,237.0,80.0
E_bias_m1,2,D,16,16,16,5900.083,226,16,1,5,C,134,134,0,1506.2389590212952,1494.6926213841543,4484.082726936893,1206.1741755059825,3277.9085514309113,1130.0,206.0,80.0
E_bias_m1,2,C3F,16,16,16,5900.083,226,16,1,5,C,134,0,0,,,4484.082726936893,1206.1741755059825,3277.9085514309113,1130.0,206.0,80.0
E_bias_m1,3,D,16,16,16,6968.358,285,16,1,7,C,65,65,0,1620.51443587269,1488.3209784123858,5184.358385999453,3319.468174300015,1864.8902116994386,1425.0,279.0,80.0
E_bias_m1,3,C3F,16,16,16,6968.358,285,16,1,7,C,65,0,0,,,5184.358385999453,3319.468174300015,1864.8902116994386,1425.0,279.0,80.0
E_bias_m1,4,D,16,16,16,6344.252,236,16,1,4,C,118,118,0,1506.3489002060187,1469.1488137801673,4862.2523705903495,2256.1819330897342,2606.0704375006158,1180.0,222.0,80.0
E_bias_m1,4,C3F,16,16,16,6344.252,236,16,1,4,C,118,0,0,,,4862.2523705903495,2256.1819330897342,2606.0704375006158,1180.0,222.0,80.0
E_bias_m1,5,D,16,16,16,4937.41,221,16,1,4,C,84,84,0,1503.0863214855428,1495.661553770171,3547.4100410111914,1015.6102721605225,2531.7997688506684,1105.0,205.0,80.0
E_bias_m1,5,C3F,16,16,16,4937.41,221,16,1,4,C,84,0,0,,,3547.4100410111914,1015.6102721605225,2531.7997688506684,1105.0,205.0,80.0
E_bias_m1,6,D,16,16,16,6985.4,263,16,1,8,C,52,52,0,1522.2199175221924,1461.5211956010041,5334.39999307793,3365.8513431532133,1968.5486499247181,1315.0,256.0,80.0
E_bias_m1,6,C3F,16,16,16,6985.4,263,16,1,8,C,52,0,0,,,5334.39999307793,3365.8513431532133,1968.5486499247181,1315.0,256.0,80.0
E_bias_m1,7,D,16,16,16,7183.397,271,16,1,4,C,146,146,0,1511.9627800844426,1486.5147773857907,5492.396601954022,3080.808209532023,2411.588392422001,1355.0,256.0,80.0
E_bias_m1,7,C3F,16,16,16,7183.397,271,16,1,4,C,146,0,0,,,5492.396601954022,3080.808209532023,2411.588392422001,1355.0,256.0,80.0
E_bias_m1,8,D,16,16,16,5604.07,234,16,1,3,C,166,166,0,1503.3239838225425,1496.996410770037,4135.0703569953,1345.421129947842,2789.6492270474573,1170.0,219.0,80.0
E_bias_m1,8,C3F,16,16,16,5604.07,234,16,1,3,C,166,0,0,,,4135.0703569953,1345.421129947842,2789.6492270474573,1170.0,219.0,80.0
E_bias_m1,9,D,16,16,16,4735.125,179,16,1,10,C,31,31,0,1504.424261628681,1498.3061823614548,3585.124667112577,1516.058283582655,2069.0663835299215,895.0,175.0,80.0
E_bias_m1,9,C3F,16,16,16,4735.125,179,16,1,10,C,31,0,0,,,3585.124667112577,1516.058283582655,2069.0663835299215,895.0,175.0,80.0
E_bias_m1,10,D,16,16,16,7268.129,281,16,1,6,C,101,101,0,1506.348900206018,1490.4519092719745,5513.12924638098,3296.1067202023346,2217.022526178646,1405.0,270.0,80.0
E_bias_m1,10,C3F,16,16,16,7268.129,281,16,1,6,C,101,0,0,,,5513.12924638098,3296.1067202023346,2217.022526178646,1405.0,270.0,80.0
E_bias_m1,11,D,16,16,16,8195.421,315,16,1,1,C,124,124,0,1501.0965551664835,1498.2749257538803,6252.421057828185,3425.9007037969673,2826.520354031222,1575.0,288.0,80.0
E_bias_m1,11,C3F,16,16,16,8195.421,315,16,1,1,C,124,0,0,,,6252.421057828185,3425.9007037969673,2826.520354031222,1575.0,288.0,80.0
E_bias_m1,12,D,16,16,16,4273.734,185,16,1,4,C,53,53,0,1506.3261610532472,1483.720076928847,3092.7343468237905,1012.2214480816838,2080.5128987421076,925.0,176.0,80.0
E_bias_m1,12,C3F,16,16,16,4273.734,185,16,1,4,C,53,0,0,,,3092.7343468237905,1012.2214480816838,2080.5128987421076,925.0,176.0,80.0
E_bias_m1,13,D,16,16,16,5292.386,191,16,1,8,C,49,49,0,1506.8169328688982,1486.5147773857896,4076.386263404914,1707.9008580273191,2368.4854053775944,955.0,181.0,80.0
E_bias_m1,13,C3F,16,16,16,5292.386,191,16,1,8,C,49,0,0,,,4076.386263404914,1707.9008580273191,2368.4854053775944,955.0,181.0,80.0
E_bias_m1,14,D,16,16,16,4416.501,173,16,1,7,C,40,40,0,1504.8757565250544,1486.5147773857882,3306.5014348627587,1284.4377959900314,2022.0636388727278,865.0,165.0,80.0
E_bias_m1,14,C3F,16,16,16,4416.501,173,16,1,7,C,40,0,0,,,3306.5014348627587,1284.4377959900314,2022.0636388727278,865.0,165.0,80.0
E_bias_m1,15,D,16,16,16,6238.213,231,16,1,5,C,101,101,0,1538.6720292922555,1486.5147773857898,4784.21346248057,2679.5420247910233,2104.671437689547,1155.0,219.0,80.0
E_bias_m1,15,C3F,16,16,16,6238.213,231,16,1,5,C,101,0,0,,,4784.21346248057,2679.5420247910233,2104.671437689547,1155.0,219.0,80.0
E_bias_m1,16,D,16,16,16,6652.683,301,16,1,6,C,47,47,0,1574.5547181113072,1468.1765239938736,4768.68326766551,3229.172438126275,1539.5108295392326,1505.0,299.0,80.0
E_bias_m1,16,C3F,16,16,16,6652.683,301,16,1,6,C,47,0,0,,,4768.68326766551,3229.172438126275,1539.5108295392326,1505.0,299.0,80.0
E_bias_m1,17,D,16,16,16,7170.429,286,16,1,7,C,81,81,0,1518.813531042712,1486.5147773857898,5382.429188277696,2944.3697885280676,2438.0593997496308,1430.0,278.0,80.0
E_bias_m1,17,C3F,16,16,16,7170.429,286,16,1,7,C,81,0,0,,,5382.429188277696,2944.3697885280676,2438.0593997496308,1430.0,278.0,80.0
E_bias_m1,18,D,16,16,16,6564.258,243,16,1,4,C,113,113,0,1504.0378079763675,1486.5147773857914,5035.25846254899,3035.008212487492,2000.2502500614994,1215.0,234.0,80.0
E_bias_m1,18,C3F,16,16,16,6564.258,243,16,1,4,C,113,0,0,,,5035.25846254899,3035.008212487492,2000.2502500614994,1215.0,234.0,80.0
E_bias_m1,19,D,16,16,16,6589.018,238,16,1,2,C,184,184,0,1505.5699354675576,1498.8416850801716,5103.017875789251,2264.8078252413206,2838.210050547931,1190.0,216.0,80.0
E_bias_m1,19,C3F,16,16,16,6589.018,238,16,1,2,C,184,0,0,,,5103.017875789251,2264.8078252413206,2838.210050547931,1190.0,216.0,80.0
E_bias_m1,20,D,16,16,16,5854.951,230,16,1,5,C,85,85,0,1500.1417599631752,1476.694395741739,4400.951161591886,1352.4180248452658,3048.533136746619,1150.0,224.0,80.0
E_bias_m1,20,C3F,16,16,16,5854.951,230,16,1,5,C,85,0,0,,,4400.951161591886,1352.4180248452658,3048.533136746619,1150.0,224.0,80.0
E_bias_m1,21,D,16,16,16,5715.603,201,16,1,6,C,100,100,0,1502.4493348738315,1490.6230974332143,4445.602566245694,1843.3329378227143,2602.2696284229814,1005.0,185.0,80.0
E_bias_m1,21,C3F,16,16,16,5715.603,201,16,1,6,C,100,0,0,,,4445.602566245694,1843.3329378227143,2602.2696284229814,1005.0,185.0,80.0
E_bias_m1,22,D,16,16,16,8165.236,305,16,1,5,C,97,97,0,1516.9842558827781,1395.5710036261194,6285.236038244202,3309.3901013926475,2975.8459368515546,1525.0,275.0,80.0
E_bias_m1,22,C3F,16,16,16,8165.236,305,16,1,5,C,97,0,0,,,6285.236038244202,3309.3901013926475,2975.8459368515546,1525.0,275.0,80.0
E_bias_m1,23,D,16,16,16,4500.489,188,16,1,6,C,13,13,0,1648.518386724722,1486.514777385793,3295.489269372972,1561.4342342730192,1734.0550350999529,940.0,185.0,80.0
E_bias_m1,23,C3F,16,16,16,4500.489,188,16,1,6,C,13,0,0,,,3295.489269372972,1561.4342342730192,1734.0550350999529,940.0,185.0,80.0
E_bias_m1,24,D,16,16,16,8058.098,314,16,1,5,C,134,134,0,1500.28695737827,1489.0626543340522,6108.0982276598415,3136.669571309729,2971.428656350113,1570.0,300.0,80.0
E_bias_m1,24,C3F,16,16,16,8058.098,314,16,1,5,C,134,0,0,,,6108.0982276598415,3136.669571309729,2971.428656350113,1570.0,300.0,80.0
E_bias_m1,25,D,16,16,16,5410.565,186,16,1,9,C,40,40,0,1505.758545735195,1495.3711540469862,4227.564584740073,1357.5649485767854,2869.999636163289,930.0,173.0,80.0
E_bias_m1,25,C3F,16,16,16,5410.565,186,16,1,9,C,40,0,0,,,4227.564584740073,1357.5649485767854,2869.999636163289,930.0,173.0,80.0
E_alternate,1,D,16,16,16,6134.985,235,16,1,5,C,155,155,0,1506.3489002060162,1487.9312861622325,4648.9847807546685,2323.143210369729,2325.841570384939,1175.0,231.0,80.0
E_alternate,1,C3F,16,16,16,6134.985,235,16,1,5,C,155,0,0,,,4648.9847807546685,2323.143210369729,2325.841570384939,1175.0,231.0,80.0
E_alternate,2,D,16,16,16,5018.717,183,16,1,5,C,79,79,0,1525.6466224013457,1488.3066473773515,3846.7170622852714,1201.0201913426608,2645.6968709426096,915.0,177.0,80.0
E_alternate,2,C3F,16,16,16,5018.717,183,16,1,5,C,79,0,0,,,3846.7170622852714,1201.0201913426608,2645.6968709426096,915.0,177.0,80.0
E_alternate,3,D,16,16,16,6733.267,272,16,1,7,C,62,62,0,1620.51443587269,1488.3209784123858,5025.266579347168,3313.9956446805186,1711.2709346666497,1360.0,268.0,80.0
E_alternate,3,C3F,16,16,16,6733.267,272,16,1,7,C,62,0,0,,,5025.266579347168,3313.9956446805186,1711.2709346666497,1360.0,268.0,80.0
E_alternate,4,D,16,16,16,6721.401,241,16,1,4,C,142,142,0,1506.3489002060187,1474.101827266098,5218.400852334715,2250.3004317602895,2968.1004205744257,1205.0,218.0,80.0
E_alternate,4,C3F,16,16,16,6721.401,241,16,1,4,C,142,0,0,,,5218.400852334715,2250.3004317602895,2968.1004205744257,1205.0,218.0,80.0
E_alternate,5,D,16,16,16,4306.989,193,16,1,4,C,71,71,0,1501.3485226172274,1498.2581049049272,3072.9885909273316,1037.1361455066115,2035.8524454207193,965.0,189.0,80.0
E_alternate,5,C3F,16,16,16,4306.989,193,16,1,4,C,71,0,0,,,3072.9885909273316,1037.1361455066115,2035.8524454207193,965.0,189.0,80.0
E_alternate,6,D,16,16,16,6842.45,259,16,1,8,C,52,52,0,1512.6331510351788,1484.603157929406,5212.450402948389,3353.603306842097,1858.8470961062906,1295.0,255.0,80.0
E_alternate,6,C3F,16,16,16,6842.45,259,16,1,8,C,52,0,0,,,5212.450402948389,3353.603306842097,1858.8470961062906,1295.0,255.0,80.0
E_alternate,7,D,16,16,16,6472.246,259,16,1,4,C,100,100,0,1505.3929991576997,1486.5147773857907,4847.246048624879,3043.805175520543,1803.4408731043368,1295.0,250.0,80.0
E_alternate,7,C3F,16,16,16,6472.246,259,16,1,4,C,100,0,0,,,4847.246048624879,3043.805175520543,1803.4408731043368,1295.0,250.0,80.0
E_alternate,8,D,16,16,16,5644.393,230,16,1,3,C,135,135,0,1503.3474718902291,1492.2430844694857,4201.393424851785,1345.3480993785429,2856.045325473242,1150.0,213.0,80.0
E_alternate,8,C3F,16,16,16,5644.393,230,16,1,3,C,135,0,0,,,4201.393424851785,1345.3480993785429,2856.045325473242,1150.0,213.0,80.0
E_alternate,9,D,16,16,16,4723.691,174,16,1,10,C,46,46,0,1500.1687666210153,1487.990072616756,3606.6912780202365,1515.091754374093,2091.599523646144,870.0,167.0,80.0
E_alternate,9,C3F,16,16,16,4723.691,174,16,1,10,C,46,0,0,,,3606.6912780202365,1515.091754374093,2091.599523646144,870.0,167.0,80.0
E_alternate,10,D,16,16,16,7236.963,284,16,1,6,C,95,95,0,1506.348900206018,1494.0623831122177,5457.962784250731,3301.614110910862,2156.348673339869,1420.0,279.0,80.0
E_alternate,10,C3F,16,16,16,7236.963,284,16,1,6,C,95,0,0,,,5457.962784250731,3301.614110910862,2156.348673339869,1420.0,279.0,80.0
E_alternate,11,D,16,16,16,7587.066,296,16,1,1,C,113,113,0,1514.951340849361,1498.2749257538803,5745.065695324406,3437.52746111543,2307.538234208976,1480.0,282.0,80.0
E_alternate,11,C3F,16,16,16,7587.066,296,16,1,1,C,113,0,0,,,5745.065695324406,3437.52746111543,2307.538234208976,1480.0,282.0,80.0
E_alternate,12,D,16,16,16,4642.546,218,16,1,4,C,47,47,0,1501.8572731072,1478.3821720582177,3267.5464037533825,1011.9461859715502,2255.600217781833,1090.0,205.0,80.0
E_alternate,12,C3F,16,16,16,4642.546,218,16,1,4,C,47,0,0,,,3267.5464037533825,1011.9461859715502,2255.600217781833,1090.0,205.0,80.0
E_alternate,13,D,16,16,16,4902.233,184,16,1,8,C,61,61,0,1508.8930558218738,1499.7953808442116,3727.233470879734,1732.5350083216972,1994.6984625580367,920.0,175.0,80.0
E_alternate,13,C3F,16,16,16,4902.233,184,16,1,8,C,61,0,0,,,3727.233470879734,1732.5350083216972,1994.6984625580367,920.0,175.0,80.0
E_alternate,14,D,16,16,16,3571.198,151,16,1,7,C,33,33,0,1530.9500056459692,1486.5147773857927,2595.1981579518333,1275.2053993980528,1319.9927585537807,755.0,141.0,80.0
E_alternate,14,C3F,16,16,16,3571.198,151,16,1,7,C,33,0,0,,,2595.1981579518333,1275.2053993980528,1319.9927585537807,755.0,141.0,80.0
E_alternate,15,D,16,16,16,6083.857,223,16,1,5,C,83,83,0,1540.5934724226272,1494.8880380328928,4673.857393299645,2773.2948460914313,1900.5625472082145,1115.0,215.0,80.0
E_alternate,15,C3F,16,16,16,6083.857,223,16,1,5,C,83,0,0,,,4673.857393299645,2773.2948460914313,1900.5625472082145,1115.0,215.0,80.0
E_alternate,16,D,16,16,16,6341.802,286,16,1,6,C,47,47,0,1599.2502674732139,1451.1335333891493,4548.8020844665325,3209.9870106222756,1338.8150738442578,1430.0,283.0,80.0
E_alternate,16,C3F,16,16,16,6341.802,286,16,1,6,C,47,0,0,,,4548.8020844665325,3209.9870106222756,1338.8150738442578,1430.0,283.0,80.0
E_alternate,17,D,16,16,16,7037.345,253,16,1,7,C,78,78,0,1506.5490225511157,1498.50563258514,5446.345299854389,2944.3697885280676,2501.975511326321,1265.0,246.0,80.0
E_alternate,17,C3F,16,16,16,7037.345,253,16,1,7,C,78,0,0,,,5446.345299854389,2944.3697885280676,2501.975511326321,1265.0,246.0,80.0
E_alternate,18,D,16,16,16,6522.241,244,16,1,4,C,110,110,0,1503.4095624432996,1486.5147773857914,4987.241478527089,3030.0408787212186,1957.20059980587,1220.0,235.0,80.0
E_alternate,18,C3F,16,16,16,6522.241,244,16,1,4,C,110,0,0,,,4987.241478527089,3030.0408787212186,1957.20059980587,1220.0,235.0,80.0
E_alternate,19,D,16,16,16,5671.766,219,16,1,2,C,138,138,0,1519.3185665218336,1486.5147773857902,4284.765630712316,2275.965709182815,2008.7999215295013,1095.0,212.0,80.0
E_alternate,19,C3F,16,16,16,5671.766,219,16,1,2,C,138,0,0,,,4284.765630712316,2275.965709182815,2008.7999215295013,1095.0,212.0,80.0
E_alternate,20,D,16,16,16,5141.12,192,16,1,5,C,102,102,0,1522.0742543721346,1484.498751634342,3913.119587470407,1353.1974272607317,2559.9221602096736,960.0,188.0,80.0
E_alternate,20,C3F,16,16,16,5141.12,192,16,1,5,C,102,0,0,,,3913.119587470407,1353.1974272607317,2559.9221602096736,960.0,188.0,80.0
E_alternate,21,D,16,16,16,5370.238,193,16,1,6,C,97,97,0,1503.4046613274668,1496.3642024694059,4140.237589260339,1791.6337821846655,2348.6038070756726,965.0,185.0,80.0
E_alternate,21,C3F,16,16,16,5370.238,193,16,1,6,C,97,0,0,,,4140.237589260339,1791.6337821846655,2348.6038070756726,965.0,185.0,80.0
E_alternate,22,D,16,16,16,7074.566,272,16,1,5,C,68,68,0,1528.324548611322,1496.7370613706325,5374.566124902918,3415.036447519421,1959.5296773834968,1360.0,260.0,80.0
E_alternate,22,C3F,16,16,16,7074.566,272,16,1,5,C,68,0,0,,,5374.566124902918,3415.036447519421,1959.5296773834968,1360.0,260.0,80.0
E_alternate,23,D,16,16,16,4587.416,193,16,1,6,C,13,13,0,1610.8852396266323,1486.5147773857907,3356.415524505391,1563.9208039999353,1792.4947205054566,965.0,186.0,80.0
E_alternate,23,C3F,16,16,16,4587.416,193,16,1,6,C,13,0,0,,,3356.415524505391,1563.9208039999353,1792.4947205054566,965.0,186.0,80.0
E_alternate,24,D,16,16,16,7989.859,307,16,1,5,C,137,137,0,1501.4374657373482,1491.8984269993493,6094.858814064025,3156.1464547455635,2938.7123593184647,1535.0,280.0,80.0
E_alternate,24,C3F,16,16,16,7989.859,307,16,1,5,C,137,0,0,,,6094.858814064025,3156.1464547455635,2938.7123593184647,1535.0,280.0,80.0
E_alternate,25,D,16,16,16,5554.238,200,16,1,9,C,26,26,0,1528.104878289777,1491.7164059486624,4294.237808920512,1357.5649485767854,2936.6728603437273,1000.0,180.0,80.0
E_alternate,25,C3F,16,16,16,5554.238,200,16,1,9,C,26,0,0,,,4294.237808920512,1357.5649485767854,2936.6728603437273,1000.0,180.0,80.0
E_edge_099,1,D,16,16,16,6437.564,254,16,1,5,C,195,195,0,1506.3489002060162,1486.5147773857886,4846.563610292991,2323.6685303012755,2522.8950799917166,1270.0,241.0,80.0
E_edge_099,1,C3F,16,16,16,6437.564,254,16,1,5,C,195,0,0,,,4846.563610292991,2323.6685303012755,2522.8950799917166,1270.0,241.0,80.0
E_edge_099,2,D,16,16,16,4938.274,193,16,1,5,C,108,108,0,1511.054118773697,1473.0028661721913,3702.273841037435,1201.0098288399704,2501.2640121974637,965.0,191.0,80.0
E_edge_099,2,C3F,16,16,16,4938.274,193,16,1,5,C,108,0,0,,,3702.273841037435,1201.0098288399704,2501.2640121974637,965.0,191.0,80.0
E_edge_099,3,D,16,16,16,6777.085,273,16,1,7,C,63,63,0,1507.4109327823846,1486.5147773857918,5063.084774914109,3312.934383038432,1750.150391875675,1365.0,269.0,80.0
E_edge_099,3,C3F,16,16,16,6777.085,273,16,1,7,C,63,0,0,,,5063.084774914109,3312.934383038432,1750.150391875675,1365.0,269.0,80.0
E_edge_099,4,D,16,16,16,6620.933,239,16,1,4,C,122,122,0,1506.3489002060144,1463.1858610754468,5123.932559904902,2252.1372260616613,2871.79533384324,1195.0,222.0,80.0
E_edge_099,4,C3F,16,16,16,6620.933,239,16,1,4,C,122,0,0,,,5123.932559904902,2252.1372260616613,2871.79533384324,1195.0,222.0,80.0
E_edge_099,5,D,16,16,16,4382.211,178,16,1,4,C,108,108,0,1513.7754628747398,1490.560070408869,3247.2106539359997,1013.8665605805018,2233.3440933554975,890.0,165.0,80.0
E_edge_099,5,C3F,16,16,16,4382.211,178,16,1,4,C,108,0,0,,,3247.2106539359997,1013.8665605805018,2233.3440933554975,890.0,165.0,80.0
E_edge_099,6,D,16,16,16,6919.747,259,16,1,8,C,52,52,0,1512.563597529971,1465.922717145833,5290.746819377702,3352.3767131977297,1938.3701061799732,1295.0,254.0,80.0
E_edge_099,6,C3F,16,16,16,6919.747,259,16,1,8,C,52,0,0,,,5290.746819377702,3352.3767131977297,1938.3701061799732,1295.0,254.0,80.0
E_edge_099,7,D,16,16,16,6557.106,249,16,1,4,C,116,116,0,1536.2768171485332,1490.8679716187023,4990.106166884306,3041.659376304868,1948.4467905794397,1245.0,242.0,80.0
E_edge_099,7,C3F,16,16,16,6557.106,249,16,1,4,C,116,0,0,,,4990.106166884306,3041.659376304868,1948.4467905794397,1245.0,242.0,80.0
E_edge_099,8,D,16,16,16,5340.135,208,16,1,3,C,146,146,0,1507.550742999613,1494.6561532880303,4022.1348923361516,1345.4190762795506,2676.715816056602,1040.0,198.0,80.0
E_edge_099,8,C3F,16,16,16,5340.135,208,16,1,3,C,146,0,0,,,4022.1348923361516,1345.4190762795506,2676.715816056602,1040.0,198.0,80.0
E_edge_099,9,D,16,16,16,4569.452,168,16,1,10,C,43,43,0,1504.7101413382609,1486.5147773857916,3487.451988113635,1511.995476207781,1975.4565119058536,840.0,162.0,80.0
E_edge_099,9,C3F,16,16,16,4569.452,168,16,1,10,C,43,0,0,,,3487.451988113635,1511.995476207781,1975.4565119058536,840.0,162.0,80.0
E_edge_099,10,D,16,16,16,7140.724,278,16,1,6,C,107,107,0,1506.3489002060185,1499.3147901171674,5400.723810785019,3294.337766699338,2106.3860440856834,1390.0,270.0,80.0
E_edge_099,10,C3F,16,16,16,7140.724,278,16,1,6,C,107,0,0,,,5400.723810785019,3294.337766699338,2106.3860440856834,1390.0,270.0,80.0
E_edge_099,11,D,16,16,16,8013.311,305,16,1,1,C,116,116,0,1507.9844646474428,1486.514777385789,6122.310834265058,3386.213139951744,2736.097694313313,1525.0,286.0,80.0
E_edge_099,11,C3F,16,16,16,8013.311,305,16,1,1,C,116,0,0,,,6122.310834265058,3386.213139951744,2736.097694313313,1525.0,286.0,80.0
E_edge_099,12,D,16,16,16,4227.086,177,16,1,4,C,42,42,0,1505.1302871253147,1479.125886226917,3096.086381819007,1012.2216476737958,2083.86473414521,885.0,166.0,80.0
E_edge_099,12,C3F,16,16,16,4227.086,177,16,1,4,C,42,0,0,,,3096.086381819007,1012.2216476737958,2083.86473414521,885.0,166.0,80.0
E_edge_099,13,D,16,16,16,4914.345,185,16,1,8,C,45,45,0,1501.0330734705144,1486.5147773857896,3729.3448533846617,1707.71362919973,2021.6312241849323,925.0,180.0,80.0
E_edge_099,13,C3F,16,16,16,4914.345,185,16,1,8,C,45,0,0,,,3729.3448533846617,1707.71362919973,2021.6312241849323,925.0,180.0,80.0
E_edge_099,14,D,16,16,16,4154.328,166,16,1,7,C,35,35,0,1531.0951951373013,1495.6180056473463,3086.327553821001,1282.1682136926765,1804.1593401283249,830.0,158.0,80.0
E_edge_099,14,C3F,16,16,16,4154.328,166,16,1,7,C,35,0,0,,,3086.327553821001,1282.1682136926765,1804.1593401283249,830.0,158.0,80.0
E_edge_099,15,D,16,16,16,6133.732,224,16,1,5,C,89,89,0,1509.6892829054136,1496.2710761425935,4715.73189729339,2669.791906584337,2045.9399907090535,1120.0,218.0,80.0
E_edge_099,15,C3F,16,16,16,6133.732,224,16,1,5,C,89,0,0,,,4715.73189729339,2669.791906584337,2045.9399907090535,1120.0,218.0,80.0
E_edge_099,16,D,16,16,16,6657.22,295,16,1,6,C,47,47,0,1546.455891802077,1468.062475982192,4815.219588978734,3230.396941124462,1584.8226478542704,1475.0,287.0,80.0
E_edge_099,16,C3F,16,16,16,6657.22,295,16,1,6,C,47,0,0,,,4815.219588978734,3230.396941124462,1584.8226478542704,1475.0,287.0,80.0
E_edge_099,17,D,16,16,16,6917.599,265,16,1,7,C,85,85,0,1504.4427302480372,1486.5147773857898,5257.598923530992,2964.0479562916075,2293.550967239384,1325.0,255.0,80.0
E_edge_099,17,C3F,16,16,16,6917.599,265,16,1,7,C,85,0,0,,,5257.598923530992,2964.0479562916075,2293.550967239384,1325.0,255.0,80.0
E_edge_099,18,D,16,16,16,6549.94,244,16,1,4,C,122,122,0,1507.491384646642,1486.5147773857889,5018.940329412173,3000.3858725891373,2018.554456823036,1220.0,231.0,80.0
E_edge_099,18,C3F,16,16,16,6549.94,244,16,1,4,C,122,0,0,,,5018.940329412173,3000.3858725891373,2018.554456823036,1220.0,231.0,80.0
E_edge_099,19,D,16,16,16,6097.657,217,16,1,2,C,135,135,0,1540.156390629762,1493.8540267984013,4719.656555185038,2264.764722417455,2454.8918327675824,1085.0,213.0,80.0
E_edge_099,19,C3F,16,16,16,6097.657,217,16,1,2,C,135,0,0,,,4719.656555185038,2264.764722417455,2454.8918327675824,1085.0,213.0,80.0
E_edge_099,20,D,16,16,16,5392.713,209,16,1,5,C,135,135,0,1512.1423724335382,1495.0425094191123,4063.7127665685293,1355.1150444986142,2708.5977220699156,1045.0,204.0,80.0
E_edge_099,20,C3F,16,16,16,5392.713,209,16,1,5,C,135,0,0,,,4063.7127665685293,1355.1150444986142,2708.5977220699156,1045.0,204.0,80.0
E_edge_099,21,D,16,16,16,5265.635,185,16,1,6,C,96,96,0,1502.907942513475,1495.2074773579086,4080.6349254483225,1828.5847026554732,2252.0502227928487,925.0,180.0,80.0
E_edge_099,21,C3F,16,16,16,5265.635,185,16,1,6,C,96,0,0,,,4080.6349254483225,1828.5847026554732,2252.0502227928487,925.0,180.0,80.0
E_edge_099,22,D,16,16,16,7940.015,288,16,1,5,C,96,96,0,1551.371510449235,1497.0166829359816,6160.0150101884465,3336.658918568302,2823.3560916201413,1440.0,260.0,80.0
E_edge_099,22,C3F,16,16,16,7940.015,288,16,1,5,C,96,0,0,,,6160.0150101884465,3336.658918568302,2823.3560916201413,1440.0,260.0,80.0
E_edge_099,23,D,16,16,16,4544.366,187,16,1,6,C,13,13,0,1648.4469494613716,1486.5147773857911,3345.3659089287517,1585.6620190099625,1759.7038899187883,935.0,184.0,80.0
E_edge_099,23,C3F,16,16,16,4544.366,187,16,1,6,C,13,0,0,,,3345.3659089287517,1585.6620190099625,1759.7038899187883,935.0,184.0,80.0
E_edge_099,24,D,16,16,16,8245.719,326,16,1,5,C,143,143,0,1500.0966742821158,1489.037148991178,6224.719238304145,3172.247253087941,3052.4719852162043,1630.0,311.0,80.0
E_edge_099,24,C3F,16,16,16,8245.719,326,16,1,5,C,143,0,0,,,6224.719238304145,3172.247253087941,3052.4719852162043,1630.0,311.0,80.0
E_edge_099,25,D,16,16,16,5425.727,186,16,1,9,C,17,17,0,1539.2973737440286,1497.4267959153938,4246.72718390385,1357.546190028987,2889.180993874865,930.0,169.0,80.0
E_edge_099,25,C3F,16,16,16,5425.727,186,16,1,9,C,17,0,0,,,4246.72718390385,1357.546190028987,2889.180993874865,930.0,169.0,80.0
E_zero,1,D,16,16,16,6894.643,255,16,1,5,C,165,165,0,1506.3489002060219,1496.590841679163,5300.642962182326,2316.943308522724,2983.6996536596043,1275.0,239.0,80.0
E_zero,1,C3F,16,16,16,6894.643,255,16,1,5,C,165,0,0,,,5300.642962182326,2316.943308522724,2983.6996536596043,1275.0,239.0,80.0
E_zero,2,D,16,16,16,5515.842,208,16,1,5,C,126,126,0,1503.1389934719211,1498.2854002015229,4201.841802122353,1157.8865399969663,3043.9552621253856,1040.0,194.0,80.0
E_zero,2,C3F,16,16,16,5515.842,208,16,1,5,C,126,0,0,,,4201.841802122353,1157.8865399969663,3043.9552621253856,1040.0,194.0,80.0
E_zero,3,D,16,16,16,6968.242,285,16,1,7,C,65,65,0,1594.6579150711173,1486.5147773857882,5184.242072043955,3314.537597315653,1869.704474728303,1425.0,279.0,80.0
E_zero,3,C3F,16,16,16,6968.242,285,16,1,7,C,65,0,0,,,5184.242072043955,3314.537597315653,1869.704474728303,1425.0,279.0,80.0
E_zero,4,D,16,16,16,6558.694,245,16,1,4,C,134,134,0,1506.348900206014,1473.7692251263027,5027.693745391715,2252.3593084624927,2775.3344369292245,1225.0,226.0,80.0
E_zero,4,C3F,16,16,16,6558.694,245,16,1,4,C,134,0,0,,,5027.693745391715,2252.3593084624927,2775.3344369292245,1225.0,226.0,80.0
E_zero,5,D,16,16,16,5196.538,222,16,1,4,C,87,87,0,1504.7012119924213,1497.332410958808,3802.53768646384,1014.6775090710946,2787.860177392745,1110.0,204.0,80.0
E_zero,5,C3F,16,16,16,5196.538,222,16,1,4,C,87,0,0,,,3802.53768646384,1014.6775090710946,2787.860177392745,1110.0,204.0,80.0
E_zero,6,D,16,16,16,7267.501,265,16,1,8,C,52,52,0,1505.8665681028033,1473.2556891257493,5606.500559341994,3321.0892534954723,2285.41130584652,1325.0,256.0,80.0
E_zero,6,C3F,16,16,16,7267.501,265,16,1,8,C,52,0,0,,,5606.500559341994,3321.0892534954723,2285.41130584652,1325.0,256.0,80.0
E_zero,7,D,16,16,16,6917.581,261,16,1,4,C,132,132,0,1519.663188352107,1498.4993521881993,5279.581447081666,3029.4635064606314,2250.1179406210335,1305.0,253.0,80.0
E_zero,7,C3F,16,16,16,6917.581,261,16,1,4,C,132,0,0,,,5279.581447081666,3029.4635064606314,2250.1179406210335,1305.0,253.0,80.0
E_zero,8,D,16,16,16,5581.405,229,16,1,3,C,165,165,0,1501.1131142299228,1498.9680249460775,4141.405361636741,1345.2379602930741,2796.167401343667,1145.0,215.0,80.0
E_zero,8,C3F,16,16,16,5581.405,229,16,1,3,C,165,0,0,,,4141.405361636741,1345.2379602930741,2796.167401343667,1145.0,215.0,80.0
E_zero,9,D,16,16,16,4958.531,183,16,1,10,C,58,58,0,1538.9572042593354,1496.4183616991322,3791.5312842794315,1511.457713336716,2280.073570942716,915.0,172.0,80.0
E_zero,9,C3F,16,16,16,4958.531,183,16,1,10,C,58,0,0,,,3791.5312842794315,1511.457713336716,2280.073570942716,915.0,172.0,80.0
E_zero,10,D,16,16,16,7296.957,285,16,1,6,C,104,104,0,1506.348900206021,1495.8002673880055,5518.956511708315,3295.195086625281,2223.761425083034,1425.0,273.0,80.0
E_zero,10,C3F,16,16,16,7296.957,285,16,1,6,C,104,0,0,,,5518.956511708315,3295.195086625281,2223.761425083034,1425.0,273.0,80.0
E_zero,11,D,16,16,16,7527.513,299,16,1,1,C,108,108,0,1514.6909621310192,1496.8911729960168,5673.512622626909,3327.2415114191044,2346.2711112078086,1495.0,279.0,80.0
E_zero,11,C3F,16,16,16,7527.513,299,16,1,1,C,108,0,0,,,5673.512622626909,3327.2415114191044,2346.2711112078086,1495.0,279.0,80.0
E_zero,12,D,16,16,16,4419.961,182,16,1,4,C,53,53,0,1505.952289930908,1463.7483914424472,3253.9605253196305,1011.927301803805,2242.0332235158266,910.0,176.0,80.0
E_zero,12,C3F,16,16,16,4419.961,182,16,1,4,C,53,0,0,,,3253.9605253196305,1011.927301803805,2242.0332235158266,910.0,176.0,80.0
E_zero,13,D,16,16,16,5205.303,197,16,1,8,C,66,66,0,1509.3849540296228,1491.8233145991715,3953.3034249586044,1732.2272967861077,2221.076128172496,985.0,187.0,80.0
E_zero,13,C3F,16,16,16,5205.303,197,16,1,8,C,66,0,0,,,3953.3034249586044,1732.2272967861077,2221.076128172496,985.0,187.0,80.0
E_zero,14,D,16,16,16,4547.506,176,16,1,7,C,37,37,0,1530.3122648596157,1486.5147773857884,3429.506468679833,1279.2727328331766,2150.2337358466557,880.0,158.0,80.0
E_zero,14,C3F,16,16,16,4547.506,176,16,1,7,C,37,0,0,,,3429.506468679833,1279.2727328331766,2150.2337358466557,880.0,158.0,80.0
E_zero,15,D,16,16,16,6328.686,235,16,1,5,C,108,108,0,1513.3025778192102,1486.5147773857948,4851.686400654877,2670.598707202451,2181.087693452428,1175.0,222.0,80.0
E_zero,15,C3F,16,16,16,6328.686,235,16,1,5,C,108,0,0,,,4851.686400654877,2670.598707202451,2181.087693452428,1175.0,222.0,80.0
E_zero,16,D,16,16,16,6765.369,304,16,1,6,C,47,47,0,1587.1025532327792,1456.6212381955477,4867.368758002573,3178.2829045137373,1689.0858534888378,1520.0,298.0,80.0
E_zero,16,C3F,16,16,16,6765.369,304,16,1,6,C,47,0,0,,,4867.368758002573,3178.2829045137373,1689.0858534888378,1520.0,298.0,80.0
E_zero,17,D,16,16,16,7597.901,292,16,1,7,C,81,81,0,1509.2213017210584,1486.5147773857907,5789.900743138856,2944.3697885280676,2845.530954610792,1460.0,268.0,80.0
E_zero,17,C3F,16,16,16,7597.901,292,16,1,7,C,81,0,0,,,5789.900743138856,2944.3697885280676,2845.530954610792,1460.0,268.0,80.0
E_zero,18,D,16,16,16,6523.343,246,16,1,4,C,112,112,0,1517.0218574124813,1491.4946352643328,4976.343298196919,3026.6741568012753,1949.6691413956428,1230.0,237.0,80.0
E_zero,18,C3F,16,16,16,6523.343,246,16,1,4,C,112,0,0,,,4976.343298196919,3026.6741568012753,1949.6691413956428,1230.0,237.0,80.0
E_zero,19,D,16,16,16,6490.309,236,16,1,2,C,175,175,0,1527.138055893672,1497.2304136162982,5005.309309078663,2260.577256737461,2744.7320523412,1180.0,225.0,80.0
E_zero,19,C3F,16,16,16,6490.309,236,16,1,2,C,175,0,0,,,5005.309309078663,2260.577256737461,2744.7320523412,1180.0,225.0,80.0
E_zero,20,D,16,16,16,6777.88,262,16,1,5,C,151,151,0,1507.9271958778404,1494.1279686001715,5148.879992054168,1350.4638500626256,3798.416141991546,1310.0,239.0,80.0
E_zero,20,C3F,16,16,16,6777.88,262,16,1,5,C,151,0,0,,,5148.879992054168,1350.4638500626256,3798.416141991546,1310.0,239.0,80.0
E_zero,21,D,16,16,16,5522.59,196,16,1,6,C,99,99,0,1501.865617065387,1479.1365445449285,4276.590438388943,1840.7365851832878,2435.853853205655,980.0,186.0,80.0
E_zero,21,C3F,16,16,16,5522.59,196,16,1,6,C,99,0,0,,,4276.590438388943,1840.7365851832878,2435.853853205655,980.0,186.0,80.0
E_zero,22,D,16,16,16,8149.822,300,16,1,5,C,99,99,0,1506.9250055472176,1414.6444499576858,6301.821655692638,3308.740880180826,2993.08077551181,1500.0,268.0,80.0
E_zero,22,C3F,16,16,16,8149.822,300,16,1,5,C,99,0,0,,,6301.821655692638,3308.740880180826,2993.08077551181,1500.0,268.0,80.0
E_zero,23,D,16,16,16,4766.088,206,16,1,6,C,13,13,0,1641.126456406353,1486.5147773857884,3453.088384836017,1539.4593233318974,1913.6290615041182,1030.0,203.0,80.0
E_zero,23,C3F,16,16,16,4766.088,206,16,1,6,C,13,0,0,,,3453.088384836017,1539.4593233318974,1913.6290615041182,1030.0,203.0,80.0
E_zero,24,D,16,16,16,8061.954,318,16,1,5,C,133,133,0,1502.0203061556833,1486.9462592568702,6089.953720804195,3136.712990421157,2953.2407303830364,1590.0,302.0,80.0
E_zero,24,C3F,16,16,16,8061.954,318,16,1,5,C,133,0,0,,,6089.953720804195,3136.712990421157,2953.2407303830364,1590.0,302.0,80.0
E_zero,25,D,16,16,16,5903.595,204,16,1,9,C,54,54,0,1506.3641143192067,1486.514777385792,4626.59465308364,1356.0877054632747,3270.5069476203657,1020.0,177.0,80.0
E_zero,25,C3F,16,16,16,5903.595,204,16,1,9,C,54,0,0,,,4626.59465308364,1356.0877054632747,3270.5069476203657,1020.0,177.0,80.0
E_out_bias_p11,1,D,16,16,8,4947.494,231,9,0,5,C,155,155,0,1506.3489002060182,1487.0840385941633,3522.4940174284347,2323.761942547787,1198.732074880648,1155.0,227.0,43.0
E_out_bias_p11,1,C3F,16,16,8,4947.494,231,9,0,5,C,155,0,0,,,3522.4940174284347,2323.761942547787,1198.732074880648,1155.0,227.0,43.0
E_out_bias_p11,2,D,16,16,3,2941.924,169,4,0,5,C,90,90,0,1527.4201917162668,1485.1531734728194,1910.9244335132262,1195.3794226902396,715.5450108229865,845.0,168.0,18.0
E_out_bias_p11,2,C3F,16,16,3,2941.924,169,4,0,5,C,90,0,0,,,1910.9244335132262,1195.3794226902396,715.5450108229865,845.0,168.0,18.0
E_out_bias_p11,3,D,16,16,6,5735.433,278,7,0,7,C,65,65,0,1566.2043756534147,1486.5147773857884,4039.4330158144935,3309.5495699550124,729.8834458594818,1390.0,273.0,33.0
E_out_bias_p11,3,C3F,16,16,6,5735.433,278,7,0,7,C,65,0,0,,,4039.4330158144935,3309.5495699550124,729.8834458594818,1390.0,273.0,33.0
E_out_bias_p11,4,D,16,16,7,4567.936,228,8,0,4,C,128,128,0,1506.3489002060148,1483.8903913611239,3178.935810049052,2248.3891019790112,930.5467080700403,1140.0,211.0,38.0
E_out_bias_p11,4,C3F,16,16,7,4567.936,228,8,0,4,C,128,0,0,,,3178.935810049052,2248.3891019790112,930.5467080700403,1140.0,211.0,38.0
E_out_bias_p11,5,D,16,16,1,1797.842,119,2,0,4,C,7,7,0,1540.5934724226297,1396.35916025353,1076.8424612489264,1013.7829704212743,63.05949082765214,595.0,118.0,8.0
E_out_bias_p11,5,C3F,16,16,1,1797.842,119,2,0,4,C,7,0,0,,,1076.8424612489264,1013.7829704212743,63.05949082765214,595.0,118.0,8.0
E_out_bias_p11,6,D,16,16,3,5314.228,260,6,0,8,C,51,51,0,1576.1201414033176,1487.9712930755734,3736.2282321334974,3345.3384092799693,390.88982285352745,1300.0,254.0,24.0
E_out_bias_p11,6,C3F,16,16,3,5314.228,260,6,0,8,C,51,0,0,,,3736.2282321334974,3345.3384092799693,390.88982285352745,1300.0,254.0,24.0
E_out_bias_p11,7,D,16,16,5,4911.813,230,6,0,4,C,97,97,0,1518.2612621482783,1486.5147773857889,3505.812969435369,3061.5881901981124,444.2247792372563,1150.0,228.0,28.0
E_out_bias_p11,7,C3F,16,16,5,4911.813,230,6,0,4,C,97,0,0,,,3505.812969435369,3061.5881901981124,444.2247792372563,1150.0,228.0,28.0
E_out_bias_p11,8,D,16,16,4,3147.039,177,5,0,3,C,103,103,0,1513.1441458485883,1488.2530993893683,2064.0386860304952,1345.0616336754142,718.977052355081,885.0,175.0,23.0
E_out_bias_p11,8,C3F,16,16,4,3147.039,177,5,0,3,C,103,0,0,,,2064.0386860304952,1345.0616336754142,718.977052355081,885.0,175.0,23.0
E_out_bias_p11,9,D,16,16,12,6201.656,259,88,0,10,C,194,194,0,1506.0050121989145,1487.1241316788717,4438.655982694098,1510.9987236601273,2927.657259033972,1295.0,180.0,288.0
E_out_bias_p11,9,C3F,16,16,12,6201.656,259,88,0,10,C,194,0,0,,,4438.655982694098,1510.9987236601273,2927.657259033972,1295.0,180.0,288.0
E_out_bias_p11,10,D,16,16,10,6409.704,275,12,0,6,C,100,100,0,1505.8173145110468,1496.7500871312388,4708.703640217877,3294.3751696468785,1414.328470570998,1375.0,270.0,56.0
E_out_bias_p11,10,C3F,16,16,10,6409.704,275,12,0,6,C,100,0,0,,,4708.703640217877,3294.3751696468785,1414.328470570998,1375.0,270.0,56.0
E_out_bias_p11,11,D,16,16,3,5051.797,268,4,0,1,C,107,107,0,1501.3518260000362,1486.51477738579,3426.7969352275145,3426.7969352275145,0.0,1340.0,267.0,18.0
E_out_bias_p11,11,C3F,16,16,3,5051.797,268,4,0,1,C,107,0,0,,,3426.7969352275145,3426.7969352275145,0.0,1340.0,267.0,18.0
E_out_bias_p11,12,D,16,16,16,4501.213,191,16,1,4,C,39,39,0,1505.0112098078407,1500.0,3283.212911000758,1011.6299986639476,2271.5829123368103,955.0,183.0,80.0
E_out_bias_p11,12,C3F,16,16,16,4501.213,191,16,1,4,C,39,0,0,,,3283.212911000758,1011.6299986639476,2271.5829123368103,955.0,183.0,80.0
E_out_bias_p11,13,D,16,16,10,5156.168,289,36,0,8,C,72,72,0,1514.1795374509647,1486.5147773857896,3298.1678613332347,1707.0275092981615,1591.140352035074,1445.0,285.0,128.0
E_out_bias_p11,13,C3F,16,16,10,5156.168,289,36,0,8,C,72,0,0,,,3298.1678613332347,1707.0275092981615,1591.140352035074,1445.0,285.0,128.0
E_out_bias_p11,14,D,16,16,5,3754.438,250,31,0,7,C,85,85,0,1530.413734117163,1486.514777385789,2153.437761093328,1274.1020468022982,879.3357142910294,1250.0,248.0,103.0
E_out_bias_p11,14,C3F,16,16,5,3754.438,250,31,0,7,C,85,0,0,,,2153.437761093328,1274.1020468022982,879.3357142910294,1250.0,248.0,103.0
E_out_bias_p11,15,D,16,16,11,6261.702,255,53,0,5,C,111,111,0,1540.5934724226302,1486.5147773857911,4573.702188483691,2661.2728381751267,1912.4293503085646,1275.0,232.0,181.0
E_out_bias_p11,15,C3F,16,16,11,6261.702,255,53,0,5,C,111,0,0,,,4573.702188483691,2661.2728381751267,1912.4293503085646,1275.0,232.0,181.0
E_out_bias_p11,16,D,16,16,8,6259.32,288,9,0,6,C,47,47,0,1600.4428151259335,1443.5649101955448,4492.319978021936,3331.560148963115,1160.7598290588226,1440.0,284.0,43.0
E_out_bias_p11,16,C3F,16,16,8,6259.32,288,9,0,6,C,47,0,0,,,4492.319978021936,3331.560148963115,1160.7598290588226,1440.0,284.0,43.0
E_out_bias_p11,17,D,16,16,12,6525.497,266,13,0,7,C,80,80,0,1522.7220241508865,1493.975679956342,4876.497065552895,2944.3697885280676,1932.1272770248265,1330.0,256.0,63.0
E_out_bias_p11,17,C3F,16,16,12,6525.497,266,13,0,7,C,80,0,0,,,4876.497065552895,2944.3697885280676,1932.1272770248265,1330.0,256.0,63.0
E_out_bias_p11,18,D,16,16,5,4875.372,227,6,0,4,C,90,90,0,1536.2212332314418,1486.5147773857877,3487.3721911230937,3034.4565198264268,452.91567129666686,1135.0,225.0,28.0
E_out_bias_p11,18,C3F,16,16,5,4875.372,227,6,0,4,C,90,0,0,,,3487.3721911230937,3034.4565198264268,452.91567129666686,1135.0,225.0,28.0
E_out_bias_p11,19,D,16,16,3,3836.404,203,4,0,2,C,94,94,0,1548.7141544776841,1486.5147773857902,2603.4040712101087,2256.1181639744855,347.2859072356232,1015.0,200.0,18.0
E_out_bias_p11,19,C3F,16,16,3,3836.404,203,4,0,2,C,94,0,0,,,2603.4040712101087,2256.1181639744855,347.2859072356232,1015.0,200.0,18.0
E_out_bias_p11,20,D,16,16,9,4099.193,195,10,0,5,C,140,140,0,1527.1973864696818,1471.479030892041,2885.1930702663444,1352.8768863017767,1532.316183964568,975.0,191.0,48.0
E_out_bias_p11,20,C3F,16,16,9,4099.193,195,10,0,5,C,140,0,0,,,2885.1930702663444,1352.8768863017767,1532.316183964568,975.0,191.0,48.0
E_out_bias_p11,21,D,16,16,7,3797.977,178,8,0,6,C,76,76,0,1516.5585488601814,1494.3871401243653,2692.9767619678287,1784.3427302212453,908.6340317465836,890.0,177.0,38.0
E_out_bias_p11,21,C3F,16,16,7,3797.977,178,8,0,6,C,76,0,0,,,2692.9767619678287,1784.3427302212453,908.6340317465836,890.0,177.0,38.0
E_out_bias_p11,22,D,16,16,16,8791.369,319,41,1,5,C,114,114,0,1528.1372409313526,1495.9604616649794,6775.369301117504,3357.1732681937624,3418.196032923741,1595.0,266.0,155.0
E_out_bias_p11,22,C3F,16,16,16,8791.369,319,41,1,5,C,114,0,0,,,6775.369301117504,3357.1732681937624,3418.196032923741,1595.0,266.0,155.0
E_out_bias_p11,23,D,16,16,6,4154.23,215,34,0,6,C,13,13,0,1627.438984651383,1486.5147773857936,2775.2301353958687,1587.3528806540908,1187.8772547417757,1075.0,190.0,114.0
E_out_bias_p11,23,C3F,16,16,6,4154.23,215,34,0,6,C,13,0,0,,,2775.2301353958687,1587.3528806540908,1187.8772547417757,1075.0,190.0,114.0
E_out_bias_p11,24,D,16,16,1,4871.134,254,3,0,5,C,96,96,0,1511.6538675585593,1485.0258303536425,3337.133954434307,3218.9529611430826,118.18099329122438,1270.0,253.0,11.0
E_out_bias_p11,24,C3F,16,16,1,4871.134,254,3,0,5,C,96,0,0,,,3337.133954434307,3218.9529611430826,118.18099329122438,1270.0,253.0,11.0
E_out_bias_p11,25,D,16,16,16,5569.264,182,16,1,9,C,33,33,0,1526.9305085950266,1496.403978391564,4417.263732480443,1354.466441476045,3062.7972910043986,910.0,162.0,80.0
E_out_bias_p11,25,C3F,16,16,16,5569.264,182,16,1,9,C,33,0,0,,,4417.263732480443,1354.466441476045,3062.7972910043986,910.0,162.0,80.0
E_out_uniform_15,1,D,16,16,4,3945.633,207,5,0,5,C,118,118,0,1506.348900206017,1486.5147773857893,2681.633037833275,2316.0272755262713,365.6057623070037,1035.0,206.0,23.0
E_out_uniform_15,1,C3F,16,16,4,3945.633,207,5,0,5,C,118,0,0,,,2681.633037833275,2316.0272755262713,365.6057623070037,1035.0,206.0,23.0
E_out_uniform_15,2,D,16,16,1,2356.056,136,2,0,5,C,38,38,0,1508.258096241285,1467.598378693982,1533.0556980924594,1200.4158704478555,332.63982764460377,680.0,135.0,8.0
E_out_uniform_15,2,C3F,16,16,1,2356.056,136,2,0,5,C,38,0,0,,,1533.0556980924594,1200.4158704478555,332.63982764460377,680.0,135.0,8.0
E_out_uniform_15,3,D,16,16,14,8519.47,338,81,0,7,C,63,63,0,1522.2531975564543,1489.8080605578557,6262.469971868266,3316.2261613723226,2946.2438104959547,1690.0,296.0,271.0
E_out_uniform_15,3,C3F,16,16,14,8519.47,338,81,0,7,C,63,0,0,,,6262.469971868266,3316.2261613723226,2946.2438104959547,1690.0,296.0,271.0
E_out_uniform_15,4,D,16,16,1,3584.064,204,2,0,4,C,72,72,0,1506.348900206014,1401.8509605287977,2353.0636310289174,2254.8055193476926,98.2581116812248,1020.0,203.0,8.0
E_out_uniform_15,4,C3F,16,16,1,3584.064,204,2,0,4,C,72,0,0,,,2353.0636310289174,2254.8055193476926,98.2581116812248,1020.0,203.0,8.0
E_out_uniform_15,5,D,16,16,3,2441.737,170,4,0,4,C,22,22,0,1502.217259672991,1480.6760601248673,1404.73682444105,1014.8605919151485,389.8762325259013,850.0,169.0,18.0
E_out_uniform_15,5,C3F,16,16,3,2441.737,170,4,0,4,C,22,0,0,,,1404.73682444105,1014.8605919151485,389.8762325259013,850.0,169.0,18.0
E_out_uniform_15,6,D,16,16,16,8494.675,297,57,1,8,C,51,51,0,1594.9413144883856,1490.3587769441529,6545.674859406812,3307.5335312698976,3238.1413281369146,1485.0,261.0,203.0
E_out_uniform_15,6,C3F,16,16,16,8494.675,297,57,1,8,C,51,0,0,,,6545.674859406812,3307.5335312698976,3238.1413281369146,1485.0,261.0,203.0
E_out_uniform_15,7,D,16,16,7,4944.762,230,8,0,4,C,97,97,0,1537.679505837568,1486.5147773857886,3528.7621784405655,3084.1381292332608,444.62404920730506,1150.0,228.0,38.0
E_out_uniform_15,7,C3F,16,16,7,4944.762,230,8,0,4,C,97,0,0,,,3528.7621784405655,3084.1381292332608,444.62404920730506,1150.0,228.0,38.0
E_out_uniform_15,8,D,16,16,4,3113.685,178,5,0,3,C,102,102,0,1502.2580869977453,1491.7003270565265,2024.6846723789452,1395.3917793487662,629.2928930301788,890.0,176.0,23.0
E_out_uniform_15,8,C3F,16,16,4,3113.685,178,5,0,3,C,102,0,0,,,2024.6846723789452,1395.3917793487662,629.2928930301788,890.0,176.0,23.0
E_out_uniform_15,9,D,16,16,10,4959.182,217,36,0,10,C,109,109,0,1500.049400990389,1486.5147773857873,3564.1819307170354,1511.629761684731,2052.552169032304,1085.0,182.0,128.0
E_out_uniform_15,9,C3F,16,16,10,4959.182,217,36,0,10,C,109,0,0,,,3564.1819307170354,1511.629761684731,2052.552169032304,1085.0,182.0,128.0
E_out_uniform_15,10,D,16,16,10,7059.05,326,36,0,6,C,129,129,0,1500.814652618955,1499.6755690984328,4985.049993684339,3294.9765265859864,1690.0734670983538,1630.0,316.0,128.0
E_out_uniform_15,10,C3F,16,16,10,7059.05,326,36,0,6,C,129,0,0,,,4985.049993684339,3294.9765265859864,1690.0734670983538,1630.0,316.0,128.0
E_out_uniform_15,11,D,16,16,14,7733.353,307,40,0,1,C,110,110,0,1505.9962782897016,1486.5147773857886,5775.352736015968,3298.0709202046924,2477.281815811278,1535.0,275.0,148.0
E_out_uniform_15,11,C3F,16,16,14,7733.353,307,40,0,1,C,110,0,0,,,5775.352736015968,3298.0709202046924,2477.281815811278,1535.0,275.0,148.0
E_out_uniform_15,12,D,16,16,10,5214.929,251,61,0,4,C,181,181,0,1504.824335221757,1490.638514997257,3537.9293533175864,1012.056611253776,2525.8727420638106,1255.0,219.0,203.0
E_out_uniform_15,12,C3F,16,16,10,5214.929,251,61,0,4,C,181,0,0,,,3537.9293533175864,1012.056611253776,2525.8727420638106,1255.0,219.0,203.0
E_out_uniform_15,13,D,16,16,5,3429.35,189,6,0,8,C,73,73,0,1562.7203040863221,1499.7585693940166,2280.3501803942363,1736.1139360105506,544.2362443836867,945.0,176.0,28.0
E_out_uniform_15,13,C3F,16,16,5,3429.35,189,6,0,8,C,73,0,0,,,2280.3501803942363,1736.1139360105506,544.2362443836867,945.0,176.0,28.0
E_out_uniform_15,14,D,16,16,5,2810.378,154,6,0,7,C,31,31,0,1521.8970194413896,1486.5147773857889,1860.3777660184012,1281.4532308193134,578.9245351990878,770.0,152.0,28.0
E_out_uniform_15,14,C3F,16,16,5,2810.378,154,6,0,7,C,31,0,0,,,1860.3777660184012,1281.4532308193134,578.9245351990878,770.0,152.0,28.0
E_out_uniform_15,15,D,16,16,14,6188.35,239,15,0,5,C,104,104,0,1500.4496262867585,1494.223556587505,4692.350492549047,2671.8188063225325,2020.531686226516,1195.0,228.0,73.0
E_out_uniform_15,15,C3F,16,16,14,6188.35,239,15,0,5,C,104,0,0,,,4692.350492549047,2671.8188063225325,2020.531686226516,1195.0,228.0,73.0
E_out_uniform_15,16,D,16,16,9,5735.025,283,10,0,6,C,47,47,0,1631.4997613111723,1462.5725820073772,3991.024730884485,3404.027735577562,586.9969953069233,1415.0,281.0,48.0
E_out_uniform_15,16,C3F,16,16,9,5735.025,283,10,0,6,C,47,0,0,,,3991.024730884485,3404.027735577562,586.9969953069233,1415.0,281.0,48.0
E_out_uniform_15,17,D,16,16,6,6351.38,268,48,0,7,C,131,131,0,1506.7475230686784,1486.5147773857902,4614.379627352747,2944.3697885280676,1670.0098388246774,1340.0,241.0,156.0
E_out_uniform_15,17,C3F,16,16,6,6351.38,268,48,0,7,C,131,0,0,,,4614.379627352747,2944.3697885280676,1670.0098388246774,1340.0,241.0,156.0
E_out_uniform_15,18,D,16,16,8,5275.864,236,9,0,4,C,101,101,0,1519.0419406963686,1486.5147773857868,3819.8636874933836,3036.188745585999,783.6749419073846,1180.0,233.0,43.0
E_out_uniform_15,18,C3F,16,16,8,5275.864,236,9,0,4,C,101,0,0,,,3819.8636874933836,3036.188745585999,783.6749419073846,1180.0,233.0,43.0
E_out_uniform_15,19,D,16,16,7,5430.719,239,49,0,2,C,296,296,0,1523.0580603557974,1486.5147773857898,3865.71884432919,2246.8528961673937,1618.865948161796,1195.0,209.0,161.0
E_out_uniform_15,19,C3F,16,16,7,5430.719,239,49,0,2,C,296,0,0,,,3865.71884432919,2246.8528961673937,1618.865948161796,1195.0,209.0,161.0
E_out_uniform_15,20,D,16,16,7,3430.79,174,8,0,5,C,66,66,0,1528.3567942677212,1474.4258284663113,2350.790137251388,1349.751962195482,1001.0381750559062,870.0,172.0,38.0
E_out_uniform_15,20,C3F,16,16,7,3430.79,174,8,0,5,C,66,0,0,,,2350.790137251388,1349.751962195482,1001.0381750559062,870.0,172.0,38.0
E_out_uniform_15,21,D,16,16,9,4252.529,203,10,0,6,C,83,83,0,1500.8628504097244,1485.5472493491623,2988.5288000274336,1791.2387819808325,1197.2900180466008,1015.0,201.0,48.0
E_out_uniform_15,21,C3F,16,16,9,4252.529,203,10,0,6,C,83,0,0,,,2988.5288000274336,1791.2387819808325,1197.2900180466008,1015.0,201.0,48.0
E_out_uniform_15,22,D,16,16,6,6432.975,289,32,0,5,C,103,103,0,1533.2458410121876,1393.0644880989942,4628.975018468722,3366.403360709156,1262.5716577595663,1445.0,251.0,108.0
E_out_uniform_15,22,C3F,16,16,6,6432.975,289,32,0,5,C,103,0,0,,,4628.975018468722,3366.403360709156,1262.5716577595663,1445.0,251.0,108.0
E_out_uniform_15,23,D,16,16,10,4730.08,236,37,0,6,C,13,13,0,1635.974840220123,1486.5147773857916,3186.079533303567,1561.657851782803,1624.4216815207624,1180.0,233.0,131.0
E_out_uniform_15,23,C3F,16,16,10,4730.08,236,37,0,6,C,13,0,0,,,3186.079533303567,1561.657851782803,1624.4216815207624,1180.0,233.0,131.0
E_out_uniform_15,24,D,16,16,3,6445.643,351,29,0,5,C,167,167,0,1509.2159537835782,1499.1010149840513,4248.6428532787295,3160.8460659254815,1087.7967873532475,1755.0,349.0,93.0
E_out_uniform_15,24,C3F,16,16,3,6445.643,351,29,0,5,C,167,0,0,,,4248.6428532787295,3160.8460659254815,1087.7967873532475,1755.0,349.0,93.0
E_out_uniform_15,25,D,16,16,16,6578.346,214,41,1,9,C,70,70,0,1503.0524303034329,1486.5147773857896,5193.345822955226,1357.2750831446756,3836.0707398105524,1070.0,160.0,155.0
E_out_uniform_15,25,C3F,16,16,16,6578.346,214,41,1,9,C,70,0,0,,,5193.345822955226,1357.2750831446756,3836.0707398105524,1070.0,160.0,155.0
