seed,case,strategy,source_count,detected_channels,cleared_channels,total_virtual_time_s,measure_actions,clear_actions,all_cleared,movement_time_s,active_measurements,co_measurements,coverage_insertions,search_end_time_s,no_signal_actions,failed_clear_actions,decision_wall_time_s
55021,1,C_region_q2,16,16,16,5824.915,124,16,1,5006.914654,19,0,0,nan,72,0,0.513247
55021,1,Cplus_completion_coobserve,16,16,16,4170.268,128,16,1,3327.26845,23,9,0,nan,73,0,0.29819
55021,1,F_coverage_integrated,16,16,16,4221.917,106,16,1,3509.917402,37,20,8,2162.0327218016423,53,0,0.71417
55021,1,G_rolling_coverage,16,16,16,4211.118,108,16,1,3491.118317,39,25,8,2162.0327218016423,53,0,0.568058
55021,1,I_ring_optimized,16,16,16,4003.761,105,16,1,3298.760894,36,21,8,2054.6182368011123,53,0,0.63581
55021,1,J_ring7_1000,16,16,16,4198.71,112,16,1,3452.710323,41,26,6,1892.6186317494416,55,0,1.057252
55021,1,Jplus_final,16,16,16,4051.58,109,16,1,3323.580072,38,29,0,1760.172004436098,55,0,0.262465
55021,2,C_region_q2,14,14,14,4624.474,137,14,1,3733.474282,11,0,0,nan,92,0,0.341691
55021,2,Cplus_completion_coobserve,14,14,14,4280.774,138,14,1,3384.773879,12,4,0,nan,92,0,0.187066
55021,2,F_coverage_integrated,14,14,14,4114.275,107,14,1,3406.275415,33,20,7,2209.4254583733787,61,0,1.317565
55021,2,G_rolling_coverage,14,14,14,4114.426,107,14,1,3406.426445,33,21,7,2209.4254583733787,61,0,1.251044
55021,2,I_ring_optimized,14,14,14,3988.018,111,14,1,3259.018343,37,25,8,2131.5167872021484,61,0,0.678424
55021,2,J_ring7_1000,14,14,14,3825.597,118,14,1,3051.596816,35,23,7,2126.7859124822166,70,0,1.384558
55021,2,Jplus_final,14,14,14,3837.521,110,14,1,3110.520796,24,20,0,1960.9487620210016,72,0,0.179623
55021,3,C_region_q2,10,10,10,5055.483,146,10,1,4130.483252,9,0,0,nan,120,0,0.218983
55021,3,Cplus_completion_coobserve,10,10,10,4468.503,147,10,1,3538.502709,10,3,0,nan,120,0,0.171073
55021,3,F_coverage_integrated,10,10,10,4257.674,134,10,1,3406.673614,25,11,8,2401.255704731089,100,0,0.604791
55021,3,G_rolling_coverage,10,10,10,4258.001,134,10,1,3407.000963,25,12,8,2401.255704731089,100,0,0.6289
55021,3,I_ring_optimized,10,10,10,4023.303,128,10,1,3211.302806,19,7,4,2154.2492796028996,100,0,0.851082
55021,3,J_ring7_1000,10,10,10,4213.013,138,10,1,3343.012856,26,12,4,2043.566007047813,103,0,0.94157
55021,3,Jplus_final,10,10,10,4288.518,141,10,1,3396.518305,26,16,0,1990.3209738821397,106,0,0.192547
55021,4,C_region_q2,11,11,11,4519.75,140,11,1,3625.750467,8,0,0,nan,108,0,0.161393
55021,4,Cplus_completion_coobserve,11,11,11,4016.031,140,11,1,3122.031446,8,2,0,nan,108,0,0.10235
55021,4,F_coverage_integrated,11,11,11,4411.352,118,11,1,3654.352224,23,11,5,2209.5897562265986,84,0,0.830812
55021,4,G_rolling_coverage,11,11,11,4192.484,119,11,1,3430.483732,24,14,5,2209.5897562265986,84,0,0.84363
55021,4,I_ring_optimized,11,11,11,4150.276,118,11,1,3391.275768,23,11,6,2129.4218547273294,84,0,1.034229
55021,4,J_ring7_1000,11,11,11,3775.647,132,11,1,2929.647112,25,17,6,2155.1395096246856,96,0,0.858266
55021,4,Jplus_final,11,11,11,3684.895,125,11,1,2880.895202,18,16,0,2067.363411934416,96,0,0.116401
55021,5,C_region_q2,14,14,14,5233.89,141,14,1,4319.88982,13,0,0,nan,96,0,0.377982
55021,5,Cplus_completion_coobserve,14,14,14,4627.846,145,14,1,3689.845833,17,8,0,nan,96,0,0.24227
55021,5,F_coverage_integrated,14,14,14,4054.033,106,14,1,3351.032862,33,21,8,2292.779460759281,59,0,1.478281
55021,5,G_rolling_coverage,14,14,14,4053.338,106,14,1,3350.338242,33,22,8,2292.779460759281,59,0,1.449887
55021,5,I_ring_optimized,14,14,14,3857.201,105,14,1,3161.200975,33,24,7,2103.2662639680516,58,0,1.772836
55021,5,J_ring7_1000,14,14,14,3812.762,110,14,1,3088.761682,33,21,8,1997.7075916544252,64,0,1.322636
55021,5,Jplus_final,14,14,14,3857.053,103,14,1,3173.052527,26,20,0,1857.2137855379553,63,0,0.166468
55021,6,C_region_q2,11,11,11,4248.465,129,11,1,3420.464553,8,0,0,nan,91,0,0.245916
55021,6,Cplus_completion_coobserve,11,11,11,3889.072,129,11,1,3061.072187,8,3,0,nan,91,0,0.085333
55021,6,F_coverage_integrated,11,11,11,3610.978,103,11,1,2940.978498,24,14,8,2151.397708954755,69,0,0.568021
55021,6,G_rolling_coverage,11,11,11,3610.978,103,11,1,2940.978498,24,14,8,2151.397708954755,69,0,0.61679
55021,6,I_ring_optimized,11,11,11,3707.379,109,11,1,3003.378586,30,17,7,2013.1408095762536,68,0,0.906061
55021,6,J_ring7_1000,11,11,11,3591.811,115,11,1,2851.8109,27,15,7,2049.668163599147,77,0,1.062678
55021,6,Jplus_final,11,11,11,3395.446,111,11,1,2676.446333,22,19,0,1875.3808516931892,78,0,0.129326
55021,7,C_region_q2,12,12,12,4417.066,140,12,1,3518.066149,8,0,0,nan,99,0,0.301278
55021,7,Cplus_completion_coobserve,12,12,12,4073.414,143,12,1,3157.413722,11,6,0,nan,99,0,0.162973
55021,7,F_coverage_integrated,12,12,12,3935.865,103,12,1,3262.864993,29,14,8,2140.0409262521443,62,0,0.968817
55021,7,G_rolling_coverage,12,12,12,3547.999,105,12,1,2861.998644,31,18,8,2140.0409262521443,62,0,1.0004
55021,7,I_ring_optimized,12,12,12,3418.442,105,12,1,2734.442253,31,17,8,2016.6206841979958,62,0,1.037884
55021,7,J_ring7_1000,12,12,12,3616.956,111,12,1,2894.956314,29,17,8,1984.9512787152175,70,0,1.210602
55021,7,Jplus_final,12,12,12,3649.477,105,12,1,2962.476586,23,20,0,1886.8690255364215,70,0,0.148215
55021,8,C_region_q2,15,15,15,5082.807,147,15,1,4126.806726,12,0,0,nan,107,0,0.245314
55021,8,Cplus_completion_coobserve,15,15,15,4557.019,149,15,1,3590.01907,14,4,0,nan,107,0,0.222346
55021,8,F_coverage_integrated,15,15,15,4724.038,119,15,1,3940.038175,28,11,5,2240.2344289553007,76,0,1.221407
55021,8,G_rolling_coverage,15,15,15,4476.742,118,15,1,3697.741873,27,15,5,2240.2344289553007,76,0,1.154411
55021,8,I_ring_optimized,15,15,15,4461.22,122,15,1,3657.220492,31,16,7,2139.6711641221177,76,0,1.408423
55021,8,J_ring7_1000,15,15,15,4352.129,125,15,1,3532.128641,34,21,8,2005.7677381627582,76,0,0.763836
55021,8,Jplus_final,15,15,15,4112.96,121,15,1,3316.959836,28,22,0,1953.7799192691502,78,0,0.255817
55021,9,C_region_q2,16,16,16,5115.882,141,16,1,4190.881819,14,0,0,nan,92,0,0.529357
55021,9,Cplus_completion_coobserve,16,16,16,4689.918,147,16,1,3730.917708,20,11,0,nan,92,0,0.350509
55021,9,F_coverage_integrated,16,16,16,4350.712,102,16,1,3662.712152,35,20,4,1928.6873448760211,51,0,1.513136
55021,9,G_rolling_coverage,16,16,16,4341.64,103,16,1,3648.640175,36,23,4,1928.6873448760211,51,0,1.458303
55021,9,I_ring_optimized,16,16,16,4277.466,112,16,1,3530.466377,38,24,8,2054.4988660337767,58,0,1.214791
55021,9,J_ring7_1000,16,16,16,4138.871,113,16,1,3385.871492,36,23,7,1850.3816676828653,61,0,1.351415
55021,9,Jplus_final,16,16,16,4160.897,107,16,1,3440.89712,30,22,0,1804.2918404735424,61,0,0.23937
55021,10,C_region_q2,11,11,11,4381.676,139,11,1,3493.676123,8,0,0,nan,106,0,0.270173
55021,10,Cplus_completion_coobserve,11,11,11,4183.231,140,11,1,3290.230759,9,3,0,nan,106,0,0.142722
55021,10,F_coverage_integrated,11,11,11,3859.864,117,11,1,3104.864334,28,18,8,2306.384803850744,79,0,0.717708
55021,10,G_rolling_coverage,11,11,11,3859.864,117,11,1,3104.864334,28,18,8,2306.384803850744,79,0,0.802245
55021,10,I_ring_optimized,11,11,11,3752.453,116,11,1,3004.452669,27,18,7,2126.004840497978,79,0,0.608014
55021,10,J_ring7_1000,11,11,11,3648.497,139,11,1,2762.496713,33,21,8,2142.554293220137,96,0,0.793644
55021,10,Jplus_final,11,11,11,3509.892,132,11,1,2666.891613,24,17,0,1981.689943830444,97,0,0.171621
55021,11,C_region_q2,10,10,10,4553.168,144,10,1,3640.168076,8,0,0,nan,113,0,0.24728
55021,11,Cplus_completion_coobserve,10,10,10,4301.146,147,10,1,3372.146204,11,4,0,nan,113,0,0.144896
55021,11,F_coverage_integrated,10,10,10,3974.1,122,10,1,3193.09953,22,14,7,2365.2587425549928,91,0,0.608214
55021,11,G_rolling_coverage,10,10,10,3971.875,122,10,1,3190.875243,22,15,7,2365.2587425549928,91,0,0.639674
55021,11,I_ring_optimized,10,10,10,3593.32,130,10,1,2768.320293,30,19,8,2234.9531490469203,92,0,0.848683
55021,11,J_ring7_1000,10,10,10,3659.559,129,10,1,2838.559426,28,20,5,2035.1328381544545,91,0,1.258613
55021,11,Jplus_final,10,10,10,3579.028,120,10,1,2812.02788,19,16,0,1953.9467002387648,91,0,0.131718
55021,12,C_region_q2,15,15,15,5125.239,139,15,1,4217.238817,11,0,0,nan,95,0,0.321695
55021,12,Cplus_completion_coobserve,15,15,15,4625.264,141,15,1,3706.263617,13,5,0,nan,95,0,0.225752
55021,12,F_coverage_integrated,15,15,15,4859.78,105,15,1,4162.780192,34,17,8,2244.041706231,57,0,1.239607
55021,12,G_rolling_coverage,15,15,15,4852.299,106,15,1,4147.299155,35,20,8,2244.041706231,57,0,1.161452
55021,12,I_ring_optimized,15,15,15,4576.516,109,15,1,3854.515611,38,22,8,2090.5522243049454,58,0,1.145079
55021,12,J_ring7_1000,15,15,15,4056.78,117,15,1,3283.779508,36,23,8,2094.1821919411213,66,0,0.935528
55021,12,Jplus_final,15,15,15,4083.182,112,15,1,3344.182118,31,23,0,1901.5702330821691,66,0,0.294482
55021,13,C_region_q2,14,14,14,5220.757,133,14,1,4353.757466,12,0,0,nan,91,0,0.340611
55021,13,Cplus_completion_coobserve,14,14,14,4729.349,135,14,1,3852.34868,14,6,0,nan,91,0,0.214057
55021,13,F_coverage_integrated,14,14,14,4639.044,117,14,1,3872.044044,33,18,8,2248.804132977437,71,0,1.477611
55021,13,G_rolling_coverage,14,14,14,4556.785,119,14,1,3779.785344,35,21,8,2248.804132977437,71,0,1.450686
55021,13,I_ring_optimized,14,14,14,4489.967,119,14,1,3710.967425,35,23,6,2097.738681376506,71,0,1.547969
55021,13,J_ring7_1000,14,14,14,4784.552,121,14,1,3995.551742,36,18,8,2069.9985821554246,71,0,1.167953
55021,13,Jplus_final,14,14,14,4273.317,120,14,1,3490.316699,35,28,0,1858.3209738821397,71,0,0.328323
55021,14,C_region_q2,11,11,11,4813.418,141,11,1,3914.417821,11,0,0,nan,104,0,0.318901
55021,14,Cplus_completion_coobserve,11,11,11,4180.087,144,11,1,3266.086823,14,5,0,nan,104,0,0.221493
55021,14,F_coverage_integrated,11,11,11,3958.372,111,11,1,3241.372396,23,10,8,2278.837117811838,77,0,0.976514
55021,14,G_rolling_coverage,11,11,11,3958.372,111,11,1,3241.372396,23,10,8,2278.837117811838,77,0,0.907351
55021,14,I_ring_optimized,11,11,11,3828.449,114,11,1,3093.448932,26,14,8,2132.537011607685,79,0,0.499069
55021,14,J_ring7_1000,11,11,11,3659.785,118,11,1,2898.784936,25,16,8,2010.3709413074994,82,0,1.384117
55021,14,Jplus_final,11,11,11,3649.75,113,11,1,2918.750136,20,18,0,1930.9891231124059,82,0,0.099968
55021,15,C_region_q2,13,13,13,5404.979,147,13,1,4459.979037,13,0,0,nan,107,0,0.408841
55021,15,Cplus_completion_coobserve,13,13,13,4485.843,155,13,1,3496.842594,21,10,0,nan,107,0,0.264581
55021,15,F_coverage_integrated,13,13,13,4563.595,133,13,1,3704.595234,32,16,8,2343.8799656155193,89,0,1.368707
55021,15,G_rolling_coverage,13,13,13,4307.487,134,13,1,3442.486862,33,20,8,2343.8799656155193,89,0,1.289472
55021,15,I_ring_optimized,13,13,13,4181.246,134,13,1,3321.245679,38,21,8,2174.795558897413,84,0,1.096735
55021,15,J_ring7_1000,13,13,13,4226.059,146,13,1,3295.058516,38,21,8,2164.1072861818643,98,0,0.763103
55021,15,Jplus_final,13,13,13,3900.707,136,13,1,3025.706626,28,22,0,1972.985496550079,95,0,0.206865
55021,16,C_region_q2,16,16,16,5147.131,130,16,1,4289.130562,15,0,0,nan,80,0,0.439383
55021,16,Cplus_completion_coobserve,16,16,16,4328.044,136,16,1,3437.043837,21,10,0,nan,80,0,0.315166
55021,16,F_coverage_integrated,16,16,16,4310.411,99,16,1,3643.410803,42,20,8,1890.82556131853,42,0,0.969131
55021,16,G_rolling_coverage,16,16,16,4269.848,99,16,1,3600.847875,42,24,8,1890.82556131853,42,0,0.930817
55021,16,I_ring_optimized,16,16,16,3750.363,91,16,1,3132.362837,41,26,8,1662.4765482775988,35,0,0.690595
55021,16,J_ring7_1000,16,16,16,4096.321,111,16,1,3355.320592,41,28,8,1964.413387823029,54,0,1.781587
55021,16,Jplus_final,16,16,16,3960.632,101,16,1,3278.631522,31,25,0,1777.3245164349628,54,0,0.230526
55021,17,C_region_q2,14,14,14,4789.664,142,14,1,3869.66361,13,0,0,nan,99,0,0.307086
55021,17,Cplus_completion_coobserve,14,14,14,4452.115,146,14,1,3508.114821,17,7,0,nan,99,0,0.178076
55021,17,F_coverage_integrated,14,14,14,4331.435,121,14,1,3538.43498,38,22,8,2243.9797347570984,70,0,0.797376
55021,17,G_rolling_coverage,14,14,14,4251.227,122,14,1,3452.227115,39,26,8,2243.9797347570984,70,0,0.695893
55021,17,I_ring_optimized,14,14,14,4198.173,119,14,1,3423.173406,36,23,8,2102.6951128097035,70,0,0.705027
55021,17,J_ring7_1000,14,14,14,3869.032,120,14,1,3084.032335,37,23,8,2070.397254222188,69,0,1.371168
55021,17,Jplus_final,14,14,14,3727.794,111,14,1,2997.794433,28,26,0,1852.0124288003667,69,0,0.137032
55021,18,C_region_q2,13,13,13,5080.092,136,13,1,4201.092157,11,0,0,nan,97,0,0.204594
55021,18,Cplus_completion_coobserve,13,13,13,4326.296,140,13,1,3423.29556,15,7,0,nan,97,0,0.120823
55021,18,F_coverage_integrated,13,13,13,4916.972,117,13,1,4150.971591,30,14,8,2234.61621374302,75,0,0.773078
55021,18,G_rolling_coverage,13,13,13,4419.907,116,13,1,3660.90717,29,15,8,2234.61621374302,75,0,0.767792
55021,18,I_ring_optimized,13,13,13,3886.924,113,13,1,3150.923655,26,14,7,2137.006075489324,75,0,0.730525
55021,18,J_ring7_1000,13,13,13,4233.723,124,13,1,3431.723228,38,23,8,2097.8802072169547,74,0,1.297011
55021,18,Jplus_final,13,13,13,4048.247,115,13,1,3296.247148,29,24,0,1886.7111015183905,73,0,0.19475
55021,19,C_region_q2,16,16,16,4972.755,97,16,1,4315.754558,19,0,0,nan,46,0,0.51426
55021,19,Cplus_completion_coobserve,16,16,16,3258.607,107,16,1,2543.607283,29,17,0,nan,46,0,0.342649
55021,19,F_coverage_integrated,16,16,16,3679.0,97,16,1,3020.000372,50,36,8,2021.6819102623494,31,0,1.529215
55021,19,G_rolling_coverage,16,16,16,3675.287,97,16,1,3017.286949,50,39,8,2021.6819102623494,31,0,1.62684
55021,19,I_ring_optimized,16,16,16,3457.074,95,16,1,2810.074131,48,35,8,1921.7300987314434,31,0,1.743637
55021,19,J_ring7_1000,16,16,16,3346.251,90,16,1,2729.250911,39,26,8,1491.8587010165172,35,0,1.358172
55021,19,Jplus_final,16,16,16,3146.61,77,16,1,2612.60974,33,26,0,1119.5789695795356,28,0,0.224121
55021,20,C_region_q2,14,14,14,4974.645,141,14,1,4060.645483,14,0,0,nan,96,0,0.410278
55021,20,Cplus_completion_coobserve,14,14,14,4259.361,147,14,1,3313.361492,20,8,0,nan,96,0,0.246363
55021,20,F_coverage_integrated,14,14,14,4034.184,119,14,1,3257.183882,36,17,8,2236.024493344542,69,0,1.313456
55021,20,G_rolling_coverage,14,14,14,4020.113,118,14,1,3248.113207,35,19,8,2236.024493344542,69,0,1.109517
55021,20,I_ring_optimized,14,14,14,3870.667,118,14,1,3102.666649,36,20,8,2101.0671874798145,68,0,1.23157
55021,20,J_ring7_1000,14,14,14,3700.139,127,14,1,2878.138779,37,24,8,2049.278083574087,76,0,1.851358
55021,20,Jplus_final,14,14,14,3638.23,122,14,1,2844.229806,32,28,0,1896.8506460621218,76,0,0.133251
55021,21,C_region_q2,14,14,14,4737.089,134,14,1,3865.089027,9,0,0,nan,90,0,0.264471
55021,21,Cplus_completion_coobserve,14,14,14,4359.94,137,14,1,3469.940138,12,5,0,nan,90,0,0.153552
55021,21,F_coverage_integrated,14,14,14,4091.201,108,14,1,3380.200779,39,21,8,2153.1404924916596,55,0,0.942655
55021,21,G_rolling_coverage,14,14,14,4233.698,112,14,1,3500.697829,43,26,8,2153.1404924916596,55,0,0.90081
55021,21,I_ring_optimized,14,14,14,4106.456,105,14,1,3409.455631,33,19,8,2051.1052297087977,58,0,0.5867
55021,21,J_ring7_1000,14,14,14,3521.459,110,14,1,2793.459393,32,19,8,2028.3810164796544,64,0,1.655619
55021,21,Jplus_final,14,14,14,3689.038,107,14,1,2982.0379,29,23,0,1905.5013635370358,65,0,0.241166
55021,22,C_region_q2,10,10,10,4341.799,140,10,1,3453.7986,8,0,0,nan,111,0,0.256104
55021,22,Cplus_completion_coobserve,10,10,10,3909.987,143,10,1,3004.986636,11,3,0,nan,111,0,0.143207
55021,22,F_coverage_integrated,10,10,10,3742.553,118,10,1,2987.553195,22,10,7,2278.2213246918427,86,0,0.519523
55021,22,G_rolling_coverage,10,10,10,3735.843,118,10,1,2980.842595,22,11,7,2278.2213246918427,86,0,0.459735
55021,22,I_ring_optimized,10,10,10,3639.835,119,10,1,2877.83477,23,12,8,2213.7741860017977,87,0,0.276811
55021,22,J_ring7_1000,10,10,10,3535.438,129,10,1,2715.437997,23,10,8,2089.3892763799677,96,0,0.475877
55021,22,Jplus_final,10,10,10,3553.964,122,10,1,2773.96402,16,12,0,1971.8844302359114,96,0,0.142866
55021,23,C_region_q2,11,11,11,4858.631,144,11,1,3941.631397,9,0,0,nan,112,0,0.234686
55021,23,Cplus_completion_coobserve,11,11,11,4169.747,146,11,1,3242.746507,11,2,0,nan,112,0,0.163654
55021,23,F_coverage_integrated,11,11,11,4169.01,124,11,1,3372.009501,32,15,8,2266.7347957088396,81,0,1.341625
55021,23,G_rolling_coverage,11,11,11,4173.756,125,11,1,3371.755532,33,16,8,2266.7347957088396,81,0,1.391883
55021,23,I_ring_optimized,11,11,11,4250.644,123,11,1,3462.643745,31,19,5,2132.3882068587104,81,0,1.19345
55021,23,J_ring7_1000,11,11,11,3739.801,121,11,1,2962.800944,19,12,2,1924.7013673219844,91,0,0.738816
55021,23,Jplus_final,11,11,11,3771.362,124,11,1,2978.361599,22,17,0,1924.3209738821395,91,0,0.162077
55021,24,C_region_q2,11,11,11,4628.207,141,11,1,3728.206528,10,0,0,nan,106,0,0.249326
55021,24,Cplus_completion_coobserve,11,11,11,4099.655,143,11,1,3188.654526,12,6,0,nan,106,0,0.158915
55021,24,F_coverage_integrated,11,11,11,4633.216,123,11,1,3843.21599,28,16,8,2303.160759013414,84,0,0.785291
55021,24,G_rolling_coverage,11,11,11,4362.1,125,11,1,3563.100322,30,19,8,2303.160759013414,84,0,0.775125
55021,24,I_ring_optimized,11,11,11,4083.115,119,11,1,3318.115373,29,16,8,2119.4576896793697,79,0,1.027405
55021,24,J_ring7_1000,11,11,11,3998.383,134,11,1,3142.383206,25,13,5,2063.5498515307954,98,0,0.92865
55021,24,Jplus_final,11,11,11,3661.793,125,11,1,2859.793312,23,17,0,1936.3209738821397,91,0,0.174855
55021,25,C_region_q2,12,12,12,4164.761,131,12,1,3319.760753,8,0,0,nan,93,0,0.23961
55021,25,Cplus_completion_coobserve,12,12,12,3754.216,135,12,1,2885.216249,12,7,0,nan,93,0,0.12989
55021,25,F_coverage_integrated,12,12,12,3863.713,107,12,1,3165.712764,29,16,8,2155.5248287602,66,0,0.612237
55021,25,G_rolling_coverage,12,12,12,3933.507,106,12,1,3240.507118,28,16,8,2155.5248287602,66,0,0.546168
55021,25,I_ring_optimized,12,12,12,3308.132,106,12,1,2616.131506,28,18,8,2055.3840657136266,66,0,0.664205
55021,25,J_ring7_1000,12,12,12,3204.626,112,12,1,2476.62563,29,19,8,1979.4158219015512,71,0,0.864553
55021,25,Jplus_final,12,12,12,3163.743,106,12,1,2471.742516,23,21,0,1893.7841165458253,71,0,0.12413
55021,26,C_region_q2,15,15,15,5642.825,141,15,1,4725.825147,16,0,0,nan,92,0,0.454125
55021,26,Cplus_completion_coobserve,15,15,15,4928.308,152,15,1,3942.307665,27,15,0,nan,92,0,0.240122
55021,26,F_coverage_integrated,15,15,15,4658.13,107,15,1,3948.130117,38,20,8,2267.21003199436,54,0,0.837413
55021,26,G_rolling_coverage,15,15,15,4322.702,104,15,1,3630.701764,35,20,8,2267.21003199436,54,0,0.916279
55021,26,I_ring_optimized,15,15,15,3991.817,100,15,1,3322.817444,31,19,7,2120.2681418828815,54,0,1.206871
55021,26,J_ring7_1000,15,15,15,3847.698,119,15,1,3062.697894,40,27,8,2088.234332479051,67,0,0.838443
55021,26,Jplus_final,15,15,15,3657.726,111,15,1,2920.7257,32,28,0,1870.9833930821044,64,0,0.197676
55021,27,C_region_q2,10,10,10,4613.838,146,10,1,3688.83797,9,0,0,nan,115,0,0.229119
55021,27,Cplus_completion_coobserve,10,10,10,4205.998,148,10,1,3270.998258,11,1,0,nan,115,0,0.167505
55021,27,F_coverage_integrated,10,10,10,4242.994,122,10,1,3467.993781,25,12,7,2268.7519980032184,88,0,0.749453
55021,27,G_rolling_coverage,10,10,10,3873.222,120,10,1,3108.222034,23,13,7,2268.7519980032184,88,0,0.745651
55021,27,I_ring_optimized,10,10,10,3732.965,119,10,1,2974.965259,22,12,7,2124.7392577766836,88,0,0.609851
55021,27,J_ring7_1000,10,10,10,3835.8,133,10,1,2991.799502,27,16,8,2129.1476267794956,99,0,0.974629
55021,27,Jplus_final,10,10,10,3690.602,122,10,1,2909.602356,16,14,0,1993.4799220493135,96,0,0.115322
55021,28,C_region_q2,14,14,14,5107.307,138,14,1,4210.306926,11,0,0,nan,96,0,0.346408
55021,28,Cplus_completion_coobserve,14,14,14,4267.218,143,14,1,3342.218414,16,8,0,nan,96,0,0.235381
55021,28,F_coverage_integrated,14,14,14,4787.162,117,14,1,4018.161547,31,15,8,2245.6445008232195,72,0,0.402933
55021,28,G_rolling_coverage,14,14,14,4709.857,118,14,1,3934.856677,32,18,8,2245.6445008232195,72,0,0.360213
55021,28,I_ring_optimized,14,14,14,4307.014,120,14,1,3521.014031,35,21,8,2152.6615970866346,71,0,0.362629
55021,28,J_ring7_1000,14,14,14,4241.816,135,14,1,3364.816113,43,30,8,2095.570154748914,78,0,0.669827
55021,28,Jplus_final,14,14,14,3773.084,121,14,1,2983.084248,29,25,0,1949.327838960451,78,0,0.168683
55021,29,C_region_q2,10,10,10,4223.055,150,10,1,3275.055182,10,0,0,nan,116,0,0.263288
55021,29,Cplus_completion_coobserve,10,10,10,3996.261,152,10,1,3036.260505,12,7,0,nan,116,0,0.100399
55021,29,F_coverage_integrated,10,10,10,3321.933,128,10,1,2505.933206,24,16,7,2443.928422788417,94,0,0.365779
55021,29,G_rolling_coverage,10,10,10,3321.933,128,10,1,2505.933206,24,16,7,2443.928422788417,94,0,0.375055
55021,29,I_ring_optimized,10,10,10,3211.528,126,10,1,2407.528219,22,15,7,2228.7463805809534,94,0,0.48114
55021,29,J_ring7_1000,10,10,10,3293.163,132,10,1,2456.162997,30,18,8,2042.0511731651397,92,0,0.546441
55021,29,Jplus_final,10,10,10,3196.622,141,10,1,2303.622186,22,17,0,2045.046801671448,109,0,0.181285
55021,30,C_region_q2,10,10,10,4224.8,141,10,1,3329.800139,10,0,0,nan,107,0,0.322446
55021,30,Cplus_completion_coobserve,10,10,10,4017.753,143,10,1,3112.752638,12,4,0,nan,107,0,0.211233
55021,30,F_coverage_integrated,10,10,10,3645.004,120,10,1,2878.003796,30,19,8,2326.7216064184126,80,0,1.798123
55021,30,G_rolling_coverage,10,10,10,3647.792,121,10,1,2875.791797,31,21,8,2326.7216064184126,80,0,1.726273
55021,30,I_ring_optimized,10,10,10,3684.154,121,10,1,2911.153723,31,20,7,2164.067230655851,81,0,1.057182
55021,30,J_ring7_1000,10,10,10,3488.595,140,10,1,2601.595422,28,18,6,2173.2038660817916,102,0,1.116052
55021,30,Jplus_final,10,10,10,3379.248,135,10,1,2522.247689,23,19,0,2043.7817021806645,102,0,0.124291
55021,31,C_region_q2,11,11,11,4543.311,135,11,1,3679.310516,9,0,0,nan,97,0,0.244515
55021,31,Cplus_completion_coobserve,11,11,11,4084.078,136,11,1,3214.07768,10,4,0,nan,97,0,0.158091
55021,31,F_coverage_integrated,11,11,11,4055.098,115,11,1,3316.097931,27,10,8,2277.4442740013938,77,0,0.638217
55021,31,G_rolling_coverage,11,11,11,3937.819,114,11,1,3203.818812,26,12,8,2277.4442740013938,77,0,0.593939
55021,31,I_ring_optimized,11,11,11,4082.775,114,11,1,3349.774614,30,14,8,2175.0612024156517,74,0,0.518289
55021,31,J_ring7_1000,11,11,11,4059.229,131,11,1,3223.229015,34,21,8,2191.383972047674,86,0,1.346314
55021,31,Jplus_final,11,11,11,3587.962,122,11,1,2804.961512,25,22,0,2028.603817412503,86,0,0.09336
55021,32,C_region_q2,14,14,14,5037.485,142,14,1,4116.48458,14,0,0,nan,95,0,0.505127
55021,32,Cplus_completion_coobserve,14,14,14,4380.879,146,14,1,3437.87892,18,9,0,nan,95,0,0.318563
55021,32,F_coverage_integrated,14,14,14,4501.954,108,14,1,3786.954383,30,17,6,2137.1962140734054,65,0,1.0678
55021,32,G_rolling_coverage,14,14,14,4121.614,107,14,1,3410.614381,29,21,6,2137.1962140734054,65,0,0.955971
55021,32,I_ring_optimized,14,14,14,3885.058,112,14,1,3146.058282,34,22,8,2053.781491685446,65,0,1.171259
55021,32,J_ring7_1000,14,14,14,3842.729,115,14,1,3086.729206,29,17,8,1994.7814066113756,73,0,0.898054
55021,32,Jplus_final,14,14,14,4006.48,117,14,1,3236.480347,31,26,0,1858.3209738821397,72,0,0.253508
55021,33,C_region_q2,11,11,11,4586.797,139,11,1,3699.797481,8,0,0,nan,108,0,0.149167
55021,33,Cplus_completion_coobserve,11,11,11,4023.022,142,11,1,3121.022444,11,2,0,nan,108,0,0.149075
55021,33,F_coverage_integrated,11,11,11,3729.469,117,11,1,2974.469159,25,12,6,2268.1260324663563,81,0,0.539372
55021,33,G_rolling_coverage,11,11,11,3724.472,118,11,1,2964.472257,26,15,6,2268.1260324663563,81,0,0.44234
55021,33,I_ring_optimized,11,11,11,3544.779,111,11,1,2828.778774,29,19,8,2159.471362752507,72,0,0.7565
55021,33,J_ring7_1000,11,11,11,3426.241,119,11,1,2663.240947,27,17,4,2002.6006087951089,81,0,1.539384
55021,33,Jplus_final,11,11,11,3507.988,113,11,1,2780.987803,24,19,0,1936.2086450818508,78,0,0.243371
55021,34,C_region_q2,12,12,12,4361.545,128,12,1,3534.54485,11,0,0,nan,87,0,0.31159
55021,34,Cplus_completion_coobserve,12,12,12,3857.7,131,12,1,3015.699726,14,7,0,nan,87,0,0.238372
55021,34,F_coverage_integrated,12,12,12,3555.328,105,12,1,2868.32848,28,17,8,2214.4604183293295,66,0,0.779078
55021,34,G_rolling_coverage,12,12,12,3533.129,106,12,1,2841.128995,29,18,8,2214.4604183293295,66,0,0.615682
55021,34,I_ring_optimized,12,12,12,3512.71,107,12,1,2814.710408,30,21,8,2084.1527251391108,66,0,1.104515
55021,34,J_ring7_1000,12,12,12,3363.089,111,12,1,2639.088657,25,15,8,2021.7462827035224,74,0,0.787337
55021,34,Jplus_final,12,12,12,3470.049,113,12,1,2734.049101,24,24,0,1900.3209738821397,77,0,0.077835
55021,35,C_region_q2,16,16,16,5362.553,127,16,1,4522.552656,14,0,0,nan,80,0,0.420958
55021,35,Cplus_completion_coobserve,16,16,16,4486.353,140,16,1,3570.353177,27,13,0,nan,80,0,0.293245
55021,35,F_coverage_integrated,16,16,16,4234.057,107,16,1,3515.056989,39,23,8,2194.669084879252,53,0,1.796229
55021,35,G_rolling_coverage,16,16,16,4221.564,109,16,1,3489.563899,41,27,8,2194.669084879252,53,0,1.704498
55021,35,I_ring_optimized,16,16,16,4265.614,106,16,1,3554.614072,38,25,8,2079.863803872293,53,0,1.541613
55021,35,J_ring7_1000,16,16,16,4276.644,106,16,1,3571.643672,45,25,8,1903.5754705340973,49,0,2.061302
55021,35,Jplus_final,16,16,16,3978.555,100,16,1,3307.554759,39,30,0,1713.445985219036,46,0,0.305461
55021,36,C_region_q2,16,16,16,5787.042,133,16,1,4912.042205,16,0,0,nan,87,0,0.512349
55021,36,Cplus_completion_coobserve,16,16,16,4543.973,144,16,1,3607.973478,27,10,0,nan,87,0,0.318682
55021,36,F_coverage_integrated,16,16,16,4285.286,121,16,1,3486.286047,41,20,8,1977.4190134383068,65,0,1.234139
55021,36,G_rolling_coverage,16,16,16,4223.719,120,16,1,3430.71881,40,23,8,1977.4190134383068,65,0,1.11834
55021,36,I_ring_optimized,16,16,16,4684.455,119,16,1,3897.455006,39,21,8,1841.4735256196473,65,0,0.717117
55021,36,J_ring7_1000,16,16,16,4056.864,134,16,1,3178.863896,48,32,8,2012.8932693165307,71,0,2.274322
55021,36,Jplus_final,16,16,16,3782.976,102,16,1,3096.976137,31,22,0,1426.4859855441032,55,0,0.29336
55021,37,C_region_q2,10,10,10,4358.632,139,10,1,3475.631742,7,0,0,nan,110,0,0.151604
55021,37,Cplus_completion_coobserve,10,10,10,4045.32,140,10,1,3156.31978,8,2,0,nan,110,0,0.185688
55021,37,F_coverage_integrated,10,10,10,3876.354,120,10,1,3108.353705,21,10,6,2352.4450983865304,89,0,0.866001
55021,37,G_rolling_coverage,10,10,10,3875.173,120,10,1,3107.173185,21,11,6,2352.4450983865304,89,0,0.919302
55021,37,I_ring_optimized,10,10,10,3729.351,120,10,1,2962.350805,21,10,7,2199.2933781268475,89,0,0.949342
55021,37,J_ring7_1000,10,10,10,3741.6,133,10,1,2898.599949,23,12,5,2120.860702360867,100,0,0.876174
55021,37,Jplus_final,10,10,10,3647.264,132,10,1,2810.263632,22,14,0,1991.6460967300115,100,0,0.201347
55021,38,C_region_q2,16,16,16,5118.383,80,16,1,4564.383491,20,0,0,nan,33,0,0.533854
55021,38,Cplus_completion_coobserve,16,16,16,3132.689,82,16,1,2562.689202,22,13,0,nan,33,0,0.310126
55021,38,F_coverage_integrated,16,16,16,3946.63,88,16,1,3342.629969,41,24,8,1905.971287342002,33,0,1.245928
55021,38,G_rolling_coverage,16,16,16,3710.246,89,16,1,3102.246195,42,27,8,1905.971287342002,33,0,1.15388
55021,38,I_ring_optimized,16,16,16,3436.612,81,16,1,2874.612246,39,26,8,1491.018995740205,28,0,1.151832
55021,38,J_ring7_1000,16,16,16,3447.476,82,16,1,2887.475652,50,28,7,881.0530973865583,16,0,1.356338
55021,38,Jplus_final,16,16,16,3054.49,71,16,1,2556.489581,39,29,0,696.960066627883,16,0,0.31003
55021,39,C_region_q2,13,13,13,4643.079,144,13,1,3715.079395,11,0,0,nan,103,0,0.331703
55021,39,Cplus_completion_coobserve,13,13,13,4025.415,147,13,1,3079.414537,14,7,0,nan,103,0,0.221944
55021,39,F_coverage_integrated,13,13,13,3728.601,107,13,1,3027.601497,30,15,8,2173.2733310283174,64,0,0.871688
55021,39,G_rolling_coverage,13,13,13,3721.288,108,13,1,3015.287613,31,18,8,2173.2733310283174,64,0,0.85245
55021,39,I_ring_optimized,13,13,13,3598.734,112,13,1,2864.734306,36,25,8,2172.1858283484858,64,0,1.377809
55021,39,J_ring7_1000,13,13,13,3648.493,133,13,1,2790.492835,40,27,8,2024.925075002539,81,0,1.575896
55021,39,Jplus_final,13,13,13,3597.67,123,13,1,2800.669786,30,25,0,1900.2000399501064,80,0,0.192203
55021,40,C_region_q2,10,10,10,4258.642,145,10,1,3340.641932,10,0,0,nan,113,0,0.323639
55021,40,Cplus_completion_coobserve,10,10,10,3815.123,147,10,1,2885.123194,12,4,0,nan,113,0,0.203366
55021,40,F_coverage_integrated,10,10,10,3527.729,111,10,1,2816.728553,24,16,4,2173.4539691162563,77,0,1.306666
55021,40,G_rolling_coverage,10,10,10,3538.935,113,10,1,2816.934912,26,21,4,2173.4539691162563,77,0,1.235121
55021,40,I_ring_optimized,10,10,10,3340.264,108,10,1,2646.263946,21,18,3,2010.2949812063018,77,0,1.04894
55021,40,J_ring7_1000,10,10,10,3384.214,128,10,1,2572.213827,31,21,8,2076.5536620019543,87,0,0.994364
55021,40,Jplus_final,10,10,10,3570.143,134,10,1,2719.143151,19,16,0,1984.3209738821397,105,0,0.091111
55021,41,C_region_q2,14,14,14,5048.914,145,14,1,4110.913959,13,0,0,nan,100,0,0.430408
55021,41,Cplus_completion_coobserve,14,14,14,4470.651,154,14,1,3483.651123,22,9,0,nan,100,0,0.351961
55021,41,F_coverage_integrated,14,14,14,4231.241,120,14,1,3446.241321,35,20,5,2266.756683162047,71,0,1.697459
55021,41,G_rolling_coverage,14,14,14,4236.632,121,14,1,3446.632258,36,21,5,2266.756683162047,71,0,1.533831
55021,41,I_ring_optimized,14,14,14,3973.914,113,14,1,3229.913798,28,20,6,2163.9729714207247,71,0,1.09378
55021,41,J_ring7_1000,14,14,14,3894.739,121,14,1,3102.739463,36,25,8,2146.1415029998457,73,0,1.027638
55021,41,Jplus_final,14,14,14,3909.466,111,14,1,3177.466322,26,23,0,1909.7694223759822,71,0,0.16196
55021,42,C_region_q2,12,12,12,4805.167,140,12,1,3907.166648,11,0,0,nan,104,0,0.241219
55021,42,Cplus_completion_coobserve,12,12,12,4322.319,146,12,1,3392.319411,17,5,0,nan,105,0,0.282111
55021,42,F_coverage_integrated,12,12,12,4375.449,124,12,1,3576.448766,30,14,7,2302.781982257468,84,0,0.696479
55021,42,G_rolling_coverage,12,12,12,4380.033,125,12,1,3576.033344,31,15,7,2302.781982257468,84,0,0.675173
55021,42,I_ring_optimized,12,12,12,4217.46,126,12,1,3411.460328,32,14,7,2117.9476857414843,84,0,0.848975
55021,42,J_ring7_1000,12,12,12,4487.566,142,12,1,3581.566283,30,18,4,2034.1639650870839,101,0,0.863027
55021,42,Jplus_final,12,12,12,4450.178,137,12,1,3573.178338,25,17,0,1977.3345713072142,100,0,0.139316
55021,43,C_region_q2,15,15,15,4775.551,136,15,1,3885.550761,10,0,0,nan,88,0,0.403803
55021,43,Cplus_completion_coobserve,15,15,15,4192.607,137,15,1,3296.607088,11,5,0,nan,88,0,0.20172
55021,43,F_coverage_integrated,15,15,15,3980.301,100,15,1,3309.30077,32,19,8,2300.177436808427,55,0,1.225338
55021,43,G_rolling_coverage,15,15,15,3991.184,102,15,1,3310.183606,34,21,8,2300.177436808427,55,0,1.222848
55021,43,I_ring_optimized,15,15,15,4153.349,106,15,1,3449.348996,38,24,8,2126.4154618930515,55,0,1.056903
55021,43,J_ring7_1000,15,15,15,3797.99,106,15,1,3088.99001,38,25,8,1938.6592045277584,55,0,1.346767
55021,43,Jplus_final,15,15,15,3716.16,95,15,1,3077.160471,27,21,0,1820.2778628680098,53,0,0.208908
55021,44,C_region_q2,10,10,10,4652.164,140,10,1,3763.163762,9,0,0,nan,111,0,0.163678
55021,44,Cplus_completion_coobserve,10,10,10,4169.615,146,10,1,3246.61491,15,7,0,nan,111,0,0.191688
55021,44,F_coverage_integrated,10,10,10,3940.412,124,10,1,3151.412197,24,10,7,2261.28514257498,90,0,0.639282
55021,44,G_rolling_coverage,10,10,10,3933.29,125,10,1,3139.290164,25,13,7,2261.28514257498,90,0,0.655453
55021,44,I_ring_optimized,10,10,10,3763.965,122,10,1,2985.965343,22,10,8,2192.8978774341194,90,0,0.754164
55021,44,J_ring7_1000,10,10,10,4218.953,148,10,1,3285.953413,30,14,8,2188.2415541422806,108,0,0.788045
55021,44,Jplus_final,10,10,10,3875.045,142,10,1,2976.045165,24,15,0,2057.1760558773713,108,0,0.192972
55021,45,C_region_q2,13,13,13,4834.148,139,13,1,3937.147657,12,0,0,nan,97,0,0.298973
55021,45,Cplus_completion_coobserve,13,13,13,4684.064,146,13,1,3748.063933,19,8,0,nan,97,0,0.200833
55021,45,F_coverage_integrated,13,13,13,4229.93,120,13,1,3448.929908,30,16,8,2265.286401893926,77,0,0.970226
55021,45,G_rolling_coverage,13,13,13,4212.486,122,13,1,3420.485501,32,19,8,2265.286401893926,77,0,0.95782
55021,45,I_ring_optimized,13,13,13,4103.694,123,13,1,3304.694405,33,19,8,2114.6079495614817,77,0,1.199453
55021,45,J_ring7_1000,13,13,13,3674.553,129,13,1,2840.553391,37,25,8,2013.4577490910717,79,0,0.828932
55021,45,Jplus_final,13,13,13,3631.492,122,13,1,2839.491864,30,24,0,1899.7986030744703,79,0,0.167594
55021,46,C_region_q2,12,12,12,4297.461,135,12,1,3428.460587,9,0,0,nan,97,0,0.343676
55021,46,Cplus_completion_coobserve,12,12,12,4134.407,137,12,1,3255.40659,11,5,0,nan,97,0,0.238894
55021,46,F_coverage_integrated,12,12,12,4143.152,120,12,1,3366.151956,29,17,8,2317.946007325426,82,0,1.004592
55021,46,G_rolling_coverage,12,12,12,4148.152,121,12,1,3366.15196,30,18,8,2317.946007325426,82,0,0.992951
55021,46,I_ring_optimized,12,12,12,3971.257,123,12,1,3177.257439,32,21,8,2135.6494695903725,82,0,0.918226
55021,46,J_ring7_1000,12,12,12,3818.21,132,12,1,2970.210088,31,18,7,2140.7939380201437,90,0,1.338673
55021,46,Jplus_final,12,12,12,3803.812,124,12,1,3001.812471,23,20,0,2001.266360337394,89,0,0.140899
55021,47,C_region_q2,10,10,10,4726.874,141,10,1,3832.873557,9,0,0,nan,111,0,0.224844
55021,47,Cplus_completion_coobserve,10,10,10,4318.99,145,10,1,3404.990353,13,3,0,nan,111,0,0.21946
55021,47,F_coverage_integrated,10,10,10,4131.966,111,10,1,3418.965641,19,11,4,2199.81445813996,82,0,0.551994
55021,47,G_rolling_coverage,10,10,10,4139.055,113,10,1,3416.054897,21,13,4,2199.81445813996,82,0,0.495674
55021,47,I_ring_optimized,10,10,10,3965.571,114,10,1,3237.571273,22,14,4,2034.5813878059046,82,0,0.765142
55021,47,J_ring7_1000,10,10,10,3876.29,135,10,1,3022.290257,29,15,7,2135.2982449224883,96,0,1.258571
55021,47,Jplus_final,10,10,10,3956.683,125,10,1,3161.68259,19,12,0,1978.9697856772652,96,0,0.190661
55021,48,C_region_q2,11,11,11,4202.215,138,11,1,3321.215396,7,0,0,nan,105,0,0.178547
55021,48,Cplus_completion_coobserve,11,11,11,3982.54,139,11,1,3096.540004,8,1,0,nan,105,0,0.149011
55021,48,F_coverage_integrated,11,11,11,3890.341,119,11,1,3124.3412,29,14,8,2353.571050267532,80,0,0.875887
55021,48,G_rolling_coverage,11,11,11,3890.341,119,11,1,3124.3412,29,14,8,2353.571050267532,80,0,0.804784
55021,48,I_ring_optimized,11,11,11,3726.285,119,11,1,2962.28533,30,16,8,2217.416998257223,79,0,0.802367
55021,48,J_ring7_1000,11,11,11,3578.137,120,11,1,2811.136622,31,16,8,2019.6509000941683,79,0,0.971474
55021,48,Jplus_final,11,11,11,3436.736,111,11,1,2719.736131,20,15,0,1896.6416798981902,80,0,0.154558
55021,49,C_region_q2,14,14,14,5336.01,137,14,1,4448.010005,15,0,0,nan,89,0,0.282037
55021,49,Cplus_completion_coobserve,14,14,14,4199.549,142,14,1,3282.548812,20,8,0,nan,89,0,0.346174
55021,49,F_coverage_integrated,14,14,14,3982.138,107,14,1,3272.138496,31,18,8,2270.044355968448,63,0,0.79772
55021,49,G_rolling_coverage,14,14,14,3981.207,108,14,1,3267.207263,32,21,8,2270.044355968448,63,0,0.765995
55021,49,I_ring_optimized,14,14,14,3900.612,106,14,1,3197.612215,30,19,8,2083.174862827178,63,0,0.630701
55021,49,J_ring7_1000,14,14,14,3684.526,112,14,1,2945.525537,30,20,8,2097.349881868567,68,0,1.038513
55021,49,Jplus_final,14,14,14,3797.365,106,14,1,3094.364863,24,22,0,1895.4730447974257,68,0,0.158042
55021,50,C_region_q2,12,12,12,5301.792,152,12,1,4339.792465,20,0,0,nan,108,0,0.531045
55021,50,Cplus_completion_coobserve,12,12,12,4492.873,152,12,1,3527.873338,20,8,0,nan,108,0,0.361715
55021,50,F_coverage_integrated,12,12,12,3918.737,116,12,1,3163.73734,25,14,7,2242.7076517812666,79,0,1.616112
55021,50,G_rolling_coverage,12,12,12,3920.412,117,12,1,3159.412441,26,17,7,2242.7076517812666,79,0,1.32253
55021,50,I_ring_optimized,12,12,12,3875.936,123,12,1,3083.935669,32,19,8,2121.1373948975097,79,0,1.636819
55021,50,J_ring7_1000,12,12,12,3953.919,133,12,1,3102.918509,30,19,7,2022.5796357519255,91,0,1.018169
55021,50,Jplus_final,12,12,12,3964.069,124,12,1,3164.068634,21,17,0,1930.3209738821397,91,0,0.149716
55021,51,C_region_q2,16,16,16,5021.212,129,16,1,4170.211576,14,0,0,nan,84,0,0.374508
55021,51,Cplus_completion_coobserve,16,16,16,4152.344,140,16,1,3238.344353,25,12,0,nan,84,0,0.372092
55021,51,F_coverage_integrated,16,16,16,4364.801,107,16,1,3650.800557,47,22,8,1857.710486704132,45,0,0.846679
55021,51,G_rolling_coverage,16,16,16,4358.761,108,16,1,3639.761257,48,31,8,1857.710486704132,45,0,0.685534
55021,51,I_ring_optimized,16,16,16,4112.572,105,16,1,3412.571736,45,30,8,1823.4381889309152,45,0,0.68742
55021,51,J_ring7_1000,16,16,16,4038.592,113,16,1,3282.592042,43,28,8,1963.168613233865,55,0,1.241545
55021,51,Jplus_final,16,16,16,3474.411,88,16,1,2872.410671,37,26,0,1103.7904258310798,35,0,0.261222
55021,52,C_region_q2,11,11,11,4328.243,131,11,1,3488.243192,8,0,0,nan,93,0,0.266151
55021,52,Cplus_completion_coobserve,11,11,11,4063.463,134,11,1,3205.462757,11,4,0,nan,93,0,0.164908
55021,52,F_coverage_integrated,11,11,11,3853.069,112,11,1,3128.069416,29,20,5,2189.375617472927,72,0,1.153469
55021,52,G_rolling_coverage,11,11,11,3858.069,113,11,1,3128.069416,30,21,5,2189.375617472927,72,0,1.173608
55021,52,I_ring_optimized,11,11,11,3594.462,113,11,1,2863.461887,31,21,8,2198.440850131241,72,0,1.018381
55021,52,J_ring7_1000,11,11,11,3604.23,127,11,1,2791.230486,33,22,8,2030.4145498683783,83,0,1.358801
55021,52,Jplus_final,11,11,11,3739.201,117,11,1,2985.201403,23,21,0,1918.3209738821397,83,0,0.093474
55021,53,C_region_q2,14,14,14,4951.456,142,14,1,4031.456036,13,0,0,nan,101,0,0.29097
55021,53,Cplus_completion_coobserve,14,14,14,4571.143,148,14,1,3618.143091,19,6,0,nan,102,0,0.358542
55021,53,F_coverage_integrated,14,14,14,4526.257,115,14,1,3770.257348,30,15,8,2226.2907682396935,72,0,0.790886
55021,53,G_rolling_coverage,14,14,14,4487.833,114,14,1,3736.832759,29,16,8,2226.2907682396935,72,0,0.829052
55021,53,I_ring_optimized,14,14,14,4298.099,117,14,1,3530.098946,32,19,4,2027.89582091373,71,0,1.230503
55021,53,J_ring7_1000,14,14,14,4321.129,127,14,1,3496.128959,35,22,6,2051.2463577210947,79,0,1.729648
55021,53,Jplus_final,14,14,14,4232.795,115,14,1,3477.794825,23,16,0,1921.3245321703728,78,0,0.213211
55021,54,C_region_q2,12,12,12,4452.177,136,12,1,3577.176862,10,0,0,nan,101,0,0.2301
55021,54,Cplus_completion_coobserve,12,12,12,4094.772,143,12,1,3178.772269,17,8,0,nan,101,0,0.230338
55021,54,F_coverage_integrated,12,12,12,3986.502,125,12,1,3181.502036,32,17,8,2360.094618445786,83,0,0.925547
55021,54,G_rolling_coverage,12,12,12,3944.929,125,12,1,3139.92871,32,19,8,2360.094618445786,83,0,0.839799
55021,54,I_ring_optimized,12,12,12,3868.109,129,12,1,3037.108569,36,21,8,2163.4456933437036,82,0,1.149066
55021,54,J_ring7_1000,12,12,12,3663.047,137,12,1,2785.04732,35,24,8,2064.7084869086084,92,0,1.165555
55021,54,Jplus_final,12,12,12,3561.033,128,12,1,2738.033431,26,21,0,1947.3233987237488,90,0,0.231989
55021,55,C_region_q2,11,11,11,4288.875,151,11,1,3329.874682,12,0,0,nan,118,0,0.286515
55021,55,Cplus_completion_coobserve,11,11,11,4206.149,155,11,1,3225.148837,16,7,0,nan,118,0,0.171798
55021,55,F_coverage_integrated,11,11,11,3910.661,118,11,1,3151.661099,26,13,8,2315.25862961191,83,0,1.051323
55021,55,G_rolling_coverage,11,11,11,3909.624,118,11,1,3150.624256,26,15,8,2315.25862961191,83,0,1.090801
55021,55,I_ring_optimized,11,11,11,3677.055,119,11,1,2912.055291,27,17,6,2056.2627535820066,83,0,1.254584
55021,55,J_ring7_1000,11,11,11,3789.751,137,11,1,2917.75061,34,22,8,2117.0387517030413,93,0,1.673513
55021,55,Jplus_final,11,11,11,3628.428,128,11,1,2809.428253,25,22,0,1930.3209738821395,92,0,0.143175
55021,56,C_region_q2,10,10,10,4346.507,138,10,1,3469.506964,10,0,0,nan,106,0,0.25984
55021,56,Cplus_completion_coobserve,10,10,10,3842.152,144,10,1,2931.151828,16,6,0,nan,106,0,0.219774
55021,56,F_coverage_integrated,10,10,10,3748.925,126,10,1,2948.92493,28,13,8,2316.29301670892,88,0,0.303894
55021,56,G_rolling_coverage,10,10,10,3699.315,129,10,1,2883.315,31,17,8,2316.29301670892,88,0,0.357586
55021,56,I_ring_optimized,10,10,10,3698.086,123,10,1,2915.086417,25,13,8,2216.818743541594,88,0,0.409293
55021,56,J_ring7_1000,10,10,10,3223.732,131,10,1,2390.731991,20,11,8,2175.9119392686903,101,0,0.827856
55021,56,Jplus_final,10,10,10,3386.068,131,10,1,2553.068061,20,19,0,1986.423922164315,101,0,0.09201
55021,57,C_region_q2,11,11,11,4737.029,138,11,1,3855.028692,11,0,0,nan,100,0,0.349657
55021,57,Cplus_completion_coobserve,11,11,11,4465.428,144,11,1,3552.427965,17,6,0,nan,100,0,0.241399
55021,57,F_coverage_integrated,11,11,11,4163.322,111,11,1,3447.321637,25,11,8,2247.7094000189736,76,0,0.771057
55021,57,G_rolling_coverage,11,11,11,4163.322,111,11,1,3447.321637,25,11,8,2247.7094000189736,76,0,0.769602
55021,57,I_ring_optimized,11,11,11,4275.176,119,11,1,3511.17557,32,17,8,2056.2266309228226,77,0,1.270589
55021,57,J_ring7_1000,11,11,11,4181.412,128,11,1,3363.412114,30,15,8,2088.2630144623954,88,0,1.458901
55021,57,Jplus_final,11,11,11,4082.128,120,11,1,3311.128421,22,17,0,1975.624068010292,87,0,0.185289
55021,58,C_region_q2,12,12,12,4663.649,139,12,1,3772.649367,10,0,0,nan,102,0,0.324646
55021,58,Cplus_completion_coobserve,12,12,12,4111.075,139,12,1,3220.075333,10,3,0,nan,102,0,0.17403
55021,58,F_coverage_integrated,12,12,12,4091.496,115,12,1,3345.495838,23,11,8,2253.502499849482,80,0,0.430367
55021,58,G_rolling_coverage,12,12,12,4061.182,118,12,1,3300.181948,26,13,8,2253.502499849482,80,0,0.438283
55021,58,I_ring_optimized,12,12,12,4114.554,118,12,1,3352.5537,26,13,6,2095.1080431959303,81,0,0.504235
55021,58,J_ring7_1000,12,12,12,3750.395,126,12,1,2939.395074,26,15,8,2098.7391248780414,88,0,0.596608
55021,58,Jplus_final,12,12,12,3713.736,120,12,1,2935.735673,20,17,0,2029.6276339805281,88,0,0.12067
55021,59,C_region_q2,12,12,12,5151.584,145,12,1,4223.583869,11,0,0,nan,109,0,0.263968
55021,59,Cplus_completion_coobserve,12,12,12,4255.904,146,12,1,3322.904018,12,5,0,nan,109,0,0.190173
55021,59,F_coverage_integrated,12,12,12,4021.355,114,12,1,3280.354791,23,15,6,2279.15407811913,79,0,1.163573
55021,59,G_rolling_coverage,12,12,12,4020.702,114,12,1,3279.702408,23,16,6,2279.15407811913,79,0,1.199114
55021,59,I_ring_optimized,12,12,12,3895.161,115,12,1,3151.161436,24,13,7,2157.431978643213,79,0,1.135241
55021,59,J_ring7_1000,12,12,12,3849.25,125,12,1,3041.249842,25,18,4,2129.3000220369054,88,0,1.022903
55021,59,Jplus_final,12,12,12,3852.331,124,12,1,3050.331154,24,21,0,2020.2336452302022,88,0,0.129669
55021,60,C_region_q2,14,14,14,4934.673,149,14,1,3972.673029,14,0,0,nan,107,0,0.368607
55021,60,Cplus_completion_coobserve,14,14,14,4329.837,152,14,1,3349.837206,17,7,0,nan,107,0,0.197594
55021,60,F_coverage_integrated,14,14,14,4049.706,113,14,1,3305.705503,28,12,8,2262.9592861459573,72,0,0.460667
55021,60,G_rolling_coverage,14,14,14,4312.137,114,14,1,3563.136848,29,16,8,2262.9592861459573,71,0,0.467307
55021,60,I_ring_optimized,14,14,14,3910.108,116,14,1,3148.108189,31,19,8,2111.157353438784,71,0,0.45411
55021,60,J_ring7_1000,14,14,14,4059.051,126,14,1,3239.051291,38,22,8,2020.8760839940871,76,0,1.259945
55021,60,Jplus_final,14,14,14,3943.824,126,14,1,3120.82412,31,25,0,1978.5727007326884,81,0,0.124553
55021,61,C_region_q2,13,13,13,4774.831,141,13,1,3864.83099,11,0,0,nan,102,0,0.345196
55021,61,Cplus_completion_coobserve,13,13,13,4286.374,144,13,1,3361.374327,14,5,0,nan,102,0,0.257392
55021,61,F_coverage_integrated,13,13,13,4128.989,117,13,1,3364.988605,27,14,8,2351.4216113451134,77,0,1.145825
55021,61,G_rolling_coverage,13,13,13,4137.676,119,13,1,3363.675744,29,17,8,2351.4216113451134,77,0,1.072425
55021,61,I_ring_optimized,13,13,13,3995.532,120,13,1,3214.53197,30,18,8,2211.590477871235,77,0,0.863954
55021,61,J_ring7_1000,13,13,13,4013.776,132,13,1,3159.776095,32,21,8,2111.0096802818334,87,0,0.949765
55021,61,Jplus_final,13,13,13,3841.774,123,13,1,3039.77366,23,20,0,1956.3751870399776,87,0,0.106354
55021,62,C_region_q2,13,13,13,4973.226,131,13,1,4124.225785,9,0,0,nan,92,0,0.295658
55021,62,Cplus_completion_coobserve,13,13,13,4307.092,135,13,1,3436.092321,13,5,0,nan,92,0,0.240415
55021,62,F_coverage_integrated,13,13,13,4142.267,107,13,1,3439.266996,26,13,7,2202.23135142514,69,0,0.834119
55021,62,G_rolling_coverage,13,13,13,4144.332,108,13,1,3436.33176,27,15,7,2202.23135142514,69,0,0.890993
55021,62,I_ring_optimized,13,13,13,3819.333,112,13,1,3088.332826,32,20,8,2120.9901892855437,68,0,0.541819
55021,62,J_ring7_1000,13,13,13,3810.928,124,13,1,3006.928115,33,20,8,2028.2734569886122,78,0,0.867734
55021,62,Jplus_final,13,13,13,4147.692,115,13,1,3397.692342,24,18,0,1913.0407797418259,78,0,0.105579
55021,63,C_region_q2,12,12,12,4937.179,142,12,1,4026.179339,12,0,0,nan,104,0,0.337984
55021,63,Cplus_completion_coobserve,12,12,12,4406.706,149,12,1,3456.706329,19,7,0,nan,104,0,0.266589
55021,63,F_coverage_integrated,12,12,12,4313.589,114,12,1,3573.588915,26,15,5,2238.9091931832636,77,0,1.005153
55021,63,G_rolling_coverage,12,12,12,4307.415,114,12,1,3567.415149,26,18,5,2238.9091931832636,77,0,0.924321
55021,63,I_ring_optimized,12,12,12,4282.924,116,12,1,3528.924287,28,15,7,2154.5887327092387,77,0,1.074644
55021,63,J_ring7_1000,12,12,12,4151.765,129,12,1,3324.764695,29,14,6,2023.0544985870788,89,0,0.764193
55021,63,Jplus_final,12,12,12,4016.12,121,12,1,3233.120124,24,18,0,1919.0904234893055,85,0,0.191884
55021,64,C_region_q2,10,10,10,4628.372,145,10,1,3709.372114,9,0,0,nan,112,0,0.33198
55021,64,Cplus_completion_coobserve,10,10,10,4067.299,148,10,1,3130.299426,12,5,0,nan,112,0,0.240574
55021,64,F_coverage_integrated,10,10,10,3806.374,115,10,1,3070.373619,24,14,8,2273.099352254085,82,0,0.667585
55021,64,G_rolling_coverage,10,10,10,3806.374,115,10,1,3070.373619,24,14,8,2273.099352254085,82,0,0.686495
55021,64,I_ring_optimized,10,10,10,3739.494,117,10,1,2989.493908,26,15,8,2127.2315937485428,82,0,0.585286
55021,64,J_ring7_1000,10,10,10,3581.901,131,10,1,2748.901011,26,19,5,2052.4548093296703,95,0,1.157385
55021,64,Jplus_final,10,10,10,3574.304,126,10,1,2773.304449,22,19,0,1948.3209738821395,94,0,0.104388
55021,65,C_region_q2,13,13,13,5259.96,143,13,1,4337.960262,12,0,0,nan,105,0,0.3324
55021,65,Cplus_completion_coobserve,13,13,13,4574.502,151,13,1,3609.502335,20,9,0,nan,105,0,0.332097
55021,65,F_coverage_integrated,13,13,13,4445.697,113,13,1,3705.696696,28,12,6,2154.0667825406745,73,0,1.224016
55021,65,G_rolling_coverage,13,13,13,4397.856,112,13,1,3664.855907,27,13,6,2154.0667825406745,73,0,1.117348
55021,65,I_ring_optimized,13,13,13,4462.658,115,13,1,3713.658435,27,12,8,2116.067534925037,77,0,0.824506
55021,65,J_ring7_1000,13,13,13,4321.511,132,13,1,3468.511356,34,20,7,2102.8531274942993,86,0,1.482843
55021,65,Jplus_final,13,13,13,4204.86,126,13,1,3386.860079,28,21,0,1959.790214991868,85,0,0.232046
55021,66,C_region_q2,15,15,15,4629.949,136,15,1,3740.948691,14,0,0,nan,86,0,0.431692
55021,66,Cplus_completion_coobserve,15,15,15,4451.213,140,15,1,3538.213135,18,10,0,nan,86,0,0.146405
55021,66,F_coverage_integrated,15,15,15,4453.915,106,15,1,3749.914902,38,22,8,2214.804491836151,54,0,0.851009
55021,66,G_rolling_coverage,15,15,15,4456.705,108,15,1,3741.705117,40,26,8,2214.804491836151,55,0,0.849178
55021,66,I_ring_optimized,15,15,15,4137.42,110,15,1,3408.419921,42,29,8,2116.9285975045614,55,0,0.873034
55021,66,J_ring7_1000,15,15,15,3692.881,104,15,1,3000.880938,35,22,8,2021.515403984956,54,0,1.308852
55021,66,Jplus_final,15,15,15,3566.984,98,15,1,2908.984166,29,24,0,1798.256735951753,54,0,0.208982
55021,67,C_region_q2,12,12,12,4308.759,133,12,1,3451.758884,10,0,0,nan,94,0,0.309781
55021,67,Cplus_completion_coobserve,12,12,12,4084.59,136,12,1,3212.589538,13,4,0,nan,94,0,0.176507
55021,67,F_coverage_integrated,12,12,12,4038.099,114,12,1,3299.099159,29,13,8,2182.582672126474,74,0,0.784906
55021,67,G_rolling_coverage,12,12,12,4054.018,116,12,1,3305.018268,31,16,8,2182.582672126474,74,0,0.88325
55021,67,I_ring_optimized,12,12,12,3909.654,120,12,1,3135.653627,35,20,8,2112.238028502927,74,0,1.554429
55021,67,J_ring7_1000,12,12,12,3946.913,123,12,1,3154.913024,33,19,8,2100.786956625977,80,0,0.871295
55021,67,Jplus_final,12,12,12,3798.942,117,12,1,3042.941907,23,18,0,1887.8345507006475,82,0,0.153423
55021,68,C_region_q2,10,10,10,3964.203,125,10,1,3165.202736,8,0,0,nan,90,0,0.177263
55021,68,Cplus_completion_coobserve,10,10,10,3674.499,127,10,1,2865.498666,10,4,0,nan,90,0,0.146264
55021,68,F_coverage_integrated,10,10,10,3579.325,115,10,1,2843.325339,31,18,8,2292.1938996729014,77,0,1.046296
55021,68,G_rolling_coverage,10,10,10,3579.325,115,10,1,2843.325339,31,18,8,2292.1938996729014,77,0,0.999708
55021,68,I_ring_optimized,10,10,10,2835.947,112,10,1,2115.947027,21,14,7,2272.3063702653276,83,0,0.844995
55021,68,J_ring7_1000,10,10,10,3021.35,119,10,1,2261.350193,25,15,8,2104.354530591322,84,0,0.634304
55021,68,Jplus_final,10,10,10,2989.008,113,10,1,2264.008296,19,16,0,1928.378826330948,84,0,0.107886
55021,69,C_region_q2,14,14,14,5330.633,146,14,1,4388.632567,16,0,0,nan,101,0,0.373936
55021,69,Cplus_completion_coobserve,14,14,14,4820.844,152,14,1,3845.844103,22,8,0,nan,101,0,0.345723
55021,69,F_coverage_integrated,14,14,14,4853.04,125,14,1,4040.039964,36,16,8,2254.891601831983,75,0,0.650193
55021,69,G_rolling_coverage,14,14,14,4845.982,124,14,1,4041.981611,35,18,8,2254.891601831983,75,0,0.689249
55021,69,I_ring_optimized,14,14,14,4445.738,126,14,1,3626.738468,37,23,8,2135.4249362371133,75,0,0.745979
55021,69,J_ring7_1000,14,14,14,4408.634,134,14,1,3537.634025,39,21,8,2156.438247942013,81,0,0.596084
55021,69,Jplus_final,14,14,14,4474.414,130,14,1,3629.414483,35,27,0,2004.8322986069943,81,0,0.179248
55021,70,C_region_q2,10,10,10,3643.848,130,10,1,2814.848441,8,0,0,nan,94,0,0.240988
55021,70,Cplus_completion_coobserve,10,10,10,3515.229,134,10,1,2664.228825,12,7,0,nan,94,0,0.097395
55021,70,F_coverage_integrated,10,10,10,3182.659,108,10,1,2486.65872,20,13,7,2305.085096747455,78,0,0.788634
55021,70,G_rolling_coverage,10,10,10,3182.659,108,10,1,2486.65872,20,13,7,2305.085096747455,78,0,0.826247
55021,70,I_ring_optimized,10,10,10,3009.217,109,10,1,2308.216554,21,14,6,2098.6201920041985,78,0,0.733894
55021,70,J_ring7_1000,10,10,10,3144.897,132,10,1,2305.897176,30,21,8,2142.665537054331,93,0,1.441006
55021,70,Jplus_final,10,10,10,3166.84,122,10,1,2387.840027,20,18,0,1957.2819960179247,92,0,0.095824
55021,71,C_region_q2,15,15,15,5026.152,135,15,1,4144.152042,14,0,0,nan,85,0,0.40971
55021,71,Cplus_completion_coobserve,15,15,15,4725.794,138,15,1,3825.794122,17,9,0,nan,85,0,0.207203
55021,71,F_coverage_integrated,15,15,15,4045.222,110,15,1,3316.2218,40,24,8,2222.7377442209954,55,0,1.547277
55021,71,G_rolling_coverage,15,15,15,4057.465,112,15,1,3318.465059,42,28,8,2222.7377442209954,55,0,1.565761
55021,71,I_ring_optimized,15,15,15,3971.182,119,15,1,3187.182027,49,35,8,2115.439032389696,55,0,1.213188
55021,71,J_ring7_1000,15,15,15,3980.518,126,15,1,3157.518238,48,31,8,2007.2373244151543,63,0,1.179768
55021,71,Jplus_final,15,15,15,3658.342,111,15,1,2922.3422,29,25,0,1963.437674689935,67,0,0.158394
55021,72,C_region_q2,16,16,16,5058.041,133,16,1,4181.04104,13,0,0,nan,81,0,0.454835
55021,72,Cplus_completion_coobserve,16,16,16,4719.534,136,16,1,3825.534072,16,8,0,nan,81,0,0.267143
55021,72,F_coverage_integrated,16,16,16,4690.153,105,16,1,3984.152594,42,23,8,1836.6926119435784,47,0,1.209599
55021,72,G_rolling_coverage,16,16,16,4334.956,103,16,1,3639.955621,40,25,8,1836.6926119435784,47,0,1.189989
55021,72,I_ring_optimized,16,16,16,4066.324,105,16,1,3360.323583,42,26,8,1810.2156886882867,48,0,0.917576
55021,72,J_ring7_1000,16,16,16,4183.044,111,16,1,3442.043797,43,28,8,1938.0666023647493,53,0,1.107055
55021,72,Jplus_final,16,16,16,4165.776,99,16,1,3495.7757,31,25,0,1768.494830545763,52,0,0.151426
55021,73,C_region_q2,13,13,13,5110.875,141,13,1,4201.875274,13,0,0,nan,98,0,0.33751
55021,73,Cplus_completion_coobserve,13,13,13,4131.078,149,13,1,3177.077536,21,11,0,nan,98,0,0.25747
55021,73,F_coverage_integrated,13,13,13,4099.136,115,13,1,3347.136279,32,18,8,2159.310366451359,71,0,0.566544
55021,73,G_rolling_coverage,13,13,13,4084.035,116,13,1,3327.03481,33,21,8,2159.310366451359,71,0,0.588327
55021,73,I_ring_optimized,13,13,13,4060.594,123,13,1,3262.594452,40,26,8,2029.350443384334,71,0,0.668587
55021,73,J_ring7_1000,13,13,13,3623.836,134,13,1,2760.835926,37,24,8,2115.652332405438,85,0,1.112479
55021,73,Jplus_final,13,13,13,3805.955,122,13,1,3014.95539,25,22,0,1987.6461125135334,84,0,0.10485
55021,74,C_region_q2,16,16,16,4878.436,134,16,1,3995.435721,12,0,0,nan,84,0,0.41295
55021,74,Cplus_completion_coobserve,16,16,16,4388.258,139,16,1,3477.257877,17,9,0,nan,84,0,0.244769
55021,74,F_coverage_integrated,16,16,16,4203.272,107,16,1,3486.272102,37,19,8,1938.5217340966767,54,0,1.071831
55021,74,G_rolling_coverage,16,16,16,3753.737,108,16,1,3030.737321,38,26,8,1938.5217340966767,54,0,1.059036
55021,74,I_ring_optimized,16,16,16,3686.421,113,16,1,2933.420981,43,30,8,1808.6216604117346,56,0,0.970342
55021,74,J_ring7_1000,16,16,16,3486.726,117,16,1,2709.725591,47,32,7,1550.3321824395762,55,0,0.980368
55021,74,Jplus_final,16,16,16,3550.447,111,16,1,2811.446955,41,35,0,1432.4350297615824,54,0,0.261671
55021,75,C_region_q2,10,10,10,4500.575,139,10,1,3617.575024,9,0,0,nan,106,0,0.295931
55021,75,Cplus_completion_coobserve,10,10,10,4276.357,140,10,1,3388.357334,10,3,0,nan,106,0,0.198571
55021,75,F_coverage_integrated,10,10,10,4219.333,117,10,1,3471.332979,22,9,7,2209.765237048021,85,0,0.816558
55021,75,G_rolling_coverage,10,10,10,4217.87,117,10,1,3469.869891,22,11,7,2209.765237048021,85,0,0.739759
55021,75,I_ring_optimized,10,10,10,3940.35,116,10,1,3200.350169,21,9,5,2070.8152293121325,85,0,0.718545
55021,75,J_ring7_1000,10,10,10,4222.942,137,10,1,3357.942332,27,13,6,2095.289918668962,100,0,1.018896
55021,75,Jplus_final,10,10,10,4161.527,138,10,1,3292.526509,28,19,0,2005.8414510062503,100,0,0.212088
55021,76,C_region_q2,16,16,16,5158.882,121,16,1,4355.881702,12,0,0,nan,67,0,0.328742
55021,76,Cplus_completion_coobserve,16,16,16,4573.652,126,16,1,3739.652199,17,8,0,nan,67,0,0.195506
55021,76,F_coverage_integrated,16,16,16,3891.407,100,16,1,3216.407129,48,29,8,1924.8579097047746,38,0,2.010194
55021,76,G_rolling_coverage,16,16,16,3880.115,99,16,1,3210.11475,47,31,8,1924.8579097047746,38,0,1.922928
55021,76,I_ring_optimized,16,16,16,3745.465,100,16,1,3070.46456,48,30,8,1824.331214728544,37,0,1.807357
55021,76,J_ring7_1000,16,16,16,3623.709,92,16,1,2998.708556,41,23,8,1452.8969428190983,36,0,1.47223
55021,76,Jplus_final,16,16,16,3427.014,81,16,1,2867.014187,30,22,0,1391.1206802908491,35,0,0.326992
55021,77,C_region_q2,16,16,16,5213.898,135,16,1,4325.898362,13,0,0,nan,88,0,0.446065
55021,77,Cplus_completion_coobserve,16,16,16,4485.493,137,16,1,3586.493107,15,8,0,nan,88,0,0.253636
55021,77,F_coverage_integrated,16,16,16,4226.309,102,16,1,3539.308813,36,19,8,1899.1792615978693,50,0,0.653156
55021,77,G_rolling_coverage,16,16,16,4223.976,104,16,1,3527.975846,38,23,8,1899.1792615978693,50,0,0.573556
55021,77,I_ring_optimized,16,16,16,3775.922,100,16,1,3103.922386,35,24,8,1855.3082003624845,50,0,0.734385
55021,77,J_ring7_1000,16,16,16,3836.868,109,16,1,3106.867524,38,27,8,1858.329758590037,55,0,1.158655
55021,77,Jplus_final,16,16,16,3853.93,98,16,1,3188.930206,27,24,0,1690.2216160903174,55,0,0.167709
55021,78,C_region_q2,11,11,11,4254.0,128,11,1,3431.999586,6,0,0,nan,93,0,0.207836
55021,78,Cplus_completion_coobserve,11,11,11,3588.676,130,11,1,2756.675584,8,3,0,nan,93,0,0.138787
55021,78,F_coverage_integrated,11,11,11,3507.511,100,11,1,2855.511394,22,11,8,2290.3561582977063,67,0,0.564034
55021,78,G_rolling_coverage,11,11,11,3507.511,100,11,1,2855.511394,22,11,8,2290.3561582977063,67,0,0.496731
55021,78,I_ring_optimized,11,11,11,3183.367,105,11,1,2503.367097,27,14,8,2189.2964886715718,67,0,0.697324
55021,78,J_ring7_1000,11,11,11,2859.783,112,11,1,2136.783459,27,18,8,2124.83919769329,74,0,0.899093
55021,78,Jplus_final,11,11,11,2689.873,103,11,1,2018.873,18,17,0,1887.391092068399,74,0,0.072698
55021,79,C_region_q2,14,14,14,4635.138,124,14,1,3824.137905,13,0,0,nan,73,0,0.397844
55021,79,Cplus_completion_coobserve,14,14,14,4141.897,124,14,1,3328.896821,13,7,0,nan,73,0,0.147075
55021,79,F_coverage_integrated,14,14,14,4425.732,104,14,1,3737.731889,42,24,8,2229.0445933746732,48,0,1.343796
55021,79,G_rolling_coverage,14,14,14,3869.3,103,14,1,3188.300025,41,27,8,2229.0445933746732,48,0,1.310241
55021,79,I_ring_optimized,14,14,14,3725.481,100,14,1,3058.480626,38,26,8,2018.7138086559314,48,0,1.344758
55021,79,J_ring7_1000,14,14,14,3632.189,107,14,1,2924.189307,39,27,8,1980.1396825570691,56,0,2.116589
55021,79,Jplus_final,14,14,14,3475.95,96,14,1,2834.950235,28,25,0,1792.5226686731064,54,0,0.118674
55021,80,C_region_q2,11,11,11,5117.273,151,11,1,4159.2729,13,0,0,nan,115,0,0.306676
55021,80,Cplus_completion_coobserve,11,11,11,4743.412,156,11,1,3756.411966,18,8,0,nan,115,0,0.243311
55021,80,F_coverage_integrated,11,11,11,4033.363,116,11,1,3286.362804,27,15,8,2195.7666962503986,80,0,0.913537
55021,80,G_rolling_coverage,11,11,11,4032.268,117,11,1,3280.268022,28,18,8,2195.7666962503986,80,0,0.850947
55021,80,I_ring_optimized,11,11,11,3947.975,119,11,1,3184.975038,30,19,8,2104.799868821073,80,0,0.91425
55021,80,J_ring7_1000,11,11,11,3997.649,140,11,1,3108.648654,27,15,8,2142.529747737704,102,0,0.922471
55021,80,Jplus_final,11,11,11,3884.201,135,11,1,3024.200626,23,19,0,1984.3209738821397,101,0,0.153858
55021,81,C_region_q2,13,13,13,4956.055,139,13,1,4058.054733,11,0,0,nan,98,0,0.391681
55021,81,Cplus_completion_coobserve,13,13,13,4016.49,142,13,1,3102.489776,14,7,0,nan,98,0,0.278301
55021,81,F_coverage_integrated,13,13,13,3977.516,111,13,1,3250.516092,30,19,8,2202.6471947370833,69,0,1.096163
55021,81,G_rolling_coverage,13,13,13,3977.516,111,13,1,3250.516092,30,19,8,2202.6471947370833,69,0,1.109303
55021,81,I_ring_optimized,13,13,13,3758.435,116,13,1,3001.434997,35,24,8,2220.92683811423,70,0,1.214351
55021,81,J_ring7_1000,13,13,13,3755.28,121,13,1,2967.280455,33,22,8,2038.2171313754736,76,0,1.264341
55021,81,Jplus_final,13,13,13,3721.76,110,13,1,2999.75956,22,19,0,1879.061235560888,75,0,0.118526
55021,82,C_region_q2,10,10,10,4605.053,144,10,1,3692.053269,9,0,0,nan,114,0,0.317547
55021,82,Cplus_completion_coobserve,10,10,10,4330.919,147,10,1,3400.91926,12,3,0,nan,114,0,0.282528
55021,82,F_coverage_integrated,10,10,10,4279.195,122,10,1,3499.194796,21,10,4,2203.4510228610047,91,0,1.036242
55021,82,G_rolling_coverage,10,10,10,4258.512,122,10,1,3478.512488,21,13,4,2203.4510228610047,91,0,1.005467
55021,82,I_ring_optimized,10,10,10,4432.743,123,10,1,3650.743391,22,12,5,2115.2028351325703,91,0,1.012522
55021,82,J_ring7_1000,10,10,10,4384.612,138,10,1,3512.612177,24,12,3,2098.5370638810555,105,0,1.070215
55021,82,Jplus_final,10,10,10,4051.964,136,10,1,3190.963862,22,16,0,1984.3209738821395,104,0,0.172195
55021,83,C_region_q2,13,13,13,4908.281,129,13,1,4073.281225,10,0,0,nan,90,0,0.18383
55021,83,Cplus_completion_coobserve,13,13,13,4111.696,128,13,1,3281.696303,9,2,0,nan,90,0,0.133259
55021,83,F_coverage_integrated,13,13,13,4223.977,111,13,1,3499.977191,29,14,8,2250.80165116014,69,0,0.689232
55021,83,G_rolling_coverage,13,13,13,4193.798,113,13,1,3459.797507,31,17,8,2250.80165116014,69,0,0.649234
55021,83,I_ring_optimized,13,13,13,3928.124,113,13,1,3192.124432,34,19,5,2084.76490909911,67,0,0.641818
55021,83,J_ring7_1000,13,13,13,3708.132,118,13,1,2938.13213,33,20,8,2067.3673327747038,72,0,1.596894
55021,83,Jplus_final,13,13,13,3799.791,111,13,1,3074.790737,26,18,0,1883.0597930904862,72,0,0.158782
55021,84,C_region_q2,13,13,13,4777.65,139,13,1,3879.65042,13,0,0,nan,94,0,0.433748
55021,84,Cplus_completion_coobserve,13,13,13,4184.513,144,13,1,3258.51269,18,10,0,nan,94,0,0.199345
55021,84,F_coverage_integrated,13,13,13,3849.292,113,13,1,3108.292218,31,19,6,2166.9520172663665,69,0,0.702818
55021,84,G_rolling_coverage,13,13,13,3807.333,114,13,1,3059.333261,32,21,6,2166.9520172663665,69,0,0.692447
55021,84,I_ring_optimized,13,13,13,3673.939,112,13,1,2939.939315,33,23,6,2161.243393222192,66,0,0.790492
55021,84,J_ring7_1000,13,13,13,3474.598,119,13,1,2699.59781,31,18,8,2028.251833980071,75,0,1.157623
55021,84,Jplus_final,13,13,13,3575.629,110,13,1,2851.628555,22,21,0,1876.3209738821397,75,0,0.109001
55021,85,C_region_q2,16,16,16,5789.871,124,16,1,4969.870656,16,0,0,nan,75,0,0.445461
55021,85,Cplus_completion_coobserve,16,16,16,4269.633,130,16,1,3414.633099,22,11,0,nan,75,0,0.271765
55021,85,F_coverage_integrated,16,16,16,4513.501,93,16,1,3877.501399,40,25,8,1993.2911139682244,39,0,0.723418
55021,85,G_rolling_coverage,16,16,16,4593.646,100,16,1,3918.645526,47,28,8,1993.2911139682244,39,0,0.892814
55021,85,I_ring_optimized,16,16,16,4453.278,94,16,1,3813.278287,41,23,8,1855.5917683795967,38,0,0.993992
55021,85,J_ring7_1000,16,16,16,4408.595,104,16,1,3710.595393,41,24,8,1881.3362462576067,47,0,1.220888
55021,85,Jplus_final,16,16,16,4049.33,96,16,1,3400.330359,33,26,0,1801.273941454815,47,0,0.206279
55021,86,C_region_q2,14,14,14,5234.152,134,14,1,4364.152011,12,0,0,nan,90,0,0.277635
55021,86,Cplus_completion_coobserve,14,14,14,4935.26,137,14,1,4048.26022,15,3,0,nan,90,0,0.214115
55021,86,F_coverage_integrated,14,14,14,4296.401,112,14,1,3561.401059,40,19,8,2126.0776497639354,58,0,0.837295
55021,86,G_rolling_coverage,14,14,14,4298.326,113,14,1,3555.325721,41,23,8,2126.0776497639354,58,0,0.781546
55021,86,I_ring_optimized,14,14,14,4034.432,111,14,1,3303.431955,39,25,8,2111.809386287532,58,0,0.766404
55021,86,J_ring7_1000,14,14,14,3947.04,123,14,1,3145.040328,38,25,8,2051.6833961155935,71,0,1.416479
55021,86,Jplus_final,14,14,14,3945.235,112,14,1,3207.234719,27,22,0,1878.07079064012,71,0,0.223136
55021,87,C_region_q2,10,10,10,4525.893,135,10,1,3666.892646,9,0,0,nan,105,0,0.221788
55021,87,Cplus_completion_coobserve,10,10,10,3939.403,139,10,1,3057.403084,13,6,0,nan,105,0,0.152443
55021,87,F_coverage_integrated,10,10,10,3471.632,113,10,1,2746.632393,20,9,8,2266.0493803923027,83,0,0.566309
55021,87,G_rolling_coverage,10,10,10,3483.699,115,10,1,2746.699102,22,12,8,2266.0493803923027,83,0,0.573548
55021,87,I_ring_optimized,10,10,10,3328.552,115,10,1,2591.552408,22,13,6,2099.0687037431653,83,0,0.811024
55021,87,J_ring7_1000,10,10,10,3193.811,126,10,1,2392.81059,22,17,4,2044.024596222539,94,0,0.767356
55021,87,Jplus_final,10,10,10,3524.433,123,10,1,2739.432595,19,16,0,1930.3209738821397,94,0,0.093946
55021,88,C_region_q2,16,16,16,5385.095,126,16,1,4553.09455,17,0,0,nan,75,0,0.574528
55021,88,Cplus_completion_coobserve,16,16,16,4455.828,129,16,1,3608.82847,20,7,0,nan,75,0,0.426979
55021,88,F_coverage_integrated,16,16,16,4603.646,112,16,1,3857.646486,44,23,8,1916.4242459851598,54,0,1.011314
55021,88,G_rolling_coverage,16,16,16,4452.417,115,16,1,3691.41717,47,32,8,1916.4242459851598,54,0,0.989482
55021,88,I_ring_optimized,16,16,16,4177.257,106,16,1,3469.257382,38,24,8,1820.4758621486249,54,0,1.117542
55021,88,J_ring7_1000,16,16,16,4134.583,116,16,1,3366.583156,41,26,8,1928.3873708168455,60,0,0.984861
55021,88,Jplus_final,16,16,16,4203.797,108,16,1,3482.797429,33,27,0,1740.5798622558825,59,0,0.155711
55021,89,C_region_q2,13,13,13,5025.018,147,13,1,4081.018349,12,0,0,nan,106,0,0.381303
55021,89,Cplus_completion_coobserve,13,13,13,4289.269,150,13,1,3325.268516,15,7,0,nan,106,0,0.241799
55021,89,F_coverage_integrated,13,13,13,4074.882,106,13,1,3375.882106,29,18,8,2253.552969092108,64,0,0.75479
55021,89,G_rolling_coverage,13,13,13,3840.001,107,13,1,3136.000864,30,21,8,2253.552969092108,64,0,0.668352
55021,89,I_ring_optimized,13,13,13,3758.723,104,13,1,3072.722774,27,18,8,2020.6413977916454,64,0,0.907973
55021,89,J_ring7_1000,13,13,13,3422.714,114,13,1,2677.714268,32,21,8,1981.384108824335,69,0,1.394217
55021,89,Jplus_final,13,13,13,4005.628,123,13,1,3205.627883,27,21,0,1926.6247241978417,84,0,0.152208
55021,90,C_region_q2,11,11,11,4791.237,143,11,1,3879.236872,9,0,0,nan,111,0,0.232957
55021,90,Cplus_completion_coobserve,11,11,11,4320.821,145,11,1,3398.821444,11,3,0,nan,111,0,0.14756
55021,90,F_coverage_integrated,11,11,11,4546.758,118,11,1,3785.757655,24,13,6,2258.897765196609,83,0,0.647382
55021,90,G_rolling_coverage,11,11,11,4384.556,118,11,1,3622.555916,24,13,6,2258.897765196609,83,0,0.651767
55021,90,I_ring_optimized,11,11,11,4180.014,120,11,1,3410.01364,26,13,5,2137.7236850603786,83,0,0.581979
55021,90,J_ring7_1000,11,11,11,3917.922,133,11,1,3070.921627,30,17,7,2100.4953061480437,92,0,1.117453
55021,90,Jplus_final,11,11,11,3782.482,123,11,1,2993.482321,20,15,0,1960.0534002667532,92,0,0.113183
55021,91,C_region_q2,14,14,14,5358.064,144,14,1,4427.064027,16,0,0,nan,97,0,0.500479
55021,91,Cplus_completion_coobserve,14,14,14,4755.82,145,14,1,3819.819716,17,6,0,nan,97,0,0.293466
55021,91,F_coverage_integrated,14,14,14,4300.461,103,14,1,3616.46095,28,15,7,2143.0815543109516,61,0,0.982842
55021,91,G_rolling_coverage,14,14,14,4306.205,104,14,1,3617.205107,29,17,7,2143.0815543109516,61,0,0.952195
55021,91,I_ring_optimized,14,14,14,4514.822,108,14,1,3801.822039,33,19,8,2040.5605659743094,61,0,0.487384
55021,91,J_ring7_1000,14,14,14,4447.794,126,14,1,3627.794158,34,18,8,2038.6026994554636,79,0,0.878976
55021,91,Jplus_final,14,14,14,4524.251,112,14,1,3788.250719,25,17,0,1851.530109272109,74,0,0.243444
55021,92,C_region_q2,10,10,10,4366.101,132,10,1,3526.100592,9,0,0,nan,99,0,0.229466
55021,92,Cplus_completion_coobserve,10,10,10,3835.128,134,10,1,2985.128365,11,3,0,nan,99,0,0.167533
55021,92,F_coverage_integrated,10,10,10,3414.148,115,10,1,2679.147916,21,11,6,2322.8037562151,85,0,0.509525
55021,92,G_rolling_coverage,10,10,10,3414.148,115,10,1,2679.147916,21,11,6,2322.8037562151,85,0,0.550746
55021,92,I_ring_optimized,10,10,10,3382.809,116,10,1,2642.808925,22,10,8,2185.959000500101,84,0,0.612187
55021,92,J_ring7_1000,10,10,10,3447.337,130,10,1,2618.336767,25,14,8,2156.6367154372515,95,0,0.730876
55021,92,Jplus_final,10,10,10,3478.565,127,10,1,2667.564508,18,16,0,2035.8611066748829,99,0,0.083914
55021,93,C_region_q2,15,15,15,4872.002,134,15,1,3994.001931,14,0,0,nan,83,0,0.418904
55021,93,Cplus_completion_coobserve,15,15,15,4356.105,138,15,1,3455.10541,18,8,0,nan,83,0,0.259275
55021,93,F_coverage_integrated,15,15,15,4627.268,100,15,1,3959.267896,39,20,8,2110.1750229389177,47,0,0.708683
55021,93,G_rolling_coverage,15,15,15,4268.232,104,15,1,3575.231678,43,29,8,2110.1750229389177,46,0,0.679536
55021,93,I_ring_optimized,15,15,15,4104.21,99,15,1,3440.209725,38,25,8,1971.2002433358134,46,0,0.697821
55021,93,J_ring7_1000,15,15,15,4230.788,120,15,1,3438.788356,42,29,8,2122.6349798389783,64,0,1.211895
55021,93,Jplus_final,15,15,15,3945.118,107,15,1,3231.11762,29,25,0,1906.737512768614,63,0,0.101433
55021,94,C_region_q2,13,13,13,5019.504,145,13,1,4085.503897,11,0,0,nan,106,0,0.315562
55021,94,Cplus_completion_coobserve,13,13,13,4666.646,150,13,1,3704.646219,16,8,0,nan,106,0,0.188413
55021,94,F_coverage_integrated,13,13,13,4295.599,118,13,1,3525.598845,29,16,8,2266.934050832879,76,0,0.627812
55021,94,G_rolling_coverage,13,13,13,4129.443,119,13,1,3354.443077,30,19,8,2266.934050832879,76,0,0.635219
55021,94,I_ring_optimized,13,13,13,4075.032,123,13,1,3276.031626,34,22,8,2128.602347230171,76,0,0.684453
55021,94,J_ring7_1000,13,13,13,3780.404,118,13,1,3013.404483,36,24,8,1952.6837790462528,70,0,1.046051
55021,94,Jplus_final,13,13,13,3682.335,110,13,1,2961.334701,28,24,0,1853.9000027050806,69,0,0.188929
55021,95,C_region_q2,16,16,16,5045.154,137,16,1,4144.154271,12,0,0,nan,90,0,0.400952
55021,95,Cplus_completion_coobserve,16,16,16,4323.703,140,16,1,3406.703044,15,7,0,nan,90,0,0.225444
55021,95,F_coverage_integrated,16,16,16,4706.703,105,16,1,4001.703363,36,17,8,2053.0818357644,53,0,0.94078
55021,95,G_rolling_coverage,16,16,16,4131.062,104,16,1,3432.061794,35,20,8,2053.0818357644,53,0,0.956543
55021,95,I_ring_optimized,16,16,16,3950.662,106,16,1,3237.661648,37,24,8,1940.1288064236078,53,0,1.330127
55021,95,J_ring7_1000,16,16,16,3877.54,110,16,1,3140.539944,33,21,8,1920.9935058281283,61,0,1.189935
55021,95,Jplus_final,16,16,16,3792.069,102,16,1,3102.069229,25,20,0,1827.8736972392335,61,0,0.218917
55021,96,C_region_q2,15,15,15,5213.151,143,15,1,4281.151387,13,0,0,nan,99,0,0.333045
55021,96,Cplus_completion_coobserve,15,15,15,4552.157,151,15,1,3575.157329,21,9,0,nan,99,0,0.364916
55021,96,F_coverage_integrated,15,15,15,4134.158,115,15,1,3373.158075,30,13,8,2368.0054419195985,71,0,0.930532
55021,96,G_rolling_coverage,15,15,15,4143.971,117,15,1,3372.970586,32,16,8,2368.0054419195985,71,0,0.900452
55021,96,I_ring_optimized,15,15,15,4257.574,124,15,1,3441.574108,39,22,8,2179.9494774580635,71,0,0.725171
55021,96,J_ring7_1000,15,15,15,4175.383,131,15,1,3318.382815,38,22,8,2103.4065066750245,78,0,0.798318
55021,96,Jplus_final,15,15,15,4239.73,127,15,1,3410.730274,34,24,0,1946.9276028908025,78,0,0.169605
55021,97,C_region_q2,10,10,10,5318.288,150,10,1,4372.288236,13,0,0,nan,120,0,0.174664
55021,97,Cplus_completion_coobserve,10,10,10,3977.712,153,10,1,3012.711706,16,9,0,nan,120,0,0.153933
55021,97,F_coverage_integrated,10,10,10,3913.724,140,10,1,3026.724185,26,15,5,2411.6968133700357,106,0,0.343993
55021,97,G_rolling_coverage,10,10,10,3913.724,140,10,1,3026.724185,26,15,5,2411.6968133700357,106,0,0.431174
55021,97,I_ring_optimized,10,10,10,3149.686,136,10,1,2286.685574,23,15,6,2251.357383153247,104,0,0.446698
55021,97,J_ring7_1000,10,10,10,3299.548,142,10,1,2400.54797,28,19,4,2051.0971159339806,104,0,1.16209
55021,97,Jplus_final,10,10,10,3315.315,131,10,1,2482.314628,17,13,0,1984.0521565157323,104,0,0.174204
55021,98,C_region_q2,12,12,12,4733.423,148,12,1,3787.423471,13,0,0,nan,112,0,0.283006
55021,98,Cplus_completion_coobserve,12,12,12,4319.002,151,12,1,3356.001789,16,7,0,nan,112,0,0.154055
55021,98,F_coverage_integrated,12,12,12,4320.118,125,12,1,3515.118032,31,15,8,2295.2336291199963,83,0,0.557038
55021,98,G_rolling_coverage,12,12,12,3976.87,124,12,1,3176.870058,30,18,8,2295.2336291199963,83,0,0.591153
55021,98,I_ring_optimized,12,12,12,3833.672,126,12,1,3022.671896,33,21,8,2177.675696098381,83,0,0.577708
55021,98,J_ring7_1000,12,12,12,3760.489,142,12,1,2852.489343,41,25,8,2124.343303361626,90,0,1.868549
55021,98,Jplus_final,12,12,12,3588.87,124,12,1,2787.869575,23,18,0,1961.4865068645083,89,0,0.169606
55021,99,C_region_q2,16,16,16,4191.195,132,16,1,3320.194716,11,0,0,nan,77,0,0.420684
55021,99,Cplus_completion_coobserve,16,16,16,3689.651,137,16,1,2789.650524,16,10,0,nan,77,0,0.184835
55021,99,F_coverage_integrated,16,16,16,2901.688,84,16,1,2320.688388,47,30,4,1105.560447163098,21,0,0.920444
55021,99,G_rolling_coverage,16,16,16,2676.501,90,16,1,2063.500794,53,39,4,1105.560447163098,21,0,0.975785
55021,99,I_ring_optimized,16,16,16,2575.588,83,16,1,2004.588094,46,33,4,1019.5176331049322,21,0,0.814397
55021,99,J_ring7_1000,16,16,16,2818.189,88,16,1,2215.188982,46,32,8,1289.9616814315777,28,0,1.297629
55021,99,Jplus_final,16,16,16,2515.946,73,16,1,2004.946192,36,28,0,883.1441599427867,21,0,0.172448
55021,100,C_region_q2,11,11,11,4668.524,142,11,1,3764.524447,10,0,0,nan,106,0,0.18851
55021,100,Cplus_completion_coobserve,11,11,11,4154.969,143,11,1,3245.969355,11,3,0,nan,106,0,0.23901
55021,100,F_coverage_integrated,11,11,11,4174.508,121,11,1,3396.507799,33,19,8,2266.3782397125588,79,0,1.505118
55021,100,G_rolling_coverage,11,11,11,4172.601,121,11,1,3394.600842,33,20,8,2266.3782397125588,79,0,1.582073
55021,100,I_ring_optimized,11,11,11,3952.199,120,11,1,3179.199482,32,18,8,2111.67930789592,79,0,1.210245
55021,100,J_ring7_1000,11,11,11,3740.311,124,11,1,2945.311184,34,22,8,2113.9646847142544,79,0,0.96012
55021,100,Jplus_final,11,11,11,3811.465,116,11,1,3062.464962,17,15,0,1918.3209738821397,88,0,0.144947
55021,101,C_region_q2,10,10,10,4172.862,134,10,1,3319.861772,7,0,0,nan,100,0,0.256555
55021,101,Cplus_completion_coobserve,10,10,10,3912.384,136,10,1,3047.384484,9,5,0,nan,100,0,0.132718
55021,101,F_coverage_integrated,10,10,10,3404.992,112,10,1,2685.992438,25,17,7,2263.8894398888915,78,0,1.168569
55021,101,G_rolling_coverage,10,10,10,3404.992,112,10,1,2685.992438,25,17,7,2263.8894398888915,78,0,1.159304
55021,101,I_ring_optimized,10,10,10,3245.465,111,10,1,2532.464773,24,16,8,2135.389515485688,78,0,0.753249
55021,101,J_ring7_1000,10,10,10,3195.286,124,10,1,2404.286414,22,12,8,2127.3865106997737,94,0,1.242045
55021,101,Jplus_final,10,10,10,3105.096,119,10,1,2342.095848,17,16,0,1991.0524472379948,92,0,0.062377
55021,102,C_region_q2,14,14,14,5712.397,144,14,1,4785.397252,20,0,0,nan,92,0,0.461019
55021,102,Cplus_completion_coobserve,14,14,14,4933.912,148,14,1,3982.911584,24,10,0,nan,92,0,0.300396
55021,102,F_coverage_integrated,14,14,14,4070.046,103,14,1,3392.04636,33,11,8,2137.165705325594,57,0,0.783362
55021,102,G_rolling_coverage,14,14,14,4341.97,105,14,1,3652.969814,35,15,8,2137.165705325594,57,0,0.663594
55021,102,I_ring_optimized,14,14,14,3779.729,101,14,1,3107.729115,31,16,8,2037.6382587614094,57,0,0.689719
55021,102,J_ring7_1000,14,14,14,3768.728,121,14,1,2980.728293,34,22,8,2021.8732000446655,73,0,0.761001
55021,102,Jplus_final,14,14,14,3905.772,113,14,1,3161.771848,26,21,0,1882.598025930206,73,0,0.133601
55021,103,C_region_q2,16,16,16,5148.621,125,16,1,4324.62058,18,0,0,nan,72,0,0.468032
55021,103,Cplus_completion_coobserve,16,16,16,4246.389,125,16,1,3418.389455,18,9,0,nan,72,0,0.193882
55021,103,F_coverage_integrated,16,16,16,3804.714,94,16,1,3162.713556,41,26,8,1801.8632344588375,37,0,1.32
55021,103,G_rolling_coverage,16,16,16,3798.023,95,16,1,3151.022853,42,30,8,1801.8632344588375,37,0,1.276508
55021,103,I_ring_optimized,16,16,16,3746.936,91,16,1,3123.935639,38,27,8,1786.6905844734933,37,0,1.13931
55021,103,J_ring7_1000,16,16,16,3557.723,96,16,1,2905.722811,43,27,8,1575.5460166495604,39,0,1.308264
55021,103,Jplus_final,16,16,16,3664.047,91,16,1,3045.04665,30,25,0,1646.453340129065,45,0,0.233819
55021,104,C_region_q2,12,12,12,5255.861,149,12,1,4305.861442,14,0,0,nan,110,0,0.264459
55021,104,Cplus_completion_coobserve,12,12,12,4983.746,151,12,1,4021.746489,16,4,0,nan,110,0,0.138011
55021,104,F_coverage_integrated,12,12,12,4160.478,129,12,1,3335.47783,30,14,8,2356.3039044472503,89,0,1.057269
55021,104,G_rolling_coverage,12,12,12,4162.048,130,12,1,3332.048021,31,17,8,2356.3039044472503,89,0,1.045909
55021,104,I_ring_optimized,12,12,12,4117.487,128,12,1,3293.487015,29,17,8,2203.4303621515382,88,0,1.271304
55021,104,J_ring7_1000,12,12,12,4039.568,127,12,1,3224.567577,31,21,7,2086.7436576625655,85,0,0.816495
55021,104,Jplus_final,12,12,12,3780.721,125,12,1,2974.720917,26,23,0,1912.3209738821397,87,0,0.144384
55021,105,C_region_q2,16,16,16,5321.065,128,16,1,4476.065102,15,0,0,nan,83,0,0.394804
55021,105,Cplus_completion_coobserve,16,16,16,4294.749,137,16,1,3397.749466,24,10,0,nan,83,0,0.302974
55021,105,F_coverage_integrated,16,16,16,4483.666,107,16,1,3765.666285,34,19,8,2137.4824717032607,57,0,1.187702
55021,105,G_rolling_coverage,16,16,16,4474.449,107,16,1,3756.449101,34,22,8,2137.4824717032607,57,0,1.164365
55021,105,I_ring_optimized,16,16,16,4045.139,101,16,1,3361.139298,35,22,8,1748.8680972001441,50,0,1.264752
55021,105,J_ring7_1000,16,16,16,4332.786,115,16,1,3570.785817,39,22,5,1780.7117010265608,61,0,1.188116
55021,105,Jplus_final,16,16,16,3860.039,98,16,1,3197.038993,33,23,0,1536.7566734186278,49,0,0.281966
55021,106,C_region_q2,14,14,14,4503.117,135,14,1,3624.117343,10,0,0,nan,88,0,0.340631
55021,106,Cplus_completion_coobserve,14,14,14,4040.088,140,14,1,3134.087736,15,8,0,nan,88,0,0.146237
55021,106,F_coverage_integrated,14,14,14,4160.203,104,14,1,3469.203424,35,21,8,2118.315024031246,55,0,0.550736
55021,106,G_rolling_coverage,14,14,14,3725.714,105,14,1,3029.714299,36,24,8,2118.315024031246,55,0,0.479625
55021,106,I_ring_optimized,14,14,14,4066.038,108,14,1,3353.038048,40,25,8,2003.2508570775822,54,0,0.677227
55021,106,J_ring7_1000,14,14,14,3427.635,103,14,1,2744.634836,36,25,8,1933.5105816008602,53,0,0.761412
55021,106,Jplus_final,14,14,14,3425.225,101,14,1,2751.225228,27,25,0,1874.2658675230277,60,0,0.13021
55021,107,C_region_q2,14,14,14,4646.612,138,14,1,3750.611731,14,0,0,nan,91,0,0.332621
55021,107,Cplus_completion_coobserve,14,14,14,4178.744,143,14,1,3254.743639,19,10,0,nan,91,0,0.231008
55021,107,F_coverage_integrated,14,14,14,3351.224,106,14,1,2646.224101,35,25,8,2308.19512260569,58,0,0.407611
55021,107,G_rolling_coverage,14,14,14,3345.033,106,14,1,2640.03334,35,26,8,2308.19512260569,58,0,0.291885
55021,107,I_ring_optimized,14,14,14,3450.28,107,14,1,2742.279644,37,24,8,2193.2732166534825,57,0,0.664629
55021,107,J_ring7_1000,14,14,14,3450.598,111,14,1,2716.59827,37,29,8,2051.4327545668366,61,0,0.709607
55021,107,Jplus_final,14,14,14,3382.989,118,14,1,2610.989462,32,30,0,1911.4494061036175,72,0,0.081968
55021,108,C_region_q2,11,11,11,5320.55,145,11,1,4398.550131,12,0,0,nan,111,0,0.217595
55021,108,Cplus_completion_coobserve,11,11,11,4464.525,148,11,1,3524.524801,15,8,0,nan,111,0,0.146838
55021,108,F_coverage_integrated,11,11,11,3969.486,117,11,1,3214.485805,22,12,8,2349.428253250462,84,0,0.570173
55021,108,G_rolling_coverage,11,11,11,3969.486,117,11,1,3214.485805,22,12,8,2349.428253250462,84,0,0.612834
55021,108,I_ring_optimized,11,11,11,3793.752,114,11,1,3056.752332,19,9,8,2160.8277991603786,84,0,0.504313
55021,108,J_ring7_1000,11,11,11,3651.133,119,11,1,2885.13335,23,12,8,2032.0965579450094,85,0,1.028579
55021,108,Jplus_final,11,11,11,3615.558,119,11,1,2851.557637,23,17,0,1942.4142188711496,85,0,0.209333
55021,109,C_region_q2,12,12,12,4253.974,125,12,1,3444.974378,11,0,0,nan,81,0,0.331569
55021,109,Cplus_completion_coobserve,12,12,12,3662.866,128,12,1,2838.865644,14,7,0,nan,81,0,0.190055
55021,109,F_coverage_integrated,12,12,12,4088.677,112,12,1,3359.677294,39,25,8,2174.364746655636,62,0,0.70276
55021,109,G_rolling_coverage,12,12,12,3941.427,114,12,1,3202.42699,41,28,8,2174.364746655636,62,0,0.734973
55021,109,I_ring_optimized,12,12,12,3699.845,103,12,1,3024.844886,30,20,8,2013.734829613892,61,0,0.644139
55021,109,J_ring7_1000,12,12,12,3403.738,114,12,1,2662.738069,33,25,8,2056.877334321781,70,0,1.049184
55021,109,Jplus_final,12,12,12,3302.211,107,12,1,2603.210534,26,25,0,1858.3209738821397,69,0,0.117808
55021,110,C_region_q2,14,14,14,4668.633,132,14,1,3808.632699,12,0,0,nan,86,0,0.435684
55021,110,Cplus_completion_coobserve,14,14,14,4135.172,136,14,1,3251.171941,16,8,0,nan,86,0,0.262292
55021,110,F_coverage_integrated,14,14,14,4084.248,119,14,1,3303.247539,45,31,8,2296.6808046980887,60,0,1.009796
55021,110,G_rolling_coverage,14,14,14,4085.269,120,14,1,3299.26927,46,33,8,2296.6808046980887,60,0,1.020885
55021,110,I_ring_optimized,14,14,14,3804.159,111,14,1,3072.159084,37,26,7,2082.743918891925,60,0,1.366718
55021,110,J_ring7_1000,14,14,14,4238.376,122,14,1,3441.376496,45,29,8,1971.722863290455,64,0,0.857172
55021,110,Jplus_final,14,14,14,3711.446,109,14,1,2992.445997,32,25,0,1875.99725870054,63,0,0.209385
55021,111,C_region_q2,11,11,11,4899.387,142,11,1,3995.387027,11,0,0,nan,110,0,0.311416
55021,111,Cplus_completion_coobserve,11,11,11,4402.179,145,11,1,3479.17854,14,6,0,nan,110,0,0.195174
55021,111,F_coverage_integrated,11,11,11,4412.884,122,11,1,3629.884025,25,12,5,2295.2684440362787,86,0,0.820733
55021,111,G_rolling_coverage,11,11,11,4281.599,122,11,1,3497.59948,25,12,5,2295.2684440362787,86,0,0.828488
55021,111,I_ring_optimized,11,11,11,4415.739,126,11,1,3610.738651,29,14,4,2107.0102002413255,86,0,1.126837
55021,111,J_ring7_1000,11,11,11,4495.752,146,11,1,3572.751738,33,19,4,2119.1851529367477,104,0,1.109363
55021,111,Jplus_final,11,11,11,4007.757,131,11,1,3170.757007,21,15,0,2007.0165458169026,99,0,0.198585
55021,112,C_region_q2,14,14,14,4765.563,141,14,1,3851.563215,11,0,0,nan,99,0,0.310389
55021,112,Cplus_completion_coobserve,14,14,14,4416.222,143,14,1,3490.222067,13,5,0,nan,99,0,0.220735
55021,112,F_coverage_integrated,14,14,14,4309.647,108,14,1,3597.646712,32,17,7,2256.0594501120295,62,0,1.189682
55021,112,G_rolling_coverage,14,14,14,4307.474,109,14,1,3590.473752,33,20,7,2256.0594501120295,62,0,1.325242
55021,112,I_ring_optimized,14,14,14,3990.902,109,14,1,3272.902243,33,22,7,2122.995514504054,62,0,1.169555
55021,112,J_ring7_1000,14,14,14,4147.507,124,14,1,3339.506842,36,24,8,2111.8503990391932,74,0,1.673227
55021,112,Jplus_final,14,14,14,3882.952,114,14,1,3134.952207,26,22,0,1920.8824637392145,74,0,0.155746
55021,113,C_region_q2,15,15,15,5117.468,137,15,1,4222.467947,12,0,0,nan,92,0,0.444255
55021,113,Cplus_completion_coobserve,15,15,15,4959.78,147,15,1,4006.779814,22,10,0,nan,92,0,0.336933
55021,113,F_coverage_integrated,15,15,15,4516.077,123,15,1,3708.076783,44,26,8,2283.998413655537,65,0,0.966722
55021,113,G_rolling_coverage,15,15,15,4525.851,123,15,1,3718.850651,44,27,8,2283.998413655537,65,0,0.940783
55021,113,I_ring_optimized,15,15,15,4284.095,117,15,1,3513.094908,38,22,8,2160.8446363322564,65,0,0.989049
55021,113,J_ring7_1000,15,15,15,4225.029,120,15,1,3438.029119,33,18,8,2000.9192574679264,73,0,0.735505
55021,113,Jplus_final,15,15,15,4043.007,112,15,1,3299.007197,25,20,0,1859.5480413385726,72,0,0.151942
55021,114,C_region_q2,15,15,15,5126.46,142,15,1,4202.459807,14,0,0,nan,92,0,0.441198
55021,114,Cplus_completion_coobserve,15,15,15,4656.265,147,15,1,3705.26463,19,6,0,nan,92,0,0.457056
55021,114,F_coverage_integrated,15,15,15,4219.984,118,15,1,3438.983501,40,24,8,2204.808512072299,63,0,0.676662
55021,114,G_rolling_coverage,15,15,15,4026.19,115,15,1,3266.190186,37,25,8,2204.808512072299,63,0,0.608127
55021,114,I_ring_optimized,15,15,15,3969.889,115,15,1,3207.888575,38,24,8,2134.2261706569802,62,0,0.670874
55021,114,J_ring7_1000,15,15,15,3569.277,120,15,1,2778.277488,35,25,8,2052.512123639847,70,0,0.919778
55021,114,Jplus_final,15,15,15,3612.756,112,15,1,2869.756433,27,25,0,1968.4392699693433,70,0,0.127755
55021,115,C_region_q2,11,11,11,4591.699,140,11,1,3698.698829,10,0,0,nan,105,0,0.262685
55021,115,Cplus_completion_coobserve,11,11,11,4073.376,142,11,1,3169.375655,12,5,0,nan,105,0,0.180087
55021,115,F_coverage_integrated,11,11,11,4549.674,123,11,1,3760.674375,30,17,6,2239.4474002414972,84,0,0.934187
55021,115,G_rolling_coverage,11,11,11,4165.699,121,11,1,3388.698932,28,17,6,2239.4474002414972,84,0,1.067761
55021,115,I_ring_optimized,11,11,11,3981.496,124,11,1,3187.496146,31,20,8,2107.9887040310414,84,0,0.921337
55021,115,J_ring7_1000,11,11,11,3883.342,134,11,1,3029.341958,31,19,8,2089.6809187828744,92,0,1.025011
55021,115,Jplus_final,11,11,11,3808.287,126,11,1,3000.287352,23,18,0,1946.035672536484,92,0,0.182996
55021,116,C_region_q2,14,14,14,5171.434,153,14,1,4185.4343,14,0,0,nan,114,0,0.461977
55021,116,Cplus_completion_coobserve,14,14,14,4728.27,157,14,1,3720.270262,18,7,0,nan,115,0,0.33679
55021,116,F_coverage_integrated,14,14,14,4694.307,134,14,1,3825.3073,41,23,6,2230.294985415656,79,0,1.7915
55021,116,G_rolling_coverage,14,14,14,4546.689,123,14,1,3742.688714,30,19,6,2230.294985415656,79,0,1.659553
55021,116,I_ring_optimized,14,14,14,4397.99,126,14,1,3576.989935,33,18,8,2106.6166112546734,79,0,0.781097
55021,116,J_ring7_1000,14,14,14,4303.756,142,14,1,3385.755904,33,21,2,1994.9156941763665,95,0,0.921022
55021,116,Jplus_final,14,14,14,4336.753,144,14,1,3407.752889,35,25,0,1985.837152535267,95,0,0.282111
55021,117,C_region_q2,12,12,12,4744.562,135,12,1,3875.562475,9,0,0,nan,98,0,0.220346
55021,117,Cplus_completion_coobserve,12,12,12,4287.601,141,12,1,3385.600613,15,6,0,nan,98,0,0.151337
55021,117,F_coverage_integrated,12,12,12,3573.361,108,12,1,2868.36075,26,14,7,2206.0659629770603,70,0,0.952603
55021,117,G_rolling_coverage,12,12,12,3579.361,109,12,1,2868.36075,27,15,7,2206.0659629770603,70,0,0.962027
55021,117,I_ring_optimized,12,12,12,3747.51,107,12,1,3048.509585,25,15,7,2054.382299332333,70,0,0.717296
55021,117,J_ring7_1000,12,12,12,3659.754,123,12,1,2867.754158,29,19,8,2070.1830831220996,82,0,0.682843
55021,117,Jplus_final,12,12,12,3526.329,118,12,1,2762.328992,24,22,0,1906.3209738821397,82,0,0.162877
55021,118,C_region_q2,12,12,12,5250.149,143,12,1,4336.149332,13,0,0,nan,101,0,0.470872
55021,118,Cplus_completion_coobserve,12,12,12,4143.005,144,12,1,3222.004899,14,7,0,nan,101,0,0.27793
55021,118,F_coverage_integrated,12,12,12,4317.782,124,12,1,3517.781825,38,21,8,2302.1206504177085,75,0,0.817442
55021,118,G_rolling_coverage,12,12,12,4302.196,124,12,1,3502.195903,38,22,8,2302.1206504177085,75,0,0.798835
55021,118,I_ring_optimized,12,12,12,3848.336,121,12,1,3065.336141,35,21,8,2204.4347272038303,75,0,0.751071
55021,118,J_ring7_1000,12,12,12,3864.421,123,12,1,3071.421148,27,15,8,2032.6103773502937,84,0,0.435472
55021,118,Jplus_final,12,12,12,3785.614,120,12,1,3009.613565,24,20,0,1918.3209738821397,84,0,0.190601
55021,119,C_region_q2,10,10,10,4508.811,141,10,1,3614.810914,10,0,0,nan,110,0,0.309368
55021,119,Cplus_completion_coobserve,10,10,10,4181.56,148,10,1,3244.560133,17,8,0,nan,110,0,0.244575
55021,119,F_coverage_integrated,10,10,10,4168.439,125,10,1,3371.438846,26,15,4,2234.855277323435,90,0,0.564818
55021,119,G_rolling_coverage,10,10,10,4153.592,128,10,1,3340.592376,29,18,4,2234.855277323435,90,0,0.518366
55021,119,I_ring_optimized,10,10,10,3907.762,119,10,1,3145.76219,20,12,5,2199.9408335773533,91,0,0.742665
55021,119,J_ring7_1000,10,10,10,3865.11,136,10,1,3004.110322,25,14,3,2098.0564614692644,101,0,0.579359
55021,119,Jplus_final,10,10,10,3997.825,130,10,1,3175.825234,20,13,0,1942.3209738821397,100,0,0.223565
55021,120,C_region_q2,14,14,14,4439.217,136,14,1,3554.216664,11,0,0,nan,93,0,0.414933
55021,120,Cplus_completion_coobserve,14,14,14,3932.37,139,14,1,3030.369589,14,8,0,nan,93,0,0.188188
55021,120,F_coverage_integrated,14,14,14,3554.39,103,14,1,2868.390277,32,20,8,2205.9379251686278,58,0,1.110699
55021,120,G_rolling_coverage,14,14,14,3546.094,104,14,1,2854.093709,33,22,8,2205.9379251686278,58,0,1.11569
55021,120,I_ring_optimized,14,14,14,3644.787,100,14,1,2978.787495,29,18,8,2041.6248860519618,58,0,0.808106
55021,120,J_ring7_1000,14,14,14,3712.162,113,14,1,2968.162487,35,23,8,2018.9346238882715,64,0,1.279175
55021,120,Jplus_final,14,14,14,3645.44,107,14,1,2939.44022,29,24,0,1868.3256750288986,64,0,0.124757
55021,121,C_region_q2,10,10,10,4063.761,138,10,1,3186.761067,7,0,0,nan,105,0,0.201392
55021,121,Cplus_completion_coobserve,10,10,10,3577.005,142,10,1,2678.00497,11,4,0,nan,105,0,0.13632
55021,121,F_coverage_integrated,10,10,10,3385.398,114,10,1,2653.398348,23,14,7,2305.12907052291,82,0,0.756345
55021,121,G_rolling_coverage,10,10,10,3385.398,114,10,1,2653.398348,23,14,7,2305.12907052291,82,0,0.626322
55021,121,I_ring_optimized,10,10,10,3295.512,118,10,1,2542.511501,27,16,8,2187.223064392335,82,0,0.666983
55021,121,J_ring7_1000,10,10,10,3073.275,128,10,1,2256.274929,27,17,8,2108.2516996461336,93,0,1.130686
55021,121,Jplus_final,10,10,10,3056.313,121,10,1,2282.313141,20,19,0,1956.8773074773242,91,0,0.110069
55021,122,C_region_q2,11,11,11,4832.599,141,11,1,3932.599252,10,0,0,nan,108,0,0.33055
55021,122,Cplus_completion_coobserve,11,11,11,4267.826,143,11,1,3356.825786,12,5,0,nan,108,0,0.237877
55021,122,F_coverage_integrated,11,11,11,3996.608,119,11,1,3231.607815,25,12,8,2425.7034444198034,83,0,0.714197
55021,122,G_rolling_coverage,11,11,11,3996.985,120,11,1,3226.98485,26,14,8,2425.7034444198034,83,0,0.605897
55021,122,I_ring_optimized,11,11,11,3854.463,118,11,1,3094.462536,24,12,8,2282.083334059755,84,0,1.021389
55021,122,J_ring7_1000,11,11,11,4001.378,127,11,1,3190.378303,23,13,6,2132.0267149309743,93,0,0.820754
55021,122,Jplus_final,11,11,11,3893.367,124,11,1,3100.367315,20,15,0,2008.8433094659702,93,0,0.115106
55021,123,C_region_q2,16,16,16,4927.735,116,16,1,4154.735226,16,0,0,nan,60,0,0.574216
55021,123,Cplus_completion_coobserve,16,16,16,4091.897,126,16,1,3260.896619,26,15,0,nan,60,0,0.314503
55021,123,F_coverage_integrated,16,16,16,4371.105,94,16,1,3729.105478,40,24,8,1911.6899309450193,38,0,0.997525
55021,123,G_rolling_coverage,16,16,16,4335.045,97,16,1,3678.045,43,27,8,1911.6899309450193,38,0,0.976858
55021,123,I_ring_optimized,16,16,16,4127.656,96,16,1,3475.656117,42,29,8,1837.4754961715844,38,0,0.822542
55021,123,J_ring7_1000,16,16,16,3632.998,100,16,1,2958.998218,44,27,8,1583.1282247997087,40,0,1.265894
55021,123,Jplus_final,16,16,16,3663.702,92,16,1,3039.70242,36,28,0,1331.2139825880931,40,0,0.243045
55021,124,C_region_q2,12,12,12,4698.694,133,12,1,3842.694152,12,0,0,nan,93,0,0.293595
55021,124,Cplus_completion_coobserve,12,12,12,4158.28,140,12,1,3263.28038,19,9,0,nan,93,0,0.331588
55021,124,F_coverage_integrated,12,12,12,4003.594,115,12,1,3255.594067,32,22,8,2373.2259701193816,72,0,0.621556
55021,124,G_rolling_coverage,12,12,12,4007.73,117,12,1,3248.729979,34,25,8,2373.2259701193816,72,0,0.557097
55021,124,I_ring_optimized,12,12,12,3966.009,114,12,1,3226.008601,33,23,6,2019.6129431626998,70,0,0.849742
55021,124,J_ring7_1000,12,12,12,4073.991,131,12,1,3234.990962,31,22,3,2029.5976050822196,88,0,0.988499
55021,124,Jplus_final,12,12,12,3822.214,118,12,1,3059.213588,24,20,0,1894.3209738821395,82,0,0.199973
55021,125,C_region_q2,15,15,15,5425.376,142,15,1,4499.37628,14,0,0,nan,93,0,0.438548
55021,125,Cplus_completion_coobserve,15,15,15,4660.819,148,15,1,3702.818527,20,9,0,nan,93,0,0.236656
55021,125,F_coverage_integrated,15,15,15,4178.542,107,15,1,3468.541959,38,22,6,2112.2505040603114,54,0,1.668779
55021,125,G_rolling_coverage,15,15,15,4149.734,107,15,1,3439.734026,38,25,6,2112.2505040603114,54,0,1.689411
55021,125,I_ring_optimized,15,15,15,4011.834,103,15,1,3326.83411,34,20,8,2027.7998851197028,54,0,1.591857
55021,125,J_ring7_1000,15,15,15,3961.013,119,15,1,3176.012964,33,20,8,2097.689508511462,71,0,1.513939
55021,125,Jplus_final,15,15,15,4002.852,119,15,1,3219.852088,33,27,0,1922.9392866355693,71,0,0.163675
55021,126,C_region_q2,13,13,13,4979.151,133,13,1,4118.151029,11,0,0,nan,88,0,0.327266
55021,126,Cplus_completion_coobserve,13,13,13,4704.194,135,13,1,3831.193655,13,6,0,nan,88,0,0.171157
55021,126,F_coverage_integrated,13,13,13,4131.08,111,13,1,3403.08007,33,23,8,2236.781698135637,65,0,1.205848
55021,126,G_rolling_coverage,13,13,13,4130.694,111,13,1,3402.693568,33,24,8,2236.781698135637,65,0,1.115299
55021,126,I_ring_optimized,13,13,13,4071.999,116,13,1,3314.999337,38,25,8,2116.572987442387,65,0,1.390299
55021,126,J_ring7_1000,13,13,13,4197.161,115,13,1,3450.160851,35,18,8,2014.0463947312076,68,0,1.106314
55021,126,Jplus_final,13,13,13,3887.085,107,13,1,3185.085195,27,20,0,1886.2579739461073,67,0,0.145822
55021,127,C_region_q2,12,12,12,5048.982,143,12,1,4132.982338,10,0,0,nan,108,0,0.259822
55021,127,Cplus_completion_coobserve,12,12,12,4272.12,144,12,1,3350.120183,11,3,0,nan,108,0,0.180407
55021,127,F_coverage_integrated,12,12,12,4124.265,121,12,1,3342.265392,30,14,8,2275.858401773359,79,0,1.596294
55021,127,G_rolling_coverage,12,12,12,4134.23,121,12,1,3352.230069,30,17,8,2275.858401773359,79,0,1.538249
55021,127,I_ring_optimized,12,12,12,3888.536,119,12,1,3117.535955,28,15,8,2163.205453152816,79,0,1.430767
55021,127,J_ring7_1000,12,12,12,3805.029,126,12,1,2995.029454,31,18,8,2102.204537277601,84,0,1.160901
55021,127,Jplus_final,12,12,12,3680.953,114,12,1,2939.952756,19,15,0,1929.3866227466153,83,0,0.131778
55021,128,C_region_q2,10,10,10,4583.138,131,10,1,3749.138131,7,0,0,nan,100,0,0.152227
55021,128,Cplus_completion_coobserve,10,10,10,4336.428,133,10,1,3492.427899,9,2,0,nan,100,0,0.130885
55021,128,F_coverage_integrated,10,10,10,4169.748,119,10,1,3407.747768,24,13,5,2218.0076266310066,85,0,0.755315
55021,128,G_rolling_coverage,10,10,10,4304.028,120,10,1,3536.028319,25,14,5,2218.0076266310066,85,0,0.696539
55021,128,I_ring_optimized,10,10,10,3599.036,119,10,1,2839.03587,24,14,6,2152.8984658416025,85,0,0.742067
55021,128,J_ring7_1000,10,10,10,3452.044,134,10,1,2600.044131,27,17,8,2084.878667402656,98,0,0.959766
55021,128,Jplus_final,10,10,10,3325.188,119,10,1,2563.187738,16,14,0,1941.8667749438398,93,0,0.109106
55021,129,C_region_q2,13,13,13,4766.306,138,13,1,3874.305728,11,0,0,nan,96,0,0.337414
55021,129,Cplus_completion_coobserve,13,13,13,4420.202,144,13,1,3496.202281,17,7,0,nan,96,0,0.211439
55021,129,F_coverage_integrated,13,13,13,4083.732,108,13,1,3372.73176,28,16,7,2229.5026644427066,67,0,0.985308
55021,129,G_rolling_coverage,13,13,13,4107.192,110,13,1,3386.192148,30,18,7,2229.5026644427066,67,0,0.880546
55021,129,I_ring_optimized,13,13,13,4052.664,113,13,1,3313.664486,33,20,8,2157.496620833682,67,0,0.959642
55021,129,J_ring7_1000,13,13,13,4219.095,121,13,1,3436.095093,36,19,8,1994.7901358960419,74,0,0.947705
55021,129,Jplus_final,13,13,13,3945.789,114,13,1,3203.789045,28,21,0,1901.2784617757525,73,0,0.239448
55021,130,C_region_q2,16,16,16,5226.869,140,16,1,4310.869062,14,0,0,nan,89,0,0.285441
55021,130,Cplus_completion_coobserve,16,16,16,4630.634,144,16,1,3694.633655,18,6,0,nan,89,0,0.247677
55021,130,F_coverage_integrated,16,16,16,4581.569,105,16,1,3876.568748,43,25,8,2126.6362156211558,47,0,0.98345
55021,130,G_rolling_coverage,16,16,16,4357.674,106,16,1,3648.673973,44,29,8,2126.6362156211558,48,0,0.980411
55021,130,I_ring_optimized,16,16,16,4115.449,108,16,1,3391.449259,46,32,8,1995.8821265649954,47,0,1.015722
55021,130,J_ring7_1000,16,16,16,3368.4,97,16,1,2711.400117,39,26,8,1594.3823492950255,43,0,0.944447
55021,130,Jplus_final,16,16,16,3381.575,87,16,1,2785.575142,29,24,0,1350.4099876972136,42,0,0.166814
55021,131,C_region_q2,14,14,14,5371.192,144,14,1,4441.191694,15,0,0,nan,100,0,0.402907
55021,131,Cplus_completion_coobserve,14,14,14,4777.46,148,14,1,3821.459983,19,9,0,nan,100,0,0.26093
55021,131,F_coverage_integrated,14,14,14,4002.413,101,14,1,3328.41328,28,18,6,2139.2093669653295,59,0,1.197382
55021,131,G_rolling_coverage,14,14,14,4014.858,103,14,1,3328.858107,30,20,6,2139.2093669653295,59,0,1.145542
55021,131,I_ring_optimized,14,14,14,3938.291,112,14,1,3202.290939,39,29,7,2064.7724007448082,59,0,1.608007
55021,131,J_ring7_1000,14,14,14,3910.072,117,14,1,3142.071918,35,25,6,2059.780489017374,68,0,1.95742
55021,131,Jplus_final,14,14,14,3870.31,114,14,1,3126.310161,32,25,0,1834.5552880537837,68,0,0.258926
55021,132,C_region_q2,14,14,14,5259.485,147,14,1,4308.485405,14,0,0,nan,107,0,0.328901
55021,132,Cplus_completion_coobserve,14,14,14,4408.041,151,14,1,3435.040959,18,8,0,nan,107,0,0.275536
55021,132,F_coverage_integrated,14,14,14,4506.847,136,14,1,3623.846779,41,25,8,2423.904346855436,81,0,1.350506
55021,132,G_rolling_coverage,14,14,14,4512.671,137,14,1,3624.670512,42,27,8,2423.904346855436,81,0,1.316705
55021,132,I_ring_optimized,14,14,14,4234.845,129,14,1,3393.844599,34,26,5,2172.126080848853,81,0,0.849832
55021,132,J_ring7_1000,14,14,14,3987.07,126,14,1,3170.07049,39,25,8,1977.7775734690729,74,0,1.267596
55021,132,Jplus_final,14,14,14,3872.09,117,14,1,3105.090063,30,25,0,1846.3209738821397,73,0,0.221993
55021,133,C_region_q2,15,15,15,4950.152,149,15,1,3983.151997,14,0,0,nan,105,0,0.453501
55021,133,Cplus_completion_coobserve,15,15,15,4342.7,153,15,1,3351.699586,18,9,0,nan,105,0,0.259662
55021,133,F_coverage_integrated,15,15,15,4621.665,128,15,1,3784.665177,38,21,8,2261.3811203782034,76,0,0.855064
55021,133,G_rolling_coverage,15,15,15,4603.001,128,15,1,3766.001153,38,24,8,2261.3811203782034,76,0,0.593384
55021,133,I_ring_optimized,15,15,15,4058.902,122,15,1,3262.901714,37,25,6,2021.6151398864613,71,0,1.000122
55021,133,J_ring7_1000,15,15,15,4080.214,129,15,1,3239.214326,36,21,8,2164.6806449897417,80,0,1.136234
55021,133,Jplus_final,15,15,15,3889.743,131,15,1,3032.743023,35,29,0,1991.2714744531938,81,0,0.187581
55021,134,C_region_q2,13,13,13,4769.422,143,13,1,3847.421805,12,0,0,nan,101,0,0.42478
55021,134,Cplus_completion_coobserve,13,13,13,4067.441,146,13,1,3128.440533,15,8,0,nan,101,0,0.203345
55021,134,F_coverage_integrated,13,13,13,3980.092,105,13,1,3287.091663,28,18,6,2150.1397639857596,64,0,1.315818
55021,134,G_rolling_coverage,13,13,13,3984.119,106,13,1,3286.118755,29,20,6,2150.1397639857596,64,0,1.353126
55021,134,I_ring_optimized,13,13,13,3749.743,112,13,1,3016.742988,28,17,8,2141.1697436462846,72,0,0.378733
55021,134,J_ring7_1000,13,13,13,3793.011,130,13,1,2952.010773,37,24,8,1993.3443231674673,80,0,0.768378
55021,134,Jplus_final,13,13,13,3675.758,120,13,1,2895.757508,27,23,0,1897.6907262663144,80,0,0.160117
55021,135,C_region_q2,15,15,15,5124.052,138,15,1,4223.052146,12,0,0,nan,92,0,0.304479
55021,135,Cplus_completion_coobserve,15,15,15,4536.654,144,15,1,3601.654051,18,10,0,nan,92,0,0.11892
55021,135,F_coverage_integrated,15,15,15,4318.445,113,15,1,3568.445349,37,18,8,2173.163137109377,61,0,1.000319
55021,135,G_rolling_coverage,15,15,15,4275.055,112,15,1,3532.055041,36,20,8,2173.163137109377,61,0,0.897602
55021,135,I_ring_optimized,15,15,15,4207.35,111,15,1,3470.349622,40,26,8,1992.4008795984362,57,0,0.523821
55021,135,J_ring7_1000,15,15,15,4252.209,125,15,1,3433.208514,42,26,8,2106.0008305379583,68,0,1.11046
55021,135,Jplus_final,15,15,15,4001.997,116,15,1,3234.996995,33,27,0,1883.1658175259452,68,0,0.22219
55021,136,C_region_q2,15,15,15,5047.447,137,15,1,4153.446827,17,0,0,nan,82,0,0.538567
55021,136,Cplus_completion_coobserve,15,15,15,4322.58,142,15,1,3398.579792,22,11,0,nan,82,0,0.268574
55021,136,F_coverage_integrated,15,15,15,4223.764,115,15,1,3465.763683,44,22,8,2075.9916118592264,56,0,1.03448
55021,136,G_rolling_coverage,15,15,15,4416.93,120,15,1,3634.929794,49,31,8,2075.9916118592264,56,0,0.842528
55021,136,I_ring_optimized,15,15,15,4335.903,116,15,1,3569.902793,45,25,8,1950.0097446987916,56,0,0.948201
55021,136,J_ring7_1000,15,15,15,4315.617,108,15,1,3597.616892,38,21,8,1897.7414251263992,57,0,1.436522
55021,136,Jplus_final,15,15,15,3847.163,98,15,1,3187.162524,28,23,0,1825.5922847502768,55,0,0.186603
55021,137,C_region_q2,13,13,13,5467.729,154,13,1,4483.7291,17,0,0,nan,110,0,0.469705
55021,137,Cplus_completion_coobserve,13,13,13,4611.472,156,13,1,3613.47195,19,10,0,nan,110,0,0.224538
55021,137,F_coverage_integrated,13,13,13,3632.585,106,13,1,2934.585144,28,17,8,2233.4815536790047,66,0,0.912462
55021,137,G_rolling_coverage,13,13,13,3640.409,108,13,1,2932.409445,30,21,8,2233.4815536790047,66,0,0.862017
55021,137,I_ring_optimized,13,13,13,3410.642,111,13,1,2683.64194,33,21,8,2084.5835811716497,67,0,1.693378
55021,137,J_ring7_1000,13,13,13,3500.002,128,13,1,2674.00226,36,25,8,2074.49945344774,79,0,1.216151
55021,137,Jplus_final,13,13,13,3330.522,123,13,1,2529.522088,31,30,0,1899.323049143518,79,0,0.111196
55021,138,C_region_q2,12,12,12,4902.669,136,12,1,4030.668753,12,0,0,nan,96,0,0.236217
55021,138,Cplus_completion_coobserve,12,12,12,4399.58,137,12,1,3521.580437,13,3,0,nan,96,0,0.181211
55021,138,F_coverage_integrated,12,12,12,4187.641,113,12,1,3456.64145,31,12,8,2258.3021670547655,71,0,0.495601
55021,138,G_rolling_coverage,12,12,12,4186.592,113,12,1,3455.592083,31,13,8,2258.3021670547655,71,0,0.453266
55021,138,I_ring_optimized,12,12,12,4133.791,116,12,1,3385.791063,33,15,8,2107.0080835121435,72,0,0.440306
55021,138,J_ring7_1000,12,12,12,3674.82,123,12,1,2880.82021,33,20,8,2081.997395660034,79,0,1.319404
55021,138,Jplus_final,12,12,12,3526.044,109,12,1,2815.043682,19,15,0,1881.5743433362327,78,0,0.139558
55021,139,C_region_q2,11,11,11,4498.501,144,11,1,3580.500787,9,0,0,nan,117,0,0.190429
55021,139,Cplus_completion_coobserve,11,11,11,3804.261,151,11,1,2847.261037,16,8,0,nan,117,0,0.201325
55021,139,F_coverage_integrated,11,11,11,3511.407,124,11,1,2714.406967,20,11,3,2225.693818411798,94,0,0.2841
55021,139,G_rolling_coverage,11,11,11,3525.942,127,11,1,2709.942014,23,15,3,2225.693818411798,94,0,0.322567
55021,139,I_ring_optimized,11,11,11,3853.261,123,11,1,3071.260852,29,13,4,2101.754860182603,84,0,0.487919
55021,139,J_ring7_1000,11,11,11,3342.515,138,11,1,2466.515164,28,19,5,2067.176137961441,99,0,1.146147
55021,139,Jplus_final,11,11,11,3260.812,132,11,1,2417.812285,22,19,0,2005.3964869537174,99,0,0.090868
55021,140,C_region_q2,10,10,10,4432.148,145,10,1,3513.147847,8,0,0,nan,113,0,0.261675
55021,140,Cplus_completion_coobserve,10,10,10,4074.463,147,10,1,3145.462514,10,3,0,nan,113,0,0.118853
55021,140,F_coverage_integrated,10,10,10,3939.998,115,10,1,3205.998321,23,11,7,2286.5826787594797,83,0,0.664498
55021,140,G_rolling_coverage,10,10,10,3937.896,116,10,1,3198.895527,24,13,7,2286.5826787594797,83,0,0.731399
55021,140,I_ring_optimized,10,10,10,3763.629,112,10,1,3045.628747,20,9,8,2127.777566073303,82,0,0.389737
55021,140,J_ring7_1000,10,10,10,3710.125,130,10,1,2885.12492,25,16,7,2111.7470981491006,95,0,1.276811
55021,140,Jplus_final,10,10,10,3649.549,125,10,1,2852.548929,20,16,0,1991.1788021786892,95,0,0.168557
55021,141,C_region_q2,12,12,12,4838.003,137,12,1,3957.00254,11,0,0,nan,99,0,0.334631
55021,141,Cplus_completion_coobserve,12,12,12,4169.085,138,12,1,3282.085146,12,5,0,nan,99,0,0.195579
55021,141,F_coverage_integrated,12,12,12,4087.046,119,12,1,3314.045559,30,18,8,2226.708314275068,78,0,0.69077
55021,141,G_rolling_coverage,12,12,12,4058.271,121,12,1,3273.270762,32,19,8,2226.708314275068,78,0,0.766399
55021,141,I_ring_optimized,12,12,12,3892.051,119,12,1,3121.050561,31,20,7,2085.594254367976,77,0,0.91165
55021,141,J_ring7_1000,12,12,12,4338.186,131,12,1,3497.186008,37,22,8,2169.8489195320494,83,0,0.816384
55021,141,Jplus_final,12,12,12,3791.666,124,12,1,2992.666444,29,24,0,1974.5484469247617,83,0,0.174656
55021,142,C_region_q2,10,10,10,4353.076,129,10,1,3531.07641,10,0,0,nan,94,0,0.271703
55021,142,Cplus_completion_coobserve,10,10,10,4047.011,129,10,1,3224.011318,10,5,0,nan,94,0,0.095178
55021,142,F_coverage_integrated,10,10,10,3495.832,114,10,1,2765.832403,22,11,8,2249.4774993196565,82,0,0.4518
55021,142,G_rolling_coverage,10,10,10,3448.881,116,10,1,2708.881215,24,13,8,2249.4774993196565,82,0,0.425559
55021,142,I_ring_optimized,10,10,10,3395.178,115,10,1,2659.178294,23,13,8,2143.3409808693814,83,0,0.389852
55021,142,J_ring7_1000,10,10,10,3280.646,121,10,1,2508.645687,21,13,7,2132.7926279817098,90,0,0.641226
55021,142,Jplus_final,10,10,10,3407.455,117,10,1,2656.455118,15,14,0,1935.7532379445909,92,0,0.082084
55021,143,C_region_q2,16,16,16,5684.374,132,16,1,4815.373804,16,0,0,nan,80,0,0.539785
55021,143,Cplus_completion_coobserve,16,16,16,4793.986,139,16,1,3885.985882,23,12,0,nan,80,0,0.251833
55021,143,F_coverage_integrated,16,16,16,4794.699,108,16,1,4075.698788,41,18,8,1798.535802522059,51,0,0.693153
55021,143,G_rolling_coverage,16,16,16,4482.021,113,16,1,3740.021198,46,26,8,1798.535802522059,51,0,0.547805
55021,143,I_ring_optimized,16,16,16,4387.177,113,16,1,3643.176913,46,27,8,1704.5371538708175,51,0,0.7398
55021,143,J_ring7_1000,16,16,16,4106.633,109,16,1,3376.633093,35,22,8,1870.2993702405718,59,0,1.159291
55021,143,Jplus_final,16,16,16,4281.959,109,16,1,3555.95864,33,24,0,1810.990126290686,60,0,0.304213
55021,144,C_region_q2,11,11,11,4188.807,135,11,1,3324.807496,8,0,0,nan,100,0,0.262974
55021,144,Cplus_completion_coobserve,11,11,11,3779.781,136,11,1,2910.781298,9,5,0,nan,100,0,0.090404
55021,144,F_coverage_integrated,11,11,11,3642.966,116,11,1,2892.965617,32,20,8,2337.551320841689,74,0,0.803107
55021,144,G_rolling_coverage,11,11,11,3639.262,116,11,1,2889.262008,32,21,8,2337.551320841689,74,0,0.829044
55021,144,I_ring_optimized,11,11,11,3367.748,108,11,1,2667.747882,24,16,8,2180.170626531791,73,0,0.87866
55021,144,J_ring7_1000,11,11,11,3281.969,123,11,1,2490.968859,29,20,7,2104.499663213691,83,0,1.547257
55021,144,Jplus_final,11,11,11,3140.733,113,11,1,2410.733031,19,16,0,1925.8111719024896,83,0,0.114492
55021,145,C_region_q2,15,15,15,4751.159,137,15,1,3856.158723,13,0,0,nan,90,0,0.401001
55021,145,Cplus_completion_coobserve,15,15,15,4374.439,142,15,1,3448.438962,18,10,0,nan,90,0,0.231081
55021,145,F_coverage_integrated,15,15,15,4032.26,109,15,1,3305.260101,39,26,8,2197.96133149459,55,0,0.93591
55021,145,G_rolling_coverage,15,15,15,4024.903,108,15,1,3304.902586,38,26,8,2197.96133149459,55,0,0.973728
55021,145,I_ring_optimized,15,15,15,3923.702,106,15,1,3216.70206,36,24,8,2100.74981441832,55,0,1.231797
55021,145,J_ring7_1000,15,15,15,4007.221,113,15,1,3258.22091,36,23,8,2035.3259460519525,62,0,0.883081
55021,145,Jplus_final,15,15,15,3801.34,104,15,1,3105.339695,27,24,0,1912.174001872916,62,0,0.157267
55021,146,C_region_q2,15,15,15,4959.088,136,15,1,4071.088355,15,0,0,nan,83,0,0.511124
55021,146,Cplus_completion_coobserve,15,15,15,4393.808,140,15,1,3481.807991,19,8,0,nan,83,0,0.263819
55021,146,F_coverage_integrated,15,15,15,4192.082,108,15,1,3473.081939,37,19,8,2211.5974482677657,56,0,0.815254
55021,146,G_rolling_coverage,15,15,15,4222.928,112,15,1,3483.927639,41,25,8,2211.5974482677657,56,0,0.830373
55021,146,I_ring_optimized,15,15,15,4032.037,96,15,1,3386.036993,34,22,8,2088.046382225422,47,0,0.751547
55021,146,J_ring7_1000,15,15,15,3885.569,112,15,1,3141.569238,36,25,8,2008.0754940436566,62,0,1.329466
55021,146,Jplus_final,15,15,15,3783.475,102,15,1,3098.474784,26,21,0,1864.5903049912174,61,0,0.233518
55021,147,C_region_q2,11,11,11,4282.196,135,11,1,3419.195536,10,0,0,nan,96,0,0.442302
55021,147,Cplus_completion_coobserve,11,11,11,3975.439,135,11,1,3112.4389,10,4,0,nan,96,0,0.207212
55021,147,F_coverage_integrated,11,11,11,3843.205,113,11,1,3114.204937,25,10,8,2219.445368968658,77,0,0.633539
55021,147,G_rolling_coverage,11,11,11,3841.508,113,11,1,3112.508112,25,12,8,2219.445368968658,77,0,0.581583
55021,147,I_ring_optimized,11,11,11,3722.973,113,11,1,2993.973127,25,12,8,2121.0946854541617,77,0,0.406236
55021,147,J_ring7_1000,11,11,11,3525.126,124,11,1,2728.126425,32,21,8,2058.558754080753,82,0,1.572113
55021,147,Jplus_final,11,11,11,3401.149,111,11,1,2682.148504,19,17,0,1987.7394350918596,81,0,0.073577
55021,148,C_region_q2,12,12,12,5075.042,140,12,1,4178.042374,11,0,0,nan,102,0,0.219815
55021,148,Cplus_completion_coobserve,12,12,12,4388.283,144,12,1,3470.28282,15,3,0,nan,102,0,0.307751
55021,148,F_coverage_integrated,12,12,12,4098.244,115,12,1,3351.244362,27,15,8,2392.486229395008,77,0,0.902368
55021,148,G_rolling_coverage,12,12,12,4098.244,115,12,1,3351.244362,27,15,8,2392.486229395008,77,0,0.897034
55021,148,I_ring_optimized,12,12,12,4374.467,123,12,1,3585.467086,35,18,8,2194.5590591567848,79,0,1.083252
55021,148,J_ring7_1000,12,12,12,4094.08,133,12,1,3239.080005,36,21,8,2124.6568181652324,85,0,0.892823
55021,148,Jplus_final,12,12,12,3884.897,119,12,1,3111.896954,22,18,0,1924.3209738821397,85,0,0.198113
55021,149,C_region_q2,14,14,14,5336.298,141,14,1,4423.297892,14,0,0,nan,96,0,0.306742
55021,149,Cplus_completion_coobserve,14,14,14,5090.933,150,14,1,4123.932704,23,11,0,nan,96,0,0.167221
55021,149,F_coverage_integrated,14,14,14,5017.76,120,14,1,4235.760166,42,23,8,2252.621481198893,67,0,0.83855
55021,149,G_rolling_coverage,14,14,14,4364.425,117,14,1,3594.425113,39,26,8,2252.621481198893,67,0,0.735443
55021,149,I_ring_optimized,14,14,14,4482.185,122,14,1,3687.18535,44,27,8,2169.970679769691,67,0,0.930176
55021,149,J_ring7_1000,14,14,14,4045.843,131,14,1,3197.843093,41,27,8,2077.8441437889855,79,0,1.648355
55021,149,Jplus_final,14,14,14,3948.359,118,14,1,3175.358943,28,24,0,1928.0416433268638,76,0,0.190017
55021,150,C_region_q2,13,13,13,5443.881,140,13,1,4541.88093,13,0,0,nan,99,0,0.33935
55021,150,Cplus_completion_coobserve,13,13,13,4906.62,144,13,1,3982.620013,17,3,0,nan,99,0,0.289132
55021,150,F_coverage_integrated,13,13,13,3787.263,104,13,1,3104.262865,26,12,8,2204.4016552205876,66,0,0.719111
55021,150,G_rolling_coverage,13,13,13,3787.469,104,13,1,3104.469442,26,13,8,2204.4016552205876,66,0,0.715241
55021,150,I_ring_optimized,13,13,13,4055.582,107,13,1,3354.582385,27,14,6,2123.1132241056393,67,0,0.984338
55021,150,J_ring7_1000,13,13,13,3777.245,115,13,1,3025.244647,29,17,8,2066.1876311476617,73,0,1.107475
55021,150,Jplus_final,13,13,13,4019.02,107,13,1,3315.02014,21,16,0,1907.3430631570952,73,0,0.187475
55021,151,C_region_q2,11,11,11,4531.045,141,11,1,3631.045403,9,0,0,nan,109,0,0.219396
55021,151,Cplus_completion_coobserve,11,11,11,4232.712,143,11,1,3322.712378,11,5,0,nan,109,0,0.143026
55021,151,F_coverage_integrated,11,11,11,3980.369,119,11,1,3216.369329,22,11,8,2251.157668766364,86,0,0.530698
55021,151,G_rolling_coverage,11,11,11,4143.597,120,11,1,3374.596518,23,13,8,2251.157668766364,86,0,0.528645
55021,151,I_ring_optimized,11,11,11,3979.626,115,11,1,3243.62611,27,12,8,2258.7488168293194,77,0,0.672389
55021,151,J_ring7_1000,11,11,11,3795.033,124,11,1,3002.033341,27,14,7,2033.33106372965,86,0,1.075351
55021,151,Jplus_final,11,11,11,3717.227,123,11,1,2931.226967,26,20,0,1912.3209738821397,86,0,0.157195
55021,152,C_region_q2,11,11,11,4884.966,143,11,1,3974.966314,11,0,0,nan,109,0,0.221678
55021,152,Cplus_completion_coobserve,11,11,11,4034.283,145,11,1,3111.282973,13,6,0,nan,109,0,0.148003
55021,152,F_coverage_integrated,11,11,11,3774.351,124,11,1,2977.351184,22,13,6,2310.347264231796,92,0,0.570333
55021,152,G_rolling_coverage,11,11,11,3778.853,125,11,1,2976.852702,23,14,6,2310.347264231796,92,0,0.565382
55021,152,I_ring_optimized,11,11,11,3726.677,130,11,1,2895.677357,28,16,8,2198.7035241257954,91,0,0.577926
55021,152,J_ring7_1000,11,11,11,3617.936,135,11,1,2755.936346,30,21,6,2156.684293985375,95,0,0.937759
55021,152,Jplus_final,11,11,11,3499.785,124,11,1,2702.784665,19,17,0,2035.5918582681513,94,0,0.091505
55021,153,C_region_q2,14,14,14,5242.355,144,14,1,4311.355246,14,0,0,nan,100,0,0.317783
55021,153,Cplus_completion_coobserve,14,14,14,4490.834,148,14,1,3535.83444,18,9,0,nan,100,0,0.151823
55021,153,F_coverage_integrated,14,14,14,3927.635,101,14,1,3256.63525,30,18,8,2231.6123546791628,57,0,0.801761
55021,153,G_rolling_coverage,14,14,14,3915.138,101,14,1,3244.138001,30,19,8,2231.6123546791628,57,0,0.658334
55021,153,I_ring_optimized,14,14,14,3783.39,100,14,1,3117.390079,29,19,8,2173.5109833088127,57,0,0.91263
55021,153,J_ring7_1000,14,14,14,3657.646,122,14,1,2860.645551,37,26,8,2075.657430324482,71,0,0.825479
55021,153,Jplus_final,14,14,14,3688.125,115,14,1,2930.125054,30,27,0,1901.3162186695342,71,0,0.150908
55021,154,C_region_q2,13,13,13,4418.467,128,13,1,3586.466955,11,0,0,nan,82,0,0.348076
55021,154,Cplus_completion_coobserve,13,13,13,4181.216,130,13,1,3337.215733,13,7,0,nan,82,0,0.193274
55021,154,F_coverage_integrated,13,13,13,3946.831,100,13,1,3286.830629,32,19,8,2190.8088479301396,55,0,0.789683
55021,154,G_rolling_coverage,13,13,13,3946.831,100,13,1,3286.830629,32,19,8,2190.8088479301396,55,0,0.747441
55021,154,I_ring_optimized,13,13,13,4442.079,103,13,1,3762.078942,35,20,8,2096.414855292173,55,0,0.886582
55021,154,J_ring7_1000,13,13,13,3901.621,112,13,1,3168.621155,36,23,8,1968.4795892945974,63,0,0.758879
55021,154,Jplus_final,13,13,13,3805.543,108,13,1,3098.542847,32,28,0,1847.8055387671734,63,0,0.207926
55021,155,C_region_q2,14,14,14,5163.946,132,14,1,4302.946082,11,0,0,nan,88,0,0.44284
55021,155,Cplus_completion_coobserve,14,14,14,4563.951,139,14,1,3662.951372,18,9,0,nan,88,0,0.288695
55021,155,F_coverage_integrated,14,14,14,4335.611,107,14,1,3627.610827,31,18,6,2226.865809673741,62,0,1.690288
55021,155,G_rolling_coverage,14,14,14,4343.638,109,14,1,3625.638349,33,21,6,2226.865809673741,62,0,1.665585
55021,155,I_ring_optimized,14,14,14,4245.827,112,14,1,3509.827142,36,23,8,2137.815300695223,62,0,1.730782
55021,155,J_ring7_1000,14,14,14,4216.9,123,14,1,3413.900163,38,23,8,2036.9634938219544,71,0,1.314539
55021,155,Jplus_final,14,14,14,4235.408,110,14,1,3510.407939,26,21,0,1867.3559244170344,70,0,0.200833
55021,156,C_region_q2,15,15,15,5442.633,135,15,1,4560.633426,15,0,0,nan,83,0,0.465698
55021,156,Cplus_completion_coobserve,15,15,15,4358.89,137,15,1,3464.889823,17,9,0,nan,83,0,0.259797
55021,156,F_coverage_integrated,15,15,15,4593.113,107,15,1,3880.113084,36,23,6,2240.302897302308,56,0,1.122849
55021,156,G_rolling_coverage,15,15,15,4592.971,107,15,1,3879.971127,36,24,6,2240.302897302308,56,0,1.06804
55021,156,I_ring_optimized,15,15,15,3783.175,105,15,1,3083.175051,35,23,8,2054.9300358596997,55,0,0.596717
55021,156,J_ring7_1000,15,15,15,3873.897,118,15,1,3094.897184,38,26,8,1982.4581592272345,66,0,1.19194
55021,156,Jplus_final,15,15,15,3922.589,111,15,1,3184.589353,31,27,0,1871.1287840366774,65,0,0.233711
55021,157,C_region_q2,16,16,16,5399.128,128,16,1,4553.128349,17,0,0,nan,79,0,0.467334
55021,157,Cplus_completion_coobserve,16,16,16,4177.753,136,16,1,3285.752891,25,14,0,nan,79,0,0.284356
55021,157,F_coverage_integrated,16,16,16,4205.935,115,16,1,3441.935215,42,23,8,1891.9970022136727,58,0,0.68853
55021,157,G_rolling_coverage,16,16,16,4193.881,119,16,1,3408.880516,46,27,8,1891.9970022136727,58,0,0.74332
55021,157,I_ring_optimized,16,16,16,4181.357,109,16,1,3454.357278,37,22,8,1851.5098960578607,56,0,0.531292
55021,157,J_ring7_1000,16,16,16,3982.505,113,16,1,3231.505277,43,28,8,1958.0992251987884,54,0,1.47473
55021,157,Jplus_final,16,16,16,3583.742,101,16,1,2901.741727,31,26,0,1698.4612060241575,54,0,0.215884
55021,158,C_region_q2,10,10,10,4385.82,137,10,1,3514.81965,9,0,0,nan,104,0,0.261203
55021,158,Cplus_completion_coobserve,10,10,10,4048.27,139,10,1,3167.270193,11,2,0,nan,104,0,0.294802
55021,158,F_coverage_integrated,10,10,10,4336.226,123,10,1,3555.226009,26,10,8,2292.7126946949875,87,0,0.539026
55021,158,G_rolling_coverage,10,10,10,4341.226,124,10,1,3555.226009,27,11,8,2292.7126946949875,87,0,0.448007
55021,158,I_ring_optimized,10,10,10,4157.322,124,10,1,3369.322303,27,15,8,2202.73266722457,87,0,0.506643
55021,158,J_ring7_1000,10,10,10,3872.708,130,10,1,3047.707697,24,11,8,2083.4725280595158,96,0,1.273453
55021,158,Jplus_final,10,10,10,3758.439,129,10,1,2938.438853,18,13,0,1966.3209738821397,101,0,0.169805
55021,159,C_region_q2,13,13,13,5627.02,148,13,1,4676.019747,14,0,0,nan,107,0,0.508323
55021,159,Cplus_completion_coobserve,13,13,13,4842.524,150,13,1,3881.524194,16,5,0,nan,107,0,0.165113
55021,159,F_coverage_integrated,13,13,13,4656.467,124,13,1,3852.467191,36,21,8,2327.980979994446,75,0,0.948978
55021,159,G_rolling_coverage,13,13,13,4413.392,124,13,1,3609.392005,36,24,8,2327.980979994446,75,0,0.902253
55021,159,I_ring_optimized,13,13,13,4243.575,115,13,1,3492.575302,26,19,2,2007.7620554310938,76,0,1.052695
55021,159,J_ring7_1000,13,13,13,4386.528,128,13,1,3559.527609,32,16,8,2026.8815343805877,84,0,1.25067
55021,159,Jplus_final,13,13,13,4261.231,121,13,1,3477.231039,25,17,0,1882.3209738821397,83,0,0.201723
55021,160,C_region_q2,14,14,14,4971.009,130,14,1,4123.009325,12,0,0,nan,84,0,0.3048
55021,160,Cplus_completion_coobserve,14,14,14,4476.417,134,14,1,3605.41665,16,8,0,nan,84,0,0.176443
55021,160,F_coverage_integrated,14,14,14,3245.518,95,14,1,2609.518481,29,17,8,2199.117244762776,52,0,1.715603
55021,160,G_rolling_coverage,14,14,14,3236.189,95,14,1,2600.188599,29,19,8,2199.117244762776,52,0,1.568265
55021,160,I_ring_optimized,14,14,14,3102.785,94,14,1,2472.784676,28,17,8,2068.0858055599756,52,0,1.48844
55021,160,J_ring7_1000,14,14,14,3356.766,105,14,1,2658.765918,33,25,6,1955.5266403962607,58,0,1.620134
55021,160,Jplus_final,14,14,14,3428.74,103,14,1,2742.739645,26,23,0,1870.3667352403706,63,0,0.175735
55021,161,C_region_q2,13,13,13,4663.282,136,13,1,3783.28232,10,0,0,nan,93,0,0.401515
55021,161,Cplus_completion_coobserve,13,13,13,4164.382,140,13,1,3262.382233,14,6,0,nan,93,0,0.235411
55021,161,F_coverage_integrated,13,13,13,4072.675,116,13,1,3316.67528,35,21,8,2217.3888111096976,69,0,0.69508
55021,161,G_rolling_coverage,13,13,13,4087.529,119,13,1,3316.5287,38,24,8,2217.3888111096976,69,0,0.732792
55021,161,I_ring_optimized,13,13,13,4409.789,121,13,1,3620.789431,40,23,8,2116.41500209319,70,0,0.678017
55021,161,J_ring7_1000,13,13,13,3747.834,124,13,1,2943.833805,31,20,8,2069.2400443848574,81,0,0.847174
55021,161,Jplus_final,13,13,13,3624.808,117,13,1,2858.807637,24,21,0,1894.3209738821395,80,0,0.122762
55021,162,C_region_q2,13,13,13,5204.427,137,13,1,4321.427084,13,0,0,nan,94,0,0.220795
55021,162,Cplus_completion_coobserve,13,13,13,4273.824,137,13,1,3388.824206,13,6,0,nan,94,0,0.191406
55021,162,F_coverage_integrated,13,13,13,4347.691,109,13,1,3633.69073,31,13,8,2197.641468334116,67,0,0.901089
55021,162,G_rolling_coverage,13,13,13,4299.483,111,13,1,3575.483123,33,16,8,2197.641468334116,67,0,0.91676
55021,162,I_ring_optimized,13,13,13,4108.375,104,13,1,3425.374506,31,15,8,2034.344421767175,62,0,0.980192
55021,162,J_ring7_1000,13,13,13,3980.831,122,13,1,3187.830506,30,19,8,2045.7778971575544,79,0,0.562946
55021,162,Jplus_final,13,13,13,3946.852,116,13,1,3187.852155,24,20,0,1945.486083548479,79,0,0.133989
55021,163,C_region_q2,11,11,11,4310.134,141,11,1,3410.133572,9,0,0,nan,106,0,0.318578
55021,163,Cplus_completion_coobserve,11,11,11,3807.226,141,11,1,2907.22554,9,4,0,nan,106,0,0.166423
55021,163,F_coverage_integrated,11,11,11,3719.395,115,11,1,2977.394613,27,14,8,2233.9756527949326,77,0,0.5837
55021,163,G_rolling_coverage,11,11,11,3718.441,116,11,1,2970.440883,28,15,8,2233.9756527949326,77,0,0.569301
55021,163,I_ring_optimized,11,11,11,3610.283,115,11,1,2869.282975,27,15,6,2080.347858143439,77,0,0.712721
55021,163,J_ring7_1000,11,11,11,3573.799,129,11,1,2746.799218,31,23,8,2148.727770252472,88,0,0.76221
55021,163,Jplus_final,11,11,11,3586.42,122,11,1,2802.419706,24,21,0,1918.3209738821397,87,0,0.117603
55021,164,C_region_q2,10,10,10,4342.711,135,10,1,3484.710818,9,0,0,nan,101,0,0.249635
55021,164,Cplus_completion_coobserve,10,10,10,3775.11,136,10,1,2912.110136,10,4,0,nan,101,0,0.143924
55021,164,F_coverage_integrated,10,10,10,3569.664,106,10,1,2889.664295,21,9,8,2289.8145249794416,75,0,0.914861
55021,164,G_rolling_coverage,10,10,10,3569.664,106,10,1,2889.664295,21,9,8,2289.8145249794416,75,0,0.99849
55021,164,I_ring_optimized,10,10,10,3567.347,109,10,1,2870.347086,24,11,8,2103.0024623365534,75,0,0.752005
55021,164,J_ring7_1000,10,10,10,3315.963,122,10,1,2537.963053,27,16,8,2141.0489798068415,85,0,0.729345
55021,164,Jplus_final,10,10,10,3281.656,113,10,1,2554.656177,18,17,0,1985.8493019259522,85,0,0.091808
55021,165,C_region_q2,15,15,15,4859.935,134,15,1,3981.934706,11,0,0,nan,84,0,0.443774
55021,165,Cplus_completion_coobserve,15,15,15,4167.489,136,15,1,3278.489094,13,6,0,nan,84,0,0.275006
55021,165,F_coverage_integrated,15,15,15,4122.003,107,15,1,3408.002965,44,26,8,2134.932811692327,49,0,1.569039
55021,165,G_rolling_coverage,15,15,15,3865.615,108,15,1,3145.614786,45,31,8,2134.932811692327,49,0,1.480739
55021,165,I_ring_optimized,15,15,15,3715.886,106,15,1,3006.886398,43,30,8,2013.0417889917846,49,0,1.407246
55021,165,J_ring7_1000,15,15,15,3528.695,121,15,1,2731.69506,42,27,8,2018.416639637514,65,0,1.818014
55021,165,Jplus_final,15,15,15,3234.324,101,15,1,2556.323543,27,23,0,1922.6535535775083,59,0,0.131237
55021,166,C_region_q2,12,12,12,4561.64,137,12,1,3681.639622,10,0,0,nan,100,0,0.318357
55021,166,Cplus_completion_coobserve,12,12,12,4295.173,143,12,1,3384.172743,16,5,0,nan,100,0,0.344658
55021,166,F_coverage_integrated,12,12,12,4284.584,118,12,1,3522.583948,30,15,8,2252.7494163048073,76,0,1.350762
55021,166,G_rolling_coverage,12,12,12,4055.238,117,12,1,3298.238156,29,18,8,2252.7494163048073,76,0,1.190094
55021,166,I_ring_optimized,12,12,12,4159.107,116,12,1,3411.106805,28,13,5,2095.8152201011044,77,0,1.273446
55021,166,J_ring7_1000,12,12,12,4334.626,128,12,1,3510.625633,30,15,8,2075.97085709725,86,0,1.397918
55021,166,Jplus_final,12,12,12,4223.31,122,12,1,3434.309682,24,17,0,1929.0315432860014,86,0,0.144584
55021,167,C_region_q2,13,13,13,5089.859,134,13,1,4223.858695,13,0,0,nan,89,0,0.496506
55021,167,Cplus_completion_coobserve,13,13,13,4188.25,136,13,1,3310.250264,15,7,0,nan,89,0,0.30692
55021,167,F_coverage_integrated,13,13,13,4502.858,106,13,1,3805.858177,28,14,7,2290.5451038037877,65,0,0.923594
55021,167,G_rolling_coverage,13,13,13,4301.986,105,13,1,3610.986051,27,15,7,2290.5451038037877,65,0,0.862078
55021,167,I_ring_optimized,13,13,13,4068.994,106,13,1,3370.993793,28,15,8,2145.3364448706025,65,0,0.645743
55021,167,J_ring7_1000,13,13,13,3780.745,112,13,1,3045.744787,25,14,8,2076.045834028102,74,0,0.75382
55021,167,Jplus_final,13,13,13,3782.899,111,13,1,3054.898864,18,14,0,1928.191488082106,80,0,0.203051
55021,168,C_region_q2,15,15,15,4936.7,131,15,1,4077.699867,9,0,0,nan,83,0,0.328041
55021,168,Cplus_completion_coobserve,15,15,15,4520.894,133,15,1,3651.89364,11,2,0,nan,83,0,0.26108
55021,168,F_coverage_integrated,15,15,15,4191.671,102,15,1,3509.671005,37,22,8,2172.345361856827,50,0,1.020496
55021,168,G_rolling_coverage,15,15,15,4200.966,104,15,1,3507.966296,39,25,8,2172.345361856827,50,0,1.042561
55021,168,I_ring_optimized,15,15,15,4180.612,101,15,1,3505.612323,36,22,8,2010.4327736355851,50,0,1.122609
55021,168,J_ring7_1000,15,15,15,4072.923,104,15,1,3379.922512,35,18,8,2035.0396457528664,54,0,2.159891
55021,168,Jplus_final,15,15,15,4147.817,97,15,1,3492.817456,25,18,0,1845.750249976423,57,0,0.213771
55021,169,C_region_q2,13,13,13,4684.601,136,13,1,3804.600536,12,0,0,nan,96,0,0.374149
55021,169,Cplus_completion_coobserve,13,13,13,4177.963,139,13,1,3280.962733,15,8,0,nan,96,0,0.240474
55021,169,F_coverage_integrated,13,13,13,3834.024,107,13,1,3130.023853,26,14,8,2228.931281626751,68,0,1.175523
55021,169,G_rolling_coverage,13,13,13,3841.076,109,13,1,3128.075918,28,17,8,2228.931281626751,68,0,1.267571
55021,169,I_ring_optimized,13,13,13,3858.824,108,13,1,3149.823936,27,16,7,2135.9520012222965,68,0,1.33706
55021,169,J_ring7_1000,13,13,13,3616.356,122,13,1,2824.355598,32,22,8,2006.0911532849934,78,0,1.20343
55021,169,Jplus_final,13,13,13,3780.173,113,13,1,3040.172827,23,21,0,1971.3168455842817,77,0,0.07206
55021,170,C_region_q2,12,12,12,4901.164,143,12,1,3987.164048,12,0,0,nan,105,0,0.151617
55021,170,Cplus_completion_coobserve,12,12,12,4130.513,147,12,1,3193.513037,16,7,0,nan,105,0,0.135902
55021,170,F_coverage_integrated,12,12,12,4137.76,119,12,1,3369.760408,32,16,8,2207.6903995515386,77,0,0.638455
55021,170,G_rolling_coverage,12,12,12,3769.647,118,12,1,3007.647441,31,18,8,2207.6903995515386,77,0,0.652097
55021,170,I_ring_optimized,12,12,12,3715.84,119,12,1,2945.840428,32,21,8,2064.5691022135566,78,0,0.748285
55021,170,J_ring7_1000,12,12,12,3571.122,123,12,1,2775.121752,27,18,6,2030.3573232849708,86,0,0.774563
55021,170,Jplus_final,12,12,12,3482.766,116,12,1,2728.765714,20,18,0,1945.9981137152151,84,0,0.093545
55021,171,C_region_q2,10,10,10,4093.267,135,10,1,3234.266815,6,0,0,nan,104,0,0.20337
55021,171,Cplus_completion_coobserve,10,10,10,3821.336,136,10,1,2957.336336,7,2,0,nan,104,0,0.151499
55021,171,F_coverage_integrated,10,10,10,3595.898,115,10,1,2859.898184,24,15,7,2406.464825862725,81,0,1.289118
55021,171,G_rolling_coverage,10,10,10,3595.898,115,10,1,2859.898184,24,15,7,2406.464825862725,81,0,1.298091
55021,171,I_ring_optimized,10,10,10,3309.348,114,10,1,2577.348459,23,18,4,2116.767311860165,81,0,0.970304
55021,171,J_ring7_1000,10,10,10,3407.271,130,10,1,2580.271204,25,13,8,2098.1195548829264,95,0,1.150362
55021,171,Jplus_final,10,10,10,3308.857,124,10,1,2517.857378,19,16,0,1993.744369145076,95,0,0.128076
55021,172,C_region_q2,13,13,13,5138.869,129,13,1,4301.868766,11,0,0,nan,87,0,0.372234
55021,172,Cplus_completion_coobserve,13,13,13,4515.537,133,13,1,3655.537001,15,4,0,nan,87,0,0.264112
55021,172,F_coverage_integrated,13,13,13,4549.803,108,13,1,3839.803279,30,16,7,2176.6849028877923,65,0,1.058884
55021,172,G_rolling_coverage,13,13,13,4549.803,108,13,1,3839.803279,30,16,7,2176.6849028877923,65,0,1.043115
55021,172,I_ring_optimized,13,13,13,4469.718,110,13,1,3750.718317,32,18,6,2023.6230832297854,65,0,1.039953
55021,172,J_ring7_1000,13,13,13,4115.761,119,13,1,3342.761198,34,22,5,1943.43800811867,73,0,1.371757
55021,172,Jplus_final,13,13,13,4339.774,121,13,1,3555.774198,34,24,0,1894.3209738821395,74,0,0.284426
55021,173,C_region_q2,16,16,16,5641.913,145,16,1,4692.913413,14,0,0,nan,101,0,0.391055
55021,173,Cplus_completion_coobserve,16,16,16,4902.807,156,16,1,3889.806975,25,11,0,nan,101,0,0.375139
55021,173,F_coverage_integrated,16,16,16,4495.547,116,16,1,3722.547326,33,18,7,2212.530342951637,68,0,1.15803
55021,173,G_rolling_coverage,16,16,16,4410.586,115,16,1,3643.586164,32,19,7,2212.530342951637,68,0,0.956463
55021,173,I_ring_optimized,16,16,16,4303.013,119,16,1,3519.0128,36,18,8,2040.8077329963926,68,0,1.145422
55021,173,J_ring7_1000,16,16,16,4141.301,131,16,1,3278.30142,42,29,8,2041.278949717503,73,0,0.985864
55021,173,Jplus_final,16,16,16,4371.972,122,16,1,3562.971622,33,27,0,1905.7122216034404,73,0,0.158404
55021,174,C_region_q2,11,11,11,4725.382,144,11,1,3807.382301,9,0,0,nan,110,0,0.28517
55021,174,Cplus_completion_coobserve,11,11,11,4309.25,146,11,1,3380.249543,11,4,0,nan,110,0,0.222287
55021,174,F_coverage_integrated,11,11,11,4134.024,114,11,1,3397.024484,25,13,6,2197.5052080225496,78,0,0.998403
55021,174,G_rolling_coverage,11,11,11,4133.687,114,11,1,3396.686683,25,14,6,2197.5052080225496,78,0,0.930302
55021,174,I_ring_optimized,11,11,11,3925.082,113,11,1,3194.081762,29,17,8,2175.340252175734,73,0,0.705327
55021,174,J_ring7_1000,11,11,11,3894.407,130,11,1,3063.406552,31,19,8,2097.751730193319,90,0,0.745721
55021,174,Jplus_final,11,11,11,3744.806,118,11,1,2984.80594,19,15,0,1914.2979819002685,88,0,0.174872
55021,175,C_region_q2,12,12,12,4624.888,135,12,1,3756.887511,11,0,0,nan,98,0,0.283855
55021,175,Cplus_completion_coobserve,12,12,12,4166.388,140,12,1,3272.387924,16,8,0,nan,98,0,0.162015
55021,175,F_coverage_integrated,12,12,12,3812.101,119,12,1,3040.10094,30,19,6,2303.4272268576287,78,0,1.57894
55021,175,G_rolling_coverage,12,12,12,3812.101,119,12,1,3040.10094,30,19,6,2303.4272268576287,78,0,1.592317
55021,175,I_ring_optimized,12,12,12,3824.09,121,12,1,3041.090304,32,19,8,2203.175560312935,77,0,1.441687
55021,175,J_ring7_1000,12,12,12,4237.724,140,12,1,3343.724398,37,21,8,2177.360426312879,91,0,0.566777
55021,175,Jplus_final,12,12,12,4264.621,132,12,1,3419.621497,29,21,0,1987.9085990518583,92,0,0.199428
55021,176,C_region_q2,11,11,11,4674.128,139,11,1,3786.127619,10,0,0,nan,105,0,0.297763
55021,176,Cplus_completion_coobserve,11,11,11,4144.132,145,11,1,3221.132282,16,7,0,nan,105,0,0.306103
55021,176,F_coverage_integrated,11,11,11,3922.778,124,11,1,3129.777831,24,11,8,2312.7449693394788,89,0,0.704416
55021,176,G_rolling_coverage,11,11,11,3958.858,126,11,1,3155.857673,26,13,8,2312.7449693394788,89,0,0.671909
55021,176,I_ring_optimized,11,11,11,3919.232,130,11,1,3089.231929,30,19,8,2262.4912794304514,89,0,0.374365
55021,176,J_ring7_1000,11,11,11,3602.863,140,11,1,2712.863137,30,18,8,2218.154575792723,99,0,0.897372
55021,176,Jplus_final,11,11,11,3515.841,132,11,1,2671.841462,22,18,0,2031.3992226770904,99,0,0.084576
55021,177,C_region_q2,14,14,14,5898.348,150,14,1,4931.348261,15,0,0,nan,108,0,0.45293
55021,177,Cplus_completion_coobserve,14,14,14,4912.467,154,14,1,3922.467123,19,9,0,nan,108,0,0.273906
55021,177,F_coverage_integrated,14,14,14,4134.585,105,14,1,3437.584514,30,16,8,2124.530571116773,62,0,0.810624
55021,177,G_rolling_coverage,14,14,14,4123.057,106,14,1,3421.057306,31,19,8,2124.530571116773,62,0,0.753678
55021,177,I_ring_optimized,14,14,14,4117.496,116,14,1,3357.496097,37,22,8,2036.9384157639706,66,0,1.425584
55021,177,J_ring7_1000,14,14,14,4305.13,129,14,1,3466.129982,38,24,7,2033.7971949585,77,0,1.667778
55021,177,Jplus_final,14,14,14,4100.974,113,14,1,3357.973853,34,29,0,1804.3209738821397,65,0,0.248476
55021,178,C_region_q2,14,14,14,5151.065,136,14,1,4267.065303,12,0,0,nan,90,0,0.336658
55021,178,Cplus_completion_coobserve,14,14,14,4435.186,141,14,1,3523.186366,17,7,0,nan,90,0,0.233548
55021,178,F_coverage_integrated,14,14,14,4996.245,108,14,1,4285.24474,36,17,8,2117.298129282515,58,0,0.49129
55021,178,G_rolling_coverage,14,14,14,4553.858,107,14,1,3847.857611,35,19,8,2117.298129282515,58,0,0.444869
55021,178,I_ring_optimized,14,14,14,4394.689,106,14,1,3691.688803,34,19,8,2028.1271016334656,58,0,0.658884
55021,178,J_ring7_1000,14,14,14,3857.052,119,14,1,3080.052272,34,22,7,2083.031903480836,72,0,1.159631
55021,178,Jplus_final,14,14,14,3687.506,112,14,1,2952.506371,27,22,0,1962.515001134502,71,0,0.200304
55021,179,C_region_q2,14,14,14,5377.816,138,14,1,4483.816414,14,0,0,nan,95,0,0.238218
55021,179,Cplus_completion_coobserve,14,14,14,4385.338,143,14,1,3459.337845,19,10,0,nan,95,0,0.209442
55021,179,F_coverage_integrated,14,14,14,4051.997,110,14,1,3324.996954,31,18,4,2103.3747322513273,66,0,1.077028
55021,179,G_rolling_coverage,14,14,14,4036.44,109,14,1,3314.439775,30,20,4,2103.3747322513273,66,0,0.910495
55021,179,I_ring_optimized,14,14,14,3906.277,111,14,1,3176.276939,32,22,5,2041.2860812498518,65,0,0.9618
55021,179,J_ring7_1000,14,14,14,3848.664,122,14,1,3050.66357,38,26,8,1992.2118062940751,70,0,0.900855
55021,179,Jplus_final,14,14,14,3862.245,117,14,1,3094.245168,33,29,0,1869.5005938604397,70,0,0.185988
55021,180,C_region_q2,16,16,16,5248.655,139,16,1,4336.655144,15,0,0,nan,89,0,0.449147
55021,180,Cplus_completion_coobserve,16,16,16,4649.459,146,16,1,3697.459339,22,12,0,nan,89,0,0.204891
55021,180,F_coverage_integrated,16,16,16,4375.127,112,16,1,3627.127404,41,24,8,2147.1193337267437,57,0,1.0503
55021,180,G_rolling_coverage,16,16,16,4369.654,112,16,1,3620.654201,41,27,8,2147.1193337267437,57,0,0.96251
55021,180,I_ring_optimized,16,16,16,3906.441,100,16,1,3235.440758,39,23,8,1719.824531358693,46,0,1.209281
55021,180,J_ring7_1000,16,16,16,4133.77,110,16,1,3402.770314,47,27,6,1294.159098412637,47,0,0.832365
55021,180,Jplus_final,16,16,16,3995.491,105,16,1,3298.491443,42,30,0,1169.6604869410698,47,0,0.222466
55021,181,C_region_q2,15,15,15,5091.147,139,15,1,4183.146684,9,0,0,nan,94,0,0.318159
55021,181,Cplus_completion_coobserve,15,15,15,4594.577,149,15,1,3627.577179,19,8,0,nan,94,0,0.202085
55021,181,F_coverage_integrated,15,15,15,4438.681,124,15,1,3621.680519,46,26,8,2343.4091668053657,65,0,1.37509
55021,181,G_rolling_coverage,15,15,15,4416.261,124,15,1,3600.260861,46,26,8,2343.4091668053657,65,0,1.269041
55021,181,I_ring_optimized,15,15,15,4061.218,115,15,1,3301.217931,38,24,8,2269.5230406690584,63,0,1.291824
55021,181,J_ring7_1000,15,15,15,4045.259,113,15,1,3300.259166,37,24,8,1999.3182612239048,61,0,1.41599
55021,181,Jplus_final,15,15,15,3904.164,102,15,1,3221.164151,26,21,0,1857.1578326338322,61,0,0.172003
55021,182,C_region_q2,13,13,13,4582.213,129,13,1,3746.212543,14,0,0,nan,81,0,0.403631
55021,182,Cplus_completion_coobserve,13,13,13,4409.248,134,13,1,3545.247604,19,9,0,nan,81,0,0.275709
55021,182,F_coverage_integrated,13,13,13,4154.202,114,13,1,3411.202122,36,23,4,2144.248094055791,65,0,1.530177
55021,182,G_rolling_coverage,13,13,13,4154.202,114,13,1,3411.202122,36,23,4,2144.248094055791,65,0,1.443591
55021,182,I_ring_optimized,13,13,13,3765.015,110,13,1,3043.015021,32,22,6,2149.889404851394,65,0,1.625335
55021,182,J_ring7_1000,13,13,13,3745.983,120,13,1,2965.983071,32,22,5,2036.4782497256012,75,0,1.794287
55021,182,Jplus_final,13,13,13,3854.888,116,13,1,3099.887734,28,23,0,1876.3209738821395,75,0,0.237081
55021,183,C_region_q2,13,13,13,4569.381,136,13,1,3689.381342,10,0,0,nan,95,0,0.306362
55021,183,Cplus_completion_coobserve,13,13,13,4311.337,143,13,1,3393.336944,17,8,0,nan,95,0,0.232198
55021,183,F_coverage_integrated,13,13,13,3872.404,113,13,1,3131.404048,28,17,5,2315.756619989652,73,0,0.64891
55021,183,G_rolling_coverage,13,13,13,3878.717,114,13,1,3132.717235,29,18,5,2315.756619989652,73,0,0.650671
55021,183,I_ring_optimized,13,13,13,4081.808,122,13,1,3287.808272,37,23,8,2253.6711936330075,73,0,0.978728
55021,183,J_ring7_1000,13,13,13,4134.629,129,13,1,3301.629426,38,23,8,2060.2059080529907,78,0,0.653228
55021,183,Jplus_final,13,13,13,3811.446,122,13,1,3019.446499,25,18,0,1907.2474047677877,84,0,0.230576
55021,184,C_region_q2,16,16,16,4345.704,119,16,1,3553.70403,12,0,0,nan,70,0,0.423654
55021,184,Cplus_completion_coobserve,16,16,16,3880.327,120,16,1,3082.326669,13,6,0,nan,70,0,0.196642
55021,184,F_coverage_integrated,16,16,16,3572.232,99,16,1,2903.232054,47,30,8,1619.3649735476934,37,0,1.180923
55021,184,G_rolling_coverage,16,16,16,3521.698,103,16,1,2829.69835,51,38,8,1619.3649735476934,37,0,1.12963
55021,184,I_ring_optimized,16,16,16,3444.685,108,16,1,2721.684894,57,42,8,1517.795557784631,36,0,1.417201
55021,184,J_ring7_1000,16,16,16,3735.546,131,16,1,2876.546169,48,34,8,1785.2910995671834,69,0,1.174246
55021,184,Jplus_final,16,16,16,3936.9,118,16,1,3153.899836,35,30,0,1898.1843091941043,67,0,0.189005
55021,185,C_region_q2,10,10,10,4363.188,143,10,1,3456.188336,8,0,0,nan,112,0,0.337899
55021,185,Cplus_completion_coobserve,10,10,10,4066.426,149,10,1,3124.426443,14,7,0,nan,112,0,0.215977
55021,185,F_coverage_integrated,10,10,10,3961.237,121,10,1,3188.236967,23,13,6,2321.909783959695,88,0,0.992227
55021,185,G_rolling_coverage,10,10,10,3961.36,121,10,1,3188.360194,23,14,6,2321.909783959695,88,0,0.998264
55021,185,I_ring_optimized,10,10,10,3794.684,121,10,1,3021.68405,23,13,6,2136.9909486902843,88,0,0.970344
55021,185,J_ring7_1000,10,10,10,3889.994,137,10,1,3020.994301,24,16,5,2067.121858756851,103,0,1.055563
55021,185,Jplus_final,10,10,10,3887.735,134,10,1,3038.735108,21,16,0,1978.3209738821397,103,0,0.186491
55021,186,C_region_q2,12,12,12,4698.922,140,12,1,3800.922255,11,0,0,nan,100,0,0.333732
55021,186,Cplus_completion_coobserve,12,12,12,4285.634,142,12,1,3376.634247,13,5,0,nan,100,0,0.157837
55021,186,F_coverage_integrated,12,12,12,3908.54,122,12,1,3118.540071,29,18,8,2384.179795873161,81,0,1.238475
55021,186,G_rolling_coverage,12,12,12,3918.197,124,12,1,3118.196904,31,20,8,2384.179795873161,81,0,1.563031
55021,186,I_ring_optimized,12,12,12,3764.88,121,12,1,2984.880337,28,17,7,2212.617096507967,81,0,1.278311
55021,186,J_ring7_1000,12,12,12,3690.971,127,12,1,2870.970771,30,20,8,2123.138403518215,86,0,1.572884
55021,186,Jplus_final,12,12,12,3552.74,117,12,1,2793.740154,20,17,0,1964.9241129448635,85,0,0.096362
55021,187,C_region_q2,16,16,16,5679.352,129,16,1,4829.352412,17,0,0,nan,77,0,0.472984
55021,187,Cplus_completion_coobserve,16,16,16,4695.632,135,16,1,3810.632325,23,11,0,nan,77,0,0.294434
55021,187,F_coverage_integrated,16,16,16,4657.634,101,16,1,3978.634331,43,20,8,1879.1806492973537,44,0,1.342919
55021,187,G_rolling_coverage,16,16,16,4280.695,102,16,1,3595.694708,44,28,8,1879.1806492973537,44,0,1.426333
55021,187,I_ring_optimized,16,16,16,4232.587,106,16,1,3521.586701,48,29,8,1783.8505121493051,44,0,1.150521
55021,187,J_ring7_1000,16,16,16,3890.145,100,16,1,3219.144871,41,24,8,1722.5463148858908,46,0,1.617949
55021,187,Jplus_final,16,16,16,4068.892,98,16,1,3404.892172,27,22,0,1892.0068050360883,55,0,0.14975
55021,188,C_region_q2,15,15,15,5461.193,138,15,1,4561.192762,12,0,0,nan,92,0,0.375804
55021,188,Cplus_completion_coobserve,15,15,15,4343.111,140,15,1,3431.110622,14,6,0,nan,92,0,0.255149
55021,188,F_coverage_integrated,15,15,15,4396.537,120,15,1,3603.536803,43,27,8,2222.23668091914,63,0,1.441027
55021,188,G_rolling_coverage,15,15,15,4380.925,120,15,1,3589.925485,43,28,8,2222.23668091914,63,0,1.378858
55021,188,I_ring_optimized,15,15,15,4140.843,115,15,1,3381.843009,38,23,8,2115.646815325782,63,0,1.310896
55021,188,J_ring7_1000,15,15,15,3852.206,111,15,1,3116.206072,35,24,8,1987.887413843591,64,0,1.322063
55021,188,Jplus_final,15,15,15,3710.042,100,15,1,3040.041966,24,21,0,1847.1500184342733,61,0,0.142692
55021,189,C_region_q2,10,10,10,4473.983,143,10,1,3567.983361,10,0,0,nan,110,0,0.258078
55021,189,Cplus_completion_coobserve,10,10,10,4185.762,146,10,1,3260.761653,13,6,0,nan,110,0,0.133233
55021,189,F_coverage_integrated,10,10,10,4092.736,127,10,1,3286.735951,26,10,8,2306.24421580384,91,0,0.69248
55021,189,G_rolling_coverage,10,10,10,3683.738,125,10,1,2887.73846,24,12,8,2306.24421580384,91,0,0.527302
55021,189,I_ring_optimized,10,10,10,3515.94,126,10,1,2713.939915,25,15,6,2150.3390916812514,91,0,0.90834
55021,189,J_ring7_1000,10,10,10,3815.02,134,10,1,2966.020115,26,13,8,2105.0513260041,99,0,0.555489
55021,189,Jplus_final,10,10,10,3731.52,131,10,1,2899.520159,23,18,0,1960.3209738821397,98,0,0.064502
55021,190,C_region_q2,14,14,14,5376.774,144,14,1,4443.77444,12,0,0,nan,100,0,0.403956
55021,190,Cplus_completion_coobserve,14,14,14,4262.961,148,14,1,3307.961389,16,7,0,nan,100,0,0.265412
55021,190,F_coverage_integrated,14,14,14,4110.077,114,14,1,3358.076627,37,24,8,2221.163449252903,63,0,1.351794
55021,190,G_rolling_coverage,14,14,14,4115.077,115,14,1,3358.076627,38,25,8,2221.163449252903,63,0,1.283179
55021,190,I_ring_optimized,14,14,14,3973.074,118,14,1,3198.074429,35,26,6,2239.4008535673547,69,0,1.569981
55021,190,J_ring7_1000,14,14,14,3712.677,116,14,1,2952.677088,32,21,5,2012.845585258053,71,0,1.225439
55021,190,Jplus_final,14,14,14,3632.039,109,14,1,2912.038963,25,20,0,1915.1873873827556,70,0,0.126724
55021,191,C_region_q2,15,15,15,4749.114,143,15,1,3819.113622,12,0,0,nan,92,0,0.418618
55021,191,Cplus_completion_coobserve,15,15,15,3747.409,143,15,1,2817.409478,12,8,0,nan,92,0,0.108172
55021,191,F_coverage_integrated,15,15,15,3712.247,101,15,1,3035.246957,36,22,8,2079.8467008147454,50,0,0.658758
55021,191,G_rolling_coverage,15,15,15,3723.968,103,15,1,3036.96775,38,25,8,2079.8467008147454,50,0,0.550727
55021,191,I_ring_optimized,15,15,15,3937.994,107,15,1,3227.994197,42,26,8,2034.3618806527484,50,0,0.535743
55021,191,J_ring7_1000,15,15,15,3244.594,107,15,1,2530.593912,36,25,8,1934.9131597303046,56,0,0.774871
55021,191,Jplus_final,15,15,15,3102.762,99,15,1,2435.761873,28,27,0,1858.7118820908238,56,0,0.081516
55021,192,C_region_q2,13,13,13,5522.279,140,13,1,4623.278943,15,0,0,nan,95,0,0.444579
55021,192,Cplus_completion_coobserve,13,13,13,4888.786,144,13,1,3964.785858,19,7,0,nan,95,0,0.261433
55021,192,F_coverage_integrated,13,13,13,4096.995,116,13,1,3339.99498,33,20,8,2244.3018311340443,71,0,1.054696
55021,192,G_rolling_coverage,13,13,13,4092.151,116,13,1,3335.150526,33,21,8,2244.3018311340443,71,0,1.014394
55021,192,I_ring_optimized,13,13,13,4279.277,114,13,1,3538.27705,34,20,8,2137.500375734873,67,0,1.107225
55021,192,J_ring7_1000,13,13,13,4405.523,136,13,1,3533.522611,43,25,8,2083.7075725897103,80,0,1.133941
55021,192,Jplus_final,13,13,13,3820.841,108,13,1,3110.841451,22,17,0,1880.5602944962282,73,0,0.181703
55021,193,C_region_q2,13,13,13,4321.551,129,13,1,3483.550825,9,0,0,nan,85,0,0.291634
55021,193,Cplus_completion_coobserve,13,13,13,3964.413,132,13,1,3110.413035,12,5,0,nan,85,0,0.190095
55021,193,F_coverage_integrated,13,13,13,3819.293,103,13,1,3139.293466,32,17,8,2104.3593856755206,58,0,0.548378
55021,193,G_rolling_coverage,13,13,13,3819.864,104,13,1,3134.863548,33,20,8,2104.3593856755206,58,0,0.54807
55021,193,I_ring_optimized,13,13,13,3939.217,108,13,1,3232.216825,37,22,8,2004.7436006594762,58,0,0.617988
55021,193,J_ring7_1000,13,13,13,3544.65,108,13,1,2833.649706,32,22,8,2111.24700206507,63,0,1.209164
55021,193,Jplus_final,13,13,13,3546.89,101,13,1,2877.890084,25,21,0,1888.125978985146,63,0,0.184632
55021,194,C_region_q2,15,15,15,4965.608,133,15,1,4094.608238,13,0,0,nan,85,0,0.388811
55021,194,Cplus_completion_coobserve,15,15,15,4270.915,137,15,1,3375.915358,17,8,0,nan,85,0,0.224462
55021,194,F_coverage_integrated,15,15,15,4320.974,109,15,1,3593.973909,40,26,8,2191.233898047287,55,0,1.268961
55021,194,G_rolling_coverage,15,15,15,4084.7,110,15,1,3351.699656,41,29,8,2191.233898047287,55,0,1.109755
55021,194,I_ring_optimized,15,15,15,3847.342,100,15,1,3176.341663,32,22,5,2046.5375581226256,53,0,1.338199
55021,194,J_ring7_1000,15,15,15,3706.055,110,15,1,2974.054572,32,22,7,2069.273154311879,63,0,1.310693
55021,194,Jplus_final,15,15,15,3713.052,102,15,1,3029.052074,24,21,0,1844.9784746477217,63,0,0.187933
55021,195,C_region_q2,15,15,15,5358.77,143,15,1,4427.77013,14,0,0,nan,97,0,0.430567
55021,195,Cplus_completion_coobserve,15,15,15,4415.41,147,15,1,3462.409587,18,8,0,nan,97,0,0.350376
55021,195,F_coverage_integrated,15,15,15,4361.72,113,15,1,3613.719888,36,20,8,2185.3686771278844,62,0,0.638712
55021,195,G_rolling_coverage,15,15,15,4359.639,115,15,1,3599.638632,38,24,8,2185.3686771278844,62,0,0.638193
55021,195,I_ring_optimized,15,15,15,4107.09,113,15,1,3359.089654,38,26,8,2058.901752676383,60,0,1.665172
55021,195,J_ring7_1000,15,15,15,4240.126,129,15,1,3395.125738,44,32,8,2019.6948990526928,70,0,0.978748
55021,195,Jplus_final,15,15,15,4140.465,115,15,1,3377.464961,30,27,0,1892.2738406535848,70,0,0.149838
55021,196,C_region_q2,13,13,13,4401.505,130,13,1,3557.504945,9,0,0,nan,88,0,0.272793
55021,196,Cplus_completion_coobserve,13,13,13,3980.715,132,13,1,3126.715032,11,4,0,nan,88,0,0.124214
55021,196,F_coverage_integrated,13,13,13,3979.769,110,13,1,3257.769358,32,20,8,2253.327633897459,66,0,0.744647
55021,196,G_rolling_coverage,13,13,13,3975.734,110,13,1,3253.733989,32,20,8,2253.327633897459,66,0,0.810004
55021,196,I_ring_optimized,13,13,13,3777.763,109,13,1,3061.762785,31,20,8,2140.687294224313,66,0,0.83644
55021,196,J_ring7_1000,13,13,13,3631.861,118,13,1,2861.860996,35,24,8,1962.7452182815216,70,0,0.838942
55021,196,Jplus_final,13,13,13,3536.571,109,13,1,2821.570996,26,25,0,1863.8160782572006,70,0,0.105405
55021,197,C_region_q2,11,11,11,4251.891,141,11,1,3353.890887,11,0,0,nan,103,0,0.293753
55021,197,Cplus_completion_coobserve,11,11,11,3668.102,144,11,1,2752.101953,14,8,0,nan,103,0,0.177153
55021,197,F_coverage_integrated,11,11,11,3751.807,106,11,1,3064.806666,28,14,8,2326.819631577536,67,0,0.818146
55021,197,G_rolling_coverage,11,11,11,3303.103,105,11,1,2621.102655,27,17,8,2326.819631577536,67,0,0.717896
55021,197,I_ring_optimized,11,11,11,3185.918,106,11,1,2498.918159,28,19,8,2225.2944343115287,67,0,0.668002
55021,197,J_ring7_1000,11,11,11,3041.223,118,11,1,2280.223051,28,19,8,2188.4556421533393,79,0,0.747458
55021,197,Jplus_final,11,11,11,2951.87,110,11,1,2238.869956,23,22,0,1970.1200068087708,76,0,0.094238
55021,198,C_region_q2,10,10,10,4379.904,145,10,1,3461.903989,11,0,0,nan,112,0,0.292241
55021,198,Cplus_completion_coobserve,10,10,10,4101.325,150,10,1,3153.324696,16,8,0,nan,112,0,0.214565
55021,198,F_coverage_integrated,10,10,10,3487.838,118,10,1,2731.837658,20,13,4,2314.8581005435135,89,0,0.529309
55021,198,G_rolling_coverage,10,10,10,3492.838,119,10,1,2731.837658,21,14,4,2314.8581005435135,89,0,0.575135
55021,198,I_ring_optimized,10,10,10,3372.448,116,10,1,2629.448075,18,8,7,2273.7368935159434,89,0,0.513024
55021,198,J_ring7_1000,10,10,10,3347.803,126,10,1,2543.803373,22,12,8,2068.2942449343154,94,0,1.174292
55021,198,Jplus_final,10,10,10,3271.832,119,10,1,2508.831935,15,13,0,1940.6999826409158,94,0,0.08684
55021,199,C_region_q2,13,13,13,4336.078,145,13,1,3402.07807,9,0,0,nan,105,0,0.208171
55021,199,Cplus_completion_coobserve,13,13,13,4121.744,150,13,1,3160.744324,14,7,0,nan,105,0,0.169996
55021,199,F_coverage_integrated,13,13,13,3802.718,110,13,1,3083.717966,29,16,8,2314.843206370092,70,0,0.492869
55021,199,G_rolling_coverage,13,13,13,3807.487,111,13,1,3083.487331,30,18,8,2314.843206370092,70,0,0.52507
55021,199,I_ring_optimized,13,13,13,3875.852,118,13,1,3108.852382,36,23,8,2118.07001147312,69,0,0.904395
55021,199,J_ring7_1000,13,13,13,3708.878,124,13,1,2902.878005,38,29,8,2108.880448494015,75,0,0.989483
55021,199,Jplus_final,13,13,13,3722.468,108,13,1,3010.46768,22,20,0,1944.4612222210708,73,0,0.128111
55021,200,C_region_q2,13,13,13,4674.903,140,13,1,3770.902867,11,0,0,nan,100,0,0.316172
55021,200,Cplus_completion_coobserve,13,13,13,4142.243,145,13,1,3208.243405,16,8,0,nan,100,0,0.25124
55021,200,F_coverage_integrated,13,13,13,4030.144,119,13,1,3253.144333,33,20,8,2341.220528568185,73,0,0.623187
55021,200,G_rolling_coverage,13,13,13,4056.91,123,13,1,3256.910352,37,22,8,2341.220528568185,73,0,0.639331
55021,200,I_ring_optimized,13,13,13,3816.664,117,13,1,3055.663848,32,21,5,2103.6393953154216,72,0,0.836875
55021,200,J_ring7_1000,13,13,13,3533.236,122,13,1,2740.23629,33,24,6,2059.9661833211903,76,0,0.914408
55021,200,Jplus_final,13,13,13,3586.975,115,13,1,2836.974664,26,23,0,1894.663957496876,76,0,0.158559
55021,201,C_region_q2,13,13,13,4674.221,138,13,1,3782.22084,10,0,0,nan,98,0,0.376949
55021,201,Cplus_completion_coobserve,13,13,13,4479.573,142,13,1,3566.57275,14,5,0,nan,98,0,0.305009
55021,201,F_coverage_integrated,13,13,13,4648.782,118,13,1,3881.782314,29,15,7,2271.143095061969,76,0,0.931193
55021,201,G_rolling_coverage,13,13,13,4435.022,117,13,1,3671.022466,28,18,7,2271.143095061969,76,0,0.853843
55021,201,I_ring_optimized,13,13,13,4169.148,115,13,1,3417.148142,26,17,8,2103.1463948786004,76,0,0.635423
55021,201,J_ring7_1000,13,13,13,4101.521,130,13,1,3261.520908,31,21,5,2017.5643981819296,86,0,1.312171
55021,201,Jplus_final,13,13,13,4219.139,126,13,1,3402.138791,27,23,0,1929.4825297566576,86,0,0.093111
55021,202,C_region_q2,12,12,12,4275.154,142,12,1,3364.153809,10,0,0,nan,105,0,0.259109
55021,202,Cplus_completion_coobserve,12,12,12,3862.776,144,12,1,2940.776258,12,6,0,nan,105,0,0.164481
55021,202,F_coverage_integrated,12,12,12,3691.185,108,12,1,2985.185491,25,14,5,2212.7627178283055,71,0,1.481497
55021,202,G_rolling_coverage,12,12,12,3690.832,109,12,1,2978.831574,26,18,5,2212.7627178283055,71,0,1.332503
55021,202,I_ring_optimized,12,12,12,3515.55,106,12,1,2822.550423,27,21,4,2046.9538423757574,67,0,0.984026
55021,202,J_ring7_1000,12,12,12,3507.238,120,12,1,2731.237865,33,23,8,2022.4559373089335,75,0,1.167767
55021,202,Jplus_final,12,12,12,3602.286,126,12,1,2791.285576,25,21,0,1912.3209738821395,89,0,0.154143
55021,203,C_region_q2,15,15,15,4803.197,133,15,1,3931.196703,11,0,0,nan,85,0,0.220891
55021,203,Cplus_completion_coobserve,15,15,15,4165.76,133,15,1,3293.760017,11,5,0,nan,85,0,0.097948
55021,203,F_coverage_integrated,15,15,15,3786.464,103,15,1,3096.46443,33,21,8,2213.8548073588613,55,0,0.631883
55021,203,G_rolling_coverage,15,15,15,3672.743,105,15,1,2972.743048,35,23,8,2213.8548073588613,55,0,0.700321
55021,203,I_ring_optimized,15,15,15,3749.232,107,15,1,3036.232242,37,25,8,2095.601102318011,56,0,0.740879
55021,203,J_ring7_1000,15,15,15,3466.146,117,15,1,2693.145848,40,30,8,1965.9712162625501,62,0,1.148205
55021,203,Jplus_final,15,15,15,3850.944,105,15,1,3148.944386,31,26,0,1849.0240725279905,59,0,0.166061
55021,204,C_region_q2,16,16,16,5327.322,131,16,1,4466.321783,20,0,0,nan,77,0,0.628168
55021,204,Cplus_completion_coobserve,16,16,16,4678.118,140,16,1,3766.118442,29,12,0,nan,78,0,0.481279
55021,204,F_coverage_integrated,16,16,16,4404.916,107,16,1,3687.91638,38,22,6,2224.2599046658543,54,0,1.134989
55021,204,G_rolling_coverage,16,16,16,4402.314,110,16,1,3670.314144,41,25,6,2224.2599046658543,54,0,1.162247
55021,204,I_ring_optimized,16,16,16,4071.615,107,16,1,3351.614776,38,28,5,2058.9941783395616,53,0,1.28244
55021,204,J_ring7_1000,16,16,16,4249.751,110,16,1,3515.751303,44,26,8,1564.992496839311,51,0,1.336288
55021,204,Jplus_final,16,16,16,4365.376,115,16,1,3601.375508,37,29,0,1668.7321260805647,62,0,0.214304
55021,205,C_region_q2,16,16,16,5815.244,135,16,1,4929.243822,18,0,0,nan,87,0,0.492506
55021,205,Cplus_completion_coobserve,16,16,16,5232.1,147,16,1,4277.099955,30,11,0,nan,87,0,0.369113
55021,205,F_coverage_integrated,16,16,16,4488.045,107,16,1,3774.044853,36,17,8,1898.2545126926718,55,0,0.518898
55021,205,G_rolling_coverage,16,16,16,4708.535,109,16,1,3982.534818,38,23,8,1898.2545126926718,55,0,0.508796
55021,205,I_ring_optimized,16,16,16,4460.309,113,16,1,3711.309236,42,24,8,1798.9634743707106,55,0,0.675074
55021,205,J_ring7_1000,16,16,16,4219.278,114,16,1,3461.277902,41,26,8,1969.174828502268,58,0,1.690701
55021,205,Jplus_final,16,16,16,4077.871,108,16,1,3355.871096,35,28,0,1634.3788216351381,57,0,0.262267
55021,206,C_region_q2,16,16,16,4695.336,110,16,1,3960.336062,19,0,0,nan,53,0,0.487042
55021,206,Cplus_completion_coobserve,16,16,16,3582.989,114,16,1,2823.989006,23,13,0,nan,53,0,0.292791
55021,206,F_coverage_integrated,16,16,16,3681.196,101,16,1,3001.195702,40,27,7,2176.5455183978947,45,0,1.613846
55021,206,G_rolling_coverage,16,16,16,3669.296,102,16,1,2983.296079,41,30,7,2176.5455183978947,45,0,1.611779
55021,206,I_ring_optimized,16,16,16,4050.72,106,16,1,3342.71986,50,34,8,2028.3584079338573,40,0,1.327344
55021,206,J_ring7_1000,16,16,16,3906.548,122,16,1,3098.548272,47,33,8,2004.3225772661228,59,0,0.889075
55021,206,Jplus_final,16,16,16,3848.655,106,16,1,3137.654669,31,26,0,1857.932472840588,59,0,0.131417
55021,207,C_region_q2,14,14,14,5166.346,140,14,1,4257.346142,12,0,0,nan,99,0,0.329462
55021,207,Cplus_completion_coobserve,14,14,14,4629.88,145,14,1,3693.879718,17,6,0,nan,99,0,0.226447
55021,207,F_coverage_integrated,14,14,14,4142.252,106,14,1,3442.25226,29,12,8,2127.3705975753273,64,0,0.74905
55021,207,G_rolling_coverage,14,14,14,4121.434,107,14,1,3416.433955,30,15,8,2127.3705975753273,64,0,0.753195
55021,207,I_ring_optimized,14,14,14,4416.413,111,14,1,3687.413431,39,21,8,2016.516975888916,61,0,0.632414
55021,207,J_ring7_1000,14,14,14,3932.851,121,14,1,3142.850658,37,24,8,1993.459572085579,70,0,0.833321
55021,207,Jplus_final,14,14,14,4292.978,122,14,1,3499.977976,38,25,0,1863.3244369766958,70,0,0.339776
55021,208,C_region_q2,16,16,16,5028.772,133,16,1,4156.772126,18,0,0,nan,84,0,0.514644
55021,208,Cplus_completion_coobserve,16,16,16,4361.166,136,16,1,3468.165697,21,11,0,nan,84,0,0.201512
55021,208,F_coverage_integrated,16,16,16,4145.816,117,16,1,3370.816385,48,28,8,1903.3228994652584,55,0,0.893339
55021,208,G_rolling_coverage,16,16,16,4322.316,125,16,1,3504.315991,56,35,8,1903.3228994652584,55,0,1.020975
55021,208,I_ring_optimized,16,16,16,3814.778,108,16,1,3093.777745,51,32,8,1557.5824894212392,43,0,1.093375
55021,208,J_ring7_1000,16,16,16,3780.22,101,16,1,3097.219697,42,32,8,1884.8240868663986,44,0,1.222065
55021,208,Jplus_final,16,16,16,3645.221,91,16,1,3023.22108,32,29,0,1747.2154010272027,43,0,0.169394
55021,209,C_region_q2,15,15,15,5242.128,144,15,1,4305.128443,14,0,0,nan,98,0,0.338597
55021,209,Cplus_completion_coobserve,15,15,15,4755.873,153,15,1,3767.872503,23,9,0,nan,98,0,0.34022
55021,209,F_coverage_integrated,15,15,15,4106.835,113,15,1,3358.835266,33,20,7,2253.4322655273554,66,0,0.994485
55021,209,G_rolling_coverage,15,15,15,4102.641,113,15,1,3353.641352,33,22,7,2253.4322655273554,66,0,0.947372
55021,209,I_ring_optimized,15,15,15,4063.72,113,15,1,3316.719954,33,21,8,2056.679685558423,66,0,0.6711
55021,209,J_ring7_1000,15,15,15,3850.405,123,15,1,3043.405332,36,25,8,2044.1837700604656,72,0,1.176095
55021,209,Jplus_final,15,15,15,3871.889,117,15,1,3099.889464,30,26,0,1857.3440547560497,72,0,0.191317
55021,210,C_region_q2,12,12,12,4833.1,141,12,1,3930.099901,12,0,0,nan,104,0,0.296484
55021,210,Cplus_completion_coobserve,12,12,12,4544.514,144,12,1,3623.513815,15,5,0,nan,104,0,0.204473
55021,210,F_coverage_integrated,12,12,12,4113.553,113,12,1,3380.552775,26,14,6,2253.6559851485868,75,0,1.011002
55021,210,G_rolling_coverage,12,12,12,4115.495,114,12,1,3377.495493,27,16,6,2253.6559851485868,75,0,1.002151
55021,210,I_ring_optimized,12,12,12,3983.349,112,12,1,3254.348804,25,15,6,2127.60313734301,75,0,0.9885
55021,210,J_ring7_1000,12,12,12,4203.757,128,12,1,3382.756945,34,18,6,2072.370972433717,83,0,1.25013
55021,210,Jplus_final,12,12,12,3985.816,124,12,1,3186.815873,21,16,0,1958.9525850741202,91,0,0.199144
55021,211,C_region_q2,13,13,13,4699.946,137,13,1,3813.945733,11,0,0,nan,97,0,0.358241
55021,211,Cplus_completion_coobserve,13,13,13,4384.447,138,13,1,3493.447233,12,3,0,nan,97,0,0.274758
55021,211,F_coverage_integrated,13,13,13,4239.898,117,13,1,3474.898069,27,16,8,2336.999264575791,77,0,0.857774
55021,211,G_rolling_coverage,13,13,13,4239.898,117,13,1,3474.898069,27,16,8,2336.999264575791,77,0,0.816682
55021,211,I_ring_optimized,13,13,13,4213.853,116,13,1,3453.853463,26,15,8,2155.2575975396894,77,0,0.471991
55021,211,J_ring7_1000,13,13,13,3752.799,120,13,1,2970.798963,29,17,8,2045.0395615348968,78,0,0.756455
55021,211,Jplus_final,13,13,13,3670.541,118,13,1,2903.541382,27,20,0,1925.2157950239382,78,0,0.253702
55021,212,C_region_q2,13,13,13,4998.877,141,13,1,4090.877037,13,0,0,nan,96,0,0.355958
55021,212,Cplus_completion_coobserve,13,13,13,3909.553,143,13,1,2991.553427,15,7,0,nan,96,0,0.213558
55021,212,F_coverage_integrated,13,13,13,3954.241,115,13,1,3201.240718,32,19,8,2168.048182876273,70,0,0.366378
55021,212,G_rolling_coverage,13,13,13,3828.232,116,13,1,3070.232378,33,22,8,2168.048182876273,70,0,0.327469
55021,212,I_ring_optimized,13,13,13,3729.247,116,13,1,2972.247191,33,20,8,2050.634800810585,70,0,0.406016
55021,212,J_ring7_1000,13,13,13,4231.007,125,13,1,3421.007201,41,27,8,2018.030023280747,73,0,1.221199
55021,212,Jplus_final,13,13,13,3619.787,110,13,1,2897.787116,26,24,0,1887.682872757882,71,0,0.13661
55021,213,C_region_q2,11,11,11,3931.138,128,11,1,3110.138265,6,0,0,nan,92,0,0.145516
55021,213,Cplus_completion_coobserve,11,11,11,3911.407,128,11,1,3090.406809,6,1,0,nan,92,0,0.075337
55021,213,F_coverage_integrated,11,11,11,3265.298,109,11,1,2559.29798,27,19,8,2407.657938004095,72,0,0.912197
55021,213,G_rolling_coverage,11,11,11,3265.298,109,11,1,2559.29798,27,19,8,2407.657938004095,72,0,0.777108
55021,213,I_ring_optimized,11,11,11,3241.908,105,11,1,2561.9082,26,15,8,2200.0566210437564,69,0,0.95348
55021,213,J_ring7_1000,11,11,11,3385.547,118,11,1,2623.547287,28,17,8,2040.9604019680723,80,0,0.660678
55021,213,Jplus_final,11,11,11,3308.215,111,11,1,2590.215044,23,22,0,1916.3292039590558,77,0,0.08518
55021,214,C_region_q2,14,14,14,4768.574,130,14,1,3920.574037,13,0,0,nan,86,0,0.258173
55021,214,Cplus_completion_coobserve,14,14,14,4368.765,133,14,1,3503.764771,16,8,0,nan,86,0,0.134289
55021,214,F_coverage_integrated,14,14,14,4239.313,98,14,1,3586.313075,26,13,6,2183.092685824373,58,0,1.680871
55021,214,G_rolling_coverage,14,14,14,4246.18,99,14,1,3586.180001,27,15,6,2183.092685824373,58,0,1.634111
55021,214,I_ring_optimized,14,14,14,4218.802,101,14,1,3546.80155,30,16,8,2049.701957491285,57,0,1.447214
55021,214,J_ring7_1000,14,14,14,4077.785,110,14,1,3352.785092,31,17,8,1982.716241219309,66,0,1.787139
55021,214,Jplus_final,14,14,14,3944.267,105,14,1,3248.266607,26,20,0,1864.50361041534,65,0,0.26218
55021,215,C_region_q2,14,14,14,5086.188,148,14,1,4131.187809,15,0,0,nan,104,0,0.526834
55021,215,Cplus_completion_coobserve,14,14,14,4627.36,156,14,1,3625.360414,23,13,0,nan,104,0,0.380797
55021,215,F_coverage_integrated,14,14,14,4519.046,118,14,1,3745.046114,31,17,5,2277.6522317870526,74,0,1.223496
55021,215,G_rolling_coverage,14,14,14,4491.856,118,14,1,3717.856154,31,19,5,2277.6522317870526,74,0,1.247269
55021,215,I_ring_optimized,14,14,14,4004.827,114,14,1,3256.827251,32,22,5,2075.591319541878,68,0,1.383572
55021,215,J_ring7_1000,14,14,14,3978.499,131,14,1,3127.499338,37,23,8,2065.967951263245,80,0,1.059994
55021,215,Jplus_final,14,14,14,4075.308,120,14,1,3289.307936,31,24,0,1864.3209738821395,75,0,0.20901
55021,216,C_region_q2,12,12,12,4431.465,126,12,1,3617.465368,10,0,0,nan,88,0,0.277906
55021,216,Cplus_completion_coobserve,12,12,12,3998.761,129,12,1,3167.761085,13,3,0,nan,88,0,0.186075
55021,216,F_coverage_integrated,12,12,12,3403.621,108,12,1,2699.620519,23,13,6,2291.020942368061,73,0,0.580643
55021,216,G_rolling_coverage,12,12,12,3403.621,108,12,1,2699.620519,23,13,6,2291.020942368061,73,0,0.553728
55021,216,I_ring_optimized,12,12,12,3602.311,107,12,1,2902.310636,22,13,6,2130.254148938157,73,0,0.511262
55021,216,J_ring7_1000,12,12,12,3713.8,116,12,1,2963.800002,26,13,7,2103.1255220476683,78,0,0.72625
55021,216,Jplus_final,12,12,12,3786.361,114,12,1,3047.360774,24,18,0,1888.678359808637,78,0,0.142526
55021,217,C_region_q2,14,14,14,5482.434,147,14,1,4532.433845,12,0,0,nan,107,0,0.255404
55021,217,Cplus_completion_coobserve,14,14,14,4642.82,153,14,1,3659.819765,18,8,0,nan,107,0,0.29206
55021,217,F_coverage_integrated,14,14,14,4598.83,128,14,1,3764.829743,33,18,8,2331.1656819168193,81,0,1.001206
55021,217,G_rolling_coverage,14,14,14,4585.573,130,14,1,3740.573475,35,23,8,2331.1656819168193,81,0,0.927977
55021,217,I_ring_optimized,14,14,14,4612.813,124,14,1,3802.812743,35,21,8,2131.9761727795603,75,0,0.762621
55021,217,J_ring7_1000,14,14,14,4190.269,126,14,1,3369.268689,34,23,8,2022.234103103028,78,0,0.617845
55021,217,Jplus_final,14,14,14,4193.794,133,14,1,3329.793733,30,25,0,1936.3209738821397,89,0,0.237793
55021,218,C_region_q2,14,14,14,4966.35,142,14,1,4047.350455,12,0,0,nan,99,0,0.394584
55021,218,Cplus_completion_coobserve,14,14,14,4701.13,148,14,1,3748.130145,18,10,0,nan,99,0,0.184324
55021,218,F_coverage_integrated,14,14,14,4433.702,118,14,1,3660.701927,33,19,8,2249.828691656275,73,0,0.964359
55021,218,G_rolling_coverage,14,14,14,3918.922,118,14,1,3145.922372,33,23,8,2249.828691656275,73,0,0.929292
55021,218,I_ring_optimized,14,14,14,3782.642,114,14,1,3031.642107,29,18,7,2154.619678594421,72,0,1.008404
55021,218,J_ring7_1000,14,14,14,3775.134,123,14,1,2974.133666,36,24,7,2004.178012852418,74,0,1.702101
55021,218,Jplus_final,14,14,14,3681.876,116,14,1,2923.876289,29,23,0,1885.2342481225692,73,0,0.20618
55021,219,C_region_q2,10,10,10,4401.054,145,10,1,3483.053879,10,0,0,nan,113,0,0.350084
55021,219,Cplus_completion_coobserve,10,10,10,4085.213,146,10,1,3162.212888,11,3,0,nan,113,0,0.219728
55021,219,F_coverage_integrated,10,10,10,3848.639,112,10,1,3133.639421,23,11,8,2234.6904048348065,80,0,1.037261
55021,219,G_rolling_coverage,10,10,10,3853.639,113,10,1,3133.639421,24,12,8,2234.6904048348065,80,0,0.973242
55021,219,I_ring_optimized,10,10,10,3728.477,112,10,1,3011.477341,23,13,6,2054.470235729631,80,0,0.890574
55021,219,J_ring7_1000,10,10,10,3777.483,133,10,1,2936.482583,31,18,6,2052.814344533086,92,0,1.332292
55021,219,Jplus_final,10,10,10,3798.724,129,10,1,2979.723751,20,14,0,1960.3209738821395,99,0,0.165185
55021,220,C_region_q2,11,11,11,4838.34,142,11,1,3933.339674,10,0,0,nan,110,0,0.221656
55021,220,Cplus_completion_coobserve,11,11,11,4156.009,142,11,1,3250.009066,10,3,0,nan,110,0,0.202966
55021,220,F_coverage_integrated,11,11,11,4807.398,120,11,1,4039.398261,30,12,8,2255.040799110121,80,0,0.867567
55021,220,G_rolling_coverage,11,11,11,4550.452,117,11,1,3795.451654,27,13,8,2255.040799110121,80,0,0.879787
55021,220,I_ring_optimized,11,11,11,4096.877,117,11,1,3346.877428,28,12,8,2155.517408572679,79,0,0.762913
55021,220,J_ring7_1000,11,11,11,3597.068,124,11,1,2801.067721,26,16,8,2092.6654088380537,87,0,1.76395
55021,220,Jplus_final,11,11,11,3459.315,116,11,1,2709.315023,18,15,0,1949.5129682269805,87,0,0.103742
55021,221,C_region_q2,10,10,10,4522.35,140,10,1,3633.350412,9,0,0,nan,108,0,0.250699
55021,221,Cplus_completion_coobserve,10,10,10,4247.331,144,10,1,3335.330591,13,4,0,nan,108,0,0.23995
55021,221,F_coverage_integrated,10,10,10,3998.264,122,10,1,3221.263807,28,16,6,2262.0897002477245,84,0,1.033775
55021,221,G_rolling_coverage,10,10,10,3998.118,122,10,1,3221.118292,28,17,6,2262.0897002477245,84,0,0.951731
55021,221,I_ring_optimized,10,10,10,3868.49,120,10,1,3102.490283,26,14,8,2157.9761588364645,84,0,0.799292
55021,221,J_ring7_1000,10,10,10,3676.982,129,10,1,2858.981593,29,15,8,2141.2377040695824,92,0,0.644783
55021,221,Jplus_final,10,10,10,3618.426,122,10,1,2841.425954,22,15,0,1946.3482900626768,90,0,0.160038
55021,222,C_region_q2,15,15,15,5160.818,145,15,1,4218.81806,15,0,0,nan,95,0,0.446404
55021,222,Cplus_completion_coobserve,15,15,15,4400.069,146,15,1,3451.069017,16,8,0,nan,95,0,0.280177
55021,222,F_coverage_integrated,15,15,15,4455.454,115,15,1,3695.453514,30,15,8,2294.714792056038,70,0,0.630969
55021,222,G_rolling_coverage,15,15,15,4038.283,115,15,1,3278.28337,30,18,8,2294.714792056038,70,0,0.598712
55021,222,I_ring_optimized,15,15,15,4267.198,123,15,1,3459.198297,38,24,8,2146.785854301843,70,0,0.819305
55021,222,J_ring7_1000,15,15,15,4044.926,138,15,1,3147.925835,46,32,8,2112.466097203984,77,0,1.991477
55021,222,Jplus_final,15,15,15,3969.172,128,15,1,3129.172101,35,28,0,1912.3209738821397,78,0,0.236178
55021,223,C_region_q2,13,13,13,5360.259,142,13,1,4445.259404,11,0,0,nan,102,0,0.213877
55021,223,Cplus_completion_coobserve,13,13,13,4361.732,147,13,1,3418.732488,16,6,0,nan,102,0,0.250277
55021,223,F_coverage_integrated,13,13,13,3954.679,117,13,1,3193.678984,30,16,8,2282.4365124812725,77,0,0.899222
55021,223,G_rolling_coverage,13,13,13,3962.511,117,13,1,3201.511019,30,17,8,2282.4365124812725,77,0,0.981808
55021,223,I_ring_optimized,13,13,13,4038.552,116,13,1,3281.552287,29,15,8,2121.9054193032866,75,0,0.977944
55021,223,J_ring7_1000,13,13,13,4159.507,131,13,1,3313.506748,32,17,8,2098.550887448539,86,0,1.420483
55021,223,Jplus_final,13,13,13,3990.503,127,13,1,3171.502963,28,21,0,1988.6029234342802,86,0,0.241786
55021,224,C_region_q2,15,15,15,5359.623,145,15,1,4416.622763,16,0,0,nan,98,0,0.427356
55021,224,Cplus_completion_coobserve,15,15,15,4559.886,153,15,1,3570.886255,24,11,0,nan,98,0,0.397519
55021,224,F_coverage_integrated,15,15,15,4131.43,107,15,1,3416.429609,32,17,8,2243.339999047594,60,0,0.691699
55021,224,G_rolling_coverage,15,15,15,4149.978,109,15,1,3425.978216,34,18,8,2243.339999047594,60,0,0.68634
55021,224,I_ring_optimized,15,15,15,4303.427,112,15,1,3561.427446,37,23,8,2108.8997526122153,60,0,0.814442
55021,224,J_ring7_1000,15,15,15,3972.041,122,15,1,3170.040707,44,32,8,2009.2437318906532,65,0,1.308753
55021,224,Jplus_final,15,15,15,3816.816,113,15,1,3068.816023,35,32,0,1834.7188441381977,63,0,0.160609
55021,225,C_region_q2,12,12,12,4492.86,142,12,1,3582.860432,12,0,0,nan,103,0,0.342728
55021,225,Cplus_completion_coobserve,12,12,12,3963.796,147,12,1,3024.79637,17,9,0,nan,103,0,0.220146
55021,225,F_coverage_integrated,12,12,12,3682.062,115,12,1,2935.062212,30,16,8,2265.9785410116497,73,0,0.676504
55021,225,G_rolling_coverage,12,12,12,3715.662,114,12,1,2975.662375,29,16,8,2265.9785410116497,73,0,0.67742
55021,225,I_ring_optimized,12,12,12,3554.898,119,12,1,2784.897948,34,23,8,2105.9373091089524,74,0,0.487308
55021,225,J_ring7_1000,12,12,12,3166.466,114,12,1,2423.465634,27,17,6,1905.6548481505024,75,0,1.362004
55021,225,Jplus_final,12,12,12,3110.898,110,12,1,2393.897959,23,20,0,1873.309276631273,75,0,0.08156
55021,226,C_region_q2,11,11,11,5120.978,146,11,1,4194.978309,12,0,0,nan,111,0,0.292355
55021,226,Cplus_completion_coobserve,11,11,11,4763.998,148,11,1,3823.997834,14,5,0,nan,111,0,0.171066
55021,226,F_coverage_integrated,11,11,11,3968.226,118,11,1,3208.225614,24,12,5,2252.1305339963046,83,0,1.219578
55021,226,G_rolling_coverage,11,11,11,3940.396,118,11,1,3180.3959,24,14,5,2252.1305339963046,83,0,1.154139
55021,226,I_ring_optimized,11,11,11,3836.168,117,11,1,3081.167958,23,12,7,2159.130546709835,83,0,1.069678
55021,226,J_ring7_1000,11,11,11,3815.86,135,11,1,2952.859956,31,19,7,2102.4900617396534,95,0,1.79189
55021,226,Jplus_final,11,11,11,3707.269,122,11,1,2921.268615,18,15,0,1985.807786772511,93,0,0.110947
55021,227,C_region_q2,16,16,16,5031.093,136,16,1,4136.092759,14,0,0,nan,82,0,0.469926
55021,227,Cplus_completion_coobserve,16,16,16,4537.239,142,16,1,3609.239344,20,8,0,nan,82,0,0.356693
55021,227,F_coverage_integrated,16,16,16,4159.708,98,16,1,3495.707935,44,28,8,2023.243276724829,38,0,1.005806
55021,227,G_rolling_coverage,16,16,16,4181.756,100,16,1,3507.75552,46,32,8,2023.243276724829,38,0,0.898255
55021,227,I_ring_optimized,16,16,16,4043.45,98,16,1,3381.450076,44,31,8,1736.8905700567216,38,0,1.574663
55021,227,J_ring7_1000,16,16,16,3901.001,99,16,1,3231.001409,42,29,7,1546.7008207621438,41,0,1.847879
55021,227,Jplus_final,16,16,16,3913.324,93,16,1,3283.324461,36,24,0,1328.6209508853708,41,0,0.332114
55021,228,C_region_q2,11,11,11,5148.029,144,11,1,4232.029313,13,0,0,nan,110,0,0.347236
55021,228,Cplus_completion_coobserve,11,11,11,4100.742,147,11,1,3166.74225,16,7,0,nan,110,0,0.20725
55021,228,F_coverage_integrated,11,11,11,3830.611,126,11,1,3023.611136,25,13,8,2331.560698170977,91,0,0.648683
55021,228,G_rolling_coverage,11,11,11,3822.584,126,11,1,3015.583531,25,14,8,2331.560698170977,91,0,0.599125
55021,228,I_ring_optimized,11,11,11,3702.879,130,11,1,2872.878891,29,19,3,2104.550340853308,91,0,0.811926
55021,228,J_ring7_1000,11,11,11,3583.494,137,11,1,2709.493918,26,17,5,2112.088968678171,101,0,0.928124
55021,228,Jplus_final,11,11,11,3665.616,131,11,1,2827.616406,20,16,0,1979.5375566070318,100,0,0.124148
55021,229,C_region_q2,13,13,13,4787.898,134,13,1,3920.898115,10,0,0,nan,92,0,0.225264
55021,229,Cplus_completion_coobserve,13,13,13,4292.67,135,13,1,3420.669791,11,3,0,nan,92,0,0.164655
55021,229,F_coverage_integrated,13,13,13,4271.834,106,13,1,3573.833798,30,16,8,2215.1610644968177,64,0,0.656122
55021,229,G_rolling_coverage,13,13,13,4222.413,109,13,1,3511.412814,33,17,8,2215.1610644968177,64,0,0.649771
55021,229,I_ring_optimized,13,13,13,3856.794,108,13,1,3147.793569,32,19,8,2098.4957532973785,63,0,0.599145
55021,229,J_ring7_1000,13,13,13,3661.482,111,13,1,2931.481803,32,22,8,1951.0659353282554,67,0,1.091088
55021,229,Jplus_final,13,13,13,3698.691,116,13,1,2940.690595,34,28,0,1870.3209738821397,69,0,0.216017
55021,230,C_region_q2,15,15,15,5493.096,146,15,1,4544.096281,14,0,0,nan,101,0,0.341002
55021,230,Cplus_completion_coobserve,15,15,15,4737.441,154,15,1,3741.441245,22,11,0,nan,101,0,0.228459
55021,230,F_coverage_integrated,15,15,15,4593.629,124,15,1,3780.629064,33,17,8,2320.690060119333,76,0,0.570721
55021,230,G_rolling_coverage,15,15,15,4529.982,127,15,1,3697.981711,36,25,8,2320.690060119333,76,0,0.499203
55021,230,I_ring_optimized,15,15,15,4409.485,129,15,1,3566.484612,38,23,7,2156.7437528119876,77,0,0.675325
55021,230,J_ring7_1000,15,15,15,3856.682,133,15,1,2987.682098,39,28,8,2073.6990531992824,79,0,2.036743
55021,230,Jplus_final,15,15,15,3818.953,123,15,1,3010.953358,29,26,0,1954.8899022960823,79,0,0.187528
55021,231,C_region_q2,14,14,14,5129.189,144,14,1,4199.189447,14,0,0,nan,94,0,0.381645
55021,231,Cplus_completion_coobserve,14,14,14,4253.52,143,14,1,3327.520152,13,7,0,nan,94,0,0.218146
55021,231,F_coverage_integrated,14,14,14,3824.451,100,14,1,3157.451411,29,18,8,2163.66465171134,58,0,1.099563
55021,231,G_rolling_coverage,14,14,14,3815.783,100,14,1,3148.782861,29,19,8,2163.66465171134,58,0,1.115804
55021,231,I_ring_optimized,14,14,14,3646.533,93,14,1,3020.532771,22,14,7,2029.180007447415,57,0,0.759627
55021,231,J_ring7_1000,14,14,14,3614.57,115,14,1,2858.570165,37,27,8,2005.9055093412005,64,0,1.755951
55021,231,Jplus_final,14,14,14,3805.81,105,14,1,3107.809939,27,25,0,1947.5197475448122,64,0,0.115685
55021,232,C_region_q2,14,14,14,5462.501,139,14,1,4560.50098,14,0,0,nan,95,0,0.377733
55021,232,Cplus_completion_coobserve,14,14,14,4554.384,145,14,1,3619.384304,20,8,0,nan,95,0,0.346639
55021,232,F_coverage_integrated,14,14,14,4321.952,116,14,1,3559.952106,29,12,8,2203.185818458418,74,0,0.366638
55021,232,G_rolling_coverage,14,14,14,4264.129,118,14,1,3491.128686,31,16,8,2203.185818458418,74,0,0.530266
55021,232,I_ring_optimized,14,14,14,4175.147,120,14,1,3389.147298,33,21,8,2124.2406078743925,74,0,0.475263
55021,232,J_ring7_1000,14,14,14,4241.754,131,14,1,3391.754467,37,21,8,2093.8519126290985,81,0,0.449862
55021,232,Jplus_final,14,14,14,4133.287,124,14,1,3326.287043,30,22,0,1988.5697034029101,80,0,0.171928
55021,233,C_region_q2,16,16,16,5377.481,142,16,1,4447.481247,14,0,0,nan,90,0,0.390434
55021,233,Cplus_completion_coobserve,16,16,16,4920.233,148,16,1,3954.233308,20,10,0,nan,90,0,0.27221
55021,233,F_coverage_integrated,16,16,16,4078.514,100,16,1,3401.51351,35,20,8,2249.3210266069236,50,0,1.209363
55021,233,G_rolling_coverage,16,16,16,4073.272,101,16,1,3391.27164,36,25,8,2249.3210266069236,50,0,1.145154
55021,233,I_ring_optimized,16,16,16,4063.952,103,16,1,3368.951858,39,28,8,2167.9778324801746,49,0,1.022117
55021,233,J_ring7_1000,16,16,16,4036.288,107,16,1,3317.288312,44,27,8,1850.3113715185402,48,0,1.635568
55021,233,Jplus_final,16,16,16,4062.681,99,16,1,3391.681395,36,29,0,1604.411650399882,47,0,0.280481
55021,234,C_region_q2,15,15,15,5030.365,140,15,1,4117.364816,14,0,0,nan,91,0,0.400082
55021,234,Cplus_completion_coobserve,15,15,15,4638.959,146,15,1,3692.959068,20,9,0,nan,91,0,0.280991
55021,234,F_coverage_integrated,15,15,15,4049.454,109,15,1,3328.45368,36,20,8,2182.6290565838426,60,0,0.77556
55021,234,G_rolling_coverage,15,15,15,4049.839,112,15,1,3311.838644,39,25,8,2182.6290565838426,60,0,0.658508
55021,234,I_ring_optimized,15,15,15,4128.876,114,15,1,3375.876475,42,29,8,2165.510664278367,58,0,1.007327
55021,234,J_ring7_1000,15,15,15,4057.961,127,15,1,3225.960859,48,34,8,2089.2411216838436,67,0,1.147546
55021,234,Jplus_final,15,15,15,3862.174,117,15,1,3090.173775,38,35,0,1858.3209738821397,64,0,0.203249
55021,235,C_region_q2,16,16,16,5603.917,145,16,1,4655.917352,15,0,0,nan,94,0,0.50093
55021,235,Cplus_completion_coobserve,16,16,16,4605.635,152,16,1,3617.634994,22,11,0,nan,94,0,0.24208
55021,235,F_coverage_integrated,16,16,16,4205.329,104,16,1,3506.328904,38,25,8,2253.887323747859,50,0,1.074631
55021,235,G_rolling_coverage,16,16,16,4211.63,105,16,1,3506.629882,39,26,8,2253.887323747859,50,0,0.96859
55021,235,I_ring_optimized,16,16,16,4222.83,104,16,1,3525.829905,38,24,8,2078.3238581671194,50,0,1.019677
55021,235,J_ring7_1000,16,16,16,3272.623,100,16,1,2597.622991,42,29,7,1329.5282247091627,42,0,1.142815
55021,235,Jplus_final,16,16,16,3395.852,90,16,1,2782.851738,32,25,0,1188.7079666930574,42,0,0.189134
55021,236,C_region_q2,14,14,14,5345.458,142,14,1,4425.458469,13,0,0,nan,101,0,0.340907
55021,236,Cplus_completion_coobserve,14,14,14,4332.915,146,14,1,3388.915028,17,9,0,nan,101,0,0.194517
55021,236,F_coverage_integrated,14,14,14,4655.208,112,14,1,3920.208258,35,17,7,2160.058142344383,64,0,1.421035
55021,236,G_rolling_coverage,14,14,14,4397.902,107,14,1,3688.902455,30,19,7,2160.058142344383,64,0,1.182853
55021,236,I_ring_optimized,14,14,14,4106.82,115,14,1,3355.819928,38,24,8,2063.6824876394776,63,0,1.700328
55021,236,J_ring7_1000,14,14,14,4107.169,119,14,1,3329.169286,34,19,8,2064.4224399111986,72,0,0.822258
55021,236,Jplus_final,14,14,14,4242.811,112,14,1,3508.810808,27,19,0,1929.9622909507054,71,0,0.151759
55021,237,C_region_q2,15,15,15,5624.044,142,15,1,4702.044323,16,0,0,nan,90,0,0.535679
55021,237,Cplus_completion_coobserve,15,15,15,5067.754,147,15,1,4117.754163,21,8,0,nan,90,0,0.286204
55021,237,F_coverage_integrated,15,15,15,4782.726,104,15,1,4088.725919,42,22,8,2075.5111840728305,47,0,1.063305
55021,237,G_rolling_coverage,15,15,15,4529.803,107,15,1,3818.803227,45,29,8,2075.5111840728305,48,0,0.929917
55021,237,I_ring_optimized,15,15,15,4613.619,105,15,1,3915.618703,43,26,8,1993.70657003037,47,0,0.835648
55021,237,J_ring7_1000,15,15,15,4032.796,107,15,1,3321.79552,39,22,8,1996.8616830360734,55,0,1.432756
55021,237,Jplus_final,15,15,15,4103.855,109,15,1,3379.855213,30,22,0,1938.6058517100387,64,0,0.246626
55021,238,C_region_q2,10,10,10,5666.341,149,10,1,4727.340704,13,0,0,nan,117,0,0.176316
55021,238,Cplus_completion_coobserve,10,10,10,4728.983,150,10,1,3781.98309,14,5,0,nan,117,0,0.148247
55021,238,F_coverage_integrated,10,10,10,4293.654,130,10,1,3468.65365,25,12,3,2230.069266576269,96,0,0.927469
55021,238,G_rolling_coverage,10,10,10,4306.647,133,10,1,3466.647409,28,16,3,2230.069266576269,96,0,0.890083
55021,238,I_ring_optimized,10,10,10,4230.002,131,10,1,3399.002356,26,15,5,2187.2353883004025,97,0,0.850186
55021,238,J_ring7_1000,10,10,10,3844.827,139,10,1,2965.827015,27,15,8,2139.593498461838,103,0,1.014535
55021,238,Jplus_final,10,10,10,3767.107,132,10,1,2930.106889,20,16,0,1984.3209738821395,102,0,0.167721
55021,239,C_region_q2,14,14,14,5032.325,139,14,1,4131.325348,12,0,0,nan,95,0,0.287224
55021,239,Cplus_completion_coobserve,14,14,14,4715.296,143,14,1,3792.296299,16,5,0,nan,95,0,0.271961
55021,239,F_coverage_integrated,14,14,14,4721.991,113,14,1,3978.990753,36,18,8,2167.8036957377108,63,0,1.15624
55021,239,G_rolling_coverage,14,14,14,4297.47,110,14,1,3575.470101,33,20,8,2167.8036957377108,63,0,0.999155
55021,239,I_ring_optimized,14,14,14,3930.531,104,14,1,3239.531274,27,15,8,2057.720344017532,63,0,1.057795
55021,239,J_ring7_1000,14,14,14,4114.15,115,14,1,3360.150196,34,21,6,1969.7498760271283,67,0,1.419456
55021,239,Jplus_final,14,14,14,4029.776,111,14,1,3300.776098,30,25,0,1879.3340348278193,67,0,0.158129
55021,240,C_region_q2,10,10,10,4675.394,146,10,1,3751.39386,10,0,0,nan,116,0,0.307246
55021,240,Cplus_completion_coobserve,10,10,10,4270.931,148,10,1,3336.930619,12,3,0,nan,116,0,0.239579
55021,240,F_coverage_integrated,10,10,10,3958.936,124,10,1,3169.936097,23,10,8,2327.3549069985993,91,0,0.454819
55021,240,G_rolling_coverage,10,10,10,3961.43,125,10,1,3167.429603,24,11,8,2327.3549069985993,92,0,0.457717
55021,240,I_ring_optimized,10,10,10,3966.518,131,10,1,3138.517653,30,16,8,2197.8757611992232,92,0,1.040574
55021,240,J_ring7_1000,10,10,10,3858.86,149,10,1,2919.860205,28,14,8,2202.985355230317,111,0,1.357024
55021,240,Jplus_final,10,10,10,4115.963,141,10,1,3225.962682,20,11,0,2028.3494077551543,111,0,0.130805
55021,241,C_region_q2,16,16,16,4534.691,122,16,1,3723.690553,13,0,0,nan,77,0,0.385118
55021,241,Cplus_completion_coobserve,16,16,16,4069.243,130,16,1,3215.24335,21,9,0,nan,77,0,0.323952
55021,241,F_coverage_integrated,16,16,16,4179.604,112,16,1,3430.604181,35,21,8,2295.551152951474,62,0,0.958106
55021,241,G_rolling_coverage,16,16,16,4190.148,114,16,1,3431.147671,37,23,8,2295.551152951474,62,0,1.007059
55021,241,I_ring_optimized,16,16,16,4228.068,119,16,1,3439.067642,43,28,8,2057.1592438502016,61,0,0.663015
55021,241,J_ring7_1000,16,16,16,4050.268,118,16,1,3265.267757,40,26,8,1947.0333940874798,63,0,1.015032
55021,241,Jplus_final,16,16,16,3951.241,112,16,1,3204.241328,34,29,0,1799.4548365998544,62,0,0.158173
55021,242,C_region_q2,12,12,12,4937.103,135,12,1,4069.102626,12,0,0,nan,93,0,0.329089
55021,242,Cplus_completion_coobserve,12,12,12,4278.143,138,12,1,3391.142897,15,7,0,nan,93,0,0.161943
55021,242,F_coverage_integrated,12,12,12,3885.608,110,12,1,3167.608214,26,15,8,2291.2980721885156,73,0,0.542175
55021,242,G_rolling_coverage,12,12,12,3871.403,110,12,1,3153.402688,26,17,8,2291.2980721885156,73,0,0.613706
55021,242,I_ring_optimized,12,12,12,3750.57,111,12,1,3030.570147,27,14,8,2160.5044249564253,73,0,0.995024
55021,242,J_ring7_1000,12,12,12,3980.678,121,12,1,3200.677846,29,16,7,2034.7363420063366,80,0,1.082498
55021,242,Jplus_final,12,12,12,3473.782,113,12,1,2737.782384,21,17,0,1933.9320151939578,80,0,0.162969
55021,243,C_region_q2,15,15,15,5233.797,147,15,1,4277.796576,14,0,0,nan,104,0,0.452053
55021,243,Cplus_completion_coobserve,15,15,15,4834.574,154,15,1,3838.573939,21,10,0,nan,104,0,0.35771
55021,243,F_coverage_integrated,15,15,15,4683.793,117,15,1,3908.793189,32,17,8,2223.825179737213,71,0,1.687667
55021,243,G_rolling_coverage,15,15,15,4661.114,119,15,1,3876.113784,34,22,8,2223.825179737213,71,0,1.596355
55021,243,I_ring_optimized,15,15,15,4330.101,117,15,1,3559.101263,32,20,8,2091.430365457425,70,0,0.990782
55021,243,J_ring7_1000,15,15,15,4236.297,126,15,1,3411.297077,35,19,8,1980.0342285405668,76,0,0.498705
55021,243,Jplus_final,15,15,15,4307.922,121,15,1,3515.921888,30,21,0,1877.6916233405543,76,0,0.285396
55021,244,C_region_q2,13,13,13,5591.208,147,13,1,4647.208315,13,0,0,nan,106,0,0.26592
55021,244,Cplus_completion_coobserve,13,13,13,4478.063,152,13,1,3505.062559,18,9,0,nan,106,0,0.273628
55021,244,F_coverage_integrated,13,13,13,4000.37,110,13,1,3280.37023,30,18,8,2257.5357260246037,67,0,0.950844
55021,244,G_rolling_coverage,13,13,13,3996.8,110,13,1,3275.80027,30,20,8,2257.5357260246037,67,0,0.839549
55021,244,I_ring_optimized,13,13,13,3868.961,111,13,1,3143.96101,31,18,8,2184.5428959500705,67,0,1.195634
55021,244,J_ring7_1000,13,13,13,3995.367,126,13,1,3179.36671,36,23,8,2111.219485931968,77,0,0.872288
55021,244,Jplus_final,13,13,13,3730.017,122,13,1,2939.016809,31,26,0,1904.6331530009609,78,0,0.20445
55021,245,C_region_q2,14,14,14,4582.804,119,14,1,3799.804249,10,0,0,nan,72,0,0.363487
55021,245,Cplus_completion_coobserve,14,14,14,4314.866,124,14,1,3502.866007,15,8,0,nan,72,0,0.152948
55021,245,F_coverage_integrated,14,14,14,3751.268,96,14,1,3108.267516,31,21,7,2156.149480667778,51,0,1.470273
55021,245,G_rolling_coverage,14,14,14,3758.172,97,14,1,3109.17174,32,23,7,2156.149480667778,51,0,1.406614
55021,245,I_ring_optimized,14,14,14,3650.642,98,14,1,2995.641805,33,24,7,2047.692420345662,51,0,1.308022
55021,245,J_ring7_1000,14,14,14,3426.812,102,14,1,2747.812046,31,20,8,2046.0623047866986,57,0,1.135052
55021,245,Jplus_final,14,14,14,3568.765,102,14,1,2889.76539,27,25,0,1905.2993954355625,61,0,0.130218
55021,246,C_region_q2,13,13,13,4720.13,140,13,1,3816.129728,11,0,0,nan,101,0,0.343659
55021,246,Cplus_completion_coobserve,13,13,13,4311.139,143,13,1,3392.139141,14,6,0,nan,101,0,0.312187
55021,246,F_coverage_integrated,13,13,13,4455.304,117,13,1,3693.303618,29,14,8,2225.1382446236653,75,0,0.906293
55021,246,G_rolling_coverage,13,13,13,4458.276,118,13,1,3691.275815,30,18,8,2225.1382446236653,75,0,0.844631
55021,246,I_ring_optimized,13,13,13,4008.039,116,13,1,3249.03876,28,18,8,2120.890233277395,75,0,0.443525
55021,246,J_ring7_1000,13,13,13,4096.277,128,13,1,3270.277045,31,19,7,2018.620993586096,84,0,1.245191
55021,246,Jplus_final,13,13,13,3873.881,122,13,1,3080.881345,25,20,0,1923.5439441806216,84,0,0.19628
55021,247,C_region_q2,12,12,12,4494.556,137,12,1,3613.555968,9,0,0,nan,97,0,0.362263
55021,247,Cplus_completion_coobserve,12,12,12,4048.846,139,12,1,3155.846449,11,4,0,nan,97,0,0.256564
55021,247,F_coverage_integrated,12,12,12,3840.122,105,12,1,3152.122292,24,12,8,2358.8076049218116,70,0,1.489726
55021,247,G_rolling_coverage,12,12,12,3840.122,105,12,1,3152.122292,24,12,8,2358.8076049218116,70,0,1.391484
55021,247,I_ring_optimized,12,12,12,3689.063,106,12,1,2997.062509,25,11,8,2186.200157487565,69,0,1.523681
55021,247,J_ring7_1000,12,12,12,3690.773,118,12,1,2926.772809,31,20,5,1986.8587948529666,76,0,2.098029
55021,247,Jplus_final,12,12,12,3596.127,110,12,1,2880.126982,23,18,0,1894.9039235658802,75,0,0.120458
55021,248,C_region_q2,14,14,14,5301.115,142,14,1,4383.115338,14,0,0,nan,96,0,0.378691
55021,248,Cplus_completion_coobserve,14,14,14,4743.186,151,14,1,3771.186419,23,10,0,nan,97,0,0.251312
55021,248,F_coverage_integrated,14,14,14,4462.349,115,14,1,3705.348647,34,20,8,2246.0782801507416,67,0,0.924282
55021,248,G_rolling_coverage,14,14,14,4200.276,116,14,1,3436.275916,35,23,8,2246.0782801507416,68,0,0.985786
55021,248,I_ring_optimized,14,14,14,4066.586,116,14,1,3305.586134,35,21,8,2171.3684414445747,67,0,1.258144
55021,248,J_ring7_1000,14,14,14,4111.186,122,14,1,3314.186424,34,23,7,2033.4898931440177,74,0,0.910896
55021,248,Jplus_final,14,14,14,3745.546,114,14,1,2996.546108,26,22,0,1897.9858135659829,74,0,0.148071
55021,249,C_region_q2,16,16,16,5284.157,123,16,1,4471.157282,17,0,0,nan,72,0,0.447322
55021,249,Cplus_completion_coobserve,16,16,16,4181.699,129,16,1,3329.699394,23,11,0,nan,72,0,0.217518
55021,249,F_coverage_integrated,16,16,16,4276.774,109,16,1,3547.774019,42,22,8,2095.7853832693863,52,0,0.940564
55021,249,G_rolling_coverage,16,16,16,4274.328,109,16,1,3545.328287,42,25,8,2095.7853832693863,52,0,0.825153
55021,249,I_ring_optimized,16,16,16,3876.48,108,16,1,3153.479805,41,26,8,1974.5956048255935,52,0,0.857661
55021,249,J_ring7_1000,16,16,16,3936.52,121,16,1,3134.519537,49,34,8,1924.5865916576504,59,0,1.524013
55021,249,Jplus_final,16,16,16,3919.833,114,16,1,3162.832924,42,37,0,1767.343170393507,56,0,0.299641
55021,250,C_region_q2,14,14,14,5502.966,145,14,1,4565.965555,13,0,0,nan,101,0,0.345185
55021,250,Cplus_completion_coobserve,14,14,14,4827.155,145,14,1,3890.154556,13,4,0,nan,101,0,0.180168
55021,250,F_coverage_integrated,14,14,14,4193.393,111,14,1,3462.392545,29,17,6,2330.2566131955746,68,0,1.08262
55021,250,G_rolling_coverage,14,14,14,3957.419,109,14,1,3238.419487,27,17,6,2330.2566131955746,68,0,1.120423
55021,250,I_ring_optimized,14,14,14,4032.099,112,14,1,3296.098515,33,23,5,2096.103490478075,65,0,1.354259
55021,250,J_ring7_1000,14,14,14,3996.703,117,14,1,3229.702839,32,19,7,1962.1127150025586,71,0,1.314957
55021,250,Jplus_final,14,14,14,3943.013,109,14,1,3223.012796,24,20,0,1846.3209738821395,71,0,0.200846
55021,251,C_region_q2,14,14,14,4637.103,143,14,1,3710.103101,10,0,0,nan,100,0,0.278702
55021,251,Cplus_completion_coobserve,14,14,14,4333.437,146,14,1,3390.436622,13,5,0,nan,100,0,0.248382
55021,251,F_coverage_integrated,14,14,14,5011.789,105,14,1,4321.788555,35,16,6,2200.432372638924,56,0,1.36794
55021,251,G_rolling_coverage,14,14,14,4571.729,103,14,1,3890.729048,33,18,6,2200.432372638924,56,0,1.29283
55021,251,I_ring_optimized,14,14,14,4353.244,103,14,1,3672.243583,33,20,5,2025.7094444523664,56,0,1.216414
55021,251,J_ring7_1000,14,14,14,4133.352,124,14,1,3325.352304,35,18,8,1973.4276244183404,75,0,0.71231
55021,251,Jplus_final,14,14,14,3785.22,111,14,1,3053.219932,28,21,0,1898.3924727559606,69,0,0.248624
55021,252,C_region_q2,15,15,15,4931.175,133,15,1,4061.174778,15,0,0,nan,80,0,0.444423
55021,252,Cplus_completion_coobserve,15,15,15,4107.34,135,15,1,3224.340303,17,10,0,nan,80,0,0.245632
55021,252,F_coverage_integrated,15,15,15,4167.195,101,15,1,3490.194714,41,25,8,2157.0692745059278,47,0,1.281452
55021,252,G_rolling_coverage,15,15,15,4003.962,103,15,1,3313.961712,43,29,8,2157.0692745059278,47,0,1.059622
55021,252,I_ring_optimized,15,15,15,3486.041,92,15,1,2863.040879,32,22,8,1989.435038777872,46,0,0.881493
55021,252,J_ring7_1000,15,15,15,3312.743,109,15,1,2585.743208,37,28,7,2041.543351101144,57,0,1.853129
55021,252,Jplus_final,15,15,15,3578.435,95,15,1,2939.434936,30,28,0,1777.3674696315024,50,0,0.142817
55021,253,C_region_q2,15,15,15,4310.535,125,15,1,3486.534721,9,0,0,nan,80,0,0.293548
55021,253,Cplus_completion_coobserve,15,15,15,4121.211,128,15,1,3279.211262,12,5,0,nan,80,0,0.247295
55021,253,F_coverage_integrated,15,15,15,3834.536,103,15,1,3143.536423,39,26,8,2106.375471433502,50,0,1.115119
55021,253,G_rolling_coverage,15,15,15,3850.579,106,15,1,3142.578861,42,30,8,2106.375471433502,50,0,1.102378
55021,253,I_ring_optimized,15,15,15,3570.816,105,15,1,2868.816494,41,28,8,2085.3507324714,50,0,1.023736
55021,253,J_ring7_1000,15,15,15,3423.768,104,15,1,2729.767862,34,22,8,1987.6904136901317,55,0,1.314612
55021,253,Jplus_final,15,15,15,3887.758,103,15,1,3199.757705,33,29,0,1852.695286445109,55,0,0.125063
55021,254,C_region_q2,11,11,11,4676.793,137,11,1,3800.793427,9,0,0,nan,103,0,0.301201
55021,254,Cplus_completion_coobserve,11,11,11,4015.77,142,11,1,3112.770173,14,6,0,nan,103,0,0.258513
55021,254,F_coverage_integrated,11,11,11,3921.734,114,11,1,3185.733588,29,14,7,2203.5336046156526,75,0,1.455957
55021,254,G_rolling_coverage,11,11,11,3924.889,116,11,1,3177.888967,31,18,7,2203.5336046156526,75,0,1.451889
55021,254,I_ring_optimized,11,11,11,3751.016,114,11,1,3016.01644,30,18,7,2114.6043646889184,74,0,1.351218
55021,254,J_ring7_1000,11,11,11,3786.18,124,11,1,2989.179738,28,18,7,2179.095313517847,85,0,1.026654
55021,254,Jplus_final,11,11,11,3610.629,118,11,1,2851.629385,22,17,0,1908.2668933268806,85,0,0.184267
55021,255,C_region_q2,13,13,13,4874.547,136,13,1,3995.547052,12,0,0,nan,90,0,0.4067
55021,255,Cplus_completion_coobserve,13,13,13,4189.03,136,13,1,3310.030476,12,7,0,nan,90,0,0.198694
55021,255,F_coverage_integrated,13,13,13,4066.67,106,13,1,3369.670158,29,18,8,2200.3685624461887,64,0,1.58396
55021,255,G_rolling_coverage,13,13,13,4066.67,106,13,1,3369.670158,29,18,8,2200.3685624461887,64,0,1.488362
55021,255,I_ring_optimized,13,13,13,3635.527,106,13,1,2938.527211,29,19,8,2102.74702040244,64,0,0.988774
55021,255,J_ring7_1000,13,13,13,3564.519,115,13,1,2813.518767,36,23,8,2158.4206865498854,66,0,1.481122
55021,255,Jplus_final,13,13,13,3723.401,105,13,1,3029.400784,22,19,0,1917.3121910480895,70,0,0.105805
55021,256,C_region_q2,14,14,14,4682.812,133,14,1,3816.812004,12,0,0,nan,89,0,0.391138
55021,256,Cplus_completion_coobserve,14,14,14,4169.924,138,14,1,3273.92401,17,8,0,nan,89,0,0.231463
55021,256,F_coverage_integrated,14,14,14,3721.435,108,14,1,3005.435201,34,19,8,2163.372224862451,62,0,1.012763
55021,256,G_rolling_coverage,14,14,14,3929.904,116,14,1,3168.904199,42,27,8,2163.372224862451,62,0,1.102802
55021,256,I_ring_optimized,14,14,14,3599.966,115,14,1,2845.965817,41,27,8,2022.9453583362317,62,0,0.914467
55021,256,J_ring7_1000,14,14,14,3559.697,132,14,1,2706.697201,42,28,8,2085.990791648044,78,0,1.233083
55021,256,Jplus_final,14,14,14,3493.328,119,14,1,2717.328406,29,24,0,1953.1960284567094,76,0,0.188444
55021,257,C_region_q2,13,13,13,4964.742,147,13,1,4020.742243,14,0,0,nan,103,0,0.325416
55021,257,Cplus_completion_coobserve,13,13,13,4171.864,152,13,1,3198.86401,19,10,0,nan,103,0,0.235803
55021,257,F_coverage_integrated,13,13,13,4476.029,116,13,1,3720.028775,32,17,8,2239.0429525897107,71,0,0.98729
55021,257,G_rolling_coverage,13,13,13,4664.267,115,13,1,3914.2671,31,16,8,2239.0429525897107,71,0,0.924188
55021,257,I_ring_optimized,13,13,13,3919.977,119,13,1,3146.977199,35,21,8,2078.349340587745,71,0,0.945763
55021,257,J_ring7_1000,13,13,13,3832.331,124,13,1,3029.330663,36,25,8,2082.1185593292967,76,0,0.54876
55021,257,Jplus_final,13,13,13,3927.047,120,13,1,3146.047312,32,25,0,1902.0028479638154,75,0,0.120651
55021,258,C_region_q2,10,10,10,4642.799,140,10,1,3753.799057,9,0,0,nan,110,0,0.290892
55021,258,Cplus_completion_coobserve,10,10,10,4118.717,140,10,1,3229.716816,9,4,0,nan,110,0,0.164753
55021,258,F_coverage_integrated,10,10,10,3850.978,116,10,1,3109.978415,19,8,7,2279.4329884716453,87,0,0.587362
55021,258,G_rolling_coverage,10,10,10,3860.978,118,10,1,3109.978415,21,10,7,2279.4329884716453,87,0,0.60085
55021,258,I_ring_optimized,10,10,10,3764.411,121,10,1,2994.410743,24,13,7,2177.055799269488,87,0,0.614733
55021,258,J_ring7_1000,10,10,10,3540.358,127,10,1,2730.357774,23,17,5,2091.6995290178975,94,0,1.32973
55021,258,Jplus_final,10,10,10,3437.698,120,10,1,2668.697853,16,15,0,1961.4224017049498,94,0,0.056829
55021,259,C_region_q2,12,12,12,4738.508,142,12,1,3828.508323,10,0,0,nan,106,0,0.301174
55021,259,Cplus_completion_coobserve,12,12,12,4287.029,145,12,1,3359.029207,13,6,0,nan,106,0,0.206112
55021,259,F_coverage_integrated,12,12,12,3895.748,110,12,1,3178.748245,26,13,7,2257.7934565011437,72,0,0.995508
55021,259,G_rolling_coverage,12,12,12,3893.38,112,12,1,3166.379569,28,17,7,2257.7934565011437,72,0,0.899678
55021,259,I_ring_optimized,12,12,12,3871.399,108,12,1,3169.3991,24,17,5,2095.567730202494,72,0,0.676627
55021,259,J_ring7_1000,12,12,12,3846.346,129,12,1,3017.345703,32,20,8,2068.8239888496078,85,0,1.343419
55021,259,Jplus_final,12,12,12,3679.235,122,12,1,2895.235408,25,20,0,1917.7852148383759,85,0,0.198725
55021,260,C_region_q2,12,12,12,4871.523,138,12,1,3984.523083,10,0,0,nan,104,0,0.231812
55021,260,Cplus_completion_coobserve,12,12,12,4286.384,141,12,1,3384.384336,13,6,0,nan,104,0,0.204918
55021,260,F_coverage_integrated,12,12,12,4171.331,119,12,1,3401.331001,30,18,6,2282.8982484678722,77,0,0.882604
55021,260,G_rolling_coverage,12,12,12,4170.954,119,12,1,3400.9536,30,18,6,2282.8982484678722,77,0,0.905171
55021,260,I_ring_optimized,12,12,12,3847.066,117,12,1,3090.066101,28,15,5,2149.279586195841,78,0,0.904916
55021,260,J_ring7_1000,12,12,12,3850.62,140,12,1,2954.619776,33,23,5,2091.7101892560836,95,0,1.219056
55021,260,Jplus_final,12,12,12,3957.017,134,12,1,3097.017388,27,22,0,1994.3859894901177,95,0,0.156866
55021,261,C_region_q2,16,16,16,5115.516,119,16,1,4324.515962,13,0,0,nan,71,0,0.428222
55021,261,Cplus_completion_coobserve,16,16,16,4518.135,124,16,1,3696.135411,18,7,0,nan,71,0,0.25442
55021,261,F_coverage_integrated,16,16,16,4839.707,107,16,1,4125.706553,43,23,8,1995.6646623396953,48,0,0.860491
55021,261,G_rolling_coverage,16,16,16,4211.969,104,16,1,3513.968732,40,24,8,1995.6646623396953,49,0,0.949946
55021,261,I_ring_optimized,16,16,16,3947.903,102,16,1,3262.903357,38,24,7,1849.301701174953,48,0,1.180893
55021,261,J_ring7_1000,16,16,16,4439.618,123,16,1,3627.618138,51,34,8,1995.3619683915704,56,0,1.209279
55021,261,Jplus_final,16,16,16,4192.756,107,16,1,3474.755733,35,28,0,1821.3822992163641,56,0,0.258501
55021,262,C_region_q2,10,10,10,4532.521,134,10,1,3679.521351,8,0,0,nan,102,0,0.323153
55021,262,Cplus_completion_coobserve,10,10,10,4076.151,138,10,1,3201.15135,12,4,0,nan,102,0,0.247048
55021,262,F_coverage_integrated,10,10,10,4022.825,117,10,1,3274.824611,24,11,8,2275.862357000537,83,0,0.54769
55021,262,G_rolling_coverage,10,10,10,3995.186,117,10,1,3247.186433,24,11,8,2275.862357000537,83,0,0.551896
55021,262,I_ring_optimized,10,10,10,3962.812,120,10,1,3201.811623,26,12,3,2020.3509511195102,86,0,0.744626
55021,262,J_ring7_1000,10,10,10,3917.397,133,10,1,3073.397338,29,18,8,2160.6414350954196,94,0,0.610062
55021,262,Jplus_final,10,10,10,3818.776,127,10,1,3011.775974,23,19,0,1983.6834409299536,94,0,0.105082
55021,263,C_region_q2,11,11,11,4425.652,142,11,1,3519.652006,10,0,0,nan,110,0,0.270332
55021,263,Cplus_completion_coobserve,11,11,11,3989.615,143,11,1,3078.615407,11,5,0,nan,110,0,0.151111
55021,263,F_coverage_integrated,11,11,11,3829.396,118,11,1,3071.396327,25,13,8,2256.111301625532,82,0,1.123089
55021,263,G_rolling_coverage,11,11,11,3842.909,120,11,1,3073.909125,27,15,8,2256.111301625532,82,0,1.098025
55021,263,I_ring_optimized,11,11,11,3664.9,116,11,1,2916.900301,23,14,6,2129.6294806557835,82,0,0.977524
55021,263,J_ring7_1000,11,11,11,3477.612,129,11,1,2651.612066,28,18,5,2019.2875720483357,90,0,1.474045
55021,263,Jplus_final,11,11,11,3497.786,122,11,1,2713.785627,21,16,0,1934.8266156405048,90,0,0.204342
55021,264,C_region_q2,13,13,13,5215.631,139,13,1,4320.631142,13,0,0,nan,98,0,0.284837
55021,264,Cplus_completion_coobserve,13,13,13,4890.562,140,13,1,3987.561592,14,4,0,nan,98,0,0.124265
55021,264,F_coverage_integrated,13,13,13,4648.519,104,13,1,3965.51865,26,10,8,2197.064255624581,65,0,0.695136
55021,264,G_rolling_coverage,13,13,13,4654.16,105,13,1,3965.160039,27,12,8,2197.064255624581,65,0,0.689404
55021,264,I_ring_optimized,13,13,13,4436.453,123,13,1,3639.452661,36,19,8,2166.8488479595026,75,0,0.799971
55021,264,J_ring7_1000,13,13,13,4516.636,132,13,1,3667.636151,39,22,8,2140.69614612597,84,0,0.866025
55021,264,Jplus_final,13,13,13,3997.363,122,13,1,3205.363479,27,20,0,2058.2724176297015,82,0,0.261475
55021,265,C_region_q2,11,11,11,4739.92,145,11,1,3815.920477,10,0,0,nan,115,0,0.245376
55021,265,Cplus_completion_coobserve,11,11,11,4346.959,150,11,1,3395.959192,15,5,0,nan,115,0,0.260447
55021,265,F_coverage_integrated,11,11,11,4620.166,129,11,1,3800.165609,27,10,6,2269.9156045898744,91,0,0.52444
55021,265,G_rolling_coverage,11,11,11,4404.227,129,11,1,3584.227157,27,14,6,2269.9156045898744,91,0,0.463241
55021,265,I_ring_optimized,11,11,11,4269.839,130,11,1,3445.83946,28,14,6,2143.507357119978,91,0,0.584651
55021,265,J_ring7_1000,11,11,11,3961.368,147,11,1,3031.367803,29,20,4,2072.0141304133895,107,0,0.857856
55021,265,Jplus_final,11,11,11,3879.666,138,11,1,3001.665874,20,16,0,2004.097963969201,107,0,0.183573
55021,266,C_region_q2,10,10,10,4544.693,137,10,1,3675.692883,8,0,0,nan,105,0,0.208812
55021,266,Cplus_completion_coobserve,10,10,10,4354.197,140,10,1,3468.19716,11,3,0,nan,105,0,0.189315
55021,266,F_coverage_integrated,10,10,10,3935.944,116,10,1,3193.943799,25,12,8,2288.447711604924,81,0,0.921051
55021,266,G_rolling_coverage,10,10,10,3935.944,116,10,1,3193.943799,25,12,8,2288.447711604924,81,0,0.824712
55021,266,I_ring_optimized,10,10,10,3455.387,116,10,1,2715.386596,25,13,6,2231.999067283013,82,0,1.341901
55021,266,J_ring7_1000,10,10,10,3589.966,126,10,1,2786.965535,23,14,6,2191.0239885720766,93,0,1.586558
55021,266,Jplus_final,10,10,10,3409.455,118,10,1,2653.454982,15,12,0,2001.3314244872008,93,0,0.102242
55021,267,C_region_q2,15,15,15,5457.866,137,15,1,4563.866094,13,0,0,nan,88,0,0.364854
55021,267,Cplus_completion_coobserve,15,15,15,4545.545,137,15,1,3649.544787,13,6,0,nan,88,0,0.271441
55021,267,F_coverage_integrated,15,15,15,4687.915,110,15,1,3954.915123,38,26,8,2376.9235599234676,57,0,1.014315
55021,267,G_rolling_coverage,15,15,15,4451.262,110,15,1,3718.262393,38,28,8,2376.9235599234676,57,0,0.79866
55021,267,I_ring_optimized,15,15,15,4072.62,108,15,1,3355.620494,42,27,7,2118.476473415907,51,0,2.230414
55021,267,J_ring7_1000,15,15,15,4222.588,133,15,1,3356.588176,37,23,6,2061.614789392729,81,0,0.894941
55021,267,Jplus_final,15,15,15,4247.828,125,15,1,3426.82764,29,22,0,1919.0131026896959,81,0,0.188789
55021,268,C_region_q2,14,14,14,4816.246,138,14,1,3921.246479,15,0,0,nan,88,0,0.418686
55021,268,Cplus_completion_coobserve,14,14,14,4369.428,139,14,1,3468.42772,16,7,0,nan,88,0,0.196808
55021,268,F_coverage_integrated,14,14,14,4855.655,105,14,1,4162.655212,38,18,8,2129.2039769656913,55,0,0.838515
55021,268,G_rolling_coverage,14,14,14,4433.137,106,14,1,3734.13733,39,24,8,2129.2039769656913,55,0,0.820955
55021,268,I_ring_optimized,14,14,14,4105.576,105,14,1,3413.576049,38,21,8,2028.0614124089198,56,0,0.80684
55021,268,J_ring7_1000,14,14,14,3665.465,108,14,1,2949.465263,35,24,8,1991.8485104311228,60,0,1.210106
55021,268,Jplus_final,14,14,14,3587.541,101,14,1,2913.540656,28,27,0,1819.2754803568787,59,0,0.095976
55021,269,C_region_q2,12,12,12,5166.715,137,12,1,4286.715171,12,0,0,nan,100,0,0.271767
55021,269,Cplus_completion_coobserve,12,12,12,4130.725,141,12,1,3226.724883,16,6,0,nan,100,0,0.238684
55021,269,F_coverage_integrated,12,12,12,3983.502,107,12,1,3284.502255,27,13,7,2244.1716467806446,69,0,0.924252
55021,269,G_rolling_coverage,12,12,12,3974.805,107,12,1,3276.805321,27,14,7,2244.1716467806446,69,0,1.06427
55021,269,I_ring_optimized,12,12,12,3916.912,107,12,1,3218.91173,27,13,8,2132.3441232057694,69,0,0.829765
55021,269,J_ring7_1000,12,12,12,4182.378,124,12,1,3384.378314,35,20,8,2026.2065028621275,77,0,1.34422
55021,269,Jplus_final,12,12,12,4018.061,115,12,1,3270.061007,26,21,0,1864.3209738821395,77,0,0.118833
55021,270,C_region_q2,13,13,13,4622.433,137,13,1,3736.432617,10,0,0,nan,92,0,0.359902
55021,270,Cplus_completion_coobserve,13,13,13,4401.106,138,13,1,3510.106332,11,5,0,nan,92,0,0.216802
55021,270,F_coverage_integrated,13,13,13,4875.512,111,13,1,4149.511862,39,23,8,2159.7635092305914,60,0,0.783152
55021,270,G_rolling_coverage,13,13,13,4562.067,109,13,1,3846.067317,37,25,8,2159.7635092305914,60,0,0.765761
55021,270,I_ring_optimized,13,13,13,4290.19,109,13,1,3577.189926,37,25,8,2056.686125095439,61,0,0.754607
55021,270,J_ring7_1000,13,13,13,3813.815,116,13,1,3053.814794,31,20,8,1982.0660200077828,72,0,0.715349
55021,270,Jplus_final,13,13,13,3891.658,109,13,1,3176.657981,26,24,0,1907.1801155986013,70,0,0.117296
55021,271,C_region_q2,12,12,12,4614.017,149,12,1,3662.016786,12,0,0,nan,110,0,0.43007
55021,271,Cplus_completion_coobserve,12,12,12,4270.29,150,12,1,3313.289683,13,6,0,nan,110,0,0.242583
55021,271,F_coverage_integrated,12,12,12,4228.503,114,12,1,3490.503322,29,18,7,2216.4319748868957,73,0,1.850657
55021,271,G_rolling_coverage,12,12,12,4215.994,113,12,1,3482.993966,28,20,7,2216.4319748868957,73,0,1.665258
55021,271,I_ring_optimized,12,12,12,4258.711,114,12,1,3517.710956,29,19,5,2066.128069078238,73,0,1.179184
55021,271,J_ring7_1000,12,12,12,3769.624,139,12,1,2880.624403,35,20,8,2117.042780895231,93,0,0.988875
55021,271,Jplus_final,12,12,12,3931.114,123,12,1,3138.113629,26,19,0,1973.98914387465,85,0,0.177897
55021,272,C_region_q2,13,13,13,4402.317,129,13,1,3564.316579,9,0,0,nan,87,0,0.337862
55021,272,Cplus_completion_coobserve,13,13,13,4024.959,130,13,1,3180.959413,10,2,0,nan,87,0,0.21643
55021,272,F_coverage_integrated,13,13,13,3913.409,107,13,1,3210.409191,32,18,7,2251.4489896708965,63,0,0.97571
55021,272,G_rolling_coverage,13,13,13,3908.394,107,13,1,3205.394272,32,19,7,2251.4489896708965,63,0,1.10587
55021,272,I_ring_optimized,13,13,13,3819.283,108,13,1,3112.282891,33,19,8,2117.6028445347033,63,0,1.214899
55021,272,J_ring7_1000,13,13,13,3656.517,111,13,1,2926.517146,31,21,8,2027.0876336883719,67,0,1.301726
55021,272,Jplus_final,13,13,13,3615.788,104,13,1,2929.788408,24,21,0,1867.6917057102337,67,0,0.149289
55021,273,C_region_q2,10,10,10,4247.485,141,10,1,3353.484819,7,0,0,nan,113,0,0.237833
55021,273,Cplus_completion_coobserve,10,10,10,4014.157,144,10,1,3104.157104,10,4,0,nan,113,0,0.109221
55021,273,F_coverage_integrated,10,10,10,3727.431,113,10,1,3004.430763,20,8,7,2316.11746725603,83,0,0.890718
55021,273,G_rolling_coverage,10,10,10,3729.316,114,10,1,3001.316122,21,10,7,2316.11746725603,83,0,0.904506
55021,273,I_ring_optimized,10,10,10,3610.543,115,10,1,2876.542943,22,11,6,2164.253466841251,83,0,1.01078
55021,273,J_ring7_1000,10,10,10,3541.392,129,10,1,2722.39236,24,14,3,1995.1053631185248,95,0,1.245013
55021,273,Jplus_final,10,10,10,3509.23,124,10,1,2720.229543,19,12,0,1953.2741442573015,95,0,0.196404
55021,274,C_region_q2,13,13,13,5265.843,139,13,1,4368.842904,10,0,0,nan,99,0,0.322976
55021,274,Cplus_completion_coobserve,13,13,13,4267.849,141,13,1,3359.849445,12,4,0,nan,99,0,0.267343
55021,274,F_coverage_integrated,13,13,13,4032.996,119,13,1,3257.99571,38,25,8,2383.6402216006213,69,0,0.957687
55021,274,G_rolling_coverage,13,13,13,4031.144,120,13,1,3251.144159,39,27,8,2383.6402216006213,69,0,0.900102
55021,274,I_ring_optimized,13,13,13,3835.469,114,13,1,3087.468676,33,23,8,2262.5746029618585,68,0,0.854728
55021,274,J_ring7_1000,13,13,13,3757.002,124,13,1,2952.001527,29,16,8,2081.8982430290384,82,0,0.710351
55021,274,Jplus_final,13,13,13,4066.7,119,13,1,3290.700472,24,18,0,1948.7408841068623,82,0,0.159406
55021,275,C_region_q2,12,12,12,4944.753,146,12,1,4009.752729,11,0,0,nan,111,0,0.267532
55021,275,Cplus_completion_coobserve,12,12,12,4628.191,152,12,1,3657.190606,17,7,0,nan,111,0,0.199447
55021,275,F_coverage_integrated,12,12,12,4535.305,127,12,1,3716.305434,30,15,8,2283.3258488648303,85,0,0.632878
55021,275,G_rolling_coverage,12,12,12,4261.811,127,12,1,3441.810982,30,18,8,2283.3258488648303,85,0,0.634691
55021,275,I_ring_optimized,12,12,12,4104.56,125,12,1,3298.560057,28,20,5,2105.441044020708,85,0,1.005407
55021,275,J_ring7_1000,12,12,12,4197.948,131,12,1,3353.948035,22,15,1,1960.373865527463,97,0,0.889316
55021,275,Jplus_final,12,12,12,4192.159,130,12,1,3354.158968,21,15,0,1954.3209738821395,97,0,0.092561
55021,276,C_region_q2,12,12,12,4879.401,140,12,1,3981.401347,11,0,0,nan,102,0,0.298041
55021,276,Cplus_completion_coobserve,12,12,12,4393.188,143,12,1,3477.188405,14,6,0,nan,102,0,0.177912
55021,276,F_coverage_integrated,12,12,12,4195.036,122,12,1,3408.03611,25,14,6,2321.2343698772,85,0,0.377279
55021,276,G_rolling_coverage,12,12,12,4195.036,122,12,1,3408.03611,25,14,6,2321.2343698772,85,0,0.348647
55021,276,I_ring_optimized,12,12,12,3827.651,129,12,1,2997.650668,32,20,8,2254.4980917431485,87,0,0.509591
55021,276,J_ring7_1000,12,12,12,3662.95,137,12,1,2783.950203,33,24,7,2159.429785554185,93,0,1.01454
55021,276,Jplus_final,12,12,12,3520.15,123,12,1,2726.149546,24,20,0,1936.4997436428353,88,0,0.132242
55021,277,C_region_q2,12,12,12,4916.012,146,12,1,3981.012418,11,0,0,nan,109,0,0.374847
55021,277,Cplus_completion_coobserve,12,12,12,4232.819,148,12,1,3287.819365,13,6,0,nan,109,0,0.219536
55021,277,F_coverage_integrated,12,12,12,3951.36,115,12,1,3203.359863,25,14,8,2344.801069919135,79,0,1.167145
55021,277,G_rolling_coverage,12,12,12,3951.006,115,12,1,3203.006137,25,15,8,2344.801069919135,79,0,1.090706
55021,277,I_ring_optimized,12,12,12,4091.13,118,12,1,3325.129767,28,16,8,2156.9228462133738,79,0,1.117298
55021,277,J_ring7_1000,12,12,12,3829.042,134,12,1,2967.042093,24,15,6,2118.5222822497885,98,0,0.973264
55021,277,Jplus_final,12,12,12,3970.453,132,12,1,3122.453353,22,19,0,1984.3209738821397,98,0,0.145637
55021,278,C_region_q2,14,14,14,4822.201,137,14,1,3931.200505,10,0,0,nan,94,0,0.289677
55021,278,Cplus_completion_coobserve,14,14,14,4212.482,137,14,1,3321.482404,10,4,0,nan,94,0,0.201489
55021,278,F_coverage_integrated,14,14,14,4028.105,104,14,1,3336.104618,29,17,8,2201.533942321171,61,0,0.696794
55021,278,G_rolling_coverage,14,14,14,4041.622,106,14,1,3339.621665,31,19,8,2201.533942321171,61,0,0.689298
55021,278,I_ring_optimized,14,14,14,3922.741,107,14,1,3213.740553,32,20,8,2063.3040450492454,61,0,0.677169
55021,278,J_ring7_1000,14,14,14,4077.888,122,14,1,3279.887682,40,28,8,1959.5741491200001,68,0,1.235725
55021,278,Jplus_final,14,14,14,3990.534,116,14,1,3229.534149,34,29,0,1846.3209738821395,69,0,0.074859
55021,279,C_region_q2,12,12,12,4696.945,134,12,1,3835.945394,10,0,0,nan,95,0,0.325363
55021,279,Cplus_completion_coobserve,12,12,12,4322.968,136,12,1,3450.967668,12,4,0,nan,95,0,0.175253
55021,279,F_coverage_integrated,12,12,12,3966.329,111,12,1,3245.329182,34,18,8,2205.612518870655,66,0,1.006862
55021,279,G_rolling_coverage,12,12,12,3979.908,113,12,1,3247.908004,36,23,8,2205.612518870655,66,0,0.95024
55021,279,I_ring_optimized,12,12,12,3840.963,111,12,1,3120.963244,34,23,8,2075.7545075392504,66,0,0.887523
55021,279,J_ring7_1000,12,12,12,4011.955,131,12,1,3173.954867,38,21,8,2027.847324715315,81,0,1.216146
55021,279,Jplus_final,12,12,12,4032.735,123,12,1,3237.735028,30,24,0,1922.2422017686672,81,0,0.182838
55021,280,C_region_q2,15,15,15,4606.771,136,15,1,3717.770684,12,0,0,nan,87,0,0.334387
55021,280,Cplus_completion_coobserve,15,15,15,4363.962,141,15,1,3446.962488,17,7,0,nan,87,0,0.31475
55021,280,F_coverage_integrated,15,15,15,4712.381,114,15,1,3956.381395,41,23,8,2147.694279895754,58,0,0.668303
55021,280,G_rolling_coverage,15,15,15,4493.728,114,15,1,3739.72809,41,26,8,2147.694279895754,58,0,0.593093
55021,280,I_ring_optimized,15,15,15,4303.081,115,15,1,3541.081414,42,27,8,2083.6778968563476,58,0,0.884244
55021,280,J_ring7_1000,15,15,15,3777.883,121,15,1,2981.882838,50,36,8,2040.056617285084,58,0,2.283651
55021,280,Jplus_final,15,15,15,3622.023,102,15,1,2938.023037,31,27,0,1867.1850655988185,57,0,0.097051
55021,281,C_region_q2,13,13,13,5168.596,141,13,1,4260.595946,13,0,0,nan,97,0,0.297751
55021,281,Cplus_completion_coobserve,13,13,13,4861.322,146,13,1,3921.32151,18,9,0,nan,97,0,0.248214
55021,281,F_coverage_integrated,13,13,13,4477.101,116,13,1,3718.101113,35,21,8,2302.3507628700895,69,0,0.884549
55021,281,G_rolling_coverage,13,13,13,4475.84,116,13,1,3717.839525,35,22,8,2302.3507628700895,69,0,0.885881
55021,281,I_ring_optimized,13,13,13,4081.216,117,13,1,3320.215508,38,25,7,2187.8948894990494,67,0,1.116035
55021,281,J_ring7_1000,13,13,13,3910.501,117,13,1,3147.500562,35,23,8,2033.8561265997507,69,0,1.023437
55021,281,Jplus_final,13,13,13,3932.546,108,13,1,3221.545808,21,18,0,1908.8595522659332,74,0,0.14997
55021,282,C_region_q2,13,13,13,4979.38,147,13,1,4035.380192,12,0,0,nan,109,0,0.321029
55021,282,Cplus_completion_coobserve,13,13,13,4489.59,148,13,1,3538.589666,13,4,0,nan,109,0,0.200842
55021,282,F_coverage_integrated,13,13,13,4792.166,123,13,1,3995.166473,32,12,8,2213.542534169753,79,0,0.48039
55021,282,G_rolling_coverage,13,13,13,4376.227,122,13,1,3585.227454,31,15,8,2213.542534169753,79,0,0.544262
55021,282,I_ring_optimized,13,13,13,4282.143,123,13,1,3490.14284,32,14,8,2114.790071501513,79,0,0.578287
55021,282,J_ring7_1000,13,13,13,3770.422,131,13,1,2926.421863,30,16,8,2066.6266382804097,89,0,0.87674
55021,282,Jplus_final,13,13,13,3789.68,124,13,1,2986.679674,23,18,0,1934.8225173839878,88,0,0.16787
55021,283,C_region_q2,14,14,14,4850.167,135,14,1,3971.166956,11,0,0,nan,89,0,0.353891
55021,283,Cplus_completion_coobserve,14,14,14,4368.652,142,14,1,3450.651766,18,7,0,nan,89,0,0.33491
55021,283,F_coverage_integrated,14,14,14,4136.269,106,14,1,3431.26901,33,21,8,2277.9150907991193,59,0,0.831083
55021,283,G_rolling_coverage,14,14,14,4136.269,106,14,1,3431.26901,33,21,8,2277.9150907991193,59,0,0.781031
55021,283,I_ring_optimized,14,14,14,3942.013,101,14,1,3269.012967,33,22,8,2081.381106703347,55,0,0.815448
55021,283,J_ring7_1000,14,14,14,3846.252,108,14,1,3134.252465,33,21,8,1944.579524693429,64,0,1.00008
55021,283,Jplus_final,14,14,14,3874.902,102,14,1,3197.901797,27,22,0,1860.1832470123918,61,0,0.183906
55021,284,C_region_q2,13,13,13,4679.197,138,13,1,3788.196833,13,0,0,nan,96,0,0.28038
55021,284,Cplus_completion_coobserve,13,13,13,4343.837,142,13,1,3432.837054,17,8,0,nan,96,0,0.300787
55021,284,F_coverage_integrated,13,13,13,4646.169,120,13,1,3866.168802,32,16,8,2222.203385310292,75,0,0.562889
55021,284,G_rolling_coverage,13,13,13,4456.076,121,13,1,3671.07609,33,20,8,2222.203385310292,75,0,0.512176
55021,284,I_ring_optimized,13,13,13,4346.398,123,13,1,3550.398381,35,21,8,2119.8938204971846,75,0,0.519013
55021,284,J_ring7_1000,13,13,13,4122.141,138,13,1,3236.14066,39,23,7,2106.397295201878,86,0,1.300827
55021,284,Jplus_final,13,13,13,4006.569,131,13,1,3159.56885,32,24,0,1939.3635570631952,86,0,0.286603
55021,285,C_region_q2,14,14,14,4714.888,141,14,1,3800.887742,12,0,0,nan,96,0,0.362217
55021,285,Cplus_completion_coobserve,14,14,14,4367.636,145,14,1,3433.636458,16,6,0,nan,96,0,0.302682
55021,285,F_coverage_integrated,14,14,14,4032.031,114,14,1,3281.030955,35,22,8,2258.7220060948766,66,0,0.881232
55021,285,G_rolling_coverage,14,14,14,4029.759,115,14,1,3273.759336,36,26,8,2258.7220060948766,66,0,0.782765
55021,285,I_ring_optimized,14,14,14,3827.637,115,14,1,3072.636886,36,25,8,2139.3744944751825,66,0,0.674815
55021,285,J_ring7_1000,14,14,14,3778.563,115,14,1,3023.563077,34,20,8,1974.4135671422405,68,0,0.770447
55021,285,Jplus_final,14,14,14,3720.869,113,14,1,2973.869198,26,23,0,1931.1380886582076,73,0,0.136348
55021,286,C_region_q2,14,14,14,4791.364,133,14,1,3925.364438,12,0,0,nan,86,0,0.385718
55021,286,Cplus_completion_coobserve,14,14,14,4440.613,138,14,1,3547.613385,17,7,0,nan,86,0,0.238869
55021,286,F_coverage_integrated,14,14,14,4240.22,110,14,1,3515.219637,38,23,8,2297.3572040764916,60,0,1.415282
55021,286,G_rolling_coverage,14,14,14,4231.96,110,14,1,3506.959768,38,24,8,2297.3572040764916,60,0,1.473086
55021,286,I_ring_optimized,14,14,14,3801.793,110,14,1,3079.793406,38,22,8,2131.44710122679,60,0,1.327547
55021,286,J_ring7_1000,14,14,14,4336.305,120,14,1,3554.304692,42,26,6,2059.6366585852147,65,0,1.675994
55021,286,Jplus_final,14,14,14,3627.525,104,14,1,2937.525477,26,23,0,1926.4941885673807,64,0,0.129969
55021,287,C_region_q2,14,14,14,5252.787,141,14,1,4339.786541,14,0,0,nan,95,0,0.467386
55021,287,Cplus_completion_coobserve,14,14,14,4637.984,144,14,1,3704.984106,17,8,0,nan,95,0,0.170756
55021,287,F_coverage_integrated,14,14,14,4434.595,112,14,1,3695.594786,35,21,8,2287.140719048832,64,0,1.143958
55021,287,G_rolling_coverage,14,14,14,4418.576,112,14,1,3679.576009,35,22,8,2287.140719048832,64,0,1.145171
55021,287,I_ring_optimized,14,14,14,4315.59,115,14,1,3559.58987,38,24,8,2089.5818782754814,64,0,1.102617
55021,287,J_ring7_1000,14,14,14,3983.251,120,14,1,3197.250787,36,23,8,1989.6754653130704,71,0,1.234064
55021,287,Jplus_final,14,14,14,3952.473,106,14,1,3247.47257,26,22,0,1826.9273039654217,66,0,0.148417
55021,288,C_region_q2,15,15,15,5289.828,143,15,1,4358.828439,15,0,0,nan,93,0,0.578784
55021,288,Cplus_completion_coobserve,15,15,15,4405.608,153,15,1,3413.607901,25,15,0,nan,93,0,0.261186
55021,288,F_coverage_integrated,15,15,15,4246.27,115,15,1,3484.269724,38,24,8,2216.1622895125215,64,0,0.50152
55021,288,G_rolling_coverage,15,15,15,4244.579,116,15,1,3477.579464,39,26,8,2216.1622895125215,64,0,0.333326
55021,288,I_ring_optimized,15,15,15,4181.468,119,15,1,3396.468041,42,30,8,2133.458576680838,64,0,0.526885
55021,288,J_ring7_1000,15,15,15,3869.644,118,15,1,3090.643967,40,26,8,2016.0614698573602,64,0,1.029234
55021,288,Jplus_final,15,15,15,3955.107,114,15,1,3203.106644,35,29,0,1822.3209738821397,64,0,0.213936
55021,289,C_region_q2,11,11,11,3917.109,135,11,1,3053.109409,9,0,0,nan,98,0,0.343605
55021,289,Cplus_completion_coobserve,11,11,11,3845.663,137,11,1,2969.66303,11,6,0,nan,98,0,0.168656
55021,289,F_coverage_integrated,11,11,11,3983.989,112,11,1,3260.989401,27,13,8,2224.794790910473,74,0,0.608606
55021,289,G_rolling_coverage,11,11,11,3869.423,111,11,1,3151.423432,26,14,8,2224.794790910473,74,0,0.655651
55021,289,I_ring_optimized,11,11,11,3673.434,111,11,1,2954.433516,26,15,8,2145.450220504207,74,0,0.723692
55021,289,J_ring7_1000,11,11,11,3791.033,134,11,1,2935.033382,39,22,8,2073.6845101975437,85,0,1.939751
55021,289,Jplus_final,11,11,11,3654.4,124,11,1,2858.400448,29,20,0,1914.4753549812594,84,0,0.253594
55021,290,C_region_q2,15,15,15,4975.962,140,15,1,4062.962086,14,0,0,nan,94,0,0.459929
55021,290,Cplus_completion_coobserve,15,15,15,4244.554,143,15,1,3315.554291,17,7,0,nan,94,0,0.282168
55021,290,F_coverage_integrated,15,15,15,4128.336,122,15,1,3325.335536,34,20,8,2346.8450699474374,73,0,0.856733
55021,290,G_rolling_coverage,15,15,15,4117.288,122,15,1,3313.287753,34,23,8,2346.8450699474374,73,0,0.782145
55021,290,I_ring_optimized,15,15,15,3914.247,119,15,1,3129.247362,31,23,4,2126.9744097631105,73,0,0.838633
55021,290,J_ring7_1000,15,15,15,3958.658,125,15,1,3137.657816,47,34,8,2011.8047364442748,64,0,1.192407
55021,290,Jplus_final,15,15,15,3810.177,106,15,1,3103.177465,29,26,0,1844.0048884108828,62,0,0.148106
55021,291,C_region_q2,11,11,11,4204.477,137,11,1,3332.476974,12,0,0,nan,98,0,0.369853
55021,291,Cplus_completion_coobserve,11,11,11,3802.939,135,11,1,2940.939183,10,4,0,nan,98,0,0.184106
55021,291,F_coverage_integrated,11,11,11,3345.275,109,11,1,2641.275408,23,12,8,2245.3803647674713,75,0,0.515164
55021,291,G_rolling_coverage,11,11,11,3347.726,110,11,1,2639.725744,24,13,8,2245.3803647674713,75,0,0.563437
55021,291,I_ring_optimized,11,11,11,3222.497,110,11,1,2512.496901,24,13,8,2117.6043828770967,75,0,0.539335
55021,291,J_ring7_1000,11,11,11,3123.583,113,11,1,2392.583254,24,15,8,2002.9609593748723,78,0,1.563159
55021,291,Jplus_final,11,11,11,3277.66,110,11,1,2564.659887,23,22,0,1951.904650844488,76,0,0.094973
55021,292,C_region_q2,12,12,12,4912.486,140,12,1,4014.486005,11,0,0,nan,105,0,0.320039
55021,292,Cplus_completion_coobserve,12,12,12,4471.274,146,12,1,3538.274467,17,6,0,nan,105,0,0.28049
55021,292,F_coverage_integrated,12,12,12,4015.946,129,12,1,3186.945535,29,14,5,2290.9120873359757,89,0,0.937412
55021,292,G_rolling_coverage,12,12,12,3976.819,132,12,1,3132.818919,32,18,5,2290.9120873359757,89,0,1.180111
55021,292,I_ring_optimized,12,12,12,3638.13,110,12,1,2921.129927,25,13,6,2154.2003253376793,73,0,0.66106
55021,292,J_ring7_1000,12,12,12,3703.297,144,12,1,2787.296607,35,20,7,2151.980314582115,97,0,1.727197
55021,292,Jplus_final,12,12,12,3565.134,134,12,1,2708.133801,25,18,0,1997.002025432528,97,0,0.170739
55021,293,C_region_q2,13,13,13,4631.375,142,13,1,3715.37501,11,0,0,nan,101,0,0.429342
55021,293,Cplus_completion_coobserve,13,13,13,4122.813,144,13,1,3196.813412,13,6,0,nan,101,0,0.179254
55021,293,F_coverage_integrated,13,13,13,3813.019,110,13,1,3090.018848,34,22,8,2259.549449605719,65,0,0.775041
55021,293,G_rolling_coverage,13,13,13,3799.526,112,13,1,3066.52577,36,25,8,2259.549449605719,65,0,0.744933
55021,293,I_ring_optimized,13,13,13,3496.691,106,13,1,2798.691376,30,20,8,2049.6221653170355,65,0,0.492975
55021,293,J_ring7_1000,13,13,13,3447.201,143,13,1,2530.200542,42,29,7,2170.837150336365,88,0,1.76308
55021,293,Jplus_final,13,13,13,3583.8,133,13,1,2723.800029,32,29,0,2008.8023934178982,88,0,0.097957
55021,294,C_region_q2,16,16,16,4927.25,130,16,1,4069.250009,13,0,0,nan,79,0,0.406325
55021,294,Cplus_completion_coobserve,16,16,16,4287.914,133,16,1,3412.914006,16,8,0,nan,79,0,0.21943
55021,294,F_coverage_integrated,16,16,16,4508.384,108,16,1,3786.383933,40,26,7,2185.146692540578,52,0,1.287041
55021,294,G_rolling_coverage,16,16,16,4265.264,112,16,1,3518.263526,44,33,7,2185.146692540578,52,0,1.256591
55021,294,I_ring_optimized,16,16,16,3803.683,108,16,1,3084.682895,45,29,8,1776.1593213265387,49,0,1.050025
55021,294,J_ring7_1000,16,16,16,3849.672,110,16,1,3115.672443,50,34,8,1574.8724156629507,46,0,1.589886
55021,294,Jplus_final,16,16,16,3351.782,96,16,1,2701.781822,32,27,0,1390.0058322186314,48,0,0.228616
55021,295,C_region_q2,15,15,15,4699.895,130,15,1,3846.894732,12,0,0,nan,81,0,0.450547
55021,295,Cplus_completion_coobserve,15,15,15,4198.788,131,15,1,3340.788472,13,5,0,nan,81,0,0.291162
55021,295,F_coverage_integrated,15,15,15,3924.982,111,15,1,3188.982163,42,29,8,2281.9291289967105,57,0,1.677899
55021,295,G_rolling_coverage,15,15,15,3915.803,111,15,1,3179.802757,42,30,8,2281.9291289967105,57,0,1.462723
55021,295,I_ring_optimized,15,15,15,3756.163,104,15,1,3063.163322,35,22,8,2142.564051563796,55,0,1.543187
55021,295,J_ring7_1000,15,15,15,3606.6,101,15,1,2929.599645,34,25,8,1937.8860947295912,52,0,0.847606
55021,295,Jplus_final,15,15,15,3557.039,91,15,1,2940.039395,24,22,0,1776.453757898823,52,0,0.155307
55021,296,C_region_q2,14,14,14,4842.592,138,14,1,3946.592424,11,0,0,nan,92,0,0.380688
55021,296,Cplus_completion_coobserve,14,14,14,4287.467,141,14,1,3376.466715,14,6,0,nan,92,0,0.265615
55021,296,F_coverage_integrated,14,14,14,4024.374,107,14,1,3316.374157,35,21,8,2228.0467265740967,58,0,1.010207
55021,296,G_rolling_coverage,14,14,14,3989.268,108,14,1,3274.267785,36,25,8,2228.0467265740967,58,0,1.257516
55021,296,I_ring_optimized,14,14,14,3837.027,109,14,1,3117.026858,37,26,8,2131.3513609581582,58,0,0.748251
55021,296,J_ring7_1000,14,14,14,3849.837,120,14,1,3064.836953,38,27,8,2009.075202151497,68,0,1.081456
55021,296,Jplus_final,14,14,14,3835.037,106,14,1,3135.036819,28,22,0,1823.6935536159322,64,0,0.23039
55021,297,C_region_q2,13,13,13,4720.57,135,13,1,3847.570297,12,0,0,nan,91,0,0.396174
55021,297,Cplus_completion_coobserve,13,13,13,4238.334,138,13,1,3347.334343,15,9,0,nan,91,0,0.145474
55021,297,F_coverage_integrated,13,13,13,3812.269,102,13,1,3138.268771,28,17,8,2191.733808951244,61,0,1.331002
55021,297,G_rolling_coverage,13,13,13,3836.289,104,13,1,3150.288549,30,19,8,2191.733808951244,61,0,1.30734
55021,297,I_ring_optimized,13,13,13,3670.847,103,13,1,2990.847313,29,18,8,2104.975504032616,61,0,1.267014
55021,297,J_ring7_1000,13,13,13,3516.773,110,13,1,2793.772504,29,19,8,1975.720308144485,68,0,1.471015
55021,297,Jplus_final,13,13,13,3473.133,103,13,1,2792.133196,22,20,0,1830.660443319845,68,0,0.10537
55021,298,C_region_q2,14,14,14,5212.124,134,14,1,4339.124212,12,0,0,nan,88,0,0.434519
55021,298,Cplus_completion_coobserve,14,14,14,4534.745,138,14,1,3640.745131,16,7,0,nan,88,0,0.339578
55021,298,F_coverage_integrated,14,14,14,4487.883,109,14,1,3767.882734,36,19,8,2132.95458517921,60,0,0.831568
55021,298,G_rolling_coverage,14,14,14,4430.954,108,14,1,3716.953691,35,22,8,2132.95458517921,60,0,0.888074
55021,298,I_ring_optimized,14,14,14,4023.96,108,14,1,3312.96048,35,20,8,2057.298904629287,59,0,1.232673
55021,298,J_ring7_1000,14,14,14,4305.74,132,14,1,3447.740002,40,26,8,2055.047868632917,78,0,1.193836
55021,298,Jplus_final,14,14,14,4134.529,112,14,1,3398.529107,31,23,0,1833.5162748012801,67,0,0.218121
55021,299,C_region_q2,13,13,13,4701.853,143,13,1,3780.85335,11,0,0,nan,100,0,0.389186
55021,299,Cplus_completion_coobserve,13,13,13,4116.175,146,13,1,3178.174921,14,7,0,nan,100,0,0.209171
55021,299,F_coverage_integrated,13,13,13,4325.691,117,13,1,3562.690832,33,17,8,2284.387491230341,71,0,0.524481
55021,299,G_rolling_coverage,13,13,13,4021.189,116,13,1,3264.188973,32,21,8,2284.387491230341,71,0,0.434989
55021,299,I_ring_optimized,13,13,13,3917.948,118,13,1,3148.947564,34,21,8,2176.252658918393,71,0,0.582696
55021,299,J_ring7_1000,13,13,13,3652.27,131,13,1,2805.270378,41,29,8,2057.2206799993824,78,0,1.316467
55021,299,Jplus_final,13,13,13,3533.173,118,13,1,2763.172896,28,24,0,1913.3413228530694,77,0,0.140923
55021,300,C_region_q2,10,10,10,5191.744,145,10,1,4276.74352,12,0,0,nan,109,0,0.208408
55021,300,Cplus_completion_coobserve,10,10,10,4345.531,145,10,1,3427.531023,12,5,0,nan,109,0,0.160688
55021,300,F_coverage_integrated,10,10,10,3379.829,121,10,1,2605.828607,27,18,8,2449.130854682958,84,0,0.786482
55021,300,G_rolling_coverage,10,10,10,3387.637,122,10,1,2608.637374,28,19,8,2449.130854682958,84,0,0.685924
55021,300,I_ring_optimized,10,10,10,3557.119,124,10,1,2765.118523,30,19,8,2195.691173356644,84,0,0.694104
55021,300,J_ring7_1000,10,10,10,3413.216,146,10,1,2492.216469,28,17,8,2217.841449531517,108,0,1.11912
55021,300,Jplus_final,10,10,10,3461.658,140,10,1,2574.658146,22,19,0,2051.530837929534,108,0,0.109328
55021,301,C_region_q2,15,15,15,4735.638,144,15,1,3797.638375,13,0,0,nan,97,0,0.425256
55021,301,Cplus_completion_coobserve,15,15,15,4157.046,148,15,1,3196.04611,17,10,0,nan,97,0,0.139827
55021,301,F_coverage_integrated,15,15,15,3582.879,98,15,1,2920.878836,31,22,7,2283.791976673722,52,0,1.368374
55021,301,G_rolling_coverage,15,15,15,3563.31,98,15,1,2901.310271,31,23,7,2283.791976673722,52,0,1.278101
55021,301,I_ring_optimized,15,15,15,3409.909,104,15,1,2714.90871,37,25,8,2173.072649408828,53,0,1.544134
55021,301,J_ring7_1000,15,15,15,3448.635,121,15,1,2653.635012,47,34,8,2023.298889851219,59,0,1.424321
55021,301,Jplus_final,15,15,15,3326.274,108,15,1,2605.274155,33,30,0,1821.6040158335443,60,0,0.152813
55021,302,C_region_q2,16,16,16,5618.043,145,16,1,4670.043478,15,0,0,nan,99,0,0.378912
55021,302,Cplus_completion_coobserve,16,16,16,4667.431,149,16,1,3696.431086,19,9,0,nan,99,0,0.299488
55021,302,F_coverage_integrated,16,16,16,4419.39,113,16,1,3668.389962,42,20,8,1949.8059597896472,56,0,1.254976
55021,302,G_rolling_coverage,16,16,16,4423.372,114,16,1,3667.372135,43,23,8,1949.8059597896472,56,0,1.197086
55021,302,I_ring_optimized,16,16,16,4180.226,111,16,1,3444.22586,41,26,7,1829.1552420930807,55,0,1.244827
55021,302,J_ring7_1000,16,16,16,4243.081,117,16,1,3464.081365,37,22,8,1743.465456619521,65,0,0.760124
55021,302,Jplus_final,16,16,16,4215.215,114,16,1,3454.215189,34,26,0,1624.7674782351162,64,0,0.25249
55021,303,C_region_q2,15,15,15,4948.659,139,15,1,4041.658618,12,0,0,nan,89,0,0.381167
55021,303,Cplus_completion_coobserve,15,15,15,4356.605,145,15,1,3416.605181,18,7,0,nan,89,0,0.294166
55021,303,F_coverage_integrated,15,15,15,4069.093,98,15,1,3410.093042,37,24,8,2272.1749350486275,47,0,1.073427
55021,303,G_rolling_coverage,15,15,15,4082.326,98,15,1,3423.325606,37,25,8,2272.1749350486275,47,0,1.145629
55021,303,I_ring_optimized,15,15,15,3946.697,94,15,1,3310.69655,33,22,8,2136.7680288189053,46,0,1.04009
55021,303,J_ring7_1000,15,15,15,4123.62,116,15,1,3362.620195,43,28,8,2100.6914604267517,59,0,1.651972
55021,303,Jplus_final,15,15,15,3881.512,102,15,1,3201.511866,35,31,0,1856.7806612238069,52,0,0.208243
55021,304,C_region_q2,11,11,11,4571.363,136,11,1,3702.362678,11,0,0,nan,97,0,0.318047
55021,304,Cplus_completion_coobserve,11,11,11,4223.875,142,11,1,3318.875479,17,8,0,nan,97,0,0.21893
55021,304,F_coverage_integrated,11,11,11,3749.228,116,11,1,3002.228026,25,13,8,2218.5429546692976,80,0,0.541133
55021,304,G_rolling_coverage,11,11,11,3698.362,117,11,1,2949.361864,26,13,8,2218.5429546692976,80,0,0.554676
55021,304,I_ring_optimized,11,11,11,3562.546,113,11,1,2834.546424,22,11,8,2098.8417813562987,80,0,0.337564
55021,304,J_ring7_1000,11,11,11,3655.797,128,11,1,2835.79711,30,20,8,2054.843819995306,87,0,0.955352
55021,304,Jplus_final,11,11,11,3566.85,118,11,1,2806.849948,20,17,0,1928.1365789693245,87,0,0.14985
55021,305,C_region_q2,15,15,15,5225.361,143,15,1,4294.360523,14,0,0,nan,98,0,0.342169
55021,305,Cplus_completion_coobserve,15,15,15,4467.92,149,15,1,3500.920497,20,10,0,nan,98,0,0.270046
55021,305,F_coverage_integrated,15,15,15,4307.264,117,15,1,3533.264284,31,17,7,2315.871340889883,71,0,1.663612
55021,305,G_rolling_coverage,15,15,15,4153.219,119,15,1,3369.219125,33,21,7,2315.871340889883,71,0,1.786883
55021,305,I_ring_optimized,15,15,15,4121.986,125,15,1,3303.985685,39,24,8,2127.90661439747,71,0,0.683418
55021,305,J_ring7_1000,15,15,15,4054.652,131,15,1,3195.652063,34,20,8,2153.9369369843457,82,0,1.138849
55021,305,Jplus_final,15,15,15,4004.201,125,15,1,3184.201007,28,20,0,2024.6812007907274,82,0,0.270053
55021,306,C_region_q2,10,10,10,4109.815,140,10,1,3220.814622,7,0,0,nan,107,0,0.172213
55021,306,Cplus_completion_coobserve,10,10,10,3925.286,141,10,1,3031.286435,8,3,0,nan,107,0,0.118969
55021,306,F_coverage_integrated,10,10,10,3995.426,119,10,1,3233.425742,30,18,8,2269.2667754052886,79,0,1.009541
55021,306,G_rolling_coverage,10,10,10,3993.085,119,10,1,3232.084717,30,19,8,2269.2667754052886,79,0,0.95545
55021,306,I_ring_optimized,10,10,10,3481.071,114,10,1,2753.070959,25,14,8,2145.6163532844166,79,0,0.487063
55021,306,J_ring7_1000,10,10,10,3525.673,130,10,1,2697.673462,31,20,8,2122.3642639007207,90,0,1.564467
55021,306,Jplus_final,10,10,10,3471.196,119,10,1,2711.195781,22,18,0,1993.5585970650004,87,0,0.155692
55021,307,C_region_q2,11,11,11,4292.881,140,11,1,3399.880827,9,0,0,nan,102,0,0.303957
55021,307,Cplus_completion_coobserve,11,11,11,3922.814,142,11,1,3018.813888,11,4,0,nan,102,0,0.185569
55021,307,F_coverage_integrated,11,11,11,3851.224,112,11,1,3128.224277,28,18,5,2274.935012162784,73,0,0.733208
55021,307,G_rolling_coverage,11,11,11,3851.224,112,11,1,3128.224277,28,18,5,2274.935012162784,73,0,0.669597
55021,307,I_ring_optimized,11,11,11,3707.487,115,11,1,2965.487485,31,20,6,2137.6048749041283,73,0,0.717371
55021,307,J_ring7_1000,11,11,11,3495.291,122,11,1,2715.290586,31,19,6,2108.7210192582834,82,0,1.400441
55021,307,Jplus_final,11,11,11,3404.096,111,11,1,2686.096004,20,16,0,1998.8921060772127,80,0,0.169504
55021,308,C_region_q2,15,15,15,4855.251,139,15,1,3947.250647,13,0,0,nan,90,0,0.4119
55021,308,Cplus_completion_coobserve,15,15,15,4558.568,151,15,1,3580.568041,25,12,0,nan,90,0,0.275251
55021,308,F_coverage_integrated,15,15,15,4119.929,106,15,1,3410.929077,37,25,8,2193.093925197972,55,0,0.470787
55021,308,G_rolling_coverage,15,15,15,3882.709,106,15,1,3173.708999,37,26,8,2193.093925197972,55,0,0.494562
55021,308,I_ring_optimized,15,15,15,3918.624,105,15,1,3220.624465,38,25,8,2027.2559236750383,52,0,0.493143
55021,308,J_ring7_1000,15,15,15,3706.006,124,15,1,2891.006445,39,27,8,2024.5198875516724,73,0,0.966862
55021,308,Jplus_final,15,15,15,3695.404,115,15,1,2936.403886,30,27,0,1883.221855705078,70,0,0.140328
55021,309,C_region_q2,14,14,14,4232.177,129,14,1,3389.177134,12,0,0,nan,82,0,0.342934
55021,309,Cplus_completion_coobserve,14,14,14,4052.885,131,14,1,3199.88517,14,7,0,nan,82,0,0.152775
55021,309,F_coverage_integrated,14,14,14,4113.991,107,14,1,3404.991251,34,20,8,2119.379512289261,61,0,0.709939
55021,309,G_rolling_coverage,14,14,14,4117.59,110,14,1,3390.589889,37,26,8,2119.379512289261,61,0,0.730655
55021,309,I_ring_optimized,14,14,14,3748.16,109,14,1,3026.160158,36,24,8,2036.3980524282215,60,0,0.774348
55021,309,J_ring7_1000,14,14,14,3431.919,115,14,1,2675.918875,37,26,8,2024.7048663410712,65,0,1.259659
55021,309,Jplus_final,14,14,14,3411.137,103,14,1,2724.137041,25,23,0,1872.2853137654631,64,0,0.066975
55021,310,C_region_q2,16,16,16,5125.088,146,16,1,4171.088228,14,0,0,nan,100,0,0.340982
55021,310,Cplus_completion_coobserve,16,16,16,4871.889,163,16,1,3819.88874,31,15,0,nan,100,0,0.395207
55021,310,F_coverage_integrated,16,16,16,3974.356,106,16,1,3260.355822,36,22,8,2116.6374506427424,54,0,1.154276
55021,310,G_rolling_coverage,16,16,16,3960.501,108,16,1,3234.500603,38,24,8,2116.6374506427424,54,0,1.11208
55021,310,I_ring_optimized,16,16,16,3819.628,109,16,1,3090.627812,39,29,8,2049.4463171107054,55,0,1.133651
55021,310,J_ring7_1000,16,16,16,3661.817,129,16,1,2813.817289,42,24,8,1879.3082687706033,72,0,0.595207
55021,310,Jplus_final,16,16,16,3627.796,124,16,1,2808.795505,37,32,0,1724.2628496068075,71,0,0.203089
55021,311,C_region_q2,11,11,11,4686.882,134,11,1,3828.882261,9,0,0,nan,100,0,0.252885
55021,311,Cplus_completion_coobserve,11,11,11,4192.707,138,11,1,3311.707309,13,5,0,nan,100,0,0.206377
55021,311,F_coverage_integrated,11,11,11,4080.74,124,11,1,3284.739728,27,12,8,2280.61383671772,86,0,0.723949
55021,311,G_rolling_coverage,11,11,11,4081.913,125,11,1,3280.913449,28,13,8,2280.61383671772,86,0,0.660802
55021,311,I_ring_optimized,11,11,11,3950.35,123,11,1,3159.350007,26,13,8,2153.2300882953996,86,0,0.406888
55021,311,J_ring7_1000,11,11,11,4287.76,133,11,1,3442.75951,31,10,8,2079.055616567429,94,0,0.741548
55021,311,Jplus_final,11,11,11,4155.21,129,11,1,3332.209998,21,12,0,1963.3411371998277,97,0,0.239413
55021,312,C_region_q2,15,15,15,5241.623,124,15,1,4426.62259,13,0,0,nan,70,0,0.377062
55021,312,Cplus_completion_coobserve,15,15,15,4226.917,127,15,1,3393.91733,16,8,0,nan,70,0,0.248981
55021,312,F_coverage_integrated,15,15,15,4567.97,100,15,1,3894.970365,40,25,8,2151.617120474766,45,0,1.046006
55021,312,G_rolling_coverage,15,15,15,4348.888,100,15,1,3678.888457,40,27,8,2151.617120474766,45,0,1.06526
55021,312,I_ring_optimized,15,15,15,4014.181,102,15,1,3333.181141,42,27,8,2038.023558601119,45,0,1.159427
55021,312,J_ring7_1000,15,15,15,3807.984,106,15,1,3099.984194,42,32,8,2002.940328708108,50,0,1.016265
55021,312,Jplus_final,15,15,15,3668.194,97,15,1,3013.193916,35,31,0,1805.6418957581002,47,0,0.180525
55021,313,C_region_q2,15,15,15,4927.74,137,15,1,4032.740018,15,0,0,nan,85,0,0.496394
55021,313,Cplus_completion_coobserve,15,15,15,4264.693,142,15,1,3340.692623,20,12,0,nan,85,0,0.262502
55021,313,F_coverage_integrated,15,15,15,3944.595,103,15,1,3253.595257,39,25,8,2139.7221053166077,51,0,1.189404
55021,313,G_rolling_coverage,15,15,15,3943.177,104,15,1,3247.176846,40,27,8,2139.7221053166077,51,0,1.206187
55021,313,I_ring_optimized,15,15,15,3797.523,100,15,1,3125.522685,36,23,8,1999.050347118792,50,0,0.945264
55021,313,J_ring7_1000,15,15,15,3695.447,115,15,1,2935.446735,40,27,8,2010.051672796142,62,0,1.403812
55021,313,Jplus_final,15,15,15,3555.412,103,15,1,2865.411593,28,25,0,1839.9189796068615,60,0,0.129225
55021,314,C_region_q2,16,16,16,5486.096,128,16,1,4641.096299,16,0,0,nan,79,0,0.480204
55021,314,Cplus_completion_coobserve,16,16,16,4431.191,139,16,1,3527.19061,27,11,0,nan,79,0,0.337746
55021,314,F_coverage_integrated,16,16,16,3892.999,104,16,1,3193.998771,35,19,8,1982.6922688809154,53,0,0.684251
55021,314,G_rolling_coverage,16,16,16,4063.133,108,16,1,3344.133019,39,23,8,1982.6922688809154,54,0,0.755463
55021,314,I_ring_optimized,16,16,16,4004.878,112,16,1,3261.878423,43,28,7,1861.8050610247,54,0,0.816866
55021,314,J_ring7_1000,16,16,16,4029.58,118,16,1,3246.580219,42,26,8,2026.8064927789455,62,0,1.066817
55021,314,Jplus_final,16,16,16,3888.871,103,16,1,3193.871264,27,22,0,1834.0364476753223,60,0,0.231392
55021,315,C_region_q2,11,11,11,4563.215,143,11,1,3651.214721,10,0,0,nan,107,0,0.255748
55021,315,Cplus_completion_coobserve,11,11,11,4157.222,145,11,1,3234.222371,12,6,0,nan,107,0,0.104686
55021,315,F_coverage_integrated,11,11,11,3714.359,115,11,1,2973.35867,27,17,7,2253.596319082957,78,0,0.57337
55021,315,G_rolling_coverage,11,11,11,3718.746,116,11,1,2972.746005,28,19,7,2253.596319082957,78,0,0.510386
55021,315,I_ring_optimized,11,11,11,3588.008,113,11,1,2858.008437,26,18,7,2182.4597190710765,76,0,0.627493
55021,315,J_ring7_1000,11,11,11,3573.694,131,11,1,2735.693869,28,16,8,2159.2527383535185,93,0,1.252784
55021,315,Jplus_final,11,11,11,3673.099,124,11,1,2876.099279,21,17,0,1969.5553538984132,92,0,0.120039
55021,316,C_region_q2,11,11,11,4559.988,140,11,1,3665.98769,10,0,0,nan,108,0,0.255829
55021,316,Cplus_completion_coobserve,11,11,11,4081.294,145,11,1,3158.293554,15,8,0,nan,108,0,0.164626
55021,316,F_coverage_integrated,11,11,11,3976.814,117,11,1,3222.814475,20,11,5,2388.430692529773,86,0,0.321125
55021,316,G_rolling_coverage,11,11,11,3978.828,117,11,1,3224.827844,20,12,5,2388.430692529773,86,0,0.289781
55021,316,I_ring_optimized,11,11,11,3842.572,122,11,1,3061.571535,25,16,4,2223.969816253222,86,0,0.760874
55021,316,J_ring7_1000,11,11,11,3772.403,134,11,1,2918.402997,27,17,7,2164.0519308683324,97,0,1.174135
55021,316,Jplus_final,11,11,11,3654.436,127,11,1,2842.436256,20,15,0,1983.220794675416,97,0,0.130836
55021,317,C_region_q2,16,16,16,5113.872,114,16,1,4356.87208,20,0,0,nan,62,0,0.590502
55021,317,Cplus_completion_coobserve,16,16,16,3782.707,120,16,1,2983.707497,26,16,0,nan,62,0,0.245292
55021,317,F_coverage_integrated,16,16,16,3954.642,101,16,1,3271.642052,38,24,7,1925.2216593562212,48,0,0.885924
55021,317,G_rolling_coverage,16,16,16,3960.778,101,16,1,3276.778132,38,23,7,1925.2216593562212,48,0,0.891524
55021,317,I_ring_optimized,16,16,16,4030.152,108,16,1,3306.151741,45,32,8,2057.6254223717697,48,0,0.78882
55021,317,J_ring7_1000,16,16,16,3216.707,97,16,1,2560.706737,43,29,8,1285.2960990862764,40,0,1.326655
55021,317,Jplus_final,16,16,16,3177.691,84,16,1,2599.690987,30,25,0,1149.0616172640352,38,0,0.257348
55021,318,C_region_q2,15,15,15,5650.301,150,15,1,4678.300924,16,0,0,nan,105,0,0.466045
55021,318,Cplus_completion_coobserve,15,15,15,4637.258,152,15,1,3651.257934,18,7,0,nan,105,0,0.299236
55021,318,F_coverage_integrated,15,15,15,5069.367,115,15,1,4312.366689,33,14,5,2140.3636317704136,67,0,1.059369
55021,318,G_rolling_coverage,15,15,15,4729.243,113,15,1,3982.243483,31,17,5,2140.3636317704136,67,0,0.964656
55021,318,I_ring_optimized,15,15,15,4655.777,121,15,1,3864.776549,39,21,8,2083.5633852001215,67,0,1.156917
55021,318,J_ring7_1000,15,15,15,4368.803,128,15,1,3529.803414,33,20,8,2027.6846539861658,80,0,0.73469
55021,318,Jplus_final,15,15,15,4300.029,125,15,1,3477.028979,30,23,0,1893.334191817713,80,0,0.214329
55021,319,C_region_q2,11,11,11,5164.993,146,11,1,4235.992714,11,0,0,nan,112,0,0.324679
55021,319,Cplus_completion_coobserve,11,11,11,4312.433,152,11,1,3348.432909,17,7,0,nan,112,0,0.210274
55021,319,F_coverage_integrated,11,11,11,3992.555,117,11,1,3237.554941,25,12,7,2238.7695059836947,81,0,0.782954
55021,319,G_rolling_coverage,11,11,11,3991.072,117,11,1,3237.071711,25,13,7,2238.7695059836947,81,0,0.876137
55021,319,I_ring_optimized,11,11,11,3847.9,117,11,1,3093.899894,25,13,7,2100.2689764691495,81,0,0.70288
55021,319,J_ring7_1000,11,11,11,3924.364,139,11,1,3039.36449,30,14,6,2089.0574278951226,99,0,0.860029
55021,319,Jplus_final,11,11,11,3812.19,127,11,1,3002.189885,24,17,0,1931.234822838721,92,0,0.172936
55021,320,C_region_q2,14,14,14,5407.573,141,14,1,4495.572817,15,0,0,nan,95,0,0.246204
55021,320,Cplus_completion_coobserve,14,14,14,4413.823,141,14,1,3499.823378,15,8,0,nan,95,0,0.12639
55021,320,F_coverage_integrated,14,14,14,5230.764,116,14,1,4471.764309,42,20,8,2164.411751748187,61,0,0.602521
55021,320,G_rolling_coverage,14,14,14,4474.553,114,14,1,3723.553042,40,23,8,2164.411751748187,61,0,0.705849
55021,320,I_ring_optimized,14,14,14,4200.824,113,14,1,3455.824137,39,24,8,2048.506889094445,61,0,0.572445
55021,320,J_ring7_1000,14,14,14,4244.786,126,14,1,3425.78631,35,20,8,2208.576753596648,78,0,0.818602
55021,320,Jplus_final,14,14,14,3833.802,107,14,1,3124.802019,23,19,0,1886.9554248744967,70,0,0.189269
55021,321,C_region_q2,15,15,15,4890.91,138,15,1,3988.909687,12,0,0,nan,93,0,0.363773
55021,321,Cplus_completion_coobserve,15,15,15,4661.456,140,15,1,3749.456022,14,5,0,nan,93,0,0.326934
55021,321,F_coverage_integrated,15,15,15,4613.053,106,15,1,3905.053315,32,21,6,2232.2289391717995,60,0,1.043523
55021,321,G_rolling_coverage,15,15,15,4579.192,107,15,1,3864.192484,33,23,6,2232.2289391717995,60,0,1.151945
55021,321,I_ring_optimized,15,15,15,4656.709,109,15,1,3931.708675,35,22,7,2036.686548625381,61,0,1.298274
55021,321,J_ring7_1000,15,15,15,4182.937,116,15,1,3416.937302,38,25,7,2045.1653563766572,63,0,2.102381
55021,321,Jplus_final,15,15,15,4111.343,105,15,1,3411.342911,27,22,0,1925.7590470021003,63,0,0.234571
55021,322,C_region_q2,16,16,16,5560.824,144,16,1,4618.824385,14,0,0,nan,95,0,0.439518
55021,322,Cplus_completion_coobserve,16,16,16,4767.667,153,16,1,3774.667121,23,13,0,nan,95,0,0.302541
55021,322,F_coverage_integrated,16,16,16,4459.866,109,16,1,3731.86576,36,19,8,2179.8263338717456,58,0,0.688965
55021,322,G_rolling_coverage,16,16,16,4234.849,111,16,1,3496.849374,38,23,8,2179.8263338717456,58,0,0.632692
55021,322,I_ring_optimized,16,16,16,4109.066,111,16,1,3367.065642,38,24,8,2042.108736507219,57,0,0.756233
55021,322,J_ring7_1000,16,16,16,3376.833,100,16,1,2705.832732,44,27,8,1286.4107179621685,41,0,0.822899
55021,322,Jplus_final,16,16,16,3713.64,113,16,1,2961.640292,38,32,0,1644.5731910072468,59,0,0.237134
55021,323,C_region_q2,15,15,15,5450.757,145,15,1,4508.757326,15,0,0,nan,99,0,0.390649
55021,323,Cplus_completion_coobserve,15,15,15,4671.786,148,15,1,3714.785993,18,6,0,nan,99,0,0.31548
55021,323,F_coverage_integrated,15,15,15,4673.455,115,15,1,3914.455496,36,19,8,2221.9788203665094,66,0,0.804555
55021,323,G_rolling_coverage,15,15,15,4651.781,116,15,1,3887.781118,37,22,8,2221.9788203665094,66,0,0.85466
55021,323,I_ring_optimized,15,15,15,4274.815,117,15,1,3500.814978,39,25,8,2135.102553025774,65,0,0.814975
55021,323,J_ring7_1000,15,15,15,4155.034,125,15,1,3336.033956,40,25,8,1991.4589527264134,72,0,1.479558
55021,323,Jplus_final,15,15,15,4086.665,113,15,1,3338.66547,28,22,0,1869.9764987165424,71,0,0.170079
55021,324,C_region_q2,11,11,11,4667.948,139,11,1,3782.94762,10,0,0,nan,105,0,0.234949
55021,324,Cplus_completion_coobserve,11,11,11,4304.863,142,11,1,3403.863267,13,3,0,nan,106,0,0.239483
55021,324,F_coverage_integrated,11,11,11,4003.302,114,11,1,3269.30192,28,14,7,2238.803516121375,76,0,1.720041
55021,324,G_rolling_coverage,11,11,11,4003.478,114,11,1,3269.478296,28,15,7,2238.803516121375,76,0,1.791297
55021,324,I_ring_optimized,11,11,11,3950.939,112,11,1,3227.939263,26,15,5,2038.7109989554344,76,0,1.23608
55021,324,J_ring7_1000,11,11,11,4182.601,125,11,1,3383.600759,26,14,5,2049.5157554716166,88,0,1.052704
55021,324,Jplus_final,11,11,11,3972.969,119,11,1,3209.969096,20,13,0,1900.3209738821397,88,0,0.193644
55021,325,C_region_q2,12,12,12,4567.55,139,12,1,3675.550252,8,0,0,nan,104,0,0.228759
55021,325,Cplus_completion_coobserve,12,12,12,4128.105,140,12,1,3230.10498,9,3,0,nan,104,0,0.113001
55021,325,F_coverage_integrated,12,12,12,4140.398,114,12,1,3399.397502,26,13,6,2282.121343071212,76,0,0.685223
55021,325,G_rolling_coverage,12,12,12,4135.37,114,12,1,3394.369946,26,16,6,2282.121343071212,76,0,0.672807
55021,325,I_ring_optimized,12,12,12,4278.006,118,12,1,3517.00613,30,17,5,2197.521033711798,78,0,0.658401
55021,325,J_ring7_1000,12,12,12,3772.437,126,12,1,2959.437228,31,17,8,2037.2498948716536,83,0,1.077733
55021,325,Jplus_final,12,12,12,3745.405,120,12,1,2967.405131,25,21,0,1911.4013570796974,83,0,0.14086
55021,326,C_region_q2,10,10,10,4595.109,133,10,1,3750.108716,9,0,0,nan,100,0,0.217602
55021,326,Cplus_completion_coobserve,10,10,10,4323.345,136,10,1,3460.344714,12,4,0,nan,100,0,0.148355
55021,326,F_coverage_integrated,10,10,10,3928.097,115,10,1,3192.097335,27,15,8,2237.4722918503803,78,0,0.66888
55021,326,G_rolling_coverage,10,10,10,3928.097,115,10,1,3192.097335,27,15,8,2237.4722918503803,78,0,0.676587
55021,326,I_ring_optimized,10,10,10,3748.071,112,10,1,3029.071342,24,12,8,2096.5178604452503,78,0,0.75599
55021,326,J_ring7_1000,10,10,10,3428.249,125,10,1,2631.248905,26,16,8,2075.73382038494,89,0,0.755377
55021,326,Jplus_final,10,10,10,3552.372,121,10,1,2780.372062,19,15,0,1980.7413998600691,92,0,0.153123
55021,327,C_region_q2,11,11,11,4516.334,136,11,1,3646.334107,9,0,0,nan,101,0,0.316778
55021,327,Cplus_completion_coobserve,11,11,11,4233.862,139,11,1,3346.862204,12,4,0,nan,101,0,0.203586
55021,327,F_coverage_integrated,11,11,11,3899.847,114,11,1,3162.846923,22,12,8,2336.5681370891275,81,0,0.794793
55021,327,G_rolling_coverage,11,11,11,3899.578,114,11,1,3162.577513,22,13,8,2336.5681370891275,81,0,0.789212
55021,327,I_ring_optimized,11,11,11,3806.594,113,11,1,3075.593668,21,14,5,2162.5114322056033,81,0,0.779639
55021,327,J_ring7_1000,11,11,11,3777.522,126,11,1,2970.521803,25,16,5,2130.75509602902,90,0,1.371755
55021,327,Jplus_final,11,11,11,3677.458,120,11,1,2906.45806,19,15,0,1982.5112202196347,90,0,0.144208
55021,328,C_region_q2,14,14,14,4961.327,143,14,1,4036.326885,15,0,0,nan,96,0,0.419115
55021,328,Cplus_completion_coobserve,14,14,14,4279.998,147,14,1,3331.997661,19,9,0,nan,96,0,0.21395
55021,328,F_coverage_integrated,14,14,14,3921.965,106,14,1,3221.965211,37,18,8,2151.64758656707,59,0,0.857703
55021,328,G_rolling_coverage,14,14,14,3935.398,112,14,1,3201.397893,43,25,8,2151.64758656707,59,0,0.838874
55021,328,I_ring_optimized,14,14,14,3793.746,106,14,1,3091.746039,31,19,8,2070.3991865703683,63,0,0.90662
55021,328,J_ring7_1000,14,14,14,3664.433,115,14,1,2908.432989,32,21,8,2006.3049619015294,71,0,1.115236
55021,328,Jplus_final,14,14,14,3874.273,115,14,1,3119.272981,27,22,0,1927.4006728996062,74,0,0.137375
55021,329,C_region_q2,15,15,15,5065.887,135,15,1,4181.886593,11,0,0,nan,90,0,0.395447
55021,329,Cplus_completion_coobserve,15,15,15,4378.228,138,15,1,3477.228472,14,7,0,nan,90,0,0.252306
55021,329,F_coverage_integrated,15,15,15,4192.238,107,15,1,3479.237815,37,23,8,2240.7549869702093,55,0,1.049532
55021,329,G_rolling_coverage,15,15,15,4176.256,106,15,1,3469.255924,36,24,8,2240.7549869702093,55,0,1.003328
55021,329,I_ring_optimized,15,15,15,4223.186,106,15,1,3515.185881,36,23,8,2107.6883650376067,55,0,1.068232
55021,329,J_ring7_1000,15,15,15,3910.327,112,15,1,3165.327429,37,26,8,2066.175304583762,60,0,2.680444
55021,329,Jplus_final,15,15,15,3738.786,104,15,1,3042.786491,29,27,0,1844.571502502497,60,0,0.127955
55021,330,C_region_q2,16,16,16,4950.337,112,16,1,4202.337207,16,0,0,nan,66,0,0.422302
55021,330,Cplus_completion_coobserve,16,16,16,4042.099,115,16,1,3274.099191,19,9,0,nan,66,0,0.190235
55021,330,F_coverage_integrated,16,16,16,5000.014,110,16,1,4265.013568,41,23,8,2159.6898361543863,53,0,0.988886
55021,330,G_rolling_coverage,16,16,16,4347.762,112,16,1,3603.76156,43,29,8,2159.6898361543863,53,0,1.038263
55021,330,I_ring_optimized,16,16,16,4096.947,110,16,1,3365.946664,41,27,8,2018.014183811395,53,0,1.385187
55021,330,J_ring7_1000,16,16,16,3717.866,108,16,1,2999.8662,46,29,8,1681.3656722802077,46,0,2.029709
55021,330,Jplus_final,16,16,16,3611.583,98,16,1,2952.583143,36,28,0,1543.3955107150193,46,0,0.308384
55021,331,C_region_q2,11,11,11,4548.008,141,11,1,3648.008397,9,0,0,nan,107,0,0.301228
55021,331,Cplus_completion_coobserve,11,11,11,4182.877,144,11,1,3267.877038,12,4,0,nan,107,0,0.243349
55021,331,F_coverage_integrated,11,11,11,4027.32,122,11,1,3245.320139,32,18,8,2316.686859743615,80,0,0.93244
55021,331,G_rolling_coverage,11,11,11,4027.32,122,11,1,3245.320139,32,18,8,2316.686859743615,80,0,1.028134
55021,331,I_ring_optimized,11,11,11,4088.071,124,11,1,3294.071482,34,21,6,2112.5576886865324,80,0,1.224939
55021,331,J_ring7_1000,11,11,11,3852.15,129,11,1,3028.14982,24,17,2,2034.5250843923243,95,0,0.827552
55021,331,Jplus_final,11,11,11,3855.803,124,11,1,3061.803011,19,14,0,1990.5843297062856,94,0,0.120125
55021,332,C_region_q2,13,13,13,4965.079,138,13,1,4073.079266,9,0,0,nan,99,0,0.284155
55021,332,Cplus_completion_coobserve,13,13,13,4523.887,143,13,1,3605.887144,14,3,0,nan,99,0,0.150344
55021,332,F_coverage_integrated,13,13,13,4539.158,109,13,1,3825.158451,29,14,8,2250.0159534309714,69,0,0.558009
55021,332,G_rolling_coverage,13,13,13,4533.334,109,13,1,3819.33411,29,15,8,2250.0159534309714,69,0,0.48205
55021,332,I_ring_optimized,13,13,13,4307.755,112,13,1,3573.754872,27,15,6,2145.289289425647,73,0,0.727336
55021,332,J_ring7_1000,13,13,13,4266.546,124,13,1,3463.545623,35,19,8,2087.046818766653,77,0,1.561727
55021,332,Jplus_final,13,13,13,4006.568,114,13,1,3261.568176,25,20,0,1875.9244913883413,76,0,0.168375
55021,333,C_region_q2,14,14,14,4785.675,132,14,1,3924.675023,8,0,0,nan,91,0,0.226795
55021,333,Cplus_completion_coobserve,14,14,14,4317.524,139,14,1,3416.524346,15,6,0,nan,91,0,0.187635
55021,333,F_coverage_integrated,14,14,14,4136.697,106,14,1,3436.69747,35,20,8,2243.719940573722,57,0,0.888514
55021,333,G_rolling_coverage,14,14,14,4143.109,107,14,1,3438.108918,36,21,8,2243.719940573722,57,0,0.973534
55021,333,I_ring_optimized,14,14,14,3783.685,108,14,1,3070.684614,37,22,8,2093.197233550467,58,0,0.926127
55021,333,J_ring7_1000,14,14,14,3234.832,106,14,1,2532.832103,30,20,8,2017.1957972379646,63,0,0.765579
55021,333,Jplus_final,14,14,14,3691.526,107,14,1,2982.526226,26,22,0,1859.5697767627448,67,0,0.1898
55021,334,C_region_q2,11,11,11,4362.445,139,11,1,3475.445199,11,0,0,nan,102,0,0.231
55021,334,Cplus_completion_coobserve,11,11,11,4167.165,148,11,1,3227.164531,20,10,0,nan,102,0,0.167136
55021,334,F_coverage_integrated,11,11,11,3742.754,119,11,1,2977.754129,29,17,8,2209.599667059474,79,0,0.871988
55021,334,G_rolling_coverage,11,11,11,3710.302,120,11,1,2940.302358,30,19,8,2209.599667059474,79,0,0.89173
55021,334,I_ring_optimized,11,11,11,3683.808,126,11,1,2877.808417,36,21,8,2152.5525134190843,80,0,1.211663
55021,334,J_ring7_1000,11,11,11,3436.931,126,11,1,2627.931039,26,17,7,2035.4476353272548,90,0,1.413161
55021,334,Jplus_final,11,11,11,3470.906,129,11,1,2644.906176,29,24,0,1941.3241386515804,89,0,0.137613
55021,335,C_region_q2,13,13,13,4555.331,134,13,1,3687.33094,11,0,0,nan,93,0,0.29595
55021,335,Cplus_completion_coobserve,13,13,13,4231.222,134,13,1,3363.222034,11,5,0,nan,93,0,0.18453
55021,335,F_coverage_integrated,13,13,13,4485.575,117,13,1,3722.574921,31,17,8,2215.2704213024945,73,0,0.832133
55021,335,G_rolling_coverage,13,13,13,4220.262,117,13,1,3456.261704,31,20,8,2215.2704213024945,73,0,0.819051
55021,335,I_ring_optimized,13,13,13,4274.889,117,13,1,3513.888624,31,18,7,2135.4303233556434,73,0,0.807151
55021,335,J_ring7_1000,13,13,13,3802.841,131,13,1,2955.840952,34,20,8,2118.564011952343,84,0,1.63372
55021,335,Jplus_final,13,13,13,3683.499,113,13,1,2942.498626,22,19,0,1907.2893833911908,78,0,0.17681
55021,336,C_region_q2,10,10,10,4117.529,135,10,1,3259.529451,8,0,0,nan,101,0,0.255914
55021,336,Cplus_completion_coobserve,10,10,10,3504.146,137,10,1,2635.145842,10,4,0,nan,101,0,0.148187
55021,336,F_coverage_integrated,10,10,10,3183.832,107,10,1,2495.832155,22,11,8,2228.3510864986465,76,0,0.822034
55021,336,G_rolling_coverage,10,10,10,3140.237,107,10,1,2452.237496,22,12,8,2228.3510864986465,76,0,0.7617
55021,336,I_ring_optimized,10,10,10,3050.978,106,10,1,2368.978086,21,12,8,2178.176275988806,76,0,0.807659
55021,336,J_ring7_1000,10,10,10,2875.163,115,10,1,2139.162553,22,15,6,2074.9139904381886,84,0,0.876509
55021,336,Jplus_final,10,10,10,2934.237,111,10,1,2220.237218,18,17,0,1930.5503708205752,83,0,0.071477
55021,337,C_region_q2,14,14,14,4521.687,135,14,1,3642.686761,14,0,0,nan,84,0,0.51367
55021,337,Cplus_completion_coobserve,14,14,14,4054.015,142,14,1,3136.01508,21,11,0,nan,84,0,0.378158
55021,337,F_coverage_integrated,14,14,14,3509.861,93,14,1,2884.861352,32,21,6,2112.8630013799184,48,0,1.219454
55021,337,G_rolling_coverage,14,14,14,3508.48,94,14,1,2878.479733,33,24,6,2112.8630013799184,48,0,1.165592
55021,337,I_ring_optimized,14,14,14,3512.486,102,14,1,2839.485621,38,25,7,2001.1344717244463,52,0,1.289641
55021,337,J_ring7_1000,14,14,14,3151.72,97,14,1,2501.720178,29,20,7,1918.4729057115728,54,0,1.67602
55021,337,Jplus_final,14,14,14,3189.861,93,14,1,2563.860709,27,26,0,1763.2739865071214,52,0,0.122367
55021,338,C_region_q2,13,13,13,4644.517,142,13,1,3729.516944,12,0,0,nan,103,0,0.359034
55021,338,Cplus_completion_coobserve,13,13,13,4251.622,145,13,1,3319.622021,15,7,0,nan,103,0,0.217704
55021,338,F_coverage_integrated,13,13,13,4266.927,118,13,1,3497.927477,30,16,8,2270.08932830321,76,0,0.485836
55021,338,G_rolling_coverage,13,13,13,4233.05,117,13,1,3469.049978,29,18,8,2270.08932830321,76,0,0.409389
55021,338,I_ring_optimized,13,13,13,3979.177,117,13,1,3214.177106,29,18,8,2122.397125690107,75,0,0.950546
55021,338,J_ring7_1000,13,13,13,3868.524,133,13,1,3013.523605,32,20,5,2014.2702500066823,89,0,1.624456
55021,338,Jplus_final,13,13,13,4014.325,130,13,1,3174.324654,29,21,0,1953.0096199827813,88,0,0.206516
55021,339,C_region_q2,16,16,16,5380.734,137,16,1,4481.73419,17,0,0,nan,84,0,0.540598
55021,339,Cplus_completion_coobserve,16,16,16,4694.345,141,16,1,3772.34547,21,10,0,nan,84,0,0.247954
55021,339,F_coverage_integrated,16,16,16,4699.903,116,16,1,3926.902845,46,25,8,1909.510114908905,55,0,1.470798
55021,339,G_rolling_coverage,16,16,16,4711.915,119,16,1,3922.915072,49,31,8,1909.510114908905,55,0,1.513205
55021,339,I_ring_optimized,16,16,16,4220.669,115,16,1,3457.668768,49,31,8,1774.4967351762339,52,0,1.536675
55021,339,J_ring7_1000,16,16,16,4432.503,123,16,1,3625.503167,47,24,8,1811.4255255338733,63,0,1.431353
55021,339,Jplus_final,16,16,16,4170.936,110,16,1,3436.935765,34,24,0,1793.1112516851977,60,0,0.354232
55021,340,C_region_q2,11,11,11,4640.151,137,11,1,3765.150839,11,0,0,nan,100,0,0.283245
55021,340,Cplus_completion_coobserve,11,11,11,4156.873,138,11,1,3276.872665,12,5,0,nan,100,0,0.177269
55021,340,F_coverage_integrated,11,11,11,4050.302,126,11,1,3244.301932,32,15,8,2254.6225352899246,83,0,0.710419
55021,340,G_rolling_coverage,11,11,11,4050.7,127,11,1,3239.700019,33,17,8,2254.6225352899246,83,0,0.614896
55021,340,I_ring_optimized,11,11,11,4153.143,127,11,1,3343.143313,33,16,8,2196.745924005155,83,0,0.676291
55021,340,J_ring7_1000,11,11,11,3732.382,134,11,1,2879.382383,28,14,8,2080.0265961837,95,0,1.053598
55021,340,Jplus_final,11,11,11,3640.348,127,11,1,2829.347986,21,15,0,1975.9970186792211,95,0,0.213141
55021,341,C_region_q2,15,15,15,4373.7,138,15,1,3471.700106,9,0,0,nan,92,0,0.28032
55021,341,Cplus_completion_coobserve,15,15,15,3807.209,140,15,1,2894.208959,11,6,0,nan,92,0,0.143243
55021,341,F_coverage_integrated,15,15,15,3564.669,96,15,1,2917.669246,32,20,8,2138.1917289892936,50,0,0.953646
55021,341,G_rolling_coverage,15,15,15,3558.406,96,15,1,2911.406448,32,22,8,2138.1917289892936,50,0,0.918756
55021,341,I_ring_optimized,15,15,15,3344.068,100,15,1,2674.067588,36,25,8,2091.4837600868505,51,0,0.937535
55021,341,J_ring7_1000,15,15,15,3258.607,104,15,1,2562.60696,37,28,8,1970.007372102072,53,0,1.215194
55021,341,Jplus_final,15,15,15,3423.377,108,15,1,2707.377019,34,31,0,1876.6536886698154,59,0,0.168111
55021,342,C_region_q2,13,13,13,4930.672,137,13,1,4044.672099,12,0,0,nan,96,0,0.394437
55021,342,Cplus_completion_coobserve,13,13,13,4228.712,142,13,1,3316.712053,17,8,0,nan,96,0,0.274572
55021,342,F_coverage_integrated,13,13,13,4097.783,116,13,1,3342.783333,27,14,8,2252.3242241666917,77,0,0.462661
55021,342,G_rolling_coverage,13,13,13,4088.065,118,13,1,3323.065216,29,18,8,2252.3242241666917,77,0,0.391329
55021,342,I_ring_optimized,13,13,13,3965.616,120,13,1,3188.615848,31,18,8,2143.2777646437557,77,0,0.633933
55021,342,J_ring7_1000,13,13,13,3857.285,122,13,1,3063.285367,30,22,7,2091.65580508128,79,0,1.279361
55021,342,Jplus_final,13,13,13,3873.761,122,13,1,3079.760658,29,27,0,1918.3209738821395,80,0,0.145239
55021,343,C_region_q2,11,11,11,4840.546,143,11,1,3931.546148,10,0,0,nan,108,0,0.221348
55021,343,Cplus_completion_coobserve,11,11,11,4192.12,145,11,1,3270.119582,12,5,0,nan,108,0,0.20955
55021,343,F_coverage_integrated,11,11,11,3776.64,122,11,1,2992.639685,33,18,8,2246.8400036734615,78,0,1.141205
55021,343,G_rolling_coverage,11,11,11,3764.879,122,11,1,2980.878844,33,19,8,2246.8400036734615,78,0,1.022167
55021,343,I_ring_optimized,11,11,11,3576.868,120,11,1,2804.867589,31,21,6,2084.2355905642253,78,0,0.734339
55021,343,J_ring7_1000,11,11,11,3488.139,126,11,1,2681.139158,34,21,8,2007.6641972518503,81,0,1.311987
55021,343,Jplus_final,11,11,11,3692.073,111,11,1,2976.073435,19,15,0,1876.4329291735996,81,0,0.184294
55021,344,C_region_q2,12,12,12,4868.822,135,12,1,4002.822264,12,0,0,nan,94,0,0.368878
55021,344,Cplus_completion_coobserve,12,12,12,4247.642,140,12,1,3352.642287,17,8,0,nan,94,0,0.259598
55021,344,F_coverage_integrated,12,12,12,3990.645,110,12,1,3274.645155,28,18,8,2293.3142718571235,70,0,0.73318
55021,344,G_rolling_coverage,12,12,12,3990.511,110,12,1,3274.511086,28,19,8,2293.3142718571235,70,0,0.786173
55021,344,I_ring_optimized,12,12,12,3818.114,113,12,1,3083.11351,31,21,7,2065.942261550804,70,0,1.142453
55021,344,J_ring7_1000,12,12,12,3892.367,117,12,1,3134.366875,25,17,4,1982.4301683637732,80,0,1.173985
55021,344,Jplus_final,12,12,12,3885.006,117,12,1,3128.006181,25,19,0,1915.312802218142,80,0,0.272967
55021,345,C_region_q2,16,16,16,5715.395,150,16,1,4740.395181,18,0,0,nan,102,0,0.516644
55021,345,Cplus_completion_coobserve,16,16,16,4802.729,161,16,1,3761.729244,29,15,0,nan,103,0,0.25583
55021,345,F_coverage_integrated,16,16,16,4401.481,115,16,1,3633.480681,31,16,8,2240.5963975859167,68,0,1.258421
55021,345,G_rolling_coverage,16,16,16,4322.858,117,16,1,3544.858105,33,21,8,2240.5963975859167,68,0,1.091773
55021,345,I_ring_optimized,16,16,16,4142.425,119,16,1,3354.424972,35,23,8,2095.573287775358,69,0,0.884843
55021,345,J_ring7_1000,16,16,16,3697.245,117,16,1,2923.244586,48,30,8,1574.3792404265214,53,0,1.87359
55021,345,Jplus_final,16,16,16,3965.941,118,16,1,3180.941183,37,29,0,1707.2687327935284,65,0,0.270204
55021,346,C_region_q2,11,11,11,4346.523,134,11,1,3488.523474,6,0,0,nan,101,0,0.16181
55021,346,Cplus_completion_coobserve,11,11,11,4076.945,134,11,1,3218.945124,6,2,0,nan,101,0,0.174199
55021,346,F_coverage_integrated,11,11,11,3679.028,113,11,1,2947.027807,25,16,6,2244.9338954879013,77,0,0.848827
55021,346,G_rolling_coverage,11,11,11,3679.028,113,11,1,2947.027807,25,16,6,2244.9338954879013,77,0,0.901918
55021,346,I_ring_optimized,11,11,11,3749.433,112,11,1,3026.43319,24,13,6,2097.1432467033924,77,0,0.786534
55021,346,J_ring7_1000,11,11,11,3824.86,122,11,1,3043.86004,29,16,8,2095.116375774871,83,0,1.00083
55021,346,Jplus_final,11,11,11,3393.094,111,11,1,2675.093598,18,15,0,1920.37885285603,82,0,0.092986
55021,347,C_region_q2,15,15,15,5029.416,147,15,1,4075.415787,15,0,0,nan,96,0,0.532741
55021,347,Cplus_completion_coobserve,15,15,15,4570.847,151,15,1,3594.846555,19,9,0,nan,96,0,0.369677
55021,347,F_coverage_integrated,15,15,15,4580.345,118,15,1,3801.344989,46,28,8,2171.2524509977247,58,0,1.147627
55021,347,G_rolling_coverage,15,15,15,4483.945,116,15,1,3716.945483,44,33,8,2171.2524509977247,58,0,0.962608
55021,347,I_ring_optimized,15,15,15,3836.836,111,15,1,3098.835543,39,28,8,2042.994010683204,58,0,1.519859
55021,347,J_ring7_1000,15,15,15,3714.049,116,15,1,2946.049196,38,27,8,1987.4766253909654,65,0,1.371671
55021,347,Jplus_final,15,15,15,3961.313,110,15,1,3230.312987,32,29,0,1833.5365343121337,63,0,0.168848
55021,348,C_region_q2,13,13,13,5081.174,136,13,1,4202.173922,12,0,0,nan,96,0,0.416046
55021,348,Cplus_completion_coobserve,13,13,13,4300.471,138,13,1,3411.470679,14,4,0,nan,97,0,0.252273
55021,348,F_coverage_integrated,13,13,13,4230.869,114,13,1,3485.868615,30,17,8,2310.997655637859,71,0,0.505098
55021,348,G_rolling_coverage,13,13,13,4235.869,115,13,1,3485.868615,31,18,8,2310.997655637859,71,0,0.465616
55021,348,I_ring_optimized,13,13,13,3902.804,114,13,1,3156.803865,31,21,8,2164.7934937642563,70,0,0.370242
55021,348,J_ring7_1000,13,13,13,3781.274,125,13,1,2974.273968,32,19,7,2055.696573632369,80,0,1.346236
55021,348,Jplus_final,13,13,13,4315.295,121,13,1,3532.295177,26,17,0,1917.519989020981,82,0,0.158099
55021,349,C_region_q2,13,13,13,4426.613,142,13,1,3510.612955,10,0,0,nan,98,0,0.346127
55021,349,Cplus_completion_coobserve,13,13,13,4051.793,147,13,1,3107.792592,15,8,0,nan,98,0,0.179927
55021,349,F_coverage_integrated,13,13,13,4306.063,107,13,1,3606.062737,34,19,8,2223.2505723204163,61,0,0.946491
55021,349,G_rolling_coverage,13,13,13,3909.796,106,13,1,3214.795686,33,21,8,2223.2505723204163,61,0,0.936324
55021,349,I_ring_optimized,13,13,13,3592.856,108,13,1,2885.856157,35,24,8,2107.326210838669,61,0,0.930102
55021,349,J_ring7_1000,13,13,13,3607.908,124,13,1,2800.90792,40,28,8,2089.5862305725086,72,0,1.752967
55021,349,Jplus_final,13,13,13,3474.025,114,13,1,2730.024598,30,29,0,1889.4370012184927,71,0,0.083653
55021,350,C_region_q2,10,10,10,4336.415,139,10,1,3455.415189,11,0,0,nan,109,0,0.347783
55021,350,Cplus_completion_coobserve,10,10,10,3931.757,144,10,1,3023.756613,16,7,0,nan,109,0,0.322846
55021,350,F_coverage_integrated,10,10,10,4102.982,120,10,1,3336.981994,24,11,4,2155.027384533225,88,0,1.10541
55021,350,G_rolling_coverage,10,10,10,4059.322,120,10,1,3295.322319,24,14,4,2155.027384533225,88,0,1.09903
55021,350,I_ring_optimized,10,10,10,3973.229,121,10,1,3206.229301,25,15,3,2075.5866233213965,88,0,0.969091
55021,350,J_ring7_1000,10,10,10,4210.773,138,10,1,3339.772759,31,12,8,2108.8793119340753,101,0,0.762112
55021,350,Jplus_final,10,10,10,3990.677,133,10,1,3147.67727,26,17,0,1974.6962444716144,101,0,0.095547
55021,351,C_region_q2,16,16,16,5423.766,138,16,1,4516.766019,14,0,0,nan,91,0,0.532477
55021,351,Cplus_completion_coobserve,16,16,16,4682.099,142,16,1,3754.098806,18,7,0,nan,91,0,0.374315
55021,351,F_coverage_integrated,16,16,16,4345.617,109,16,1,3617.616648,33,15,8,2170.1853099834943,60,0,0.782156
55021,351,G_rolling_coverage,16,16,16,4364.206,113,16,1,3614.205654,37,21,8,2170.1853099834943,60,0,0.721077
55021,351,I_ring_optimized,16,16,16,4247.86,110,16,1,3515.860226,34,20,8,2063.255732306896,60,0,0.855975
55021,351,J_ring7_1000,16,16,16,3973.618,113,16,1,3220.617533,44,30,8,1568.5465716269227,53,0,1.473463
55021,351,Jplus_final,16,16,16,3888.441,106,16,1,3175.441461,37,31,0,1385.213982588093,53,0,0.27653
55021,352,C_region_q2,12,12,12,4423.216,138,12,1,3538.215725,11,0,0,nan,95,0,0.353946
55021,352,Cplus_completion_coobserve,12,12,12,4214.489,140,12,1,3319.488512,13,4,0,nan,95,0,0.201542
55021,352,F_coverage_integrated,12,12,12,3953.95,110,12,1,3236.949589,27,16,8,2351.3184432619905,71,0,0.661675
55021,352,G_rolling_coverage,12,12,12,3953.95,110,12,1,3236.949589,27,16,8,2351.3184432619905,71,0,0.61132
55021,352,I_ring_optimized,12,12,12,3721.709,109,12,1,3010.709339,26,18,5,2134.819257111979,71,0,0.696714
55021,352,J_ring7_1000,12,12,12,3604.732,117,12,1,2844.732348,27,19,7,1986.6257549597863,79,0,1.109462
55021,352,Jplus_final,12,12,12,3583.616,109,12,1,2872.615616,19,16,0,1873.3592080850296,78,0,0.1549
55021,353,C_region_q2,11,11,11,4616.508,147,11,1,3680.50783,11,0,0,nan,113,0,0.363842
55021,353,Cplus_completion_coobserve,11,11,11,3988.7,151,11,1,3030.700007,15,7,0,nan,113,0,0.185557
55021,353,F_coverage_integrated,11,11,11,3925.629,133,11,1,3077.628855,28,15,8,2338.537751298421,97,0,0.793184
55021,353,G_rolling_coverage,11,11,11,3901.299,133,11,1,3053.299406,28,16,8,2338.537751298421,97,0,0.732863
55021,353,I_ring_optimized,11,11,11,3749.184,135,11,1,2887.184437,30,20,5,2135.913973601954,96,0,1.13759
55021,353,J_ring7_1000,11,11,11,3540.562,148,11,1,2598.562115,29,20,6,2169.202658841477,108,0,1.298805
55021,353,Jplus_final,11,11,11,3420.019,137,11,1,2544.018666,18,15,0,2042.0458190104507,108,0,0.116201
55021,354,C_region_q2,14,14,14,5617.748,147,14,1,4666.747845,13,0,0,nan,105,0,0.401679
55021,354,Cplus_completion_coobserve,14,14,14,4776.489,153,14,1,3792.488693,19,6,0,nan,105,0,0.41972
55021,354,F_coverage_integrated,14,14,14,4300.416,109,14,1,3584.416067,31,12,8,2228.9638522709824,64,0,1.233104
55021,354,G_rolling_coverage,14,14,14,4297.299,110,14,1,3576.299495,32,14,8,2228.9638522709824,64,0,1.140726
55021,354,I_ring_optimized,14,14,14,4064.66,107,14,1,3360.659552,29,15,8,2111.9747863900984,64,0,1.567692
55021,354,J_ring7_1000,14,14,14,3878.657,119,14,1,3101.657373,34,22,6,2041.4497457801892,71,0,1.566447
55021,354,Jplus_final,14,14,14,4202.697,115,14,1,3447.696884,30,23,0,1903.5831161026442,71,0,0.304642
55021,355,C_region_q2,16,16,16,4965.399,126,16,1,4133.398533,13,0,0,nan,79,0,0.449478
55021,355,Cplus_completion_coobserve,16,16,16,4429.084,135,16,1,3544.083606,22,9,0,nan,79,0,0.304199
55021,355,F_coverage_integrated,16,16,16,4264.374,101,16,1,3583.373907,38,20,8,2006.6437244486578,47,0,1.137754
55021,355,G_rolling_coverage,16,16,16,3995.949,102,16,1,3307.9485,39,25,8,2006.6437244486578,47,0,1.107418
55021,355,I_ring_optimized,16,16,16,4033.144,114,16,1,3276.143813,43,30,8,2066.5741964039435,56,0,1.353459
55021,355,J_ring7_1000,16,16,16,4300.163,112,16,1,3555.163418,43,28,7,1929.2609129728428,53,0,1.428641
55021,355,Jplus_final,16,16,16,3975.899,99,16,1,3308.898795,30,22,0,1604.20644566745,55,0,0.127901
55021,356,C_region_q2,11,11,11,3832.442,136,11,1,2962.441549,9,0,0,nan,96,0,0.270779
55021,356,Cplus_completion_coobserve,11,11,11,3698.403,138,11,1,2818.402802,11,4,0,nan,96,0,0.15157
55021,356,F_coverage_integrated,11,11,11,3454.581,107,11,1,2762.581345,27,15,8,2236.7321956352343,70,0,0.689538
55021,356,G_rolling_coverage,11,11,11,3459.429,108,11,1,2762.428648,28,17,8,2236.7321956352343,70,0,0.645333
55021,356,I_ring_optimized,11,11,11,3492.213,112,11,1,2772.212873,32,19,8,2104.9394693922536,72,0,0.639744
55021,356,J_ring7_1000,11,11,11,3397.927,130,11,1,2566.927282,45,32,8,2046.0845146158465,75,0,1.736873
55021,356,Jplus_final,11,11,11,3248.475,111,11,1,2530.475378,26,24,0,1870.3209738821395,74,0,0.10073
55021,357,C_region_q2,10,10,10,4261.898,141,10,1,3366.897592,9,0,0,nan,106,0,0.329925
55021,357,Cplus_completion_coobserve,10,10,10,4036.909,141,10,1,3141.908702,9,5,0,nan,106,0,0.17632
55021,357,F_coverage_integrated,10,10,10,3771.154,115,10,1,3037.153684,28,13,8,2305.909193886416,79,0,1.482541
55021,357,G_rolling_coverage,10,10,10,3765.764,116,10,1,3026.764124,29,17,8,2305.909193886416,79,0,1.539488
55021,357,I_ring_optimized,10,10,10,3906.032,120,10,1,3143.032406,33,17,8,2124.201074273561,79,0,1.569967
55021,357,J_ring7_1000,10,10,10,3573.886,128,10,1,2759.886005,25,13,8,2055.329724203135,93,0,0.927418
55021,357,Jplus_final,10,10,10,3836.762,127,10,1,3027.761767,21,16,0,2029.830178677856,97,0,0.117252
55021,358,C_region_q2,10,10,10,4316.551,137,10,1,3446.551156,9,0,0,nan,101,0,0.268079
55021,358,Cplus_completion_coobserve,10,10,10,4187.534,137,10,1,3317.533562,9,3,0,nan,101,0,0.139821
55021,358,F_coverage_integrated,10,10,10,3461.165,110,10,1,2754.164643,25,14,8,2267.5388246151174,75,0,1.016717
55021,358,G_rolling_coverage,10,10,10,3465.214,111,10,1,2753.214469,26,15,8,2267.5388246151174,75,0,0.953834
55021,358,I_ring_optimized,10,10,10,3343.471,111,10,1,2631.471205,26,16,8,2153.1493810490124,75,0,1.167322
55021,358,J_ring7_1000,10,10,10,3259.601,122,10,1,2482.600618,28,18,8,2064.777294657905,85,0,1.170195
55021,358,Jplus_final,10,10,10,3342.074,110,10,1,2634.074034,16,15,0,1937.9170172555448,84,0,0.066033
55021,359,C_region_q2,15,15,15,5461.621,136,15,1,4573.621355,14,0,0,nan,87,0,0.316364
55021,359,Cplus_completion_coobserve,15,15,15,4463.319,141,15,1,3543.318912,19,13,0,nan,87,0,0.172096
55021,359,F_coverage_integrated,15,15,15,3817.311,114,15,1,3061.310842,44,28,8,2171.9177319060886,58,0,1.276411
55021,359,G_rolling_coverage,15,15,15,3804.73,116,15,1,3037.730136,46,32,8,2171.9177319060886,58,0,1.166594
55021,359,I_ring_optimized,15,15,15,3561.422,110,15,1,2830.422339,40,28,7,2152.060878348086,56,0,1.538309
55021,359,J_ring7_1000,15,15,15,3424.683,101,15,1,2744.683253,40,30,8,1884.6669099322942,47,0,0.986922
55021,359,Jplus_final,15,15,15,3434.734,92,15,1,2810.734282,31,28,0,1781.0160498606076,46,0,0.14929
55021,360,C_region_q2,12,12,12,4647.261,146,12,1,3713.260582,11,0,0,nan,110,0,0.35341
55021,360,Cplus_completion_coobserve,12,12,12,4243.156,153,12,1,3267.156379,18,10,0,nan,110,0,0.206745
55021,360,F_coverage_integrated,12,12,12,3980.086,114,12,1,3242.085724,24,14,4,2213.4664871795926,78,0,0.994483
55021,360,G_rolling_coverage,12,12,12,3990.392,116,12,1,3240.392483,26,17,4,2213.4664871795926,78,0,0.945739
55021,360,I_ring_optimized,12,12,12,3903.364,120,12,1,3129.363902,30,20,5,2109.0971192706334,78,0,1.469573
55021,360,J_ring7_1000,12,12,12,3800.282,143,12,1,2886.282464,36,24,8,2100.584107970136,95,0,0.59095
55021,360,Jplus_final,12,12,12,3560.639,127,12,1,2741.639002,31,27,0,1912.309766319932,84,0,0.214345
55021,361,C_region_q2,14,14,14,5038.856,129,14,1,4198.855608,13,0,0,nan,81,0,0.237001
55021,361,Cplus_completion_coobserve,14,14,14,4346.972,133,14,1,3481.972336,17,7,0,nan,81,0,0.184892
55021,361,F_coverage_integrated,14,14,14,3381.56,98,14,1,2726.559584,34,21,8,2190.1438484751907,50,0,1.685117
55021,361,G_rolling_coverage,14,14,14,3377.551,98,14,1,2722.551437,34,22,8,2190.1438484751907,50,0,1.681294
55021,361,I_ring_optimized,14,14,14,3391.603,101,14,1,2718.602581,37,25,8,2093.679207378947,51,0,1.931253
55021,361,J_ring7_1000,14,14,14,3277.232,112,14,1,2538.231714,37,26,8,2120.308118465663,61,0,1.055756
55021,361,Jplus_final,14,14,14,3203.011,96,14,1,2559.011457,26,26,0,1862.6371262754299,56,0,0.077435
55021,362,C_region_q2,11,11,11,4538.255,135,11,1,3674.255089,8,0,0,nan,99,0,0.24476
55021,362,Cplus_completion_coobserve,11,11,11,3936.586,142,11,1,3034.586386,15,6,0,nan,99,0,0.202633
55021,362,F_coverage_integrated,11,11,11,3590.18,117,11,1,2837.179814,28,17,7,2292.4610795900867,78,0,1.114957
55021,362,G_rolling_coverage,11,11,11,3591.888,117,11,1,2838.888079,28,18,7,2292.4610795900867,78,0,1.070243
55021,362,I_ring_optimized,11,11,11,3407.711,116,11,1,2659.71097,28,20,6,2138.2988723760927,77,0,0.80285
55021,362,J_ring7_1000,11,11,11,3534.274,119,11,1,2770.274367,24,10,8,2095.1631801498675,87,0,0.814166
55021,362,Jplus_final,11,11,11,3400.956,116,11,1,2652.955976,21,17,0,1931.6820902593586,84,0,0.160444
55021,363,C_region_q2,10,10,10,4820.02,146,10,1,3897.020112,11,0,0,nan,114,0,0.285847
55021,363,Cplus_completion_coobserve,10,10,10,4033.369,147,10,1,3105.368721,12,4,0,nan,114,0,0.212581
55021,363,F_coverage_integrated,10,10,10,3578.309,122,10,1,2799.30929,24,12,8,2351.14159228831,89,0,0.581216
55021,363,G_rolling_coverage,10,10,10,3617.749,124,10,1,2828.748536,26,14,8,2351.14159228831,89,0,0.602105
55021,363,I_ring_optimized,10,10,10,3658.945,128,10,1,2847.945061,25,18,1,2064.2707259086055,93,0,1.061408
55021,363,J_ring7_1000,10,10,10,3623.361,138,10,1,2748.361314,29,19,7,2217.4009093718028,101,0,1.686641
55021,363,Jplus_final,10,10,10,3608.725,130,10,1,2780.725477,21,18,0,2024.896002650083,99,0,0.137469
55021,364,C_region_q2,12,12,12,4684.885,139,12,1,3792.885094,11,0,0,nan,101,0,0.363297
55021,364,Cplus_completion_coobserve,12,12,12,4334.722,144,12,1,3413.721558,16,6,0,nan,101,0,0.302423
55021,364,F_coverage_integrated,12,12,12,4322.929,118,12,1,3560.928625,31,16,7,2317.680604571227,75,0,0.930506
55021,364,G_rolling_coverage,12,12,12,4325.903,118,12,1,3563.903112,31,16,7,2317.680604571227,75,0,0.975226
55021,364,I_ring_optimized,12,12,12,4227.414,123,12,1,3433.413573,26,16,5,2138.0682413793293,87,0,0.750308
55021,364,J_ring7_1000,12,12,12,3900.745,124,12,1,3099.744628,32,17,8,2047.0042790141083,80,0,0.800072
55021,364,Jplus_final,12,12,12,4001.187,116,12,1,3247.186837,24,19,0,1890.0220603231019,80,0,0.255245
55021,365,C_region_q2,15,15,15,4693.075,131,15,1,3835.075084,10,0,0,nan,85,0,0.259389
55021,365,Cplus_completion_coobserve,15,15,15,4368.277,133,15,1,3497.276734,12,3,0,nan,85,0,0.201133
55021,365,F_coverage_integrated,15,15,15,4216.115,103,15,1,3525.11455,33,19,8,2125.6128833366374,55,0,1.166256
55021,365,G_rolling_coverage,15,15,15,4215.216,103,15,1,3524.215905,33,21,8,2125.6128833366374,55,0,1.171246
55021,365,I_ring_optimized,15,15,15,3991.212,105,15,1,3290.211623,35,21,8,2057.893126797436,55,0,1.2815
55021,365,J_ring7_1000,15,15,15,3972.83,108,15,1,3254.829647,32,19,8,1948.2961097195487,61,0,0.919456
55021,365,Jplus_final,15,15,15,3898.446,102,15,1,3214.446451,26,21,0,1876.146136132891,61,0,0.209864
55021,366,C_region_q2,11,11,11,4105.444,138,11,1,3223.444257,9,0,0,nan,99,0,0.298705
55021,366,Cplus_completion_coobserve,11,11,11,3684.533,139,11,1,2796.532646,10,6,0,nan,99,0,0.115821
55021,366,F_coverage_integrated,11,11,11,3321.377,113,11,1,2593.376834,29,17,6,2306.2945964440537,74,0,1.573751
55021,366,G_rolling_coverage,11,11,11,3326.883,114,11,1,2593.883147,30,18,6,2306.2945964440537,74,0,1.408158
55021,366,I_ring_optimized,11,11,11,3096.951,108,11,1,2398.951309,24,16,6,2130.3866591956994,74,0,1.091159
55021,366,J_ring7_1000,11,11,11,3269.995,129,11,1,2444.995096,34,23,8,2068.5155467033014,85,0,1.921209
55021,366,Jplus_final,11,11,11,3211.217,119,11,1,2446.217214,24,23,0,1969.579225975259,84,0,0.1188
55021,367,C_region_q2,15,15,15,5340.779,135,15,1,4458.779234,15,0,0,nan,85,0,0.44159
55021,367,Cplus_completion_coobserve,15,15,15,4518.094,142,15,1,3592.093963,22,12,0,nan,85,0,0.2754
55021,367,F_coverage_integrated,15,15,15,4001.961,99,15,1,3335.961041,32,22,8,2245.227285198357,52,0,1.114074
55021,367,G_rolling_coverage,15,15,15,4004.736,100,15,1,3333.736192,33,24,8,2245.227285198357,52,0,1.161266
55021,367,I_ring_optimized,15,15,15,3931.477,103,15,1,3242.476767,36,26,8,2124.65377016291,52,0,1.0671
55021,367,J_ring7_1000,15,15,15,3910.591,107,15,1,3196.591416,38,25,8,1947.0551001385866,54,0,1.084042
55021,367,Jplus_final,15,15,15,3640.539,95,15,1,2998.538733,26,23,0,1810.5426112758655,54,0,0.156
55021,368,C_region_q2,11,11,11,3989.321,128,11,1,3167.321152,9,0,0,nan,90,0,0.281315
55021,368,Cplus_completion_coobserve,11,11,11,3720.694,131,11,1,2881.693863,12,6,0,nan,90,0,0.190113
55021,368,F_coverage_integrated,11,11,11,3627.823,104,11,1,2951.822671,24,12,6,2229.0261452393697,69,0,0.797021
55021,368,G_rolling_coverage,11,11,11,3621.286,104,11,1,2946.28612,24,14,6,2229.0261452393697,69,0,0.817329
55021,368,I_ring_optimized,11,11,11,3538.53,111,11,1,2822.529722,31,19,8,2136.2074357748584,69,0,0.747461
55021,368,J_ring7_1000,11,11,11,2961.508,113,11,1,2232.508298,27,19,7,1963.9419447379107,75,0,1.351999
55021,368,Jplus_final,11,11,11,2951.913,107,11,1,2257.913399,21,19,0,1882.0083960657346,75,0,0.100646
55021,369,C_region_q2,10,10,10,4289.82,137,10,1,3420.820216,11,0,0,nan,100,0,0.450325
55021,369,Cplus_completion_coobserve,10,10,10,3976.771,138,10,1,3100.771399,12,5,0,nan,100,0,0.246736
55021,369,F_coverage_integrated,10,10,10,3478.363,119,10,1,2719.363312,24,12,8,2336.605537692579,86,0,0.564873
55021,369,G_rolling_coverage,10,10,10,3472.938,119,10,1,2713.937608,24,13,8,2336.605537692579,86,0,0.581985
55021,369,I_ring_optimized,10,10,10,3648.962,114,10,1,2915.962215,26,16,8,2115.994666641785,80,0,0.739499
55021,369,J_ring7_1000,10,10,10,3675.127,128,10,1,2861.126542,27,15,8,2046.470477400501,93,0,0.739401
55021,369,Jplus_final,10,10,10,3586.611,121,10,1,2813.610791,20,16,0,1949.2046049066105,91,0,0.166185
55021,370,C_region_q2,13,13,13,4500.721,121,13,1,3710.721466,9,0,0,nan,76,0,0.347269
55021,370,Cplus_completion_coobserve,13,13,13,4012.069,123,13,1,3210.069095,11,5,0,nan,76,0,0.187662
55021,370,F_coverage_integrated,13,13,13,4154.87,115,13,1,3405.869719,46,27,8,2243.40314550291,58,0,1.688589
55021,370,G_rolling_coverage,13,13,13,3931.842,114,13,1,3188.841752,45,29,8,2243.40314550291,58,0,1.499346
55021,370,I_ring_optimized,13,13,13,3724.374,111,13,1,2998.374164,42,28,8,2100.1715683321845,58,0,1.87402
55021,370,J_ring7_1000,13,13,13,3557.504,117,13,1,2793.504125,40,27,8,2084.3652834075338,64,0,1.599899
55021,370,Jplus_final,13,13,13,3540.449,105,13,1,2848.449155,28,24,0,1882.8430801711656,64,0,0.150304
55021,371,C_region_q2,12,12,12,5070.041,146,12,1,4139.041213,13,0,0,nan,107,0,0.286577
55021,371,Cplus_completion_coobserve,12,12,12,4678.529,148,12,1,3734.529457,15,6,0,nan,107,0,0.1915
55021,371,F_coverage_integrated,12,12,12,4563.447,121,12,1,3782.447455,32,15,8,2209.9584238890866,77,0,1.043226
55021,371,G_rolling_coverage,12,12,12,4309.313,122,12,1,3521.312517,33,18,8,2209.9584238890866,77,0,0.890576
55021,371,I_ring_optimized,12,12,12,3965.162,119,12,1,3197.162,30,18,8,2100.389485145774,77,0,0.884019
55021,371,J_ring7_1000,12,12,12,3976.054,122,12,1,3188.0543,28,15,8,2130.1849490711857,82,0,1.079187
55021,371,Jplus_final,12,12,12,3743.1,118,12,1,2978.099629,24,20,0,2003.7895138633417,82,0,0.116497
55021,372,C_region_q2,15,15,15,5029.044,136,15,1,4141.043982,13,0,0,nan,87,0,0.337277
55021,372,Cplus_completion_coobserve,15,15,15,4277.839,141,15,1,3360.838912,18,9,0,nan,87,0,0.307849
55021,372,F_coverage_integrated,15,15,15,4301.232,117,15,1,3531.231796,37,17,8,2267.868575157223,65,0,1.109308
55021,372,G_rolling_coverage,15,15,15,3900.712,120,15,1,3117.712438,40,22,8,2267.868575157223,65,0,1.080369
55021,372,I_ring_optimized,15,15,15,3754.373,121,15,1,2965.372999,41,22,8,2131.2819161615344,66,0,1.194865
55021,372,J_ring7_1000,15,15,15,3583.261,113,15,1,2837.261487,48,34,8,1939.233214153082,50,0,1.297831
55021,372,Jplus_final,15,15,15,3458.519,94,15,1,2825.518565,29,25,0,1797.976110275315,50,0,0.166273
55021,373,C_region_q2,13,13,13,4948.958,138,13,1,4056.958098,12,0,0,nan,94,0,0.421527
55021,373,Cplus_completion_coobserve,13,13,13,4344.171,148,13,1,3395.170866,22,11,0,nan,94,0,0.386287
55021,373,F_coverage_integrated,13,13,13,4169.933,113,13,1,3430.933312,32,19,8,2217.911283408719,68,0,1.101122
55021,373,G_rolling_coverage,13,13,13,4165.74,115,13,1,3416.740301,34,23,8,2217.911283408719,68,0,1.156072
55021,373,I_ring_optimized,13,13,13,3858.963,102,13,1,3185.963221,30,17,8,1991.1830854526108,59,0,1.234589
55021,373,J_ring7_1000,13,13,13,3798.084,124,13,1,2991.084423,39,26,8,2022.6304818102026,72,0,1.662555
55021,373,Jplus_final,13,13,13,3699.529,111,13,1,2971.52869,26,22,0,1864.3209738821397,72,0,0.181561
55021,374,C_region_q2,16,16,16,4922.118,124,16,1,4101.118001,17,0,0,nan,69,0,0.363196
55021,374,Cplus_completion_coobserve,16,16,16,4022.653,131,16,1,3158.653473,24,14,0,nan,69,0,0.250115
55021,374,F_coverage_integrated,16,16,16,3977.823,108,16,1,3253.822548,48,27,8,1825.8307654526395,44,0,1.308148
55021,374,G_rolling_coverage,16,16,16,3858.217,110,16,1,3123.217107,50,30,8,1825.8307654526395,44,0,1.298707
55021,374,I_ring_optimized,16,16,16,3652.472,105,16,1,2944.472274,45,30,8,1834.4503126811996,44,0,1.303026
55021,374,J_ring7_1000,16,16,16,3397.549,102,16,1,2709.548603,48,34,8,1482.5812860367964,39,0,1.709154
55021,374,Jplus_final,16,16,16,3334.576,98,16,1,2671.575545,44,37,0,1313.1901838189967,38,0,0.371034
55021,375,C_region_q2,16,16,16,5018.787,107,16,1,4301.787332,17,0,0,nan,55,0,0.564794
55021,375,Cplus_completion_coobserve,16,16,16,4211.192,111,16,1,3470.192289,21,9,0,nan,55,0,0.218647
55021,375,F_coverage_integrated,16,16,16,4326.585,97,16,1,3670.585304,46,27,8,1851.585790983217,35,0,0.944612
55021,375,G_rolling_coverage,16,16,16,4126.013,94,16,1,3486.013361,43,29,8,1851.585790983217,35,0,0.750651
55021,375,I_ring_optimized,16,16,16,4224.643,99,16,1,3556.643346,43,27,8,1830.8500161168674,40,0,0.775297
55021,375,J_ring7_1000,16,16,16,3586.191,97,16,1,2928.191377,38,23,8,1804.4215968912408,44,0,1.071815
55021,375,Jplus_final,16,16,16,3497.861,90,16,1,2883.861063,44,37,0,1091.6604869410698,30,0,0.306438
55021,376,C_region_q2,16,16,16,5005.635,124,16,1,4184.63481,16,0,0,nan,73,0,0.551089
55021,376,Cplus_completion_coobserve,16,16,16,4547.329,128,16,1,3705.328554,20,9,0,nan,73,0,0.271432
55021,376,F_coverage_integrated,16,16,16,4795.162,104,16,1,4096.162448,41,20,8,1804.6930751514547,47,0,0.734636
55021,376,G_rolling_coverage,16,16,16,4368.117,103,16,1,3675.116998,40,24,8,1804.6930751514547,47,0,0.734605
55021,376,I_ring_optimized,16,16,16,4225.573,104,16,1,3525.573195,41,25,8,1738.0041479916358,47,0,0.631989
55021,376,J_ring7_1000,16,16,16,4373.753,115,16,1,3609.752582,43,26,8,1994.5831283770244,56,0,1.403308
55021,376,Jplus_final,16,16,16,4272.689,104,16,1,3574.689114,32,23,0,1823.378801628716,56,0,0.223277
55021,377,C_region_q2,16,16,16,4846.794,140,16,1,3928.793687,15,0,0,nan,83,0,0.55279
55021,377,Cplus_completion_coobserve,16,16,16,4386.21,146,16,1,3433.209998,21,12,0,nan,83,0,0.313553
55021,377,F_coverage_integrated,16,16,16,3928.932,97,16,1,3269.931965,40,23,8,2095.670186693588,41,0,0.808814
55021,377,G_rolling_coverage,16,16,16,3948.53,99,16,1,3278.530229,42,26,8,2095.670186693588,41,0,0.773105
55021,377,I_ring_optimized,16,16,16,3454.869,92,16,1,2828.86858,40,23,8,1649.275769279616,36,0,0.902596
55021,377,J_ring7_1000,16,16,16,3837.16,104,16,1,3139.160029,42,26,8,1963.8048097269175,46,0,1.796854
55021,377,Jplus_final,16,16,16,3635.115,99,16,1,2967.114947,37,34,0,1703.078004815291,46,0,0.198641
55021,378,C_region_q2,13,13,13,4449.375,131,13,1,3599.375345,9,0,0,nan,90,0,0.338385
55021,378,Cplus_completion_coobserve,13,13,13,4001.093,132,13,1,3146.093233,10,5,0,nan,90,0,0.160959
55021,378,F_coverage_integrated,13,13,13,3915.499,103,13,1,3235.499386,29,18,7,2189.9638531862884,61,0,1.230945
55021,378,G_rolling_coverage,13,13,13,3915.499,103,13,1,3235.499386,29,18,7,2189.9638531862884,61,0,1.191624
55021,378,I_ring_optimized,13,13,13,3679.12,101,13,1,3012.120329,27,16,7,2254.584657436419,61,0,0.955342
55021,378,J_ring7_1000,13,13,13,3555.327,109,13,1,2838.327344,27,17,8,2131.4579144514173,69,0,1.835767
55021,378,Jplus_final,13,13,13,3641.585,111,13,1,2914.584515,29,23,0,1902.6188106305378,69,0,0.26368
55021,379,C_region_q2,12,12,12,4729.919,144,12,1,3807.919216,11,0,0,nan,106,0,0.330692
55021,379,Cplus_completion_coobserve,12,12,12,4203.365,151,12,1,3241.365388,18,8,0,nan,106,0,0.293479
55021,379,F_coverage_integrated,12,12,12,3946.25,118,12,1,3185.249767,29,15,8,2258.725044447612,78,0,1.163351
55021,379,G_rolling_coverage,12,12,12,3944.039,119,12,1,3178.039039,30,17,8,2258.725044447612,78,0,1.168796
55021,379,I_ring_optimized,12,12,12,3799.444,116,12,1,3047.444224,27,18,6,2093.946697213363,77,0,1.296226
55021,379,J_ring7_1000,12,12,12,3725.739,124,12,1,2924.739056,28,19,7,2103.0363183024356,84,0,1.431849
55021,379,Jplus_final,12,12,12,3582.85,117,12,1,2822.85006,19,16,0,1917.3737570393541,86,0,0.132269
55021,380,C_region_q2,16,16,16,5065.052,130,16,1,4210.051687,18,0,0,nan,79,0,0.551055
55021,380,Cplus_completion_coobserve,16,16,16,4398.18,136,16,1,3507.17953,24,12,0,nan,79,0,0.287147
55021,380,F_coverage_integrated,16,16,16,4182.615,107,16,1,3463.614835,38,22,8,1979.4417333254564,53,0,1.01971
55021,380,G_rolling_coverage,16,16,16,4158.727,106,16,1,3446.727005,37,25,8,1979.4417333254564,53,0,0.966492
55021,380,I_ring_optimized,16,16,16,3864.909,107,16,1,3145.909391,38,23,8,1855.739296346707,53,0,0.94608
55021,380,J_ring7_1000,16,16,16,3855.025,119,16,1,3068.025267,46,26,8,1597.3506161240846,60,0,1.205856
55021,380,Jplus_final,16,16,16,4100.74,116,16,1,3328.740206,43,31,0,1444.4024363773997,57,0,0.364093
55021,381,C_region_q2,16,16,16,5196.616,116,16,1,4429.616148,23,0,0,nan,61,0,0.712306
55021,381,Cplus_completion_coobserve,16,16,16,4450.347,123,16,1,3637.347098,30,16,0,nan,61,0,0.34822
55021,381,F_coverage_integrated,16,16,16,4501.647,111,16,1,3759.646958,50,29,8,2086.0032609872687,45,0,1.338577
55021,381,G_rolling_coverage,16,16,16,4336.367,113,16,1,3586.366536,52,34,8,2086.0032609872687,45,0,1.327248
55021,381,I_ring_optimized,16,16,16,4238.453,115,16,1,3475.453355,54,38,8,1996.107997693685,45,0,1.291087
55021,381,J_ring7_1000,16,16,16,3874.96,119,16,1,3089.960192,51,34,8,1922.5912474721101,53,0,1.59551
55021,381,Jplus_final,16,16,16,3913.361,110,16,1,3182.360686,42,36,0,1798.4891436929045,53,0,0.202228
55021,382,C_region_q2,12,12,12,4791.394,139,12,1,3898.394388,9,0,0,nan,102,0,0.287742
55021,382,Cplus_completion_coobserve,12,12,12,4368.506,143,12,1,3455.505958,13,4,0,nan,102,0,0.258247
55021,382,F_coverage_integrated,12,12,12,4364.215,116,12,1,3614.215045,28,11,8,2277.0472563939984,76,0,0.598896
55021,382,G_rolling_coverage,12,12,12,4365.809,116,12,1,3615.809445,28,13,8,2277.0472563939984,76,0,0.673613
55021,382,I_ring_optimized,12,12,12,3852.019,113,12,1,3121.019256,25,12,7,2118.9168179848057,76,0,0.646652
55021,382,J_ring7_1000,12,12,12,3734.426,120,12,1,2958.426495,27,16,8,2074.5695473790984,81,0,0.619774
55021,382,Jplus_final,12,12,12,3448.344,112,12,1,2717.344324,20,18,0,1955.52308562284,80,0,0.099253
55021,383,C_region_q2,16,16,16,5283.239,128,16,1,4437.238928,14,0,0,nan,83,0,0.389604
55021,383,Cplus_completion_coobserve,16,16,16,4395.97,136,16,1,3503.970184,22,10,0,nan,84,0,0.260735
55021,383,F_coverage_integrated,16,16,16,4866.017,121,16,1,4064.01686,42,25,8,2245.5545627000492,64,0,1.029771
55021,383,G_rolling_coverage,16,16,16,4614.539,120,16,1,3818.539446,41,27,8,2245.5545627000492,64,0,1.108551
55021,383,I_ring_optimized,16,16,16,4431.96,114,16,1,3669.960054,40,27,8,2089.7050705526417,60,0,0.942298
55021,383,J_ring7_1000,16,16,16,4181.541,119,16,1,3394.541414,41,24,8,2004.392351655946,63,0,0.979108
55021,383,Jplus_final,16,16,16,4042.955,108,16,1,3320.955057,30,23,0,1881.3604591853411,63,0,0.166824
55021,384,C_region_q2,14,14,14,5431.493,144,14,1,4498.493455,12,0,0,nan,103,0,0.411414
55021,384,Cplus_completion_coobserve,14,14,14,4685.533,154,14,1,3697.533035,22,9,0,nan,103,0,0.361402
55021,384,F_coverage_integrated,14,14,14,4882.507,129,14,1,4040.507026,36,22,8,2327.86907413113,79,0,0.48936
55021,384,G_rolling_coverage,14,14,14,4769.533,132,14,1,3909.532773,39,26,8,2327.86907413113,79,0,0.421287
55021,384,I_ring_optimized,14,14,14,4760.153,133,14,1,3902.152853,39,23,8,2136.589253716852,80,0,0.488012
55021,384,J_ring7_1000,14,14,14,4147.35,134,14,1,3277.350169,41,27,6,1980.3537522099953,79,0,1.518405
55021,384,Jplus_final,14,14,14,4057.333,123,14,1,3254.332512,30,24,0,1888.3209738821395,79,0,0.241153
55021,385,C_region_q2,11,11,11,4717.115,142,11,1,3811.115176,9,0,0,nan,110,0,0.263619
55021,385,Cplus_completion_coobserve,11,11,11,4303.371,145,11,1,3380.370867,12,4,0,nan,110,0,0.205676
55021,385,F_coverage_integrated,11,11,11,3948.017,117,11,1,3193.017117,20,8,7,2325.585911786608,86,0,0.89598
55021,385,G_rolling_coverage,11,11,11,3953.313,118,11,1,3193.312657,21,9,7,2325.585911786608,86,0,0.825842
55021,385,I_ring_optimized,11,11,11,4065.304,116,11,1,3317.303639,19,8,7,2156.4175138511036,86,0,0.931881
55021,385,J_ring7_1000,11,11,11,3934.753,133,11,1,3085.752906,26,16,7,2099.332427141409,96,0,1.745014
55021,385,Jplus_final,11,11,11,3846.117,128,11,1,3027.116771,21,17,0,1975.3180795449332,96,0,0.163331
55021,386,C_region_q2,14,14,14,5508.101,142,14,1,4590.100582,15,0,0,nan,97,0,0.413908
55021,386,Cplus_completion_coobserve,14,14,14,4820.855,143,14,1,3897.855283,16,7,0,nan,97,0,0.198921
55021,386,F_coverage_integrated,14,14,14,4798.819,120,14,1,4018.81911,35,15,7,2209.4856518973193,75,0,1.220936
55021,386,G_rolling_coverage,14,14,14,4795.114,120,14,1,4014.114042,35,16,7,2209.4856518973193,75,0,1.177996
55021,386,I_ring_optimized,14,14,14,4324.618,120,14,1,3540.617769,35,22,8,2087.4486175447737,72,0,0.7479
55021,386,J_ring7_1000,14,14,14,3965.845,121,14,1,3173.844854,33,19,8,2056.4566826642995,74,0,1.211799
55021,386,Jplus_final,14,14,14,4050.549,118,14,1,3275.548788,25,19,0,1908.6633825315243,79,0,0.180241
55021,387,C_region_q2,15,15,15,5591.662,155,15,1,4590.661674,17,0,0,nan,107,0,0.399681
55021,387,Cplus_completion_coobserve,15,15,15,4680.884,162,15,1,3634.884383,24,13,0,nan,107,0,0.245183
55021,387,F_coverage_integrated,15,15,15,4522.386,112,15,1,3786.386159,37,17,8,2235.56099738886,63,0,1.151755
55021,387,G_rolling_coverage,15,15,15,4253.446,109,15,1,3530.446234,34,21,8,2235.56099738886,61,0,1.113385
55021,387,I_ring_optimized,15,15,15,4127.13,114,15,1,3375.129527,39,26,8,2133.105904805599,61,0,1.29285
55021,387,J_ring7_1000,15,15,15,4086.653,126,15,1,3262.653205,39,24,8,2028.1629373729575,73,0,1.259756
55021,387,Jplus_final,15,15,15,3909.582,114,15,1,3156.582039,29,24,0,1874.1757315695093,70,0,0.186024
55021,388,C_region_q2,12,12,12,5308.219,143,12,1,4393.218651,14,0,0,nan,104,0,0.319369
55021,388,Cplus_completion_coobserve,12,12,12,4866.239,150,12,1,3907.238518,21,11,0,nan,104,0,0.135022
55021,388,F_coverage_integrated,12,12,12,3700.881,115,12,1,2953.880784,27,13,8,2282.285159824439,76,0,0.650364
55021,388,G_rolling_coverage,12,12,12,3706.395,116,12,1,2954.394923,28,15,8,2282.285159824439,76,0,0.62649
55021,388,I_ring_optimized,12,12,12,3919.406,122,12,1,3132.405867,28,15,7,2106.3088975351266,82,0,0.516645
55021,388,J_ring7_1000,12,12,12,3302.251,138,12,1,2419.251279,32,21,8,2147.4859260192784,94,0,0.674044
55021,388,Jplus_final,12,12,12,3534.517,119,12,1,2761.517267,21,19,0,1963.3790399867296,86,0,0.075221
55021,389,C_region_q2,11,11,11,3874.21,126,11,1,3064.21018,5,0,0,nan,91,0,0.116892
55021,389,Cplus_completion_coobserve,11,11,11,3604.387,128,11,1,2782.387276,7,4,0,nan,91,0,0.067803
55021,389,F_coverage_integrated,11,11,11,3962.128,120,11,1,3193.127526,38,24,8,2250.7118039338866,72,0,1.094321
55021,389,G_rolling_coverage,11,11,11,3553.467,120,11,1,2783.46713,38,26,8,2250.7118039338866,72,0,0.954318
55021,389,I_ring_optimized,11,11,11,3401.783,118,11,1,2642.782562,36,25,8,2145.518771116844,72,0,1.022443
55021,389,J_ring7_1000,11,11,11,2963.366,119,11,1,2197.365918,27,19,8,2079.743196452723,82,0,0.981858
55021,389,Jplus_final,11,11,11,3057.852,109,11,1,2350.851728,21,21,0,2008.562227841566,77,0,0.069412
55021,390,C_region_q2,16,16,16,5095.602,119,16,1,4304.601839,14,0,0,nan,70,0,0.405624
55021,390,Cplus_completion_coobserve,16,16,16,4192.482,123,16,1,3378.482198,18,8,0,nan,71,0,0.270595
55021,390,F_coverage_integrated,16,16,16,3763.308,104,16,1,3066.308479,45,28,7,1530.609021316658,45,0,0.883746
55021,390,G_rolling_coverage,16,16,16,3811.924,104,16,1,3112.924275,45,30,7,1530.609021316658,45,0,0.907649
55021,390,I_ring_optimized,16,16,16,3608.233,105,16,1,2901.232751,46,32,7,1428.6308598617024,45,0,0.949865
55021,390,J_ring7_1000,16,16,16,3624.34,95,16,1,2981.339894,45,29,8,1375.002513971694,34,0,1.654113
55021,390,Jplus_final,16,16,16,3646.851,83,16,1,3074.851307,33,25,0,1199.750863947027,34,0,0.242268
55021,391,C_region_q2,10,10,10,4637.245,133,10,1,3790.245431,10,0,0,nan,101,0,0.307929
55021,391,Cplus_completion_coobserve,10,10,10,4107.857,136,10,1,3245.857219,13,6,0,nan,101,0,0.190778
55021,391,F_coverage_integrated,10,10,10,3817.417,123,10,1,3035.417067,25,13,5,2374.3333684550817,90,0,0.944609
55021,391,G_rolling_coverage,10,10,10,3817.417,123,10,1,3035.417067,25,13,5,2374.3333684550817,90,0,0.96217
55021,391,I_ring_optimized,10,10,10,3907.972,122,10,1,3131.97222,25,13,5,2265.028403948443,89,0,0.937667
55021,391,J_ring7_1000,10,10,10,3954.498,132,10,1,3118.498111,28,15,8,2132.3878585789985,94,0,1.090259
55021,391,Jplus_final,10,10,10,3644.228,120,10,1,2878.22847,18,13,0,2011.0084006477064,92,0,0.184333
55021,392,C_region_q2,16,16,16,6192.625,147,16,1,5232.625103,17,0,0,nan,101,0,0.370813
55021,392,Cplus_completion_coobserve,16,16,16,5053.208,156,16,1,4040.207553,26,12,0,nan,101,0,0.411903
55021,392,F_coverage_integrated,16,16,16,4805.616,110,16,1,4071.615833,36,15,8,1935.4743282194158,58,0,0.789609
55021,392,G_rolling_coverage,16,16,16,4522.163,111,16,1,3782.162865,37,18,8,1935.4743282194158,58,0,0.783479
55021,392,I_ring_optimized,16,16,16,4514.504,113,16,1,3765.503884,39,22,8,1798.1789983340707,59,0,0.851601
55021,392,J_ring7_1000,16,16,16,4400.849,122,16,1,3600.849102,42,22,8,1872.2862344766002,65,0,1.042593
55021,392,Jplus_final,16,16,16,4378.553,116,16,1,3607.552618,35,25,0,1630.7674782351164,65,0,0.34716
55021,393,C_region_q2,14,14,14,5136.921,137,14,1,4245.921328,11,0,0,nan,92,0,0.35373
55021,393,Cplus_completion_coobserve,14,14,14,4457.514,142,14,1,3537.514112,16,7,0,nan,92,0,0.220218
55021,393,F_coverage_integrated,14,14,14,4006.782,105,14,1,3309.782455,30,17,8,2168.2793771284473,62,0,0.823311
55021,393,G_rolling_coverage,14,14,14,4011.777,108,14,1,3298.776996,33,21,8,2168.2793771284473,62,0,0.818279
55021,393,I_ring_optimized,14,14,14,4309.503,115,14,1,3554.502765,37,22,8,2138.4012383748786,64,0,0.601184
55021,393,J_ring7_1000,14,14,14,3904.384,123,14,1,3101.383926,34,19,8,2033.6125504060367,76,0,1.091072
55021,393,Jplus_final,14,14,14,3873.229,110,14,1,3147.228971,26,22,0,1846.825607348427,70,0,0.155988
55021,394,C_region_q2,13,13,13,4807.001,140,13,1,3903.000502,11,0,0,nan,99,0,0.450135
55021,394,Cplus_completion_coobserve,13,13,13,4335.246,145,13,1,3404.246483,16,7,0,nan,99,0,0.287289
55021,394,F_coverage_integrated,13,13,13,4033.955,107,13,1,3328.954747,24,14,6,2218.7067096461437,70,0,0.849755
55021,394,G_rolling_coverage,13,13,13,4034.405,108,13,1,3324.405272,25,16,6,2218.7067096461437,70,0,0.792528
55021,394,I_ring_optimized,13,13,13,3858.959,109,13,1,3141.958518,26,18,6,2072.4732106740294,70,0,0.828782
55021,394,J_ring7_1000,13,13,13,3703.467,126,13,1,2885.466896,33,19,8,2056.5091111459,81,0,1.205542
55021,394,Jplus_final,13,13,13,3682.685,117,13,1,2920.684997,26,21,0,1914.4159669174219,79,0,0.101249
55021,395,C_region_q2,15,15,15,5203.549,139,15,1,4298.549317,14,0,0,nan,89,0,0.35363
55021,395,Cplus_completion_coobserve,15,15,15,4377.914,141,15,1,3460.913779,16,8,0,nan,89,0,0.210263
55021,395,F_coverage_integrated,15,15,15,4321.689,106,15,1,3615.689476,41,23,8,2180.3295302097436,50,0,0.684849
55021,395,G_rolling_coverage,15,15,15,3949.494,104,15,1,3257.4939,39,25,8,2180.3295302097436,50,0,0.626806
55021,395,I_ring_optimized,15,15,15,3974.741,112,15,1,3230.741477,40,25,8,2075.1253166762353,57,0,0.766569
55021,395,J_ring7_1000,15,15,15,3668.817,113,15,1,2919.817241,35,23,8,1929.8244017483469,64,0,1.223347
55021,395,Jplus_final,15,15,15,3642.945,108,15,1,2921.945352,30,27,0,1864.9528912337835,63,0,0.158246
55021,396,C_region_q2,16,16,16,4783.669,121,16,1,3980.66943,16,0,0,nan,68,0,0.514942
55021,396,Cplus_completion_coobserve,16,16,16,3993.796,124,16,1,3172.796199,19,11,0,nan,68,0,0.222795
55021,396,F_coverage_integrated,16,16,16,4542.608,106,16,1,3830.607866,45,27,8,2069.672523393325,46,0,0.890801
55021,396,G_rolling_coverage,16,16,16,4283.943,103,16,1,3592.943443,42,27,8,2069.672523393325,46,0,0.912479
55021,396,I_ring_optimized,16,16,16,4384.78,108,16,1,3661.780309,47,30,8,1954.6671824473174,46,0,1.126765
55021,396,J_ring7_1000,16,16,16,3790.719,111,16,1,3047.718533,45,30,8,1796.2238331866836,52,0,1.157745
55021,396,Jplus_final,16,16,16,3733.11,93,16,1,3102.110382,39,29,0,1115.6604869410698,38,0,0.370024
55021,397,C_region_q2,12,12,12,4767.196,135,12,1,3900.196161,13,0,0,nan,94,0,0.37907
55021,397,Cplus_completion_coobserve,12,12,12,4443.383,138,12,1,3557.382996,16,8,0,nan,94,0,0.120298
55021,397,F_coverage_integrated,12,12,12,3989.267,112,12,1,3258.267451,32,19,8,2243.3861472614412,69,0,1.031377
55021,397,G_rolling_coverage,12,12,12,3989.267,112,12,1,3258.267451,32,19,8,2243.3861472614412,69,0,0.925195
55021,397,I_ring_optimized,12,12,12,3961.613,105,12,1,3274.613471,25,17,4,1988.606025749934,68,0,0.7356
55021,397,J_ring7_1000,12,12,12,3769.427,124,12,1,2969.427256,34,21,8,2041.3820916805796,78,0,1.481659
55021,397,Jplus_final,12,12,12,3656.379,116,12,1,2904.379447,26,21,0,1882.3209738821395,78,0,0.201534
55021,398,C_region_q2,13,13,13,4585.395,132,13,1,3729.395101,6,0,0,nan,93,0,0.241629
55021,398,Cplus_completion_coobserve,13,13,13,4137.528,133,13,1,3276.528153,7,2,0,nan,93,0,0.175776
55021,398,F_coverage_integrated,13,13,13,4113.996,113,13,1,3375.996102,32,18,8,2247.199014939225,68,0,0.80891
55021,398,G_rolling_coverage,13,13,13,4083.549,113,13,1,3345.548865,32,20,8,2247.199014939225,68,0,0.775118
55021,398,I_ring_optimized,13,13,13,3882.337,113,13,1,3143.336766,32,20,8,2146.917085523964,68,0,0.926395
55021,398,J_ring7_1000,13,13,13,3767.135,115,13,1,3015.134888,29,16,8,2126.3197041604426,74,0,0.896311
55021,398,Jplus_final,13,13,13,3463.409,113,13,1,2724.409279,25,21,0,1953.393774820153,75,0,0.158524
55021,399,C_region_q2,11,11,11,4539.379,143,11,1,3628.379245,10,0,0,nan,107,0,0.246856
55021,399,Cplus_completion_coobserve,11,11,11,4438.806,146,11,1,3510.805915,13,4,0,nan,107,0,0.162109
55021,399,F_coverage_integrated,11,11,11,3870.103,121,11,1,3092.102712,30,16,8,2289.4567282064554,81,0,0.932066
55021,399,G_rolling_coverage,11,11,11,3870.103,121,11,1,3092.102712,30,16,8,2289.4567282064554,81,0,0.995277
55021,399,I_ring_optimized,11,11,11,3935.55,124,11,1,3142.550478,33,17,8,2178.9418119781503,82,0,0.838588
55021,399,J_ring7_1000,11,11,11,3747.453,133,11,1,2898.453259,33,22,7,2077.7506045887367,89,0,1.44535
55021,399,Jplus_final,11,11,11,3624.745,120,11,1,2853.744586,20,16,0,1918.3209738821395,89,0,0.121408
55021,400,C_region_q2,12,12,12,4758.393,140,12,1,3860.39279,13,0,0,nan,100,0,0.384125
55021,400,Cplus_completion_coobserve,12,12,12,4228.584,145,12,1,3303.584289,18,9,0,nan,100,0,0.296194
55021,400,F_coverage_integrated,12,12,12,4212.862,124,12,1,3415.862418,37,21,8,2254.6522285790616,76,0,0.866834
55021,400,G_rolling_coverage,12,12,12,4201.182,124,12,1,3403.182423,37,23,8,2254.6522285790616,76,0,0.862666
55021,400,I_ring_optimized,12,12,12,4092.593,125,12,1,3293.593262,38,23,8,2121.766194133799,77,0,0.827145
55021,400,J_ring7_1000,12,12,12,3860.29,134,12,1,2998.289726,33,21,8,2048.270550949076,90,0,1.015328
55021,400,Jplus_final,12,12,12,3803.269,130,12,1,2968.268647,29,24,0,1960.1022363933769,89,0,0.206863
55021,401,C_region_q2,12,12,12,5401.12,139,12,1,4511.119762,14,0,0,nan,97,0,0.334482
55021,401,Cplus_completion_coobserve,12,12,12,4197.404,143,12,1,3283.404173,18,8,0,nan,97,0,0.268448
55021,401,F_coverage_integrated,12,12,12,4118.185,105,12,1,3432.185143,28,14,8,2270.662193324558,67,0,0.602887
55021,401,G_rolling_coverage,12,12,12,4062.906,106,12,1,3371.90631,29,15,8,2270.662193324558,68,0,0.666083
55021,401,I_ring_optimized,12,12,12,3877.988,108,12,1,3172.988047,31,16,8,2150.1750119978733,67,0,0.73158
55021,401,J_ring7_1000,12,12,12,3549.046,115,12,1,2801.046025,31,22,7,2095.940541464178,73,0,1.96457
55021,401,Jplus_final,12,12,12,3582.238,110,12,1,2864.23795,26,21,0,1902.0448817011636,72,0,0.194062
55021,402,C_region_q2,12,12,12,4341.419,140,12,1,3442.419446,10,0,0,nan,101,0,0.379608
55021,402,Cplus_completion_coobserve,12,12,12,4110.252,143,12,1,3194.252091,13,7,0,nan,101,0,0.181149
55021,402,F_coverage_integrated,12,12,12,4443.307,127,12,1,3624.307063,35,21,8,2288.790798223579,83,0,0.482662
55021,402,G_rolling_coverage,12,12,12,4362.678,128,12,1,3538.677873,36,24,8,2288.790798223579,83,0,0.518346
55021,402,I_ring_optimized,12,12,12,3969.798,123,12,1,3176.797534,31,17,8,2151.705674693065,82,0,0.664129
55021,402,J_ring7_1000,12,12,12,3506.156,136,12,1,2631.155922,35,24,8,2140.809682256576,90,0,1.342709
55021,402,Jplus_final,12,12,12,3437.862,124,12,1,2636.861614,23,20,0,1987.251796178642,89,0,0.126111
55021,403,C_region_q2,13,13,13,4900.884,143,13,1,3978.884055,12,0,0,nan,101,0,0.339449
55021,403,Cplus_completion_coobserve,13,13,13,4144.639,146,13,1,3206.639387,15,7,0,nan,101,0,0.218721
55021,403,F_coverage_integrated,13,13,13,4109.405,118,13,1,3343.404877,34,17,8,2230.3324016198794,74,0,0.770383
55021,403,G_rolling_coverage,13,13,13,4131.195,122,13,1,3344.195098,38,22,8,2230.3324016198794,74,0,0.675768
55021,403,I_ring_optimized,13,13,13,3835.745,121,13,1,3051.745088,37,23,8,2090.3474498577816,74,0,0.707852
55021,403,J_ring7_1000,13,13,13,3716.112,126,13,1,2900.111718,32,18,8,2081.8408484604042,83,0,1.072779
55021,403,Jplus_final,13,13,13,3688.768,119,13,1,2911.767705,25,20,0,1913.1255575949003,81,0,0.190243
55021,404,C_region_q2,15,15,15,4930.75,135,15,1,4047.74982,14,0,0,nan,85,0,0.383687
55021,404,Cplus_completion_coobserve,15,15,15,4291.467,142,15,1,3371.466669,21,9,0,nan,85,0,0.25644
55021,404,F_coverage_integrated,15,15,15,4531.64,113,15,1,3787.640323,43,22,8,2147.790635594023,57,0,1.019696
55021,404,G_rolling_coverage,15,15,15,4525.446,113,15,1,3781.446023,43,24,8,2147.790635594023,57,0,0.901085
55021,404,I_ring_optimized,15,15,15,3951.05,111,15,1,3217.050217,41,25,8,2035.1211688609633,56,0,0.917879
55021,404,J_ring7_1000,15,15,15,3752.102,113,15,1,3003.10227,38,24,8,1954.4436323615098,62,0,1.234989
55021,404,Jplus_final,15,15,15,3610.498,102,15,1,2927.497628,27,24,0,1857.6442801707537,60,0,0.168811
55021,405,C_region_q2,14,14,14,5304.481,144,14,1,4371.481196,14,0,0,nan,99,0,0.458154
55021,405,Cplus_completion_coobserve,14,14,14,4369.762,147,14,1,3419.761803,17,9,0,nan,99,0,0.244713
55021,405,F_coverage_integrated,14,14,14,4068.428,117,14,1,3302.427608,29,14,8,2267.6263800638217,74,0,0.914739
55021,405,G_rolling_coverage,14,14,14,4270.227,117,14,1,3504.226632,29,16,8,2267.6263800638217,74,0,0.926972
55021,405,I_ring_optimized,14,14,14,4345.194,119,14,1,3568.193932,31,17,8,2187.5208639588022,74,0,0.789956
55021,405,J_ring7_1000,14,14,14,3888.921,117,14,1,3119.921302,34,25,7,2065.4477968333927,69,0,2.540101
55021,405,Jplus_final,14,14,14,3797.176,131,14,1,2945.176246,27,23,0,1991.684702378923,90,0,0.197219
55021,406,C_region_q2,15,15,15,5334.211,141,15,1,4416.210775,15,0,0,nan,93,0,0.401642
55021,406,Cplus_completion_coobserve,15,15,15,4778.851,151,15,1,3804.850916,25,13,0,nan,93,0,0.275704
55021,406,F_coverage_integrated,15,15,15,4472.931,113,15,1,3721.931372,36,21,8,2168.842304678751,63,0,1.003719
55021,406,G_rolling_coverage,15,15,15,4473.022,114,15,1,3717.022039,37,23,8,2168.842304678751,63,0,1.038337
55021,406,I_ring_optimized,15,15,15,4381.499,118,15,1,3602.498998,41,25,8,2034.0380062368229,63,0,1.188079
55021,406,J_ring7_1000,15,15,15,4048.173,119,15,1,3267.173447,37,24,8,1958.225184555257,68,0,1.019425
55021,406,Jplus_final,15,15,15,3940.162,112,15,1,3197.161949,30,24,0,1846.0270833444201,67,0,0.245338
55021,407,C_region_q2,12,12,12,4709.021,142,12,1,3800.021105,12,0,0,nan,102,0,0.434157
55021,407,Cplus_completion_coobserve,12,12,12,4305.595,141,12,1,3401.595473,11,4,0,nan,102,0,0.230738
55021,407,F_coverage_integrated,12,12,12,3933.874,113,12,1,3200.873783,28,11,8,2260.2487947536774,74,0,0.717859
55021,407,G_rolling_coverage,12,12,12,3919.952,113,12,1,3187.951659,28,14,8,2260.2487947536774,74,0,0.644205
55021,407,I_ring_optimized,12,12,12,3918.74,112,12,1,3192.739661,27,13,8,2086.391022429679,74,0,0.672523
55021,407,J_ring7_1000,12,12,12,4043.089,119,12,1,3272.088523,24,13,5,2091.2833023051176,83,0,0.866072
55021,407,Jplus_final,12,12,12,3871.768,110,12,1,3154.767707,19,13,0,1936.0719741248113,79,0,0.156372
55021,408,C_region_q2,10,10,10,4478.684,142,10,1,3577.683729,9,0,0,nan,112,0,0.283487
55021,408,Cplus_completion_coobserve,10,10,10,4215.084,145,10,1,3297.084002,12,4,0,nan,112,0,0.269548
55021,408,F_coverage_integrated,10,10,10,4033.233,123,10,1,3249.232683,22,11,7,2310.6833391903683,91,0,0.904715
55021,408,G_rolling_coverage,10,10,10,4019.379,123,10,1,3235.379475,22,12,7,2310.6833391903683,91,0,0.852265
55021,408,I_ring_optimized,10,10,10,3796.166,122,10,1,3018.166081,21,14,4,2093.599899918365,91,0,0.806623
55021,408,J_ring7_1000,10,10,10,3764.697,130,10,1,2937.696702,23,16,6,2086.9351301279553,97,0,0.884808
55021,408,Jplus_final,10,10,10,3657.358,123,10,1,2871.358258,16,14,0,1965.9733329473665,97,0,0.120544
55021,409,C_region_q2,16,16,16,5058.771,120,16,1,4260.770979,13,0,0,nan,71,0,0.364026
55021,409,Cplus_completion_coobserve,16,16,16,4460.432,128,16,1,3619.432466,21,8,0,nan,71,0,0.34866
55021,409,F_coverage_integrated,16,16,16,4401.909,98,16,1,3737.90923,45,25,8,1593.2484029864393,39,0,1.341325
55021,409,G_rolling_coverage,16,16,16,3956.621,98,16,1,3297.621495,45,27,8,1593.2484029864393,39,0,1.421185
55021,409,I_ring_optimized,16,16,16,3864.335,98,16,1,3204.334778,45,28,7,1466.6039304782005,38,0,1.751339
55021,409,J_ring7_1000,16,16,16,3910.144,104,16,1,3213.144287,36,24,8,1848.5850502273738,52,0,1.627738
55021,409,Jplus_final,16,16,16,4033.841,100,16,1,3361.840808,32,25,0,1715.9357210896967,52,0,0.295524
55021,410,C_region_q2,16,16,16,5170.475,124,16,1,4347.474612,15,0,0,nan,75,0,0.446872
55021,410,Cplus_completion_coobserve,16,16,16,4465.653,132,16,1,3599.65338,23,9,0,nan,75,0,0.240988
55021,410,F_coverage_integrated,16,16,16,4892.415,112,16,1,4147.414884,43,20,8,2194.860141979762,53,0,0.735389
55021,410,G_rolling_coverage,16,16,16,4493.525,112,16,1,3748.525083,43,27,8,2194.860141979762,53,0,0.674683
55021,410,I_ring_optimized,16,16,16,4325.335,109,16,1,3596.335137,40,26,8,2065.610305955839,53,0,0.618963
55021,410,J_ring7_1000,16,16,16,4256.213,111,16,1,3518.212782,43,28,8,1918.5512122674859,52,0,1.038658
55021,410,Jplus_final,16,16,16,4030.347,100,16,1,3356.347182,32,26,0,1802.9745658454976,52,0,0.250183
55021,411,C_region_q2,12,12,12,4943.811,140,12,1,4044.811248,10,0,0,nan,104,0,0.297228
55021,411,Cplus_completion_coobserve,12,12,12,4353.87,143,12,1,3438.869942,13,4,0,nan,104,0,0.23993
55021,411,F_coverage_integrated,12,12,12,4772.128,119,12,1,4004.128385,33,17,7,2220.67916863547,76,0,0.991203
55021,411,G_rolling_coverage,12,12,12,4621.49,119,12,1,3855.489746,33,15,7,2220.67916863547,77,0,1.109236
55021,411,I_ring_optimized,12,12,12,4123.952,114,12,1,3387.951752,28,13,7,2092.951585001154,75,0,1.257083
55021,411,J_ring7_1000,12,12,12,4032.758,126,12,1,3222.758295,29,13,8,2032.9980386975876,87,0,1.007821
55021,411,Jplus_final,12,12,12,3848.915,117,12,1,3090.914662,20,16,0,1903.0984765388287,85,0,0.151779
55021,412,C_region_q2,14,14,14,4728.05,137,14,1,3840.049935,12,0,0,nan,94,0,0.407345
55021,412,Cplus_completion_coobserve,14,14,14,4266.36,136,14,1,3383.359747,11,5,0,nan,94,0,0.191972
55021,412,F_coverage_integrated,14,14,14,4302.36,107,14,1,3595.360035,31,18,5,2235.1758020349366,63,0,1.300285
55021,412,G_rolling_coverage,14,14,14,4315.05,112,14,1,3581.049783,36,23,5,2235.1758020349366,63,0,1.396333
55021,412,I_ring_optimized,14,14,14,3812.947,113,14,1,3073.947287,37,24,6,2086.1285286335647,64,0,1.165706
55021,412,J_ring7_1000,14,14,14,3994.956,133,14,1,3133.956189,36,24,4,2006.8377239450735,83,0,0.838598
55021,412,Jplus_final,14,14,14,3980.201,123,14,1,3176.200811,26,22,0,1955.377173773859,83,0,0.169187
55021,413,C_region_q2,10,10,10,4750.529,141,10,1,3857.529054,11,0,0,nan,110,0,0.302016
55021,413,Cplus_completion_coobserve,10,10,10,4231.63,141,10,1,3338.629613,11,2,0,nan,110,0,0.190804
55021,413,F_coverage_integrated,10,10,10,4159.76,129,10,1,3342.759785,23,7,8,2294.4245731428264,98,0,0.630808
55021,413,G_rolling_coverage,10,10,10,4149.974,129,10,1,3332.973945,23,8,8,2294.4245731428264,98,0,0.595222
55021,413,I_ring_optimized,10,10,10,4184.919,130,10,1,3362.918845,24,9,8,2187.1835404256826,97,0,0.630618
55021,413,J_ring7_1000,10,10,10,4189.346,151,10,1,3241.345723,31,15,8,2178.5739252067156,111,0,0.911845
55021,413,Jplus_final,10,10,10,4297.985,132,10,1,3461.985269,21,13,0,1954.3209738821395,101,0,0.192873
55021,414,C_region_q2,11,11,11,5807.461,148,11,1,4868.460984,14,0,0,nan,110,0,0.299818
55021,414,Cplus_completion_coobserve,11,11,11,4712.212,152,11,1,3749.211734,18,10,0,nan,110,0,0.149772
55021,414,F_coverage_integrated,11,11,11,4049.817,127,11,1,3234.816898,28,14,8,2302.2625945489426,88,0,1.072761
55021,414,G_rolling_coverage,11,11,11,4039.185,128,11,1,3219.185056,29,17,8,2302.2625945489426,88,0,1.093439
55021,414,I_ring_optimized,11,11,11,3899.262,124,11,1,3103.261648,25,13,8,2192.4947108021747,88,0,1.011086
55021,414,J_ring7_1000,11,11,11,3970.546,134,11,1,3116.545749,26,13,6,2034.0758626269621,97,0,1.343398
55021,414,Jplus_final,11,11,11,3958.851,133,11,1,3109.850729,25,18,0,1985.8079508979358,97,0,0.184112
55021,415,C_region_q2,11,11,11,4198.505,142,11,1,3292.504508,9,0,0,nan,108,0,0.224723
55021,415,Cplus_completion_coobserve,11,11,11,3664.114,145,11,1,2741.113665,12,5,0,nan,108,0,0.166593
55021,415,F_coverage_integrated,11,11,11,3990.329,124,11,1,3194.328585,26,12,8,2303.2339366467045,87,0,0.31105
55021,415,G_rolling_coverage,11,11,11,3737.949,125,11,1,2934.949105,27,14,8,2303.2339366467045,87,0,0.288211
55021,415,I_ring_optimized,11,11,11,3910.299,119,11,1,3148.298834,27,12,8,2119.7163800216467,81,0,0.282698
55021,415,J_ring7_1000,11,11,11,3744.488,141,11,1,2849.488164,32,17,8,2182.5945105815445,100,0,0.661407
55021,415,Jplus_final,11,11,11,3362.419,119,11,1,2594.419281,20,18,0,1952.849597434756,88,0,0.120699
55021,416,C_region_q2,14,14,14,5390.354,145,14,1,4455.354439,17,0,0,nan,101,0,0.407083
55021,416,Cplus_completion_coobserve,14,14,14,4532.729,145,14,1,3594.728955,17,8,0,nan,101,0,0.245833
55021,416,F_coverage_integrated,14,14,14,3993.225,114,14,1,3243.225336,32,15,8,2242.0875946267142,69,0,0.807012
55021,416,G_rolling_coverage,14,14,14,3977.967,117,14,1,3211.967319,35,20,8,2242.0875946267142,69,0,0.932811
55021,416,I_ring_optimized,14,14,14,3908.024,110,14,1,3183.024264,28,15,8,2064.3733946789544,69,0,0.827356
55021,416,J_ring7_1000,14,14,14,3840.686,124,14,1,3029.685939,34,21,8,2018.0670827182314,76,0,1.369063
55021,416,Jplus_final,14,14,14,3770.216,119,14,1,2988.215994,29,24,0,1883.300703651686,76,0,0.24523
55021,417,C_region_q2,15,15,15,5028.806,137,15,1,4132.805533,14,0,0,nan,90,0,0.472146
55021,417,Cplus_completion_coobserve,15,15,15,4451.024,143,15,1,3523.023576,20,9,0,nan,90,0,0.269596
55021,417,F_coverage_integrated,15,15,15,4271.273,111,15,1,3531.272785,34,21,8,2389.043351241198,63,0,1.108783
55021,417,G_rolling_coverage,15,15,15,4289.932,115,15,1,3527.932245,38,27,8,2389.043351241198,63,0,1.103714
55021,417,I_ring_optimized,15,15,15,4122.121,114,15,1,3370.121253,37,26,7,2210.8241357788474,62,0,1.321163
55021,417,J_ring7_1000,15,15,15,4074.909,125,15,1,3255.909384,35,24,8,2042.0074002336942,75,0,0.946393
55021,417,Jplus_final,15,15,15,3855.613,109,15,1,3131.613466,26,22,0,1862.4718806251608,68,0,0.185103
55021,418,C_region_q2,13,13,13,4695.948,139,13,1,3799.948154,13,0,0,nan,100,0,0.374148
55021,418,Cplus_completion_coobserve,13,13,13,3930.568,141,13,1,3021.567559,15,7,0,nan,100,0,0.168647
55021,418,F_coverage_integrated,13,13,13,3902.74,123,13,1,3103.739667,33,20,8,2223.657138227399,77,0,1.461787
55021,418,G_rolling_coverage,13,13,13,3895.27,125,13,1,3085.270434,35,23,8,2223.657138227399,77,0,1.498083
55021,418,I_ring_optimized,13,13,13,3581.486,117,13,1,2819.486261,27,22,3,2075.6731893341757,77,0,0.839755
55021,418,J_ring7_1000,13,13,13,3606.616,128,13,1,2774.615909,30,24,4,2049.711194844963,85,0,1.196452
55021,418,Jplus_final,13,13,13,3531.85,121,13,1,2744.849517,23,22,0,1968.3712316188387,85,0,0.075696
55021,419,C_region_q2,16,16,16,5343.877,127,16,1,4506.876833,16,0,0,nan,75,0,0.478244
55021,419,Cplus_completion_coobserve,16,16,16,4794.533,135,16,1,3913.53263,24,8,0,nan,75,0,0.373824
55021,419,F_coverage_integrated,16,16,16,4189.459,103,16,1,3498.458575,39,22,8,1934.6550757951554,49,0,0.845036
55021,419,G_rolling_coverage,16,16,16,4156.233,103,16,1,3465.232684,39,26,8,1934.6550757951554,49,0,0.688135
55021,419,I_ring_optimized,16,16,16,3867.004,104,16,1,3167.004268,40,29,7,1768.5607663321368,48,0,1.011354
55021,419,J_ring7_1000,16,16,16,3768.412,103,16,1,3076.411529,41,29,6,1492.9886642675713,46,0,1.028613
55021,419,Jplus_final,16,16,16,4129.159,109,16,1,3399.159256,37,30,0,1606.7674782351162,56,0,0.266348
55021,420,C_region_q2,12,12,12,4873.798,138,12,1,3989.798253,14,0,0,nan,96,0,0.373674
55021,420,Cplus_completion_coobserve,12,12,12,4268.696,144,12,1,3347.695816,20,10,0,nan,96,0,0.274603
55021,420,F_coverage_integrated,12,12,12,4381.886,114,12,1,3641.885584,29,14,8,2311.411758682679,74,0,1.10568
55021,420,G_rolling_coverage,12,12,12,4391.321,116,12,1,3639.32082,31,17,8,2311.411758682679,74,0,1.098541
55021,420,I_ring_optimized,12,12,12,4249.909,115,12,1,3503.908536,30,16,8,2180.4579119658983,74,0,0.986142
55021,420,J_ring7_1000,12,12,12,4227.537,129,12,1,3398.536978,33,20,6,2020.6438843210065,85,0,0.972877
55021,420,Jplus_final,12,12,12,3730.611,118,12,1,2966.610958,22,19,0,1921.6650174526433,84,0,0.137816
55021,421,C_region_q2,16,16,16,4377.92,105,16,1,3673.92007,15,0,0,nan,56,0,0.445491
55021,421,Cplus_completion_coobserve,16,16,16,3846.501,111,16,1,3109.500909,21,10,0,nan,56,0,0.278841
55021,421,F_coverage_integrated,16,16,16,3487.524,88,16,1,2884.523791,40,25,7,1585.9386999375429,32,0,1.411248
55021,421,G_rolling_coverage,16,16,16,3498.206,90,16,1,2884.205762,42,29,7,1585.9386999375429,32,0,1.355363
55021,421,I_ring_optimized,16,16,16,3481.685,92,16,1,2858.684695,44,29,8,1634.2447482989778,33,0,1.260452
55021,421,J_ring7_1000,16,16,16,4065.142,114,16,1,3306.142453,45,32,8,2047.5270396253868,54,0,1.709407
55021,421,Jplus_final,16,16,16,4232.342,105,16,1,3531.341738,36,29,0,1870.4952658580644,53,0,0.281728
55021,422,C_region_q2,15,15,15,5286.825,144,15,1,4348.824534,13,0,0,nan,96,0,0.503499
55021,422,Cplus_completion_coobserve,15,15,15,4569.672,149,15,1,3604.671698,18,9,0,nan,96,0,0.366349
55021,422,F_coverage_integrated,15,15,15,4501.688,119,15,1,3715.6878,37,22,8,2300.4961932263236,69,0,1.004952
55021,422,G_rolling_coverage,15,15,15,4504.14,120,15,1,3713.140398,38,25,8,2300.4961932263236,69,0,1.017992
55021,422,I_ring_optimized,15,15,15,4227.365,111,15,1,3488.364606,29,20,8,2150.1018052894037,68,0,0.833344
55021,422,J_ring7_1000,15,15,15,4033.568,120,15,1,3240.568405,35,23,8,2038.2764915579853,71,0,1.304158
55021,422,Jplus_final,15,15,15,3955.03,111,15,1,3216.029687,24,20,0,1883.6032744470301,72,0,0.194762
55021,423,C_region_q2,10,10,10,4611.579,140,10,1,3723.57869,7,0,0,nan,112,0,0.225127
55021,423,Cplus_completion_coobserve,10,10,10,3965.653,146,10,1,3042.652925,13,5,0,nan,112,0,0.167458
55021,423,F_coverage_integrated,10,10,10,3975.269,115,10,1,3240.269482,23,10,6,2191.176154774084,82,0,1.00124
55021,423,G_rolling_coverage,10,10,10,3738.678,113,10,1,3013.677586,21,12,6,2191.176154774084,82,0,1.028891
55021,423,I_ring_optimized,10,10,10,3614.757,115,10,1,2879.757183,23,12,8,2129.842885953517,83,0,0.797304
55021,423,J_ring7_1000,10,10,10,3839.106,130,10,1,3014.106268,29,15,8,2022.1721290540765,91,0,1.346831
55021,423,Jplus_final,10,10,10,3505.631,120,10,1,2738.63099,18,15,0,1912.3209738821397,92,0,0.156454
55021,424,C_region_q2,12,12,12,4507.672,138,12,1,3623.671802,11,0,0,nan,96,0,0.247372
55021,424,Cplus_completion_coobserve,12,12,12,4371.542,141,12,1,3468.541706,14,6,0,nan,96,0,0.114856
55021,424,F_coverage_integrated,12,12,12,4322.306,105,12,1,3634.305804,30,18,6,2192.2708451576004,63,0,1.110231
55021,424,G_rolling_coverage,12,12,12,4030.251,104,12,1,3349.250756,29,19,6,2192.2708451576004,63,0,1.042459
55021,424,I_ring_optimized,12,12,12,3872.705,105,12,1,3185.705084,30,18,6,2028.583153208624,64,0,1.027271
55021,424,J_ring7_1000,12,12,12,4053.535,115,12,1,3306.535103,32,19,8,2055.205802984977,71,0,0.648219
55021,424,Jplus_final,12,12,12,3510.178,109,12,1,2798.178023,23,21,0,1965.674729970502,74,0,0.132602
55021,425,C_region_q2,12,12,12,4829.64,140,12,1,3932.63965,11,0,0,nan,99,0,0.327803
55021,425,Cplus_completion_coobserve,12,12,12,4161.526,140,12,1,3264.525524,11,4,0,nan,99,0,0.188404
55021,425,F_coverage_integrated,12,12,12,3632.987,109,12,1,2923.986985,32,19,8,2196.3364707918104,69,0,0.711867
55021,425,G_rolling_coverage,12,12,12,3638.003,110,12,1,2924.003027,33,20,8,2196.3364707918104,69,0,0.753983
55021,425,I_ring_optimized,12,12,12,3698.515,120,12,1,2921.51478,44,30,8,2111.0339590991307,68,0,0.845706
55021,425,J_ring7_1000,12,12,12,3980.21,124,12,1,3180.210003,38,25,8,2075.8196019333172,75,0,1.046394
55021,425,Jplus_final,12,12,12,3568.913,112,12,1,2840.912916,26,22,0,1916.8760836294377,74,0,0.139707
55021,426,C_region_q2,12,12,12,4778.888,151,12,1,3815.888304,13,0,0,nan,114,0,0.378746
55021,426,Cplus_completion_coobserve,12,12,12,4441.16,155,12,1,3457.160099,17,5,0,nan,115,0,0.280688
55021,426,F_coverage_integrated,12,12,12,4265.744,126,12,1,3456.743798,32,15,8,2314.3525084101966,85,0,0.689333
55021,426,G_rolling_coverage,12,12,12,4215.552,127,12,1,3401.551804,33,17,8,2314.3525084101966,85,0,0.671735
55021,426,I_ring_optimized,12,12,12,3853.726,124,12,1,3056.726406,30,19,7,2167.6341393293774,83,0,1.007094
55021,426,J_ring7_1000,12,12,12,3757.001,125,12,1,2952.001214,32,18,8,2096.4513434580763,82,0,1.868117
55021,426,Jplus_final,12,12,12,3639.481,116,12,1,2889.481094,23,17,0,1884.8724415278175,81,0,0.189436
55021,427,C_region_q2,16,16,16,5311.435,129,16,1,4460.435424,16,0,0,nan,77,0,0.532452
55021,427,Cplus_completion_coobserve,16,16,16,4448.621,133,16,1,3575.621313,20,8,0,nan,77,0,0.300632
55021,427,F_coverage_integrated,16,16,16,4046.146,100,16,1,3369.14622,43,25,8,1835.2637888861102,42,0,1.232584
55021,427,G_rolling_coverage,16,16,16,4012.224,100,16,1,3337.223567,43,29,8,1835.2637888861102,42,0,1.18705
55021,427,I_ring_optimized,16,16,16,3897.758,102,16,1,3211.758123,45,29,8,1722.0672326638573,43,0,1.095595
55021,427,J_ring7_1000,16,16,16,4024.734,111,16,1,3281.734017,46,27,8,1501.6801879959305,51,0,1.149944
55021,427,Jplus_final,16,16,16,3923.836,98,16,1,3259.83642,33,26,0,1361.2139825880931,50,0,0.167715
55021,428,C_region_q2,10,10,10,4872.001,138,10,1,3999.001434,11,0,0,nan,105,0,0.351236
55021,428,Cplus_completion_coobserve,10,10,10,4445.889,140,10,1,3562.889056,13,2,0,nan,105,0,0.252784
55021,428,F_coverage_integrated,10,10,10,4033.279,119,10,1,3277.279304,23,10,5,2243.385253882605,87,0,0.47156
55021,428,G_rolling_coverage,10,10,10,4033.279,119,10,1,3277.279304,23,10,5,2243.385253882605,87,0,0.51688
55021,428,I_ring_optimized,10,10,10,4002.298,124,10,1,3217.297962,28,11,8,2138.5999833182386,87,0,0.531146
55021,428,J_ring7_1000,10,10,10,3890.348,136,10,1,3031.348356,28,13,8,2210.765580461446,98,0,0.965266
55021,428,Jplus_final,10,10,10,3899.169,128,10,1,3085.168727,20,15,0,1954.3209738821397,98,0,0.198582
55021,429,C_region_q2,15,15,15,4852.926,127,15,1,4016.925714,8,0,0,nan,83,0,0.293258
55021,429,Cplus_completion_coobserve,15,15,15,4476.614,129,15,1,3630.6135,10,2,0,nan,83,0,0.210202
55021,429,F_coverage_integrated,15,15,15,4974.797,106,15,1,4268.796516,37,17,8,2157.843068117223,55,0,0.868684
55021,429,G_rolling_coverage,15,15,15,4781.561,108,15,1,4066.560664,39,21,8,2157.843068117223,55,0,0.921474
55021,429,I_ring_optimized,15,15,15,4352.917,103,15,1,3666.916507,34,19,8,2069.897004247902,55,0,0.747414
55021,429,J_ring7_1000,15,15,15,4082.365,113,15,1,3335.365352,37,25,8,2050.76777851913,61,0,1.542956
55021,429,Jplus_final,15,15,15,4100.413,108,15,1,3381.412912,32,26,0,1879.9367881163264,61,0,0.318101
55021,430,C_region_q2,14,14,14,5166.799,146,14,1,4221.798634,14,0,0,nan,104,0,0.407604
55021,430,Cplus_completion_coobserve,14,14,14,4606.032,155,14,1,3610.032326,23,11,0,nan,104,0,0.305659
55021,430,F_coverage_integrated,14,14,14,4396.861,118,14,1,3620.861265,30,14,7,2216.517623449469,74,0,0.647959
55021,430,G_rolling_coverage,14,14,14,4342.188,117,14,1,3574.188433,29,17,7,2216.517623449469,74,0,0.540565
55021,430,I_ring_optimized,14,14,14,4433.041,124,14,1,3630.040934,36,16,8,2116.743358060401,77,0,0.501902
55021,430,J_ring7_1000,14,14,14,4334.051,126,14,1,3514.051481,30,21,2,1977.6206793272197,82,0,1.156762
55021,430,Jplus_final,14,14,14,4345.942,125,14,1,3531.941651,29,21,0,1906.3209738821395,82,0,0.225287
55021,431,C_region_q2,10,10,10,3995.93,129,10,1,3172.929967,7,0,0,nan,97,0,0.205878
55021,431,Cplus_completion_coobserve,10,10,10,3649.521,131,10,1,2815.520794,9,4,0,nan,97,0,0.122139
55021,431,F_coverage_integrated,10,10,10,3563.152,115,10,1,2825.15209,24,14,8,2231.4794477221826,81,0,0.690657
55021,431,G_rolling_coverage,10,10,10,3562.435,116,10,1,2819.435456,25,16,8,2231.4794477221826,81,0,0.613831
55021,431,I_ring_optimized,10,10,10,3304.176,113,10,1,2577.176087,22,15,6,2114.882332964029,81,0,0.671608
55021,431,J_ring7_1000,10,10,10,3201.424,124,10,1,2409.424044,21,13,6,2032.7436096604029,93,0,0.747147
55021,431,Jplus_final,10,10,10,3134.322,119,10,1,2372.321578,16,14,0,1957.2421566309563,93,0,0.077749
55021,432,C_region_q2,15,15,15,5622.786,147,15,1,4668.785769,15,0,0,nan,97,0,0.442778
55021,432,Cplus_completion_coobserve,15,15,15,4668.785,149,15,1,3704.784595,17,7,0,nan,97,0,0.300169
55021,432,F_coverage_integrated,15,15,15,4035.132,109,15,1,3312.132448,36,20,8,2193.703082624817,59,0,1.435149
55021,432,G_rolling_coverage,15,15,15,4082.211,114,15,1,3332.211305,41,25,8,2193.703082624817,59,0,1.467768
55021,432,I_ring_optimized,15,15,15,4214.301,113,15,1,3469.301493,40,25,8,2121.065481225364,59,0,1.6309
55021,432,J_ring7_1000,15,15,15,4016.401,117,15,1,3242.401182,37,25,8,2030.991303520635,66,0,1.633018
55021,432,Jplus_final,15,15,15,3922.495,108,15,1,3204.495381,28,24,0,1870.027348066687,65,0,0.172083
55021,433,C_region_q2,15,15,15,5022.128,140,15,1,4111.128021,18,0,0,nan,90,0,0.509646
55021,433,Cplus_completion_coobserve,15,15,15,4199.308,144,15,1,3265.308083,22,12,0,nan,90,0,0.367703
55021,433,F_coverage_integrated,15,15,15,3978.563,103,15,1,3286.563332,37,21,8,2161.215753972076,51,0,0.873365
55021,433,G_rolling_coverage,15,15,15,4027.411,107,15,1,3313.41076,41,27,8,2161.215753972076,51,0,0.852752
55021,433,I_ring_optimized,15,15,15,4043.928,102,15,1,3363.928369,36,20,8,2023.9836363618795,51,0,0.881971
55021,433,J_ring7_1000,15,15,15,3533.517,106,15,1,2826.516974,38,26,8,1907.197917721965,54,0,1.52726
55021,433,Jplus_final,15,15,15,3544.207,110,15,1,2814.207449,36,32,0,1792.7071580576123,59,0,0.20337
55021,434,C_region_q2,10,10,10,4341.706,141,10,1,3446.705829,10,0,0,nan,109,0,0.32661
55021,434,Cplus_completion_coobserve,10,10,10,4154.838,146,10,1,3232.837584,15,6,0,nan,109,0,0.231161
55021,434,F_coverage_integrated,10,10,10,4049.922,125,10,1,3257.922219,27,12,8,2352.994619741718,89,0,0.449943
55021,434,G_rolling_coverage,10,10,10,4055.375,126,10,1,3258.375324,28,14,8,2352.994619741718,89,0,0.404997
55021,434,I_ring_optimized,10,10,10,3925.442,121,10,1,3155.441585,23,13,7,2213.4404097112406,89,0,0.399552
55021,434,J_ring7_1000,10,10,10,4106.626,148,10,1,3175.625581,36,21,7,2203.3030023743586,102,0,1.056946
55021,434,Jplus_final,10,10,10,4087.103,141,10,1,3196.103047,29,23,0,1990.3209738821397,102,0,0.185656
55021,435,C_region_q2,11,11,11,4805.702,142,11,1,3900.702435,12,0,0,nan,105,0,0.37519
55021,435,Cplus_completion_coobserve,11,11,11,4237.724,145,11,1,3315.723817,15,7,0,nan,105,0,0.302309
55021,435,F_coverage_integrated,11,11,11,3990.381,120,11,1,3221.381462,26,11,7,2212.352098009944,83,0,0.572323
55021,435,G_rolling_coverage,11,11,11,3985.329,121,11,1,3210.328969,27,14,7,2212.352098009944,83,0,0.605785
55021,435,I_ring_optimized,11,11,11,3822.266,119,11,1,3058.26609,25,13,6,2055.9817412829916,84,0,0.459584
55021,435,J_ring7_1000,11,11,11,3965.081,143,11,1,3054.081049,33,21,8,2099.294199455162,99,0,0.84935
55021,435,Jplus_final,11,11,11,3857.732,132,11,1,3013.731901,22,18,0,1984.3209738821397,99,0,0.161965
55021,436,C_region_q2,16,16,16,7106.782,139,16,1,6204.781569,25,0,0,nan,88,0,0.620558
55021,436,Cplus_completion_coobserve,16,16,16,5049.403,145,16,1,4102.402521,31,20,0,nan,88,0,0.187321
55021,436,F_coverage_integrated,16,16,16,4793.694,117,16,1,4014.693883,42,20,8,1876.5017022446914,59,0,1.018955
55021,436,G_rolling_coverage,16,16,16,4421.296,118,16,1,3642.29551,43,24,8,1876.5017022446914,59,0,1.027889
55021,436,I_ring_optimized,16,16,16,4497.546,115,16,1,3734.54621,40,23,8,1892.7145748895225,59,0,1.330892
55021,436,J_ring7_1000,16,16,16,4034.532,121,16,1,3233.531746,40,26,8,1852.7203611123468,65,0,0.663387
55021,436,Jplus_final,16,16,16,3786.225,112,16,1,3041.224872,31,23,0,1643.7907346922343,65,0,0.26294
55021,437,C_region_q2,16,16,16,5528.8,145,16,1,4579.799611,12,0,0,nan,97,0,0.305513
55021,437,Cplus_completion_coobserve,16,16,16,4606.608,148,16,1,3642.608134,15,6,0,nan,97,0,0.212984
55021,437,F_coverage_integrated,16,16,16,3910.121,99,16,1,3238.120985,33,17,8,2006.770585167604,52,0,0.980867
55021,437,G_rolling_coverage,16,16,16,3924.964,102,16,1,3237.964443,36,21,8,2006.770585167604,52,0,1.015899
55021,437,I_ring_optimized,16,16,16,3796.596,104,16,1,3098.596031,38,25,8,1823.4829736864287,51,0,1.08351
55021,437,J_ring7_1000,16,16,16,3781.923,108,16,1,3057.922753,42,27,8,1565.7380717098981,50,0,1.514099
55021,437,Jplus_final,16,16,16,3720.877,98,16,1,3058.877356,32,25,0,1399.0439677794534,50,0,0.168831
55021,438,C_region_q2,16,16,16,5397.388,125,16,1,4572.388424,17,0,0,nan,77,0,0.5344
55021,438,Cplus_completion_coobserve,16,16,16,4086.236,131,16,1,3228.236263,23,11,0,nan,77,0,0.34989
55021,438,F_coverage_integrated,16,16,16,4712.619,117,16,1,3934.618588,42,25,8,2209.9171542482627,60,0,0.986727
55021,438,G_rolling_coverage,16,16,16,4406.476,117,16,1,3632.476199,42,27,8,2209.9171542482627,60,0,1.064623
55021,438,I_ring_optimized,16,16,16,4285.696,123,16,1,3471.696012,48,33,8,2061.220136114348,60,0,1.041715
55021,438,J_ring7_1000,16,16,16,3947.069,125,16,1,3121.069234,45,32,8,2134.7228792102314,65,0,1.352435
55021,438,Jplus_final,16,16,16,4090.52,111,16,1,3350.519522,31,25,0,1863.0448418514711,64,0,0.279364
55021,439,C_region_q2,13,13,13,5308.331,138,13,1,4418.331284,14,0,0,nan,96,0,0.383577
55021,439,Cplus_completion_coobserve,13,13,13,4792.718,140,13,1,3889.71782,16,6,0,nan,96,0,0.234495
55021,439,F_coverage_integrated,13,13,13,4590.493,120,13,1,3808.493078,36,20,8,2172.3519453507142,71,0,0.586245
55021,439,G_rolling_coverage,13,13,13,4524.518,121,13,1,3737.518272,37,24,8,2172.3519453507142,71,0,0.516853
55021,439,I_ring_optimized,13,13,13,4321.572,117,13,1,3555.572053,33,19,8,2087.536038926919,71,0,0.650277
55021,439,J_ring7_1000,13,13,13,4380.755,126,13,1,3566.755015,34,18,8,2051.8883091493262,79,0,0.816463
55021,439,Jplus_final,13,13,13,4107.077,120,13,1,3329.076867,28,21,0,1888.3209738821397,79,0,0.294055
55021,440,C_region_q2,11,11,11,4588.663,144,11,1,3671.663333,8,0,0,nan,109,0,0.308043
55021,440,Cplus_completion_coobserve,11,11,11,4091.977,144,11,1,3174.977021,8,2,0,nan,109,0,0.184843
55021,440,F_coverage_integrated,11,11,11,3762.546,116,11,1,3012.545819,27,18,8,2339.935074888076,79,0,0.947127
55021,440,G_rolling_coverage,11,11,11,3767.546,117,11,1,3012.545819,28,19,8,2339.935074888076,79,0,0.855065
55021,440,I_ring_optimized,11,11,11,3802.176,120,11,1,3034.176039,31,19,8,2093.9276140624575,79,0,0.598096
55021,440,J_ring7_1000,11,11,11,3695.296,140,11,1,2805.296119,35,21,8,2126.9797907249845,95,0,1.160131
55021,440,Jplus_final,11,11,11,3653.102,127,11,1,2840.102195,22,17,0,1971.8586207868077,94,0,0.224392
55021,441,C_region_q2,15,15,15,5238.393,140,15,1,4325.393392,12,0,0,nan,93,0,0.279623
55021,441,Cplus_completion_coobserve,15,15,15,4432.862,142,15,1,3507.862023,14,8,0,nan,93,0,0.166857
55021,441,F_coverage_integrated,15,15,15,3887.14,100,15,1,3214.140408,34,21,8,2141.0856069195097,52,0,1.523607
55021,441,G_rolling_coverage,15,15,15,3831.759,100,15,1,3158.758699,34,25,8,2141.0856069195097,52,0,1.445383
55021,441,I_ring_optimized,15,15,15,4002.495,107,15,1,3287.494941,37,28,7,2070.9041003349175,56,0,1.793385
55021,441,J_ring7_1000,15,15,15,3414.854,107,15,1,2701.854162,39,26,8,1968.435920067363,54,0,1.194274
55021,441,Jplus_final,15,15,15,3613.772,101,15,1,2938.772344,33,25,0,1806.3393952397355,53,0,0.215456
55021,442,C_region_q2,16,16,16,4880.235,131,16,1,4015.235056,15,0,0,nan,76,0,0.576886
55021,442,Cplus_completion_coobserve,16,16,16,4298.602,138,16,1,3392.601794,22,14,0,nan,76,0,0.205498
55021,442,F_coverage_integrated,16,16,16,3948.934,97,16,1,3288.933569,40,26,8,2072.9855241931427,43,0,1.320601
55021,442,G_rolling_coverage,16,16,16,3949.349,98,16,1,3284.348931,41,28,8,2072.9855241931427,43,0,1.255587
55021,442,I_ring_optimized,16,16,16,3961.795,96,16,1,3306.795141,39,26,8,1935.7700505578046,42,0,1.20376
55021,442,J_ring7_1000,16,16,16,3726.272,115,16,1,2960.272166,41,29,8,1914.9811356066575,59,0,1.073205
55021,442,Jplus_final,16,16,16,3790.075,93,16,1,3155.075199,32,25,0,1691.276487285158,45,0,0.194809
55021,443,C_region_q2,12,12,12,4337.38,131,12,1,3492.37995,9,0,0,nan,90,0,0.313381
55021,443,Cplus_completion_coobserve,12,12,12,4131.743,136,12,1,3258.742728,14,6,0,nan,90,0,0.22872
55021,443,F_coverage_integrated,12,12,12,3609.606,107,12,1,2912.606166,29,14,8,2172.3892737478286,68,0,0.936409
55021,443,G_rolling_coverage,12,12,12,3609.606,107,12,1,2912.606166,29,14,8,2172.3892737478286,68,0,0.782091
55021,443,I_ring_optimized,12,12,12,3567.347,110,12,1,2850.346749,32,17,8,2116.7867825625185,67,0,1.003557
55021,443,J_ring7_1000,12,12,12,3300.198,107,12,1,2604.197737,28,15,8,1933.083239752803,67,0,0.791084
55021,443,Jplus_final,12,12,12,3520.388,111,12,1,2797.387903,22,19,0,1882.5139080802671,77,0,0.158169
55021,444,C_region_q2,13,13,13,4457.991,137,13,1,3573.991467,9,0,0,nan,96,0,0.228519
55021,444,Cplus_completion_coobserve,13,13,13,4054.118,137,13,1,3169.11793,9,3,0,nan,96,0,0.175593
55021,444,F_coverage_integrated,13,13,13,3956.023,109,13,1,3242.022564,37,21,8,2151.874632397426,60,0,1.465911
55021,444,G_rolling_coverage,13,13,13,3972.411,112,13,1,3243.410507,40,24,8,2151.874632397426,60,0,1.442734
55021,444,I_ring_optimized,13,13,13,3986.902,114,13,1,3245.901649,42,28,8,2088.170290129935,60,0,1.302646
55021,444,J_ring7_1000,13,13,13,3576.457,118,13,1,2809.457171,38,24,8,1969.8467360184136,68,0,1.186187
55021,444,Jplus_final,13,13,13,3424.465,105,13,1,2733.4655,25,21,0,1833.37708804882,67,0,0.18549
55021,445,C_region_q2,16,16,16,5340.307,145,16,1,4391.307155,14,0,0,nan,96,0,0.492815
55021,445,Cplus_completion_coobserve,16,16,16,4473.874,153,16,1,3479.874158,22,13,0,nan,97,0,0.237876
55021,445,F_coverage_integrated,16,16,16,4506.916,107,16,1,3786.915567,34,18,7,2079.080212572923,57,0,1.044856
55021,445,G_rolling_coverage,16,16,16,4137.325,104,16,1,3438.324517,31,20,7,2079.080212572923,57,0,0.849367
55021,445,I_ring_optimized,16,16,16,4186.845,113,16,1,3432.844923,40,29,6,1915.9016121226714,57,0,1.016754
55021,445,J_ring7_1000,16,16,16,3698.385,108,16,1,2974.385456,39,25,7,1529.176223847023,53,0,1.231308
55021,445,Jplus_final,16,16,16,3688.027,102,16,1,3003.027393,33,25,0,1425.380524929977,53,0,0.224597
55021,446,C_region_q2,11,11,11,4766.579,144,11,1,3848.578517,9,0,0,nan,112,0,0.259675
55021,446,Cplus_completion_coobserve,11,11,11,4441.76,148,11,1,3503.759865,13,3,0,nan,112,0,0.236367
55021,446,F_coverage_integrated,11,11,11,4705.766,124,11,1,3916.765753,28,9,8,2245.3040602521905,86,0,0.555513
55021,446,G_rolling_coverage,11,11,11,4702.966,124,11,1,3913.96589,28,10,8,2245.3040602521905,86,0,0.529601
55021,446,I_ring_optimized,11,11,11,4101.917,121,11,1,3324.916847,25,15,5,2108.6216783445784,85,0,0.777006
55021,446,J_ring7_1000,11,11,11,3917.26,139,11,1,3032.259694,30,18,8,2141.280680138106,98,0,1.000569
55021,446,Jplus_final,11,11,11,4012.955,136,11,1,3147.95469,27,22,0,1984.3209738821397,98,0,0.182737
55021,447,C_region_q2,13,13,13,4999.456,136,13,1,4120.455585,11,0,0,nan,95,0,0.337975
55021,447,Cplus_completion_coobserve,13,13,13,4275.115,141,13,1,3367.11471,16,6,0,nan,95,0,0.308362
55021,447,F_coverage_integrated,13,13,13,3753.136,115,13,1,3001.135975,30,19,7,2282.002253700252,74,0,1.190753
55021,447,G_rolling_coverage,13,13,13,3766.823,117,13,1,3002.823131,32,21,7,2282.002253700252,74,0,1.215196
55021,447,I_ring_optimized,13,13,13,3919.199,110,13,1,3199.198815,37,22,8,2175.4223333789196,61,0,1.05088
55021,447,J_ring7_1000,13,13,13,4002.188,124,13,1,3197.188126,36,22,8,2078.199273836549,76,0,1.215068
55021,447,Jplus_final,13,13,13,3565.273,112,13,1,2831.27313,24,21,0,1959.969790309723,75,0,0.10698
55021,448,C_region_q2,11,11,11,4645.477,139,11,1,3759.476832,12,0,0,nan,100,0,0.32286
55021,448,Cplus_completion_coobserve,11,11,11,3910.799,139,11,1,3023.798991,12,6,0,nan,100,0,0.149334
55021,448,F_coverage_integrated,11,11,11,3753.188,116,11,1,3007.18786,25,13,8,2257.7720226218685,81,0,0.979881
55021,448,G_rolling_coverage,11,11,11,3764.213,118,11,1,3006.213039,27,17,8,2257.7720226218685,81,0,0.912651
55021,448,I_ring_optimized,11,11,11,3576.433,115,11,1,2834.432771,24,14,8,2091.041040374247,81,0,0.827974
55021,448,J_ring7_1000,11,11,11,3579.767,131,11,1,2744.766501,29,19,7,2081.188737842799,92,0,1.24
55021,448,Jplus_final,11,11,11,3578.822,120,11,1,2807.821958,20,18,0,1993.0686949854367,89,0,0.118201
55021,449,C_region_q2,13,13,13,4835.295,146,13,1,3897.295424,13,0,0,nan,105,0,0.46904
55021,449,Cplus_completion_coobserve,13,13,13,4502.226,150,13,1,3543.226459,17,6,0,nan,105,0,0.288018
55021,449,F_coverage_integrated,13,13,13,4391.217,117,13,1,3629.216701,32,17,8,2231.5325866923167,72,0,1.058756
55021,449,G_rolling_coverage,13,13,13,4107.329,118,13,1,3340.328946,33,21,8,2231.5325866923167,72,0,1.128781
55021,449,I_ring_optimized,13,13,13,3909.025,115,13,1,3157.025181,35,22,8,2126.492425472193,68,0,1.458009
55021,449,J_ring7_1000,13,13,13,3850.598,124,13,1,3045.598369,32,18,8,2016.374326908244,79,0,1.315467
55021,449,Jplus_final,13,13,13,3742.716,117,13,1,2977.716008,25,19,0,1889.3246494145494,79,0,0.169338
55021,450,C_region_q2,12,12,12,5075.23,146,12,1,4140.230022,9,0,0,nan,111,0,0.236629
55021,450,Cplus_completion_coobserve,12,12,12,4707.222,147,12,1,3767.222379,10,1,0,nan,111,0,0.214048
55021,450,F_coverage_integrated,12,12,12,4594.88,118,12,1,3830.879725,29,13,6,2162.733794971334,77,0,1.325841
55021,450,G_rolling_coverage,12,12,12,4590.749,118,12,1,3826.748594,29,14,6,2162.733794971334,77,0,1.268569
55021,450,I_ring_optimized,12,12,12,4410.071,118,12,1,3649.071073,29,13,6,2108.069774905158,77,0,1.126533
55021,450,J_ring7_1000,12,12,12,4677.711,123,12,1,3885.710673,28,9,8,2041.7203250226128,83,0,0.866049
55021,450,Jplus_final,12,12,12,4251.657,120,12,1,3476.656792,25,15,0,1932.7807122030213,83,0,0.285213
55021,451,C_region_q2,10,10,10,4828.505,140,10,1,3942.505475,10,0,0,nan,109,0,0.240044
55021,451,Cplus_completion_coobserve,10,10,10,4035.253,144,10,1,3127.253163,14,6,0,nan,109,0,0.172702
55021,451,F_coverage_integrated,10,10,10,3641.132,124,10,1,2849.131505,21,10,6,2352.5583471182417,93,0,1.438996
55021,451,G_rolling_coverage,10,10,10,3643.878,125,10,1,2846.878049,22,11,6,2352.5583471182417,93,0,1.438068
55021,451,I_ring_optimized,10,10,10,3504.229,128,10,1,2690.229068,25,15,5,2158.9667628238585,94,0,1.224864
55021,451,J_ring7_1000,10,10,10,3432.476,142,10,1,2533.476131,26,12,8,2156.1425899315445,107,0,1.035151
55021,451,Jplus_final,10,10,10,3312.814,133,10,1,2466.813881,17,12,0,2014.075873047487,106,0,0.083371
55021,452,C_region_q2,14,14,14,4983.705,132,14,1,4122.705014,11,0,0,nan,87,0,0.406001
55021,452,Cplus_completion_coobserve,14,14,14,4352.378,135,14,1,3473.378334,14,7,0,nan,87,0,0.229807
55021,452,F_coverage_integrated,14,14,14,3925.037,99,14,1,3265.036802,27,14,6,2143.6137641851615,60,0,1.037859
55021,452,G_rolling_coverage,14,14,14,3888.374,99,14,1,3228.374255,27,15,6,2143.6137641851615,60,0,1.055329
55021,452,I_ring_optimized,14,14,14,3934.611,106,14,1,3231.611395,34,20,8,2100.7646933319943,60,0,1.134559
55021,452,J_ring7_1000,14,14,14,3771.351,119,14,1,2991.351127,36,22,8,2013.6222149476753,69,0,1.249766
55021,452,Jplus_final,14,14,14,3690.292,103,14,1,3008.291767,26,20,0,1861.5575910242776,63,0,0.221331
55021,453,C_region_q2,16,16,16,5919.533,145,16,1,4973.533325,16,0,0,nan,95,0,0.438429
55021,453,Cplus_completion_coobserve,16,16,16,5102.32,157,16,1,4083.320286,28,16,0,nan,95,0,0.342753
55021,453,F_coverage_integrated,16,16,16,4520.312,110,16,1,3783.312055,40,24,8,2260.5406828136006,55,0,1.563908
55021,453,G_rolling_coverage,16,16,16,4544.158,113,16,1,3792.158178,43,28,8,2260.5406828136006,55,0,1.44121
55021,453,I_ring_optimized,16,16,16,4105.698,99,16,1,3439.697869,38,26,4,1652.6925860693061,45,0,1.26294
55021,453,J_ring7_1000,16,16,16,4159.279,129,16,1,3311.279242,35,21,8,2055.3737688086817,78,0,1.10797
55021,453,Jplus_final,16,16,16,4042.147,122,16,1,3235.147078,28,23,0,1894.3209738821395,78,0,0.266288
55021,454,C_region_q2,13,13,13,4653.814,142,13,1,3737.814434,9,0,0,nan,103,0,0.248115
55021,454,Cplus_completion_coobserve,13,13,13,4330.959,145,13,1,3397.959076,12,4,0,nan,103,0,0.230462
55021,454,F_coverage_integrated,13,13,13,4046.945,111,13,1,3317.944641,29,17,7,2223.46925343282,70,0,1.087162
55021,454,G_rolling_coverage,13,13,13,4052.503,112,13,1,3318.503112,30,19,7,2223.46925343282,70,0,1.105517
55021,454,I_ring_optimized,13,13,13,4046.761,113,13,1,3306.76116,31,17,8,2098.6973389181394,70,0,1.067073
55021,454,J_ring7_1000,13,13,13,3743.436,121,13,1,2959.435718,32,19,8,2024.5673839831793,77,0,1.614288
55021,454,Jplus_final,13,13,13,3697.535,112,13,1,2964.534816,23,19,0,1934.4094294007527,76,0,0.135026
55021,455,C_region_q2,16,16,16,5374.363,128,16,1,4530.362902,16,0,0,nan,77,0,0.566214
55021,455,Cplus_completion_coobserve,16,16,16,4273.668,133,16,1,3400.668135,21,9,0,nan,77,0,0.366389
55021,455,F_coverage_integrated,16,16,16,4207.831,109,16,1,3475.831323,43,25,8,1854.019929389747,50,0,0.96933
55021,455,G_rolling_coverage,16,16,16,4098.954,112,16,1,3351.954,46,31,8,1854.019929389747,50,0,1.013443
55021,455,I_ring_optimized,16,16,16,4287.882,103,16,1,3590.882271,40,27,8,1863.0188979261457,47,0,0.919039
55021,455,J_ring7_1000,16,16,16,4219.056,121,16,1,3418.056493,46,32,8,1965.6989641685946,59,0,1.489161
55021,455,Jplus_final,16,16,16,4145.136,110,16,1,3411.135609,35,28,0,1880.4448195740224,59,0,0.275244
55021,456,C_region_q2,14,14,14,5375.923,142,14,1,4455.923228,12,0,0,nan,103,0,0.322162
55021,456,Cplus_completion_coobserve,14,14,14,4588.671,147,14,1,3640.671239,17,4,0,nan,103,0,0.383643
55021,456,F_coverage_integrated,14,14,14,4540.948,113,14,1,3799.947872,29,13,7,2224.366710520999,71,0,1.441099
55021,456,G_rolling_coverage,14,14,14,4315.042,113,14,1,3574.042071,29,16,7,2224.366710520999,71,0,1.484837
55021,456,I_ring_optimized,14,14,14,4321.74,114,14,1,3572.739563,30,17,8,2109.382937254637,70,0,1.017671
55021,456,J_ring7_1000,14,14,14,4185.851,117,14,1,3417.850592,28,18,6,2002.2465298766676,75,0,1.520646
55021,456,Jplus_final,14,14,14,4148.758,117,14,1,3378.757754,27,23,0,1888.3209738821397,76,0,0.15755
55021,457,C_region_q2,16,16,16,4430.411,121,16,1,3626.411033,12,0,0,nan,70,0,0.399807
55021,457,Cplus_completion_coobserve,16,16,16,3957.953,128,16,1,3113.952791,19,11,0,nan,70,0,0.232159
55021,457,F_coverage_integrated,16,16,16,3698.216,95,16,1,3054.216025,39,23,8,1837.8768985769134,42,0,0.861429
55021,457,G_rolling_coverage,16,16,16,3422.449,95,16,1,2777.449493,39,26,8,1837.8768985769134,42,0,0.784815
55021,457,I_ring_optimized,16,16,16,3536.751,105,16,1,2830.751368,49,34,8,1835.1230621950463,43,0,0.917447
55021,457,J_ring7_1000,16,16,16,3443.836,101,16,1,2762.836312,43,28,8,1855.299020760221,42,0,1.129824
55021,457,Jplus_final,16,16,16,3490.155,95,16,1,2844.154706,37,33,0,1677.2106222672637,42,0,0.201335
55021,458,C_region_q2,13,13,13,5076.058,137,13,1,4190.058077,11,0,0,nan,98,0,0.310993
55021,458,Cplus_completion_coobserve,13,13,13,4509.516,142,13,1,3598.516355,16,5,0,nan,98,0,0.259925
55021,458,F_coverage_integrated,13,13,13,4195.995,114,13,1,3448.994825,29,16,8,2315.8238079326024,73,0,1.359071
55021,458,G_rolling_coverage,13,13,13,4200.995,115,13,1,3448.994825,30,17,8,2315.8238079326024,73,0,1.339809
55021,458,I_ring_optimized,13,13,13,4391.749,114,13,1,3643.74923,34,19,8,2145.868091165975,68,0,1.153763
55021,458,J_ring7_1000,13,13,13,3938.535,128,13,1,3110.53523,33,18,8,2068.077873340564,82,0,1.139362
55021,458,Jplus_final,13,13,13,3945.468,121,13,1,3159.467744,26,21,0,1948.657220564679,82,0,0.263833
55021,459,C_region_q2,15,15,15,5356.865,141,15,1,4437.864678,15,0,0,nan,90,0,0.337198
55021,459,Cplus_completion_coobserve,15,15,15,4592.396,140,15,1,3678.395721,14,7,0,nan,90,0,0.194748
55021,459,F_coverage_integrated,15,15,15,5022.363,116,15,1,4256.362575,41,24,8,2246.5408831017608,61,0,0.829309
55021,459,G_rolling_coverage,15,15,15,4522.458,118,15,1,3747.457995,43,29,8,2246.5408831017608,61,0,0.829771
55021,459,I_ring_optimized,15,15,15,4152.275,118,15,1,3375.27503,43,29,8,2111.7628311870103,62,0,0.762004
55021,459,J_ring7_1000,15,15,15,3926.179,117,15,1,3153.179195,36,24,8,1993.4832524460387,66,0,1.033751
55021,459,Jplus_final,15,15,15,3905.961,111,15,1,3167.96126,30,27,0,1874.5633484821135,66,0,0.203547
55021,460,C_region_q2,14,14,14,5560.519,145,14,1,4622.518805,14,0,0,nan,102,0,0.416483
55021,460,Cplus_completion_coobserve,14,14,14,4446.975,155,14,1,3451.974851,24,11,0,nan,102,0,0.319278
55021,460,F_coverage_integrated,14,14,14,4466.299,111,14,1,3737.299408,31,17,8,2215.388637850462,66,0,0.894033
55021,460,G_rolling_coverage,14,14,14,4424.247,112,14,1,3690.246724,32,20,8,2215.388637850462,66,0,0.810308
55021,460,I_ring_optimized,14,14,14,4033.246,116,14,1,3273.246272,37,23,8,2109.086928380323,65,0,1.070546
55021,460,J_ring7_1000,14,14,14,3774.693,119,14,1,2994.693486,34,24,7,2029.393147010404,71,0,1.191362
55021,460,Jplus_final,14,14,14,3925.685,121,14,1,3135.685426,27,23,0,1901.9401779884686,80,0,0.185315
55021,461,C_region_q2,10,10,10,4764.913,135,10,1,3907.913059,11,0,0,nan,97,0,0.274713
55021,461,Cplus_completion_coobserve,10,10,10,4104.478,138,10,1,3227.477705,14,7,0,nan,97,0,0.139191
55021,461,F_coverage_integrated,10,10,10,3203.805,107,10,1,2514.804849,25,14,8,2336.2760508848464,72,0,0.947794
55021,461,G_rolling_coverage,10,10,10,3208.805,108,10,1,2514.804849,26,15,8,2336.2760508848464,72,0,0.896081
55021,461,I_ring_optimized,10,10,10,3060.878,109,10,1,2360.877866,27,17,7,2179.9610298345806,72,0,0.989063
55021,461,J_ring7_1000,10,10,10,3211.915,126,10,1,2406.914861,32,22,8,2117.988829539418,85,0,0.954355
55021,461,Jplus_final,10,10,10,3128.241,117,10,1,2378.241134,23,22,0,1958.1176480147406,84,0,0.105601
55021,462,C_region_q2,10,10,10,5114.095,147,10,1,4187.094528,13,0,0,nan,112,0,0.30669
55021,462,Cplus_completion_coobserve,10,10,10,4104.659,145,10,1,3187.659346,11,4,0,nan,112,0,0.183154
55021,462,F_coverage_integrated,10,10,10,3827.747,119,10,1,3065.746893,22,13,5,2240.557357818977,87,0,1.098972
55021,462,G_rolling_coverage,10,10,10,3827.176,119,10,1,3065.176126,22,14,5,2240.557357818977,87,0,1.012347
55021,462,I_ring_optimized,10,10,10,3862.3,121,10,1,3088.300383,24,15,5,2169.6099305733237,87,0,1.122859
55021,462,J_ring7_1000,10,10,10,3805.878,133,10,1,2966.87767,24,12,5,2022.674898939111,102,0,0.833842
55021,462,Jplus_final,10,10,10,3720.402,126,10,1,2921.402,17,9,0,1961.5456823315988,100,0,0.152644
55021,463,C_region_q2,14,14,14,4828.671,139,14,1,3925.671189,11,0,0,nan,97,0,0.328217
55021,463,Cplus_completion_coobserve,14,14,14,4154.831,146,14,1,3214.830698,18,8,0,nan,97,0,0.246467
55021,463,F_coverage_integrated,14,14,14,4004.058,107,14,1,3293.057523,31,20,8,2188.0460317461225,62,0,0.921853
55021,463,G_rolling_coverage,14,14,14,4004.474,108,14,1,3288.474049,32,21,8,2188.0460317461225,62,0,0.978743
55021,463,I_ring_optimized,14,14,14,3835.53,110,14,1,3108.530171,34,19,8,2103.513489019824,62,0,0.866745
55021,463,J_ring7_1000,14,14,14,3793.682,122,14,1,2996.682254,33,22,8,2004.9621492665906,76,0,1.042943
55021,463,Jplus_final,14,14,14,3723.881,109,14,1,3000.881205,24,22,0,1886.9212242073893,71,0,0.133303
55021,464,C_region_q2,14,14,14,4286.922,126,14,1,3461.921553,10,0,0,nan,76,0,0.399001
55021,464,Cplus_completion_coobserve,14,14,14,3975.983,126,14,1,3150.982798,10,5,0,nan,76,0,0.166977
55021,464,F_coverage_integrated,14,14,14,3752.478,105,14,1,3054.477745,43,30,8,2131.3097134238005,48,0,1.135188
55021,464,G_rolling_coverage,14,14,14,3758.606,106,14,1,3054.606392,44,31,8,2131.3097134238005,48,0,1.245271
55021,464,I_ring_optimized,14,14,14,3419.524,91,14,1,2805.523995,31,21,8,2043.4879427019878,47,0,1.549374
55021,464,J_ring7_1000,14,14,14,3089.013,100,14,1,2423.013125,32,21,8,2016.1692383884838,54,0,1.198355
55021,464,Jplus_final,14,14,14,3429.228,97,14,1,2781.228494,27,24,0,1802.4453600385878,56,0,0.178904
55021,465,C_region_q2,13,13,13,4629.978,139,13,1,3732.977884,12,0,0,nan,97,0,0.372485
55021,465,Cplus_completion_coobserve,13,13,13,4473.367,145,13,1,3541.366952,18,9,0,nan,97,0,0.155533
55021,465,F_coverage_integrated,13,13,13,4117.877,112,13,1,3385.877488,27,13,8,2206.9480767797677,72,0,0.761136
55021,465,G_rolling_coverage,13,13,13,4117.604,114,13,1,3375.603575,29,15,8,2206.9480767797677,72,0,0.783812
55021,465,I_ring_optimized,13,13,13,4310.903,123,13,1,3515.903132,38,23,8,2112.8930655529166,74,0,0.541544
55021,465,J_ring7_1000,13,13,13,3976.239,134,13,1,3110.238927,36,25,8,2199.0026600915658,88,0,1.563306
55021,465,Jplus_final,13,13,13,3780.62,125,13,1,2969.620409,27,22,0,1978.4385600069502,85,0,0.18772
55021,466,C_region_q2,10,10,10,4242.479,136,10,1,3378.478733,6,0,0,nan,104,0,0.129131
55021,466,Cplus_completion_coobserve,10,10,10,4123.386,138,10,1,3248.385974,8,2,0,nan,104,0,0.130317
55021,466,F_coverage_integrated,10,10,10,3700.727,109,10,1,2997.72713,24,16,6,2286.9756153228404,75,0,0.797217
55021,466,G_rolling_coverage,10,10,10,3700.727,109,10,1,2997.72713,24,16,6,2286.9756153228404,75,0,0.758564
55021,466,I_ring_optimized,10,10,10,3545.756,109,10,1,2843.756494,24,16,6,2150.058948917082,75,0,0.818364
55021,466,J_ring7_1000,10,10,10,3428.505,122,10,1,2648.504501,25,15,8,2102.01218217081,87,0,0.736004
55021,466,Jplus_final,10,10,10,3400.564,116,10,1,2656.563505,19,16,0,1923.7749747638636,87,0,0.11543
55021,467,C_region_q2,15,15,15,5264.845,150,15,1,4291.845037,15,0,0,nan,104,0,0.497138
55021,467,Cplus_completion_coobserve,15,15,15,4752.208,153,15,1,3762.207573,18,8,0,nan,104,0,0.275578
55021,467,F_coverage_integrated,15,15,15,4605.133,115,15,1,3844.13349,36,20,6,2247.0974781691393,64,0,1.168831
55021,467,G_rolling_coverage,15,15,15,4605.133,115,15,1,3844.13349,36,20,6,2247.0974781691393,64,0,1.149203
55021,467,I_ring_optimized,15,15,15,4547.497,111,15,1,3812.4973,32,16,6,2095.8934702947045,64,0,1.300321
55021,467,J_ring7_1000,15,15,15,4392.447,122,15,1,3589.447029,36,19,7,2012.286055179058,71,0,1.812868
55021,467,Jplus_final,15,15,15,4269.672,118,15,1,3490.672053,32,23,0,1881.142544666234,71,0,0.311302
55021,468,C_region_q2,12,12,12,4772.082,147,12,1,3832.082144,12,0,0,nan,109,0,0.23922
55021,468,Cplus_completion_coobserve,12,12,12,4155.527,149,12,1,3205.52721,14,7,0,nan,109,0,0.182459
55021,468,F_coverage_integrated,12,12,12,4080.457,123,12,1,3286.457115,30,15,8,2267.0483874157417,82,0,1.174542
55021,468,G_rolling_coverage,12,12,12,4102.695,127,12,1,3288.69507,34,20,8,2267.0483874157417,82,0,1.166465
55021,468,I_ring_optimized,12,12,12,3892.139,123,12,1,3099.138664,30,16,8,2119.4044155580773,82,0,0.677299
55021,468,J_ring7_1000,12,12,12,3744.406,139,12,1,2854.406332,35,22,8,2120.0394756701803,96,0,0.917541
55021,468,Jplus_final,12,12,12,3738.215,125,12,1,2932.215264,21,18,0,1995.7935206764457,92,0,0.180551
55021,469,C_region_q2,10,10,10,4610.332,143,10,1,3706.332003,11,0,0,nan,109,0,0.315413
55021,469,Cplus_completion_coobserve,10,10,10,4443.613,142,10,1,3543.612921,10,2,0,nan,109,0,0.173377
55021,469,F_coverage_integrated,10,10,10,4303.181,119,10,1,3544.180818,22,10,8,2260.575522609135,87,0,0.559719
55021,469,G_rolling_coverage,10,10,10,4108.042,120,10,1,3344.041641,23,13,8,2260.575522609135,87,0,0.65597
55021,469,I_ring_optimized,10,10,10,3913.866,118,10,1,3157.866274,21,12,7,2144.717794604053,87,0,0.670279
55021,469,J_ring7_1000,10,10,10,3903.316,135,10,1,3048.316034,28,15,8,2185.7918499170314,97,0,1.059218
55021,469,Jplus_final,10,10,10,3852.805,123,10,1,3068.805064,21,17,0,1930.3209738821395,92,0,0.168374
55021,470,C_region_q2,13,13,13,4629.48,138,13,1,3737.480369,8,0,0,nan,102,0,0.196403
55021,470,Cplus_completion_coobserve,13,13,13,4271.919,140,13,1,3369.918937,10,2,0,nan,102,0,0.182911
55021,470,F_coverage_integrated,13,13,13,4203.217,111,13,1,3480.216587,28,13,6,2252.856660817593,72,0,0.943716
55021,470,G_rolling_coverage,13,13,13,4201.764,111,13,1,3478.764021,28,15,6,2252.856660817593,72,0,0.929225
55021,470,I_ring_optimized,13,13,13,3853.307,113,13,1,3116.307377,31,19,6,2122.0798299172147,72,0,0.78001
55021,470,J_ring7_1000,13,13,13,4122.234,132,13,1,3266.23424,35,20,8,2135.80895973509,84,0,0.660382
55021,470,Jplus_final,13,13,13,4039.722,124,13,1,3233.722086,27,20,0,1971.4729163291324,84,0,0.131716
55021,471,C_region_q2,12,12,12,4553.657,130,12,1,3714.656586,9,0,0,nan,93,0,0.215718
55021,471,Cplus_completion_coobserve,12,12,12,4236.511,135,12,1,3372.511082,14,3,0,nan,93,0,0.281644
55021,471,F_coverage_integrated,12,12,12,3835.626,114,12,1,3097.625673,29,13,8,2225.3063199326116,74,0,0.666793
55021,471,G_rolling_coverage,12,12,12,3839.64,115,12,1,3096.639808,30,16,8,2225.3063199326116,74,0,0.677856
55021,471,I_ring_optimized,12,12,12,3664.64,114,12,1,2926.640015,29,15,8,2052.6090877226925,74,0,0.619113
55021,471,J_ring7_1000,12,12,12,3515.996,123,12,1,2720.995846,29,18,8,2089.1649463209646,83,0,0.676907
55021,471,Jplus_final,12,12,12,3824.286,120,12,1,3049.285959,26,20,0,1953.7375584476447,82,0,0.168761
55021,472,C_region_q2,12,12,12,4929.012,144,12,1,4007.011686,12,0,0,nan,109,0,0.347458
55021,472,Cplus_completion_coobserve,12,12,12,4592.376,148,12,1,3647.376176,16,7,0,nan,109,0,0.232703
55021,472,F_coverage_integrated,12,12,12,4335.125,128,12,1,3513.125412,25,10,5,2293.315745798318,91,0,1.043837
55021,472,G_rolling_coverage,12,12,12,4315.63,128,12,1,3493.629823,25,12,5,2293.315745798318,91,0,1.001573
55021,472,I_ring_optimized,12,12,12,4720.357,136,12,1,3852.357402,33,15,4,2122.907308612744,95,0,1.182208
55021,472,J_ring7_1000,12,12,12,4327.455,138,12,1,3442.454828,24,13,5,2072.2900471120624,104,0,0.684819
55021,472,Jplus_final,12,12,12,4043.427,126,12,1,3231.427265,21,15,0,1936.3209738821397,93,0,0.25443
55021,473,C_region_q2,10,10,10,4392.294,142,10,1,3493.293578,8,0,0,nan,110,0,0.283858
55021,473,Cplus_completion_coobserve,10,10,10,4231.3,144,10,1,3321.30018,10,3,0,nan,111,0,0.185009
55021,473,F_coverage_integrated,10,10,10,3763.112,119,10,1,3002.111546,26,15,7,2297.217462128303,83,0,1.122736
55021,473,G_rolling_coverage,10,10,10,3763.112,119,10,1,3002.111546,26,15,7,2297.217462128303,83,0,1.050805
55021,473,I_ring_optimized,10,10,10,3624.176,123,10,1,2841.175771,30,19,7,2138.3318284071997,83,0,1.239081
55021,473,J_ring7_1000,10,10,10,3656.885,133,10,1,2812.885477,27,13,7,2072.915675785852,96,0,1.48646
55021,473,Jplus_final,10,10,10,3563.074,124,10,1,2773.073906,18,14,0,1948.3443038200608,96,0,0.129852
55021,474,C_region_q2,10,10,10,4480.179,139,10,1,3598.179117,9,0,0,nan,108,0,0.292927
55021,474,Cplus_completion_coobserve,10,10,10,4120.534,142,10,1,3222.533652,12,3,0,nan,108,0,0.246811
55021,474,F_coverage_integrated,10,10,10,3961.669,122,10,1,3183.668548,26,13,7,2282.4358811364546,87,0,0.808651
55021,474,G_rolling_coverage,10,10,10,3886.212,123,10,1,3103.212339,27,16,7,2282.4358811364546,87,0,0.771012
55021,474,I_ring_optimized,10,10,10,3543.748,118,10,1,2787.748426,22,14,7,2127.197274574596,86,0,0.604829
55021,474,J_ring7_1000,10,10,10,3694.653,130,10,1,2867.65335,22,12,5,2048.590714741516,98,0,0.854892
55021,474,Jplus_final,10,10,10,3685.401,128,10,1,2872.400974,20,14,0,2001.7475859147316,98,0,0.126864
55021,475,C_region_q2,11,11,11,4253.094,140,11,1,3360.093705,11,0,0,nan,100,0,0.402544
55021,475,Cplus_completion_coobserve,11,11,11,4078.545,142,11,1,3173.54462,13,7,0,nan,100,0,0.237043
55021,475,F_coverage_integrated,11,11,11,3829.598,121,11,1,3051.598326,33,19,8,2298.8496498740806,79,0,1.033863
55021,475,G_rolling_coverage,11,11,11,3833.802,122,11,1,3050.801501,34,21,8,2298.8496498740806,79,0,0.930321
55021,475,I_ring_optimized,11,11,11,3979.358,124,11,1,3190.358317,35,16,8,2201.185981055263,83,0,1.091071
55021,475,J_ring7_1000,11,11,11,3839.053,131,11,1,3004.053091,32,18,8,2171.857050680475,89,0,1.153428
55021,475,Jplus_final,11,11,11,3645.487,120,11,1,2874.486522,21,15,0,1956.5285932642778,88,0,0.150662
55021,476,C_region_q2,13,13,13,5280.325,132,13,1,4424.324562,9,0,0,nan,93,0,0.311081
55021,476,Cplus_completion_coobserve,13,13,13,4605.355,135,13,1,3734.354771,12,4,0,nan,93,0,0.1918
55021,476,F_coverage_integrated,13,13,13,4421.201,109,13,1,3706.201422,33,19,8,2224.614629977379,66,0,0.898572
55021,476,G_rolling_coverage,13,13,13,4437.798,112,13,1,3705.797814,36,22,8,2224.614629977379,66,0,0.884928
55021,476,I_ring_optimized,13,13,13,3997.232,111,13,1,3270.231631,30,18,8,2146.6757319808003,70,0,0.924656
55021,476,J_ring7_1000,13,13,13,3944.65,123,13,1,3146.649689,35,22,8,2108.039414224912,75,0,1.244446
55021,476,Jplus_final,13,13,13,3901.009,111,13,1,3173.009497,23,19,0,1966.703724780606,75,0,0.171165
55021,477,C_region_q2,12,12,12,5022.407,141,12,1,4119.406634,10,0,0,nan,103,0,0.285917
55021,477,Cplus_completion_coobserve,12,12,12,4306.6,141,12,1,3403.599722,10,3,0,nan,103,0,0.222741
55021,477,F_coverage_integrated,12,12,12,3950.143,100,12,1,3293.142501,24,14,5,2145.692867255621,64,0,0.939324
55021,477,G_rolling_coverage,12,12,12,3943.242,100,12,1,3286.24236,24,16,5,2145.692867255621,64,0,0.863424
55021,477,I_ring_optimized,12,12,12,3930.178,102,12,1,3264.177733,26,14,6,2134.477950277487,64,0,0.986666
55021,477,J_ring7_1000,12,12,12,3536.661,114,12,1,2797.661302,31,18,8,2085.489141456839,72,0,0.879268
55021,477,Jplus_final,12,12,12,3661.485,107,12,1,2964.484988,24,19,0,1953.1756549533397,71,0,0.141864
55021,478,C_region_q2,13,13,13,4509.844,136,13,1,3630.844129,10,0,0,nan,92,0,0.382403
55021,478,Cplus_completion_coobserve,13,13,13,4287.983,135,13,1,3413.982946,9,3,0,nan,92,0,0.204331
55021,478,F_coverage_integrated,13,13,13,3925.216,106,13,1,3227.216168,33,22,8,2190.144452484772,60,0,0.977131
55021,478,G_rolling_coverage,13,13,13,3919.213,106,13,1,3221.213299,33,24,8,2190.144452484772,60,0,1.006232
55021,478,I_ring_optimized,13,13,13,3806.527,105,13,1,3114.527359,32,23,8,2143.9678688441736,61,0,0.714186
55021,478,J_ring7_1000,13,13,13,3789.943,119,13,1,3012.942896,34,22,8,2082.317649769411,72,0,1.116784
55021,478,Jplus_final,13,13,13,3763.425,109,13,1,3046.425146,24,21,0,1945.8935515428075,72,0,0.157436
55021,479,C_region_q2,16,16,16,5205.019,135,16,1,4316.019098,12,0,0,nan,84,0,0.470628
55021,479,Cplus_completion_coobserve,16,16,16,4714.756,141,16,1,3791.755534,18,9,0,nan,84,0,0.277915
55021,479,F_coverage_integrated,16,16,16,4671.446,110,16,1,3935.446179,45,24,8,1964.5390449878785,50,0,1.325276
55021,479,G_rolling_coverage,16,16,16,4469.139,107,16,1,3752.138521,42,25,8,1964.5390449878785,50,0,1.231805
55021,479,I_ring_optimized,16,16,16,4329.043,104,16,1,3629.043068,39,23,8,1836.9312924299638,50,0,1.245865
55021,479,J_ring7_1000,16,16,16,4365.705,126,16,1,3534.704552,42,26,8,2025.2785770079909,68,0,1.340254
55021,479,Jplus_final,16,16,16,4278.308,109,16,1,3553.307733,36,27,0,1767.9376452869865,58,0,0.279846
55021,480,C_region_q2,14,14,14,4367.74,130,14,1,3518.740418,10,0,0,nan,85,0,0.34437
55021,480,Cplus_completion_coobserve,14,14,14,4072.28,133,14,1,3206.280073,13,5,0,nan,85,0,0.21447
55021,480,F_coverage_integrated,14,14,14,3683.089,106,14,1,2980.089428,32,20,8,2247.1249176147917,60,0,1.070685
55021,480,G_rolling_coverage,14,14,14,3681.536,107,14,1,2972.53566,33,21,8,2247.1249176147917,60,0,1.083967
55021,480,I_ring_optimized,14,14,14,3489.501,107,14,1,2781.500625,33,21,8,2129.23646706336,60,0,1.293331
55021,480,J_ring7_1000,14,14,14,3408.834,113,14,1,2661.833831,41,29,8,2085.062302241421,59,0,1.524479
55021,480,Jplus_final,14,14,14,3664.627,116,14,1,2902.627413,32,29,0,1905.5845324401346,70,0,0.164049
55021,481,C_region_q2,12,12,12,5021.467,152,12,1,4051.467186,13,0,0,nan,114,0,0.348495
55021,481,Cplus_completion_coobserve,12,12,12,4633.962,158,12,1,3626.962485,19,11,0,nan,114,0,0.144784
55021,481,F_coverage_integrated,12,12,12,4234.83,114,12,1,3492.8304,29,16,8,2356.033275987387,74,0,1.25173
55021,481,G_rolling_coverage,12,12,12,3924.252,117,12,1,3167.2522,32,20,8,2356.033275987387,74,0,1.328116
55021,481,I_ring_optimized,12,12,12,3996.168,116,12,1,3245.168009,31,23,4,2101.724922844097,74,0,1.281383
55021,481,J_ring7_1000,12,12,12,4130.712,134,12,1,3273.711679,40,23,8,1982.0538590926596,83,0,1.653639
55021,481,Jplus_final,12,12,12,4062.359,126,12,1,3252.359241,32,22,0,1903.352901092587,82,0,0.312968
55021,482,C_region_q2,15,15,15,5219.021,134,15,1,4341.021022,12,0,0,nan,82,0,0.518035
55021,482,Cplus_completion_coobserve,15,15,15,4559.711,136,15,1,3671.71095,14,6,0,nan,82,0,0.32713
55021,482,F_coverage_integrated,15,15,15,4469.985,99,15,1,3802.984921,35,19,8,2086.6641067161136,51,0,0.876678
55021,482,G_rolling_coverage,15,15,15,4462.415,102,15,1,3778.414685,38,25,8,2086.6641067161136,51,0,0.73896
55021,482,I_ring_optimized,15,15,15,4448.532,107,15,1,3740.532039,43,24,8,1990.7143022322352,51,0,0.83995
55021,482,J_ring7_1000,15,15,15,4026.055,99,15,1,3362.055402,33,22,8,1906.7227252091554,53,0,1.194112
55021,482,Jplus_final,15,15,15,4041.79,97,15,1,3388.790497,31,26,0,1768.9933520318834,51,0,0.212892
55021,483,C_region_q2,11,11,11,5012.855,145,11,1,4089.855494,11,0,0,nan,113,0,0.215873
55021,483,Cplus_completion_coobserve,11,11,11,4560.174,149,11,1,3614.174433,15,5,0,nan,113,0,0.186902
55021,483,F_coverage_integrated,11,11,11,4152.782,112,11,1,3428.782418,17,5,4,2197.230189113591,84,0,0.544004
55021,483,G_rolling_coverage,11,11,11,4154.015,112,11,1,3430.015246,17,6,4,2197.230189113591,84,0,0.482932
55021,483,I_ring_optimized,11,11,11,3838.965,116,11,1,3090.965329,20,11,7,2188.3431212143655,85,0,0.620923
55021,483,J_ring7_1000,11,11,11,3764.96,132,11,1,2921.960274,24,14,4,2073.163860172044,98,0,0.913177
55021,483,Jplus_final,11,11,11,3879.991,132,11,1,3039.990686,24,17,0,1986.925903899046,98,0,0.237627
55021,484,C_region_q2,11,11,11,4537.148,144,11,1,3619.147895,8,0,0,nan,112,0,0.255343
55021,484,Cplus_completion_coobserve,11,11,11,4132.18,148,11,1,3194.179936,12,4,0,nan,112,0,0.246861
55021,484,F_coverage_integrated,11,11,11,3761.401,120,11,1,2991.40127,29,16,8,2322.920393909205,80,0,0.631262
55021,484,G_rolling_coverage,11,11,11,3772.586,122,11,1,2991.586479,31,18,8,2322.920393909205,80,0,0.807985
55021,484,I_ring_optimized,11,11,11,3579.229,124,11,1,2791.229136,33,21,7,2126.874292751039,81,0,0.842193
55021,484,J_ring7_1000,11,11,11,3846.806,132,11,1,3003.80633,31,20,7,2106.1088193873384,90,0,1.23923
55021,484,Jplus_final,11,11,11,3692.472,122,11,1,2910.471867,21,17,0,1927.0185339195052,90,0,0.12692
55021,485,C_region_q2,16,16,16,5254.04,144,16,1,4312.040253,13,0,0,nan,94,0,0.429441
55021,485,Cplus_completion_coobserve,16,16,16,4687.221,150,16,1,3711.220755,19,7,0,nan,94,0,0.321099
55021,485,F_coverage_integrated,16,16,16,4741.564,114,16,1,3981.564202,41,27,8,2197.8883737260658,59,0,1.268754
55021,485,G_rolling_coverage,16,16,16,4487.791,115,16,1,3724.790809,42,28,8,2197.8883737260658,59,0,1.341303
55021,485,I_ring_optimized,16,16,16,4118.133,108,16,1,3392.133163,35,25,8,2048.8020003121833,58,0,1.233232
55021,485,J_ring7_1000,16,16,16,3437.649,97,16,1,2782.649184,37,24,8,1507.4318641914201,44,0,1.194656
55021,485,Jplus_final,16,16,16,3436.022,87,16,1,2839.021714,27,23,0,1396.5236406482666,44,0,0.179542
55021,486,C_region_q2,10,10,10,4462.259,137,10,1,3591.259184,9,0,0,nan,105,0,0.237927
55021,486,Cplus_completion_coobserve,10,10,10,4027.555,141,10,1,3135.554702,13,5,0,nan,105,0,0.183525
55021,486,F_coverage_integrated,10,10,10,3872.31,127,10,1,3061.310217,25,16,6,2311.01451353518,92,0,0.751878
55021,486,G_rolling_coverage,10,10,10,3872.31,127,10,1,3061.310217,25,16,6,2311.01451353518,92,0,0.771065
55021,486,I_ring_optimized,10,10,10,3737.879,128,10,1,2924.879336,26,14,7,2199.6720767272527,92,0,1.129663
55021,486,J_ring7_1000,10,10,10,3733.684,128,10,1,2916.683639,26,15,8,2068.7085689283385,92,0,0.452595
55021,486,Jplus_final,10,10,10,3661.033,136,10,1,2797.032823,21,18,0,2026.3209738821397,105,0,0.143705
55021,487,C_region_q2,10,10,10,4067.329,131,10,1,3232.328556,6,0,0,nan,98,0,0.217416
55021,487,Cplus_completion_coobserve,10,10,10,3914.782,133,10,1,3068.781796,8,3,0,nan,98,0,0.17649
55021,487,F_coverage_integrated,10,10,10,3780.004,120,10,1,3014.004054,32,19,8,2300.018090538012,80,0,1.541833
55021,487,G_rolling_coverage,10,10,10,3785.004,121,10,1,3014.004054,33,20,8,2300.018090538012,80,0,1.551599
55021,487,I_ring_optimized,10,10,10,3369.591,113,10,1,2644.590675,25,16,7,2184.0195965150233,79,0,1.46511
55021,487,J_ring7_1000,10,10,10,3675.473,124,10,1,2886.472657,29,17,8,2166.997668518073,86,0,1.140802
55021,487,Jplus_final,10,10,10,3541.214,114,10,1,2811.214349,19,14,0,2009.6847772557144,85,0,0.167932
55021,488,C_region_q2,12,12,12,4781.715,137,12,1,3901.715266,10,0,0,nan,100,0,0.300641
55021,488,Cplus_completion_coobserve,12,12,12,4275.003,137,12,1,3395.00318,10,3,0,nan,100,0,0.168405
55021,488,F_coverage_integrated,12,12,12,4044.521,113,12,1,3310.520982,29,17,7,2235.6878091067765,72,0,1.235184
55021,488,G_rolling_coverage,12,12,12,4051.3,114,12,1,3312.300116,30,18,7,2235.6878091067765,72,0,1.241812
55021,488,I_ring_optimized,12,12,12,4041.91,116,12,1,3290.909839,32,20,6,2122.119513968884,72,0,1.37831
55021,488,J_ring7_1000,12,12,12,3826.166,124,12,1,3025.165871,27,18,3,2007.7652432905224,85,0,1.30177
55021,488,Jplus_final,12,12,12,3925.768,122,12,1,3139.767814,25,20,0,1906.3209738821397,85,0,0.18987
55021,489,C_region_q2,15,15,15,4859.551,139,15,1,3951.550578,11,0,0,nan,93,0,0.368747
55021,489,Cplus_completion_coobserve,15,15,15,4399.29,142,15,1,3474.289565,14,7,0,nan,93,0,0.212208
55021,489,F_coverage_integrated,15,15,15,4425.188,121,15,1,3631.18763,46,25,8,2162.2652067758245,61,0,0.798102
55021,489,G_rolling_coverage,15,15,15,4395.452,119,15,1,3614.452184,44,26,8,2162.2652067758245,61,0,0.701111
55021,489,I_ring_optimized,15,15,15,4004.033,109,15,1,3283.032795,44,29,8,2072.020615261611,52,0,1.00913
55021,489,J_ring7_1000,15,15,15,3966.97,111,15,1,3230.969698,38,25,8,1993.3331480361742,58,0,0.932589
55021,489,Jplus_final,15,15,15,3887.501,103,15,1,3198.500861,30,27,0,1919.2181513724008,58,0,0.109105
55021,490,C_region_q2,11,11,11,4928.433,139,11,1,4041.433131,11,0,0,nan,102,0,0.364323
55021,490,Cplus_completion_coobserve,11,11,11,4367.498,140,11,1,3474.498237,12,5,0,nan,102,0,0.228828
55021,490,F_coverage_integrated,11,11,11,4195.379,113,11,1,3465.379292,24,13,7,2271.25194715738,78,0,0.950015
55021,490,G_rolling_coverage,11,11,11,4185.398,113,11,1,3455.39794,24,14,7,2271.25194715738,78,0,0.935803
55021,490,I_ring_optimized,11,11,11,4020.918,112,11,1,3296.918342,23,12,7,2122.037229131433,78,0,1.042008
55021,490,J_ring7_1000,11,11,11,4119.343,127,11,1,3307.342744,29,16,5,2063.6644734734746,88,0,1.177872
55021,490,Jplus_final,11,11,11,3981.188,120,11,1,3211.187794,22,14,0,1935.7676244526085,87,0,0.233288
55021,491,C_region_q2,15,15,15,4692.58,134,15,1,3814.579943,10,0,0,nan,86,0,0.347911
55021,491,Cplus_completion_coobserve,15,15,15,4123.241,141,15,1,3206.241373,17,9,0,nan,86,0,0.189079
55021,491,F_coverage_integrated,15,15,15,3693.848,103,15,1,3004.848401,37,22,8,2261.8547051430296,51,0,1.015692
55021,491,G_rolling_coverage,15,15,15,3678.863,105,15,1,2977.86293,39,25,8,2261.8547051430296,51,0,0.998049
55021,491,I_ring_optimized,15,15,15,3261.521,103,15,1,2574.520786,37,26,8,2192.988122777504,51,0,1.107114
55021,491,J_ring7_1000,15,15,15,3917.043,109,15,1,3192.042829,39,26,8,1962.4646237291847,57,0,1.057473
55021,491,Jplus_final,15,15,15,3723.63,102,15,1,3040.629679,32,27,0,1830.1435492313835,55,0,0.165902
55021,492,C_region_q2,15,15,15,5242.162,141,15,1,4323.162236,13,0,0,nan,91,0,0.428481
55021,492,Cplus_completion_coobserve,15,15,15,4673.38,147,15,1,3722.379738,19,9,0,nan,91,0,0.336622
55021,492,F_coverage_integrated,15,15,15,4035.464,101,15,1,3357.463876,36,24,6,2185.2957598958546,51,0,1.492694
55021,492,G_rolling_coverage,15,15,15,4027.832,101,15,1,3349.832228,36,26,6,2185.2957598958546,51,0,1.41379
55021,492,I_ring_optimized,15,15,15,4271.868,105,15,1,3572.868136,40,25,7,2072.321759185896,50,0,1.258318
55021,492,J_ring7_1000,15,15,15,3872.889,117,15,1,3099.88928,43,28,8,2047.7122220377578,61,0,1.576608
55021,492,Jplus_final,15,15,15,4177.743,105,15,1,3476.743479,31,25,0,1884.3525778025034,59,0,0.157288
55021,493,C_region_q2,12,12,12,4895.539,144,12,1,3972.539259,11,0,0,nan,108,0,0.33243
55021,493,Cplus_completion_coobserve,12,12,12,4537.479,147,12,1,3598.478629,14,5,0,nan,108,0,0.207433
55021,493,F_coverage_integrated,12,12,12,4101.784,114,12,1,3368.78437,25,6,7,2268.4550715692158,77,0,0.932446
55021,493,G_rolling_coverage,12,12,12,4101.554,114,12,1,3368.554031,25,8,7,2268.4550715692158,77,0,0.938008
55021,493,I_ring_optimized,12,12,12,4279.0,119,12,1,3512.000244,30,15,8,2107.7154968058476,77,0,0.949396
55021,493,J_ring7_1000,12,12,12,3977.122,126,12,1,3164.12229,29,20,6,2106.0111680501627,86,0,1.424098
55021,493,Jplus_final,12,12,12,4119.398,122,12,1,3329.397717,20,17,0,1971.6958184327402,90,0,0.180546
55021,494,C_region_q2,13,13,13,5083.337,144,13,1,4155.337015,13,0,0,nan,103,0,0.371012
55021,494,Cplus_completion_coobserve,13,13,13,4662.484,156,13,1,3667.484364,25,12,0,nan,103,0,0.286658
55021,494,F_coverage_integrated,13,13,13,4081.462,124,13,1,3276.46231,37,21,8,2301.4919647854103,75,0,1.115974
55021,494,G_rolling_coverage,13,13,13,3901.759,124,13,1,3097.759007,37,21,8,2301.4919647854103,75,0,1.118883
55021,494,I_ring_optimized,13,13,13,4057.502,118,13,1,3289.501832,31,19,8,2113.6960307832333,75,0,0.527472
55021,494,J_ring7_1000,13,13,13,3882.387,121,13,1,3096.386911,37,24,8,1982.6275033665245,72,0,0.929538
55021,494,Jplus_final,13,13,13,4028.689,115,13,1,3279.688669,31,25,0,1846.3209738821395,71,0,0.094924
55021,495,C_region_q2,14,14,14,5012.227,137,14,1,4121.226791,12,0,0,nan,88,0,0.436959
55021,495,Cplus_completion_coobserve,14,14,14,4079.345,139,14,1,3178.345031,14,9,0,nan,88,0,0.203416
55021,495,F_coverage_integrated,14,14,14,3774.976,102,14,1,3095.975619,29,18,8,2274.7064803556177,59,0,0.733266
55021,495,G_rolling_coverage,14,14,14,3759.351,102,14,1,3080.350623,29,19,8,2274.7064803556177,59,0,0.763888
55021,495,I_ring_optimized,14,14,14,3558.702,107,14,1,2849.702434,34,24,8,2177.6909997164353,59,0,0.970431
55021,495,J_ring7_1000,14,14,14,3484.836,112,14,1,2744.835817,31,20,8,2047.667982520574,67,0,0.976224
55021,495,Jplus_final,14,14,14,3315.063,105,14,1,2623.063271,29,27,0,1846.5440343243797,62,0,0.156091
55021,496,C_region_q2,13,13,13,5038.562,144,13,1,4110.561722,12,0,0,nan,105,0,0.357145
55021,496,Cplus_completion_coobserve,13,13,13,4309.27,154,13,1,3325.269768,22,12,0,nan,105,0,0.301701
55021,496,F_coverage_integrated,13,13,13,4109.92,118,13,1,3338.919866,27,14,6,2288.234920539124,78,0,1.375375
55021,496,G_rolling_coverage,13,13,13,4080.923,117,13,1,3315.923194,26,16,6,2288.234920539124,78,0,1.247897
55021,496,I_ring_optimized,13,13,13,3919.032,116,13,1,3164.032129,25,16,5,2105.560363681787,78,0,1.080451
55021,496,J_ring7_1000,13,13,13,3860.195,133,13,1,2999.195009,35,23,8,2165.7950614485044,86,0,1.13594
55021,496,Jplus_final,13,13,13,3687.677,124,13,1,2879.676707,26,22,0,1953.1452303791664,85,0,0.144406
55021,497,C_region_q2,11,11,11,4468.687,132,11,1,3624.686966,10,0,0,nan,92,0,0.28282
55021,497,Cplus_completion_coobserve,11,11,11,3582.753,132,11,1,2738.752623,10,3,0,nan,92,0,0.206394
55021,497,F_coverage_integrated,11,11,11,3835.39,114,11,1,3100.389799,35,20,8,2199.492494955235,68,0,0.790871
55021,497,G_rolling_coverage,11,11,11,3856.272,115,11,1,3116.272459,36,22,8,2199.492494955235,68,0,0.744561
55021,497,I_ring_optimized,11,11,11,3645.862,111,11,1,2928.862054,32,20,8,2080.8157496758254,68,0,0.614934
55021,497,J_ring7_1000,11,11,11,3455.117,118,11,1,2694.117137,25,16,8,2063.3399201035772,82,0,0.856313
55021,497,Jplus_final,11,11,11,3371.214,115,11,1,2627.213891,22,22,0,1912.3209738821397,82,0,0.063308
55021,498,C_region_q2,14,14,14,5239.158,143,14,1,4316.158408,17,0,0,nan,98,0,0.489103
55021,498,Cplus_completion_coobserve,14,14,14,4214.424,143,14,1,3289.424181,17,8,0,nan,98,0,0.259535
55021,498,F_coverage_integrated,14,14,14,3961.058,119,14,1,3180.058438,32,18,7,2312.9666013408387,74,0,1.465116
55021,498,G_rolling_coverage,14,14,14,3963.687,121,14,1,3170.687006,34,24,7,2312.9666013408387,74,0,1.490467
55021,498,I_ring_optimized,14,14,14,4038.204,119,14,1,3258.203516,33,21,8,2162.868046482941,73,0,0.748253
55021,498,J_ring7_1000,14,14,14,3835.275,133,14,1,2971.275303,35,24,8,2159.8992574765443,86,0,1.257501
55021,498,Jplus_final,14,14,14,3832.211,124,14,1,3021.211303,26,23,0,1924.3209738821395,84,0,0.117591
55021,499,C_region_q2,15,15,15,5185.756,142,15,1,4260.755518,15,0,0,nan,95,0,0.43569
55021,499,Cplus_completion_coobserve,15,15,15,4354.476,144,15,1,3418.475872,17,8,0,nan,95,0,0.279928
55021,499,F_coverage_integrated,15,15,15,3973.722,104,15,1,3279.721586,34,20,6,2232.33685349239,55,0,1.104841
55021,499,G_rolling_coverage,15,15,15,3923.358,104,15,1,3228.357705,34,23,6,2232.33685349239,55,0,1.072368
55021,499,I_ring_optimized,15,15,15,3762.095,106,15,1,3054.095436,36,25,6,2089.221855066309,55,0,1.274833
55021,499,J_ring7_1000,15,15,15,3673.296,122,15,1,2870.296312,40,30,7,2084.533416953982,67,0,1.644899
55021,499,Jplus_final,15,15,15,3876.987,114,15,1,3120.987308,32,30,0,1860.5124292527257,67,0,0.198932
55021,500,C_region_q2,13,13,13,4833.019,136,13,1,3954.019247,11,0,0,nan,95,0,0.306475
55021,500,Cplus_completion_coobserve,13,13,13,4277.167,140,13,1,3378.166877,15,8,0,nan,95,0,0.236039
55021,500,F_coverage_integrated,13,13,13,4030.437,118,13,1,3259.437274,33,19,8,2244.4311715692506,72,0,0.769093
55021,500,G_rolling_coverage,13,13,13,3923.875,121,13,1,3135.874677,36,26,8,2244.4311715692506,72,0,0.675631
55021,500,I_ring_optimized,13,13,13,3724.77,115,13,1,2976.770438,30,21,7,2101.2765503601777,72,0,0.838403
55021,500,J_ring7_1000,13,13,13,3819.736,132,13,1,2966.735721,32,21,7,2046.6669848387814,87,0,0.730493
55021,500,Jplus_final,13,13,13,3727.355,129,13,1,2892.354541,29,24,0,1924.3209738821397,87,0,0.139532
55021,501,C_region_q2,14,14,14,5450.521,154,14,1,4459.520755,15,0,0,nan,111,0,0.357494
55021,501,Cplus_completion_coobserve,14,14,14,4744.978,158,14,1,3729.977548,19,7,0,nan,111,0,0.268235
55021,501,F_coverage_integrated,14,14,14,4712.593,115,14,1,3958.59303,33,14,8,2200.7194942770398,68,0,0.521295
55021,501,G_rolling_coverage,14,14,14,4461.842,116,14,1,3702.8417,34,19,8,2200.7194942770398,68,0,0.457746
55021,501,I_ring_optimized,14,14,14,4162.099,116,14,1,3400.099043,34,23,8,2106.660220290338,68,0,0.357841
55021,501,J_ring7_1000,14,14,14,4176.604,133,14,1,3313.603821,35,22,8,2087.6227510244203,84,0,1.210676
55021,501,Jplus_final,14,14,14,4031.43,125,14,1,3215.429679,27,23,0,1918.3209738821397,85,0,0.119256
55021,502,C_region_q2,16,16,16,5307.553,142,16,1,4376.552631,14,0,0,nan,89,0,0.44482
55021,502,Cplus_completion_coobserve,16,16,16,4724.917,147,16,1,3766.916605,19,9,0,nan,89,0,0.345631
55021,502,F_coverage_integrated,16,16,16,4493.662,95,16,1,3851.662202,39,21,8,1887.816516149456,41,0,0.643332
55021,502,G_rolling_coverage,16,16,16,4390.513,95,16,1,3747.512973,39,22,8,1887.816516149456,41,0,0.676361
55021,502,I_ring_optimized,16,16,16,4361.503,103,16,1,3667.502757,39,24,8,1988.434299424099,49,0,0.732135
55021,502,J_ring7_1000,16,16,16,4269.935,107,16,1,3552.934951,41,26,8,1896.4768839364554,51,0,0.907877
55021,502,Jplus_final,16,16,16,4068.219,95,16,1,3422.219087,29,25,0,1728.0527074405927,50,0,0.157326
55021,503,C_region_q2,11,11,11,5012.882,147,11,1,4078.882248,12,0,0,nan,111,0,0.337916
55021,503,Cplus_completion_coobserve,11,11,11,4503.115,147,11,1,3569.114823,12,4,0,nan,111,0,0.244314
55021,503,F_coverage_integrated,11,11,11,4243.623,114,11,1,3505.623493,20,12,5,2262.7563350748783,84,0,1.26154
55021,503,G_rolling_coverage,11,11,11,4265.514,116,11,1,3517.51437,22,14,5,2262.7563350748783,84,0,1.180897
55021,503,I_ring_optimized,11,11,11,4135.934,117,11,1,3380.933548,23,13,7,2133.357354764703,85,0,1.029988
55021,503,J_ring7_1000,11,11,11,4128.978,130,11,1,3295.978371,23,11,6,2093.504452245472,96,0,1.416063
55021,503,Jplus_final,11,11,11,4034.954,127,11,1,3219.953871,20,14,0,1964.2872485923388,96,0,0.178859
55021,504,C_region_q2,16,16,16,4495.159,116,16,1,3725.158698,19,0,0,nan,68,0,0.566023
55021,504,Cplus_completion_coobserve,16,16,16,3470.407,119,16,1,2679.407327,22,12,0,nan,68,0,0.235886
55021,504,F_coverage_integrated,16,16,16,3350.925,90,16,1,2734.925352,36,22,8,1573.742985231454,39,0,1.062108
55021,504,G_rolling_coverage,16,16,16,3337.281,94,16,1,2699.28101,40,28,8,1573.742985231454,39,0,1.054881
55021,504,I_ring_optimized,16,16,16,3554.445,96,16,1,2903.444888,42,31,8,1500.9879404547796,39,0,0.962048
55021,504,J_ring7_1000,16,16,16,3280.819,92,16,1,2652.818652,33,23,8,1673.2615888812768,44,0,1.079763
55021,504,Jplus_final,16,16,16,2985.926,79,16,1,2436.926399,30,25,0,1237.2727584035308,33,0,0.211234
55021,505,C_region_q2,16,16,16,4683.43,119,16,1,3891.429758,13,0,0,nan,67,0,0.489253
55021,505,Cplus_completion_coobserve,16,16,16,4204.275,123,16,1,3388.274647,17,8,0,nan,67,0,0.286112
55021,505,F_coverage_integrated,16,16,16,3825.36,89,16,1,3215.360475,37,21,8,1543.6051135404286,36,0,0.677296
55021,505,G_rolling_coverage,16,16,16,3816.92,89,16,1,3205.920442,37,22,8,1543.6051135404286,36,0,0.713963
55021,505,I_ring_optimized,16,16,16,3574.736,89,16,1,2965.73634,37,22,8,1457.1773067857093,36,0,0.697423
55021,505,J_ring7_1000,16,16,16,3770.562,98,16,1,3103.562332,32,19,8,1944.8394071598404,50,0,0.917992
55021,505,Jplus_final,16,16,16,3743.312,93,16,1,3107.311509,26,21,0,1835.629975822176,51,0,0.213959
55021,506,C_region_q2,10,10,10,4362.471,143,10,1,3455.471065,8,0,0,nan,113,0,0.227966
55021,506,Cplus_completion_coobserve,10,10,10,3994.953,147,10,1,3067.952504,12,2,0,nan,113,0,0.251819
55021,506,F_coverage_integrated,10,10,10,3699.149,115,10,1,2961.148766,21,11,8,2348.7249506891585,86,0,0.555877
55021,506,G_rolling_coverage,10,10,10,3696.469,115,10,1,2958.469034,21,12,8,2348.7249506891585,86,0,0.514712
55021,506,I_ring_optimized,10,10,10,3806.211,119,10,1,3047.21076,25,10,8,2184.2416079817513,85,0,0.835643
55021,506,J_ring7_1000,10,10,10,3496.836,127,10,1,2687.835927,23,15,6,2056.506942226152,94,0,1.382148
55021,506,Jplus_final,10,10,10,3415.676,119,10,1,2653.675837,15,12,0,1970.6117418149192,94,0,0.110958
55021,507,C_region_q2,12,12,12,4885.648,149,12,1,3932.648033,11,0,0,nan,116,0,0.18602
55021,507,Cplus_completion_coobserve,12,12,12,3990.284,155,12,1,3003.283863,17,10,0,nan,116,0,0.143431
55021,507,F_coverage_integrated,12,12,12,4480.302,137,12,1,3605.301953,31,14,8,2276.7603030832865,94,0,0.243164
55021,507,G_rolling_coverage,12,12,12,4224.534,138,12,1,3343.534428,32,18,8,2276.7603030832865,94,0,0.186799
55021,507,I_ring_optimized,12,12,12,4409.327,137,12,1,3538.326909,32,13,8,2183.3773617956444,93,0,0.592074
55021,507,J_ring7_1000,12,12,12,3868.74,147,12,1,2930.739823,32,24,6,2094.890315528849,103,0,1.204066
55021,507,Jplus_final,12,12,12,3738.728,132,12,1,2889.727617,25,23,0,1966.3209738821397,96,0,0.118519
55021,508,C_region_q2,14,14,14,5327.465,150,14,1,4358.464729,13,0,0,nan,110,0,0.336242
55021,508,Cplus_completion_coobserve,14,14,14,4555.399,157,14,1,3546.398916,20,9,0,nan,110,0,0.226325
55021,508,F_coverage_integrated,14,14,14,4507.62,108,14,1,3796.620286,33,15,8,2157.262152363751,61,0,0.682058
55021,508,G_rolling_coverage,14,14,14,4266.889,107,14,1,3560.888621,32,19,8,2157.262152363751,61,0,0.494743
55021,508,I_ring_optimized,14,14,14,3675.819,106,14,1,2977.818668,32,21,7,2003.9254893629952,60,0,0.946412
55021,508,J_ring7_1000,14,14,14,3936.564,123,14,1,3132.563677,30,17,8,2045.9803774736936,79,0,0.426599
55021,508,Jplus_final,14,14,14,3710.153,119,14,1,2930.152668,32,27,0,1878.0854411831638,73,0,0.190976
55021,509,C_region_q2,16,16,16,4122.428,110,16,1,3385.427829,17,0,0,nan,59,0,0.564046
55021,509,Cplus_completion_coobserve,16,16,16,3718.06,122,16,1,2909.059708,29,17,0,nan,59,0,0.262068
55021,509,F_coverage_integrated,16,16,16,3332.455,96,16,1,2682.45465,48,31,8,1331.8595928912268,32,0,1.382516
55021,509,G_rolling_coverage,16,16,16,3135.705,100,16,1,2463.705384,52,40,8,1331.8595928912268,32,0,1.38818
55021,509,I_ring_optimized,16,16,16,3109.339,95,16,1,2467.33867,47,35,7,1432.4409053349561,32,0,1.693652
55021,509,J_ring7_1000,16,16,16,3487.21,123,16,1,2673.210126,46,36,8,1885.5813668210346,63,0,1.362228
55021,509,Jplus_final,16,16,16,3197.474,99,16,1,2529.474209,32,27,0,1573.7001985128945,51,0,0.223536
55021,510,C_region_q2,10,10,10,4423.861,142,10,1,3523.861304,9,0,0,nan,112,0,0.241956
55021,510,Cplus_completion_coobserve,10,10,10,4313.302,147,10,1,3386.30196,14,4,0,nan,112,0,0.194096
55021,510,F_coverage_integrated,10,10,10,4014.596,120,10,1,3249.595882,25,11,8,2290.6699025947755,86,0,1.032054
55021,510,G_rolling_coverage,10,10,10,4013.7,121,10,1,3243.699726,26,13,8,2290.6699025947755,86,0,1.035451
55021,510,I_ring_optimized,10,10,10,3662.146,117,10,1,2914.146256,22,9,8,2136.85158450064,86,0,0.673627
55021,510,J_ring7_1000,10,10,10,3634.852,137,10,1,2764.851599,24,13,8,2223.2719804233957,103,0,1.008448
55021,510,Jplus_final,10,10,10,3665.719,131,10,1,2832.719349,18,13,0,2038.7795035508407,103,0,0.178402
55021,511,C_region_q2,14,14,14,4845.789,144,14,1,3912.788888,11,0,0,nan,105,0,0.250847
55021,511,Cplus_completion_coobserve,14,14,14,4697.903,149,14,1,3735.902715,16,7,0,nan,105,0,0.124582
55021,511,F_coverage_integrated,14,14,14,4451.507,113,14,1,3704.506609,30,18,8,2227.989728824932,70,0,0.706333
55021,511,G_rolling_coverage,14,14,14,4444.311,113,14,1,3697.311347,30,19,8,2227.989728824932,70,0,0.70163
55021,511,I_ring_optimized,14,14,14,4639.91,118,14,1,3865.909985,36,19,8,2064.9880804532904,68,0,1.059143
55021,511,J_ring7_1000,14,14,14,4095.334,132,14,1,3236.33417,43,29,8,2065.877579670716,76,0,1.378377
55021,511,Jplus_final,14,14,14,3940.749,124,14,1,3130.749113,35,29,0,1917.6394155701237,75,0,0.255819
55021,512,C_region_q2,15,15,15,4866.503,151,15,1,3887.502651,16,0,0,nan,109,0,0.447467
55021,512,Cplus_completion_coobserve,15,15,15,4265.089,157,15,1,3252.088987,22,10,0,nan,109,0,0.295295
55021,512,F_coverage_integrated,15,15,15,4259.077,139,15,1,3354.07675,34,20,8,2403.097743422094,90,0,0.695692
55021,512,G_rolling_coverage,15,15,15,4203.466,139,15,1,3298.465746,34,21,8,2403.097743422094,90,0,0.66148
55021,512,I_ring_optimized,15,15,15,4187.185,141,15,1,3272.185025,38,22,8,2225.128341060335,88,0,0.400328
55021,512,J_ring7_1000,15,15,15,3709.469,133,15,1,2840.469324,38,25,8,2018.1991889323629,80,0,1.634437
55021,512,Jplus_final,15,15,15,3574.805,123,15,1,2765.804755,28,23,0,1882.3209738821397,80,0,0.197183
55021,513,C_region_q2,16,16,16,5013.796,125,16,1,4184.795775,14,0,0,nan,77,0,0.451304
55021,513,Cplus_completion_coobserve,16,16,16,4199.32,128,16,1,3354.319695,17,7,0,nan,77,0,0.253806
55021,513,F_coverage_integrated,16,16,16,4450.383,114,16,1,3691.383394,38,20,8,2202.6552075962118,60,0,0.928849
55021,513,G_rolling_coverage,16,16,16,3952.039,110,16,1,3217.038729,34,21,8,2202.6552075962118,60,0,0.862219
55021,513,I_ring_optimized,16,16,16,3914.432,116,16,1,3145.431837,40,26,8,2072.9696130960883,61,0,0.775055
55021,513,J_ring7_1000,16,16,16,3654.031,116,16,1,2886.031187,39,26,6,1741.1156945456319,61,0,1.241878
55021,513,Jplus_final,16,16,16,3499.313,107,16,1,2781.312551,30,25,0,1601.234044749832,61,0,0.187832
55021,514,C_region_q2,12,12,12,4674.723,140,12,1,3775.722665,10,0,0,nan,102,0,0.291321
55021,514,Cplus_completion_coobserve,12,12,12,4234.32,142,12,1,3324.319507,12,3,0,nan,102,0,0.283877
55021,514,F_coverage_integrated,12,12,12,3697.112,115,12,1,2950.111963,27,14,8,2215.728514994454,78,0,0.624314
55021,514,G_rolling_coverage,12,12,12,3723.596,117,12,1,2966.59632,29,18,8,2215.728514994454,78,0,0.586161
55021,514,I_ring_optimized,12,12,12,3786.09,118,12,1,3023.089647,32,20,8,2072.3294650802045,76,0,0.709791
55021,514,J_ring7_1000,12,12,12,4498.797,131,12,1,3660.79707,35,17,8,2058.6272027725613,85,0,0.860453
55021,514,Jplus_final,12,12,12,3975.479,121,12,1,3192.479422,25,20,0,1912.3209738821395,84,0,0.095194
55021,515,C_region_q2,16,16,16,5213.332,115,16,1,4448.331788,20,0,0,nan,64,0,0.563794
55021,515,Cplus_completion_coobserve,16,16,16,3887.75,123,16,1,3072.750072,28,15,0,nan,64,0,0.243143
55021,515,F_coverage_integrated,16,16,16,4193.552,101,16,1,3512.551644,39,20,8,1981.0493974060525,46,0,0.796655
55021,515,G_rolling_coverage,16,16,16,4005.071,100,16,1,3329.070709,38,21,8,1981.0493974060525,46,0,0.790337
55021,515,I_ring_optimized,16,16,16,4079.458,102,16,1,3392.457971,40,22,8,1870.154365563,46,0,0.744574
55021,515,J_ring7_1000,16,16,16,3296.545,99,16,1,2628.544511,45,27,8,1221.723180331987,38,0,0.932844
55021,515,Jplus_final,16,16,16,3381.956,96,16,1,2735.955515,42,32,0,1115.6604869410698,38,0,0.374797
55021,516,C_region_q2,15,15,15,4877.901,134,15,1,3999.900513,13,0,0,nan,88,0,0.481384
55021,516,Cplus_completion_coobserve,15,15,15,4135.541,136,15,1,3246.540685,15,7,0,nan,88,0,0.322018
55021,516,F_coverage_integrated,15,15,15,4040.548,105,15,1,3338.548393,30,17,8,2233.226803255605,61,0,0.955561
55021,516,G_rolling_coverage,15,15,15,3976.474,105,15,1,3275.47379,30,20,8,2233.226803255605,61,0,0.852119
55021,516,I_ring_optimized,15,15,15,3844.45,109,15,1,3118.450103,34,21,8,2115.942176664908,61,0,1.496465
55021,516,J_ring7_1000,15,15,15,3756.146,114,15,1,3001.14606,35,25,8,1970.4935316605092,65,0,0.702945
55021,516,Jplus_final,15,15,15,3554.6,104,15,1,2858.600158,25,23,0,1828.9175244182175,64,0,0.170697
55021,517,C_region_q2,13,13,13,5103.319,139,13,1,4205.31892,11,0,0,nan,103,0,0.293261
55021,517,Cplus_completion_coobserve,13,13,13,4435.88,142,13,1,3522.879686,14,4,0,nan,103,0,0.242931
55021,517,F_coverage_integrated,13,13,13,4226.573,118,13,1,3457.572803,26,12,7,2332.10222107942,79,0,0.819192
55021,517,G_rolling_coverage,13,13,13,4225.984,118,13,1,3456.984224,26,13,7,2332.10222107942,79,0,0.829781
55021,517,I_ring_optimized,13,13,13,4212.412,128,13,1,3382.411577,37,21,8,2161.8581926399866,78,0,0.601156
55021,517,J_ring7_1000,13,13,13,3936.561,126,13,1,3123.561283,32,16,6,2065.957747411472,81,0,1.503675
55021,517,Jplus_final,13,13,13,4219.37,122,13,1,3427.370365,26,18,0,1937.4410729844583,83,0,0.263613
55021,518,C_region_q2,11,11,11,3887.853,135,11,1,3023.852503,6,0,0,nan,98,0,0.213212
55021,518,Cplus_completion_coobserve,11,11,11,3726.639,136,11,1,2857.638543,7,2,0,nan,98,0,0.185403
55021,518,F_coverage_integrated,11,11,11,3366.382,105,11,1,2685.381534,26,17,7,2239.806510094372,69,0,1.185177
55021,518,G_rolling_coverage,11,11,11,3371.382,106,11,1,2685.381534,27,18,7,2239.806510094372,69,0,1.094487
55021,518,I_ring_optimized,11,11,11,3276.183,109,11,1,2571.183487,30,21,8,2107.201676590117,70,0,1.070769
55021,518,J_ring7_1000,11,11,11,3341.996,110,11,1,2630.995991,25,16,8,2053.727942829766,74,0,0.935579
55021,518,Jplus_final,11,11,11,3278.555,106,11,1,2589.554966,21,19,0,1915.6433545226773,74,0,0.134261
55021,519,C_region_q2,13,13,13,4734.449,136,13,1,3855.448895,10,0,0,nan,98,0,0.268966
55021,519,Cplus_completion_coobserve,13,13,13,4251.751,142,13,1,3339.751329,16,6,0,nan,98,0,0.254388
55021,519,F_coverage_integrated,13,13,13,3994.871,114,13,1,3247.871341,31,15,8,2320.706598751948,71,0,0.681839
55021,519,G_rolling_coverage,13,13,13,3981.338,116,13,1,3224.337569,33,20,8,2320.706598751948,71,0,0.711272
55021,519,I_ring_optimized,13,13,13,3953.65,113,13,1,3219.65042,32,15,8,2089.1640332905426,70,0,0.906707
55021,519,J_ring7_1000,13,13,13,3950.846,121,13,1,3166.846496,32,17,8,2127.453947483054,77,0,0.774705
55021,519,Jplus_final,13,13,13,3915.002,112,13,1,3182.001835,23,19,0,1953.4323246827346,76,0,0.105103
55021,520,C_region_q2,13,13,13,4843.158,142,13,1,3929.157953,13,0,0,nan,101,0,0.471336
55021,520,Cplus_completion_coobserve,13,13,13,4278.393,143,13,1,3357.393088,14,7,0,nan,101,0,0.172622
55021,520,F_coverage_integrated,13,13,13,3891.566,116,13,1,3134.566218,31,19,7,2253.6914099486758,72,0,0.86769
55021,520,G_rolling_coverage,13,13,13,3880.105,117,13,1,3117.104622,32,23,7,2253.6914099486758,72,0,0.797255
55021,520,I_ring_optimized,13,13,13,3759.085,116,13,1,3003.085019,31,19,7,2117.876240016888,72,0,0.983147
55021,520,J_ring7_1000,13,13,13,3693.692,137,13,1,2816.692048,44,28,8,2049.6327521294293,82,0,1.374373
55021,520,Jplus_final,13,13,13,3641.708,125,13,1,2832.707656,32,25,0,1891.3019850353157,80,0,0.263774
55021,521,C_region_q2,14,14,14,5112.837,142,14,1,4191.837308,11,0,0,nan,101,0,0.329568
55021,521,Cplus_completion_coobserve,14,14,14,4803.027,147,14,1,3857.026586,16,5,0,nan,101,0,0.213011
55021,521,F_coverage_integrated,14,14,14,4550.584,118,14,1,3778.58403,40,23,8,2154.775619492025,66,0,1.107454
55021,521,G_rolling_coverage,14,14,14,4572.327,120,14,1,3788.327056,42,26,8,2154.775619492025,66,0,0.983462
55021,521,I_ring_optimized,14,14,14,4601.796,117,14,1,3838.796294,39,23,8,2042.2250760875113,65,0,1.066963
55021,521,J_ring7_1000,14,14,14,4626.684,125,14,1,3811.684018,36,20,8,2077.160356296511,77,0,0.97018
55021,521,Jplus_final,14,14,14,4601.52,119,14,1,3824.520267,28,20,0,1907.7534263737948,77,0,0.191879
55021,522,C_region_q2,10,10,10,4129.072,134,10,1,3276.072353,7,0,0,nan,102,0,0.195434
55021,522,Cplus_completion_coobserve,10,10,10,3937.218,136,10,1,3074.218303,9,3,0,nan,102,0,0.142052
55021,522,F_coverage_integrated,10,10,10,3713.98,111,10,1,2999.980311,19,12,7,2288.755910990949,83,0,0.415195
55021,522,G_rolling_coverage,10,10,10,3713.98,111,10,1,2999.980311,19,12,7,2288.755910990949,83,0,0.436373
55021,522,I_ring_optimized,10,10,10,3560.476,112,10,1,2841.475822,20,11,8,2135.234901266103,83,0,0.779808
55021,522,J_ring7_1000,10,10,10,3314.932,124,10,1,2522.93188,21,12,8,2158.811366385794,93,0,0.865045
55021,522,Jplus_final,10,10,10,3408.878,120,10,1,2641.877508,17,15,0,1951.533974005903,93,0,0.072859
55021,523,C_region_q2,10,10,10,4075.398,140,10,1,3186.397828,7,0,0,nan,109,0,0.206353
55021,523,Cplus_completion_coobserve,10,10,10,3898.063,140,10,1,3009.062602,7,3,0,nan,109,0,0.093191
55021,523,F_coverage_integrated,10,10,10,3533.342,112,10,1,2814.341504,22,13,6,2316.373367929102,80,0,1.23378
55021,523,G_rolling_coverage,10,10,10,3538.342,113,10,1,2814.341504,23,14,6,2316.373367929102,80,0,1.208468
55021,523,I_ring_optimized,10,10,10,3420.773,113,10,1,2695.773321,23,13,8,2175.6581040573633,80,0,1.221206
55021,523,J_ring7_1000,10,10,10,3413.664,130,10,1,2586.663623,30,20,7,2150.6962694634312,91,0,1.728214
55021,523,Jplus_final,10,10,10,3357.849,119,10,1,2596.848573,19,16,0,1950.2152609078375,90,0,0.094264
55021,524,C_region_q2,10,10,10,4277.728,132,10,1,3439.728406,11,0,0,nan,94,0,0.264927
55021,524,Cplus_completion_coobserve,10,10,10,3972.968,135,10,1,3114.968404,14,8,0,nan,94,0,0.129551
55021,524,F_coverage_integrated,10,10,10,3567.779,109,10,1,2866.779484,25,14,8,2262.449241280125,75,0,0.598664
55021,524,G_rolling_coverage,10,10,10,3524.526,110,10,1,2818.525812,26,15,8,2262.449241280125,75,0,0.553813
55021,524,I_ring_optimized,10,10,10,2678.056,114,10,1,1949.055791,24,15,8,2160.8555116901234,81,0,0.621833
55021,524,J_ring7_1000,10,10,10,2756.189,129,10,1,1935.18918,27,19,8,2104.47053505626,93,0,0.710041
55021,524,Jplus_final,10,10,10,2989.797,122,10,1,2208.796577,20,20,0,1983.1149407922317,92,0,0.058724
55021,525,C_region_q2,13,13,13,5007.284,145,13,1,4073.284148,13,0,0,nan,105,0,0.395913
55021,525,Cplus_completion_coobserve,13,13,13,4492.382,150,13,1,3529.382183,18,9,0,nan,105,0,0.221283
55021,525,F_coverage_integrated,13,13,13,4268.322,115,13,1,3519.322268,30,17,4,2185.118702892687,73,0,1.039561
55021,525,G_rolling_coverage,13,13,13,4280.408,117,13,1,3521.408127,32,20,4,2185.118702892687,73,0,0.968946
55021,525,I_ring_optimized,13,13,13,4436.816,122,13,1,3647.815985,37,18,7,2105.5034698294785,73,0,1.055048
55021,525,J_ring7_1000,13,13,13,4164.022,134,13,1,3299.021808,41,29,8,2161.0778679176383,81,0,1.657736
55021,525,Jplus_final,13,13,13,4119.882,121,13,1,3332.882171,28,23,0,1900.3209738821397,80,0,0.22566
55021,526,C_region_q2,13,13,13,4878.608,148,13,1,3928.608373,13,0,0,nan,109,0,0.342615
55021,526,Cplus_completion_coobserve,13,13,13,4661.113,151,13,1,3693.11301,16,5,0,nan,109,0,0.256265
55021,526,F_coverage_integrated,13,13,13,4259.899,120,13,1,3481.899061,31,12,8,2357.7015154545197,76,0,0.793062
55021,526,G_rolling_coverage,13,13,13,4235.464,120,13,1,3457.463542,31,13,8,2357.7015154545197,76,0,0.798091
55021,526,I_ring_optimized,13,13,13,4219.952,121,13,1,3435.952457,32,18,5,2127.5466710108863,78,0,1.22389
55021,526,J_ring7_1000,13,13,13,4072.182,127,13,1,3251.181625,37,23,8,2083.1032769950634,77,0,0.657669
55021,526,Jplus_final,13,13,13,4152.3,127,13,1,3330.300166,29,19,0,1972.7823690509588,85,0,0.183909
55021,527,C_region_q2,10,10,10,4379.479,146,10,1,3455.478718,10,0,0,nan,113,0,0.296351
55021,527,Cplus_completion_coobserve,10,10,10,4087.617,151,10,1,3134.616514,15,6,0,nan,113,0,0.195798
55021,527,F_coverage_integrated,10,10,10,3845.242,129,10,1,3024.241988,30,16,8,2306.9970966066157,90,0,0.868643
55021,527,G_rolling_coverage,10,10,10,3848.879,130,10,1,3022.878828,31,18,8,2306.9970966066157,90,0,0.868545
55021,527,I_ring_optimized,10,10,10,3589.117,127,10,1,2779.116969,28,19,7,2250.039400557643,91,0,0.916287
55021,527,J_ring7_1000,10,10,10,3539.579,133,10,1,2695.578803,26,18,5,2069.7827911610925,98,0,1.284718
55021,527,Jplus_final,10,10,10,3443.521,124,10,1,2652.521071,17,15,0,1975.1614236987093,97,0,0.113592
55021,528,C_region_q2,15,15,15,5075.15,139,15,1,4169.149937,15,0,0,nan,89,0,0.403997
55021,528,Cplus_completion_coobserve,15,15,15,4660.771,143,15,1,3730.77072,19,10,0,nan,89,0,0.15002
55021,528,F_coverage_integrated,15,15,15,4312.21,101,15,1,3635.210084,37,21,8,2155.2945517261037,49,0,1.183122
55021,528,G_rolling_coverage,15,15,15,4289.214,101,15,1,3612.214091,37,22,8,2155.2945517261037,49,0,1.002965
55021,528,I_ring_optimized,15,15,15,4152.395,101,15,1,3476.394708,37,22,8,2043.090104886013,49,0,0.880924
55021,528,J_ring7_1000,15,15,15,3813.827,112,15,1,3072.826563,39,25,8,2023.7171865765092,59,0,0.806375
55021,528,Jplus_final,15,15,15,3703.22,105,15,1,3004.220437,32,27,0,1844.3464209950491,58,0,0.18475
55021,529,C_region_q2,16,16,16,4584.602,140,16,1,3665.601727,9,0,0,nan,89,0,0.322715
55021,529,Cplus_completion_coobserve,16,16,16,4458.683,146,16,1,3506.682958,15,4,0,nan,89,0,0.288002
55021,529,F_coverage_integrated,16,16,16,3832.427,87,16,1,3237.426563,34,18,8,2069.8194520050597,38,0,1.350551
55021,529,G_rolling_coverage,16,16,16,3525.484,86,16,1,2935.484398,33,20,8,2069.8194520050597,38,0,1.33203
55021,529,I_ring_optimized,16,16,16,3754.572,88,16,1,3151.572122,35,22,8,1940.1065513510193,39,0,1.366675
55021,529,J_ring7_1000,16,16,16,3983.058,104,16,1,3286.058178,38,23,8,1900.4409605924739,50,0,1.489504
55021,529,Jplus_final,16,16,16,3962.493,96,16,1,3312.492543,30,24,0,1803.5374185798546,50,0,0.240074
55021,530,C_region_q2,15,15,15,5024.77,141,15,1,4104.770287,11,0,0,nan,95,0,0.402405
55021,530,Cplus_completion_coobserve,15,15,15,4478.477,144,15,1,3543.47743,14,5,0,nan,95,0,0.213572
55021,530,F_coverage_integrated,15,15,15,4278.744,113,15,1,3526.743645,39,24,8,2269.0511182903256,59,0,1.211236
55021,530,G_rolling_coverage,15,15,15,4276.208,114,15,1,3519.207547,40,27,8,2269.0511182903256,59,0,1.182656
55021,530,I_ring_optimized,15,15,15,4153.661,118,15,1,3373.661133,44,31,8,2128.047110979735,60,0,1.097164
55021,530,J_ring7_1000,15,15,15,4101.428,120,15,1,3311.42757,39,27,8,2046.1356671916542,66,0,1.97719
55021,530,Jplus_final,15,15,15,4063.66,104,15,1,3366.659707,24,20,0,1834.1062963800052,65,0,0.200903
55021,531,C_region_q2,14,14,14,5468.573,145,14,1,4532.573042,16,0,0,nan,97,0,0.438213
55021,531,Cplus_completion_coobserve,14,14,14,4400.806,147,14,1,3450.805832,18,11,0,nan,97,0,0.219048
55021,531,F_coverage_integrated,14,14,14,3899.552,120,14,1,3112.552473,31,18,8,2261.4600340294596,76,0,0.858582
55021,531,G_rolling_coverage,14,14,14,3908.495,123,14,1,3106.49492,34,21,8,2261.4600340294596,76,0,0.809788
55021,531,I_ring_optimized,14,14,14,3780.514,124,14,1,2971.51352,35,23,8,2160.868414304067,76,0,0.893464
55021,531,J_ring7_1000,14,14,14,3852.81,130,14,1,3005.810022,32,22,8,2200.2448531707155,84,0,0.668402
55021,531,Jplus_final,14,14,14,3703.054,124,14,1,2894.054352,26,22,0,1981.1184224401363,84,0,0.20099
55021,532,C_region_q2,11,11,11,4633.177,140,11,1,3741.177134,11,0,0,nan,104,0,0.342708
55021,532,Cplus_completion_coobserve,11,11,11,4396.482,144,11,1,3480.481613,15,6,0,nan,104,0,0.185656
55021,532,F_coverage_integrated,11,11,11,4188.932,121,11,1,3408.932223,31,18,8,2323.1445780372646,81,0,1.225364
55021,532,G_rolling_coverage,11,11,11,4169.603,121,11,1,3390.602906,31,19,8,2323.1445780372646,81,0,1.130959
55021,532,I_ring_optimized,11,11,11,3949.603,118,11,1,3189.60346,28,16,8,2149.7844273638148,80,0,0.798521
55021,532,J_ring7_1000,11,11,11,3887.968,134,11,1,3033.967792,31,15,8,2058.596954982368,95,0,1.193832
55021,532,Jplus_final,11,11,11,3843.398,124,11,1,3049.397694,21,13,0,1926.4522331675594,92,0,0.174897
55021,533,C_region_q2,15,15,15,4899.758,140,15,1,3986.758046,12,0,0,nan,96,0,0.365745
55021,533,Cplus_completion_coobserve,15,15,15,4409.617,146,15,1,3462.616669,18,9,0,nan,96,0,0.243041
55021,533,F_coverage_integrated,15,15,15,4233.098,113,15,1,3483.097558,36,23,6,2217.9619470629855,63,0,1.840567
55021,533,G_rolling_coverage,15,15,15,4237.225,114,15,1,3482.225297,37,25,6,2217.9619470629855,63,0,1.750758
55021,533,I_ring_optimized,15,15,15,4042.624,114,15,1,3286.623944,37,25,7,2066.090773070178,63,0,1.843209
55021,533,J_ring7_1000,15,15,15,4135.064,129,15,1,3292.064104,45,30,8,2002.689226962652,69,0,1.695784
55021,533,Jplus_final,15,15,15,4011.822,115,15,1,3250.821678,31,24,0,1845.6581222533375,70,0,0.253406
55021,534,C_region_q2,11,11,11,4525.486,139,11,1,3637.486468,7,0,0,nan,108,0,0.232934
55021,534,Cplus_completion_coobserve,11,11,11,4049.353,139,11,1,3161.353095,7,3,0,nan,108,0,0.144581
55021,534,F_coverage_integrated,11,11,11,3855.275,121,11,1,3078.274986,28,17,6,2253.5503639105254,82,0,1.288901
55021,534,G_rolling_coverage,11,11,11,3855.275,121,11,1,3078.274986,28,17,6,2253.5503639105254,82,0,1.337751
55021,534,I_ring_optimized,11,11,11,3713.149,121,11,1,2936.149086,28,18,4,2091.793780074441,82,0,1.139178
55021,534,J_ring7_1000,11,11,11,3678.968,131,11,1,2840.968274,28,17,7,2139.230265683417,92,0,1.480502
55021,534,Jplus_final,11,11,11,3658.171,127,11,1,2843.171428,18,14,0,2039.4705366957169,98,0,0.142373
55021,535,C_region_q2,12,12,12,5578.328,155,12,1,4594.327897,15,0,0,nan,117,0,0.302252
55021,535,Cplus_completion_coobserve,12,12,12,4928.406,156,12,1,3936.405502,16,5,0,nan,117,0,0.13391
55021,535,F_coverage_integrated,12,12,12,4674.995,117,12,1,3916.995143,30,14,8,2322.8188973078495,75,0,2.169174
55021,535,G_rolling_coverage,12,12,12,4760.65,118,12,1,3995.649983,31,15,8,2322.8188973078495,75,0,2.141705
55021,535,I_ring_optimized,12,12,12,4711.008,117,12,1,3956.007712,30,9,8,2156.827178583638,75,0,1.010472
55021,535,J_ring7_1000,12,12,12,4185.671,143,12,1,3272.670632,36,22,8,2138.5485397610396,96,0,1.047181
55021,535,Jplus_final,12,12,12,3999.734,127,12,1,3179.734268,24,19,0,1990.9635292519963,91,0,0.163859
55021,536,C_region_q2,13,13,13,4915.223,147,13,1,3971.223486,14,0,0,nan,106,0,0.3424
55021,536,Cplus_completion_coobserve,13,13,13,4138.824,152,13,1,3167.82386,19,7,0,nan,106,0,0.410031
55021,536,F_coverage_integrated,13,13,13,4159.184,115,13,1,3409.184201,28,11,8,2289.8507686764706,74,0,0.696296
55021,536,G_rolling_coverage,13,13,13,3962.294,116,13,1,3204.293528,29,17,8,2289.8507686764706,74,0,0.616799
55021,536,I_ring_optimized,13,13,13,3716.612,118,13,1,2949.612492,31,21,6,2107.544764173801,75,0,0.949204
55021,536,J_ring7_1000,13,13,13,3719.751,125,13,1,2908.751499,29,20,5,2049.2013068942665,83,0,1.007115
55021,536,Jplus_final,13,13,13,3995.135,123,13,1,3197.134744,27,21,0,1907.0929331679522,83,0,0.169865
55021,537,C_region_q2,13,13,13,4835.732,145,13,1,3903.73236,13,0,0,nan,103,0,0.403017
55021,537,Cplus_completion_coobserve,13,13,13,4312.836,145,13,1,3380.835799,13,4,0,nan,103,0,0.265765
55021,537,F_coverage_integrated,13,13,13,4435.377,124,13,1,3631.37655,36,22,5,2289.7320204972248,76,0,1.064376
55021,537,G_rolling_coverage,13,13,13,4203.228,127,13,1,3384.2276,39,26,5,2289.7320204972248,76,0,1.073031
55021,537,I_ring_optimized,13,13,13,3769.273,122,13,1,2978.273317,35,23,8,2153.943700242035,74,0,1.213338
55021,537,J_ring7_1000,13,13,13,3927.176,130,13,1,3091.176334,33,19,8,2074.465310261621,86,0,1.058041
55021,537,Jplus_final,13,13,13,3792.12,119,13,1,3017.119528,22,17,0,1929.4612374989129,85,0,0.168183
55021,538,C_region_q2,13,13,13,4619.578,142,13,1,3704.577507,12,0,0,nan,101,0,0.265204
55021,538,Cplus_completion_coobserve,13,13,13,4095.388,146,13,1,3155.387724,16,8,0,nan,101,0,0.216585
55021,538,F_coverage_integrated,13,13,13,3912.649,122,13,1,3118.649134,34,20,8,2265.747732452618,76,0,0.857164
55021,538,G_rolling_coverage,13,13,13,3907.412,122,13,1,3115.412054,34,22,8,2265.747732452618,76,0,0.829055
55021,538,I_ring_optimized,13,13,13,3521.358,120,13,1,2740.358362,32,22,8,2147.7404757416534,76,0,1.031892
55021,538,J_ring7_1000,13,13,13,3302.2,121,13,1,2514.200397,37,27,8,1965.4445251678721,72,0,1.302156
55021,538,Jplus_final,13,13,13,3384.784,114,13,1,2637.783878,30,28,0,1852.3209738821397,71,0,0.15153
55021,539,C_region_q2,12,12,12,4648.711,149,12,1,3695.711409,10,0,0,nan,116,0,0.281796
55021,539,Cplus_completion_coobserve,12,12,12,4400.823,152,12,1,3430.822967,13,4,0,nan,116,0,0.225139
55021,539,F_coverage_integrated,12,12,12,4243.204,118,12,1,3479.204434,26,13,8,2266.6320692223485,80,0,0.644533
55021,539,G_rolling_coverage,12,12,12,4203.469,117,12,1,3445.469171,25,15,8,2266.6320692223485,80,0,0.595424
55021,539,I_ring_optimized,12,12,12,4090.326,120,12,1,3316.326242,29,17,5,2093.9020505669505,79,0,1.350394
55021,539,J_ring7_1000,12,12,12,3891.309,136,12,1,3019.308933,35,24,6,2084.4607386025223,89,0,1.837491
55021,539,Jplus_final,12,12,12,3804.14,125,12,1,2997.139965,24,18,0,1969.807690361575,89,0,0.243773
55021,540,C_region_q2,14,14,14,4685.02,138,14,1,3789.019991,10,0,0,nan,94,0,0.296178
55021,540,Cplus_completion_coobserve,14,14,14,4475.014,137,14,1,3584.013793,9,2,0,nan,94,0,0.209237
55021,540,F_coverage_integrated,14,14,14,4272.136,105,14,1,3574.135557,29,19,7,2238.5454621679,62,0,1.040286
55021,540,G_rolling_coverage,14,14,14,4273.143,106,14,1,3570.142865,30,21,7,2238.5454621679,62,0,1.040328
55021,540,I_ring_optimized,14,14,14,4693.01,110,14,1,3970.010014,36,18,8,2109.589263345744,61,0,0.812054
55021,540,J_ring7_1000,14,14,14,3910.667,123,14,1,3108.666951,42,27,7,2167.234438247569,67,0,1.826693
55021,540,Jplus_final,14,14,14,3888.529,111,14,1,3156.528823,25,19,0,1960.4648944139847,72,0,0.208649
55021,541,C_region_q2,13,13,13,5011.707,146,13,1,4071.706741,12,0,0,nan,104,0,0.344715
55021,541,Cplus_completion_coobserve,13,13,13,4078.753,151,13,1,3110.753157,17,9,0,nan,104,0,0.191622
55021,541,F_coverage_integrated,13,13,13,3659.102,125,13,1,2847.101559,31,21,6,2359.444658981943,81,0,0.916959
55021,541,G_rolling_coverage,13,13,13,3674.734,128,13,1,2847.734225,34,25,6,2359.444658981943,81,0,0.957885
55021,541,I_ring_optimized,13,13,13,3454.088,122,13,1,2661.088005,28,18,7,2298.9729354643714,81,0,0.679223
55021,541,J_ring7_1000,13,13,13,3708.243,126,13,1,2895.242842,34,19,8,2066.608641920093,79,0,0.840278
55021,541,Jplus_final,13,13,13,3648.723,123,13,1,2851.723264,31,25,0,1898.090393367798,79,0,0.153376
55021,542,C_region_q2,16,16,16,5353.103,145,16,1,4405.102893,16,0,0,nan,98,0,0.481265
55021,542,Cplus_completion_coobserve,16,16,16,4671.151,154,16,1,3673.150873,25,11,0,nan,98,0,0.400099
55021,542,F_coverage_integrated,16,16,16,4799.523,120,16,1,4002.522926,40,19,8,2137.5037311201286,65,0,1.241334
55021,542,G_rolling_coverage,16,16,16,4548.871,121,16,1,3745.870547,41,27,8,2137.5037311201286,65,0,1.160329
55021,542,I_ring_optimized,16,16,16,4806.939,126,16,1,3973.938991,46,28,8,2016.2564583121464,65,0,1.323402
55021,542,J_ring7_1000,16,16,16,4316.618,113,16,1,3565.618044,44,23,8,1544.0371200407728,57,0,0.920523
55021,542,Jplus_final,16,16,16,4253.328,110,16,1,3520.327772,41,27,0,1379.2139825880931,54,0,0.362802
55021,543,C_region_q2,16,16,16,5563.026,112,16,1,4815.026395,16,0,0,nan,65,0,0.517093
55021,543,Cplus_completion_coobserve,16,16,16,4535.334,119,16,1,3749.334305,23,8,0,nan,69,0,0.336948
55021,543,F_coverage_integrated,16,16,16,3870.952,90,16,1,3256.952246,36,17,8,1552.3975583453062,38,0,1.171631
55021,543,G_rolling_coverage,16,16,16,3863.377,91,16,1,3246.377383,37,20,8,1552.3975583453062,38,0,1.14555
55021,543,I_ring_optimized,16,16,16,4132.406,109,16,1,3403.405521,36,25,8,2001.0127676334944,57,0,1.0393
55021,543,J_ring7_1000,16,16,16,4198.201,111,16,1,3459.201051,40,23,7,1717.8076448697416,55,0,1.625594
55021,543,Jplus_final,16,16,16,4030.994,106,16,1,3319.993989,35,25,0,1551.8731499819746,55,0,0.309944
55021,544,C_region_q2,14,14,14,4693.717,122,14,1,3894.716753,9,0,0,nan,79,0,0.251465
55021,544,Cplus_completion_coobserve,14,14,14,4309.967,123,14,1,3504.967378,10,3,0,nan,79,0,0.158139
55021,544,F_coverage_integrated,14,14,14,4129.917,102,14,1,3450.916898,32,19,8,2144.531265325273,57,0,0.811015
55021,544,G_rolling_coverage,14,14,14,4118.776,101,14,1,3446.775751,31,21,8,2144.531265325273,57,0,0.776106
55021,544,I_ring_optimized,14,14,14,3879.183,104,14,1,3189.183308,34,23,8,2048.0742986979158,57,0,0.856523
55021,544,J_ring7_1000,14,14,14,4357.066,127,14,1,3533.065676,38,19,8,2145.5240010910074,76,0,0.642883
55021,544,Jplus_final,14,14,14,4254.837,120,14,1,3469.837332,31,21,0,1921.6821747751924,75,0,0.243159
55021,545,C_region_q2,11,11,11,4567.553,140,11,1,3675.552538,11,0,0,nan,108,0,0.230167
55021,545,Cplus_completion_coobserve,11,11,11,4318.614,143,11,1,3411.614034,14,3,0,nan,108,0,0.149414
55021,545,F_coverage_integrated,11,11,11,3884.867,121,11,1,3106.867268,33,17,8,2290.86842080857,78,0,1.840795
55021,545,G_rolling_coverage,11,11,11,3889.176,122,11,1,3106.176465,34,20,8,2290.86842080857,78,0,1.790387
55021,545,I_ring_optimized,11,11,11,3739.963,120,11,1,2969.962891,32,20,5,2060.6197942874105,78,0,1.903226
55021,545,J_ring7_1000,11,11,11,3802.748,136,11,1,2936.747595,29,15,7,2068.2299382670462,97,0,0.798074
55021,545,Jplus_final,11,11,11,3989.257,134,11,1,3134.256784,27,18,0,1942.3209738821397,97,0,0.192243
55021,546,C_region_q2,14,14,14,5238.981,143,14,1,4311.981044,12,0,0,nan,102,0,0.365837
55021,546,Cplus_completion_coobserve,14,14,14,4546.193,149,14,1,3586.192596,18,10,0,nan,102,0,0.22819
55021,546,F_coverage_integrated,14,14,14,3997.866,114,14,1,3244.86553,30,19,8,2270.4501775049334,71,0,0.97795
55021,546,G_rolling_coverage,14,14,14,3971.628,114,14,1,3218.627759,30,21,8,2270.4501775049334,71,0,0.912937
55021,546,I_ring_optimized,14,14,14,3785.15,116,14,1,3023.150233,32,23,8,2214.8579278442767,71,0,0.997315
55021,546,J_ring7_1000,14,14,14,3535.646,115,14,1,2779.645657,33,24,8,2026.2365820974946,69,0,1.827805
55021,546,Jplus_final,14,14,14,3563.73,110,14,1,2838.729506,28,26,0,1892.2454713635461,68,0,0.124375
55021,547,C_region_q2,13,13,13,4541.111,144,13,1,3615.111273,14,0,0,nan,104,0,0.402847
55021,547,Cplus_completion_coobserve,13,13,13,4012.514,143,13,1,3091.513765,13,7,0,nan,104,0,0.162161
55021,547,F_coverage_integrated,13,13,13,4085.453,111,13,1,3360.453066,30,17,4,2219.630440755454,68,0,1.234021
55021,547,G_rolling_coverage,13,13,13,3766.927,107,13,1,3062.92699,26,20,4,2219.630440755454,68,0,1.167834
55021,547,I_ring_optimized,13,13,13,3549.785,106,13,1,2851.784959,25,20,4,2033.0867278449293,68,0,1.41466
55021,547,J_ring7_1000,13,13,13,3871.165,131,13,1,3024.165321,37,23,8,2156.5931027711968,83,0,1.527128
55021,547,Jplus_final,13,13,13,3737.811,121,13,1,2952.81067,27,21,0,1957.7981027040832,81,0,0.151464
55021,548,C_region_q2,15,15,15,5210.304,137,15,1,4315.304339,12,0,0,nan,96,0,0.266317
55021,548,Cplus_completion_coobserve,15,15,15,4347.816,145,15,1,3406.815722,20,9,0,nan,96,0,0.25042
55021,548,F_coverage_integrated,15,15,15,4160.123,117,15,1,3385.122946,31,18,8,2275.8092574449465,72,0,0.619555
55021,548,G_rolling_coverage,15,15,15,4152.473,117,15,1,3377.47298,31,19,8,2275.8092574449465,72,0,0.636078
55021,548,I_ring_optimized,15,15,15,3950.921,115,15,1,3187.920528,35,23,8,2170.212581778645,66,0,0.780787
55021,548,J_ring7_1000,15,15,15,3975.198,120,15,1,3185.198006,39,26,8,2018.2595636649064,67,0,1.052232
55021,548,Jplus_final,15,15,15,3918.571,121,15,1,3122.570648,32,28,0,1919.7067890106227,74,0,0.171321
55021,549,C_region_q2,10,10,10,4172.128,131,10,1,3338.128174,6,0,0,nan,101,0,0.15906
55021,549,Cplus_completion_coobserve,10,10,10,3884.009,133,10,1,3038.00857,8,2,0,nan,101,0,0.081099
55021,549,F_coverage_integrated,10,10,10,3890.739,118,10,1,3138.739118,25,10,6,2219.8267010909567,83,0,0.654599
55021,549,G_rolling_coverage,10,10,10,3839.282,117,10,1,3092.28172,24,11,6,2219.8267010909567,83,0,0.599464
55021,549,I_ring_optimized,10,10,10,3511.862,116,10,1,2771.862097,23,12,5,2078.7186552186727,83,0,0.640358
55021,549,J_ring7_1000,10,10,10,3549.969,132,10,1,2710.969426,27,14,8,2101.953296227489,95,0,0.975218
55021,549,Jplus_final,10,10,10,3664.086,128,10,1,2849.086402,19,15,0,2012.5147446518813,99,0,0.143665
55021,550,C_region_q2,12,12,12,5027.952,141,12,1,4122.951965,11,0,0,nan,100,0,0.400495
55021,550,Cplus_completion_coobserve,12,12,12,4065.105,141,12,1,3160.105127,11,6,0,nan,100,0,0.202979
55021,550,F_coverage_integrated,12,12,12,3824.714,111,12,1,3099.714154,31,19,6,2165.47960280747,69,0,1.755301
55021,550,G_rolling_coverage,12,12,12,3840.226,113,12,1,3105.225678,33,22,6,2165.47960280747,69,0,1.86178
55021,550,I_ring_optimized,12,12,12,3977.737,113,12,1,3242.736864,33,20,8,2074.61733150884,69,0,1.143767
55021,550,J_ring7_1000,12,12,12,3791.173,121,12,1,3009.173309,29,14,8,2030.9167470015757,81,0,1.017793
55021,550,Jplus_final,12,12,12,3561.54,118,12,1,2799.539613,26,19,0,1913.464108440669,80,0,0.216206
55021,551,C_region_q2,12,12,12,5017.447,141,12,1,4112.44733,11,0,0,nan,104,0,0.343801
55021,551,Cplus_completion_coobserve,12,12,12,4271.433,145,12,1,3346.432588,15,5,0,nan,104,0,0.313731
55021,551,F_coverage_integrated,12,12,12,4240.793,117,12,1,3480.792503,24,12,5,2255.6443075054976,82,0,0.862365
55021,551,G_rolling_coverage,12,12,12,3992.414,116,12,1,3237.413533,23,16,5,2255.6443075054976,82,0,0.766949
55021,551,I_ring_optimized,12,12,12,3747.158,105,12,1,3060.157622,21,12,5,2075.197783551899,72,0,0.878917
55021,551,J_ring7_1000,12,12,12,3566.087,127,12,1,2748.086953,24,15,4,1989.4953322922106,91,0,1.036191
55021,551,Jplus_final,12,12,12,3529.829,124,12,1,2729.82899,21,16,0,1945.157262836296,91,0,0.202766
55021,552,C_region_q2,10,10,10,4366.164,141,10,1,3472.164341,10,0,0,nan,108,0,0.357864
55021,552,Cplus_completion_coobserve,10,10,10,3856.007,146,10,1,2933.00708,15,6,0,nan,108,0,0.216442
55021,552,F_coverage_integrated,10,10,10,3826.869,123,10,1,3045.869424,26,14,8,2312.530916073053,88,0,0.738047
55021,552,G_rolling_coverage,10,10,10,3820.372,124,10,1,3034.372445,27,16,8,2312.530916073053,88,0,0.735862
55021,552,I_ring_optimized,10,10,10,3487.83,121,10,1,2715.830103,24,16,5,2141.0133794826893,88,0,0.798391
55021,552,J_ring7_1000,10,10,10,3494.987,140,10,1,2610.986888,30,19,8,2201.3027236901744,101,0,1.480243
55021,552,Jplus_final,10,10,10,3417.694,133,10,1,2572.693859,23,19,0,1966.0167876244263,100,0,0.080795
55021,553,C_region_q2,12,12,12,4760.572,143,12,1,3845.572035,13,0,0,nan,101,0,0.373448
55021,553,Cplus_completion_coobserve,12,12,12,4044.233,143,12,1,3129.232645,13,6,0,nan,101,0,0.198106
55021,553,F_coverage_integrated,12,12,12,3926.331,106,12,1,3237.330595,28,11,8,2135.901535281456,68,0,0.839568
55021,553,G_rolling_coverage,12,12,12,3909.619,107,12,1,3215.619293,29,14,8,2135.901535281456,68,0,0.773142
55021,553,I_ring_optimized,12,12,12,3649.934,111,12,1,2931.933934,33,19,8,2032.0393672345904,68,0,0.81212
55021,553,J_ring7_1000,12,12,12,3798.972,121,12,1,3017.972444,35,19,8,2006.0652731312357,76,0,1.363401
55021,553,Jplus_final,12,12,12,3452.286,108,12,1,2747.285916,22,17,0,1858.3299944538069,74,0,0.149
55021,554,C_region_q2,16,16,16,5035.246,118,16,1,4254.245597,21,0,0,nan,66,0,0.439556
55021,554,Cplus_completion_coobserve,16,16,16,4125.561,128,16,1,3282.560825,31,19,0,nan,66,0,0.298369
55021,554,F_coverage_integrated,16,16,16,3927.585,108,16,1,3206.585499,45,27,8,1926.5138410994384,49,0,1.147194
55021,554,G_rolling_coverage,16,16,16,3958.92,112,16,1,3213.919837,49,32,8,1926.5138410994384,49,0,1.134837
55021,554,I_ring_optimized,16,16,16,3923.977,105,16,1,3221.977021,42,28,8,1983.8278575396532,49,0,0.951746
55021,554,J_ring7_1000,16,16,16,4195.523,119,16,1,3412.523422,52,36,8,1952.2233890773202,54,0,0.889257
55021,554,Jplus_final,16,16,16,3809.678,101,16,1,3133.678457,47,35,0,1301.213982588093,38,0,0.386307
55021,555,C_region_q2,14,14,14,5140.054,145,14,1,4202.053675,12,0,0,nan,102,0,0.408465
55021,555,Cplus_completion_coobserve,14,14,14,4680.033,147,14,1,3730.033464,14,6,0,nan,102,0,0.215187
55021,555,F_coverage_integrated,14,14,14,4324.912,121,14,1,3532.911583,34,23,8,2343.08632302394,74,0,1.222408
55021,555,G_rolling_coverage,14,14,14,4319.105,121,14,1,3527.104834,34,24,8,2343.08632302394,74,0,1.127277
55021,555,I_ring_optimized,14,14,14,4138.611,118,14,1,3364.610961,31,23,6,2135.0248298235797,73,0,1.457452
55021,555,J_ring7_1000,14,14,14,3946.882,132,14,1,3088.881698,37,23,8,2060.944571083066,81,0,1.277974
55021,555,Jplus_final,14,14,14,3933.935,117,14,1,3165.935211,24,20,0,1893.3956529094546,79,0,0.17609
55021,556,C_region_q2,16,16,16,5187.366,113,16,1,4435.366336,20,0,0,nan,63,0,0.484955
55021,556,Cplus_completion_coobserve,16,16,16,4056.308,119,16,1,3269.308186,26,10,0,nan,63,0,0.372259
55021,556,F_coverage_integrated,16,16,16,3900.131,93,16,1,3268.131387,37,20,4,1447.2799274368117,40,0,0.850478
55021,556,G_rolling_coverage,16,16,16,3984.15,98,16,1,3327.150312,42,24,4,1447.2799274368117,40,0,0.937148
55021,556,I_ring_optimized,16,16,16,3906.871,105,16,1,3207.870652,49,29,7,1439.524901469027,40,0,1.290595
55021,556,J_ring7_1000,16,16,16,3977.129,112,16,1,3227.129303,43,30,8,2075.609147990857,53,0,1.463163
55021,556,Jplus_final,16,16,16,3660.232,101,16,1,2981.232266,38,31,0,1403.641125305075,47,0,0.242065
55021,557,C_region_q2,15,15,15,5196.914,145,15,1,4252.914045,12,0,0,nan,98,0,0.460543
55021,557,Cplus_completion_coobserve,15,15,15,4706.543,149,15,1,3739.542941,16,7,0,nan,98,0,0.368736
55021,557,F_coverage_integrated,15,15,15,4710.863,106,15,1,4005.862798,35,17,6,2148.133385587606,56,0,2.094351
55021,557,G_rolling_coverage,15,15,15,4582.955,106,15,1,3878.955302,35,20,6,2148.133385587606,56,0,2.010066
55021,557,I_ring_optimized,15,15,15,4440.417,107,15,1,3730.41683,36,21,6,1991.5217225282083,56,0,1.798071
55021,557,J_ring7_1000,15,15,15,4308.85,119,15,1,3521.849739,43,32,8,2094.277799275405,61,0,1.441534
55021,557,Jplus_final,15,15,15,4235.484,119,15,1,3450.483837,35,25,0,1852.3209738821395,69,0,0.349115
55021,558,C_region_q2,16,16,16,4691.809,120,16,1,3894.809278,15,0,0,nan,68,0,0.535548
55021,558,Cplus_completion_coobserve,16,16,16,3942.549,122,16,1,3132.549298,17,10,0,nan,68,0,0.295866
55021,558,F_coverage_integrated,16,16,16,4300.646,94,16,1,3660.6462,35,19,8,2023.4111659109635,43,0,0.842137
55021,558,G_rolling_coverage,16,16,16,3832.559,95,16,1,3190.558713,36,23,8,2023.4111659109635,43,0,0.771295
55021,558,I_ring_optimized,16,16,16,4015.502,95,16,1,3369.501576,36,23,8,1740.5985611516405,43,0,0.853075
55021,558,J_ring7_1000,16,16,16,3878.422,96,16,1,3226.422385,34,23,8,1756.5847831900276,46,0,1.019024
55021,558,Jplus_final,16,16,16,4027.464,112,16,1,3281.464306,40,32,0,1892.7148479170542,56,0,0.319921
55021,559,C_region_q2,11,11,11,4079.063,142,11,1,3173.062995,9,0,0,nan,111,0,0.194189
55021,559,Cplus_completion_coobserve,11,11,11,3778.533,149,11,1,2835.532957,16,7,0,nan,111,0,0.169446
55021,559,F_coverage_integrated,11,11,11,4090.677,138,11,1,3211.676748,26,11,8,2301.598109652815,101,0,0.387398
55021,559,G_rolling_coverage,11,11,11,3898.203,140,11,1,3010.202524,28,14,8,2301.598109652815,101,0,0.418847
55021,559,I_ring_optimized,11,11,11,3904.905,142,11,1,3002.905014,30,17,7,2219.4989997157354,101,0,0.487583
55021,559,J_ring7_1000,11,11,11,3838.617,154,11,1,2861.617385,29,21,4,2110.944246697546,114,0,0.505502
55021,559,Jplus_final,11,11,11,3590.082,150,11,1,2637.081782,25,21,0,2044.3209738821397,114,0,0.129053
55021,560,C_region_q2,16,16,16,5153.614,138,16,1,4246.613917,12,0,0,nan,87,0,0.438186
55021,560,Cplus_completion_coobserve,16,16,16,4559.445,140,16,1,3642.444641,14,4,0,nan,87,0,0.276292
55021,560,F_coverage_integrated,16,16,16,4637.08,105,16,1,3936.080163,43,25,8,1833.9527024848626,46,0,1.100355
55021,560,G_rolling_coverage,16,16,16,3977.756,102,16,1,3289.755833,40,29,8,1833.9527024848626,46,0,0.988147
55021,560,I_ring_optimized,16,16,16,4045.029,107,16,1,3325.028751,45,30,8,1848.6087892820299,46,0,1.352956
55021,560,J_ring7_1000,16,16,16,3899.424,100,16,1,3227.423902,36,18,8,1571.1777349638478,49,0,0.920318
55021,560,Jplus_final,16,16,16,3886.793,99,16,1,3215.792716,35,25,0,1359.0490476971277,48,0,0.305225
55021,561,C_region_q2,11,11,11,4317.746,130,11,1,3483.745932,8,0,0,nan,94,0,0.22796
55021,561,Cplus_completion_coobserve,11,11,11,4045.983,132,11,1,3199.983175,10,3,0,nan,94,0,0.169261
55021,561,F_coverage_integrated,11,11,11,3704.945,109,11,1,2998.945224,27,17,6,2185.3420674122585,71,0,1.085573
55021,561,G_rolling_coverage,11,11,11,3704.945,109,11,1,2998.945224,27,17,6,2185.3420674122585,71,0,1.027374
55021,561,I_ring_optimized,11,11,11,3546.315,106,11,1,2859.31519,24,15,4,2013.7348090236453,71,0,0.596566
55021,561,J_ring7_1000,11,11,11,3756.06,124,11,1,2963.060494,28,14,8,2003.8272495433746,85,0,0.583491
55021,561,Jplus_final,11,11,11,3687.792,116,11,1,2939.792391,20,15,0,1948.7823712045204,85,0,0.181009
55021,562,C_region_q2,15,15,15,4691.793,121,15,1,3891.792629,11,0,0,nan,72,0,0.417435
55021,562,Cplus_completion_coobserve,15,15,15,4135.663,127,15,1,3301.662866,17,8,0,nan,72,0,0.294283
55021,562,F_coverage_integrated,15,15,15,4612.695,109,15,1,3886.695104,41,25,8,2173.8657702069695,53,0,1.240109
55021,562,G_rolling_coverage,15,15,15,4419.892,110,15,1,3688.89179,42,29,8,2173.8657702069695,54,0,1.235223
55021,562,I_ring_optimized,15,15,15,4235.115,107,15,1,3523.114861,39,28,8,2014.8114269071884,53,0,1.08001
55021,562,J_ring7_1000,15,15,15,3857.704,114,15,1,3104.704249,39,25,8,1973.582728739422,61,0,0.940885
55021,562,Jplus_final,15,15,15,3818.827,103,15,1,3127.826658,33,29,0,1916.833558100426,55,0,0.227587
55021,563,C_region_q2,15,15,15,5409.983,136,15,1,4522.982833,14,0,0,nan,85,0,0.443878
55021,563,Cplus_completion_coobserve,15,15,15,5033.084,140,15,1,4122.083522,18,8,0,nan,85,0,0.280118
55021,563,F_coverage_integrated,15,15,15,4877.24,106,15,1,4173.239838,41,21,8,2248.8281094812164,51,0,1.021334
55021,563,G_rolling_coverage,15,15,15,4801.77,107,15,1,4089.769813,42,24,8,2248.8281094812164,51,0,1.03119
55021,563,I_ring_optimized,15,15,15,4441.574,106,15,1,3735.574416,41,25,8,2059.3848022193,51,0,0.813018
55021,563,J_ring7_1000,15,15,15,4064.393,119,15,1,3281.393045,42,28,8,2030.6447783111837,63,0,1.530802
55021,563,Jplus_final,15,15,15,4006.818,109,15,1,3280.817574,32,27,0,1902.4429329530255,62,0,0.217267
55021,564,C_region_q2,15,15,15,4858.355,138,15,1,3956.354898,13,0,0,nan,90,0,0.469143
55021,564,Cplus_completion_coobserve,15,15,15,4530.82,143,15,1,3601.820436,18,9,0,nan,90,0,0.240492
55021,564,F_coverage_integrated,15,15,15,4705.772,121,15,1,3909.772267,40,23,8,2202.6768253002965,66,0,0.882437
55021,564,G_rolling_coverage,15,15,15,4420.154,120,15,1,3627.153962,39,28,8,2202.6768253002965,66,0,0.715574
55021,564,I_ring_optimized,15,15,15,4222.261,118,15,1,3441.260587,37,26,8,2116.9555967322926,66,0,1.104187
55021,564,J_ring7_1000,15,15,15,3931.774,119,15,1,3144.77425,36,26,8,2032.3720663727008,69,0,0.658117
55021,564,Jplus_final,15,15,15,4177.902,109,15,1,3449.901968,26,24,0,1871.219816687516,68,0,0.177312
55021,565,C_region_q2,10,10,10,4154.987,135,10,1,3296.986521,10,0,0,nan,100,0,0.35889
55021,565,Cplus_completion_coobserve,10,10,10,3880.532,139,10,1,3002.532187,14,5,0,nan,100,0,0.196007
55021,565,F_coverage_integrated,10,10,10,3711.643,119,10,1,2949.643196,23,11,8,2258.7006549590933,87,0,0.368764
55021,565,G_rolling_coverage,10,10,10,3700.406,119,10,1,2938.406041,23,12,8,2258.7006549590933,87,0,0.317705
55021,565,I_ring_optimized,10,10,10,3652.407,121,10,1,2878.407176,25,14,8,2199.44556363023,87,0,0.396419
55021,565,J_ring7_1000,10,10,10,3531.229,133,10,1,2687.228967,28,17,8,2114.6068417902547,96,0,0.613207
55021,565,Jplus_final,10,10,10,3464.962,125,10,1,2668.962165,20,15,0,2011.5121251862504,95,0,0.151952
55021,566,C_region_q2,11,11,11,5155.111,143,11,1,4245.110594,10,0,0,nan,109,0,0.276049
55021,566,Cplus_completion_coobserve,11,11,11,4564.308,148,11,1,3623.307705,15,6,0,nan,109,0,0.214295
55021,566,F_coverage_integrated,11,11,11,3832.511,115,11,1,3090.511405,20,9,7,2369.604717656184,84,0,0.843713
55021,566,G_rolling_coverage,11,11,11,3816.176,114,11,1,3079.175525,19,9,7,2369.604717656184,84,0,0.816159
55021,566,I_ring_optimized,11,11,11,4189.52,119,11,1,3425.52039,24,11,8,2135.104051039028,84,0,0.73054
55021,566,J_ring7_1000,11,11,11,3863.77,126,11,1,3055.770137,22,15,4,2059.8808335807466,93,0,1.014292
55021,566,Jplus_final,11,11,11,3773.734,124,11,1,2978.734451,20,17,0,1942.3209738821397,93,0,0.136464
55021,567,C_region_q2,16,16,16,5021.574,127,16,1,4182.573768,15,0,0,nan,77,0,0.50627
55021,567,Cplus_completion_coobserve,16,16,16,4227.622,136,16,1,3335.621897,24,14,0,nan,77,0,0.28159
55021,567,F_coverage_integrated,16,16,16,4224.445,105,16,1,3517.445171,43,25,8,1988.6024567857799,47,0,0.967384
55021,567,G_rolling_coverage,16,16,16,4192.483,109,16,1,3464.483406,47,29,8,1988.6024567857799,47,0,1.005567
55021,567,I_ring_optimized,16,16,16,4098.946,103,16,1,3404.946336,41,26,8,1915.341822427187,47,0,0.999805
55021,567,J_ring7_1000,16,16,16,3979.97,120,16,1,3182.97024,51,36,8,1976.7283691742894,54,0,2.08158
55021,567,Jplus_final,16,16,16,3778.866,103,16,1,3086.86623,34,29,0,1738.6763602282247,53,0,0.237358
55021,568,C_region_q2,16,16,16,5210.748,129,16,1,4360.748125,16,0,0,nan,80,0,0.517225
55021,568,Cplus_completion_coobserve,16,16,16,4852.277,140,16,1,3937.277028,27,12,0,nan,80,0,0.386467
55021,568,F_coverage_integrated,16,16,16,4779.595,111,16,1,4039.595299,41,25,6,2162.507299342042,54,0,1.881601
55021,568,G_rolling_coverage,16,16,16,4759.782,112,16,1,4013.781607,42,28,6,2162.507299342042,54,0,1.777939
55021,568,I_ring_optimized,16,16,16,4709.499,112,16,1,3959.499187,42,27,8,2165.245773342981,55,0,1.157969
55021,568,J_ring7_1000,16,16,16,4233.067,111,16,1,3495.067304,40,25,8,2047.292046519857,55,0,1.365588
55021,568,Jplus_final,16,16,16,3865.604,93,16,1,3231.604022,25,20,0,1811.5580326230083,52,0,0.181528
55021,569,C_region_q2,15,15,15,5193.564,139,15,1,4287.563979,12,0,0,nan,89,0,0.426757
55021,569,Cplus_completion_coobserve,15,15,15,4300.182,147,15,1,3346.182299,20,12,0,nan,89,0,0.268428
55021,569,F_coverage_integrated,15,15,15,4040.921,112,15,1,3296.921217,41,27,8,2193.256021894617,58,0,0.927797
55021,569,G_rolling_coverage,15,15,15,4068.381,116,15,1,3301.380938,45,30,8,2193.256021894617,58,0,0.932633
55021,569,I_ring_optimized,15,15,15,4033.658,115,15,1,3273.658318,44,28,8,2052.155044930772,58,0,1.121502
55021,569,J_ring7_1000,15,15,15,3670.416,110,15,1,2938.416288,41,30,8,2048.4330569457843,54,0,0.986396
55021,569,Jplus_final,15,15,15,3505.694,101,15,1,2828.694425,32,30,0,1854.9705877411016,54,0,0.077403
55021,570,C_region_q2,12,12,12,4837.138,146,12,1,3903.138353,11,0,0,nan,108,0,0.250793
55021,570,Cplus_completion_coobserve,12,12,12,4316.771,150,12,1,3359.771051,15,7,0,nan,108,0,0.20734
55021,570,F_coverage_integrated,12,12,12,3968.202,120,12,1,3192.20201,29,16,8,2326.3031778192276,80,0,1.0177
55021,570,G_rolling_coverage,12,12,12,3964.054,121,12,1,3183.054177,30,18,8,2326.3031778192276,80,0,1.007611
55021,570,I_ring_optimized,12,12,12,4088.974,123,12,1,3297.973705,32,18,6,2164.2917939099525,80,0,1.003003
55021,570,J_ring7_1000,12,12,12,3940.779,144,12,1,3021.779026,34,23,5,2090.5356669842477,98,0,1.355047
55021,570,Jplus_final,12,12,12,3759.122,132,12,1,2910.122158,22,19,0,2023.968108767674,98,0,0.158889
55021,571,C_region_q2,16,16,16,5026.858,115,16,1,4260.857575,17,0,0,nan,68,0,0.463178
55021,571,Cplus_completion_coobserve,16,16,16,4287.078,120,16,1,3489.078159,22,12,0,nan,68,0,0.30181
55021,571,F_coverage_integrated,16,16,16,4025.142,104,16,1,3331.141977,44,21,8,1620.5836125286687,44,0,0.943372
55021,571,G_rolling_coverage,16,16,16,3985.269,104,16,1,3291.269065,44,25,8,1620.5836125286687,44,0,0.822678
55021,571,I_ring_optimized,16,16,16,3870.484,103,16,1,3180.484445,43,23,8,1581.9017428173968,44,0,0.735759
55021,571,J_ring7_1000,16,16,16,3763.374,107,16,1,3046.374428,43,27,8,1564.5094401160354,49,0,1.565112
55021,571,Jplus_final,16,16,16,3636.847,93,16,1,3004.847139,29,21,0,1431.1670206404776,48,0,0.250679
55021,572,C_region_q2,16,16,16,5369.711,143,16,1,4432.710653,15,0,0,nan,93,0,0.530046
55021,572,Cplus_completion_coobserve,16,16,16,4558.628,149,16,1,3587.628138,21,10,0,nan,93,0,0.472224
55021,572,F_coverage_integrated,16,16,16,4166.969,104,16,1,3466.969292,34,18,8,1909.344039554089,55,0,0.960245
55021,572,G_rolling_coverage,16,16,16,4157.492,103,16,1,3462.491796,33,19,8,1909.344039554089,55,0,0.968086
55021,572,I_ring_optimized,16,16,16,4059.419,106,16,1,3347.418878,36,23,8,1823.8451026498744,55,0,0.765968
55021,572,J_ring7_1000,16,16,16,4237.202,117,16,1,3461.201938,40,26,8,1996.418294035698,62,0,1.158049
55021,572,Jplus_final,16,16,16,4078.711,110,16,1,3343.710699,33,28,0,1716.3410827720954,61,0,0.163776
55021,573,C_region_q2,16,16,16,5043.963,126,16,1,4209.963136,14,0,0,nan,81,0,0.347216
55021,573,Cplus_completion_coobserve,16,16,16,4008.217,134,16,1,3130.217162,22,11,0,nan,81,0,0.361621
55021,573,F_coverage_integrated,16,16,16,4393.309,107,16,1,3675.30869,36,21,8,2176.6413324058453,55,0,1.163407
55021,573,G_rolling_coverage,16,16,16,4382.192,106,16,1,3669.192064,35,23,8,2176.6413324058453,55,0,1.11037
55021,573,I_ring_optimized,16,16,16,4163.31,112,16,1,3416.310174,41,27,8,2088.598478752068,55,0,1.878932
55021,573,J_ring7_1000,16,16,16,4022.94,114,16,1,3263.940408,44,29,8,1875.1091359425784,55,0,1.328418
55021,573,Jplus_final,16,16,16,3971.765,112,16,1,3226.76544,42,33,0,1774.2620881301743,54,0,0.305858
55021,574,C_region_q2,16,16,16,5715.935,132,16,1,4848.934778,17,0,0,nan,84,0,0.538261
55021,574,Cplus_completion_coobserve,16,16,16,4414.305,141,16,1,3493.304945,26,11,0,nan,85,0,0.340842
55021,574,F_coverage_integrated,16,16,16,4108.323,107,16,1,3395.322892,37,15,8,1920.8600706927436,55,0,0.683568
55021,574,G_rolling_coverage,16,16,16,3802.457,107,16,1,3088.45729,37,20,8,1920.8600706927436,55,0,0.55211
55021,574,I_ring_optimized,16,16,16,4404.09,113,16,1,3657.090084,43,20,8,1786.788409326522,56,0,0.558765
55021,574,J_ring7_1000,16,16,16,3861.015,117,16,1,3086.014957,42,31,8,1811.3250760740034,59,0,0.724035
55021,574,Jplus_final,16,16,16,3817.082,103,16,1,3128.081805,37,28,0,1367.213982588093,50,0,0.311334
55021,575,C_region_q2,10,10,10,4604.281,136,10,1,3741.281093,9,0,0,nan,106,0,0.223234
55021,575,Cplus_completion_coobserve,10,10,10,3963.554,136,10,1,3100.553712,9,2,0,nan,106,0,0.13405
55021,575,F_coverage_integrated,10,10,10,3748.997,119,10,1,2989.996523,25,11,7,2227.454168860186,88,0,0.845064
55021,575,G_rolling_coverage,10,10,10,3746.34,119,10,1,2987.340495,25,12,7,2227.454168860186,88,0,0.772562
55021,575,I_ring_optimized,10,10,10,3811.178,120,10,1,3047.178136,26,12,7,2088.440083364585,84,0,1.127772
55021,575,J_ring7_1000,10,10,10,3866.027,130,10,1,3041.027418,26,12,6,2030.3004097786663,96,0,1.27299
55021,575,Jplus_final,10,10,10,3801.01,126,10,1,2999.01046,22,16,0,1980.1007824765259,95,0,0.104967
55021,576,C_region_q2,14,14,14,4757.457,140,14,1,3848.457433,12,0,0,nan,96,0,0.414013
55021,576,Cplus_completion_coobserve,14,14,14,4419.581,141,14,1,3505.580845,13,5,0,nan,96,0,0.235257
55021,576,F_coverage_integrated,14,14,14,4273.162,111,14,1,3540.162202,33,19,8,2296.698009290488,64,0,1.405096
55021,576,G_rolling_coverage,14,14,14,4273.162,111,14,1,3540.162202,33,19,8,2296.698009290488,64,0,1.564942
55021,576,I_ring_optimized,14,14,14,4116.534,107,14,1,3408.534363,29,17,5,2166.2385351675243,64,0,1.58048
55021,576,J_ring7_1000,14,14,14,3921.306,120,14,1,3137.305744,35,21,8,2135.0794018016845,71,0,1.690774
55021,576,Jplus_final,14,14,14,3956.746,111,14,1,3225.745728,26,21,0,1901.162811846542,71,0,0.233239
55021,577,C_region_q2,14,14,14,5527.924,140,14,1,4620.923926,12,0,0,nan,97,0,0.323174
55021,577,Cplus_completion_coobserve,14,14,14,4942.442,148,14,1,3987.441507,20,9,0,nan,97,0,0.260444
55021,577,F_coverage_integrated,14,14,14,4350.205,107,14,1,3642.204766,32,17,8,2207.164683976929,62,0,0.61207
55021,577,G_rolling_coverage,14,14,14,4350.501,107,14,1,3642.501489,32,18,8,2207.164683976929,62,0,0.575292
55021,577,I_ring_optimized,14,14,14,4210.202,110,14,1,3484.201803,35,23,8,2040.627427951912,62,0,1.084704
55021,577,J_ring7_1000,14,14,14,4270.116,132,14,1,3409.115957,39,27,8,2114.0937780657982,79,0,1.385352
55021,577,Jplus_final,14,14,14,4281.471,121,14,1,3488.471168,28,22,0,1951.806335567363,79,0,0.186587
55021,578,C_region_q2,12,12,12,5405.966,149,12,1,4455.965858,14,0,0,nan,112,0,0.247166
55021,578,Cplus_completion_coobserve,12,12,12,4910.804,153,12,1,3935.804496,18,7,0,nan,112,0,0.234569
55021,578,F_coverage_integrated,12,12,12,4110.715,125,12,1,3305.714973,32,18,7,2329.8162552046347,81,0,1.372242
55021,578,G_rolling_coverage,12,12,12,4129.832,128,12,1,3305.832099,35,22,7,2329.8162552046347,81,0,1.363817
55021,578,I_ring_optimized,12,12,12,3976.212,121,12,1,3195.211557,28,14,7,2142.8166744466675,81,0,0.899715
55021,578,J_ring7_1000,12,12,12,3959.609,145,12,1,3034.609222,37,25,8,2166.0222819236765,96,0,0.925534
55021,578,Jplus_final,12,12,12,3852.903,137,12,1,2974.902666,29,26,0,1999.698927105509,96,0,0.133867
55021,579,C_region_q2,13,13,13,5197.955,147,13,1,4253.955177,14,0,0,nan,110,0,0.350753
55021,579,Cplus_completion_coobserve,13,13,13,4481.784,152,13,1,3508.783995,19,9,0,nan,110,0,0.343204
55021,579,F_coverage_integrated,13,13,13,4434.161,135,13,1,3562.160571,32,17,7,2320.0069492414627,90,0,0.756583
55021,579,G_rolling_coverage,13,13,13,4281.616,134,13,1,3417.616264,31,18,7,2320.0069492414627,90,0,0.707075
55021,579,I_ring_optimized,13,13,13,4123.903,131,13,1,3278.903389,28,16,4,2134.3524618789343,90,0,0.823378
55021,579,J_ring7_1000,13,13,13,3900.809,146,13,1,2960.809381,34,23,5,2167.146554443673,99,0,1.304595
55021,579,Jplus_final,13,13,13,4195.502,143,13,1,3274.50183,31,25,0,1996.3209738821397,99,0,0.247629
55021,580,C_region_q2,12,12,12,4742.59,139,12,1,3850.58965,10,0,0,nan,102,0,0.264897
55021,580,Cplus_completion_coobserve,12,12,12,4259.109,142,12,1,3349.109339,13,4,0,nan,102,0,0.224485
55021,580,F_coverage_integrated,12,12,12,4229.293,117,12,1,3473.293457,30,13,8,2226.2011440426722,75,0,0.846166
55021,580,G_rolling_coverage,12,12,12,4227.74,119,12,1,3462.740181,32,17,8,2226.2011440426722,75,0,0.827754
55021,580,I_ring_optimized,12,12,12,4731.401,127,12,1,3916.401329,33,14,8,2169.780444763596,82,0,0.892768
55021,580,J_ring7_1000,12,12,12,3845.037,127,12,1,3028.036669,29,17,6,2097.603286150077,86,0,0.925757
55021,580,Jplus_final,12,12,12,3790.216,124,12,1,2993.216194,26,18,0,1951.301072810866,86,0,0.208123
55021,581,C_region_q2,15,15,15,5255.366,135,15,1,4373.366218,13,0,0,nan,87,0,0.328217
55021,581,Cplus_completion_coobserve,15,15,15,5102.05,141,15,1,4184.049834,19,8,0,nan,87,0,0.290251
55021,581,F_coverage_integrated,15,15,15,4554.527,105,15,1,3856.526676,34,15,8,2136.5963705168174,56,0,0.944584
55021,581,G_rolling_coverage,15,15,15,4545.989,107,15,1,3835.989195,36,19,8,2136.5963705168174,56,0,0.978437
55021,581,I_ring_optimized,15,15,15,4636.723,104,15,1,3939.723237,33,18,8,2011.4589224457632,56,0,0.747767
55021,581,J_ring7_1000,15,15,15,4622.394,109,15,1,3900.393532,32,14,8,2013.3901710334335,62,0,1.059156
55021,581,Jplus_final,15,15,15,4286.651,103,15,1,3599.651425,27,18,0,1937.786089135281,61,0,0.207144
55021,582,C_region_q2,14,14,14,5068.252,133,14,1,4202.251842,12,0,0,nan,86,0,0.327408
55021,582,Cplus_completion_coobserve,14,14,14,4497.669,135,14,1,3621.669464,14,6,0,nan,86,0,0.131151
55021,582,F_coverage_integrated,14,14,14,3706.569,103,14,1,3021.568697,34,20,8,2338.54733762975,55,0,1.108899
55021,582,G_rolling_coverage,14,14,14,3691.535,103,14,1,3006.535389,34,21,8,2338.54733762975,55,0,1.063798
55021,582,I_ring_optimized,14,14,14,3563.517,104,14,1,2872.517351,35,23,8,2216.1598885053263,55,0,1.076371
55021,582,J_ring7_1000,14,14,14,3590.337,114,14,1,2838.3368,39,26,8,2055.9953565580754,61,0,1.358891
55021,582,Jplus_final,14,14,14,3384.734,102,14,1,2707.733628,27,22,0,1879.3529770439013,61,0,0.205972
55021,583,C_region_q2,12,12,12,4716.298,144,12,1,3793.29806,11,0,0,nan,105,0,0.365421
55021,583,Cplus_completion_coobserve,12,12,12,4007.53,148,12,1,3060.529756,15,9,0,nan,105,0,0.208961
55021,583,F_coverage_integrated,12,12,12,3798.319,116,12,1,3045.319356,31,16,8,2256.3694097002085,73,0,1.293925
55021,583,G_rolling_coverage,12,12,12,3796.464,117,12,1,3039.464012,32,18,8,2256.3694097002085,73,0,1.105292
55021,583,I_ring_optimized,12,12,12,3730.199,109,12,1,3017.199069,24,14,8,2137.966187873386,73,0,0.884337
55021,583,J_ring7_1000,12,12,12,3637.578,141,12,1,2736.578422,39,25,8,2115.5462614949206,91,0,1.398698
55021,583,Jplus_final,12,12,12,3685.134,130,12,1,2847.13416,27,25,0,1978.4961062274085,91,0,0.118087
55021,584,C_region_q2,12,12,12,4438.129,137,12,1,3557.128978,8,0,0,nan,100,0,0.222046
55021,584,Cplus_completion_coobserve,12,12,12,4234.982,141,12,1,3332.98225,12,6,0,nan,101,0,0.156801
55021,584,F_coverage_integrated,12,12,12,4083.648,112,12,1,3358.647842,30,15,7,2248.597578423015,70,0,1.024053
55021,584,G_rolling_coverage,12,12,12,4076.6,112,12,1,3351.599711,30,17,7,2248.597578423015,70,0,1.042996
55021,584,I_ring_optimized,12,12,12,4214.381,114,12,1,3476.380782,32,17,7,2117.313224181128,70,0,0.853862
55021,584,J_ring7_1000,12,12,12,3864.718,126,12,1,3057.71848,32,18,8,2082.4682644752575,83,0,0.627846
55021,584,Jplus_final,12,12,12,3822.161,121,12,1,3044.161355,27,20,0,1894.3209738821395,82,0,0.231013
55021,585,C_region_q2,14,14,14,4600.685,142,14,1,3680.684567,11,0,0,nan,98,0,0.364704
55021,585,Cplus_completion_coobserve,14,14,14,4331.315,145,14,1,3395.314798,14,6,0,nan,98,0,0.264391
55021,585,F_coverage_integrated,14,14,14,4381.072,114,14,1,3632.07165,35,20,8,2363.352206262826,65,0,1.563393
55021,585,G_rolling_coverage,14,14,14,4393.697,116,14,1,3634.696773,37,23,8,2363.352206262826,65,0,1.444284
55021,585,I_ring_optimized,14,14,14,4106.141,112,14,1,3372.140563,33,20,6,2095.5173355722245,65,0,1.515762
55021,585,J_ring7_1000,14,14,14,4144.039,130,14,1,3300.039258,43,28,8,2065.9081966145295,73,0,1.148699
55021,585,Jplus_final,14,14,14,4224.351,118,14,1,3448.350828,31,25,0,1870.3209738821395,73,0,0.195206
55021,586,C_region_q2,13,13,13,5720.842,148,13,1,4771.841601,13,0,0,nan,109,0,0.244931
55021,586,Cplus_completion_coobserve,13,13,13,4827.435,150,13,1,3867.434931,15,6,0,nan,109,0,0.212193
55021,586,F_coverage_integrated,13,13,13,4347.783,121,13,1,3562.782535,30,14,8,2318.9371694419387,80,0,1.514588
55021,586,G_rolling_coverage,13,13,13,4294.389,121,13,1,3509.388614,30,14,8,2318.9371694419387,80,0,1.494884
55021,586,I_ring_optimized,13,13,13,3869.417,123,13,1,3069.41682,32,20,8,2261.294865915982,80,0,1.49666
55021,586,J_ring7_1000,13,13,13,3861.014,127,13,1,3038.014486,35,22,8,2082.7219857286823,81,0,1.410854
55021,586,Jplus_final,13,13,13,3951.061,123,13,1,3155.060581,31,25,0,1894.3209738821395,79,0,0.241612
55021,587,C_region_q2,11,11,11,4515.243,140,11,1,3623.242582,12,0,0,nan,103,0,0.414798
55021,587,Cplus_completion_coobserve,11,11,11,3824.268,142,11,1,2919.268208,14,8,0,nan,103,0,0.235651
55021,587,F_coverage_integrated,11,11,11,3962.671,136,11,1,3097.671123,38,25,6,2350.644638423949,87,0,1.153204
55021,587,G_rolling_coverage,11,11,11,3706.827,134,11,1,2851.827435,36,28,6,2350.644638423949,87,0,1.03261
55021,587,I_ring_optimized,11,11,11,3600.082,130,11,1,2771.082329,32,23,7,2254.7507971519394,87,0,0.720759
55021,587,J_ring7_1000,11,11,11,3537.824,137,11,1,2663.823621,29,17,8,2165.03231633228,98,0,0.495243
55021,587,Jplus_final,11,11,11,3613.674,132,11,1,2769.673932,24,20,0,1988.1390671221927,97,0,0.126225
55021,588,C_region_q2,15,15,15,5550.227,146,15,1,4604.227331,17,0,0,nan,93,0,0.463287
55021,588,Cplus_completion_coobserve,15,15,15,4913.066,154,15,1,3919.065622,25,11,0,nan,93,0,0.30654
55021,588,F_coverage_integrated,15,15,15,4202.944,106,15,1,3496.944292,38,19,8,2190.074239957956,54,0,0.616062
55021,588,G_rolling_coverage,15,15,15,4236.881,110,15,1,3508.881283,42,24,8,2190.074239957956,54,0,0.652561
55021,588,I_ring_optimized,15,15,15,4018.944,105,15,1,3319.943948,37,21,8,2034.533502564076,54,0,0.584481
55021,588,J_ring7_1000,15,15,15,3953.59,111,15,1,3217.589885,35,19,8,1945.6061937748889,62,0,0.784252
55021,588,Jplus_final,15,15,15,3855.944,107,15,1,3145.944039,31,25,0,1831.0199635241938,61,0,0.259449
55021,589,C_region_q2,14,14,14,4866.062,137,14,1,3975.061793,12,0,0,nan,92,0,0.334214
55021,589,Cplus_completion_coobserve,14,14,14,4388.316,142,14,1,3470.315569,17,8,0,nan,92,0,0.215597
55021,589,F_coverage_integrated,14,14,14,4770.809,122,14,1,3972.808961,42,24,8,2258.470435794489,68,0,0.872426
55021,589,G_rolling_coverage,14,14,14,4346.588,118,14,1,3570.587515,38,26,8,2258.470435794489,68,0,0.792695
55021,589,I_ring_optimized,14,14,14,4206.168,121,14,1,3417.167704,40,27,8,2189.595606456036,68,0,0.916137
55021,589,J_ring7_1000,14,14,14,3824.434,127,14,1,2994.433902,39,26,8,2219.883158381181,76,0,1.271043
55021,589,Jplus_final,14,14,14,3872.259,109,14,1,3152.258552,30,24,0,1894.1974105588888,65,0,0.220306
55021,590,C_region_q2,16,16,16,4706.812,116,16,1,3935.811633,19,0,0,nan,68,0,0.521541
55021,590,Cplus_completion_coobserve,16,16,16,4198.248,127,16,1,3362.248486,30,17,0,nan,69,0,0.271169
55021,590,F_coverage_integrated,16,16,16,4001.225,97,16,1,3347.224905,45,28,6,1552.8160374339432,36,0,1.049179
55021,590,G_rolling_coverage,16,16,16,3649.728,95,16,1,3006.727603,43,32,6,1552.8160374339432,36,0,0.986767
55021,590,I_ring_optimized,16,16,16,3580.023,94,16,1,2944.022618,42,32,4,1435.661853183511,36,0,0.74361
55021,590,J_ring7_1000,16,16,16,4206.623,113,16,1,3452.623473,44,27,8,2016.5840151644916,53,0,1.900833
55021,590,Jplus_final,16,16,16,4068.563,103,16,1,3374.5632,34,27,0,1893.745367484309,53,0,0.264746
55021,591,C_region_q2,10,10,10,4866.711,147,10,1,3936.711375,10,0,0,nan,115,0,0.334108
55021,591,Cplus_completion_coobserve,10,10,10,4610.703,147,10,1,3679.703248,10,3,0,nan,115,0,0.224874
55021,591,F_coverage_integrated,10,10,10,4064.474,124,10,1,3273.473559,23,11,8,2376.6329014227786,91,0,0.821373
55021,591,G_rolling_coverage,10,10,10,4062.577,124,10,1,3271.576549,23,12,8,2376.6329014227786,91,0,0.769128
55021,591,I_ring_optimized,10,10,10,4204.018,129,10,1,3383.017699,28,16,8,2180.3646399500594,91,0,1.288781
55021,591,J_ring7_1000,10,10,10,3821.292,134,10,1,2970.291863,22,14,5,2161.892332908603,102,0,0.858178
55021,591,Jplus_final,10,10,10,3979.363,131,10,1,3144.36309,19,15,0,2066.1242685042052,102,0,0.157778
55021,592,C_region_q2,13,13,13,5271.851,143,13,1,4349.850527,12,0,0,nan,104,0,0.369791
55021,592,Cplus_completion_coobserve,13,13,13,4530.579,146,13,1,3592.5789,15,6,0,nan,104,0,0.261809
55021,592,F_coverage_integrated,13,13,13,4772.918,120,13,1,3993.918202,33,14,8,2239.2729097574775,75,0,0.887808
55021,592,G_rolling_coverage,13,13,13,4668.574,118,13,1,3899.573932,31,15,8,2239.2729097574775,75,0,0.821144
55021,592,I_ring_optimized,13,13,13,4432.477,116,13,1,3676.47734,29,13,8,2168.5443963746156,75,0,0.76006
55021,592,J_ring7_1000,13,13,13,4198.208,126,13,1,3382.207669,32,18,8,2075.5841449619697,82,0,0.954755
55021,592,Jplus_final,13,13,13,4107.708,115,13,1,3356.708449,21,15,0,1988.8113050955608,81,0,0.156259
55021,593,C_region_q2,11,11,11,4456.736,137,11,1,3580.735899,10,0,0,nan,102,0,0.298188
55021,593,Cplus_completion_coobserve,11,11,11,4171.016,138,11,1,3290.01632,11,4,0,nan,102,0,0.159246
55021,593,F_coverage_integrated,11,11,11,3793.29,117,11,1,3041.28985,28,13,8,2288.62723822843,79,0,1.13506
55021,593,G_rolling_coverage,11,11,11,3758.98,117,11,1,3006.979681,28,14,8,2288.62723822843,79,0,0.952916
55021,593,I_ring_optimized,11,11,11,3774.616,118,11,1,3014.615764,29,16,7,2149.113417480411,79,0,1.161529
55021,593,J_ring7_1000,11,11,11,3859.604,130,11,1,3026.604029,34,21,8,2030.2759908816815,87,0,1.611583
55021,593,Jplus_final,11,11,11,3755.297,118,11,1,2995.297021,22,17,0,1913.289381384371,85,0,0.210156
55021,594,C_region_q2,16,16,16,5731.917,125,16,1,4906.917474,16,0,0,nan,73,0,0.461975
55021,594,Cplus_completion_coobserve,16,16,16,4292.758,126,16,1,3460.75823,17,5,0,nan,72,0,0.300706
55021,594,F_coverage_integrated,16,16,16,4357.349,103,16,1,3661.34885,40,24,8,2241.64954889026,47,0,1.282869
55021,594,G_rolling_coverage,16,16,16,4354.829,105,16,1,3647.828864,42,27,8,2241.64954889026,47,0,1.245503
55021,594,I_ring_optimized,16,16,16,4250.041,107,16,1,3532.04066,44,28,8,2092.7880498395607,47,0,1.305011
55021,594,J_ring7_1000,16,16,16,4400.456,109,16,1,3669.456068,41,28,7,1784.410273294262,53,0,1.542086
55021,594,Jplus_final,16,16,16,3773.179,97,16,1,3116.179455,29,23,0,1591.10838149437,52,0,0.250244
55021,595,C_region_q2,14,14,14,4438.028,132,14,1,3577.027965,8,0,0,nan,86,0,0.319114
55021,595,Cplus_completion_coobserve,14,14,14,4161.704,135,14,1,3284.703503,11,4,0,nan,86,0,0.192993
55021,595,F_coverage_integrated,14,14,14,3757.091,104,14,1,3067.09076,41,25,8,2298.118997518962,51,0,1.271243
55021,595,G_rolling_coverage,14,14,14,3714.543,104,14,1,3024.542705,41,26,8,2298.118997518962,51,0,1.157918
55021,595,I_ring_optimized,14,14,14,3539.657,102,14,1,2864.656921,39,26,8,2128.6301433320214,50,0,1.324003
55021,595,J_ring7_1000,14,14,14,3685.752,107,14,1,2978.752049,36,21,8,1987.2683108981537,59,0,1.507291
55021,595,Jplus_final,14,14,14,3155.531,95,14,1,2518.530932,21,17,0,1887.0213204106647,60,0,0.063454
55021,596,C_region_q2,14,14,14,4767.922,137,14,1,3877.922308,11,0,0,nan,89,0,0.317357
55021,596,Cplus_completion_coobserve,14,14,14,4414.663,141,14,1,3502.663031,15,6,0,nan,89,0,0.213272
55021,596,F_coverage_integrated,14,14,14,4390.015,101,14,1,3723.014903,37,20,8,2235.0818085208375,51,0,0.845732
55021,596,G_rolling_coverage,14,14,14,4395.102,102,14,1,3723.101951,38,21,8,2235.0818085208375,51,0,0.901179
55021,596,I_ring_optimized,14,14,14,3737.614,97,14,1,3087.614113,33,23,8,2201.3359434621284,51,0,0.981371
55021,596,J_ring7_1000,14,14,14,3702.771,113,14,1,2957.771334,36,24,8,2006.371177185567,63,0,1.032524
55021,596,Jplus_final,14,14,14,3681.863,103,14,1,2998.862577,26,21,0,1826.4370958134382,63,0,0.162235
55021,597,C_region_q2,10,10,10,4369.835,141,10,1,3475.835156,10,0,0,nan,108,0,0.284859
55021,597,Cplus_completion_coobserve,10,10,10,4195.014,141,10,1,3301.013977,10,3,0,nan,108,0,0.17748
55021,597,F_coverage_integrated,10,10,10,4049.493,127,10,1,3240.49309,27,14,8,2328.737640826261,91,0,0.905845
55021,597,G_rolling_coverage,10,10,10,4056.639,128,10,1,3242.639103,28,15,8,2328.737640826261,91,0,1.019941
55021,597,I_ring_optimized,10,10,10,3864.989,126,10,1,3060.988828,26,14,8,2190.5827643860603,91,0,1.09957
55021,597,J_ring7_1000,10,10,10,3791.882,139,10,1,2912.882085,31,16,8,2114.4001805001385,101,0,1.029692
55021,597,Jplus_final,10,10,10,3635.193,125,10,1,2837.192837,17,13,0,1966.0078979533064,98,0,0.148903
55021,598,C_region_q2,11,11,11,4589.891,142,11,1,3683.89095,9,0,0,nan,109,0,0.260406
55021,598,Cplus_completion_coobserve,11,11,11,4273.051,147,11,1,3338.050699,14,6,0,nan,109,0,0.144919
55021,598,F_coverage_integrated,11,11,11,4190.981,116,11,1,3443.981133,27,13,8,2242.644125672807,78,0,1.253197
55021,598,G_rolling_coverage,11,11,11,4183.423,116,11,1,3436.422881,27,15,8,2242.644125672807,78,0,1.201485
55021,598,I_ring_optimized,11,11,11,3910.374,118,11,1,3151.374422,29,18,8,2165.8957765879595,78,0,1.203474
55021,598,J_ring7_1000,11,11,11,4138.301,130,11,1,3312.300504,33,18,7,2069.340300421264,86,0,1.358783
55021,598,Jplus_final,11,11,11,3727.873,122,11,1,2945.873305,25,19,0,1936.8507642176082,86,0,0.188265
55021,599,C_region_q2,16,16,16,4706.778,123,16,1,3890.777717,17,0,0,nan,70,0,0.553718
55021,599,Cplus_completion_coobserve,16,16,16,4071.162,126,16,1,3236.161548,20,13,0,nan,70,0,0.240841
55021,599,F_coverage_integrated,16,16,16,3767.694,98,16,1,3101.69445,39,25,8,1862.5150004657908,44,0,1.093318
55021,599,G_rolling_coverage,16,16,16,3772.694,99,16,1,3101.69445,40,26,8,1862.5150004657908,44,0,1.116394
55021,599,I_ring_optimized,16,16,16,3853.159,107,16,1,3133.158534,48,33,8,1723.2191793469813,45,0,0.990433
55021,599,J_ring7_1000,16,16,16,3758.166,111,16,1,3016.165685,51,33,8,1527.3081809812147,46,0,2.183586
55021,599,Jplus_final,16,16,16,3560.606,104,16,1,2862.606367,30,27,0,1623.5087329662135,58,0,0.219886
55021,600,C_region_q2,15,15,15,5392.184,138,15,1,4491.184135,14,0,0,nan,90,0,0.463316
55021,600,Cplus_completion_coobserve,15,15,15,4597.538,142,15,1,3674.538356,18,9,0,nan,90,0,0.29773
55021,600,F_coverage_integrated,15,15,15,4551.61,102,15,1,3867.610279,30,15,8,2234.104605340032,57,0,0.751635
55021,600,G_rolling_coverage,15,15,15,4551.61,102,15,1,3867.610279,30,15,8,2234.104605340032,57,0,0.704572
55021,600,I_ring_optimized,15,15,15,4163.761,101,15,1,3486.7612,29,16,8,2087.982104833938,57,0,0.751441
55021,600,J_ring7_1000,15,15,15,4180.821,107,15,1,3468.82104,36,22,8,1991.7613612810496,56,0,1.600209
55021,600,Jplus_final,15,15,15,3913.508,100,15,1,3240.507699,29,25,0,1858.0433903208782,56,0,0.198212
55021,601,C_region_q2,11,11,11,4892.804,136,11,1,4022.80441,10,0,0,nan,102,0,0.283006
55021,601,Cplus_completion_coobserve,11,11,11,4274.701,144,11,1,3361.701266,18,8,0,nan,102,0,0.21627
55021,601,F_coverage_integrated,11,11,11,3962.427,120,11,1,3193.426943,26,10,8,2241.3260162171464,83,0,1.032363
55021,601,G_rolling_coverage,11,11,11,3965.098,121,11,1,3191.098441,27,12,8,2241.3260162171464,83,0,1.000893
55021,601,I_ring_optimized,11,11,11,3607.414,123,11,1,2820.413956,29,16,8,2158.9299805891283,85,0,0.903576
55021,601,J_ring7_1000,11,11,11,3565.209,126,11,1,2759.208903,28,16,8,2047.1194515942655,88,0,0.981216
55021,601,Jplus_final,11,11,11,3459.259,118,11,1,2699.259112,20,17,0,1926.8544774700206,87,0,0.165127
55021,602,C_region_q2,11,11,11,4674.388,136,11,1,3805.387896,10,0,0,nan,100,0,0.265649
55021,602,Cplus_completion_coobserve,11,11,11,4315.766,140,11,1,3423.765654,14,6,0,nan,100,0,0.169984
55021,602,F_coverage_integrated,11,11,11,4281.795,124,11,1,3485.795485,29,16,8,2326.719891219331,85,0,0.771418
55021,602,G_rolling_coverage,11,11,11,4052.546,124,11,1,3256.545677,29,16,8,2326.719891219331,85,0,0.72678
55021,602,I_ring_optimized,11,11,11,4178.699,122,11,1,3395.698501,27,15,8,2248.955289518862,85,0,0.678525
55021,602,J_ring7_1000,11,11,11,3990.351,123,11,1,3202.351453,27,14,8,2120.626092200977,86,0,0.854643
55021,602,Jplus_final,11,11,11,3690.676,118,11,1,2931.676335,22,18,0,1917.520955137559,85,0,0.203865
55021,603,C_region_q2,16,16,16,4953.331,114,16,1,4195.331365,19,0,0,nan,64,0,0.498179
55021,603,Cplus_completion_coobserve,16,16,16,3982.276,122,16,1,3178.276083,27,13,0,nan,64,0,0.304467
55021,603,F_coverage_integrated,16,16,16,4773.063,115,16,1,4010.063362,48,25,8,2162.3102709814893,51,0,0.82288
55021,603,G_rolling_coverage,16,16,16,4499.497,115,16,1,3736.497063,48,30,8,2162.3102709814893,51,0,0.859426
55021,603,I_ring_optimized,16,16,16,4136.058,102,16,1,3452.058019,46,28,8,1558.8989229421425,40,0,1.505711
55021,603,J_ring7_1000,16,16,16,4296.894,114,16,1,3540.894033,49,34,5,1704.212931347235,49,0,2.136892
55021,603,Jplus_final,16,16,16,4287.58,103,16,1,3599.580442,38,28,0,1587.0842602769417,49,0,0.255541
55021,604,C_region_q2,15,15,15,4312.811,133,15,1,3440.810843,10,0,0,nan,85,0,0.358862
55021,604,Cplus_completion_coobserve,15,15,15,4135.971,135,15,1,3253.970701,12,4,0,nan,85,0,0.224616
55021,604,F_coverage_integrated,15,15,15,3955.048,114,15,1,3201.048201,41,26,8,2277.3024172713144,58,0,0.702099
55021,604,G_rolling_coverage,15,15,15,3954.87,116,15,1,3190.87025,43,29,8,2277.3024172713144,58,0,0.619539
55021,604,I_ring_optimized,15,15,15,3883.917,111,15,1,3148.917134,38,28,8,2134.2516546463703,58,0,0.595983
55021,604,J_ring7_1000,15,15,15,3861.755,122,15,1,3058.755422,41,30,8,2046.5665145333635,67,0,0.838236
55021,604,Jplus_final,15,15,15,3737.383,109,15,1,3011.38337,28,26,0,1858.3209738821395,66,0,0.133805
55021,605,C_region_q2,11,11,11,4329.66,136,11,1,3460.66025,10,0,0,nan,101,0,0.303972
55021,605,Cplus_completion_coobserve,11,11,11,3858.169,138,11,1,2977.169375,12,6,0,nan,101,0,0.167954
55021,605,F_coverage_integrated,11,11,11,3686.269,112,11,1,2961.268869,24,14,5,2182.46340305835,78,0,0.644171
55021,605,G_rolling_coverage,11,11,11,3676.219,112,11,1,2951.219293,24,15,5,2182.46340305835,78,0,0.674967
55021,605,I_ring_optimized,11,11,11,3548.396,111,11,1,2829.39589,23,15,4,2040.1589307064207,78,0,0.70398
55021,605,J_ring7_1000,11,11,11,3457.878,124,11,1,2662.878086,33,22,7,2020.9983927098428,81,0,1.306063
55021,605,Jplus_final,11,11,11,3357.594,117,11,1,2605.593749,26,23,0,1875.3243857628097,80,0,0.186966
55021,606,C_region_q2,10,10,10,4470.581,138,10,1,3595.580521,9,0,0,nan,106,0,0.152904
55021,606,Cplus_completion_coobserve,10,10,10,3810.814,139,10,1,2930.813839,10,4,0,nan,106,0,0.09779
55021,606,F_coverage_integrated,10,10,10,3976.362,117,10,1,3229.36238,24,12,7,2308.3370378272684,83,0,0.576148
55021,606,G_rolling_coverage,10,10,10,3666.876,118,10,1,2913.876225,25,14,7,2308.3370378272684,83,0,0.487614
55021,606,I_ring_optimized,10,10,10,3340.8,116,10,1,2601.799627,23,11,8,2127.9489692115026,84,0,0.509511
55021,606,J_ring7_1000,10,10,10,3049.798,127,10,1,2240.797548,20,12,8,2126.072308844465,98,0,0.627765
55021,606,Jplus_final,10,10,10,2941.375,121,10,1,2166.374687,14,14,0,2011.288364887415,97,0,0.042776
55021,607,C_region_q2,12,12,12,4227.127,138,12,1,3341.127395,9,0,0,nan,98,0,0.348384
55021,607,Cplus_completion_coobserve,12,12,12,3791.74,137,12,1,2910.740239,8,4,0,nan,98,0,0.090883
55021,607,F_coverage_integrated,12,12,12,3557.979,101,12,1,2894.979387,27,16,5,2074.7400489264073,62,0,0.799611
55021,607,G_rolling_coverage,12,12,12,3529.924,101,12,1,2866.923619,27,19,5,2074.7400489264073,62,0,0.712777
55021,607,I_ring_optimized,12,12,12,3402.276,101,12,1,2739.276121,27,19,5,1961.1499586831296,62,0,0.924136
55021,607,J_ring7_1000,12,12,12,3478.724,121,12,1,2695.724028,34,22,8,2023.1415188704307,75,0,0.88753
55021,607,Jplus_final,12,12,12,3421.593,111,12,1,2699.592893,24,21,0,1873.2845370154162,75,0,0.141978
55021,608,C_region_q2,14,14,14,5294.064,148,14,1,4339.064441,12,0,0,nan,105,0,0.356987
55021,608,Cplus_completion_coobserve,14,14,14,4716.941,151,14,1,3742.940545,15,7,0,nan,105,0,0.254127
55021,608,F_coverage_integrated,14,14,14,3766.509,117,14,1,3000.508512,29,13,8,2302.1872729644924,76,0,0.743709
55021,608,G_rolling_coverage,14,14,14,3731.938,118,14,1,2960.937731,30,17,8,2302.1872729644924,76,0,0.677484
55021,608,I_ring_optimized,14,14,14,3592.71,123,14,1,2791.709763,32,20,8,2150.530720986761,79,0,0.54422
55021,608,J_ring7_1000,14,14,14,3891.165,135,14,1,3015.165129,50,36,8,2079.5800062670914,74,0,1.458455
55021,608,Jplus_final,14,14,14,3809.674,117,14,1,3043.673693,32,31,0,1885.3822443218442,71,0,0.132206
55021,609,C_region_q2,11,11,11,4297.873,141,11,1,3397.873027,9,0,0,nan,106,0,0.301109
55021,609,Cplus_completion_coobserve,11,11,11,3871.011,143,11,1,2961.011087,11,5,0,nan,106,0,0.21384
55021,609,F_coverage_integrated,11,11,11,3505.238,114,11,1,2767.237787,21,13,4,2228.7534330420735,82,0,1.133992
55021,609,G_rolling_coverage,11,11,11,3496.951,115,11,1,2753.951239,22,15,4,2228.7534330420735,82,0,1.224421
55021,609,I_ring_optimized,11,11,11,3413.011,115,11,1,2670.011138,22,16,4,2125.3182088774565,82,0,0.960549
55021,609,J_ring7_1000,11,11,11,3383.192,132,11,1,2539.191905,25,15,7,2127.33984983656,96,0,1.179145
55021,609,Jplus_final,11,11,11,3339.213,123,11,1,2551.213093,21,18,0,1929.8782072041338,92,0,0.140954
55021,610,C_region_q2,11,11,11,5074.077,142,11,1,4175.076878,16,0,0,nan,97,0,0.430526
55021,610,Cplus_completion_coobserve,11,11,11,3844.518,137,11,1,2968.517616,11,4,0,nan,97,0,0.161941
55021,610,F_coverage_integrated,11,11,11,3857.609,110,11,1,3146.608586,30,17,8,2196.4380837203444,70,0,0.548714
55021,610,G_rolling_coverage,11,11,11,3453.622,108,11,1,2752.622028,28,19,8,2196.4380837203444,70,0,0.48478
55021,610,I_ring_optimized,11,11,11,3341.982,108,11,1,2640.982074,28,19,8,2084.982971582361,70,0,0.477639
55021,610,J_ring7_1000,11,11,11,3193.296,123,11,1,2405.295744,28,18,8,2136.4748074200634,85,0,0.988424
55021,610,Jplus_final,11,11,11,3433.387,108,11,1,2731.386982,18,17,0,1906.3226564048878,79,0,0.107685
55021,611,C_region_q2,11,11,11,4035.479,138,11,1,3153.479205,11,0,0,nan,100,0,0.360176
55021,611,Cplus_completion_coobserve,11,11,11,3799.658,138,11,1,2917.657825,11,6,0,nan,100,0,0.140417
55021,611,F_coverage_integrated,11,11,11,3605.621,107,11,1,2909.620801,22,15,5,2243.019895503043,74,0,0.928593
55021,611,G_rolling_coverage,11,11,11,3617.621,109,11,1,2909.620801,24,17,5,2243.019895503043,74,0,0.859045
55021,611,I_ring_optimized,11,11,11,3472.15,113,11,1,2741.149757,28,18,5,2081.278241663287,74,0,0.955083
55021,611,J_ring7_1000,11,11,11,3376.777,124,11,1,2580.776954,30,21,6,2088.813489705496,83,0,1.710704
55021,611,Jplus_final,11,11,11,3476.516,115,11,1,2732.516191,21,18,0,1929.114264316819,83,0,0.079217
55021,612,C_region_q2,16,16,16,6228.659,134,16,1,5352.659168,21,0,0,nan,82,0,0.471352
55021,612,Cplus_completion_coobserve,16,16,16,4720.59,137,16,1,3826.589794,24,8,0,nan,82,0,0.371671
55021,612,F_coverage_integrated,16,16,16,4942.77,113,16,1,4188.770405,35,16,8,2200.124430757112,64,0,1.231891
55021,612,G_rolling_coverage,16,16,16,4806.165,113,16,1,4053.164718,35,19,8,2200.124430757112,64,0,1.295312
55021,612,I_ring_optimized,16,16,16,4514.618,114,16,1,3759.617989,36,21,8,2084.71661265269,65,0,0.919426
55021,612,J_ring7_1000,16,16,16,4458.671,127,16,1,3625.670832,49,29,8,1882.2861027877595,64,0,1.26967
55021,612,Jplus_final,16,16,16,4420.812,112,16,1,3671.812081,36,29,0,1811.3708565852392,61,0,0.303198
55021,613,C_region_q2,11,11,11,4622.75,142,11,1,3717.750192,11,0,0,nan,108,0,0.378452
55021,613,Cplus_completion_coobserve,11,11,11,4088.656,142,11,1,3183.656424,11,3,0,nan,108,0,0.223146
55021,613,F_coverage_integrated,11,11,11,4052.043,123,11,1,3263.042571,22,12,4,2277.6823160199397,90,0,1.03073
55021,613,G_rolling_coverage,11,11,11,4048.562,124,11,1,3254.561617,23,14,4,2277.6823160199397,90,0,0.891541
55021,613,I_ring_optimized,11,11,11,3920.437,124,11,1,3123.437071,23,16,4,2160.2727581453373,90,0,1.160332
55021,613,J_ring7_1000,11,11,11,3746.433,134,11,1,2890.433005,24,16,5,2078.480777190757,99,0,1.127239
55021,613,Jplus_final,11,11,11,3707.093,131,11,1,2869.093132,21,16,0,2027.5518078378186,99,0,0.212169
55021,614,C_region_q2,12,12,12,5078.139,145,12,1,4150.139404,10,0,0,nan,113,0,0.3564
55021,614,Cplus_completion_coobserve,12,12,12,4150.097,148,12,1,3207.097234,13,5,0,nan,113,0,0.22946
55021,614,F_coverage_integrated,12,12,12,3990.685,115,12,1,3244.68506,24,12,5,2227.6880376534923,79,0,1.615112
55021,614,G_rolling_coverage,12,12,12,3980.758,116,12,1,3227.758053,25,16,5,2227.6880376534923,79,0,1.590371
55021,614,I_ring_optimized,12,12,12,3843.878,119,12,1,3078.877509,28,14,7,2172.9852853984003,80,0,1.185764
55021,614,J_ring7_1000,12,12,12,3847.412,131,12,1,3008.412288,32,19,8,2132.9255336182955,87,0,1.122943
55021,614,Jplus_final,12,12,12,3695.169,122,12,1,2907.169468,23,18,0,1964.7214750426913,87,0,0.168022
55021,615,C_region_q2,12,12,12,4965.262,137,12,1,4084.26196,9,0,0,nan,102,0,0.280525
55021,615,Cplus_completion_coobserve,12,12,12,4253.706,145,12,1,3330.706056,17,6,0,nan,102,0,0.310064
55021,615,F_coverage_integrated,12,12,12,3923.741,113,12,1,3191.741038,24,12,5,2197.139995152829,77,0,1.393824
55021,615,G_rolling_coverage,12,12,12,3922.654,114,12,1,3185.654051,25,14,5,2197.139995152829,77,0,1.323106
55021,615,I_ring_optimized,12,12,12,3750.296,113,12,1,3017.296083,29,18,6,2125.9641982180383,74,0,1.442677
55021,615,J_ring7_1000,12,12,12,3890.294,133,12,1,3038.293718,37,24,8,2129.605322546795,84,0,1.538977
55021,615,Jplus_final,12,12,12,3748.081,118,12,1,2984.080732,22,18,0,1905.993952046184,84,0,0.200066
55021,616,C_region_q2,10,10,10,4765.84,146,10,1,3840.840487,10,0,0,nan,118,0,0.31597
55021,616,Cplus_completion_coobserve,10,10,10,4238.037,150,10,1,3293.037303,14,3,0,nan,118,0,0.364028
55021,616,F_coverage_integrated,10,10,10,4297.799,130,10,1,3471.798677,25,14,5,2268.135297609847,95,0,0.775368
55021,616,G_rolling_coverage,10,10,10,4293.869,131,10,1,3462.869299,26,16,5,2268.135297609847,95,0,0.785044
55021,616,I_ring_optimized,10,10,10,3902.306,129,10,1,3088.305523,29,15,3,2110.112981290306,90,0,1.048997
55021,616,J_ring7_1000,10,10,10,3901.13,140,10,1,3016.129725,18,11,1,2029.093608590672,112,0,0.744137
55021,616,Jplus_final,10,10,10,4020.547,139,10,1,3140.546833,17,11,0,2008.3209738821397,112,0,0.196938
55021,617,C_region_q2,14,14,14,4694.312,130,14,1,3846.312131,11,0,0,nan,84,0,0.424571
55021,617,Cplus_completion_coobserve,14,14,14,4181.737,134,14,1,3309.737408,15,7,0,nan,84,0,0.189795
55021,617,F_coverage_integrated,14,14,14,4501.37,110,14,1,3775.369919,38,25,7,2229.3662233384043,58,0,1.140348
55021,617,G_rolling_coverage,14,14,14,3988.952,109,14,1,3267.951898,37,26,7,2229.3662233384043,58,0,1.069979
55021,617,I_ring_optimized,14,14,14,3439.765,103,14,1,2755.765068,31,20,8,2130.639344595058,58,0,0.818541
55021,617,J_ring7_1000,14,14,14,3722.142,129,14,1,2880.142445,39,28,8,2172.2545470640084,77,0,1.526019
55021,617,Jplus_final,14,14,14,3491.544,116,14,1,2727.543787,26,25,0,1905.9362994381188,76,0,0.118806
55021,618,C_region_q2,13,13,13,5145.42,139,13,1,4251.419824,12,0,0,nan,96,0,0.209102
55021,618,Cplus_completion_coobserve,13,13,13,4573.31,141,13,1,3666.310288,14,3,0,nan,96,0,0.170762
55021,618,F_coverage_integrated,13,13,13,3761.088,103,13,1,3082.088476,29,16,8,2219.0806110797175,62,0,1.394452
55021,618,G_rolling_coverage,13,13,13,3766.088,104,13,1,3082.088476,30,17,8,2219.0806110797175,62,0,1.383551
55021,618,I_ring_optimized,13,13,13,3692.863,107,13,1,2988.863446,33,17,8,2093.8455858725874,62,0,1.511795
55021,618,J_ring7_1000,13,13,13,3564.885,116,13,1,2811.885237,32,15,8,2011.8108526983815,71,0,0.785042
55021,618,Jplus_final,13,13,13,3511.191,106,13,1,2814.191213,22,17,0,1875.266839775971,71,0,0.166858
55021,619,C_region_q2,12,12,12,4604.584,139,12,1,3711.583774,10,0,0,nan,102,0,0.290765
55021,619,Cplus_completion_coobserve,12,12,12,4251.325,143,12,1,3336.324988,14,6,0,nan,102,0,0.226243
55021,619,F_coverage_integrated,12,12,12,4393.112,120,12,1,3622.111656,38,18,8,2243.1216974732993,71,0,0.770332
55021,619,G_rolling_coverage,12,12,12,4129.055,116,12,1,3379.054858,34,18,8,2243.1216974732993,71,0,0.655642
55021,619,I_ring_optimized,12,12,12,4072.628,122,12,1,3291.627706,40,22,8,2086.720409414278,71,0,0.855751
55021,619,J_ring7_1000,12,12,12,3675.964,131,12,1,2834.964053,32,21,8,2093.591286423668,87,0,0.750815
55021,619,Jplus_final,12,12,12,3600.192,123,12,1,2805.191834,24,21,0,1948.9483134958023,87,0,0.147131
55021,620,C_region_q2,11,11,11,4501.519,141,11,1,3601.519257,9,0,0,nan,106,0,0.260619
55021,620,Cplus_completion_coobserve,11,11,11,4562.282,144,11,1,3646.281625,12,5,0,nan,106,0,0.155656
55021,620,F_coverage_integrated,11,11,11,4060.098,116,11,1,3314.098033,24,12,7,2222.9467269609677,82,0,0.726719
55021,620,G_rolling_coverage,11,11,11,4060.098,116,11,1,3314.098033,24,12,7,2222.9467269609677,82,0,0.734152
55021,620,I_ring_optimized,11,11,11,4152.416,119,11,1,3389.41574,27,12,8,2103.334240754329,82,0,1.074825
55021,620,J_ring7_1000,11,11,11,3957.419,131,11,1,3122.419486,30,16,7,2118.077958055999,91,0,1.625241
55021,620,Jplus_final,11,11,11,3903.372,127,11,1,3091.37194,26,22,0,2014.2184903367076,90,0,0.179789
55021,621,C_region_q2,15,15,15,4934.25,140,15,1,4020.249959,12,0,0,nan,95,0,0.378254
55021,621,Cplus_completion_coobserve,15,15,15,4481.931,145,15,1,3539.931023,17,9,0,nan,95,0,0.274185
55021,621,F_coverage_integrated,15,15,15,4402.19,113,15,1,3654.190366,34,20,8,2280.865840366549,64,0,1.183733
55021,621,G_rolling_coverage,15,15,15,4174.989,112,15,1,3431.988609,33,22,8,2280.865840366549,64,0,1.167369
55021,621,I_ring_optimized,15,15,15,4073.281,114,15,1,3318.280599,35,24,8,2163.5137463689957,64,0,1.361698
55021,621,J_ring7_1000,15,15,15,4077.93,128,15,1,3238.929655,41,29,8,2097.1895332240397,72,0,1.748992
55021,621,Jplus_final,15,15,15,4104.276,120,15,1,3317.276324,34,28,0,1906.0073295244165,71,0,0.22855
55021,622,C_region_q2,13,13,13,4857.23,138,13,1,3967.230476,12,0,0,nan,97,0,0.414137
55021,622,Cplus_completion_coobserve,13,13,13,4356.551,139,13,1,3459.55142,13,5,0,nan,97,0,0.218089
55021,622,F_coverage_integrated,13,13,13,4136.343,112,13,1,3403.343151,26,15,7,2244.4558511639875,73,0,0.889541
55021,622,G_rolling_coverage,13,13,13,4141.343,113,13,1,3403.343151,27,16,7,2244.4558511639875,73,0,0.888109
55021,622,I_ring_optimized,13,13,13,4012.25,119,13,1,3236.249661,34,23,7,2147.5541587299267,72,0,0.909376
55021,622,J_ring7_1000,13,13,13,3927.767,127,13,1,3106.766563,40,25,8,2080.5013629702426,74,0,1.32427
55021,622,Jplus_final,13,13,13,3855.027,114,13,1,3111.027284,27,21,0,1911.3809765655155,74,0,0.185622
55021,623,C_region_q2,14,14,14,4925.831,144,14,1,3993.831051,15,0,0,nan,98,0,0.417271
55021,623,Cplus_completion_coobserve,14,14,14,4266.48,151,14,1,3292.480085,22,14,0,nan,98,0,0.260326
55021,623,F_coverage_integrated,14,14,14,4022.358,106,14,1,3319.357956,31,17,8,2210.187333136231,61,0,0.711498
55021,623,G_rolling_coverage,14,14,14,4215.451,106,14,1,3513.451063,31,19,8,2210.187333136231,61,0,0.663095
55021,623,I_ring_optimized,14,14,14,3959.086,118,14,1,3186.085932,43,28,6,2003.2362703630547,61,0,1.128448
55021,623,J_ring7_1000,14,14,14,3746.325,134,14,1,2877.324766,41,29,8,2070.351658612136,79,0,1.284795
55021,623,Jplus_final,14,14,14,3928.361,125,14,1,3113.361126,32,28,0,1960.8685518888865,79,0,0.175422
55021,624,C_region_q2,15,15,15,5081.379,134,15,1,4204.378585,11,0,0,nan,85,0,0.373626
55021,624,Cplus_completion_coobserve,15,15,15,4523.845,137,15,1,3631.844999,14,4,0,nan,85,0,0.273149
55021,624,F_coverage_integrated,15,15,15,4075.67,100,15,1,3404.670362,39,23,8,2089.9780283096097,46,0,1.4268
55021,624,G_rolling_coverage,15,15,15,4081.116,101,15,1,3404.115865,40,25,8,2089.9780283096097,46,0,1.460008
55021,624,I_ring_optimized,15,15,15,3998.089,99,15,1,3333.089079,38,26,8,1978.548701804308,46,0,1.420126
55021,624,J_ring7_1000,15,15,15,3844.46,112,15,1,3102.460056,36,21,8,1951.6517516198476,62,0,1.171335
55021,624,Jplus_final,15,15,15,3826.086,93,15,1,3199.0863,26,23,0,1815.4898615883317,52,0,0.162969
55021,625,C_region_q2,11,11,11,4999.189,137,11,1,4125.188603,10,0,0,nan,100,0,0.282438
55021,625,Cplus_completion_coobserve,11,11,11,4460.749,141,11,1,3561.748726,14,6,0,nan,100,0,0.179705
55021,625,F_coverage_integrated,11,11,11,4086.992,127,11,1,3272.991764,36,22,8,2269.8696322570763,83,0,0.893232
55021,625,G_rolling_coverage,11,11,11,4127.839,129,11,1,3301.839217,38,24,8,2269.8696322570763,83,0,0.887209
55021,625,I_ring_optimized,11,11,11,3708.404,122,11,1,2923.403757,31,20,8,2175.7591936050785,82,0,0.766473
55021,625,J_ring7_1000,11,11,11,3592.939,127,11,1,2781.938873,25,14,7,2209.5572460766825,91,0,0.44189
55021,625,Jplus_final,11,11,11,3417.66,117,11,1,2664.659744,21,19,0,1917.462287809823,85,0,0.11257
55021,626,C_region_q2,11,11,11,4447.719,144,11,1,3530.719318,9,0,0,nan,110,0,0.205999
55021,626,Cplus_completion_coobserve,11,11,11,4354.822,145,11,1,3430.822403,10,4,0,nan,110,0,0.119013
55021,626,F_coverage_integrated,11,11,11,3884.939,121,11,1,3112.938607,33,15,8,2280.896992060958,82,0,1.203815
55021,626,G_rolling_coverage,11,11,11,3916.513,121,11,1,3145.512502,33,17,8,2280.896992060958,83,0,1.228218
55021,626,I_ring_optimized,11,11,11,3667.73,116,11,1,2921.729894,28,16,8,2184.564668104625,79,0,1.094204
55021,626,J_ring7_1000,11,11,11,3637.454,119,11,1,2874.453774,23,10,8,2137.410599438456,86,0,1.278243
55021,626,Jplus_final,11,11,11,3763.398,116,11,1,3016.39765,20,15,0,1916.423844665171,85,0,0.095324
55021,627,C_region_q2,10,10,10,4044.469,135,10,1,3185.469473,7,0,0,nan,102,0,0.206844
55021,627,Cplus_completion_coobserve,10,10,10,3893.422,137,10,1,3023.421858,9,3,0,nan,102,0,0.183008
55021,627,F_coverage_integrated,10,10,10,3661.461,111,10,1,2950.461103,25,11,8,2239.2924681085756,77,0,0.330562
55021,627,G_rolling_coverage,10,10,10,3556.238,113,10,1,2833.238229,27,15,8,2239.2924681085756,77,0,0.340006
55021,627,I_ring_optimized,10,10,10,4137.044,124,10,1,3347.043731,30,14,8,2123.594784567499,85,0,0.511926
55021,627,J_ring7_1000,10,10,10,3704.312,132,10,1,2863.312247,30,21,6,2081.5923167133133,92,0,0.878355
55021,627,Jplus_final,10,10,10,3309.945,121,10,1,2535.944776,19,17,0,2004.0344171139445,92,0,0.135661
55021,628,C_region_q2,13,13,13,5177.624,144,13,1,4250.624014,12,0,0,nan,103,0,0.375735
55021,628,Cplus_completion_coobserve,13,13,13,4019.329,151,13,1,3054.328929,19,9,0,nan,103,0,0.234932
55021,628,F_coverage_integrated,13,13,13,3517.143,122,13,1,2726.14347,31,20,3,2167.713951858009,78,0,1.047021
55021,628,G_rolling_coverage,13,13,13,3522.128,125,13,1,2714.127841,34,26,3,2167.713951858009,78,0,1.006991
55021,628,I_ring_optimized,13,13,13,3543.99,130,13,1,2701.990472,39,26,8,2127.235566614011,81,0,1.005469
55021,628,J_ring7_1000,13,13,13,3833.158,137,13,1,2948.158256,41,31,5,2163.1645603161173,84,0,1.309201
55021,628,Jplus_final,13,13,13,3894.036,137,13,1,3010.03608,34,30,0,1954.3209738821395,90,0,0.126163
55021,629,C_region_q2,10,10,10,4302.224,143,10,1,3395.223903,8,0,0,nan,113,0,0.281669
55021,629,Cplus_completion_coobserve,10,10,10,4021.273,149,10,1,3078.273315,14,8,0,nan,113,0,0.21159
55021,629,F_coverage_integrated,10,10,10,3767.961,123,10,1,2982.960972,25,14,8,2319.214017312341,90,0,0.859195
55021,629,G_rolling_coverage,10,10,10,3767.027,123,10,1,2982.027393,25,15,8,2319.214017312341,90,0,0.84658
55021,629,I_ring_optimized,10,10,10,3675.622,120,10,1,2907.622288,22,15,4,2178.249209870138,89,0,0.903641
55021,629,J_ring7_1000,10,10,10,3396.341,131,10,1,2564.340881,29,19,8,2057.934115884157,93,0,1.562293
55021,629,Jplus_final,10,10,10,3458.898,123,10,1,2674.89792,21,18,0,1915.9667559838986,92,0,0.109325
55021,630,C_region_q2,15,15,15,5535.424,142,15,1,4611.424322,15,0,0,nan,92,0,0.319296
55021,630,Cplus_completion_coobserve,15,15,15,4546.961,147,15,1,3594.96083,20,9,0,nan,92,0,0.394368
55021,630,F_coverage_integrated,15,15,15,4646.87,113,15,1,3895.870499,39,24,8,2213.4687677382612,59,0,0.839693
55021,630,G_rolling_coverage,15,15,15,4112.69,113,15,1,3362.689634,39,25,8,2213.4687677382612,60,0,0.82322
55021,630,I_ring_optimized,15,15,15,3837.501,109,15,1,3111.501464,35,24,8,2055.735487436636,60,0,0.871543
55021,630,J_ring7_1000,15,15,15,3988.385,128,15,1,3151.384816,40,28,8,2044.729096709769,74,0,1.240016
55021,630,Jplus_final,15,15,15,3951.672,118,15,1,3172.672323,30,27,0,1921.099384051249,73,0,0.182518
55021,631,C_region_q2,12,12,12,4576.319,140,12,1,3678.318675,10,0,0,nan,102,0,0.216151
55021,631,Cplus_completion_coobserve,12,12,12,4013.306,142,12,1,3105.306218,12,3,0,nan,102,0,0.196738
55021,631,F_coverage_integrated,12,12,12,4298.518,114,12,1,3557.518403,31,15,8,2270.003552191825,72,0,0.74327
55021,631,G_rolling_coverage,12,12,12,3879.972,117,12,1,3124.972341,34,21,8,2270.003552191825,72,0,0.779626
55021,631,I_ring_optimized,12,12,12,3491.861,111,12,1,2770.861353,28,17,8,2132.480083890418,72,0,0.742013
55021,631,J_ring7_1000,12,12,12,3001.978,115,12,1,2253.978152,32,22,7,2103.8018221453513,72,0,1.288404
55021,631,Jplus_final,12,12,12,3165.497,107,12,1,2465.49686,24,22,0,1891.0008091405468,72,0,0.110341
55021,632,C_region_q2,14,14,14,4414.048,130,14,1,3567.047909,11,0,0,nan,84,0,0.243409
55021,632,Cplus_completion_coobserve,14,14,14,4368.377,136,14,1,3488.3771,17,5,0,nan,84,0,0.257823
55021,632,F_coverage_integrated,14,14,14,4441.405,107,14,1,3739.405385,40,20,8,2136.82254309186,53,0,0.849664
55021,632,G_rolling_coverage,14,14,14,4781.972,111,14,1,4057.972235,44,24,8,2136.82254309186,54,0,0.739681
55021,632,I_ring_optimized,14,14,14,4500.432,106,14,1,3801.432122,39,24,8,2029.1377222574474,53,0,0.725405
55021,632,J_ring7_1000,14,14,14,3871.565,115,14,1,3116.565031,43,30,8,2028.316999780584,59,0,1.187727
55021,632,Jplus_final,14,14,14,4213.149,120,14,1,3432.148861,39,30,0,1917.675513944832,67,0,0.26763
55021,633,C_region_q2,10,10,10,3999.769,132,10,1,3158.768648,7,0,0,nan,100,0,0.230812
55021,633,Cplus_completion_coobserve,10,10,10,3567.117,132,10,1,2726.117147,7,3,0,nan,100,0,0.121797
55021,633,F_coverage_integrated,10,10,10,3584.994,115,10,1,2846.994387,25,14,8,2365.1213906386047,80,0,0.676605
55021,633,G_rolling_coverage,10,10,10,3579.933,115,10,1,2841.933427,25,15,8,2365.1213906386047,80,0,0.645832
55021,633,I_ring_optimized,10,10,10,3333.275,112,10,1,2612.275238,22,14,6,2145.200995520284,80,0,0.773959
55021,633,J_ring7_1000,10,10,10,3230.782,123,10,1,2443.781916,23,14,8,2103.1885800748605,90,0,0.858647
55021,633,Jplus_final,10,10,10,3265.291,120,10,1,2496.290558,20,18,0,2003.7226637654082,90,0,0.073814
55021,634,C_region_q2,12,12,12,4762.108,136,12,1,3887.108333,9,0,0,nan,101,0,0.23404
55021,634,Cplus_completion_coobserve,12,12,12,4190.145,138,12,1,3305.144563,11,4,0,nan,101,0,0.15474
55021,634,F_coverage_integrated,12,12,12,4034.726,115,12,1,3287.725753,28,12,8,2231.78283727104,75,0,0.705175
55021,634,G_rolling_coverage,12,12,12,4017.522,115,12,1,3271.521526,28,13,8,2231.78283727104,75,0,0.597243
55021,634,I_ring_optimized,12,12,12,3885.687,117,12,1,3124.686836,31,17,8,2103.166444077047,74,0,0.687813
55021,634,J_ring7_1000,12,12,12,3792.23,131,12,1,2950.230325,35,21,8,2099.1162584238455,86,0,1.319832
55021,634,Jplus_final,12,12,12,3692.519,119,12,1,2921.518943,23,20,0,1916.7427095449693,84,0,0.119907
55021,635,C_region_q2,13,13,13,4319.595,133,13,1,3457.594968,8,0,0,nan,93,0,0.240128
55021,635,Cplus_completion_coobserve,13,13,13,4011.282,136,13,1,3133.282097,11,5,0,nan,93,0,0.136753
55021,635,F_coverage_integrated,13,13,13,3946.407,112,13,1,3213.407494,34,21,8,2240.0348794152087,66,0,1.215441
55021,635,G_rolling_coverage,13,13,13,3941.197,113,13,1,3203.196526,35,22,8,2240.0348794152087,66,0,1.354281
55021,635,I_ring_optimized,13,13,13,3594.767,112,13,1,2861.766501,35,24,8,2138.143570459509,65,0,1.185386
55021,635,J_ring7_1000,13,13,13,3816.363,113,13,1,3078.362683,30,18,8,2032.2163342473402,71,0,0.927905
55021,635,Jplus_final,13,13,13,3463.298,102,13,1,2790.297622,19,16,0,1931.3828278334936,70,0,0.105267
55021,636,C_region_q2,12,12,12,5264.035,137,12,1,4385.035154,11,0,0,nan,97,0,0.37425
55021,636,Cplus_completion_coobserve,12,12,12,4855.43,138,12,1,3970.430243,12,4,0,nan,97,0,0.217036
55021,636,F_coverage_integrated,12,12,12,4239.494,117,12,1,3479.494441,32,21,8,2285.876381744004,73,0,0.912189
55021,636,G_rolling_coverage,12,12,12,4256.622,118,12,1,3491.622476,33,22,8,2285.876381744004,73,0,0.937111
55021,636,I_ring_optimized,12,12,12,4146.696,121,12,1,3365.696424,36,24,8,2187.203875470339,73,0,0.819223
55021,636,J_ring7_1000,12,12,12,4040.258,129,12,1,3208.257759,36,25,8,2081.573320453117,81,0,1.619243
55021,636,Jplus_final,12,12,12,4059.56,123,12,1,3263.560346,23,20,0,2000.5091418509562,88,0,0.153363
55021,637,C_region_q2,11,11,11,4411.594,132,11,1,3567.594281,11,0,0,nan,93,0,0.364399
55021,637,Cplus_completion_coobserve,11,11,11,3986.533,135,11,1,3127.533068,14,5,0,nan,93,0,0.228927
55021,637,F_coverage_integrated,11,11,11,3658.919,118,11,1,2900.918547,27,15,8,2216.8444759536546,81,0,0.514324
55021,637,G_rolling_coverage,11,11,11,3674.211,121,11,1,2898.210774,30,19,8,2216.8444759536546,81,0,0.474276
55021,637,I_ring_optimized,11,11,11,3533.844,122,11,1,2752.844361,31,20,8,2094.4521737849327,81,0,0.575273
55021,637,J_ring7_1000,11,11,11,3290.611,121,11,1,2511.610683,31,21,8,2011.3362258113532,79,0,1.519242
55021,637,Jplus_final,11,11,11,3427.671,107,11,1,2733.671048,19,18,0,1869.647457568141,77,0,0.105173
55021,638,C_region_q2,15,15,15,4338.315,120,15,1,3544.314954,13,0,0,nan,66,0,0.48263
55021,638,Cplus_completion_coobserve,15,15,15,3962.963,121,15,1,3163.963275,14,7,0,nan,66,0,0.228903
55021,638,F_coverage_integrated,15,15,15,4025.637,97,15,1,3373.636547,42,26,8,2087.745499652461,40,0,0.873625
55021,638,G_rolling_coverage,15,15,15,4025.297,99,15,1,3363.297304,44,30,8,2087.745499652461,40,0,0.849517
55021,638,I_ring_optimized,15,15,15,3970.698,100,15,1,3305.698063,45,31,8,1989.8110925906062,40,0,0.823889
55021,638,J_ring7_1000,15,15,15,3226.478,106,15,1,2520.478011,31,22,8,2138.7220934715074,60,0,1.302579
55021,638,Jplus_final,15,15,15,3504.109,99,15,1,2838.108807,29,26,0,1826.725073417008,55,0,0.120205
55021,639,C_region_q2,15,15,15,4785.667,137,15,1,3889.667134,10,0,0,nan,92,0,0.300391
55021,639,Cplus_completion_coobserve,15,15,15,4193.668,137,15,1,3297.667748,10,4,0,nan,92,0,0.249195
55021,639,F_coverage_integrated,15,15,15,4481.954,107,15,1,3766.954234,38,25,8,2181.853903058737,55,0,1.162234
55021,639,G_rolling_coverage,15,15,15,4057.84,106,15,1,3349.840444,37,28,8,2181.853903058737,55,0,0.947284
55021,639,I_ring_optimized,15,15,15,3946.647,112,15,1,3202.64655,43,30,8,2054.0360838657166,54,0,1.119557
55021,639,J_ring7_1000,15,15,15,3802.594,119,15,1,3020.593701,39,28,7,2034.618556205395,65,0,2.041049
55021,639,Jplus_final,15,15,15,3747.605,110,15,1,3018.605101,30,27,0,1839.436214442359,65,0,0.204412
55021,640,C_region_q2,14,14,14,5740.228,155,14,1,4742.228215,15,0,0,nan,115,0,0.37101
55021,640,Cplus_completion_coobserve,14,14,14,5063.122,163,14,1,4016.122012,23,10,0,nan,115,0,0.22516
55021,640,F_coverage_integrated,14,14,14,4608.197,117,14,1,3841.196892,30,16,8,2297.3406989925643,73,0,0.600031
55021,640,G_rolling_coverage,14,14,14,4614.543,118,14,1,3842.542851,31,17,8,2297.3406989925643,73,0,0.625726
55021,640,I_ring_optimized,14,14,14,4129.784,118,14,1,3357.783988,31,20,6,2095.6620898803703,73,0,1.266952
55021,640,J_ring7_1000,14,14,14,4092.408,134,14,1,3226.407518,35,22,8,2062.310848871947,85,0,0.443368
55021,640,Jplus_final,14,14,14,4323.063,137,14,1,3437.063237,30,25,0,1960.3209738821395,93,0,0.174297
55021,641,C_region_q2,12,12,12,4796.028,140,12,1,3898.028077,11,0,0,nan,99,0,0.35106
55021,641,Cplus_completion_coobserve,12,12,12,4135.721,142,12,1,3227.720817,13,6,0,nan,99,0,0.238884
55021,641,F_coverage_integrated,12,12,12,3746.597,106,12,1,3054.59669,28,15,8,2227.432449368176,67,0,0.62875
55021,641,G_rolling_coverage,12,12,12,3735.168,107,12,1,3038.167557,29,18,8,2227.432449368176,67,0,0.572515
55021,641,I_ring_optimized,12,12,12,3783.836,104,12,1,3105.836338,26,16,8,2083.657980307944,67,0,0.558328
55021,641,J_ring7_1000,12,12,12,3728.223,114,12,1,2986.222548,26,17,8,2031.1013038565395,78,0,0.661132
55021,641,Jplus_final,12,12,12,3629.929,109,12,1,2919.928861,21,19,0,1870.3749974091893,76,0,0.113226
55021,642,C_region_q2,13,13,13,4695.98,128,13,1,3863.9795,10,0,0,nan,85,0,0.363146
55021,642,Cplus_completion_coobserve,13,13,13,4248.426,131,13,1,3399.425844,13,5,0,nan,85,0,0.209685
55021,642,F_coverage_integrated,13,13,13,3956.456,106,13,1,3261.45552,31,18,7,2199.604197752302,62,0,1.620285
55021,642,G_rolling_coverage,13,13,13,3964.24,107,13,1,3262.240127,32,20,7,2199.604197752302,62,0,1.505963
55021,642,I_ring_optimized,13,13,13,3865.471,107,13,1,3164.47146,32,22,6,2040.0673912691357,62,0,1.1287
55021,642,J_ring7_1000,13,13,13,3732.717,124,13,1,2928.716696,38,26,8,2065.1602129770936,73,0,0.822997
55021,642,Jplus_final,13,13,13,3631.522,108,13,1,2923.521557,24,20,0,1887.353495888036,71,0,0.203854
55021,643,C_region_q2,16,16,16,5021.623,111,16,1,4279.62254,18,0,0,nan,60,0,0.558825
55021,643,Cplus_completion_coobserve,16,16,16,4396.131,119,16,1,3609.13084,26,11,0,nan,61,0,0.339033
55021,643,F_coverage_integrated,16,16,16,4643.005,111,16,1,3903.005251,43,24,8,1870.628663739066,52,0,0.883704
55021,643,G_rolling_coverage,16,16,16,4416.701,111,16,1,3678.700789,43,28,8,1870.628663739066,52,0,0.771669
55021,643,I_ring_optimized,16,16,16,4754.97,119,16,1,3974.970137,51,29,8,1773.1053120116082,52,0,0.989227
55021,643,J_ring7_1000,16,16,16,4368.146,123,16,1,3559.14605,45,27,7,1951.366906713087,62,0,1.451772
55021,643,Jplus_final,16,16,16,4418.469,112,16,1,3673.469205,34,26,0,1815.4611156421934,62,0,0.21146
55021,644,C_region_q2,16,16,16,5732.011,131,16,1,4869.011386,16,0,0,nan,81,0,0.546913
55021,644,Cplus_completion_coobserve,16,16,16,4466.369,135,16,1,3578.369103,20,10,0,nan,81,0,0.265639
55021,644,F_coverage_integrated,16,16,16,4251.151,106,16,1,3543.151344,39,20,7,1882.9973826185123,52,0,1.855022
55021,644,G_rolling_coverage,16,16,16,4310.4,109,16,1,3586.400136,42,27,7,1882.9973826185123,53,0,1.648023
55021,644,I_ring_optimized,16,16,16,3860.917,109,16,1,3132.917408,42,31,5,1699.9475702567743,52,0,1.603601
55021,644,J_ring7_1000,16,16,16,4000.284,113,16,1,3246.283637,39,25,6,1826.1598437199136,58,0,1.462452
55021,644,Jplus_final,16,16,16,4062.542,107,16,1,3345.541855,33,25,0,1666.6409174253686,58,0,0.186601
55021,645,C_region_q2,14,14,14,4393.442,141,14,1,3478.442455,14,0,0,nan,91,0,0.482317
55021,645,Cplus_completion_coobserve,14,14,14,3867.384,150,14,1,2898.384086,23,14,0,nan,91,0,0.235964
55021,645,F_coverage_integrated,14,14,14,3543.212,105,14,1,2845.211695,31,19,8,2257.6448360634254,60,0,0.747278
55021,645,G_rolling_coverage,14,14,14,3539.338,105,14,1,2842.338256,31,21,8,2257.6448360634254,60,0,0.701156
55021,645,I_ring_optimized,14,14,14,3402.972,105,14,1,2704.972393,31,21,8,2132.849224345677,60,0,0.883295
55021,645,J_ring7_1000,14,14,14,3258.016,119,14,1,2479.016231,38,27,8,2012.2378974061455,69,0,1.362351
55021,645,Jplus_final,14,14,14,3178.692,111,14,1,2445.692197,30,29,0,1905.0551821429365,67,0,0.110087
55021,646,C_region_q2,11,11,11,4858.445,139,11,1,3970.444901,11,0,0,nan,105,0,0.273378
55021,646,Cplus_completion_coobserve,11,11,11,4154.999,146,11,1,3230.999019,18,7,0,nan,105,0,0.27046
55021,646,F_coverage_integrated,11,11,11,4179.457,120,11,1,3409.456553,27,12,8,2261.1382518853893,84,0,1.512727
55021,646,G_rolling_coverage,11,11,11,4186.457,121,11,1,3409.456553,28,13,8,2261.1382518853893,84,0,1.497784
55021,646,I_ring_optimized,11,11,11,4012.007,117,11,1,3257.007088,24,14,7,2134.1452274788417,83,0,0.874332
55021,646,J_ring7_1000,11,11,11,3885.098,126,11,1,3077.098494,27,13,7,2113.5929878095167,88,0,1.617529
55021,646,Jplus_final,11,11,11,3709.028,133,11,1,2861.027586,22,15,0,1977.4876212774127,100,0,0.20385
55021,647,C_region_q2,10,10,10,4254.138,140,10,1,3365.138045,8,0,0,nan,111,0,0.175332
55021,647,Cplus_completion_coobserve,10,10,10,3965.644,147,10,1,3035.644286,15,8,0,nan,111,0,0.211965
55021,647,F_coverage_integrated,10,10,10,3378.71,110,10,1,2674.710113,24,12,8,2197.100728323037,76,0,0.978492
55021,647,G_rolling_coverage,10,10,10,3382.488,111,10,1,2673.487981,25,16,8,2197.100728323037,76,0,0.970389
55021,647,I_ring_optimized,10,10,10,3252.89,112,10,1,2534.889978,26,14,8,2079.2366379309124,76,0,0.881585
55021,647,J_ring7_1000,10,10,10,3063.416,125,10,1,2267.415608,25,15,8,2050.6818177864834,90,0,1.090432
55021,647,Jplus_final,10,10,10,3318.991,129,10,1,2497.991372,23,20,0,1955.5112758206205,96,0,0.128664
55021,648,C_region_q2,16,16,16,5289.86,125,16,1,4461.859848,13,0,0,nan,79,0,0.430509
55021,648,Cplus_completion_coobserve,16,16,16,4317.82,132,16,1,3451.820314,20,7,0,nan,79,0,0.370588
55021,648,F_coverage_integrated,16,16,16,4242.412,101,16,1,3560.411883,35,19,8,1933.3262331045717,50,0,1.793165
55021,648,G_rolling_coverage,16,16,16,4221.801,100,16,1,3546.800792,34,20,8,1933.3262331045717,50,0,1.760711
55021,648,I_ring_optimized,16,16,16,4023.533,106,16,1,3313.532712,40,26,7,1870.9742902762976,50,0,1.972605
55021,648,J_ring7_1000,16,16,16,4053.398,118,16,1,3271.398149,43,28,8,1954.923644227268,59,0,1.677557
55021,648,Jplus_final,16,16,16,3921.398,110,16,1,3188.397993,35,27,0,1782.4827219582169,59,0,0.31433
55021,649,C_region_q2,11,11,11,4599.909,133,11,1,3747.908886,10,0,0,nan,95,0,0.343031
55021,649,Cplus_completion_coobserve,11,11,11,4229.704,137,11,1,3355.703853,14,5,0,nan,95,0,0.246198
55021,649,F_coverage_integrated,11,11,11,4036.909,115,11,1,3296.909496,30,15,7,2173.7128664032043,75,0,1.214183
55021,649,G_rolling_coverage,11,11,11,4041.909,116,11,1,3296.909496,31,16,7,2173.7128664032043,75,0,1.166518
55021,649,I_ring_optimized,11,11,11,4209.765,113,11,1,3481.764909,28,12,7,2033.586582244294,75,0,0.998838
55021,649,J_ring7_1000,11,11,11,3839.967,122,11,1,3056.9665,27,17,8,2041.9685755536143,84,0,1.031126
55021,649,Jplus_final,11,11,11,3727.376,116,11,1,2978.376392,21,17,0,1917.6175772487275,84,0,0.155917
55021,650,C_region_q2,15,15,15,4642.373,134,15,1,3764.372911,12,0,0,nan,86,0,0.422763
55021,650,Cplus_completion_coobserve,15,15,15,4134.842,137,15,1,3241.842428,15,6,0,nan,86,0,0.32635
55021,650,F_coverage_integrated,15,15,15,3894.354,118,15,1,3114.353533,39,24,8,2284.8747079371724,64,0,0.968113
55021,650,G_rolling_coverage,15,15,15,3884.836,118,15,1,3105.836068,39,27,8,2284.8747079371724,64,0,0.885839
55021,650,I_ring_optimized,15,15,15,3680.252,105,15,1,2982.252332,33,21,8,2069.6927906768624,57,0,1.17959
55021,650,J_ring7_1000,15,15,15,3437.304,118,15,1,2659.30438,35,26,8,1976.8354768667564,68,0,1.047296
55021,650,Jplus_final,15,15,15,3461.444,110,15,1,2729.44357,27,26,0,1886.7268289456922,68,0,0.121198
55021,651,C_region_q2,12,12,12,4971.566,150,12,1,4014.566122,12,0,0,nan,116,0,0.381725
55021,651,Cplus_completion_coobserve,12,12,12,4987.468,156,12,1,3995.467578,18,5,0,nan,117,0,0.220205
55021,651,F_coverage_integrated,12,12,12,4286.734,122,12,1,3498.73388,24,11,6,2262.95526392065,86,0,1.217747
55021,651,G_rolling_coverage,12,12,12,4290.851,123,12,1,3497.85109,25,13,6,2262.95526392065,86,0,1.257249
55021,651,I_ring_optimized,12,12,12,4511.963,128,12,1,3689.962877,30,14,5,2068.9926285821175,87,0,0.98625
55021,651,J_ring7_1000,12,12,12,4542.367,139,12,1,3658.367422,31,14,5,2131.7754038289904,98,0,0.975377
55021,651,Jplus_final,12,12,12,4102.819,137,12,1,3224.819199,25,18,0,1985.0840217328173,100,0,0.212039
55021,652,C_region_q2,14,14,14,5980.299,150,14,1,5016.299098,18,0,0,nan,103,0,0.458385
55021,652,Cplus_completion_coobserve,14,14,14,4457.183,151,14,1,3486.183158,19,9,0,nan,103,0,0.262919
55021,652,F_coverage_integrated,14,14,14,4075.487,109,14,1,3359.487086,33,14,8,2219.671474998864,66,0,0.900182
55021,652,G_rolling_coverage,14,14,14,4061.764,112,14,1,3330.763738,36,17,8,2219.671474998864,66,0,0.925637
55021,652,I_ring_optimized,14,14,14,4351.841,123,14,1,3550.840939,40,25,8,2117.2849961203187,71,0,0.776869
55021,652,J_ring7_1000,14,14,14,4199.199,141,14,1,3293.198992,46,28,8,2187.200198269039,82,0,1.416059
55021,652,Jplus_final,14,14,14,4099.451,114,14,1,3351.451231,33,26,0,1879.5454754609268,67,0,0.216676
55021,653,C_region_q2,15,15,15,5152.798,143,15,1,4223.798087,15,0,0,nan,94,0,0.325973
55021,653,Cplus_completion_coobserve,15,15,15,4912.491,153,15,1,3922.490805,25,12,0,nan,94,0,0.264273
55021,653,F_coverage_integrated,15,15,15,4459.646,116,15,1,3695.646122,37,18,8,2218.3545013770577,64,0,0.576479
55021,653,G_rolling_coverage,15,15,15,3971.89,115,15,1,3210.88993,36,22,8,2218.3545013770577,64,0,0.565681
55021,653,I_ring_optimized,15,15,15,3886.494,114,15,1,3133.494005,35,22,8,2113.7786029486583,64,0,0.517682
55021,653,J_ring7_1000,15,15,15,3756.525,125,15,1,2935.524966,37,28,8,2025.6250274636234,73,0,0.59957
55021,653,Jplus_final,15,15,15,3659.441,115,15,1,2898.440707,27,27,0,1876.3209738821395,73,0,0.072062
55021,654,C_region_q2,10,10,10,4488.145,140,10,1,3599.145436,9,0,0,nan,108,0,0.275464
55021,654,Cplus_completion_coobserve,10,10,10,4218.805,144,10,1,3309.804579,13,5,0,nan,108,0,0.175784
55021,654,F_coverage_integrated,10,10,10,3712.169,116,10,1,2967.169132,19,9,7,2365.4076619254593,87,0,0.642859
55021,654,G_rolling_coverage,10,10,10,3711.373,116,10,1,2966.37349,19,10,7,2365.4076619254593,87,0,0.611849
55021,654,I_ring_optimized,10,10,10,3584.356,118,10,1,2830.355817,21,11,7,2137.1614419601915,87,0,0.841814
55021,654,J_ring7_1000,10,10,10,3637.229,129,10,1,2815.228847,25,16,8,2084.101995735755,94,0,0.841897
55021,654,Jplus_final,10,10,10,3553.611,122,10,1,2773.611477,18,16,0,1967.7051933582575,94,0,0.074844
55021,655,C_region_q2,11,11,11,5481.236,139,11,1,4597.2362,14,0,0,nan,98,0,0.359462
55021,655,Cplus_completion_coobserve,11,11,11,4875.1,141,11,1,3977.100386,16,6,0,nan,98,0,0.162094
55021,655,F_coverage_integrated,11,11,11,4020.977,110,11,1,3306.977492,27,16,8,2276.6234019420376,73,0,0.995028
55021,655,G_rolling_coverage,11,11,11,4020.977,110,11,1,3306.977492,27,16,8,2276.6234019420376,73,0,1.061626
55021,655,I_ring_optimized,11,11,11,4113.967,112,11,1,3390.966812,29,16,8,2090.805973441603,73,0,0.815364
55021,655,J_ring7_1000,11,11,11,3773.81,118,11,1,3012.80968,25,12,8,2000.6095108550837,82,0,1.202309
55021,655,Jplus_final,11,11,11,3832.345,117,11,1,3079.34455,24,18,0,1927.8362336459415,82,0,0.162691
55021,656,C_region_q2,11,11,11,5192.04,151,11,1,4235.039688,13,0,0,nan,116,0,0.249242
55021,656,Cplus_completion_coobserve,11,11,11,4458.304,151,11,1,3501.303877,13,4,0,nan,116,0,0.116936
55021,656,F_coverage_integrated,11,11,11,4372.031,118,11,1,3614.030666,27,11,8,2240.8518631712686,80,0,0.459753
55021,656,G_rolling_coverage,11,11,11,4310.705,122,11,1,3527.705166,31,14,8,2240.8518631712686,80,0,0.520944
55021,656,I_ring_optimized,11,11,11,4292.156,118,11,1,3532.155892,27,11,8,2070.0720339373474,81,0,0.467093
55021,656,J_ring7_1000,11,11,11,3847.39,130,11,1,3018.389873,27,14,6,2016.5426094421553,93,0,1.085427
55021,656,Jplus_final,11,11,11,3844.478,123,11,1,3054.477923,20,14,0,1940.3137166057447,92,0,0.173355
55021,657,C_region_q2,15,15,15,5916.798,150,15,1,4946.797836,18,0,0,nan,102,0,0.511443
55021,657,Cplus_completion_coobserve,15,15,15,5072.265,158,15,1,4058.264704,26,12,0,nan,102,0,0.291697
55021,657,F_coverage_integrated,15,15,15,4686.511,116,15,1,3918.511024,31,17,6,2232.2563053939098,70,0,1.204312
55021,657,G_rolling_coverage,15,15,15,4425.359,116,15,1,3657.358585,31,21,6,2232.2563053939098,70,0,1.070973
55021,657,I_ring_optimized,15,15,15,4297.507,122,15,1,3499.50657,38,25,4,2084.156079622584,69,0,1.395846
55021,657,J_ring7_1000,15,15,15,4034.145,120,15,1,3242.145111,32,21,5,1920.6547328231986,73,0,1.300476
55021,657,Jplus_final,15,15,15,4144.971,115,15,1,3384.971063,31,23,0,1851.4490100086264,69,0,0.316947
55021,658,C_region_q2,13,13,13,5126.068,142,13,1,4210.068214,11,0,0,nan,102,0,0.394541
55021,658,Cplus_completion_coobserve,13,13,13,4507.138,146,13,1,3571.138039,15,5,0,nan,102,0,0.335938
55021,658,F_coverage_integrated,13,13,13,4473.933,114,13,1,3730.933039,33,19,7,2301.9287948033757,69,0,1.571275
55021,658,G_rolling_coverage,13,13,13,4473.933,114,13,1,3730.933039,33,19,7,2301.9287948033757,69,0,1.66412
55021,658,I_ring_optimized,13,13,13,4275.818,113,13,1,3537.81826,32,20,6,2099.1071636363513,68,0,2.128385
55021,658,J_ring7_1000,13,13,13,4316.562,131,13,1,3471.562122,36,18,8,2035.93422941053,83,0,1.257271
55021,658,Jplus_final,13,13,13,4018.967,119,13,1,3244.967496,24,17,0,1908.2701111125011,82,0,0.330081
55021,659,C_region_q2,11,11,11,5090.09,147,11,1,4155.09002,12,0,0,nan,111,0,0.432625
55021,659,Cplus_completion_coobserve,11,11,11,4151.477,153,11,1,3184.477467,18,8,0,nan,111,0,0.308929
55021,659,F_coverage_integrated,11,11,11,4033.309,121,11,1,3253.308593,24,14,8,2326.963399011732,86,0,1.182366
55021,659,G_rolling_coverage,11,11,11,4023.807,121,11,1,3243.806684,24,16,8,2326.963399011732,86,0,1.079838
55021,659,I_ring_optimized,11,11,11,3963.792,124,11,1,3167.791739,27,15,8,2214.9153570146996,86,0,1.036368
55021,659,J_ring7_1000,11,11,11,3819.146,138,11,1,2941.146374,31,22,8,2128.3565472877845,96,0,1.125013
55021,659,Jplus_final,11,11,11,3733.446,133,11,1,2884.445993,26,22,0,1960.3209738821395,96,0,0.176457
55021,660,C_region_q2,15,15,15,4651.707,137,15,1,3756.706532,13,0,0,nan,89,0,0.466784
55021,660,Cplus_completion_coobserve,15,15,15,4296.111,141,15,1,3381.110556,17,8,0,nan,89,0,0.31792
55021,660,F_coverage_integrated,15,15,15,4298.033,108,15,1,3580.033004,37,21,8,2207.032557914018,57,0,0.980789
55021,660,G_rolling_coverage,15,15,15,4062.946,108,15,1,3344.945916,37,24,8,2207.032557914018,57,0,0.91857
55021,660,I_ring_optimized,15,15,15,3840.661,106,15,1,3132.660903,36,25,8,2095.532592858086,55,0,1.191274
55021,660,J_ring7_1000,15,15,15,3837.065,113,15,1,3089.064633,37,25,8,1956.4880027382242,63,0,1.731103
55021,660,Jplus_final,15,15,15,3753.796,102,15,1,3068.796386,26,23,0,1864.1683768902978,61,0,0.165331
55021,661,C_region_q2,13,13,13,5106.234,151,13,1,4136.233953,13,0,0,nan,114,0,0.42296
55021,661,Cplus_completion_coobserve,13,13,13,4419.871,154,13,1,3431.871082,16,8,0,nan,114,0,0.309871
55021,661,F_coverage_integrated,13,13,13,4494.119,123,13,1,3694.119114,32,17,8,2267.889910640994,78,0,0.909662
55021,661,G_rolling_coverage,13,13,13,4262.438,121,13,1,3475.437839,30,18,8,2267.889910640994,78,0,0.831628
55021,661,I_ring_optimized,13,13,13,4129.223,122,13,1,3335.222906,31,20,6,2114.956470209339,78,0,1.337815
55021,661,J_ring7_1000,13,13,13,4017.088,138,13,1,3131.08798,31,18,6,2079.562730700807,94,0,1.090595
55021,661,Jplus_final,13,13,13,4016.677,133,13,1,3157.677269,26,18,0,1936.3209738821395,94,0,0.310712
55021,662,C_region_q2,11,11,11,4895.31,144,11,1,3978.310073,11,0,0,nan,110,0,0.30376
55021,662,Cplus_completion_coobserve,11,11,11,4625.048,146,11,1,3698.047582,13,2,0,nan,110,0,0.319661
55021,662,F_coverage_integrated,11,11,11,4310.177,118,11,1,3551.177159,24,11,8,2224.9375163363075,83,0,0.424827
55021,662,G_rolling_coverage,11,11,11,4309.517,118,11,1,3550.517149,24,12,8,2224.9375163363075,83,0,0.348997
55021,662,I_ring_optimized,11,11,11,4164.326,122,11,1,3384.326112,28,13,8,2130.3880563296,84,0,0.993962
55021,662,J_ring7_1000,11,11,11,4203.925,136,11,1,3338.925201,27,16,4,2046.7120565363698,98,0,0.841775
55021,662,Jplus_final,11,11,11,4165.416,130,11,1,3335.416303,21,17,0,1966.3209738821395,98,0,0.176672
55021,663,C_region_q2,16,16,16,4975.516,132,16,1,4105.516268,12,0,0,nan,81,0,0.402026
55021,663,Cplus_completion_coobserve,16,16,16,4443.146,135,16,1,3557.146405,15,6,0,nan,81,0,0.23893
55021,663,F_coverage_integrated,16,16,16,4050.648,99,16,1,3379.648494,40,27,8,2180.654382949321,44,0,1.337405
55021,663,G_rolling_coverage,16,16,16,4048.264,99,16,1,3377.264276,40,28,8,2180.654382949321,44,0,1.300084
55021,663,I_ring_optimized,16,16,16,4002.303,104,16,1,3302.302794,45,29,8,2045.6477114546983,43,0,1.329519
55021,663,J_ring7_1000,16,16,16,3547.225,106,16,1,2835.224775,39,24,8,1902.4042495572965,51,0,1.459051
55021,663,Jplus_final,16,16,16,3338.647,87,16,1,2738.647144,27,23,0,1590.0570732302313,44,0,0.175112
55021,664,C_region_q2,16,16,16,5118.428,115,16,1,4353.427749,19,0,0,nan,64,0,0.599933
55021,664,Cplus_completion_coobserve,16,16,16,4214.367,120,16,1,3418.366619,24,11,0,nan,64,0,0.238834
55021,664,F_coverage_integrated,16,16,16,4121.371,94,16,1,3481.370834,42,25,8,1822.7429118977354,37,0,1.138287
55021,664,G_rolling_coverage,16,16,16,4115.755,93,16,1,3481.754834,41,25,8,1822.7429118977354,37,0,1.177134
55021,664,I_ring_optimized,16,16,16,4027.707,91,16,1,3405.706567,39,24,8,1715.283140857767,37,0,1.467275
55021,664,J_ring7_1000,16,16,16,3655.067,105,16,1,2955.066504,46,28,8,1550.382971377255,44,0,1.628342
55021,664,Jplus_final,16,16,16,3823.282,94,16,1,3187.281613,35,22,0,1325.2139825880931,43,0,0.390987
55021,665,C_region_q2,16,16,16,4757.557,121,16,1,3953.556865,14,0,0,nan,71,0,0.470433
55021,665,Cplus_completion_coobserve,16,16,16,4248.209,124,16,1,3426.209353,17,9,0,nan,71,0,0.272413
55021,665,F_coverage_integrated,16,16,16,3683.738,87,16,1,3084.738244,39,24,8,1555.7967815676081,34,0,1.229045
55021,665,G_rolling_coverage,16,16,16,3662.328,89,16,1,3052.328081,41,29,8,1555.7967815676081,34,0,1.143808
55021,665,I_ring_optimized,16,16,16,3732.415,96,16,1,3092.415028,53,34,8,1155.8094716717083,30,0,1.106798
55021,665,J_ring7_1000,16,16,16,3845.053,94,16,1,3208.053122,43,25,8,1210.5696616106702,36,0,1.483243
55021,665,Jplus_final,16,16,16,3998.041,101,16,1,3319.040684,34,27,0,1785.9959167763557,51,0,0.281719
55021,666,C_region_q2,14,14,14,5584.514,141,14,1,4669.514009,13,0,0,nan,97,0,0.391547
55021,666,Cplus_completion_coobserve,14,14,14,4876.012,146,14,1,3934.011539,18,9,0,nan,97,0,0.295536
55021,666,F_coverage_integrated,14,14,14,4245.752,110,14,1,3521.752434,31,18,4,2139.0863244881343,66,0,0.845148
55021,666,G_rolling_coverage,14,14,14,4265.439,114,14,1,3521.438746,35,23,4,2139.0863244881343,66,0,0.857125
55021,666,I_ring_optimized,14,14,14,4248.734,115,14,1,3496.734406,36,22,7,2127.228930381679,66,0,1.186566
55021,666,J_ring7_1000,14,14,14,4216.493,129,14,1,3375.492951,42,28,8,2132.988153279771,73,0,1.096813
55021,666,Jplus_final,14,14,14,4012.564,113,14,1,3267.564109,26,21,0,1910.3007984956537,73,0,0.23771
55021,667,C_region_q2,14,14,14,5400.756,145,14,1,4463.756419,14,0,0,nan,102,0,0.332775
55021,667,Cplus_completion_coobserve,14,14,14,4742.049,149,14,1,3781.048961,18,7,0,nan,102,0,0.225749
55021,667,F_coverage_integrated,14,14,14,4278.591,114,14,1,3528.590737,36,19,8,2202.0172003578427,65,0,0.774994
55021,667,G_rolling_coverage,14,14,14,4244.707,115,14,1,3489.707048,37,22,8,2202.0172003578427,65,0,0.689813
55021,667,I_ring_optimized,14,14,14,4070.309,115,14,1,3316.30912,37,22,8,2076.154313675158,65,0,0.756801
55021,667,J_ring7_1000,14,14,14,3890.055,123,14,1,3086.054729,35,21,8,2040.1495741199003,75,0,1.069342
55021,667,Jplus_final,14,14,14,4121.108,128,14,1,3287.107785,35,31,0,1939.9910114475317,79,0,0.227241
55021,668,C_region_q2,10,10,10,4379.798,141,10,1,3484.797649,8,0,0,nan,111,0,0.262934
55021,668,Cplus_completion_coobserve,10,10,10,3859.467,147,10,1,2930.467366,14,6,0,nan,111,0,0.22411
55021,668,F_coverage_integrated,10,10,10,3574.258,108,10,1,2879.257576,21,13,3,2124.0306592692414,77,0,1.284905
55021,668,G_rolling_coverage,10,10,10,3563.021,110,10,1,2860.020648,23,16,3,2124.0306592692414,77,0,1.231275
55021,668,I_ring_optimized,10,10,10,3468.429,110,10,1,2763.428504,23,17,2,2013.0743393268172,78,0,0.865472
55021,668,J_ring7_1000,10,10,10,3519.909,138,10,1,2645.908992,31,24,5,2043.552725898363,97,0,1.362154
55021,668,Jplus_final,10,10,10,3642.132,126,10,1,2839.131552,23,19,0,1918.3209738821397,93,0,0.195909
55021,669,C_region_q2,13,13,13,4980.013,144,13,1,4052.013054,12,0,0,nan,101,0,0.425119
55021,669,Cplus_completion_coobserve,13,13,13,4382.242,146,13,1,3443.242343,14,6,0,nan,101,0,0.246013
55021,669,F_coverage_integrated,13,13,13,3976.334,104,13,1,3292.333535,26,15,6,2219.7373733037857,65,0,0.962091
55021,669,G_rolling_coverage,13,13,13,3975.332,104,13,1,3291.332221,26,16,6,2219.7373733037857,65,0,0.916343
55021,669,I_ring_optimized,13,13,13,3863.574,109,13,1,3146.57435,31,22,8,2125.288239893243,66,0,1.136363
55021,669,J_ring7_1000,13,13,13,4070.582,123,13,1,3271.58181,34,22,8,2106.7220360418482,76,0,2.126119
55021,669,Jplus_final,13,13,13,3984.952,115,13,1,3234.951895,30,26,0,1870.7481168854279,72,0,0.218058
55021,670,C_region_q2,16,16,16,5004.948,132,16,1,4133.948085,8,0,0,nan,83,0,0.361471
55021,670,Cplus_completion_coobserve,16,16,16,4444.836,133,16,1,3568.835872,9,3,0,nan,83,0,0.230028
55021,670,F_coverage_integrated,16,16,16,4240.321,90,16,1,3621.32146,35,21,8,1953.1098368036241,40,0,1.588982
55021,670,G_rolling_coverage,16,16,16,4209.797,91,16,1,3586.79708,36,24,8,1953.1098368036241,40,0,1.596687
55021,670,I_ring_optimized,16,16,16,3960.222,92,16,1,3331.222404,37,25,8,1926.099887297422,40,0,1.313515
55021,670,J_ring7_1000,16,16,16,3587.583,101,16,1,2909.582686,45,26,8,1531.4530158795626,41,0,1.978018
55021,670,Jplus_final,16,16,16,3835.395,96,16,1,3189.394771,40,27,0,1361.8953490884692,40,0,0.436414
55021,671,C_region_q2,15,15,15,4962.432,143,15,1,4032.432381,15,0,0,nan,90,0,0.453591
55021,671,Cplus_completion_coobserve,15,15,15,4574.973,151,15,1,3597.972515,23,12,0,nan,90,0,0.321967
55021,671,F_coverage_integrated,15,15,15,4369.661,109,15,1,3643.661189,37,22,8,2287.685697768043,59,0,0.870442
55021,671,G_rolling_coverage,15,15,15,3942.664,110,15,1,3213.663729,38,26,8,2287.685697768043,59,0,0.879549
55021,671,I_ring_optimized,15,15,15,3895.536,108,15,1,3177.536307,36,24,8,2096.0412763011554,60,0,0.890535
55021,671,J_ring7_1000,15,15,15,3530.863,114,15,1,2773.863223,41,30,8,1998.023440181055,58,0,1.019058
55021,671,Jplus_final,15,15,15,3508.693,106,15,1,2800.69323,33,32,0,1835.8908133311786,58,0,0.115049
55021,672,C_region_q2,10,10,10,4453.056,143,10,1,3546.056218,8,0,0,nan,114,0,0.251826
55021,672,Cplus_completion_coobserve,10,10,10,4055.023,147,10,1,3125.023162,12,5,0,nan,114,0,0.180829
55021,672,F_coverage_integrated,10,10,10,3882.643,127,10,1,3074.643457,22,13,5,2274.599132613619,95,0,0.769112
55021,672,G_rolling_coverage,10,10,10,3893.722,129,10,1,3075.72239,24,15,5,2274.599132613619,95,0,0.746218
55021,672,I_ring_optimized,10,10,10,3721.857,126,10,1,2918.857433,21,14,5,2126.26326664824,95,0,0.723147
55021,672,J_ring7_1000,10,10,10,3750.374,143,10,1,2844.374329,27,15,8,2177.2011776612294,106,0,1.807123
55021,672,Jplus_final,10,10,10,3596.667,134,10,1,2743.667176,18,15,0,2016.8893389227019,106,0,0.106648
55021,673,C_region_q2,15,15,15,5028.704,137,15,1,4132.703611,12,0,0,nan,91,0,0.415271
55021,673,Cplus_completion_coobserve,15,15,15,4633.674,140,15,1,3722.674425,15,5,0,nan,91,0,0.232129
55021,673,F_coverage_integrated,15,15,15,4497.675,113,15,1,3747.674793,33,19,8,2308.54106289058,66,0,1.843401
55021,673,G_rolling_coverage,15,15,15,4504.34,114,15,1,3749.339599,34,20,8,2308.54106289058,66,0,1.777264
55021,673,I_ring_optimized,15,15,15,3992.45,112,15,1,3247.450492,32,19,8,2150.3715290678633,67,0,1.445913
55021,673,J_ring7_1000,15,15,15,3927.967,121,15,1,3130.966514,37,25,8,2096.6576603914496,70,0,1.470913
55021,673,Jplus_final,15,15,15,3734.092,109,15,1,3009.091501,25,21,0,1908.1928084348542,69,0,0.185349
55021,674,C_region_q2,12,12,12,4946.164,139,12,1,4053.164318,10,0,0,nan,99,0,0.424258
55021,674,Cplus_completion_coobserve,12,12,12,4117.697,143,12,1,3203.697372,14,4,0,nan,99,0,0.383272
55021,674,F_coverage_integrated,12,12,12,3865.981,112,12,1,3136.980593,25,14,7,2367.6275352851217,75,0,0.725639
55021,674,G_rolling_coverage,12,12,12,3864.691,112,12,1,3135.691094,25,15,7,2367.6275352851217,75,0,0.706686
55021,674,I_ring_optimized,12,12,12,3886.446,113,12,1,3150.446276,26,18,6,2182.848580810734,75,0,0.88928
55021,674,J_ring7_1000,12,12,12,3740.402,126,12,1,2927.402311,32,22,8,2159.5451618804136,82,0,1.054231
55021,674,Jplus_final,12,12,12,3591.873,116,12,1,2841.872516,25,21,0,1937.1379406243773,79,0,0.187156
55021,675,C_region_q2,14,14,14,5183.569,140,14,1,4274.568895,13,0,0,nan,96,0,0.369198
55021,675,Cplus_completion_coobserve,14,14,14,4117.68,144,14,1,3187.680295,17,7,0,nan,96,0,0.254385
55021,675,F_coverage_integrated,14,14,14,4000.258,109,14,1,3281.258344,30,16,8,2349.6012799858877,65,0,0.49534
55021,675,G_rolling_coverage,14,14,14,4000.018,109,14,1,3281.018304,30,17,8,2349.6012799858877,65,0,0.497649
55021,675,I_ring_optimized,14,14,14,3615.623,107,14,1,2906.622712,28,17,8,2234.4804037267145,65,0,0.56929
55021,675,J_ring7_1000,14,14,14,3588.007,122,14,1,2788.007262,33,24,8,2144.036256316295,76,0,0.807646
55021,675,Jplus_final,14,14,14,3535.944,104,14,1,2843.943561,21,21,0,1878.2349391530008,69,0,0.069243
55021,676,C_region_q2,13,13,13,4513.767,132,13,1,3657.766654,9,0,0,nan,88,0,0.450558
55021,676,Cplus_completion_coobserve,13,13,13,4003.814,132,13,1,3147.813556,9,4,0,nan,88,0,0.203488
55021,676,F_coverage_integrated,13,13,13,3486.322,106,13,1,2787.32233,35,25,8,2240.672171731497,58,0,1.021728
55021,676,G_rolling_coverage,13,13,13,3486.322,106,13,1,2787.32233,35,25,8,2240.672171731497,58,0,0.960412
55021,676,I_ring_optimized,13,13,13,3395.005,101,13,1,2727.004687,30,21,8,2157.204481901923,58,0,0.841044
55021,676,J_ring7_1000,13,13,13,3716.058,114,13,1,2974.057847,34,19,7,2049.7461896040722,69,0,1.65049
55021,676,Jplus_final,13,13,13,3707.823,110,13,1,2986.823443,28,21,0,1912.3418516722368,69,0,0.235316
55021,677,C_region_q2,13,13,13,4685.019,128,13,1,3853.018655,9,0,0,nan,88,0,0.369075
55021,677,Cplus_completion_coobserve,13,13,13,4193.237,135,13,1,3323.2367,16,6,0,nan,88,0,0.344337
55021,677,F_coverage_integrated,13,13,13,4325.372,116,13,1,3568.371689,36,22,6,2192.322985949035,67,0,1.108451
55021,677,G_rolling_coverage,13,13,13,4270.613,117,13,1,3507.613127,37,25,6,2192.322985949035,67,0,1.049809
55021,677,I_ring_optimized,13,13,13,4161.86,115,13,1,3409.860402,35,23,7,2109.6467247546,67,0,1.279305
55021,677,J_ring7_1000,13,13,13,4054.329,124,13,1,3247.328724,34,23,7,1985.1262611400641,77,0,1.654706
55021,677,Jplus_final,13,13,13,3983.094,114,13,1,3237.093733,24,20,0,1876.3209738821397,77,0,0.231232
55021,678,C_region_q2,15,15,15,4662.932,142,15,1,3736.931798,14,0,0,nan,94,0,0.454308
55021,678,Cplus_completion_coobserve,15,15,15,4169.505,142,15,1,3243.505271,14,6,0,nan,94,0,0.266006
55021,678,F_coverage_integrated,15,15,15,4528.939,108,15,1,3807.939273,33,17,8,2087.439281666263,60,0,0.476806
55021,678,G_rolling_coverage,15,15,15,4301.633,108,15,1,3581.633316,33,22,8,2087.439281666263,60,0,0.395882
55021,678,I_ring_optimized,15,15,15,3785.523,106,15,1,3077.522595,31,20,8,2047.7757924171906,60,0,0.60593
55021,678,J_ring7_1000,15,15,15,3684.187,118,15,1,2904.186982,35,23,8,1975.3438195449357,68,0,0.87592
55021,678,Jplus_final,15,15,15,3670.925,117,15,1,2897.924876,34,30,0,1889.6813513747336,68,0,0.196065
55021,679,C_region_q2,13,13,13,5136.707,140,13,1,4233.706731,12,0,0,nan,96,0,0.354554
55021,679,Cplus_completion_coobserve,13,13,13,4413.43,143,13,1,3492.430488,15,8,0,nan,96,0,0.238671
55021,679,F_coverage_integrated,13,13,13,4273.41,109,13,1,3560.409767,32,17,8,2203.0321674698707,64,0,0.818262
55021,679,G_rolling_coverage,13,13,13,4198.19,106,13,1,3503.190325,29,19,8,2203.0321674698707,64,0,0.707184
55021,679,I_ring_optimized,13,13,13,4148.967,116,13,1,3394.967499,34,20,8,2119.73352562915,69,0,1.384795
55021,679,J_ring7_1000,13,13,13,4264.757,128,13,1,3439.75738,36,21,8,2095.796750042168,79,0,1.331262
55021,679,Jplus_final,13,13,13,4192.776,120,13,1,3412.775802,28,20,0,1935.5375587433891,79,0,0.217855
55021,680,C_region_q2,14,14,14,4763.323,140,14,1,3855.322994,12,0,0,nan,93,0,0.395373
55021,680,Cplus_completion_coobserve,14,14,14,4214.188,141,14,1,3300.188352,13,6,0,nan,93,0,0.179407
55021,680,F_coverage_integrated,14,14,14,4430.849,120,14,1,3646.848911,47,26,8,2177.4664610933396,62,0,1.065769
55021,680,G_rolling_coverage,14,14,14,3946.456,120,14,1,3164.456358,47,30,8,2177.4664610933396,61,0,1.048175
55021,680,I_ring_optimized,14,14,14,3770.404,130,14,1,2926.40351,58,41,8,2119.1910242620797,61,0,1.21832
55021,680,J_ring7_1000,14,14,14,4064.957,132,14,1,3212.956777,50,34,8,2043.338779746607,71,0,1.387955
55021,680,Jplus_final,14,14,14,3757.738,120,14,1,2973.737913,33,30,0,1950.3926345514121,73,0,0.127708
55021,681,C_region_q2,12,12,12,4718.546,136,12,1,3843.545673,11,0,0,nan,102,0,0.267978
55021,681,Cplus_completion_coobserve,12,12,12,4059.133,140,12,1,3161.132923,15,7,0,nan,102,0,0.223642
55021,681,F_coverage_integrated,12,12,12,4024.353,121,12,1,3241.352965,27,15,6,2304.475816479172,83,0,1.312323
55021,681,G_rolling_coverage,12,12,12,4016.858,120,12,1,3240.857989,26,15,6,2304.475816479172,83,0,1.381725
55021,681,I_ring_optimized,12,12,12,3855.633,123,12,1,3063.633271,29,17,6,2139.611506931551,83,0,1.401598
55021,681,J_ring7_1000,12,12,12,4159.715,133,12,1,3304.715386,30,20,4,2030.0883368902523,91,0,1.033965
55021,681,Jplus_final,12,12,12,3935.808,128,12,1,3111.807537,25,19,0,1967.8259264539433,91,0,0.191129
55021,682,C_region_q2,16,16,16,5423.997,136,16,1,4531.996532,18,0,0,nan,88,0,0.639562
55021,682,Cplus_completion_coobserve,16,16,16,4366.78,145,16,1,3420.780013,27,13,0,nan,88,0,0.420157
55021,682,F_coverage_integrated,16,16,16,4464.46,122,16,1,3657.460142,48,27,8,1950.5897760460512,60,0,1.063747
55021,682,G_rolling_coverage,16,16,16,4485.081,122,16,1,3680.080858,48,28,8,1950.5897760460512,60,0,1.011012
55021,682,I_ring_optimized,16,16,16,4211.28,119,16,1,3423.279663,45,29,8,1822.605993703393,60,0,0.94709
55021,682,J_ring7_1000,16,16,16,3950.014,130,16,1,3095.014412,46,31,8,1973.0845912718253,69,0,1.070282
55021,682,Jplus_final,16,16,16,3991.742,106,16,1,3281.74195,33,23,0,1450.0836772286145,57,0,0.307334
55021,683,C_region_q2,13,13,13,4898.415,142,13,1,3982.415484,11,0,0,nan,102,0,0.378601
55021,683,Cplus_completion_coobserve,13,13,13,4378.732,146,13,1,3440.73184,15,6,0,nan,102,0,0.146279
55021,683,F_coverage_integrated,13,13,13,3849.651,108,13,1,3139.650754,31,19,7,2155.8988930655255,65,0,1.972036
55021,683,G_rolling_coverage,13,13,13,3841.229,108,13,1,3131.229481,31,21,7,2155.8988930655255,65,0,1.941668
55021,683,I_ring_optimized,13,13,13,4117.708,113,13,1,3381.70792,37,22,7,2038.239351839279,64,0,1.621126
55021,683,J_ring7_1000,13,13,13,3874.643,139,13,1,2980.643283,36,24,8,2069.801942270491,91,0,0.925129
55021,683,Jplus_final,13,13,13,3937.857,135,13,1,3069.856573,32,28,0,1948.3209738821395,90,0,0.126968
55021,684,C_region_q2,11,11,11,4793.283,138,11,1,3911.282939,10,0,0,nan,104,0,0.32926
55021,684,Cplus_completion_coobserve,11,11,11,4132.216,139,11,1,3245.216311,11,4,0,nan,104,0,0.182158
55021,684,F_coverage_integrated,11,11,11,4131.731,126,11,1,3323.730948,32,18,8,2388.1918134934376,85,0,1.252103
55021,684,G_rolling_coverage,11,11,11,4121.302,126,11,1,3313.302182,32,19,8,2388.1918134934376,85,0,1.236361
55021,684,I_ring_optimized,11,11,11,3838.775,125,11,1,3038.775029,31,17,7,2276.7036912966123,86,0,1.886179
55021,684,J_ring7_1000,11,11,11,3752.264,134,11,1,2897.264488,31,17,8,2123.4114946644,92,0,1.67213
55021,684,Jplus_final,11,11,11,3722.522,127,11,1,2908.521746,24,17,0,1948.7491164881699,92,0,0.224438
55021,685,C_region_q2,10,10,10,4392.274,134,10,1,3540.273543,9,0,0,nan,103,0,0.242458
55021,685,Cplus_completion_coobserve,10,10,10,4112.462,135,10,1,3253.461953,10,3,0,nan,103,0,0.181338
55021,685,F_coverage_integrated,10,10,10,4073.352,112,10,1,3353.352094,21,9,8,2244.1914569354535,81,0,1.31128
55021,685,G_rolling_coverage,10,10,10,4073.352,112,10,1,3353.352094,21,9,8,2244.1914569354535,81,0,1.245989
55021,685,I_ring_optimized,10,10,10,3922.377,111,10,1,3208.377271,20,8,8,2083.030667511984,81,0,0.920794
55021,685,J_ring7_1000,10,10,10,4009.141,127,10,1,3205.140886,24,7,7,2022.8571862928852,93,0,1.065547
55021,685,Jplus_final,10,10,10,4104.713,124,10,1,3315.713053,21,13,0,1965.2900780685868,93,0,0.225639
55021,686,C_region_q2,15,15,15,5423.46,143,15,1,4494.45952,15,0,0,nan,97,0,0.43226
55021,686,Cplus_completion_coobserve,15,15,15,4824.654,149,15,1,3860.654365,21,7,0,nan,97,0,0.30224
55021,686,F_coverage_integrated,15,15,15,4521.889,111,15,1,3788.889276,37,17,8,2176.2926816987774,59,0,1.021721
55021,686,G_rolling_coverage,15,15,15,4342.589,109,15,1,3618.589434,35,18,8,2176.2926816987774,59,0,0.993746
55021,686,I_ring_optimized,15,15,15,4245.317,108,15,1,3531.316986,35,17,8,2131.4371344611695,60,0,0.910559
55021,686,J_ring7_1000,15,15,15,4141.161,115,15,1,3379.160919,42,28,8,2025.6358028001587,58,0,1.634197
55021,686,Jplus_final,15,15,15,4119.592,105,15,1,3419.592384,32,25,0,1843.204113911854,58,0,0.278002
55021,687,C_region_q2,12,12,12,4814.359,145,12,1,3887.359173,12,0,0,nan,107,0,0.304998
55021,687,Cplus_completion_coobserve,12,12,12,4402.645,146,12,1,3470.645042,13,3,0,nan,107,0,0.258736
55021,687,F_coverage_integrated,12,12,12,4239.517,118,12,1,3475.516864,26,13,7,2247.4573171457337,80,0,0.986139
55021,687,G_rolling_coverage,12,12,12,4239.517,118,12,1,3475.516864,26,13,7,2247.4573171457337,80,0,0.979928
55021,687,I_ring_optimized,12,12,12,4143.822,118,12,1,3379.821971,27,14,8,2131.660454116314,79,0,0.997487
55021,687,J_ring7_1000,12,12,12,3858.912,126,12,1,3044.91152,28,18,8,2073.1071209127363,88,0,0.76136
55021,687,Jplus_final,12,12,12,3834.614,120,12,1,3058.613694,22,20,0,1925.3554744589642,86,0,0.089132
55021,688,C_region_q2,10,10,10,4079.188,140,10,1,3191.188418,9,0,0,nan,109,0,0.253693
55021,688,Cplus_completion_coobserve,10,10,10,3946.237,142,10,1,3046.237032,11,4,0,nan,109,0,0.196303
55021,688,F_coverage_integrated,10,10,10,3758.362,119,10,1,2997.361895,21,10,8,2272.4569267077036,90,0,0.360926
55021,688,G_rolling_coverage,10,10,10,3723.105,119,10,1,2962.105393,21,11,8,2272.4569267077036,90,0,0.362126
55021,688,I_ring_optimized,10,10,10,3790.122,121,10,1,3021.121932,23,11,8,2190.2480113430533,89,0,0.768965
55021,688,J_ring7_1000,10,10,10,3456.996,135,10,1,2602.99627,24,12,8,2109.602347427586,101,0,0.687638
55021,688,Jplus_final,10,10,10,3166.4,116,10,1,2421.399985,15,13,0,1930.6985757859454,91,0,0.098644
55021,689,C_region_q2,14,14,14,5133.451,152,14,1,4154.450983,16,0,0,nan,109,0,0.469784
55021,689,Cplus_completion_coobserve,14,14,14,4721.848,156,14,1,3720.847857,20,9,0,nan,110,0,0.245144
55021,689,F_coverage_integrated,14,14,14,4276.752,111,14,1,3543.752092,28,13,8,2203.602644233491,69,0,0.935995
55021,689,G_rolling_coverage,14,14,14,4287.165,112,14,1,3549.164529,29,16,8,2203.602644233491,69,0,0.901684
55021,689,I_ring_optimized,14,14,14,4144.946,113,14,1,3401.946158,30,18,8,2020.4957130269129,69,0,0.69657
55021,689,J_ring7_1000,14,14,14,4204.444,129,14,1,3368.444084,30,18,7,2126.769164021772,85,0,1.209289
55021,689,Jplus_final,14,14,14,4101.356,123,14,1,3295.355987,24,20,0,1929.9002784435695,85,0,0.150399
55021,690,C_region_q2,11,11,11,4450.401,140,11,1,3557.400771,8,0,0,nan,108,0,0.266471
55021,690,Cplus_completion_coobserve,11,11,11,4015.533,146,11,1,3088.532728,14,7,0,nan,108,0,0.209029
55021,690,F_coverage_integrated,11,11,11,4375.843,126,11,1,3567.843422,30,14,7,2301.4898290265137,85,0,1.040654
55021,690,G_rolling_coverage,11,11,11,4002.847,124,11,1,3206.847323,28,16,7,2301.4898290265137,85,0,0.994454
55021,690,I_ring_optimized,11,11,11,3826.292,125,11,1,3028.292476,29,15,8,2153.6538031707723,85,0,1.084936
55021,690,J_ring7_1000,11,11,11,3617.44,141,11,1,2720.440488,30,17,8,2194.415061866653,101,0,1.616895
55021,690,Jplus_final,11,11,11,3571.782,132,11,1,2729.782475,21,15,0,1997.1322755785777,100,0,0.193903
55021,691,C_region_q2,12,12,12,4451.662,133,12,1,3597.662156,11,0,0,nan,95,0,0.308306
55021,691,Cplus_completion_coobserve,12,12,12,4188.282,135,12,1,3320.281815,13,5,0,nan,95,0,0.256298
55021,691,F_coverage_integrated,12,12,12,4554.219,110,12,1,3840.219408,27,13,5,2104.8566634930967,71,0,0.673829
55021,691,G_rolling_coverage,12,12,12,4377.699,112,12,1,3652.698832,29,16,5,2104.8566634930967,71,0,0.567556
55021,691,I_ring_optimized,12,12,12,3958.394,114,12,1,3222.394088,31,16,8,2148.7146442443964,72,0,0.662178
55021,691,J_ring7_1000,12,12,12,4044.747,129,12,1,3215.747183,37,21,7,2084.1373848865733,81,0,1.150942
55021,691,Jplus_final,12,12,12,3934.684,119,12,1,3165.683743,27,18,0,1955.3523457744402,81,0,0.159888
55021,692,C_region_q2,14,14,14,5451.679,143,14,1,4527.678525,14,0,0,nan,98,0,0.366402
55021,692,Cplus_completion_coobserve,14,14,14,4883.301,151,14,1,3912.301354,22,9,0,nan,98,0,0.305672
55021,692,F_coverage_integrated,14,14,14,4064.443,112,14,1,3326.443224,30,17,6,2277.2513946574372,68,0,0.928252
55021,692,G_rolling_coverage,14,14,14,4065.529,112,14,1,3327.529181,30,19,6,2277.2513946574372,68,0,0.889277
55021,692,I_ring_optimized,14,14,14,3945.143,112,14,1,3210.142759,30,21,4,2054.9246721352074,68,0,0.797458
55021,692,J_ring7_1000,14,14,14,3992.794,130,14,1,3145.794109,42,31,8,2151.540497199768,75,0,1.767304
55021,692,Jplus_final,14,14,14,3824.5,114,14,1,3075.500412,26,22,0,1918.5014460878326,74,0,0.201283
55021,693,C_region_q2,16,16,16,5221.263,133,16,1,4344.263269,16,0,0,nan,87,0,0.446095
55021,693,Cplus_completion_coobserve,16,16,16,4039.077,137,16,1,3142.07707,20,10,0,nan,87,0,0.317047
55021,693,F_coverage_integrated,16,16,16,3999.174,107,16,1,3284.174319,45,23,7,1549.9328756671027,48,0,1.196316
55021,693,G_rolling_coverage,16,16,16,3980.294,108,16,1,3259.294036,46,26,7,1549.9328756671027,48,0,1.133196
55021,693,I_ring_optimized,16,16,16,3767.956,105,16,1,3065.956407,43,27,4,1363.4082128534985,47,0,1.000393
55021,693,J_ring7_1000,16,16,16,3617.512,121,16,1,2820.512322,58,36,8,1303.5975965193284,51,0,1.277405
55021,693,Jplus_final,16,16,16,3266.766,105,16,1,2563.765918,42,31,0,1121.6604869410698,48,0,0.363723
55021,694,C_region_q2,14,14,14,4809.995,129,14,1,3967.995318,10,0,0,nan,82,0,0.310619
55021,694,Cplus_completion_coobserve,14,14,14,4369.829,133,14,1,3506.828517,14,5,0,nan,82,0,0.242267
55021,694,F_coverage_integrated,14,14,14,3997.584,103,14,1,3312.584088,36,25,7,2247.597957205357,53,0,1.569293
55021,694,G_rolling_coverage,14,14,14,3997.587,103,14,1,3312.587118,36,26,7,2247.597957205357,53,0,1.384257
55021,694,I_ring_optimized,14,14,14,3708.524,104,14,1,3018.524338,37,27,6,2108.785349432206,53,0,1.33582
55021,694,J_ring7_1000,14,14,14,4345.675,114,14,1,3596.675412,39,25,8,1966.6268254483396,61,0,1.065904
55021,694,Jplus_final,14,14,14,3716.554,104,14,1,3025.554155,29,27,0,1879.541041697671,61,0,0.120711
55021,695,C_region_q2,10,10,10,3912.154,129,10,1,3089.15389,8,0,0,nan,95,0,0.260406
55021,695,Cplus_completion_coobserve,10,10,10,3641.926,132,10,1,2803.926031,11,5,0,nan,95,0,0.168179
55021,695,F_coverage_integrated,10,10,10,3685.552,116,10,1,2940.551958,24,16,8,2316.0583693632584,82,0,0.805611
55021,695,G_rolling_coverage,10,10,10,3685.552,116,10,1,2940.551958,24,16,8,2316.0583693632584,82,0,0.858046
55021,695,I_ring_optimized,10,10,10,3504.049,116,10,1,2759.048647,24,18,6,2137.153600711864,82,0,0.786518
55021,695,J_ring7_1000,10,10,10,3302.38,126,10,1,2499.379894,26,21,4,2018.3116304867815,90,0,1.117171
55021,695,Jplus_final,10,10,10,3342.388,121,10,1,2567.387787,21,20,0,1942.3209738821397,90,0,0.086925
55021,696,C_region_q2,13,13,13,4697.478,139,13,1,3799.477648,10,0,0,nan,101,0,0.335229
55021,696,Cplus_completion_coobserve,13,13,13,4200.587,144,13,1,3275.587181,15,7,0,nan,101,0,0.221041
55021,696,F_coverage_integrated,13,13,13,4052.765,125,13,1,3243.765292,33,19,8,2375.8777478363268,80,0,1.690413
55021,696,G_rolling_coverage,13,13,13,4050.225,127,13,1,3231.224672,35,22,8,2375.8777478363268,80,0,1.623366
55021,696,I_ring_optimized,13,13,13,3886.584,121,13,1,3097.584271,29,18,8,2274.0169011997286,80,0,0.959791
55021,696,J_ring7_1000,13,13,13,3721.563,128,13,1,2892.562707,32,24,4,2042.3552584063993,83,0,1.941122
55021,696,Jplus_final,13,13,13,3862.789,124,13,1,3057.788908,28,24,0,2008.6394954858392,83,0,0.207707
55021,697,C_region_q2,12,12,12,4397.678,140,12,1,3499.677757,11,0,0,nan,101,0,0.322731
55021,697,Cplus_completion_coobserve,12,12,12,4013.808,144,12,1,3093.808014,15,7,0,nan,101,0,0.143703
55021,697,F_coverage_integrated,12,12,12,3628.144,108,12,1,2923.143938,24,13,8,2251.7332259419045,72,0,0.487779
55021,697,G_rolling_coverage,12,12,12,3614.025,107,12,1,2914.024538,23,14,8,2251.7332259419045,72,0,0.425793
55021,697,I_ring_optimized,12,12,12,3576.812,114,12,1,2837.812253,30,18,8,2171.2670640962647,72,0,0.657635
55021,697,J_ring7_1000,12,12,12,3571.079,130,12,1,2739.079471,37,24,8,2104.3641786817084,81,0,1.317322
55021,697,Jplus_final,12,12,12,3356.343,113,12,1,2619.342546,23,21,0,1890.0273228515339,78,0,0.156151
55021,698,C_region_q2,15,15,15,5544.055,145,15,1,4600.054625,14,0,0,nan,99,0,0.404698
55021,698,Cplus_completion_coobserve,15,15,15,4544.568,154,15,1,3548.568465,23,12,0,nan,99,0,0.323865
55021,698,F_coverage_integrated,15,15,15,4263.245,107,15,1,3549.245051,37,21,8,2259.021135454172,55,0,0.972466
55021,698,G_rolling_coverage,15,15,15,4263.44,108,15,1,3544.440046,38,23,8,2259.021135454172,55,0,1.027812
55021,698,I_ring_optimized,15,15,15,4116.967,106,15,1,3406.967043,36,22,8,2134.338158751299,55,0,1.082739
55021,698,J_ring7_1000,15,15,15,4103.548,115,15,1,3345.54752,38,21,8,2069.965759820442,63,0,1.248156
55021,698,Jplus_final,15,15,15,3999.178,107,15,1,3286.177503,30,24,0,1841.1760702028512,62,0,0.285927
55021,699,C_region_q2,11,11,11,4335.13,139,11,1,3447.130369,10,0,0,nan,103,0,0.338171
55021,699,Cplus_completion_coobserve,11,11,11,3712.991,140,11,1,2819.990866,11,7,0,nan,103,0,0.142625
55021,699,F_coverage_integrated,11,11,11,3589.693,114,11,1,2856.69273,26,15,5,2183.6526100105357,77,0,1.25627
55021,699,G_rolling_coverage,11,11,11,3562.829,114,11,1,2829.828904,26,15,5,2183.6526100105357,77,0,1.238197
55021,699,I_ring_optimized,11,11,11,3835.495,114,11,1,3100.495335,26,15,8,2107.2262008699986,77,0,0.864827
55021,699,J_ring7_1000,11,11,11,3611.875,128,11,1,2789.874632,24,15,6,2161.0384306940414,93,0,0.806804
55021,699,Jplus_final,11,11,11,3498.086,126,11,1,2689.085582,22,18,0,1969.9353912216804,93,0,0.136893
55021,700,C_region_q2,15,15,15,5285.478,135,15,1,4402.477984,13,0,0,nan,87,0,0.4626
55021,700,Cplus_completion_coobserve,15,15,15,4440.643,139,15,1,3537.643255,17,9,0,nan,87,0,0.257506
55021,700,F_coverage_integrated,15,15,15,4150.157,114,15,1,3396.157009,35,21,8,2203.3366592409247,64,0,0.892367
55021,700,G_rolling_coverage,15,15,15,4129.119,114,15,1,3374.118649,35,26,8,2203.3366592409247,64,0,0.819152
55021,700,I_ring_optimized,15,15,15,3977.075,111,15,1,3239.075359,32,20,8,2208.0181640732344,64,0,0.707206
55021,700,J_ring7_1000,15,15,15,3859.791,109,15,1,3135.791293,35,24,8,2043.9019106429478,59,0,1.973914
55021,700,Jplus_final,15,15,15,3722.957,98,15,1,3063.957082,24,19,0,1877.385895227538,59,0,0.260608
55021,701,C_region_q2,13,13,13,4275.716,138,13,1,3383.71572,11,0,0,nan,97,0,0.298703
55021,701,Cplus_completion_coobserve,13,13,13,3908.663,141,13,1,2998.663423,14,7,0,nan,97,0,0.120016
55021,701,F_coverage_integrated,13,13,13,4571.409,127,13,1,3749.409103,39,23,8,2256.7246515432394,77,0,0.636592
55021,701,G_rolling_coverage,13,13,13,4219.857,125,13,1,3408.857237,37,26,8,2256.7246515432394,77,0,0.621266
55021,701,I_ring_optimized,13,13,13,3547.104,123,13,1,2748.103726,35,25,8,2238.9956505109494,77,0,0.547345
55021,701,J_ring7_1000,13,13,13,2964.212,115,13,1,2213.212186,32,26,4,1959.3791650079343,70,0,1.599643
55021,701,Jplus_final,13,13,13,3136.471,110,13,1,2416.47116,27,25,0,1871.1521081854378,70,0,0.136176
55021,702,C_region_q2,15,15,15,4826.914,139,15,1,3918.913504,15,0,0,nan,89,0,0.627411
55021,702,Cplus_completion_coobserve,15,15,15,4437.225,142,15,1,3511.224916,18,11,0,nan,89,0,0.312619
55021,702,F_coverage_integrated,15,15,15,4084.39,112,15,1,3340.390429,30,19,6,2234.043444043825,67,0,1.097436
55021,702,G_rolling_coverage,15,15,15,4083.593,113,15,1,3334.592562,31,23,6,2234.043444043825,67,0,1.0334
55021,702,I_ring_optimized,15,15,15,4129.544,121,15,1,3331.54426,39,28,8,2141.145669878745,68,0,0.95124
55021,702,J_ring7_1000,15,15,15,4109.204,134,15,1,3235.203929,42,28,8,2036.0396125458897,79,0,0.987153
55021,702,Jplus_final,15,15,15,4077.733,124,15,1,3264.732895,32,27,0,1882.3209738821397,77,0,0.276212
55021,703,C_region_q2,15,15,15,5315.365,145,15,1,4373.365392,14,0,0,nan,100,0,0.3168
55021,703,Cplus_completion_coobserve,15,15,15,4522.672,147,15,1,3570.67217,16,7,0,nan,100,0,0.323881
55021,703,F_coverage_integrated,15,15,15,4290.887,114,15,1,3534.886961,34,20,8,2154.744897927915,66,0,1.12304
55021,703,G_rolling_coverage,15,15,15,4285.366,114,15,1,3529.36553,34,23,8,2154.744897927915,66,0,0.982549
55021,703,I_ring_optimized,15,15,15,4074.866,110,15,1,3342.865804,30,17,8,2127.4263923100566,65,0,1.053693
55021,703,J_ring7_1000,15,15,15,4007.842,124,15,1,3192.841826,38,26,8,2051.4403605743964,73,0,0.994769
55021,703,Jplus_final,15,15,15,3864.427,117,15,1,3090.427487,32,28,0,1929.5884231111,70,0,0.24891
55021,704,C_region_q2,11,11,11,4450.149,140,11,1,3556.149336,9,0,0,nan,109,0,0.216981
55021,704,Cplus_completion_coobserve,11,11,11,4023.979,142,11,1,3119.978858,11,5,0,nan,109,0,0.178509
55021,704,F_coverage_integrated,11,11,11,3790.089,124,11,1,2994.088752,24,12,8,2340.077412909861,89,0,0.715786
55021,704,G_rolling_coverage,11,11,11,3787.371,125,11,1,2986.370648,25,15,8,2340.077412909861,89,0,0.63773
55021,704,I_ring_optimized,11,11,11,3495.369,124,11,1,2699.369087,24,14,7,2233.7681932896276,89,0,0.630316
55021,704,J_ring7_1000,11,11,11,3403.399,134,11,1,2548.399451,31,20,8,2171.7004148998976,93,0,0.950175
55021,704,Jplus_final,11,11,11,3297.26,123,11,1,2506.260466,20,18,0,1992.9524013625187,92,0,0.104077
55021,705,C_region_q2,10,10,10,4437.518,131,10,1,3603.517983,8,0,0,nan,100,0,0.180749
55021,705,Cplus_completion_coobserve,10,10,10,4171.139,133,10,1,3327.139439,10,2,0,nan,100,0,0.171314
55021,705,F_coverage_integrated,10,10,10,4132.846,116,10,1,3388.84583,23,10,8,2339.4050884130675,84,0,0.948497
55021,705,G_rolling_coverage,10,10,10,4125.61,117,10,1,3376.609805,24,11,8,2339.4050884130675,84,0,0.892949
55021,705,I_ring_optimized,10,10,10,3862.119,120,10,1,3095.118662,27,13,8,2196.653418516641,84,0,0.903416
55021,705,J_ring7_1000,10,10,10,3771.909,130,10,1,2947.908766,28,16,7,2189.6118399913075,92,0,1.232906
55021,705,Jplus_final,10,10,10,3876.578,124,10,1,3088.577966,22,14,0,2006.8841100015443,92,0,0.152465
55021,706,C_region_q2,10,10,10,4392.942,131,10,1,3557.941914,7,0,0,nan,101,0,0.187399
55021,706,Cplus_completion_coobserve,10,10,10,3981.554,136,10,1,3116.553541,12,7,0,nan,101,0,0.135086
55021,706,F_coverage_integrated,10,10,10,3826.468,118,10,1,3069.468186,22,14,3,2172.974259026726,86,0,0.894668
55021,706,G_rolling_coverage,10,10,10,3826.468,118,10,1,3069.468186,22,14,3,2172.974259026726,86,0,0.824353
55021,706,I_ring_optimized,10,10,10,3772.325,121,10,1,2997.324677,25,15,5,2094.2590947262715,86,0,0.673575
55021,706,J_ring7_1000,10,10,10,3681.66,131,10,1,2848.660195,22,11,6,2138.194970376585,99,0,1.100531
55021,706,Jplus_final,10,10,10,3654.506,126,10,1,2850.505704,17,11,0,1978.3797154518368,99,0,0.151769
55021,707,C_region_q2,16,16,16,4598.982,129,16,1,3745.981696,16,0,0,nan,79,0,0.606447
55021,707,Cplus_completion_coobserve,16,16,16,4036.821,133,16,1,3160.820718,20,11,0,nan,79,0,0.302913
55021,707,F_coverage_integrated,16,16,16,4107.119,103,16,1,3412.118786,40,23,8,1814.3022934213382,47,0,1.114899
55021,707,G_rolling_coverage,16,16,16,3741.806,102,16,1,3053.806122,39,27,8,1814.3022934213382,47,0,1.113865
55021,707,I_ring_optimized,16,16,16,4156.651,107,16,1,3440.651089,45,32,8,1975.833806011757,47,0,0.92289
55021,707,J_ring7_1000,16,16,16,4404.517,117,16,1,3626.517143,48,32,8,2015.4245527220382,54,0,1.707496
55021,707,Jplus_final,16,16,16,3948.897,110,16,1,3215.897466,38,29,0,1606.006162943565,56,0,0.394944
55021,708,C_region_q2,10,10,10,3983.537,131,10,1,3149.53686,8,0,0,nan,98,0,0.246888
55021,708,Cplus_completion_coobserve,10,10,10,3602.262,133,10,1,2756.261638,10,5,0,nan,98,0,0.14595
55021,708,F_coverage_integrated,10,10,10,3834.434,118,10,1,3085.433678,27,12,8,2327.4338290177484,81,0,0.921105
55021,708,G_rolling_coverage,10,10,10,3366.889,116,10,1,2627.889391,25,14,8,2327.4338290177484,81,0,1.033528
55021,708,I_ring_optimized,10,10,10,3447.968,120,10,1,2681.967928,29,19,8,2202.784458440764,82,0,1.072626
55021,708,J_ring7_1000,10,10,10,3470.443,132,10,1,2630.442547,27,17,8,2118.7534360173277,95,0,0.471536
55021,708,Jplus_final,10,10,10,3341.32,122,10,1,2560.319964,19,18,0,1996.768178566988,93,0,0.086105
55021,709,C_region_q2,12,12,12,4973.102,142,12,1,4064.102105,13,0,0,nan,101,0,0.356495
55021,709,Cplus_completion_coobserve,12,12,12,4405.961,148,12,1,3461.960614,19,9,0,nan,101,0,0.220686
55021,709,F_coverage_integrated,12,12,12,4361.932,114,12,1,3621.932341,35,18,8,2246.0066547317347,69,0,0.959914
55021,709,G_rolling_coverage,12,12,12,3965.786,113,12,1,3231.785633,34,21,8,2246.0066547317347,69,0,0.854645
55021,709,I_ring_optimized,12,12,12,4151.167,112,12,1,3423.167047,32,19,8,2113.6671052602487,70,0,0.995843
55021,709,J_ring7_1000,12,12,12,3884.89,137,12,1,3007.890364,33,21,7,2112.5555891759204,93,0,1.14848
55021,709,Jplus_final,12,12,12,3663.317,128,12,1,2839.317304,24,20,0,2018.3915484738682,92,0,0.160673
55021,710,C_region_q2,12,12,12,4686.644,144,12,1,3763.64431,9,0,0,nan,108,0,0.275359
55021,710,Cplus_completion_coobserve,12,12,12,4302.162,149,12,1,3352.161695,14,5,0,nan,108,0,0.219123
55021,710,F_coverage_integrated,12,12,12,3917.134,112,12,1,3190.134156,28,11,8,2237.1745035187096,72,0,1.101346
55021,710,G_rolling_coverage,12,12,12,3891.229,112,12,1,3164.228552,28,12,8,2237.1745035187096,72,0,0.924677
55021,710,I_ring_optimized,12,12,12,3661.72,114,12,1,2925.720112,30,14,8,2142.9230946698585,73,0,0.966434
55021,710,J_ring7_1000,12,12,12,3676.629,126,12,1,2865.628851,34,20,8,2020.4600564664863,80,0,1.553015
55021,710,Jplus_final,12,12,12,3657.292,116,12,1,2906.292192,24,18,0,1891.3546261101071,80,0,0.204178
55021,711,C_region_q2,11,11,11,4592.674,136,11,1,3722.674186,9,0,0,nan,102,0,0.281966
55021,711,Cplus_completion_coobserve,11,11,11,4122.328,140,11,1,3230.328468,13,5,0,nan,102,0,0.212941
55021,711,F_coverage_integrated,11,11,11,3942.064,119,11,1,3178.064054,25,12,8,2232.8089336795183,84,0,0.414728
55021,711,G_rolling_coverage,11,11,11,3932.868,120,11,1,3163.868013,26,13,8,2232.8089336795183,84,0,0.331961
55021,711,I_ring_optimized,11,11,11,3854.892,116,11,1,3107.892023,27,16,8,2081.5445344457676,78,0,0.587094
55021,711,J_ring7_1000,11,11,11,3832.924,128,11,1,3016.924232,25,14,8,2070.0055792919693,92,0,0.512007
55021,711,Jplus_final,11,11,11,3765.362,122,11,1,2982.361919,19,15,0,1936.3209738821397,92,0,0.166508
55021,712,C_region_q2,13,13,13,4691.736,133,13,1,3831.73608,13,0,0,nan,87,0,0.375356
55021,712,Cplus_completion_coobserve,13,13,13,4175.85,137,13,1,3291.849537,17,8,0,nan,87,0,0.17735
55021,712,F_coverage_integrated,13,13,13,3986.674,117,13,1,3221.673598,40,26,8,2263.95498408825,65,0,1.589611
55021,712,G_rolling_coverage,13,13,13,3999.977,119,13,1,3223.977176,42,28,8,2263.95498408825,65,0,1.569999
55021,712,I_ring_optimized,13,13,13,3511.684,116,13,1,2755.683827,39,28,8,2103.6118811275,65,0,1.607566
55021,712,J_ring7_1000,13,13,13,3214.037,117,13,1,2452.037063,33,22,8,2042.178482278453,72,0,1.09504
55021,712,Jplus_final,13,13,13,3128.081,111,13,1,2403.081019,27,24,0,1908.5559619777887,71,0,0.130867
55021,713,C_region_q2,12,12,12,4680.998,139,12,1,3788.997975,11,0,0,nan,101,0,0.327014
55021,713,Cplus_completion_coobserve,12,12,12,4207.896,143,12,1,3291.895921,15,6,0,nan,101,0,0.157353
55021,713,F_coverage_integrated,12,12,12,3765.558,109,12,1,3055.557657,27,15,6,2190.003272485945,71,0,0.970331
55021,713,G_rolling_coverage,12,12,12,3659.367,109,12,1,2949.36734,27,17,6,2190.003272485945,70,0,0.865264
55021,713,I_ring_optimized,12,12,12,3527.62,107,12,1,2831.620317,30,17,8,2044.741537733521,66,0,0.847251
55021,713,J_ring7_1000,12,12,12,3728.158,134,12,1,2865.157913,34,21,8,2151.0832248605275,89,0,1.280175
55021,713,Jplus_final,12,12,12,3562.321,122,12,1,2771.321288,22,18,0,1985.4964902435486,88,0,0.134791
55021,714,C_region_q2,12,12,12,4843.724,132,12,1,3993.724272,8,0,0,nan,97,0,0.246748
55021,714,Cplus_completion_coobserve,12,12,12,4145.122,135,12,1,3279.122383,11,4,0,nan,97,0,0.184125
55021,714,F_coverage_integrated,12,12,12,3969.942,118,12,1,3206.94195,31,17,8,2249.624607352055,76,0,1.004741
55021,714,G_rolling_coverage,12,12,12,3945.994,120,12,1,3172.993777,33,20,8,2249.624607352055,76,0,0.905229
55021,714,I_ring_optimized,12,12,12,3805.281,120,12,1,3027.28124,33,22,8,2250.6298017456425,77,0,1.738675
55021,714,J_ring7_1000,12,12,12,3606.838,125,12,1,2801.838184,30,20,6,2048.2994046702524,83,0,1.625274
55021,714,Jplus_final,12,12,12,3552.79,119,12,1,2780.789612,19,16,0,1941.373978121323,88,0,0.126971
55021,715,C_region_q2,11,11,11,5153.255,147,11,1,4220.255294,13,0,0,nan,110,0,0.394877
55021,715,Cplus_completion_coobserve,11,11,11,4656.211,151,11,1,3701.211456,17,5,0,nan,110,0,0.282476
55021,715,F_coverage_integrated,11,11,11,4300.388,120,11,1,3529.387571,28,13,8,2297.0483791783086,81,0,1.438432
55021,715,G_rolling_coverage,11,11,11,4317.614,120,11,1,3546.613967,28,15,8,2297.0483791783086,81,0,1.398702
55021,715,I_ring_optimized,11,11,11,4062.174,118,11,1,3305.173893,26,12,5,2121.418979740577,81,0,1.074576
55021,715,J_ring7_1000,11,11,11,4194.346,127,11,1,3383.346425,30,13,8,2119.995482631564,86,0,1.446263
55021,715,Jplus_final,11,11,11,3936.921,120,11,1,3166.920636,23,14,0,1960.739780669557,86,0,0.302417
55021,716,C_region_q2,12,12,12,4795.505,142,12,1,3884.50455,11,0,0,nan,108,0,0.380097
55021,716,Cplus_completion_coobserve,12,12,12,4328.041,147,12,1,3387.041348,16,6,0,nan,108,0,0.165941
55021,716,F_coverage_integrated,12,12,12,4158.398,129,12,1,3329.398187,30,17,6,2349.6631574601242,87,0,0.808619
55021,716,G_rolling_coverage,12,12,12,4158.398,129,12,1,3329.398187,30,17,6,2349.6631574601242,87,0,0.858869
55021,716,I_ring_optimized,12,12,12,3885.58,125,12,1,3078.58015,26,16,6,2255.156185634862,87,0,1.177196
55021,716,J_ring7_1000,12,12,12,3946.97,146,12,1,3018.969996,37,22,8,2196.2921391999107,98,0,1.532887
55021,716,Jplus_final,12,12,12,3838.373,134,12,1,2979.372786,25,20,0,1991.2575954880792,97,0,0.19178
55021,717,C_region_q2,14,14,14,4719.78,131,14,1,3865.779526,11,0,0,nan,86,0,0.353035
55021,717,Cplus_completion_coobserve,14,14,14,4172.523,134,14,1,3301.522941,14,7,0,nan,86,0,0.244476
55021,717,F_coverage_integrated,14,14,14,4174.068,100,14,1,3506.068145,30,18,6,2164.5641493660896,56,0,0.991451
55021,717,G_rolling_coverage,14,14,14,4171.601,101,14,1,3498.601181,31,20,6,2164.5641493660896,56,0,0.966968
55021,717,I_ring_optimized,14,14,14,4072.657,110,14,1,3346.657012,40,27,8,2128.1172175743045,56,0,1.762107
55021,717,J_ring7_1000,14,14,14,4026.402,119,14,1,3245.40249,44,28,8,1988.4619158949783,64,0,1.650882
55021,717,Jplus_final,14,14,14,3852.586,111,14,1,3120.585802,31,25,0,1841.3358143838454,66,0,0.250214
55021,718,C_region_q2,15,15,15,4832.627,131,15,1,3974.627425,13,0,0,nan,82,0,0.467203
55021,718,Cplus_completion_coobserve,15,15,15,4453.905,135,15,1,3571.904932,17,6,0,nan,82,0,0.352973
55021,718,F_coverage_integrated,15,15,15,4178.696,112,15,1,3438.695865,44,26,8,2147.272759167873,55,0,1.006956
55021,718,G_rolling_coverage,15,15,15,4191.358,115,15,1,3438.358076,47,31,8,2147.272759167873,55,0,1.107026
55021,718,I_ring_optimized,15,15,15,4004.881,113,15,1,3263.880534,45,31,8,2017.423610621905,55,0,1.234265
55021,718,J_ring7_1000,15,15,15,4228.058,125,15,1,3409.057978,43,27,8,2001.178394633379,69,0,0.912536
55021,718,Jplus_final,15,15,15,3933.717,111,15,1,3199.717394,31,24,0,1930.198439134476,65,0,0.275175
55021,719,C_region_q2,10,10,10,4219.53,141,10,1,3325.529867,9,0,0,nan,109,0,0.272605
55021,719,Cplus_completion_coobserve,10,10,10,4041.528,144,10,1,3132.528473,12,5,0,nan,109,0,0.246669
55021,719,F_coverage_integrated,10,10,10,3786.389,117,10,1,3037.389063,28,18,6,2240.977005045082,80,0,1.577946
55021,719,G_rolling_coverage,10,10,10,3783.263,117,10,1,3034.263026,28,20,6,2240.977005045082,80,0,1.487634
55021,719,I_ring_optimized,10,10,10,3301.782,120,10,1,2536.78176,31,20,8,2114.303668516156,80,0,1.276268
55021,719,J_ring7_1000,10,10,10,3544.744,129,10,1,2722.743644,30,20,7,2052.9638372279956,90,0,2.084306
55021,719,Jplus_final,10,10,10,3549.845,121,10,1,2777.844786,22,17,0,1906.4464562209616,89,0,0.178379
55021,720,C_region_q2,16,16,16,5524.663,143,16,1,4590.663426,14,0,0,nan,93,0,0.445035
55021,720,Cplus_completion_coobserve,16,16,16,4766.993,148,16,1,3801.993179,19,11,0,nan,93,0,0.268126
55021,720,F_coverage_integrated,16,16,16,4224.782,116,16,1,3450.781859,41,27,8,2205.534850958189,59,0,1.083395
55021,720,G_rolling_coverage,16,16,16,3973.656,114,16,1,3210.655556,39,29,8,2205.534850958189,59,0,0.976732
55021,720,I_ring_optimized,16,16,16,3788.698,119,16,1,2999.698057,43,30,8,2102.0881205308824,60,0,1.4824
55021,720,J_ring7_1000,16,16,16,3414.691,105,16,1,2709.690618,48,30,8,1305.7406105881578,42,0,1.251268
55021,720,Jplus_final,16,16,16,3452.265,102,16,1,2768.265326,45,35,0,1151.6604869410698,42,0,0.2559
55021,721,C_region_q2,10,10,10,4633.828,142,10,1,3732.827518,8,0,0,nan,115,0,0.181858
55021,721,Cplus_completion_coobserve,10,10,10,4215.775,144,10,1,3304.77458,10,3,0,nan,115,0,0.172317
55021,721,F_coverage_integrated,10,10,10,3905.453,112,10,1,3187.453305,15,6,4,2169.6008256231407,87,0,0.632608
55021,721,G_rolling_coverage,10,10,10,3905.453,112,10,1,3187.453305,15,6,4,2169.6008256231407,87,0,0.50265
55021,721,I_ring_optimized,10,10,10,3852.14,116,10,1,3110.140186,19,8,8,2128.853409443489,88,0,1.015998
55021,721,J_ring7_1000,10,10,10,3965.294,143,10,1,3062.293956,29,18,8,2242.212267992797,104,0,0.708958
55021,721,Jplus_final,10,10,10,3834.488,135,10,1,2978.487845,21,15,0,2033.348801478692,104,0,0.146773
55021,722,C_region_q2,14,14,14,5364.189,138,14,1,4470.188919,14,0,0,nan,91,0,0.398763
55021,722,Cplus_completion_coobserve,14,14,14,4546.459,143,14,1,3620.458514,19,8,0,nan,91,0,0.335865
55021,722,F_coverage_integrated,14,14,14,4065.85,106,14,1,3361.850155,35,20,8,2232.195948635264,58,0,1.971305
55021,722,G_rolling_coverage,14,14,14,4069.076,107,14,1,3360.07557,36,22,8,2232.195948635264,58,0,2.059835
55021,722,I_ring_optimized,14,14,14,3873.919,105,14,1,3179.918686,34,20,8,2084.444329169529,58,0,1.597671
55021,722,J_ring7_1000,14,14,14,3800.127,112,14,1,3062.12722,39,26,8,2036.5281346249644,60,0,1.285619
55021,722,Jplus_final,14,14,14,3925.565,115,14,1,3170.565376,35,27,0,1916.2127557662686,67,0,0.214413
55021,723,C_region_q2,16,16,16,4833.609,128,16,1,3987.609039,14,0,0,nan,74,0,0.520859
55021,723,Cplus_completion_coobserve,16,16,16,4485.835,135,16,1,3597.834823,21,12,0,nan,74,0,0.223031
55021,723,F_coverage_integrated,16,16,16,3178.704,89,16,1,2566.704286,35,20,8,1579.5567692859806,38,0,0.936645
55021,723,G_rolling_coverage,16,16,16,3171.919,91,16,1,2549.919208,37,25,8,1579.5567692859806,38,0,0.904814
55021,723,I_ring_optimized,16,16,16,3103.005,94,16,1,2465.005339,40,28,8,1524.8415460589786,38,0,0.86175
55021,723,J_ring7_1000,16,16,16,3687.676,100,16,1,3013.675792,46,29,7,1340.6057267932663,40,0,1.347974
55021,723,Jplus_final,16,16,16,3356.064,101,16,1,2678.063963,47,37,0,1136.4028804687748,38,0,0.325187
55021,724,C_region_q2,10,10,10,5354.511,146,10,1,4430.511363,11,0,0,nan,115,0,0.295414
55021,724,Cplus_completion_coobserve,10,10,10,5027.801,152,10,1,4069.800759,17,5,0,nan,115,0,0.240598
55021,724,F_coverage_integrated,10,10,10,4586.017,129,10,1,3768.016824,27,12,5,2268.9846345562205,92,0,0.885384
55021,724,G_rolling_coverage,10,10,10,4586.017,129,10,1,3768.016824,27,12,5,2268.9846345562205,92,0,0.873246
55021,724,I_ring_optimized,10,10,10,4688.734,126,10,1,3890.734316,24,6,8,2214.2014097068063,93,0,0.729639
55021,724,J_ring7_1000,10,10,10,4424.486,143,10,1,3523.486094,28,12,6,2086.513467011201,106,0,1.556644
55021,724,Jplus_final,10,10,10,4392.057,143,10,1,3492.057419,28,17,0,2002.3209738821397,105,0,0.3537
55021,725,C_region_q2,10,10,10,4766.577,145,10,1,3848.576575,10,0,0,nan,116,0,0.184922
55021,725,Cplus_completion_coobserve,10,10,10,4248.271,149,10,1,3307.271018,14,5,0,nan,116,0,0.208112
55021,725,F_coverage_integrated,10,10,10,4107.542,111,10,1,3394.54183,16,6,4,2197.2301351501537,86,0,0.541518
55021,725,G_rolling_coverage,10,10,10,4107.233,112,10,1,3389.232734,17,9,4,2197.2301351501537,86,0,0.563336
55021,725,I_ring_optimized,10,10,10,3888.931,113,10,1,3164.930671,18,8,3,2091.7002214945114,87,0,0.601416
55021,725,J_ring7_1000,10,10,10,3756.273,124,10,1,2965.272783,19,10,6,2125.267706861883,95,0,0.748889
55021,725,Jplus_final,10,10,10,3843.695,125,10,1,3045.695235,20,15,0,1942.3209738821395,95,0,0.201846
55021,726,C_region_q2,14,14,14,5168.686,138,14,1,4271.685655,11,0,0,nan,96,0,0.417505
55021,726,Cplus_completion_coobserve,14,14,14,4693.791,145,14,1,3756.791297,18,7,0,nan,96,0,0.210854
55021,726,F_coverage_integrated,14,14,14,4029.07,125,14,1,3213.069585,39,24,8,2299.30015289408,72,0,1.239141
55021,726,G_rolling_coverage,14,14,14,4022.23,125,14,1,3206.229552,39,26,8,2299.30015289408,72,0,1.288473
55021,726,I_ring_optimized,14,14,14,4021.128,119,14,1,3240.127576,34,23,8,2085.2668372460203,71,0,1.069646
55021,726,J_ring7_1000,14,14,14,3832.934,120,14,1,3046.933873,33,23,8,2090.5578679236596,73,0,1.411666
55021,726,Jplus_final,14,14,14,3750.918,115,14,1,2993.918216,28,24,0,1898.2706763498318,73,0,0.143704
55021,727,C_region_q2,16,16,16,4953.61,126,16,1,4120.610248,18,0,0,nan,76,0,0.489533
55021,727,Cplus_completion_coobserve,16,16,16,4370.21,136,16,1,3480.210076,28,13,0,nan,76,0,0.402526
55021,727,F_coverage_integrated,16,16,16,4552.886,109,16,1,3825.886276,46,25,6,1806.0379693973312,47,0,1.020082
55021,727,G_rolling_coverage,16,16,16,4221.269,112,16,1,3475.269288,49,32,6,1806.0379693973312,47,0,1.041281
55021,727,I_ring_optimized,16,16,16,4886.77,107,16,1,4172.769955,44,23,8,1956.956359899538,47,0,0.93243
55021,727,J_ring7_1000,16,16,16,3444.093,104,16,1,2744.092933,45,33,8,1459.6830212328782,43,0,1.240194
55021,727,Jplus_final,16,16,16,3486.757,95,16,1,2843.757267,36,32,0,1307.2139825880931,43,0,0.246088
55021,728,C_region_q2,11,11,11,4762.566,137,11,1,3886.56555,8,0,0,nan,104,0,0.205432
55021,728,Cplus_completion_coobserve,11,11,11,4577.89,145,11,1,3655.890289,16,7,0,nan,104,0,0.112024
55021,728,F_coverage_integrated,11,11,11,4004.132,123,11,1,3215.132427,25,14,6,2319.9320872094568,87,0,0.945383
55021,728,G_rolling_coverage,11,11,11,3767.279,122,11,1,2983.279418,24,16,6,2319.9320872094568,87,0,1.039141
55021,728,I_ring_optimized,11,11,11,3701.774,123,11,1,2910.774167,26,16,8,2201.948795441964,86,0,1.101676
55021,728,J_ring7_1000,11,11,11,3649.781,139,11,1,2764.780651,31,21,8,2138.097722026282,98,0,1.08401
55021,728,Jplus_final,11,11,11,3624.924,129,11,1,2797.924397,21,20,0,1984.6395662961108,97,0,0.103774
55021,729,C_region_q2,15,15,15,4598.301,136,15,1,3708.300719,10,0,0,nan,91,0,0.333676
55021,729,Cplus_completion_coobserve,15,15,15,4438.498,140,15,1,3526.497502,14,4,0,nan,91,0,0.221434
55021,729,F_coverage_integrated,15,15,15,3915.893,99,15,1,3248.892944,31,17,8,2195.2676568303223,54,0,0.962991
55021,729,G_rolling_coverage,15,15,15,3912.021,99,15,1,3245.020894,31,19,8,2195.2676568303223,54,0,0.922833
55021,729,I_ring_optimized,15,15,15,3756.834,106,15,1,3047.834077,38,25,8,2040.4073273671045,56,0,1.183386
55021,729,J_ring7_1000,15,15,15,3725.929,124,15,1,2909.928889,40,26,8,2013.8315333809087,70,0,1.704832
55021,729,Jplus_final,15,15,15,3756.286,119,15,1,2974.286494,35,30,0,1881.90553568466,69,0,0.225359
55021,730,C_region_q2,14,14,14,5217.005,139,14,1,4316.005322,12,0,0,nan,95,0,0.300161
55021,730,Cplus_completion_coobserve,14,14,14,4850.078,143,14,1,3928.077694,16,6,0,nan,95,0,0.274974
55021,730,F_coverage_integrated,14,14,14,4622.042,115,14,1,3868.042399,35,18,8,2269.9184195793055,66,0,1.134619
55021,730,G_rolling_coverage,14,14,14,4607.264,114,14,1,3858.263795,34,20,8,2269.9184195793055,66,0,0.955395
55021,730,I_ring_optimized,14,14,14,3648.54,113,14,1,2904.539552,33,22,8,2225.1955662999662,66,0,1.091708
55021,730,J_ring7_1000,14,14,14,3811.257,114,14,1,3061.257215,35,23,8,1961.7909138905495,65,0,1.162183
55021,730,Jplus_final,14,14,14,3955.868,111,14,1,3224.868399,26,22,0,1897.6308456514296,71,0,0.152615
55021,731,C_region_q2,12,12,12,4729.43,137,12,1,3848.430338,10,0,0,nan,102,0,0.247724
55021,731,Cplus_completion_coobserve,12,12,12,4459.33,145,12,1,3532.330237,18,7,0,nan,102,0,0.253152
55021,731,F_coverage_integrated,12,12,12,4148.971,113,12,1,3415.971428,30,14,8,2181.871654866549,71,0,0.729171
55021,731,G_rolling_coverage,12,12,12,4144.782,113,12,1,3413.782432,30,15,8,2181.871654866549,71,0,0.732844
55021,731,I_ring_optimized,12,12,12,4114.063,116,12,1,3364.063345,33,17,8,2070.1704667410086,72,0,0.876392
55021,731,J_ring7_1000,12,12,12,3915.504,124,12,1,3116.503667,32,19,8,2070.134658824055,80,0,1.243342
55021,731,Jplus_final,12,12,12,3661.115,119,12,1,2891.115291,27,23,0,1888.3209738821397,80,0,0.136013
55021,732,C_region_q2,14,14,14,4823.359,146,14,1,3879.359465,13,0,0,nan,100,0,0.550512
55021,732,Cplus_completion_coobserve,14,14,14,4461.944,156,14,1,3460.94397,23,10,0,nan,100,0,0.430478
55021,732,F_coverage_integrated,14,14,14,4539.565,107,14,1,3835.564932,39,18,8,2225.435238698432,56,0,2.240402
55021,732,G_rolling_coverage,14,14,14,4531.123,107,14,1,3827.122847,39,20,8,2225.435238698432,56,0,2.18572
55021,732,I_ring_optimized,14,14,14,3880.522,105,14,1,3184.522428,34,24,7,2129.2912681397934,57,0,1.432288
55021,732,J_ring7_1000,14,14,14,4137.512,129,14,1,3297.512351,38,25,8,2035.7942409159268,78,0,1.267806
55021,732,Jplus_final,14,14,14,3990.074,117,14,1,3221.074472,26,22,0,1894.3209738821397,77,0,0.155428
55021,733,C_region_q2,16,16,16,5552.441,128,16,1,4708.441068,18,0,0,nan,75,0,0.627067
55021,733,Cplus_completion_coobserve,16,16,16,4597.067,137,16,1,3699.06736,27,15,0,nan,75,0,0.309738
55021,733,F_coverage_integrated,16,16,16,3610.223,89,16,1,3001.223111,35,18,7,1526.2672981478795,38,0,1.57254
55021,733,G_rolling_coverage,16,16,16,3608.932,92,16,1,2982.93221,38,23,7,1526.2672981478795,38,0,1.67131
55021,733,I_ring_optimized,16,16,16,3646.761,94,16,1,3007.760792,34,20,8,1828.252293929672,44,0,1.4568
55021,733,J_ring7_1000,16,16,16,3671.131,110,16,1,2937.131323,46,29,8,1616.14796625105,48,0,1.424391
55021,733,Jplus_final,16,16,16,3466.148,93,16,1,2832.14776,29,22,0,1418.6912231929314,48,0,0.124221
55021,734,C_region_q2,16,16,16,4897.372,130,16,1,4040.372185,17,0,0,nan,78,0,0.573851
55021,734,Cplus_completion_coobserve,16,16,16,4070.873,135,16,1,3186.873317,22,12,0,nan,79,0,0.305232
55021,734,F_coverage_integrated,16,16,16,4506.988,113,16,1,3750.987658,39,22,8,2180.85103865616,58,0,0.723819
55021,734,G_rolling_coverage,16,16,16,4239.841,117,16,1,3465.841184,43,30,8,2180.85103865616,58,0,0.760422
55021,734,I_ring_optimized,16,16,16,4132.395,113,16,1,3380.395314,39,27,8,2113.5075790516703,58,0,0.733019
55021,734,J_ring7_1000,16,16,16,3955.213,103,16,1,3260.213133,42,28,8,1707.1383259725833,48,0,1.304954
55021,734,Jplus_final,16,16,16,3964.937,109,16,1,3235.93691,39,33,0,1797.7902124733075,54,0,0.295669
55021,735,C_region_q2,12,12,12,4944.295,138,12,1,4057.295396,10,0,0,nan,100,0,0.33013
55021,735,Cplus_completion_coobserve,12,12,12,4559.117,141,12,1,3654.116667,13,4,0,nan,100,0,0.245654
55021,735,F_coverage_integrated,12,12,12,4115.719,113,12,1,3381.719218,27,14,8,2287.505853662542,74,0,0.698498
55021,735,G_rolling_coverage,12,12,12,4119.754,114,12,1,3380.754391,28,16,8,2287.505853662542,74,0,0.714221
55021,735,I_ring_optimized,12,12,12,4220.69,124,12,1,3426.689876,38,24,8,2159.6048168669013,74,0,0.735063
55021,735,J_ring7_1000,12,12,12,3997.016,128,12,1,3172.015658,33,23,8,2175.0101694045047,83,0,1.698913
55021,735,Jplus_final,12,12,12,3984.926,120,12,1,3208.925749,25,20,0,1912.3209738821395,83,0,0.217866
55021,736,C_region_q2,10,10,10,4136.22,140,10,1,3248.21987,7,0,0,nan,107,0,0.254443
55021,736,Cplus_completion_coobserve,10,10,10,3885.458,141,10,1,2992.458177,8,2,0,nan,107,0,0.179872
55021,736,F_coverage_integrated,10,10,10,3783.291,112,10,1,3065.290756,23,11,8,2285.669462419177,79,0,0.728163
55021,736,G_rolling_coverage,10,10,10,3783.291,112,10,1,3065.290756,23,11,8,2285.669462419177,79,0,0.694972
55021,736,I_ring_optimized,10,10,10,3619.721,116,10,1,2876.720591,27,15,8,2212.378898556148,79,0,0.685051
55021,736,J_ring7_1000,10,10,10,3328.322,124,10,1,2538.322423,27,16,5,2086.7574371159544,87,0,0.993562
55021,736,Jplus_final,10,10,10,3400.321,117,10,1,2652.3214,20,15,0,1933.8333447639143,87,0,0.186342
55021,737,C_region_q2,13,13,13,4444.576,133,13,1,3582.575777,10,0,0,nan,90,0,0.333645
55021,737,Cplus_completion_coobserve,13,13,13,3912.539,135,13,1,3039.539422,12,7,0,nan,90,0,0.152569
55021,737,F_coverage_integrated,13,13,13,3338.426,110,13,1,2616.42559,28,19,6,2305.1948710265033,71,0,0.529581
55021,737,G_rolling_coverage,13,13,13,3338.987,110,13,1,2616.986704,28,20,6,2305.1948710265033,71,0,0.485297
55021,737,I_ring_optimized,13,13,13,3867.611,114,13,1,3122.611212,32,21,7,2195.2789891467232,71,0,0.523516
55021,737,J_ring7_1000,13,13,13,3266.965,122,13,1,2475.96518,36,24,8,2038.6282280588932,74,0,1.011238
55021,737,Jplus_final,13,13,13,3430.23,108,13,1,2719.230163,26,24,0,1894.8843407709305,69,0,0.101431
55021,738,C_region_q2,15,15,15,4757.146,144,15,1,3820.145941,14,0,0,nan,91,0,0.49593
55021,738,Cplus_completion_coobserve,15,15,15,4181.827,144,15,1,3244.827446,14,7,0,nan,91,0,0.26077
55021,738,F_coverage_integrated,15,15,15,3980.337,104,15,1,3284.337037,34,21,8,2257.897401723715,56,0,1.173934
55021,738,G_rolling_coverage,15,15,15,3962.088,104,15,1,3267.087623,34,23,8,2257.897401723715,56,0,1.239889
55021,738,I_ring_optimized,15,15,15,3902.29,106,15,1,3195.290015,36,23,8,2141.005583486667,55,0,1.37157
55021,738,J_ring7_1000,15,15,15,3848.854,115,15,1,3088.854374,40,28,8,2011.8021181071947,60,0,1.457019
55021,738,Jplus_final,15,15,15,3509.33,95,15,1,2868.329647,29,26,0,1816.634432404186,51,0,0.188622
55021,739,C_region_q2,11,11,11,4878.658,147,11,1,3943.657825,12,0,0,nan,113,0,0.381684
55021,739,Cplus_completion_coobserve,11,11,11,4413.227,150,11,1,3463.226986,15,7,0,nan,113,0,0.273037
55021,739,F_coverage_integrated,11,11,11,4151.067,136,11,1,3284.067062,27,13,8,2392.1544112012025,99,0,0.68011
55021,739,G_rolling_coverage,11,11,11,4154.27,137,11,1,3282.26957,28,16,8,2392.1544112012025,99,0,0.732372
55021,739,I_ring_optimized,11,11,11,4482.603,141,11,1,3589.602912,34,20,6,2224.8775258820892,96,0,1.295879
55021,739,J_ring7_1000,11,11,11,4309.392,142,11,1,3410.39247,27,14,6,2130.4947438781032,104,0,0.933593
55021,739,Jplus_final,11,11,11,4228.29,137,11,1,3357.290115,22,15,0,1996.3209738821397,104,0,0.206769
55021,740,C_region_q2,15,15,15,4760.952,133,15,1,3888.952423,10,0,0,nan,89,0,0.299072
55021,740,Cplus_completion_coobserve,15,15,15,4222.558,142,15,1,3299.558481,19,10,0,nan,89,0,0.218895
55021,740,F_coverage_integrated,15,15,15,4083.39,105,15,1,3383.389888,38,21,8,2189.6549039633246,52,0,0.961016
55021,740,G_rolling_coverage,15,15,15,4083.435,105,15,1,3382.434756,38,23,8,2189.6549039633246,52,0,0.958284
55021,740,I_ring_optimized,15,15,15,3838.564,111,15,1,3101.564006,44,30,8,2027.9075135125797,52,0,1.124148
55021,740,J_ring7_1000,15,15,15,3799.029,109,15,1,3072.029298,36,25,8,1928.1536387546491,60,0,0.580198
55021,740,Jplus_final,15,15,15,3778.309,109,15,1,3052.309463,36,31,0,1869.3422482022042,58,0,0.188904
55021,741,C_region_q2,13,13,13,4547.984,131,13,1,3700.984182,11,0,0,nan,87,0,0.238123
55021,741,Cplus_completion_coobserve,13,13,13,4173.329,132,13,1,3318.328796,12,6,0,nan,87,0,0.105237
55021,741,F_coverage_integrated,13,13,13,3928.476,106,13,1,3233.476469,38,20,8,2183.2766959943906,56,0,1.132509
55021,741,G_rolling_coverage,13,13,13,3535.94,105,13,1,2847.93989,37,24,8,2183.2766959943906,56,0,1.087278
55021,741,I_ring_optimized,13,13,13,3408.337,109,13,1,2697.337023,41,25,8,2033.5054554853891,57,0,1.138617
55021,741,J_ring7_1000,13,13,13,3488.804,125,13,1,2678.804135,38,27,8,2129.9873834747596,75,0,0.970637
55021,741,Jplus_final,13,13,13,3290.724,104,13,1,2605.723555,29,27,0,1847.3694278146202,62,0,0.151993
55021,742,C_region_q2,12,12,12,4004.521,131,12,1,3159.521336,6,0,0,nan,95,0,0.160852
55021,742,Cplus_completion_coobserve,12,12,12,3682.593,132,12,1,2832.5934,7,2,0,nan,95,0,0.153081
55021,742,F_coverage_integrated,12,12,12,3630.64,112,12,1,2902.640282,29,15,8,2313.3773686232453,71,0,1.132239
55021,742,G_rolling_coverage,12,12,12,3630.589,113,12,1,2897.589352,30,17,8,2313.3773686232453,71,0,1.050576
55021,742,I_ring_optimized,12,12,12,3490.733,111,12,1,2765.732618,28,18,8,2219.6607036227642,71,0,1.219581
55021,742,J_ring7_1000,12,12,12,3640.495,121,12,1,2858.494798,28,16,8,2157.8090842767915,82,0,1.013506
55021,742,Jplus_final,12,12,12,3494.062,113,12,1,2759.061748,20,16,0,2005.0642064502404,81,0,0.136374
55021,743,C_region_q2,16,16,16,5273.49,130,16,1,4414.489731,10,0,0,nan,82,0,0.385526
55021,743,Cplus_completion_coobserve,16,16,16,4863.101,138,16,1,3960.1015,18,7,0,nan,82,0,0.27097
55021,743,F_coverage_integrated,16,16,16,4376.846,105,16,1,3674.846173,36,18,8,2230.8279946676194,54,0,0.700812
55021,743,G_rolling_coverage,16,16,16,4152.661,106,16,1,3444.661213,37,22,8,2230.8279946676194,54,0,0.5399
55021,743,I_ring_optimized,16,16,16,4225.747,109,16,1,3498.74708,40,25,8,2123.0758108921646,55,0,0.636583
55021,743,J_ring7_1000,16,16,16,4291.263,118,16,1,3506.263115,39,21,8,2161.423717997604,64,0,1.594249
55021,743,Jplus_final,16,16,16,4139.566,112,16,1,3394.565684,33,25,0,1879.4996445382883,63,0,0.277064
55021,744,C_region_q2,14,14,14,4862.074,136,14,1,3977.074016,10,0,0,nan,93,0,0.236962
55021,744,Cplus_completion_coobserve,14,14,14,4179.564,139,14,1,3277.563638,13,6,0,nan,93,0,0.241613
55021,744,F_coverage_integrated,14,14,14,4055.999,113,14,1,3311.999347,38,26,8,2223.038135590972,61,0,1.545991
55021,744,G_rolling_coverage,14,14,14,4054.363,115,14,1,3299.362504,40,29,8,2223.038135590972,61,0,1.460626
55021,744,I_ring_optimized,14,14,14,3935.15,116,14,1,3174.150446,41,29,8,2200.3171814639354,62,0,1.190513
55021,744,J_ring7_1000,14,14,14,4105.616,119,14,1,3325.615926,31,17,7,2055.8561921275073,75,0,1.440136
55021,744,Jplus_final,14,14,14,3901.246,106,14,1,3199.246004,25,20,0,1888.9017151479889,67,0,0.161424
55021,745,C_region_q2,11,11,11,4576.746,139,11,1,3690.746269,12,0,0,nan,102,0,0.303779
55021,745,Cplus_completion_coobserve,11,11,11,3925.022,138,11,1,3044.021853,11,4,0,nan,102,0,0.146974
55021,745,F_coverage_integrated,11,11,11,3614.62,117,11,1,2861.620187,29,16,8,2287.4867488210357,77,0,0.823333
55021,745,G_rolling_coverage,11,11,11,3615.261,117,11,1,2862.261381,29,17,8,2287.4867488210357,77,0,0.886929
55021,745,I_ring_optimized,11,11,11,3480.787,116,11,1,2734.786579,28,17,8,2184.014637228205,77,0,0.850326
55021,745,J_ring7_1000,11,11,11,3327.256,131,11,1,2488.255737,33,23,8,2126.462741536405,87,0,1.127915
55021,745,Jplus_final,11,11,11,3489.631,127,11,1,2675.630793,22,20,0,1966.3209738821397,94,0,0.135915
55021,746,C_region_q2,16,16,16,5009.584,138,16,1,4104.584487,13,0,0,nan,83,0,0.466468
55021,746,Cplus_completion_coobserve,16,16,16,4559.234,144,16,1,3618.233967,19,9,0,nan,83,0,0.223212
55021,746,F_coverage_integrated,16,16,16,4008.096,98,16,1,3343.095698,45,29,8,1877.6510695016152,40,0,1.577561
55021,746,G_rolling_coverage,16,16,16,4000.092,99,16,1,3330.092456,46,31,8,1877.6510695016152,40,0,1.448036
55021,746,I_ring_optimized,16,16,16,3879.502,100,16,1,3204.502214,47,31,8,1736.3850721883969,40,0,1.452017
55021,746,J_ring7_1000,16,16,16,3588.859,98,16,1,2928.859337,46,30,8,1496.9044557075806,37,0,1.726798
55021,746,Jplus_final,16,16,16,3458.247,85,16,1,2876.246725,33,27,0,1360.808901500707,36,0,0.207361
55021,747,C_region_q2,10,10,10,4723.704,146,10,1,3800.703939,10,0,0,nan,115,0,0.340099
55021,747,Cplus_completion_coobserve,10,10,10,4133.569,146,10,1,3210.569185,10,3,0,nan,115,0,0.178405
55021,747,F_coverage_integrated,10,10,10,4061.88,116,10,1,3318.88048,21,9,6,2242.9617759560188,85,0,0.797014
55021,747,G_rolling_coverage,10,10,10,4060.385,116,10,1,3317.384629,21,10,6,2242.9617759560188,85,0,0.780191
55021,747,I_ring_optimized,10,10,10,3742.532,117,10,1,2994.532398,22,11,8,2189.8366487232042,85,0,1.11577
55021,747,J_ring7_1000,10,10,10,3659.568,131,10,1,2829.567825,21,10,3,2134.474539328498,100,0,1.023553
55021,747,Jplus_final,10,10,10,3752.928,130,10,1,2925.927811,20,13,0,1973.4742927355032,100,0,0.179568
55021,748,C_region_q2,16,16,16,5765.047,134,16,1,4886.047237,20,0,0,nan,85,0,0.640894
55021,748,Cplus_completion_coobserve,16,16,16,4553.435,143,16,1,3620.434897,29,16,0,nan,86,0,0.320922
55021,748,F_coverage_integrated,16,16,16,4318.772,123,16,1,3508.771516,39,21,8,2251.278667842173,69,0,1.072835
55021,748,G_rolling_coverage,16,16,16,4338.253,124,16,1,3521.253225,40,24,8,2251.278667842173,69,0,1.072422
55021,748,I_ring_optimized,16,16,16,4086.454,126,16,1,3258.453668,42,27,8,2113.188400522865,69,0,0.883559
55021,748,J_ring7_1000,16,16,16,4102.319,138,16,1,3200.318596,49,32,8,2050.2948900308465,75,0,1.626982
55021,748,Jplus_final,16,16,16,4024.338,124,16,1,3203.338138,35,29,0,1899.7630065419482,74,0,0.235642
55021,749,C_region_q2,16,16,16,4656.612,123,16,1,3841.611991,15,0,0,nan,71,0,0.521836
55021,749,Cplus_completion_coobserve,16,16,16,4114.026,130,16,1,3258.025632,22,11,0,nan,71,0,0.221702
55021,749,F_coverage_integrated,16,16,16,4634.468,101,16,1,3951.46835,42,25,8,2142.0157033879414,44,0,1.151989
55021,749,G_rolling_coverage,16,16,16,4156.32,99,16,1,3485.320494,40,27,8,2142.0157033879414,44,0,1.155615
55021,749,I_ring_optimized,16,16,16,4076.018,103,16,1,3383.017517,44,31,8,2044.974319976712,45,0,1.135891
55021,749,J_ring7_1000,16,16,16,3984.976,102,16,1,3299.975654,41,23,8,1591.4913043068893,46,0,0.971221
55021,749,Jplus_final,16,16,16,4478.604,110,16,1,3747.604467,39,26,0,1860.766162077524,55,0,0.245286
55021,750,C_region_q2,16,16,16,5721.891,138,16,1,4815.891078,14,0,0,nan,89,0,0.330266
55021,750,Cplus_completion_coobserve,16,16,16,4859.224,148,16,1,3895.223746,24,10,0,nan,90,0,0.380461
55021,750,F_coverage_integrated,16,16,16,4324.37,101,16,1,3642.369576,39,22,8,2130.010757517336,46,0,1.459803
55021,750,G_rolling_coverage,16,16,16,4328.239,102,16,1,3641.23913,40,24,8,2130.010757517336,46,0,1.45732
55021,750,I_ring_optimized,16,16,16,4200.492,105,16,1,3495.492477,43,28,8,1992.1966596136351,46,0,1.516935
55021,750,J_ring7_1000,16,16,16,4299.344,109,16,1,3570.344127,46,28,8,1683.866500150074,47,0,1.454598
55021,750,Jplus_final,16,16,16,4257.514,107,16,1,3540.514487,44,33,0,1540.6313587683967,47,0,0.369625
55021,751,C_region_q2,13,13,13,5034.307,141,13,1,4124.307331,11,0,0,nan,100,0,0.433638
55021,751,Cplus_completion_coobserve,13,13,13,4566.942,148,13,1,3617.942309,18,7,0,nan,100,0,0.355537
55021,751,F_coverage_integrated,13,13,13,4361.869,119,13,1,3587.869146,38,19,8,2199.259806253095,69,0,0.670758
55021,751,G_rolling_coverage,13,13,13,4363.198,120,13,1,3584.197654,39,22,8,2199.259806253095,69,0,0.517842
55021,751,I_ring_optimized,13,13,13,4090.792,113,13,1,3353.792289,34,20,8,2158.100709596064,67,0,0.639586
55021,751,J_ring7_1000,13,13,13,4048.833,132,13,1,3196.833416,35,21,8,2090.7324128387636,84,0,1.15284
55021,751,Jplus_final,13,13,13,4048.163,123,13,1,3248.163133,26,21,0,1920.4019745052115,84,0,0.220733
55021,752,C_region_q2,13,13,13,4583.817,147,13,1,3637.816588,10,0,0,nan,114,0,0.215386
55021,752,Cplus_completion_coobserve,13,13,13,3976.332,152,13,1,3003.332251,15,7,0,nan,114,0,0.260913
55021,752,F_coverage_integrated,13,13,13,3994.055,116,13,1,3238.055413,26,9,8,2258.650066081093,77,0,1.034545
55021,752,G_rolling_coverage,13,13,13,3582.526,115,13,1,2831.526208,25,14,8,2258.650066081093,77,0,0.996315
55021,752,I_ring_optimized,13,13,13,3486.703,115,13,1,2735.702744,26,16,6,2076.560352116211,76,0,1.184707
55021,752,J_ring7_1000,13,13,13,3269.49,123,13,1,2473.489787,33,27,3,2007.4025267739273,77,0,1.823854
55021,752,Jplus_final,13,13,13,3231.778,116,13,1,2477.777757,26,23,0,1952.2388259808288,77,0,0.147826
55021,753,C_region_q2,12,12,12,4696.844,140,12,1,3797.84448,9,0,0,nan,104,0,0.268929
55021,753,Cplus_completion_coobserve,12,12,12,4127.283,143,12,1,3211.283228,12,4,0,nan,104,0,0.187712
55021,753,F_coverage_integrated,12,12,12,3715.298,112,12,1,2987.297552,25,12,8,2218.11688770432,76,0,0.363435
55021,753,G_rolling_coverage,12,12,12,3745.192,118,12,1,2984.192342,31,20,8,2218.11688770432,76,0,0.34499
55021,753,I_ring_optimized,12,12,12,3377.048,114,12,1,2639.048446,27,15,8,2098.8410657307304,75,0,0.378012
55021,753,J_ring7_1000,12,12,12,3429.961,129,12,1,2601.961022,29,15,8,2129.9724711381596,88,0,0.534545
55021,753,Jplus_final,12,12,12,3488.48,125,12,1,2683.479962,25,17,0,1967.639693802335,89,0,0.176481
55021,754,C_region_q2,11,11,11,4620.226,143,11,1,3708.226132,11,0,0,nan,108,0,0.304976
55021,754,Cplus_completion_coobserve,11,11,11,4073.527,148,11,1,3135.526994,16,7,0,nan,108,0,0.250482
55021,754,F_coverage_integrated,11,11,11,4761.781,125,11,1,3961.781023,26,13,7,2323.22639867804,88,0,0.503015
55021,754,G_rolling_coverage,11,11,11,4328.214,125,11,1,3528.21352,26,15,7,2323.22639867804,88,0,0.478899
55021,754,I_ring_optimized,11,11,11,3931.157,128,11,1,3114.156544,29,16,8,2209.2289178292303,88,0,0.508551
55021,754,J_ring7_1000,11,11,11,3818.095,145,11,1,2900.09488,39,25,7,2158.0391579416205,97,0,1.946044
55021,754,Jplus_final,11,11,11,3678.156,131,11,1,2843.155762,25,19,0,2001.0301725882782,95,0,0.192437
55021,755,C_region_q2,11,11,11,4444.554,138,11,1,3563.553879,10,0,0,nan,102,0,0.301901
55021,755,Cplus_completion_coobserve,11,11,11,3906.809,139,11,1,3019.809434,11,4,0,nan,102,0,0.160688
55021,755,F_coverage_integrated,11,11,11,3725.221,105,11,1,3042.220502,24,14,7,2174.9076663211454,71,0,0.993417
55021,755,G_rolling_coverage,11,11,11,3731.827,106,11,1,3041.826636,25,16,7,2174.9076663211454,71,0,1.022761
55021,755,I_ring_optimized,11,11,11,3786.538,107,11,1,3091.53799,27,16,6,2054.2401519774903,70,0,0.997198
55021,755,J_ring7_1000,11,11,11,3418.224,122,11,1,2636.22388,29,17,6,2042.8415270153516,83,0,1.080428
55021,755,Jplus_final,11,11,11,3360.872,114,11,1,2625.871502,21,16,0,1933.0913711198662,82,0,0.192161
55021,756,C_region_q2,11,11,11,4571.287,134,11,1,3713.286681,10,0,0,nan,95,0,0.397241
55021,756,Cplus_completion_coobserve,11,11,11,4168.953,139,11,1,3282.952533,15,6,0,nan,95,0,0.318167
55021,756,F_coverage_integrated,11,11,11,3819.212,108,11,1,3119.212388,29,17,8,2282.5091919401516,69,0,1.586657
55021,756,G_rolling_coverage,11,11,11,3819.212,108,11,1,3119.212388,29,17,8,2282.5091919401516,69,0,1.694279
55021,756,I_ring_optimized,11,11,11,3803.933,110,11,1,3093.93287,31,18,8,2178.78434185171,69,0,1.619949
55021,756,J_ring7_1000,11,11,11,3391.885,115,11,1,2650.885457,26,16,6,1993.4231177037682,78,0,1.245828
55021,756,Jplus_final,11,11,11,3401.517,108,11,1,2700.51679,19,16,0,1879.917008259331,78,0,0.144496
55021,757,C_region_q2,13,13,13,5292.543,142,13,1,4378.542809,12,0,0,nan,101,0,0.393963
55021,757,Cplus_completion_coobserve,13,13,13,4299.965,148,13,1,3350.965223,18,7,0,nan,101,0,0.361966
55021,757,F_coverage_integrated,13,13,13,4173.975,120,13,1,3393.975066,36,22,7,2302.1734081083514,71,0,1.661871
55021,757,G_rolling_coverage,13,13,13,4165.578,119,13,1,3390.578365,35,23,7,2302.1734081083514,71,0,1.636365
55021,757,I_ring_optimized,13,13,13,4020.358,117,13,1,3259.35808,33,20,8,2193.1157620502036,71,0,1.440659
55021,757,J_ring7_1000,13,13,13,4272.447,133,13,1,3414.447282,37,20,8,2140.1366507731623,84,0,1.268887
55021,757,Jplus_final,13,13,13,3893.469,118,13,1,3124.469412,22,19,0,1978.3002933403454,83,0,0.141553
55021,758,C_region_q2,10,10,10,4260.824,142,10,1,3361.824331,9,0,0,nan,107,0,0.334535
55021,758,Cplus_completion_coobserve,10,10,10,3809.6,140,10,1,2920.600484,7,2,0,nan,107,0,0.181198
55021,758,F_coverage_integrated,10,10,10,3509.424,109,10,1,2807.424493,21,12,6,2304.8542886311034,78,0,0.818946
55021,758,G_rolling_coverage,10,10,10,3509.919,109,10,1,2807.918541,21,13,6,2304.8542886311034,78,0,0.793969
55021,758,I_ring_optimized,10,10,10,3341.356,109,10,1,2638.3556,21,14,5,2139.114294608531,78,0,1.072738
55021,758,J_ring7_1000,10,10,10,3490.522,128,10,1,2675.522486,24,16,5,2178.1499931883213,94,0,1.286939
55021,758,Jplus_final,10,10,10,3404.511,122,10,1,2626.510972,18,14,0,2084.9152927511186,94,0,0.138435
55021,759,C_region_q2,13,13,13,4845.372,139,13,1,3948.371848,12,0,0,nan,95,0,0.388189
55021,759,Cplus_completion_coobserve,13,13,13,4367.492,143,13,1,3447.49173,16,8,0,nan,95,0,0.199481
55021,759,F_coverage_integrated,13,13,13,4561.597,110,13,1,3841.596906,34,15,8,2168.049784891758,65,0,1.329781
55021,759,G_rolling_coverage,13,13,13,4321.8,109,13,1,3608.800125,33,19,8,2168.049784891758,65,0,1.372806
55021,759,I_ring_optimized,13,13,13,3946.459,115,13,1,3199.459252,39,22,8,2042.0642880580422,66,0,1.402669
55021,759,J_ring7_1000,13,13,13,4228.451,136,13,1,3358.45088,42,24,8,2185.7371070665713,83,0,1.769481
55021,759,Jplus_final,13,13,13,3701.524,116,13,1,2943.52365,25,17,0,1960.0065149597729,78,0,0.139953
55021,760,C_region_q2,12,12,12,4372.04,137,12,1,3492.040075,9,0,0,nan,98,0,0.301862
55021,760,Cplus_completion_coobserve,12,12,12,4112.528,137,12,1,3232.528002,9,4,0,nan,98,0,0.151344
55021,760,F_coverage_integrated,12,12,12,3982.416,111,12,1,3260.415814,29,19,8,2359.571540337072,70,0,1.234457
55021,760,G_rolling_coverage,12,12,12,3989.422,112,12,1,3262.422436,30,20,8,2359.571540337072,70,0,1.176619
55021,760,I_ring_optimized,12,12,12,3765.578,115,12,1,3017.578362,33,23,7,2202.893518040488,70,0,1.23185
55021,760,J_ring7_1000,12,12,12,3657.04,125,12,1,2849.040011,28,18,6,2151.0661722596847,85,0,1.00844
55021,760,Jplus_final,12,12,12,3602.559,119,12,1,2833.559109,22,19,0,1962.420243075649,85,0,0.157248
55021,761,C_region_q2,15,15,15,4621.055,134,15,1,3743.054902,11,0,0,nan,87,0,0.288442
55021,761,Cplus_completion_coobserve,15,15,15,4169.675,136,15,1,3281.67482,13,6,0,nan,87,0,0.21289
55021,761,F_coverage_integrated,15,15,15,4425.785,106,15,1,3720.784756,37,20,8,2130.059616066724,54,0,0.749414
55021,761,G_rolling_coverage,15,15,15,4309.205,109,15,1,3587.205213,40,26,8,2130.059616066724,54,0,0.785532
55021,761,I_ring_optimized,15,15,15,3808.503,108,15,1,3092.502627,39,27,8,2099.3674259944933,54,0,0.783594
55021,761,J_ring7_1000,15,15,15,3583.033,113,15,1,2835.032933,40,29,7,1963.8977172733457,58,0,1.186278
55021,761,Jplus_final,15,15,15,3571.296,104,15,1,2875.295991,31,28,0,1844.7571709032693,58,0,0.134054
55021,762,C_region_q2,13,13,13,4980.669,134,13,1,4114.669473,12,0,0,nan,92,0,0.326388
55021,762,Cplus_completion_coobserve,13,13,13,4513.735,137,13,1,3632.73502,15,5,0,nan,92,0,0.201389
55021,762,F_coverage_integrated,13,13,13,4183.665,103,13,1,3502.664682,25,15,7,2262.167388160562,65,0,0.942117
55021,762,G_rolling_coverage,13,13,13,4163.305,104,13,1,3477.304965,26,17,7,2262.167388160562,65,0,1.051714
55021,762,I_ring_optimized,13,13,13,4150.977,114,13,1,3406.976969,31,18,8,2196.6369827451713,70,0,1.358226
55021,762,J_ring7_1000,13,13,13,4109.695,123,13,1,3311.695246,33,21,8,2024.3304170277281,77,0,1.350859
55021,762,Jplus_final,13,13,13,4007.518,118,13,1,3237.518284,28,24,0,1916.4759118504173,77,0,0.206894
55021,763,C_region_q2,15,15,15,5299.033,140,15,1,4385.032646,12,0,0,nan,95,0,0.424489
55021,763,Cplus_completion_coobserve,15,15,15,4483.127,145,15,1,3542.127117,17,8,0,nan,95,0,0.276995
55021,763,F_coverage_integrated,15,15,15,4103.995,119,15,1,3319.995013,40,25,8,2282.492809915264,64,0,1.638697
55021,763,G_rolling_coverage,15,15,15,4108.483,120,15,1,3318.483153,41,28,8,2282.492809915264,65,0,1.544897
55021,763,I_ring_optimized,15,15,15,4097.723,113,15,1,3350.722562,34,22,8,2083.479709467734,65,0,1.262037
55021,763,J_ring7_1000,15,15,15,4141.202,120,15,1,3351.201561,36,25,5,1990.6223070722044,69,0,1.411345
55021,763,Jplus_final,15,15,15,4126.144,113,15,1,3377.143983,29,22,0,1865.7484397510566,69,0,0.198903
55021,764,C_region_q2,12,12,12,4472.998,140,12,1,3573.997755,10,0,0,nan,102,0,0.330231
55021,764,Cplus_completion_coobserve,12,12,12,4042.386,143,12,1,3127.386091,13,6,0,nan,102,0,0.226354
55021,764,F_coverage_integrated,12,12,12,3827.308,116,12,1,3073.308461,32,18,8,2256.845141500789,73,0,0.649439
55021,764,G_rolling_coverage,12,12,12,3787.277,116,12,1,3035.277353,32,21,8,2256.845141500789,73,0,0.462029
55021,764,I_ring_optimized,12,12,12,3665.236,115,12,1,2921.235505,31,21,8,2145.8733653586355,73,0,0.67773
55021,764,J_ring7_1000,12,12,12,3704.631,130,12,1,2868.631158,32,22,8,2087.0479542500057,86,0,1.693445
55021,764,Jplus_final,12,12,12,3583.65,122,12,1,2794.649856,24,22,0,1944.1660941477844,86,0,0.133373
55021,765,C_region_q2,16,16,16,5313.536,150,16,1,4336.535521,16,0,0,nan,99,0,0.469617
55021,765,Cplus_completion_coobserve,16,16,16,4686.41,154,16,1,3686.41003,20,11,0,nan,100,0,0.200808
55021,765,F_coverage_integrated,16,16,16,4811.189,121,16,1,4017.188987,44,20,8,2000.976125846572,63,0,0.676733
55021,765,G_rolling_coverage,16,16,16,4463.555,120,16,1,3670.555215,43,26,8,2000.976125846572,61,0,0.576656
55021,765,I_ring_optimized,16,16,16,4102.729,120,16,1,3309.729076,43,27,8,1889.0913834579355,61,0,0.896563
55021,765,J_ring7_1000,16,16,16,4089.451,119,16,1,3301.450892,41,28,8,2061.632639049436,63,0,1.092909
55021,765,Jplus_final,16,16,16,4013.575,114,16,1,3259.575055,36,29,0,1815.3349147407234,62,0,0.17497
55021,766,C_region_q2,11,11,11,4341.397,138,11,1,3459.396502,7,0,0,nan,105,0,0.297437
55021,766,Cplus_completion_coobserve,11,11,11,3930.116,140,11,1,3037.116202,9,3,0,nan,105,0,0.253001
55021,766,F_coverage_integrated,11,11,11,3589.26,107,11,1,2896.26029,23,13,7,2329.64497120637,74,0,0.93343
55021,766,G_rolling_coverage,11,11,11,3580.448,107,11,1,2887.447663,23,14,7,2329.64497120637,74,0,0.892635
55021,766,I_ring_optimized,11,11,11,3405.198,106,11,1,2718.197792,22,14,6,2120.6441136814483,74,0,0.767889
55021,766,J_ring7_1000,11,11,11,3324.96,121,11,1,2546.960416,28,18,8,2106.277737807093,83,0,0.782065
55021,766,Jplus_final,11,11,11,3165.302,116,11,1,2419.302227,23,20,0,1904.808940121053,82,0,0.135747
55021,767,C_region_q2,11,11,11,4341.512,138,11,1,3459.511921,11,0,0,nan,101,0,0.420089
55021,767,Cplus_completion_coobserve,11,11,11,4144.102,140,11,1,3252.101639,13,5,0,nan,101,0,0.306839
55021,767,F_coverage_integrated,11,11,11,3919.025,120,11,1,3147.025092,27,17,6,2338.5137525878326,83,0,0.744495
55021,767,G_rolling_coverage,11,11,11,3919.025,120,11,1,3147.025092,27,17,6,2338.5137525878326,83,0,0.675789
55021,767,I_ring_optimized,11,11,11,3800.811,125,11,1,2998.811128,32,18,8,2184.462360932858,84,0,0.82037
55021,767,J_ring7_1000,11,11,11,3768.857,144,11,1,2855.856817,36,21,8,2097.24030922614,99,0,1.214131
55021,767,Jplus_final,11,11,11,3764.762,123,11,1,2977.761555,23,18,0,1918.3209738821397,89,0,0.198137
55021,768,C_region_q2,13,13,13,4910.756,136,13,1,4030.755904,10,0,0,nan,94,0,0.414971
55021,768,Cplus_completion_coobserve,13,13,13,4481.578,140,13,1,3578.578272,14,5,0,nan,94,0,0.292776
55021,768,F_coverage_integrated,13,13,13,4370.979,110,13,1,3652.978684,34,16,8,2112.6762030691934,64,0,0.789171
55021,768,G_rolling_coverage,13,13,13,4349.489,109,13,1,3637.489113,33,18,8,2112.6762030691934,64,0,0.782697
55021,768,I_ring_optimized,13,13,13,4276.101,110,13,1,3559.10098,34,19,8,2040.0783514534298,65,0,1.56798
55021,768,J_ring7_1000,13,13,13,4334.861,123,13,1,3539.860877,34,17,8,2035.880986967607,76,0,1.001909
55021,768,Jplus_final,13,13,13,4260.925,118,13,1,3492.924528,29,22,0,1974.1687230869525,76,0,0.192213
55021,769,C_region_q2,14,14,14,5176.431,135,14,1,4299.430913,12,0,0,nan,91,0,0.352267
55021,769,Cplus_completion_coobserve,14,14,14,4737.473,141,14,1,3824.473442,18,8,0,nan,91,0,0.283666
55021,769,F_coverage_integrated,14,14,14,4270.247,110,14,1,3546.246531,43,26,8,2194.1771686444126,54,0,1.089519
55021,769,G_rolling_coverage,14,14,14,4278.922,112,14,1,3544.921776,45,29,8,2194.1771686444126,54,0,1.140812
55021,769,I_ring_optimized,14,14,14,3877.823,112,14,1,3138.823284,45,31,8,2085.317113064199,54,0,0.959145
55021,769,J_ring7_1000,14,14,14,4175.256,130,14,1,3329.255618,37,21,8,2153.7866260362093,81,0,1.499142
55021,769,Jplus_final,14,14,14,4065.541,111,14,1,3336.540975,32,24,0,1871.3390645036318,65,0,0.275443
55021,770,C_region_q2,14,14,14,4879.995,144,14,1,3946.995036,10,0,0,nan,104,0,0.321014
55021,770,Cplus_completion_coobserve,14,14,14,4529.0,149,14,1,3568.000445,15,7,0,nan,104,0,0.24937
55021,770,F_coverage_integrated,14,14,14,4265.079,121,14,1,3476.079379,35,16,8,2218.9132750912804,74,0,1.023568
55021,770,G_rolling_coverage,14,14,14,4276.921,123,14,1,3478.921091,37,20,8,2218.9132750912804,74,0,0.971442
55021,770,I_ring_optimized,14,14,14,4511.195,122,14,1,3715.195321,40,25,8,2146.473606049384,70,0,0.887249
55021,770,J_ring7_1000,14,14,14,4530.265,128,14,1,3702.265144,36,18,8,2005.769928039259,79,0,0.641034
55021,770,Jplus_final,14,14,14,4079.817,123,14,1,3279.816865,31,24,0,1894.3209738821395,78,0,0.256189
55021,771,C_region_q2,14,14,14,4851.289,121,14,1,4057.289056,12,0,0,nan,76,0,0.383592
55021,771,Cplus_completion_coobserve,14,14,14,4380.221,128,14,1,3547.221415,19,8,0,nan,76,0,0.165066
55021,771,F_coverage_integrated,14,14,14,3715.286,97,14,1,3065.28609,30,20,8,2305.34780725826,53,0,1.923727
55021,771,G_rolling_coverage,14,14,14,3715.286,97,14,1,3065.28609,30,20,8,2305.34780725826,53,0,2.071786
55021,771,I_ring_optimized,14,14,14,3449.816,103,14,1,2768.816223,36,22,8,2110.682140585458,53,0,2.180281
55021,771,J_ring7_1000,14,14,14,3968.271,118,14,1,3197.270508,40,21,8,2021.5507633768623,65,0,1.600551
55021,771,Jplus_final,14,14,14,3905.698,105,14,1,3210.697502,31,22,0,1928.9605564288527,61,0,0.210494
55021,772,C_region_q2,15,15,15,4966.044,138,15,1,4065.043665,15,0,0,nan,88,0,0.528679
55021,772,Cplus_completion_coobserve,15,15,15,4513.553,144,15,1,3577.553059,21,10,0,nan,88,0,0.289704
55021,772,F_coverage_integrated,15,15,15,3848.631,112,15,1,3105.631029,31,20,6,2172.840912564238,67,0,1.078791
55021,772,G_rolling_coverage,15,15,15,3802.273,111,15,1,3064.272994,30,22,6,2172.840912564238,67,0,1.068827
55021,772,I_ring_optimized,15,15,15,3655.524,109,15,1,2929.523817,28,19,6,2119.36274844397,66,0,1.015238
55021,772,J_ring7_1000,15,15,15,3761.047,133,15,1,2892.046946,42,30,8,2111.916954619426,77,0,1.832023
55021,772,Jplus_final,15,15,15,3855.754,128,15,1,3016.754063,37,33,0,1900.3209738821395,76,0,0.249077
55021,773,C_region_q2,14,14,14,4913.753,140,14,1,4005.753218,14,0,0,nan,95,0,0.44525
55021,773,Cplus_completion_coobserve,14,14,14,4387.626,145,14,1,3451.626283,19,8,0,nan,95,0,0.352124
55021,773,F_coverage_integrated,14,14,14,4694.062,107,14,1,3986.061877,32,14,8,2177.2420744101178,61,0,1.152289
55021,773,G_rolling_coverage,14,14,14,4798.052,105,14,1,4101.052114,30,15,8,2177.2420744101178,61,0,1.103146
55021,773,I_ring_optimized,14,14,14,4030.975,110,14,1,3303.975488,35,21,8,2006.7469185961845,61,0,1.190407
55021,773,J_ring7_1000,14,14,14,4085.837,122,14,1,3288.837414,34,21,8,1987.728851522151,74,0,1.194211
55021,773,Jplus_final,14,14,14,4082.455,115,14,1,3325.454879,27,22,0,1876.3209738821397,74,0,0.297343
55021,774,C_region_q2,11,11,11,4280.991,147,11,1,3344.990679,10,0,0,nan,113,0,0.338239
55021,774,Cplus_completion_coobserve,11,11,11,4073.099,152,11,1,3110.098848,15,5,0,nan,113,0,0.233224
55021,774,F_coverage_integrated,11,11,11,3981.622,131,11,1,3143.621665,30,18,8,2315.1223422830826,90,0,0.288348
55021,774,G_rolling_coverage,11,11,11,3983.498,132,11,1,3140.498491,31,20,8,2315.1223422830826,90,0,0.239217
55021,774,I_ring_optimized,11,11,11,3925.268,132,11,1,3082.267903,31,18,8,2195.016816185722,90,0,0.409689
55021,774,J_ring7_1000,11,11,11,3900.032,139,11,1,3014.032133,30,19,8,2165.6175641343457,98,0,0.809904
55021,774,Jplus_final,11,11,11,3627.66,130,11,1,2795.660165,25,21,0,1960.3209738821395,94,0,0.186
55021,775,C_region_q2,13,13,13,4810.245,134,13,1,3944.244566,13,0,0,nan,90,0,0.424395
55021,775,Cplus_completion_coobserve,13,13,13,4225.328,136,13,1,3347.328464,15,6,0,nan,90,0,0.273825
55021,775,F_coverage_integrated,13,13,13,3917.216,110,13,1,3196.216086,35,24,4,2123.4008920451906,62,0,1.162909
55021,775,G_rolling_coverage,13,13,13,3901.858,111,13,1,3175.858274,36,26,4,2123.4008920451906,62,0,1.205508
55021,775,I_ring_optimized,13,13,13,3858.153,111,13,1,3131.152829,37,25,7,2119.094017496003,61,0,1.300688
55021,775,J_ring7_1000,13,13,13,3760.62,122,13,1,2968.619715,40,26,8,2033.5837802313092,70,0,1.572679
55021,775,Jplus_final,13,13,13,3640.898,110,13,1,2920.897957,28,24,0,1851.73571062905,69,0,0.180936
55021,776,C_region_q2,15,15,15,4661.385,138,15,1,3759.384948,13,0,0,nan,89,0,0.3304
55021,776,Cplus_completion_coobserve,15,15,15,4163.569,140,15,1,3250.568725,15,8,0,nan,89,0,0.191323
55021,776,F_coverage_integrated,15,15,15,3835.769,98,15,1,3176.768552,39,25,8,2232.7141385798777,47,0,1.045774
55021,776,G_rolling_coverage,15,15,15,3831.295,97,15,1,3177.294854,38,24,8,2232.7141385798777,47,0,1.001132
55021,776,I_ring_optimized,15,15,15,3296.86,92,15,1,2673.859772,33,22,8,2085.953478865351,44,0,1.036505
55021,776,J_ring7_1000,15,15,15,3254.751,104,15,1,2558.751464,37,24,8,2020.5995123076557,52,0,1.261233
55021,776,Jplus_final,15,15,15,3408.326,92,15,1,2782.326201,31,31,0,1841.8995095874773,46,0,0.101562
55021,777,C_region_q2,11,11,11,4709.081,139,11,1,3823.081386,12,0,0,nan,100,0,0.302609
55021,777,Cplus_completion_coobserve,11,11,11,4662.012,145,11,1,3740.012348,18,7,0,nan,100,0,0.166849
55021,777,F_coverage_integrated,11,11,11,3984.414,122,11,1,3201.414282,31,18,8,2325.978706415342,83,0,0.384855
55021,777,G_rolling_coverage,11,11,11,3973.387,121,11,1,3195.38683,30,18,8,2325.978706415342,82,0,0.452108
55021,777,I_ring_optimized,11,11,11,3873.191,114,11,1,3137.190868,31,17,8,2229.8685765537157,72,0,0.91084
55021,777,J_ring7_1000,11,11,11,3987.035,138,11,1,3110.034895,33,20,8,2220.046058996977,94,0,1.179589
55021,777,Jplus_final,11,11,11,3825.98,128,11,1,3006.97954,23,18,0,1986.7421825862411,94,0,0.123387
55021,778,C_region_q2,11,11,11,4544.437,146,11,1,3614.436917,9,0,0,nan,113,0,0.310346
55021,778,Cplus_completion_coobserve,11,11,11,4221.116,151,11,1,3263.116459,14,6,0,nan,113,0,0.268986
55021,778,F_coverage_integrated,11,11,11,3977.748,120,11,1,3206.747505,27,14,8,2318.867332141266,83,0,1.202441
55021,778,G_rolling_coverage,11,11,11,3975.761,121,11,1,3199.76068,28,15,8,2318.867332141266,83,0,1.354602
55021,778,I_ring_optimized,11,11,11,3815.248,118,11,1,3055.248116,25,14,8,2214.9144534021,82,0,1.034115
55021,778,J_ring7_1000,11,11,11,3731.708,128,11,1,2910.708422,24,16,6,2117.219412200172,93,0,1.669164
55021,778,Jplus_final,11,11,11,3786.142,126,11,1,2977.142311,22,17,0,1957.461593708267,93,0,0.185856
55021,779,C_region_q2,12,12,12,4644.826,143,12,1,3727.826005,10,0,0,nan,107,0,0.379968
55021,779,Cplus_completion_coobserve,12,12,12,3946.661,146,12,1,3013.66066,13,6,0,nan,107,0,0.246523
55021,779,F_coverage_integrated,12,12,12,3666.769,109,12,1,2954.768719,24,13,8,2201.4519103716807,75,0,1.660054
55021,779,G_rolling_coverage,12,12,12,3663.139,109,12,1,2952.138535,24,14,8,2201.4519103716807,75,0,1.644783
55021,779,I_ring_optimized,12,12,12,3400.528,109,12,1,2689.528084,24,14,8,2128.996865904476,74,0,1.515218
55021,779,J_ring7_1000,12,12,12,3396.043,130,12,1,2558.043038,28,18,8,2156.712210333995,90,0,0.695749
55021,779,Jplus_final,12,12,12,3372.988,121,12,1,2588.987845,21,19,0,1941.5400772296243,88,0,0.111138
55021,780,C_region_q2,11,11,11,5246.297,132,11,1,4402.297464,11,0,0,nan,93,0,0.375414
55021,780,Cplus_completion_coobserve,11,11,11,3987.479,132,11,1,3143.479365,11,4,0,nan,93,0,0.219897
55021,780,F_coverage_integrated,11,11,11,3753.866,114,11,1,3015.865782,29,19,8,2342.953020558783,74,0,1.433955
55021,780,G_rolling_coverage,11,11,11,3752.923,114,11,1,3014.923442,29,20,8,2342.953020558783,74,0,1.447986
55021,780,I_ring_optimized,11,11,11,3576.067,114,11,1,2838.066922,29,20,8,2174.347769019075,74,0,1.436624
55021,780,J_ring7_1000,11,11,11,3355.128,126,11,1,2549.127732,28,16,8,2066.8309172519894,87,0,0.866609
55021,780,Jplus_final,11,11,11,3554.482,118,11,1,2793.481851,20,18,0,1931.9005166658467,87,0,0.080742
55021,781,C_region_q2,15,15,15,4764.864,132,15,1,3899.863991,13,0,0,nan,79,0,0.392664
55021,781,Cplus_completion_coobserve,15,15,15,4365.452,138,15,1,3466.452201,19,11,0,nan,79,0,0.239882
55021,781,F_coverage_integrated,15,15,15,4224.199,96,15,1,3578.199432,37,22,8,2155.8117725979405,44,0,1.058305
55021,781,G_rolling_coverage,15,15,15,3948.98,98,15,1,3293.980476,39,25,8,2155.8117725979405,44,0,1.161713
55021,781,I_ring_optimized,15,15,15,3777.055,104,15,1,3087.055493,45,31,8,2026.1981228266045,47,0,0.880385
55021,781,J_ring7_1000,15,15,15,3731.721,107,15,1,3020.720546,43,29,8,1961.349074327154,51,0,1.38081
55021,781,Jplus_final,15,15,15,3670.454,101,15,1,2998.454422,37,35,0,1804.6580303940952,49,0,0.157459
55021,782,C_region_q2,12,12,12,4536.654,135,12,1,3667.654039,7,0,0,nan,100,0,0.21052
55021,782,Cplus_completion_coobserve,12,12,12,4182.332,140,12,1,3286.331715,12,4,0,nan,100,0,0.233762
55021,782,F_coverage_integrated,12,12,12,3876.602,114,12,1,3137.601653,31,18,8,2323.079128516592,71,0,1.448906
55021,782,G_rolling_coverage,12,12,12,3881.962,115,12,1,3137.962233,32,19,8,2323.079128516592,71,0,1.446593
55021,782,I_ring_optimized,12,12,12,3842.405,116,12,1,3091.404564,33,19,8,2150.000549178268,71,0,1.282856
55021,782,J_ring7_1000,12,12,12,3987.627,130,12,1,3153.626554,39,24,8,2110.217679875366,81,0,1.693191
55021,782,Jplus_final,12,12,12,3599.118,115,12,1,2854.117926,24,19,0,1926.6300023470076,80,0,0.131713
55021,783,C_region_q2,16,16,16,4769.439,122,16,1,3959.438971,12,0,0,nan,73,0,0.423506
55021,783,Cplus_completion_coobserve,16,16,16,3663.455,124,16,1,2840.455484,14,9,0,nan,73,0,0.149743
55021,783,F_coverage_integrated,16,16,16,3932.895,100,16,1,3254.895181,35,25,4,1875.3436049101103,49,0,0.875811
55021,783,G_rolling_coverage,16,16,16,3851.608,100,16,1,3178.608335,35,25,4,1875.3436049101103,49,0,0.843625
55021,783,I_ring_optimized,16,16,16,3580.297,103,16,1,2887.296676,38,27,8,1873.0658516907977,49,0,1.083286
55021,783,J_ring7_1000,16,16,16,3759.957,128,16,1,2916.956797,47,36,8,2089.553880688287,65,0,1.532211
55021,783,Jplus_final,16,16,16,3567.289,113,16,1,2815.288618,32,29,0,1907.015722861416,65,0,0.143975
55021,784,C_region_q2,14,14,14,4558.282,129,14,1,3715.281957,10,0,0,nan,83,0,0.445503
55021,784,Cplus_completion_coobserve,14,14,14,4228.184,132,14,1,3370.184491,13,6,0,nan,83,0,0.263518
55021,784,F_coverage_integrated,14,14,14,4174.776,106,14,1,3472.775686,32,17,8,2287.711553521232,60,0,1.594095
55021,784,G_rolling_coverage,14,14,14,4429.902,107,14,1,3722.901536,33,20,8,2287.711553521232,60,0,1.435075
55021,784,I_ring_optimized,14,14,14,4044.503,109,14,1,3323.503208,35,22,8,2151.459490107437,60,0,1.504101
55021,784,J_ring7_1000,14,14,14,3935.462,118,14,1,3160.462307,38,25,8,2056.5384004727134,67,0,1.331945
55021,784,Jplus_final,14,14,14,3921.18,108,14,1,3206.180483,28,24,0,1872.8301871612775,66,0,0.208073
55021,785,C_region_q2,10,10,10,4095.767,135,10,1,3236.767217,8,0,0,nan,102,0,0.2605
55021,785,Cplus_completion_coobserve,10,10,10,3778.18,136,10,1,2914.180193,9,3,0,nan,102,0,0.194301
55021,785,F_coverage_integrated,10,10,10,3469.875,120,10,1,2701.875487,28,15,8,2266.874488830729,82,0,1.30555
55021,785,G_rolling_coverage,10,10,10,3469.938,121,10,1,2696.937585,29,19,8,2266.874488830729,82,0,1.302766
55021,785,I_ring_optimized,10,10,10,3464.75,111,10,1,2752.750332,19,8,5,2119.544673870704,82,0,0.97343
55021,785,J_ring7_1000,10,10,10,3412.174,126,10,1,2609.174308,23,11,8,2120.166449786304,93,0,1.220474
55021,785,Jplus_final,10,10,10,3293.527,124,10,1,2502.527072,21,18,0,1968.4575258700802,93,0,0.115313
55021,786,C_region_q2,14,14,14,5017.129,148,14,1,4061.1292,14,0,0,nan,106,0,0.576882
55021,786,Cplus_completion_coobserve,14,14,14,4399.017,156,14,1,3399.017056,22,10,0,nan,107,0,0.422846
55021,786,F_coverage_integrated,14,14,14,4229.751,123,14,1,3427.750968,34,22,8,2405.517568066821,75,0,0.707885
55021,786,G_rolling_coverage,14,14,14,4224.59,123,14,1,3422.590089,34,24,8,2405.517568066821,75,0,0.786541
55021,786,I_ring_optimized,14,14,14,4068.143,125,14,1,3256.14257,36,26,7,2183.034473279226,75,0,1.493687
55021,786,J_ring7_1000,14,14,14,3880.463,117,14,1,3112.462983,30,21,5,1898.3062456548028,74,0,1.480696
55021,786,Jplus_final,14,14,14,3834.898,112,14,1,3096.897636,25,20,0,1834.3209738821395,73,0,0.228577
55021,787,C_region_q2,13,13,13,4628.954,136,13,1,3748.954265,11,0,0,nan,94,0,0.355141
55021,787,Cplus_completion_coobserve,13,13,13,4610.787,141,13,1,3703.786583,16,6,0,nan,94,0,0.239203
55021,787,F_coverage_integrated,13,13,13,4202.143,109,13,1,3489.143376,32,17,8,2260.6912419804094,65,0,0.983367
55021,787,G_rolling_coverage,13,13,13,4201.453,109,13,1,3488.452996,32,18,8,2260.6912419804094,65,0,0.898236
55021,787,I_ring_optimized,13,13,13,4242.074,109,13,1,3529.074388,33,20,8,2110.4794679127112,64,0,0.775695
55021,787,J_ring7_1000,13,13,13,3740.445,118,13,1,2974.444653,33,19,8,2003.014482757959,74,0,0.880183
55021,787,Jplus_final,13,13,13,3757.319,116,13,1,3000.318635,32,27,0,1872.1965202938925,71,0,0.226773
55021,788,C_region_q2,10,10,10,3930.557,131,10,1,3095.556791,7,0,0,nan,95,0,0.202611
55021,788,Cplus_completion_coobserve,10,10,10,3674.283,133,10,1,2828.282669,9,3,0,nan,95,0,0.173393
55021,788,F_coverage_integrated,10,10,10,3214.634,105,10,1,2536.634055,22,13,8,2173.6053598304347,74,0,0.599406
55021,788,G_rolling_coverage,10,10,10,3214.634,105,10,1,2536.634055,22,13,8,2173.6053598304347,74,0,0.571091
55021,788,I_ring_optimized,10,10,10,3153.99,105,10,1,2475.990444,22,14,7,2154.95838509375,74,0,0.516251
55021,788,J_ring7_1000,10,10,10,2979.974,119,10,1,2220.973733,28,18,8,2066.106793613795,83,0,1.530555
55021,788,Jplus_final,10,10,10,3092.148,114,10,1,2360.147814,22,21,0,1917.3991236991228,82,0,0.093658
55021,789,C_region_q2,16,16,16,5324.359,102,16,1,4640.358569,23,0,0,nan,54,0,0.677164
55021,789,Cplus_completion_coobserve,16,16,16,3648.084,116,16,1,2875.08445,37,21,0,nan,54,0,0.399114
55021,789,F_coverage_integrated,16,16,16,3535.133,89,16,1,2926.133043,45,24,8,1179.9381857842995,28,0,0.907536
55021,789,G_rolling_coverage,16,16,16,3401.037,92,16,1,2776.037173,48,30,8,1179.9381857842995,28,0,0.863881
55021,789,I_ring_optimized,16,16,16,3300.426,88,16,1,2701.42552,44,26,8,1120.272034920903,28,0,0.910553
55021,789,J_ring7_1000,16,16,16,3438.936,103,16,1,2744.935987,42,28,8,1611.1817389056189,47,0,1.320315
55021,789,Jplus_final,16,16,16,3527.26,97,16,1,2870.260131,36,30,0,1417.5558081638765,45,0,0.17843
55021,790,C_region_q2,13,13,13,4994.161,141,13,1,4084.161141,12,0,0,nan,103,0,0.393584
55021,790,Cplus_completion_coobserve,13,13,13,4355.236,144,13,1,3430.235826,15,6,0,nan,103,0,0.294739
55021,790,F_coverage_integrated,13,13,13,4133.577,117,13,1,3369.576559,25,11,8,2315.5990727910525,80,0,1.208951
55021,790,G_rolling_coverage,13,13,13,4137.56,120,13,1,3356.55953,28,15,8,2315.5990727910525,80,0,1.061837
55021,790,I_ring_optimized,13,13,13,4344.313,125,13,1,3537.313081,33,17,7,2213.333031874153,81,0,0.904106
55021,790,J_ring7_1000,13,13,13,4006.388,136,13,1,3131.38775,36,23,8,2090.5866175317847,87,0,1.174869
55021,790,Jplus_final,13,13,13,3896.064,125,13,1,3084.064115,25,21,0,1949.5085047703549,87,0,0.183499
55021,791,C_region_q2,16,16,16,5079.781,125,16,1,4254.781091,17,0,0,nan,74,0,0.42247
55021,791,Cplus_completion_coobserve,16,16,16,4434.348,133,16,1,3564.348395,25,10,0,nan,74,0,0.290429
55021,791,F_coverage_integrated,16,16,16,3714.145,107,16,1,3001.144562,40,23,8,1861.4243948664637,52,0,0.846382
55021,791,G_rolling_coverage,16,16,16,3715.655,108,16,1,2997.655407,41,27,8,1861.4243948664637,52,0,0.759971
55021,791,I_ring_optimized,16,16,16,3594.756,106,16,1,2887.755894,39,27,8,1750.705411344838,52,0,0.691406
55021,791,J_ring7_1000,16,16,16,3792.633,115,16,1,3025.633144,42,29,8,1990.432569244882,57,0,1.152929
55021,791,Jplus_final,16,16,16,3474.457,96,16,1,2824.456608,45,37,0,1128.3160260164354,35,0,0.314888
55021,792,C_region_q2,10,10,10,4526.617,140,10,1,3639.616865,9,0,0,nan,108,0,0.233555
55021,792,Cplus_completion_coobserve,10,10,10,3761.368,139,10,1,2879.368453,8,3,0,nan,108,0,0.140359
55021,792,F_coverage_integrated,10,10,10,3742.968,128,10,1,2928.967683,23,11,8,2312.344865678494,95,0,0.651862
55021,792,G_rolling_coverage,10,10,10,3743.697,128,10,1,2928.696861,23,12,8,2312.344865678494,95,0,0.603679
55021,792,I_ring_optimized,10,10,10,3495.115,125,10,1,2696.114939,20,12,6,2160.8291495347644,95,0,0.940163
55021,792,J_ring7_1000,10,10,10,3240.819,133,10,1,2398.818547,28,15,8,2097.495454714428,95,0,0.607698
55021,792,Jplus_final,10,10,10,3120.597,123,10,1,2334.596883,17,15,0,1988.7746343113715,96,0,0.101556
55021,793,C_region_q2,15,15,15,4655.12,136,15,1,3765.120484,10,0,0,nan,89,0,0.382947
55021,793,Cplus_completion_coobserve,15,15,15,4629.628,141,15,1,3710.628443,15,5,0,nan,89,0,0.265666
55021,793,F_coverage_integrated,15,15,15,4302.279,111,15,1,3567.279493,42,24,8,2198.3844025473304,54,0,1.005727
55021,793,G_rolling_coverage,15,15,15,4303.28,111,15,1,3567.279535,42,24,8,2198.3844025473304,54,0,0.981603
55021,793,I_ring_optimized,15,15,15,4503.436,112,15,1,3761.435819,43,25,8,2126.1106471371454,54,0,0.978078
55021,793,J_ring7_1000,15,15,15,4006.411,110,15,1,3274.410638,34,21,8,2055.1297451837095,62,0,0.798102
55021,793,Jplus_final,15,15,15,3826.215,95,15,1,3183.215332,23,21,0,1881.723677435894,57,0,0.177761
55021,794,C_region_q2,11,11,11,4105.413,135,11,1,3241.413109,10,0,0,nan,98,0,0.313873
55021,794,Cplus_completion_coobserve,11,11,11,3884.339,138,11,1,3004.338512,13,6,0,nan,98,0,0.238851
55021,794,F_coverage_integrated,11,11,11,3621.604,113,11,1,2889.604397,26,17,6,2263.0333463643915,76,0,1.33248
55021,794,G_rolling_coverage,11,11,11,3621.604,113,11,1,2889.604397,26,17,6,2263.0333463643915,76,0,1.266223
55021,794,I_ring_optimized,11,11,11,3565.95,117,11,1,2815.949686,30,17,7,2164.7024049605325,77,0,1.323069
55021,794,J_ring7_1000,11,11,11,3380.202,130,11,1,2549.202192,29,19,8,2113.103687349003,90,0,1.256967
55021,794,Jplus_final,11,11,11,3401.412,114,11,1,2664.412407,19,17,0,1951.8740479093742,84,0,0.095578
55021,795,C_region_q2,14,14,14,5715.087,149,14,1,4754.086578,14,0,0,nan,107,0,0.307695
55021,795,Cplus_completion_coobserve,14,14,14,4881.089,150,14,1,3913.088646,15,4,0,nan,107,0,0.210447
55021,795,F_coverage_integrated,14,14,14,4657.761,117,14,1,3888.76078,34,18,8,2272.7129916889485,69,0,1.105092
55021,795,G_rolling_coverage,14,14,14,4650.28,117,14,1,3881.280213,34,20,8,2272.7129916889485,69,0,1.076743
55021,795,I_ring_optimized,14,14,14,4234.431,120,14,1,3448.430893,38,26,8,2094.968997450262,70,0,0.874858
55021,795,J_ring7_1000,14,14,14,4053.53,125,14,1,3237.52987,42,29,8,2035.9131049616508,70,0,1.868669
55021,795,Jplus_final,14,14,14,3920.493,108,14,1,3207.492747,25,21,0,1860.70761903918,69,0,0.19521
55021,796,C_region_q2,15,15,15,5146.32,139,15,1,4239.319781,14,0,0,nan,90,0,0.389724
55021,796,Cplus_completion_coobserve,15,15,15,4460.877,140,15,1,3548.877214,15,5,0,nan,90,0,0.262589
55021,796,F_coverage_integrated,15,15,15,3986.62,107,15,1,3274.619537,35,16,8,2181.7129394227272,57,0,1.792245
55021,796,G_rolling_coverage,15,15,15,3976.95,107,15,1,3266.949826,35,17,8,2181.7129394227272,57,0,1.69375
55021,796,I_ring_optimized,15,15,15,3899.922,103,15,1,3210.921754,31,18,8,2057.715813300135,57,0,1.494374
55021,796,J_ring7_1000,15,15,15,4162.967,121,15,1,3370.967443,44,28,8,1951.2423993501368,62,0,1.647682
55021,796,Jplus_final,15,15,15,3900.971,108,15,1,3180.970966,31,26,0,1863.9613959706326,62,0,0.132783
55021,797,C_region_q2,13,13,13,4871.257,138,13,1,3979.25651,10,0,0,nan,97,0,0.369625
55021,797,Cplus_completion_coobserve,13,13,13,4220.279,140,13,1,3316.279494,12,6,0,nan,97,0,0.220549
55021,797,F_coverage_integrated,13,13,13,3968.123,103,13,1,3289.122969,28,14,8,2186.4532991192395,63,0,0.771087
55021,797,G_rolling_coverage,13,13,13,3968.123,103,13,1,3289.122969,28,14,8,2186.4532991192395,63,0,0.741245
55021,797,I_ring_optimized,13,13,13,3998.392,116,13,1,3240.391711,38,26,8,2125.8415744571703,67,0,0.759759
55021,797,J_ring7_1000,13,13,13,3826.362,116,13,1,3066.362353,31,20,8,2014.1724783370057,74,0,1.25057
55021,797,Jplus_final,13,13,13,3587.572,109,13,1,2870.572077,24,22,0,1875.5156394105843,72,0,0.129436
55021,798,C_region_q2,14,14,14,4937.029,133,14,1,4070.029066,11,0,0,nan,91,0,0.391761
55021,798,Cplus_completion_coobserve,14,14,14,4308.49,136,14,1,3424.490492,14,5,0,nan,91,0,0.262746
55021,798,F_coverage_integrated,14,14,14,4069.383,107,14,1,3360.383177,34,21,8,2184.7046914893963,60,0,1.120139
55021,798,G_rolling_coverage,14,14,14,4066.31,108,14,1,3352.309874,35,24,8,2184.7046914893963,60,0,1.12281
55021,798,I_ring_optimized,14,14,14,4336.209,111,14,1,3608.209152,38,24,8,2007.0490989370103,60,0,1.029922
55021,798,J_ring7_1000,14,14,14,3957.975,121,14,1,3163.974771,34,23,8,2068.448045013752,73,0,0.978003
55021,798,Jplus_final,14,14,14,3803.383,113,14,1,3057.383076,26,22,0,1891.2198259242923,73,0,0.173776
55021,799,C_region_q2,12,12,12,4773.651,130,12,1,3936.650949,9,0,0,nan,93,0,0.174792
55021,799,Cplus_completion_coobserve,12,12,12,4099.133,136,12,1,3227.133293,15,6,0,nan,93,0,0.222684
55021,799,F_coverage_integrated,12,12,12,3932.956,121,12,1,3148.955978,33,19,8,2353.929040423278,76,0,1.689817
55021,799,G_rolling_coverage,12,12,12,3932.956,121,12,1,3148.955978,33,19,8,2353.929040423278,76,0,1.672667
55021,799,I_ring_optimized,12,12,12,3851.674,123,12,1,3058.673616,35,19,8,2258.115725310412,76,0,1.705557
55021,799,J_ring7_1000,12,12,12,3518.921,118,12,1,2755.92054,30,17,7,2020.8981104341535,76,0,1.165539
55021,799,Jplus_final,12,12,12,3606.587,119,12,1,2837.587108,21,15,0,1912.3209738821395,86,0,0.244844
55021,800,C_region_q2,11,11,11,4235.66,131,11,1,3395.660301,8,0,0,nan,97,0,0.186756
55021,800,Cplus_completion_coobserve,11,11,11,3948.234,133,11,1,3096.234318,10,4,0,nan,97,0,0.166755
55021,800,F_coverage_integrated,11,11,11,3726.463,113,11,1,2997.463409,28,14,8,2230.644286662394,75,0,1.14234
55021,800,G_rolling_coverage,11,11,11,3731.463,114,11,1,2997.463409,29,15,8,2230.644286662394,75,0,1.100717
55021,800,I_ring_optimized,11,11,11,3607.181,117,11,1,2855.181133,32,18,8,2094.1644981187055,76,0,0.941333
55021,800,J_ring7_1000,11,11,11,3553.355,121,11,1,2773.355024,27,16,8,2088.1522826345704,83,0,1.075535
55021,800,Jplus_final,11,11,11,3315.028,109,11,1,2607.02843,17,14,0,1914.4140703105263,81,0,0.15489
55021,801,C_region_q2,13,13,13,4826.416,127,13,1,4000.415787,10,0,0,nan,84,0,0.318567
55021,801,Cplus_completion_coobserve,13,13,13,4136.204,128,13,1,3304.20379,11,4,0,nan,84,0,0.234777
55021,801,F_coverage_integrated,13,13,13,4279.766,104,13,1,3593.766475,29,17,6,2257.1349447589673,63,0,0.908366
55021,801,G_rolling_coverage,13,13,13,4241.545,104,13,1,3555.545463,29,19,6,2257.1349447589673,63,0,0.875902
55021,801,I_ring_optimized,13,13,13,4126.995,107,13,1,3424.99515,32,20,8,2172.378595689581,63,0,0.682569
55021,801,J_ring7_1000,13,13,13,3505.378,119,13,1,2729.378299,30,21,8,2095.4682161434425,76,0,1.421443
55021,801,Jplus_final,13,13,13,3828.484,120,13,1,3046.483597,29,27,0,1939.8025104813719,78,0,0.157358
55021,802,C_region_q2,10,10,10,4776.138,145,10,1,3857.137796,10,0,0,nan,116,0,0.291626
55021,802,Cplus_completion_coobserve,10,10,10,4240.987,145,10,1,3321.987062,10,5,0,nan,116,0,0.179393
55021,802,F_coverage_integrated,10,10,10,3920.45,120,10,1,3152.4501,19,8,7,2304.500321226997,91,0,1.003772
55021,802,G_rolling_coverage,10,10,10,3916.745,120,10,1,3148.745318,19,9,7,2304.500321226997,91,0,1.000598
55021,802,I_ring_optimized,10,10,10,3777.802,122,10,1,2997.802306,21,11,6,2145.951226521578,91,0,1.109925
55021,802,J_ring7_1000,10,10,10,3750.369,146,10,1,2827.369392,29,17,8,2159.8585020152523,108,0,1.646298
55021,802,Jplus_final,10,10,10,3840.47,140,10,1,2953.469953,23,17,0,2014.3209738821395,107,0,0.180178
55021,803,C_region_q2,14,14,14,5351.668,137,14,1,4462.668133,14,0,0,nan,89,0,0.490468
55021,803,Cplus_completion_coobserve,14,14,14,4662.209,140,14,1,3755.209385,17,8,0,nan,89,0,0.238923
55021,803,F_coverage_integrated,14,14,14,4281.322,106,14,1,3580.321671,35,20,8,2196.7851463428537,57,0,1.331259
55021,803,G_rolling_coverage,14,14,14,4286.851,107,14,1,3580.851122,36,22,8,2196.7851463428537,57,0,1.264859
55021,803,I_ring_optimized,14,14,14,4301.455,105,14,1,3606.4549,34,18,8,2163.6604744848228,57,0,1.002134
55021,803,J_ring7_1000,14,14,14,4243.773,118,14,1,3475.772759,41,23,8,1984.650405838873,63,0,0.930433
55021,803,Jplus_final,14,14,14,4011.177,104,14,1,3319.176674,26,21,0,1809.3534929858172,64,0,0.176123
55021,804,C_region_q2,10,10,10,4299.455,145,10,1,3380.454846,10,0,0,nan,112,0,0.382538
55021,804,Cplus_completion_coobserve,10,10,10,3785.453,146,10,1,2861.453173,11,6,0,nan,112,0,0.143394
55021,804,F_coverage_integrated,10,10,10,3690.306,123,10,1,2904.30557,23,14,6,2281.2761585455373,90,0,0.752675
55021,804,G_rolling_coverage,10,10,10,3689.151,123,10,1,2903.151461,23,15,6,2281.2761585455373,90,0,0.684315
55021,804,I_ring_optimized,10,10,10,3566.986,122,10,1,2787.985734,22,14,5,2097.651739499927,90,0,0.841857
55021,804,J_ring7_1000,10,10,10,3593.883,140,10,1,2707.883175,30,19,8,2179.233203745287,100,0,0.907853
55021,804,Jplus_final,10,10,10,3421.663,130,10,1,2593.662937,20,19,0,1978.3209738821397,100,0,0.076751
55021,805,C_region_q2,15,15,15,5194.662,140,15,1,4280.662082,12,0,0,nan,95,0,0.312015
55021,805,Cplus_completion_coobserve,15,15,15,4396.15,145,15,1,3453.150158,17,7,0,nan,95,0,0.146197
55021,805,F_coverage_integrated,15,15,15,4137.27,114,15,1,3382.270004,36,20,8,2236.266380600974,63,0,0.501981
55021,805,G_rolling_coverage,15,15,15,4132.293,114,15,1,3377.293055,36,21,8,2236.266380600974,63,0,0.64367
55021,805,I_ring_optimized,15,15,15,3928.302,114,15,1,3174.301921,36,22,8,2148.804233999206,63,0,0.708323
55021,805,J_ring7_1000,15,15,15,3876.427,119,15,1,3091.426948,37,26,8,2065.1875347785817,67,0,0.951492
55021,805,Jplus_final,15,15,15,3952.896,106,15,1,3246.896102,32,26,0,1804.3209738821395,59,0,0.295283
55021,806,C_region_q2,11,11,11,4981.161,140,11,1,4088.160933,10,0,0,nan,107,0,0.308462
55021,806,Cplus_completion_coobserve,11,11,11,4267.11,141,11,1,3368.109772,11,3,0,nan,107,0,0.255822
55021,806,F_coverage_integrated,11,11,11,4109.052,120,11,1,3338.051545,25,10,6,2221.2192582746216,85,0,0.555925
55021,806,G_rolling_coverage,11,11,11,4059.732,120,11,1,3289.732384,25,11,6,2221.2192582746216,85,0,0.614196
55021,806,I_ring_optimized,11,11,11,3966.661,122,11,1,3185.661106,27,12,6,2076.1378639267314,86,0,0.642008
55021,806,J_ring7_1000,11,11,11,3763.207,128,11,1,2944.206551,27,15,4,2004.9759440871737,91,0,1.170453
55021,806,Jplus_final,11,11,11,3952.332,128,11,1,3134.332117,27,16,0,1917.240635538792,90,0,0.269843
55021,807,C_region_q2,10,10,10,4771.617,143,10,1,3866.61691,12,0,0,nan,106,0,0.355406
55021,807,Cplus_completion_coobserve,10,10,10,4264.014,143,10,1,3357.014165,12,4,0,nan,106,0,0.1744
55021,807,F_coverage_integrated,10,10,10,3401.469,117,10,1,2652.469018,24,13,8,2323.911639378532,83,0,0.668583
55021,807,G_rolling_coverage,10,10,10,3402.666,117,10,1,2653.665952,24,14,8,2323.911639378532,83,0,0.600155
55021,807,I_ring_optimized,10,10,10,3666.282,120,10,1,2899.282173,27,17,8,2130.7617201464377,84,0,0.79592
55021,807,J_ring7_1000,10,10,10,3424.01,128,10,1,2612.01049,23,14,7,2083.473930188568,96,0,0.463758
55021,807,Jplus_final,10,10,10,3589.298,125,10,1,2794.297598,20,16,0,1954.3209738821397,95,0,0.092351
55021,808,C_region_q2,10,10,10,4145.823,144,10,1,3233.822858,10,0,0,nan,109,0,0.320233
55021,808,Cplus_completion_coobserve,10,10,10,3740.066,148,10,1,2803.065786,14,8,0,nan,109,0,0.152734
55021,808,F_coverage_integrated,10,10,10,3558.899,117,10,1,2812.899104,24,9,8,2271.267156657284,83,0,1.113678
55021,808,G_rolling_coverage,10,10,10,3122.967,117,10,1,2373.966801,24,13,8,2271.267156657284,83,0,1.19244
55021,808,I_ring_optimized,10,10,10,3459.735,122,10,1,2680.734555,29,19,8,2158.4573059992376,83,0,0.680606
55021,808,J_ring7_1000,10,10,10,2977.881,121,10,1,2205.881224,24,14,8,2092.2942895645037,87,0,1.283629
55021,808,Jplus_final,10,10,10,3185.304,117,10,1,2438.304131,20,16,0,1925.7126492763769,87,0,0.10307
55021,809,C_region_q2,14,14,14,4905.037,144,14,1,3973.037446,12,0,0,nan,100,0,0.351396
55021,809,Cplus_completion_coobserve,14,14,14,4405.862,151,14,1,3434.861895,19,9,0,nan,100,0,0.250278
55021,809,F_coverage_integrated,14,14,14,4005.576,114,14,1,3257.57554,35,18,8,2172.415803092842,66,0,1.261779
55021,809,G_rolling_coverage,14,14,14,4018.992,114,14,1,3270.992065,35,19,8,2172.415803092842,66,0,1.234581
55021,809,I_ring_optimized,14,14,14,3875.923,113,14,1,3134.923161,34,21,8,2100.1807868459937,66,0,1.252042
55021,809,J_ring7_1000,14,14,14,3825.078,122,14,1,3027.077627,32,20,8,1992.1798622060164,77,0,1.838333
55021,809,Jplus_final,14,14,14,3923.941,121,14,1,3132.940547,31,25,0,1864.3209738821395,76,0,0.239755
55021,810,C_region_q2,12,12,12,4671.992,138,12,1,3785.992343,12,0,0,nan,98,0,0.373713
55021,810,Cplus_completion_coobserve,12,12,12,4006.467,141,12,1,3102.467235,15,8,0,nan,98,0,0.177559
55021,810,F_coverage_integrated,12,12,12,4214.412,122,12,1,3429.411583,35,18,8,2213.7798997545447,76,0,0.840739
55021,810,G_rolling_coverage,12,12,12,4037.67,123,12,1,3249.669615,36,22,8,2213.7798997545447,76,0,0.773621
55021,810,I_ring_optimized,12,12,12,4063.744,117,12,1,3304.743715,30,19,8,2208.254253150503,76,0,0.647534
55021,810,J_ring7_1000,12,12,12,3814.841,140,12,1,2924.840919,37,23,8,2118.2884391434845,92,0,1.136027
55021,810,Jplus_final,12,12,12,3646.309,128,12,1,2822.308695,25,20,0,1966.3565444376136,92,0,0.176761
55021,811,C_region_q2,14,14,14,5004.797,140,14,1,4096.797296,13,0,0,nan,91,0,0.516387
55021,811,Cplus_completion_coobserve,14,14,14,4370.946,148,14,1,3416.9459,21,12,0,nan,91,0,0.288105
55021,811,F_coverage_integrated,14,14,14,3802.93,103,14,1,3116.929916,38,25,8,2173.2379240258533,51,0,1.27187
55021,811,G_rolling_coverage,14,14,14,3799.552,104,14,1,3109.552149,39,27,8,2173.2379240258533,51,0,1.13873
55021,811,I_ring_optimized,14,14,14,3676.947,104,14,1,2986.947004,39,26,8,2061.1152463145554,51,0,1.066771
55021,811,J_ring7_1000,14,14,14,3492.345,114,14,1,2743.344572,39,26,8,1952.9348113919332,61,0,1.470511
55021,811,Jplus_final,14,14,14,3760.626,115,14,1,3005.626421,29,25,0,1941.2844582597054,72,0,0.212352
55021,812,C_region_q2,16,16,16,4459.157,94,16,1,3819.15673,18,0,0,nan,45,0,0.514867
55021,812,Cplus_completion_coobserve,16,16,16,3531.735,100,16,1,2856.73495,24,13,0,nan,45,0,0.23791
55021,812,F_coverage_integrated,16,16,16,4109.762,98,16,1,3444.762455,40,24,8,2084.51387779834,42,0,1.048545
55021,812,G_rolling_coverage,16,16,16,4108.431,100,16,1,3435.430961,42,27,8,2084.51387779834,42,0,1.080914
55021,812,I_ring_optimized,16,16,16,3823.558,97,16,1,3166.557818,39,27,8,1971.5089525906092,42,0,0.992653
55021,812,J_ring7_1000,16,16,16,2941.229,82,16,1,2372.229454,39,26,6,1082.6083359403847,27,0,1.098138
55021,812,Jplus_final,16,16,16,3030.729,82,16,1,2466.728933,39,28,0,888.0054058807544,27,0,0.436392
55021,813,C_region_q2,11,11,11,3927.277,131,11,1,3087.27729,7,0,0,nan,95,0,0.220121
55021,813,Cplus_completion_coobserve,11,11,11,3706.545,135,11,1,2844.545486,11,5,0,nan,95,0,0.127097
55021,813,F_coverage_integrated,11,11,11,3497.984,106,11,1,2809.983605,28,16,7,2235.6470766449866,67,0,0.858346
55021,813,G_rolling_coverage,11,11,11,3405.266,105,11,1,2724.266465,27,16,7,2235.6470766449866,67,0,0.779389
55021,813,I_ring_optimized,11,11,11,3368.834,116,11,1,2619.834285,30,20,8,2172.956980667062,75,0,0.532548
55021,813,J_ring7_1000,11,11,11,3810.331,124,11,1,3021.330645,36,20,8,2058.891794043004,77,0,1.502772
55021,813,Jplus_final,11,11,11,3256.414,113,11,1,2527.413824,25,21,0,1942.8974692136837,77,0,0.082674
55021,814,C_region_q2,13,13,13,5113.607,139,13,1,4215.606658,11,0,0,nan,101,0,0.325298
55021,814,Cplus_completion_coobserve,13,13,13,4246.952,144,13,1,3320.951502,16,7,0,nan,101,0,0.269934
55021,814,F_coverage_integrated,13,13,13,4325.747,112,13,1,3591.746624,28,13,8,2377.402713888262,72,0,1.248452
55021,814,G_rolling_coverage,13,13,13,4322.126,112,13,1,3588.125942,28,14,8,2377.402713888262,72,0,1.265279
55021,814,I_ring_optimized,13,13,13,3946.558,116,13,1,3189.557559,33,19,8,2142.4984366607123,72,0,1.22306
55021,814,J_ring7_1000,13,13,13,3956.933,130,13,1,3118.933406,38,22,8,2081.791785000645,80,0,1.254727
55021,814,Jplus_final,13,13,13,3720.019,113,13,1,2983.018543,25,20,0,1858.2998406347797,75,0,0.214781
55021,815,C_region_q2,10,10,10,4188.61,128,10,1,3371.609658,8,0,0,nan,93,0,0.251408
55021,815,Cplus_completion_coobserve,10,10,10,3794.775,130,10,1,2967.774553,10,4,0,nan,93,0,0.177324
55021,815,F_coverage_integrated,10,10,10,3454.604,107,10,1,2764.603888,23,12,8,2300.058593527493,74,0,0.730118
55021,815,G_rolling_coverage,10,10,10,3450.158,107,10,1,2760.157508,23,13,8,2300.058593527493,74,0,0.742782
55021,815,I_ring_optimized,10,10,10,3452.046,111,10,1,2741.046355,27,15,8,2194.2565257437236,75,0,0.78159
55021,815,J_ring7_1000,10,10,10,3829.624,120,10,1,3062.624249,27,14,8,2061.507390555548,83,0,0.893009
55021,815,Jplus_final,10,10,10,3424.146,112,10,1,2703.146193,17,16,0,1905.632388682487,85,0,0.081834
55021,816,C_region_q2,12,12,12,5195.239,147,12,1,4255.239436,13,0,0,nan,108,0,0.368063
55021,816,Cplus_completion_coobserve,12,12,12,4794.4,153,12,1,3818.399874,19,8,0,nan,108,0,0.337733
55021,816,F_coverage_integrated,12,12,12,4375.261,119,12,1,3603.260555,27,15,5,2228.4117974492196,81,0,1.17709
55021,816,G_rolling_coverage,12,12,12,4269.943,119,12,1,3498.943004,27,16,5,2228.4117974492196,81,0,1.165658
55021,816,I_ring_optimized,12,12,12,4092.627,116,12,1,3339.627086,24,13,4,2079.6912815367577,81,0,1.151722
55021,816,J_ring7_1000,12,12,12,4373.875,138,12,1,3495.874651,30,14,5,1981.3660904641663,96,0,1.276542
55021,816,Jplus_final,12,12,12,4365.175,136,12,1,3497.17525,28,17,0,1966.5785164064764,96,0,0.254639
55021,817,C_region_q2,14,14,14,4704.54,143,14,1,3777.539534,12,0,0,nan,100,0,0.330592
55021,817,Cplus_completion_coobserve,14,14,14,4191.098,147,14,1,3241.097949,16,7,0,nan,100,0,0.240651
55021,817,F_coverage_integrated,14,14,14,4071.998,122,14,1,3274.997553,41,25,8,2191.8965643035112,67,0,1.317648
55021,817,G_rolling_coverage,14,14,14,4120.187,131,14,1,3273.186966,50,35,8,2191.8965643035112,67,0,1.106974
55021,817,I_ring_optimized,14,14,14,3884.666,118,14,1,3113.66589,37,26,7,2055.3318923931115,67,0,1.206583
55021,817,J_ring7_1000,14,14,14,3685.32,123,14,1,2880.320096,36,25,8,1996.0313484928972,73,0,0.567951
55021,817,Jplus_final,14,14,14,3575.304,117,14,1,2806.30432,30,27,0,1875.223043924703,73,0,0.139071
55021,818,C_region_q2,15,15,15,4923.37,139,15,1,4015.370209,11,0,0,nan,92,0,0.341024
55021,818,Cplus_completion_coobserve,15,15,15,4136.6,141,15,1,3218.599681,13,6,0,nan,92,0,0.201623
55021,818,F_coverage_integrated,15,15,15,4060.829,102,15,1,3382.829116,36,17,8,2146.3075967895893,52,0,0.658968
55021,818,G_rolling_coverage,15,15,15,4027.342,103,15,1,3344.341581,37,21,8,2146.3075967895893,52,0,0.587598
55021,818,I_ring_optimized,15,15,15,3687.686,101,15,1,3012.686315,35,22,8,2021.6012332823252,52,0,0.637549
55021,818,J_ring7_1000,15,15,15,3710.556,113,15,1,2960.55602,40,28,8,2055.215056219048,58,0,1.238855
55021,818,Jplus_final,15,15,15,3774.989,109,15,1,3051.989274,36,31,0,1892.9960565742706,58,0,0.136223
55021,819,C_region_q2,16,16,16,5570.009,147,16,1,4611.009278,17,0,0,nan,93,0,0.498581
55021,819,Cplus_completion_coobserve,16,16,16,5231.722,155,16,1,4223.721808,25,14,0,nan,93,0,0.254251
55021,819,F_coverage_integrated,16,16,16,3964.986,96,16,1,3314.985597,30,14,8,1921.6669830231963,50,0,0.811246
55021,819,G_rolling_coverage,16,16,16,3961.707,96,16,1,3311.70675,30,15,8,1921.6669830231963,50,0,0.823045
55021,819,I_ring_optimized,16,16,16,4241.087,107,16,1,3525.086902,40,21,8,1777.4489930453346,51,0,0.840909
55021,819,J_ring7_1000,16,16,16,3964.562,119,16,1,3176.562116,44,29,8,1878.6656819139293,60,0,1.23683
55021,819,Jplus_final,16,16,16,4085.57,106,16,1,3377.569588,31,24,0,1675.3830042624468,59,0,0.298858
55021,820,C_region_q2,16,16,16,4895.268,119,16,1,4104.267619,15,0,0,nan,66,0,0.533131
55021,820,Cplus_completion_coobserve,16,16,16,4280.146,126,16,1,3448.145781,22,10,0,nan,67,0,0.323128
55021,820,F_coverage_integrated,16,16,16,4107.798,101,16,1,3427.798469,41,22,7,1856.9968011379797,45,0,1.519347
55021,820,G_rolling_coverage,16,16,16,4031.448,100,16,1,3356.448352,40,25,7,1856.9968011379797,45,0,1.490897
55021,820,I_ring_optimized,16,16,16,4151.119,100,16,1,3476.119088,40,24,8,1770.7580739630066,45,0,1.270396
55021,820,J_ring7_1000,16,16,16,4232.441,110,16,1,3500.441477,38,21,6,1762.5472508252694,56,0,1.064639
55021,820,Jplus_final,16,16,16,4029.834,98,16,1,3366.834289,35,23,0,1521.2178734210029,47,0,0.340659
55021,821,C_region_q2,11,11,11,4500.471,135,11,1,3637.470782,9,0,0,nan,101,0,0.295646
55021,821,Cplus_completion_coobserve,11,11,11,3778.845,137,11,1,2903.844817,11,5,0,nan,101,0,0.148059
55021,821,F_coverage_integrated,11,11,11,3761.392,117,11,1,3006.392018,28,18,6,2244.1289035869245,79,0,0.879138
55021,821,G_rolling_coverage,11,11,11,3761.392,117,11,1,3006.392018,28,18,6,2244.1289035869245,79,0,0.884453
55021,821,I_ring_optimized,11,11,11,3724.397,124,11,1,2929.396828,35,23,6,2123.1290439490645,79,0,0.982854
55021,821,J_ring7_1000,11,11,11,3518.242,125,11,1,2716.241829,26,17,6,1995.6825145292166,89,0,0.785924
55021,821,Jplus_final,11,11,11,3670.131,126,11,1,2861.131314,29,25,0,1906.3209738821395,86,0,0.174348
55021,822,C_region_q2,12,12,12,5520.637,153,12,1,4548.636753,16,0,0,nan,113,0,0.248693
55021,822,Cplus_completion_coobserve,12,12,12,4823.865,156,12,1,3831.864939,19,8,0,nan,113,0,0.182212
55021,822,F_coverage_integrated,12,12,12,4223.971,123,12,1,3432.970997,31,11,8,2251.11286408056,80,0,0.915353
55021,822,G_rolling_coverage,12,12,12,4108.62,122,12,1,3323.620002,30,14,8,2251.11286408056,80,0,0.877581
55021,822,I_ring_optimized,12,12,12,3979.384,123,12,1,3188.384046,31,16,5,2138.6634091561846,80,0,0.799127
55021,822,J_ring7_1000,12,12,12,3708.403,127,12,1,2889.402512,32,24,5,2135.6182513637496,83,0,1.880001
55021,822,Jplus_final,12,12,12,3619.07,122,12,1,2833.070186,27,21,0,1995.5485232139688,83,0,0.180601
55021,823,C_region_q2,13,13,13,4787.914,132,13,1,3931.914169,8,0,0,nan,93,0,0.287276
55021,823,Cplus_completion_coobserve,13,13,13,4304.168,136,13,1,3427.167555,12,2,0,nan,93,0,0.295563
55021,823,F_coverage_integrated,13,13,13,4166.146,104,13,1,3483.14643,31,16,8,2299.3450334670715,63,0,1.143986
55021,823,G_rolling_coverage,13,13,13,4164.845,104,13,1,3481.845403,31,17,8,2299.3450334670715,63,0,1.115984
55021,823,I_ring_optimized,13,13,13,4105.668,109,13,1,3394.668439,35,21,8,2196.037762901175,64,0,1.321116
55021,823,J_ring7_1000,13,13,13,3909.444,121,13,1,3124.44434,34,21,8,2054.319643932654,75,0,1.305848
55021,823,Jplus_final,13,13,13,3970.845,118,13,1,3202.844649,26,21,0,1922.0915098505402,79,0,0.266433
55021,824,C_region_q2,15,15,15,4164.624,131,15,1,3306.623668,11,0,0,nan,81,0,0.41292
55021,824,Cplus_completion_coobserve,15,15,15,3817.142,135,15,1,2937.141666,15,9,0,nan,81,0,0.221562
55021,824,F_coverage_integrated,15,15,15,3607.41,96,15,1,2959.409909,39,26,8,2165.956538033912,42,0,1.183482
55021,824,G_rolling_coverage,15,15,15,3607.158,96,15,1,2959.157901,39,28,8,2165.956538033912,42,0,1.085129
55021,824,I_ring_optimized,15,15,15,3224.343,94,15,1,2591.343178,37,25,8,1969.01741086849,42,0,1.257942
55021,824,J_ring7_1000,15,15,15,3227.245,99,15,1,2564.244516,37,27,8,1938.6064421929577,48,0,1.717808
55021,824,Jplus_final,15,15,15,3227.868,94,15,1,2594.868362,32,31,0,1806.641217699389,47,0,0.115612
55021,825,C_region_q2,14,14,14,5213.422,140,14,1,4304.42199,13,0,0,nan,95,0,0.430199
55021,825,Cplus_completion_coobserve,14,14,14,4423.341,144,14,1,3493.341219,17,8,0,nan,95,0,0.246191
55021,825,F_coverage_integrated,14,14,14,4513.827,112,14,1,3777.826581,29,13,8,2187.642002794439,69,0,0.802485
55021,825,G_rolling_coverage,14,14,14,4518.827,113,14,1,3777.826581,30,14,8,2187.642002794439,69,0,0.815286
55021,825,I_ring_optimized,14,14,14,4107.449,108,14,1,3393.448889,25,10,8,2147.991348743764,69,0,0.900356
55021,825,J_ring7_1000,14,14,14,3949.082,122,14,1,3151.081589,34,23,8,2067.6532821975206,74,0,1.461912
55021,825,Jplus_final,14,14,14,3790.737,115,14,1,3034.73711,27,23,0,1888.4359673466577,74,0,0.168656
55021,826,C_region_q2,13,13,13,5342.917,143,13,1,4421.916998,13,0,0,nan,101,0,0.354832
55021,826,Cplus_completion_coobserve,13,13,13,4662.97,148,13,1,3715.970031,18,7,0,nan,101,0,0.276008
55021,826,F_coverage_integrated,13,13,13,4176.095,113,13,1,3438.09467,32,16,6,2137.406185543098,69,0,1.120879
55021,826,G_rolling_coverage,13,13,13,3904.944,112,13,1,3174.943921,31,19,6,2137.406185543098,69,0,1.29687
55021,826,I_ring_optimized,13,13,13,3757.758,108,13,1,3049.75831,27,17,6,2028.0408849899334,69,0,1.207411
55021,826,J_ring7_1000,13,13,13,3941.192,118,13,1,3175.192126,31,17,8,2036.6273120146861,74,0,0.863676
55021,826,Jplus_final,13,13,13,3866.03,111,13,1,3140.029959,24,20,0,1907.1974324670227,74,0,0.168499
55021,827,C_region_q2,14,14,14,4527.129,142,14,1,3607.129105,12,0,0,nan,95,0,0.338924
55021,827,Cplus_completion_coobserve,14,14,14,4087.914,142,14,1,3167.914073,12,6,0,nan,95,0,0.116522
55021,827,F_coverage_integrated,14,14,14,3540.327,100,14,1,2871.326962,32,19,8,2153.2463523606707,54,0,0.862219
55021,827,G_rolling_coverage,14,14,14,3536.92,100,14,1,2867.919625,32,20,8,2153.2463523606707,54,0,0.699108
55021,827,I_ring_optimized,14,14,14,3399.568,97,14,1,2749.567961,29,19,8,2075.615742854703,54,0,0.797855
55021,827,J_ring7_1000,14,14,14,3294.104,113,14,1,2548.103988,29,21,8,2029.6381828012675,72,0,0.947413
55021,827,Jplus_final,14,14,14,3212.867,107,14,1,2502.867447,23,23,0,1936.4187972464827,70,0,0.067977
55021,828,C_region_q2,15,15,15,5484.215,137,15,1,4590.215105,15,0,0,nan,87,0,0.452333
55021,828,Cplus_completion_coobserve,15,15,15,4278.134,139,15,1,3372.134164,17,10,0,nan,87,0,0.283557
55021,828,F_coverage_integrated,15,15,15,4450.816,110,15,1,3719.815661,37,19,8,2211.7625559381568,59,0,1.067371
55021,828,G_rolling_coverage,15,15,15,4201.943,111,15,1,3467.943469,38,22,8,2211.7625559381568,59,0,1.152143
55021,828,I_ring_optimized,15,15,15,4137.162,115,15,1,3378.161582,42,27,8,2029.7718343866343,59,0,1.168487
55021,828,J_ring7_1000,15,15,15,3681.269,107,15,1,2968.269081,31,20,8,1945.728009806907,61,0,1.06636
55021,828,Jplus_final,15,15,15,3578.916,100,15,1,2907.915565,24,19,0,1840.386875266264,61,0,0.203418
55021,829,C_region_q2,16,16,16,4521.859,121,16,1,3717.859368,14,0,0,nan,69,0,0.515148
55021,829,Cplus_completion_coobserve,16,16,16,3819.266,121,16,1,3015.266227,14,7,0,nan,69,0,0.269298
55021,829,F_coverage_integrated,16,16,16,3710.47,87,16,1,3111.470114,42,25,8,1569.1423314584779,29,0,1.509997
55021,829,G_rolling_coverage,16,16,16,3446.415,90,16,1,2830.415079,45,30,8,1569.1423314584779,29,0,1.494648
55021,829,I_ring_optimized,16,16,16,3507.271,85,16,1,2923.271315,40,25,8,1554.6004047791653,29,0,1.761869
55021,829,J_ring7_1000,16,16,16,3486.538,93,16,1,2861.538168,49,29,6,997.5242420046885,28,0,2.067004
55021,829,Jplus_final,16,16,16,3540.876,84,16,1,2972.876098,40,24,0,904.0429457412713,28,0,0.364214
55021,830,C_region_q2,15,15,15,4462.95,138,15,1,3560.9501,14,0,0,nan,88,0,0.544359
55021,830,Cplus_completion_coobserve,15,15,15,4093.802,142,15,1,3170.801927,18,10,0,nan,88,0,0.329506
55021,830,F_coverage_integrated,15,15,15,4173.021,110,15,1,3442.020959,41,26,7,2213.9105812844514,55,0,1.939868
55021,830,G_rolling_coverage,15,15,15,4082.114,109,15,1,3356.114066,40,28,7,2213.9105812844514,55,0,1.817143
55021,830,I_ring_optimized,15,15,15,4172.772,104,15,1,3479.771644,35,20,6,2144.181130507862,56,0,1.326658
55021,830,J_ring7_1000,15,15,15,3951.775,127,15,1,3122.774557,43,27,8,1977.1602715690524,69,0,0.897154
55021,830,Jplus_final,15,15,15,3819.839,114,15,1,3063.839265,30,24,0,1845.512864738254,69,0,0.22412
55021,831,C_region_q2,16,16,16,4808.001,123,16,1,3992.001153,14,0,0,nan,76,0,0.469595
55021,831,Cplus_completion_coobserve,16,16,16,4148.682,128,16,1,3306.681646,19,9,0,nan,76,0,0.343977
55021,831,F_coverage_integrated,16,16,16,3956.813,102,16,1,3268.812615,35,21,8,1943.9414911874865,51,0,0.688772
55021,831,G_rolling_coverage,16,16,16,3966.813,104,16,1,3268.812615,37,23,8,1943.9414911874865,51,0,0.626157
55021,831,I_ring_optimized,16,16,16,4122.781,107,16,1,3408.78067,41,22,8,1778.3309442184957,50,0,0.656675
55021,831,J_ring7_1000,16,16,16,3816.308,103,16,1,3125.308467,46,27,7,1276.0164929470957,41,0,1.318845
55021,831,Jplus_final,16,16,16,3835.792,104,16,1,3137.791866,31,25,0,1809.3557332543364,57,0,0.30442
55021,832,C_region_q2,10,10,10,4649.608,136,10,1,3784.608391,9,0,0,nan,106,0,0.246027
55021,832,Cplus_completion_coobserve,10,10,10,4256.869,140,10,1,3369.868938,13,5,0,nan,106,0,0.196722
55021,832,F_coverage_integrated,10,10,10,4114.672,116,10,1,3372.671752,19,8,3,2163.6278258039333,87,0,1.177013
55021,832,G_rolling_coverage,10,10,10,4124.271,118,10,1,3372.271312,21,10,3,2163.6278258039333,87,0,1.149111
55021,832,I_ring_optimized,10,10,10,4004.335,116,10,1,3263.334934,19,7,5,2090.8946742879066,87,0,1.148871
55021,832,J_ring7_1000,10,10,10,4004.498,130,10,1,3179.498293,23,11,7,2090.580307123413,97,0,1.98135
55021,832,Jplus_final,10,10,10,3960.513,129,10,1,3140.5126,22,17,0,1954.3209738821397,97,0,0.186333
55021,833,C_region_q2,10,10,10,4045.622,140,10,1,3156.622325,8,0,0,nan,108,0,0.307572
55021,833,Cplus_completion_coobserve,10,10,10,3874.84,142,10,1,2975.839596,10,4,0,nan,108,0,0.137587
55021,833,F_coverage_integrated,10,10,10,3392.184,107,10,1,2703.184019,22,11,8,2260.355067640338,75,0,1.215688
55021,833,G_rolling_coverage,10,10,10,3389.6,107,10,1,2700.599766,22,12,8,2260.355067640338,75,0,1.186313
55021,833,I_ring_optimized,10,10,10,3244.449,107,10,1,2557.44871,22,13,7,2096.2081817282155,75,0,1.055904
55021,833,J_ring7_1000,10,10,10,3472.022,122,10,1,2692.022126,25,15,8,2083.436384480003,89,0,0.909293
55021,833,Jplus_final,10,10,10,3333.233,114,10,1,2600.233371,17,15,0,1931.3926452933704,87,0,0.076993
55021,834,C_region_q2,10,10,10,4718.462,143,10,1,3812.462242,10,0,0,nan,110,0,0.295136
55021,834,Cplus_completion_coobserve,10,10,10,4283.512,145,10,1,3367.511612,12,3,0,nan,110,0,0.202121
55021,834,F_coverage_integrated,10,10,10,3949.671,119,10,1,3188.671066,22,13,8,2369.5451230388794,87,0,0.74759
55021,834,G_rolling_coverage,10,10,10,3949.671,119,10,1,3188.671066,22,13,8,2369.5451230388794,87,0,0.795996
55021,834,I_ring_optimized,10,10,10,3824.145,120,10,1,3058.145484,23,14,7,2206.916670506067,87,0,0.853609
55021,834,J_ring7_1000,10,10,10,3636.975,127,10,1,2826.97483,21,15,4,2103.598707601241,96,0,1.155021
55021,834,Jplus_final,10,10,10,3604.838,121,10,1,2829.837633,15,13,0,1986.3635645190143,96,0,0.113076
55021,835,C_region_q2,16,16,16,5537.307,144,16,1,4595.30692,14,0,0,nan,96,0,0.494888
55021,835,Cplus_completion_coobserve,16,16,16,4342.955,146,16,1,3389.955062,16,7,0,nan,96,0,0.265077
55021,835,F_coverage_integrated,16,16,16,4576.012,103,16,1,3885.01194,45,21,8,1518.1629652727613,44,0,0.79389
55021,835,G_rolling_coverage,16,16,16,4764.518,106,16,1,4058.51837,48,24,8,1518.1629652727613,42,0,0.862356
55021,835,I_ring_optimized,16,16,16,4104.884,104,16,1,3409.883509,46,27,7,1464.574362512698,44,0,1.083029
55021,835,J_ring7_1000,16,16,16,3782.527,117,16,1,3002.52706,38,28,4,1919.6454027220275,63,0,0.764863
55021,835,Jplus_final,16,16,16,3735.842,111,16,1,2992.842281,32,27,0,1840.3031710259115,63,0,0.151366
55021,836,C_region_q2,14,14,14,5489.187,145,14,1,4552.187499,16,0,0,nan,99,0,0.484728
55021,836,Cplus_completion_coobserve,14,14,14,4387.248,145,14,1,3449.248265,16,7,0,nan,99,0,0.257921
55021,836,F_coverage_integrated,14,14,14,4128.863,115,14,1,3375.862944,36,16,8,2226.655264914486,67,0,1.156753
55021,836,G_rolling_coverage,14,14,14,4125.265,115,14,1,3372.265376,36,17,8,2226.655264914486,67,0,1.171569
55021,836,I_ring_optimized,14,14,14,4053.975,111,14,1,3321.974553,32,18,8,2095.3277919387515,66,0,0.917489
55021,836,J_ring7_1000,14,14,14,4009.763,127,14,1,3181.763044,40,26,7,2129.8806988365513,74,0,1.051859
55021,836,Jplus_final,14,14,14,3922.93,118,14,1,3148.929522,31,25,0,1892.835573024482,73,0,0.167971
55021,837,C_region_q2,12,12,12,4710.849,141,12,1,3805.848675,11,0,0,nan,101,0,0.318434
55021,837,Cplus_completion_coobserve,12,12,12,4298.584,146,12,1,3367.584499,16,6,0,nan,101,0,0.329825
55021,837,F_coverage_integrated,12,12,12,3661.289,103,12,1,2988.28885,30,16,8,2242.317752715955,63,0,1.057766
55021,837,G_rolling_coverage,12,12,12,3653.727,104,12,1,2975.727113,31,20,8,2242.317752715955,63,0,1.005032
55021,837,I_ring_optimized,12,12,12,4009.389,104,12,1,3329.388929,31,20,8,2086.1101538511193,62,0,1.210507
55021,837,J_ring7_1000,12,12,12,3707.245,114,12,1,2967.245427,32,19,8,2097.6619742248163,70,0,0.918872
55021,837,Jplus_final,12,12,12,3742.806,105,12,1,3057.805562,24,19,0,1842.5288389858458,69,0,0.16028
55021,838,C_region_q2,11,11,11,4202.438,134,11,1,3344.437956,8,0,0,nan,96,0,0.331207
55021,838,Cplus_completion_coobserve,11,11,11,3926.306,136,11,1,3058.306154,10,4,0,nan,96,0,0.254537
55021,838,F_coverage_integrated,11,11,11,3593.293,112,11,1,2869.293356,27,16,8,2298.571991711057,75,0,0.744535
55021,838,G_rolling_coverage,11,11,11,3588.299,112,11,1,2866.299277,27,17,8,2298.571991711057,75,0,0.644821
55021,838,I_ring_optimized,11,11,11,3602.591,109,11,1,2897.590991,24,16,8,2211.4228843869396,75,0,0.621455
55021,838,J_ring7_1000,11,11,11,3877.717,126,11,1,3074.717435,33,18,7,2224.3330280234386,83,0,1.083868
55021,838,Jplus_final,11,11,11,3323.316,115,11,1,2583.316262,22,17,0,1984.8564039305409,82,0,0.146602
55021,839,C_region_q2,14,14,14,5165.254,135,14,1,4288.253908,12,0,0,nan,90,0,0.308739
55021,839,Cplus_completion_coobserve,14,14,14,4010.932,139,14,1,3112.931926,16,7,0,nan,90,0,0.307297
55021,839,F_coverage_integrated,14,14,14,3892.46,101,14,1,3221.459783,30,15,8,2223.9735462958533,58,0,0.797664
55021,839,G_rolling_coverage,14,14,14,3891.827,104,14,1,3203.827437,33,21,8,2223.9735462958533,58,0,0.757554
55021,839,I_ring_optimized,14,14,14,3803.446,102,14,1,3130.446478,33,19,8,2028.4734880885048,55,0,0.725449
55021,839,J_ring7_1000,14,14,14,3766.41,119,14,1,2985.410318,38,27,8,2081.448520631271,68,0,1.189412
55021,839,Jplus_final,14,14,14,3640.607,108,14,1,2926.606887,27,25,0,1900.758786120433,67,0,0.153043
55021,840,C_region_q2,10,10,10,4754.43,149,10,1,3811.429517,10,0,0,nan,121,0,0.261424
55021,840,Cplus_completion_coobserve,10,10,10,4268.875,154,10,1,3300.875174,15,4,0,nan,121,0,0.305568
55021,840,F_coverage_integrated,10,10,10,3846.861,118,10,1,3091.860768,18,6,7,2308.09451594587,90,0,0.858082
55021,840,G_rolling_coverage,10,10,10,3837.424,118,10,1,3082.423808,18,8,7,2308.09451594587,90,0,0.791979
55021,840,I_ring_optimized,10,10,10,3689.651,121,10,1,2919.65055,21,6,8,2124.5040915668937,92,0,0.975304
55021,840,J_ring7_1000,10,10,10,3632.602,136,10,1,2772.602374,26,14,5,2056.0414574374245,101,0,1.604549
55021,840,Jplus_final,10,10,10,3575.977,129,10,1,2756.977179,19,12,0,1960.3608020158733,100,0,0.222958
55021,841,C_region_q2,10,10,10,4498.956,147,10,1,3567.956419,10,0,0,nan,115,0,0.229442
55021,841,Cplus_completion_coobserve,10,10,10,4220.013,148,10,1,3283.012854,11,3,0,nan,115,0,0.209028
55021,841,F_coverage_integrated,10,10,10,3967.874,121,10,1,3193.874045,28,15,8,2246.9991820696373,85,0,0.645228
55021,841,G_rolling_coverage,10,10,10,3985.955,124,10,1,3194.954535,31,18,8,2246.9991820696373,85,0,0.711905
55021,841,I_ring_optimized,10,10,10,3709.1,116,10,1,2967.100024,23,13,8,2148.3352820883483,83,0,0.85861
55021,841,J_ring7_1000,10,10,10,4199.419,135,10,1,3345.418899,28,13,8,2130.6077700870737,98,0,1.524854
55021,841,Jplus_final,10,10,10,3678.749,125,10,1,2881.749398,18,13,0,1995.5620222598272,97,0,0.193545
55021,842,C_region_q2,12,12,12,4100.286,131,12,1,3255.285657,7,0,0,nan,93,0,0.217292
55021,842,Cplus_completion_coobserve,12,12,12,3921.801,134,12,1,3061.801103,10,2,0,nan,93,0,0.212294
55021,842,F_coverage_integrated,12,12,12,3938.76,108,12,1,3233.760287,30,18,8,2278.4093226922896,67,0,0.967684
55021,842,G_rolling_coverage,12,12,12,3901.317,108,12,1,3196.317352,30,18,8,2278.4093226922896,67,0,0.909486
55021,842,I_ring_optimized,12,12,12,3582.116,108,12,1,2878.116062,30,18,8,2119.3963264872805,67,0,0.973227
55021,842,J_ring7_1000,12,12,12,3642.477,126,12,1,2829.477478,35,25,8,2078.1405435367315,80,0,0.819928
55021,842,Jplus_final,12,12,12,3510.691,114,12,1,2769.690615,23,21,0,1937.6043744162391,79,0,0.107714
55021,843,C_region_q2,12,12,12,4375.318,135,12,1,3506.318498,10,0,0,nan,96,0,0.431281
55021,843,Cplus_completion_coobserve,12,12,12,4124.394,137,12,1,3245.394005,12,4,0,nan,96,0,0.290845
55021,843,F_coverage_integrated,12,12,12,4078.359,113,12,1,3343.358929,30,17,8,2221.1373614714157,73,0,0.87438
55021,843,G_rolling_coverage,12,12,12,4078.359,113,12,1,3343.358929,30,17,8,2221.1373614714157,73,0,0.873557
55021,843,I_ring_optimized,12,12,12,3922.566,110,12,1,3205.566205,27,14,8,2040.384019121473,73,0,0.494646
55021,843,J_ring7_1000,12,12,12,3722.384,120,12,1,2949.383619,30,19,6,2015.9398406611006,78,0,2.02167
55021,843,Jplus_final,12,12,12,3656.579,112,12,1,2928.579464,22,18,0,1898.2724464250919,78,0,0.217952
55021,844,C_region_q2,14,14,14,5387.282,148,14,1,4432.281767,13,0,0,nan,105,0,0.382979
55021,844,Cplus_completion_coobserve,14,14,14,4575.643,152,14,1,3596.643272,17,9,0,nan,105,0,0.14432
55021,844,F_coverage_integrated,14,14,14,4312.439,126,14,1,3495.439348,40,23,8,2313.071083992024,75,0,1.042727
55021,844,G_rolling_coverage,14,14,14,4280.132,127,14,1,3459.132125,41,27,8,2313.071083992024,75,0,0.986034
55021,844,I_ring_optimized,14,14,14,4208.538,129,14,1,3369.537505,43,29,8,2118.8025220267673,77,0,0.998617
55021,844,J_ring7_1000,14,14,14,4045.781,130,14,1,3200.781486,41,27,8,2045.74724604309,77,0,1.393372
55021,844,Jplus_final,14,14,14,3909.337,115,14,1,3152.337295,26,22,0,1901.0260202358836,75,0,0.204681
55021,845,C_region_q2,15,15,15,5241.26,139,15,1,4333.260103,11,0,0,nan,94,0,0.36425
55021,845,Cplus_completion_coobserve,15,15,15,4675.427,143,15,1,3744.427353,15,7,0,nan,94,0,0.237722
55021,845,F_coverage_integrated,15,15,15,4470.872,116,15,1,3701.872447,42,25,8,2260.2514900931956,61,0,1.139891
55021,845,G_rolling_coverage,15,15,15,4461.396,116,15,1,3692.395628,42,29,8,2260.2514900931956,61,0,1.026794
55021,845,I_ring_optimized,15,15,15,4410.341,118,15,1,3632.341089,44,32,8,2178.397014675638,62,0,1.10544
55021,845,J_ring7_1000,15,15,15,4084.314,121,15,1,3287.314347,40,25,8,2005.5779202002711,66,0,1.3997
55021,845,Jplus_final,15,15,15,4077.414,110,15,1,3345.41353,29,23,0,1889.008442081663,66,0,0.185906
55021,846,C_region_q2,12,12,12,5114.585,149,12,1,4163.585107,12,0,0,nan,111,0,0.298001
55021,846,Cplus_completion_coobserve,12,12,12,4291.668,156,12,1,3300.668329,19,7,0,nan,111,0,0.382194
55021,846,F_coverage_integrated,12,12,12,3772.415,121,12,1,2990.415223,31,18,8,2316.701924232105,78,0,1.531278
55021,846,G_rolling_coverage,12,12,12,3769.402,121,12,1,2986.402479,31,19,8,2316.701924232105,78,0,1.512329
55021,846,I_ring_optimized,12,12,12,3677.285,125,12,1,2871.285118,36,24,7,2177.8934152106926,77,0,1.884379
55021,846,J_ring7_1000,12,12,12,3826.149,139,12,1,2934.148945,38,27,8,2158.234585219291,91,0,1.267899
55021,846,Jplus_final,12,12,12,3503.573,123,12,1,2707.572803,22,20,0,1968.4816929519536,89,0,0.100334
55021,847,C_region_q2,14,14,14,5023.856,136,14,1,4138.855779,12,0,0,nan,90,0,0.403486
55021,847,Cplus_completion_coobserve,14,14,14,4487.307,139,14,1,3586.306795,15,5,0,nan,90,0,0.330911
55021,847,F_coverage_integrated,14,14,14,4276.745,116,14,1,3513.74472,40,25,8,2254.8802411522684,62,0,1.131285
55021,847,G_rolling_coverage,14,14,14,4286.331,118,14,1,3511.331314,42,27,8,2254.8802411522684,62,0,1.196634
55021,847,I_ring_optimized,14,14,14,4080.959,109,14,1,3362.95945,33,21,5,1995.3227528467153,62,0,0.909688
55021,847,J_ring7_1000,14,14,14,4352.124,125,14,1,3539.124214,42,25,8,2042.4928202556248,69,0,1.222891
55021,847,Jplus_final,14,14,14,3922.807,110,14,1,3196.806513,27,20,0,1846.3209738821397,69,0,0.30979
55021,848,C_region_q2,14,14,14,4734.75,137,14,1,3844.749874,12,0,0,nan,90,0,0.385802
55021,848,Cplus_completion_coobserve,14,14,14,4138.605,141,14,1,3224.605455,16,8,0,nan,90,0,0.254933
55021,848,F_coverage_integrated,14,14,14,3763.254,102,14,1,3083.253563,32,20,6,2252.960536661986,56,0,1.592297
55021,848,G_rolling_coverage,14,14,14,3766.099,103,14,1,3081.098645,33,22,6,2252.960536661986,56,0,1.684865
55021,848,I_ring_optimized,14,14,14,3867.562,100,14,1,3200.562042,34,22,8,2068.2510570598088,52,0,0.933831
55021,848,J_ring7_1000,14,14,14,3666.888,114,14,1,2915.888482,32,22,8,2142.0863469092196,69,0,1.385917
55021,848,Jplus_final,14,14,14,3674.44,105,14,1,2977.440356,24,20,0,1900.0113826200363,67,0,0.186385
55021,849,C_region_q2,15,15,15,5174.788,144,15,1,4238.787595,14,0,0,nan,98,0,0.316027
55021,849,Cplus_completion_coobserve,15,15,15,4394.205,150,15,1,3424.205485,20,10,0,nan,98,0,0.16976
55021,849,F_coverage_integrated,15,15,15,4007.418,118,15,1,3226.417786,34,21,8,2296.1898905864055,69,0,0.865585
55021,849,G_rolling_coverage,15,15,15,4006.597,118,15,1,3225.596529,34,22,8,2296.1898905864055,69,0,0.884277
55021,849,I_ring_optimized,15,15,15,4038.478,122,15,1,3236.478381,38,25,8,2171.379501551645,69,0,0.813022
55021,849,J_ring7_1000,15,15,15,4300.073,135,15,1,3422.073393,41,24,8,2107.1799007495174,79,0,1.028411
55021,849,Jplus_final,15,15,15,3948.048,127,15,1,3116.048125,33,28,0,1918.6966206902669,79,0,0.181713
55021,850,C_region_q2,13,13,13,5109.423,145,13,1,4175.423386,12,0,0,nan,106,0,0.36756
55021,850,Cplus_completion_coobserve,13,13,13,4478.474,151,13,1,3511.474008,18,8,0,nan,106,0,0.292777
55021,850,F_coverage_integrated,13,13,13,4152.739,119,13,1,3379.739403,27,13,7,2286.5486887038046,80,0,0.677716
55021,850,G_rolling_coverage,13,13,13,4149.744,120,13,1,3371.743656,28,16,7,2286.5486887038046,80,0,0.585957
55021,850,I_ring_optimized,13,13,13,3943.502,119,13,1,3171.50197,28,15,7,2092.328503448448,79,0,0.537305
55021,850,J_ring7_1000,13,13,13,3808.891,129,13,1,2979.890999,35,21,8,1990.4545392882474,82,0,1.084801
55021,850,Jplus_final,13,13,13,4005.311,131,13,1,3160.310761,27,22,0,2018.3594351344009,91,0,0.162954
55021,851,C_region_q2,10,10,10,4346.505,140,10,1,3457.504855,7,0,0,nan,110,0,0.315173
55021,851,Cplus_completion_coobserve,10,10,10,4049.561,141,10,1,3155.560644,8,3,0,nan,110,0,0.145974
55021,851,F_coverage_integrated,10,10,10,4332.647,120,10,1,3567.647241,21,7,8,2260.5292703164346,89,0,0.587422
55021,851,G_rolling_coverage,10,10,10,3974.876,118,10,1,3219.876085,19,8,8,2260.5292703164346,89,0,0.608866
55021,851,I_ring_optimized,10,10,10,3821.404,119,10,1,3060.404002,20,12,3,2060.170640716233,89,0,0.69909
55021,851,J_ring7_1000,10,10,10,3878.315,140,10,1,2992.314614,31,19,7,2064.0057738203714,99,0,1.729835
55021,851,Jplus_final,10,10,10,3731.192,133,10,1,2888.191863,19,13,0,1989.7062084575637,104,0,0.210945
55021,852,C_region_q2,16,16,16,4878.078,133,16,1,4002.077574,12,0,0,nan,82,0,0.39509
55021,852,Cplus_completion_coobserve,16,16,16,4280.419,136,16,1,3386.418667,15,6,0,nan,82,0,0.271051
55021,852,F_coverage_integrated,16,16,16,4139.301,108,16,1,3414.301176,44,26,8,2157.9277022392494,48,0,1.252689
55021,852,G_rolling_coverage,16,16,16,4155.579,113,16,1,3403.579226,49,31,8,2157.9277022392494,48,0,1.446373
55021,852,I_ring_optimized,16,16,16,3985.998,105,16,1,3279.998479,41,27,8,2032.0546471299108,48,0,1.316201
55021,852,J_ring7_1000,16,16,16,3849.379,113,16,1,3094.379212,43,27,8,2000.9042032664088,54,0,1.498655
55021,852,Jplus_final,16,16,16,3794.524,101,16,1,3111.523868,31,25,0,1825.48290231677,54,0,0.177384
55021,853,C_region_q2,15,15,15,4776.54,131,15,1,3917.54045,13,0,0,nan,82,0,0.323411
55021,853,Cplus_completion_coobserve,15,15,15,4570.959,137,15,1,3675.958889,19,8,0,nan,82,0,0.2647
55021,853,F_coverage_integrated,15,15,15,4894.411,110,15,1,4168.4106,41,24,8,2198.2528726205787,55,0,0.878295
55021,853,G_rolling_coverage,15,15,15,4705.744,110,15,1,3980.74398,41,24,8,2198.2528726205787,55,0,0.849009
55021,853,I_ring_optimized,15,15,15,4278.775,105,15,1,3577.77523,36,24,8,2224.812305019983,55,0,0.780756
55021,853,J_ring7_1000,15,15,15,3700.26,103,15,1,3011.2602,32,20,8,1886.4734456117426,56,0,0.813621
55021,853,Jplus_final,15,15,15,3736.333,107,15,1,3025.332797,31,28,0,1869.385779708659,61,0,0.109603
55021,854,C_region_q2,10,10,10,4711.857,139,10,1,3828.857113,8,0,0,nan,108,0,0.195713
55021,854,Cplus_completion_coobserve,10,10,10,3784.741,143,10,1,2879.741435,12,7,0,nan,108,0,0.129384
55021,854,F_coverage_integrated,10,10,10,3429.641,115,10,1,2695.641395,21,10,8,2310.4871060651612,84,0,0.455328
55021,854,G_rolling_coverage,10,10,10,3430.63,115,10,1,2696.629646,21,11,8,2310.4871060651612,84,0,0.43156
55021,854,I_ring_optimized,10,10,10,3485.048,115,10,1,2748.047946,21,14,6,2128.664588267655,84,0,0.483207
55021,854,J_ring7_1000,10,10,10,3443.246,128,10,1,2629.245651,24,15,8,2152.4544232445314,94,0,0.638716
55021,854,Jplus_final,10,10,10,3340.201,122,10,1,2561.201351,18,16,0,1966.4956371428746,94,0,0.098615
55021,855,C_region_q2,16,16,16,4867.64,98,16,1,4205.639949,20,0,0,nan,48,0,0.606096
55021,855,Cplus_completion_coobserve,16,16,16,3898.985,103,16,1,3206.985196,25,12,0,nan,48,0,0.279615
55021,855,F_coverage_integrated,16,16,16,3154.472,86,16,1,2564.471798,40,20,8,1228.1202592802154,30,0,1.454529
55021,855,G_rolling_coverage,16,16,16,3504.2,89,16,1,2898.200471,43,23,8,1228.1202592802154,30,0,1.420865
55021,855,I_ring_optimized,16,16,16,3052.034,90,16,1,2437.034444,44,27,8,1164.3749496314524,30,0,1.444771
55021,855,J_ring7_1000,16,16,16,3743.63,112,16,1,2998.629972,41,25,8,1719.9637776479371,56,0,1.08808
55021,855,Jplus_final,16,16,16,3125.326,83,16,1,2552.325572,31,24,0,1232.7536892527073,36,0,0.295809
55021,856,C_region_q2,14,14,14,4885.569,137,14,1,3994.569268,11,0,0,nan,93,0,0.374753
55021,856,Cplus_completion_coobserve,14,14,14,4205.574,143,14,1,3280.573772,17,9,0,nan,93,0,0.194212
55021,856,F_coverage_integrated,14,14,14,4059.848,118,14,1,3286.84773,36,21,8,2240.5631466349446,69,0,0.534923
55021,856,G_rolling_coverage,14,14,14,4053.35,119,14,1,3274.350296,37,26,8,2240.5631466349446,69,0,0.444805
55021,856,I_ring_optimized,14,14,14,4037.214,115,14,1,3283.213642,37,26,8,2064.1667706653616,64,0,0.857969
55021,856,J_ring7_1000,14,14,14,3746.077,116,14,1,2987.07726,39,25,8,2014.203445432475,63,0,1.010678
55021,856,Jplus_final,14,14,14,3878.428,113,14,1,3135.428072,31,27,0,1857.1580082552994,68,0,0.182646
55021,857,C_region_q2,11,11,11,4384.41,133,11,1,3533.410242,9,0,0,nan,98,0,0.276174
55021,857,Cplus_completion_coobserve,11,11,11,3988.484,140,11,1,3094.484119,16,9,0,nan,98,0,0.146558
55021,857,F_coverage_integrated,11,11,11,3761.766,115,11,1,3020.765727,27,13,8,2278.0799121430405,78,0,1.445398
55021,857,G_rolling_coverage,11,11,11,3642.433,118,11,1,2883.432779,30,17,8,2278.0799121430405,78,0,1.185778
55021,857,I_ring_optimized,11,11,11,3440.042,117,11,1,2688.041817,29,17,8,2122.109848079542,77,0,1.404542
55021,857,J_ring7_1000,11,11,11,3270.634,126,11,1,2462.634281,32,21,8,2152.4028036225095,83,0,1.497575
55021,857,Jplus_final,11,11,11,3097.007,112,11,1,2372.006948,18,17,0,1985.727790765994,83,0,0.092167
55021,858,C_region_q2,10,10,10,4447.111,136,10,1,3583.111483,8,0,0,nan,103,0,0.300298
55021,858,Cplus_completion_coobserve,10,10,10,3888.641,137,10,1,3019.640801,9,3,0,nan,103,0,0.143498
55021,858,F_coverage_integrated,10,10,10,3688.603,114,10,1,2959.603414,23,10,5,2182.0277128440603,82,0,0.896303
55021,858,G_rolling_coverage,10,10,10,3675.628,114,10,1,2946.628366,23,11,5,2182.0277128440603,82,0,0.863742
55021,858,I_ring_optimized,10,10,10,3577.954,111,10,1,2863.954494,23,13,7,2094.2394661485587,78,0,1.077075
55021,858,J_ring7_1000,10,10,10,3465.967,124,10,1,2674.966794,23,12,8,2085.5408536684818,91,0,0.798051
55021,858,Jplus_final,10,10,10,3732.273,126,10,1,2929.273426,22,17,0,1954.3209738821395,94,0,0.136255
55021,859,C_region_q2,14,14,14,5008.018,137,14,1,4118.018157,13,0,0,nan,91,0,0.466635
55021,859,Cplus_completion_coobserve,14,14,14,4467.23,139,14,1,3564.230249,15,5,0,nan,91,0,0.290667
55021,859,F_coverage_integrated,14,14,14,4545.466,106,14,1,3842.465993,26,13,8,2230.479988225817,66,0,1.017763
55021,859,G_rolling_coverage,14,14,14,4545.299,106,14,1,3842.299171,26,14,8,2230.479988225817,66,0,0.859871
55021,859,I_ring_optimized,14,14,14,4297.595,111,14,1,3562.594874,31,18,8,2150.2983324313914,67,0,1.35538
55021,859,J_ring7_1000,14,14,14,3941.169,118,14,1,3168.169415,34,20,6,1972.9874810816655,70,0,1.533804
55021,859,Jplus_final,14,14,14,3885.175,108,14,1,3171.175292,27,23,0,1878.9748149125826,67,0,0.242377
55021,860,C_region_q2,13,13,13,4251.047,130,13,1,3407.046669,8,0,0,nan,92,0,0.231935
55021,860,Cplus_completion_coobserve,13,13,13,4034.367,131,13,1,3185.367006,9,2,0,nan,92,0,0.210143
55021,860,F_coverage_integrated,13,13,13,3638.135,115,13,1,2887.134854,30,16,8,2313.079448453228,72,0,0.87786
55021,860,G_rolling_coverage,13,13,13,3584.207,114,13,1,2839.207279,29,18,8,2313.079448453228,72,0,0.877941
55021,860,I_ring_optimized,13,13,13,3917.992,113,13,1,3178.99193,28,18,6,2276.9488482608185,72,0,1.107251
55021,860,J_ring7_1000,13,13,13,3472.544,119,13,1,2696.543575,31,21,7,2085.1961519590104,75,0,1.23662
55021,860,Jplus_final,13,13,13,3518.73,114,13,1,2771.729542,21,19,0,1926.5507005275713,80,0,0.141149
55021,861,C_region_q2,13,13,13,4202.48,136,13,1,3322.480131,9,0,0,nan,95,0,0.294871
55021,861,Cplus_completion_coobserve,13,13,13,3850.36,138,13,1,2960.360177,11,5,0,nan,95,0,0.229876
55021,861,F_coverage_integrated,13,13,13,4325.016,107,13,1,3622.015998,29,17,8,2202.4661711840054,66,0,0.842424
55021,861,G_rolling_coverage,13,13,13,4180.469,107,13,1,3477.46913,29,18,8,2202.4661711840054,66,0,0.793105
55021,861,I_ring_optimized,13,13,13,4042.741,108,13,1,3331.741403,30,18,8,2099.9294974920226,66,0,0.914349
55021,861,J_ring7_1000,13,13,13,3789.897,126,13,1,2973.897368,40,25,8,2041.4438402805872,75,0,1.249646
55021,861,Jplus_final,13,13,13,3694.261,111,13,1,2966.260995,25,21,0,1940.3315561878844,73,0,0.1591
55021,862,C_region_q2,10,10,10,4594.228,143,10,1,3689.22788,9,0,0,nan,113,0,0.155411
55021,862,Cplus_completion_coobserve,10,10,10,4285.165,144,10,1,3375.165178,10,1,0,nan,113,0,0.147167
55021,862,F_coverage_integrated,10,10,10,4107.09,124,10,1,3316.090095,21,8,7,2358.413301422699,93,0,0.807342
55021,862,G_rolling_coverage,10,10,10,4118.147,126,10,1,3316.147058,23,10,7,2358.413301422699,93,0,0.80805
55021,862,I_ring_optimized,10,10,10,3579.968,125,10,1,2783.96787,23,15,5,2166.731902989311,92,0,0.76257
55021,862,J_ring7_1000,10,10,10,3272.601,129,10,1,2454.60132,24,12,8,2073.4406874614624,96,0,0.951545
55021,862,Jplus_final,10,10,10,3240.471,121,10,1,2468.470824,16,12,0,1943.3778675005667,95,0,0.15194
55021,863,C_region_q2,15,15,15,5287.151,137,15,1,4392.150522,13,0,0,nan,91,0,0.44361
55021,863,Cplus_completion_coobserve,15,15,15,4489.554,139,15,1,3584.554426,15,4,0,nan,91,0,0.28827
55021,863,F_coverage_integrated,15,15,15,4186.396,103,15,1,3497.395704,35,19,8,2202.9452329840065,54,0,0.980162
55021,863,G_rolling_coverage,15,15,15,4205.918,107,15,1,3495.917897,39,23,8,2202.9452329840065,54,0,0.742754
55021,863,I_ring_optimized,15,15,15,4131.225,110,15,1,3403.224991,42,28,8,2065.47518127493,54,0,0.992882
55021,863,J_ring7_1000,15,15,15,4049.982,112,15,1,3308.981852,38,23,8,1951.8069528965766,61,0,1.173206
55021,863,Jplus_final,15,15,15,4062.669,109,15,1,3340.669482,36,30,0,1822.252937999267,58,0,0.216811
55021,864,C_region_q2,10,10,10,4671.668,147,10,1,3742.668493,9,0,0,nan,114,0,0.227904
55021,864,Cplus_completion_coobserve,10,10,10,4068.608,149,10,1,3125.607934,11,5,0,nan,114,0,0.149624
55021,864,F_coverage_integrated,10,10,10,3693.477,118,10,1,2939.476856,27,14,8,2285.067052494636,82,0,0.796847
55021,864,G_rolling_coverage,10,10,10,3693.477,118,10,1,2939.476856,27,14,8,2285.067052494636,82,0,0.776043
55021,864,I_ring_optimized,10,10,10,3713.213,122,10,1,2935.213258,31,17,8,2170.6366575027787,85,0,0.822038
55021,864,J_ring7_1000,10,10,10,3684.068,138,10,1,2812.068279,30,17,8,2146.2346183790232,100,0,1.008941
55021,864,Jplus_final,10,10,10,3534.28,127,10,1,2726.28011,19,14,0,1990.1241069285165,98,0,0.174553
55021,865,C_region_q2,11,11,11,5074.358,136,11,1,4205.357862,10,0,0,nan,99,0,0.287139
55021,865,Cplus_completion_coobserve,11,11,11,4631.298,138,11,1,3750.298014,12,5,0,nan,99,0,0.122137
55021,865,F_coverage_integrated,11,11,11,4084.665,108,11,1,3386.664972,24,11,8,2206.519011991127,73,0,0.606239
55021,865,G_rolling_coverage,11,11,11,4055.19,109,11,1,3352.189594,25,13,8,2206.519011991127,73,0,0.56645
55021,865,I_ring_optimized,11,11,11,3846.292,107,11,1,3154.292451,23,11,8,2074.325395042072,73,0,0.503023
55021,865,J_ring7_1000,11,11,11,3541.236,124,11,1,2746.235792,31,17,8,2061.9128566727104,83,0,0.966742
55021,865,Jplus_final,11,11,11,3961.668,118,11,1,3203.668404,25,19,0,1906.3209738821397,82,0,0.197612
55021,866,C_region_q2,16,16,16,5450.451,136,16,1,4556.450918,15,0,0,nan,85,0,0.575824
55021,866,Cplus_completion_coobserve,16,16,16,4726.279,140,16,1,3810.278589,19,9,0,nan,85,0,0.366178
55021,866,F_coverage_integrated,16,16,16,4071.265,92,16,1,3443.264827,34,19,8,1916.1171425277378,42,0,0.843328
55021,866,G_rolling_coverage,16,16,16,4066.461,92,16,1,3438.460541,34,22,8,1916.1171425277378,42,0,0.800447
55021,866,I_ring_optimized,16,16,16,3982.951,94,16,1,3343.951343,36,22,8,1820.6610752926915,42,0,0.866773
55021,866,J_ring7_1000,16,16,16,4086.846,102,16,1,3402.845997,35,16,8,1691.1939428414848,51,0,0.888351
55021,866,Jplus_final,16,16,16,4374.598,104,16,1,3680.598203,37,25,0,1624.9608903697258,51,0,0.303465
55021,867,C_region_q2,14,14,14,5282.047,141,14,1,4370.046999,15,0,0,nan,96,0,0.429662
55021,867,Cplus_completion_coobserve,14,14,14,4860.159,145,14,1,3926.158513,19,7,0,nan,96,0,0.323241
55021,867,F_coverage_integrated,14,14,14,4599.33,117,14,1,3835.329518,35,18,8,2264.6051221725806,68,0,1.047526
55021,867,G_rolling_coverage,14,14,14,4335.134,119,14,1,3560.133996,37,23,8,2264.6051221725806,68,0,1.07696
55021,867,I_ring_optimized,14,14,14,4158.127,121,14,1,3370.126737,39,25,8,2107.8059325385675,68,0,1.28695
55021,867,J_ring7_1000,14,14,14,3707.585,120,14,1,2922.584589,39,27,8,1969.5137916556114,68,0,1.43008
55021,867,Jplus_final,14,14,14,3760.629,113,14,1,3018.629171,32,26,0,1833.5078696162884,67,0,0.250583
55021,868,C_region_q2,16,16,16,5261.286,142,16,1,4331.286495,12,0,0,nan,93,0,0.462235
55021,868,Cplus_completion_coobserve,16,16,16,4517.915,146,16,1,3566.914551,16,7,0,nan,93,0,0.308457
55021,868,F_coverage_integrated,16,16,16,4376.417,99,16,1,3707.416946,35,22,6,2076.69391262651,48,0,1.509088
55021,868,G_rolling_coverage,16,16,16,4161.001,102,16,1,3475.001308,38,26,6,2076.69391262651,48,0,1.419502
55021,868,I_ring_optimized,16,16,16,4096.452,111,16,1,3357.452422,47,32,6,1933.5900796340343,48,0,1.707365
55021,868,J_ring7_1000,16,16,16,4060.707,120,16,1,3266.70672,37,24,6,1949.6746844763152,67,0,1.382162
55021,868,Jplus_final,16,16,16,4065.489,118,16,1,3283.488681,35,28,0,1856.857111509299,67,0,0.334071
55021,869,C_region_q2,12,12,12,4531.714,131,12,1,3687.713708,11,0,0,nan,91,0,0.382517
55021,869,Cplus_completion_coobserve,12,12,12,4111.583,132,12,1,3261.582782,12,7,0,nan,91,0,0.165502
55021,869,F_coverage_integrated,12,12,12,4125.121,114,12,1,3386.121059,29,16,6,2283.4716642042968,73,0,1.026709
55021,869,G_rolling_coverage,12,12,12,4082.248,113,12,1,3348.247538,28,17,6,2283.4716642042968,73,0,0.913306
55021,869,I_ring_optimized,12,12,12,3790.747,108,12,1,3088.747412,23,12,5,2119.732864356894,73,0,0.845213
55021,869,J_ring7_1000,12,12,12,3686.736,116,12,1,2935.735916,28,17,8,1973.0772378636248,76,0,1.011804
55021,869,Jplus_final,12,12,12,3748.202,111,12,1,3027.202132,23,20,0,1864.3209738821395,76,0,0.163067
55021,870,C_region_q2,10,10,10,4457.031,143,10,1,3550.030771,8,0,0,nan,113,0,0.197098
55021,870,Cplus_completion_coobserve,10,10,10,4065.005,149,10,1,3126.004923,14,4,0,nan,113,0,0.270531
55021,870,F_coverage_integrated,10,10,10,3907.333,119,10,1,3145.333349,20,10,5,2212.085119515415,89,0,0.768479
55021,870,G_rolling_coverage,10,10,10,3944.198,123,10,1,3160.19772,24,15,5,2212.085119515415,89,0,0.704558
55021,870,I_ring_optimized,10,10,10,3971.93,126,10,1,3168.929668,27,15,7,2225.014559370677,89,0,0.926838
55021,870,J_ring7_1000,10,10,10,3817.976,132,10,1,2980.976266,31,19,6,2090.509064885051,91,0,1.084784
55021,870,Jplus_final,10,10,10,3708.778,124,10,1,2920.777942,20,16,0,1924.3209738821395,94,0,0.130041
55021,871,C_region_q2,12,12,12,4861.223,139,12,1,3968.222882,10,0,0,nan,100,0,0.345212
55021,871,Cplus_completion_coobserve,12,12,12,4242.039,146,12,1,3310.038638,17,9,0,nan,100,0,0.243805
55021,871,F_coverage_integrated,12,12,12,4068.883,122,12,1,3279.882506,33,20,8,2290.120053717061,78,0,1.30289
55021,871,G_rolling_coverage,12,12,12,4073.883,123,12,1,3279.882506,34,21,8,2290.120053717061,78,0,1.247841
55021,871,I_ring_optimized,12,12,12,3915.333,124,12,1,3117.333324,35,21,8,2130.4476717445814,78,0,0.914099
55021,871,J_ring7_1000,12,12,12,3636.428,116,12,1,2883.427786,25,16,7,2070.7611964378257,79,0,1.752193
55021,871,Jplus_final,12,12,12,3758.612,110,12,1,3040.611774,19,16,0,1908.1335663387097,79,0,0.164692
55021,872,C_region_q2,10,10,10,4472.523,137,10,1,3603.52285,11,0,0,nan,102,0,0.283721
55021,872,Cplus_completion_coobserve,10,10,10,4046.753,137,10,1,3176.752748,11,4,0,nan,102,0,0.168833
55021,872,F_coverage_integrated,10,10,10,3676.724,118,10,1,2923.723653,24,12,5,2181.093946836161,85,0,1.043178
55021,872,G_rolling_coverage,10,10,10,3671.603,118,10,1,2918.603097,24,12,5,2181.093946836161,85,0,1.032305
55021,872,I_ring_optimized,10,10,10,3560.759,116,10,1,2819.759043,22,9,6,2072.8375838430625,84,0,0.516653
55021,872,J_ring7_1000,10,10,10,3428.219,132,10,1,2588.218833,27,15,7,2131.2367341792424,95,0,1.069236
55021,872,Jplus_final,10,10,10,3375.75,125,10,1,2578.750385,20,17,0,2000.3816144503905,95,0,0.109078
55021,873,C_region_q2,15,15,15,5306.161,140,15,1,4394.160597,14,0,0,nan,96,0,0.412239
55021,873,Cplus_completion_coobserve,15,15,15,4560.249,143,15,1,3629.249276,17,6,0,nan,96,0,0.375613
55021,873,F_coverage_integrated,15,15,15,4537.739,115,15,1,3777.739351,35,16,8,2282.8580933783314,66,0,1.547931
55021,873,G_rolling_coverage,15,15,15,4499.237,115,15,1,3741.236957,35,19,8,2282.8580933783314,66,0,1.439373
55021,873,I_ring_optimized,15,15,15,4480.267,116,15,1,3713.266738,37,23,8,2172.42373326492,64,0,1.590699
55021,873,J_ring7_1000,15,15,15,4134.801,121,15,1,3337.800752,35,22,8,2139.636525739515,71,0,1.055505
55021,873,Jplus_final,15,15,15,4036.151,111,15,1,3299.150716,25,21,0,1938.2926645632128,71,0,0.142928
55021,874,C_region_q2,15,15,15,4989.712,132,15,1,4124.711676,15,0,0,nan,80,0,0.429736
55021,874,Cplus_completion_coobserve,15,15,15,4288.579,137,15,1,3396.579447,20,11,0,nan,80,0,0.243075
55021,874,F_coverage_integrated,15,15,15,4716.686,109,15,1,3990.685576,37,22,8,2145.6128945893106,58,0,0.707246
55021,874,G_rolling_coverage,15,15,15,4496.257,114,15,1,3743.25724,42,25,8,2145.6128945893106,58,0,0.813865
55021,874,I_ring_optimized,15,15,15,4242.705,114,15,1,3486.705425,42,29,8,1998.0142940937772,59,0,0.966792
55021,874,J_ring7_1000,15,15,15,4182.141,122,15,1,3383.14094,42,25,8,2020.4112601810298,66,0,1.514425
55021,874,Jplus_final,15,15,15,4131.614,109,15,1,3407.613953,29,22,0,1858.4567097587872,65,0,0.214218
55021,875,C_region_q2,10,10,10,4292.952,136,10,1,3427.951764,8,0,0,nan,102,0,0.351073
55021,875,Cplus_completion_coobserve,10,10,10,4110.628,136,10,1,3245.627765,8,3,0,nan,102,0,0.151742
55021,875,F_coverage_integrated,10,10,10,3871.826,115,10,1,3133.826392,30,18,8,2357.669640119395,75,0,1.000205
55021,875,G_rolling_coverage,10,10,10,3871.826,115,10,1,3133.826392,30,18,8,2357.669640119395,75,0,0.97449
55021,875,I_ring_optimized,10,10,10,3620.454,117,10,1,2872.453727,32,19,8,2277.902547046734,75,0,1.468994
55021,875,J_ring7_1000,10,10,10,3613.751,132,10,1,2776.750796,26,13,8,2050.3712625852568,97,0,0.928087
55021,875,Jplus_final,10,10,10,3584.555,126,10,1,2782.555073,20,13,0,1968.6611771340613,96,0,0.145024
55021,876,C_region_q2,12,12,12,4212.4,142,12,1,3301.399734,10,0,0,nan,104,0,0.204116
55021,876,Cplus_completion_coobserve,12,12,12,3889.949,144,12,1,2966.948764,12,6,0,nan,104,0,0.167205
55021,876,F_coverage_integrated,12,12,12,3657.256,119,12,1,2887.255609,30,17,8,2256.220448977335,80,0,0.622779
55021,876,G_rolling_coverage,12,12,12,3657.541,120,12,1,2882.541481,31,20,8,2256.220448977335,80,0,0.600289
55021,876,I_ring_optimized,12,12,12,3634.811,128,12,1,2811.810617,39,27,8,2097.5973083925637,82,0,0.6043
55021,876,J_ring7_1000,12,12,12,3553.476,131,12,1,2711.475549,30,16,8,2057.6455105793566,90,0,0.684444
55021,876,Jplus_final,12,12,12,3559.876,127,12,1,2741.876382,26,21,0,1954.2543207814797,89,0,0.179819
55021,877,C_region_q2,11,11,11,4291.717,139,11,1,3405.717254,11,0,0,nan,103,0,0.328791
55021,877,Cplus_completion_coobserve,11,11,11,3807.558,139,11,1,2920.558378,11,6,0,nan,103,0,0.185316
55021,877,F_coverage_integrated,11,11,11,3955.752,122,11,1,3170.752402,26,15,5,2193.5557214959426,86,0,1.050447
55021,877,G_rolling_coverage,11,11,11,3722.997,123,11,1,2932.996759,27,19,5,2193.5557214959426,86,0,0.933338
55021,877,I_ring_optimized,11,11,11,3587.824,122,11,1,2804.823854,26,18,8,2191.0669774816874,86,0,0.936134
55021,877,J_ring7_1000,11,11,11,3433.828,131,11,1,2596.828002,31,21,8,2134.885773834038,89,0,1.225033
55021,877,Jplus_final,11,11,11,3417.943,128,11,1,2602.943189,28,27,0,1961.937061840099,89,0,0.089238
55021,878,C_region_q2,13,13,13,4663.681,141,13,1,3753.68109,13,0,0,nan,99,0,0.390048
55021,878,Cplus_completion_coobserve,13,13,13,4436.323,147,13,1,3493.32277,19,9,0,nan,99,0,0.256373
55021,878,F_coverage_integrated,13,13,13,4527.301,123,13,1,3729.301218,34,18,8,2246.0174654296097,76,0,0.673239
55021,878,G_rolling_coverage,13,13,13,4526.747,123,13,1,3728.747048,34,19,8,2246.0174654296097,76,0,0.691194
55021,878,I_ring_optimized,13,13,13,4401.873,124,13,1,3597.873009,35,19,8,2168.3087888454597,78,0,0.682157
55021,878,J_ring7_1000,13,13,13,3922.672,127,13,1,3102.67152,33,19,8,2071.4701205467118,81,0,0.833691
55021,878,Jplus_final,13,13,13,3922.628,119,13,1,3146.628312,26,22,0,1903.452010428453,80,0,0.101051
55021,879,C_region_q2,16,16,16,5236.328,131,16,1,4374.327813,17,0,0,nan,80,0,0.486021
55021,879,Cplus_completion_coobserve,16,16,16,4285.672,134,16,1,3405.672321,20,9,0,nan,80,0,0.234154
55021,879,F_coverage_integrated,16,16,16,4431.935,106,16,1,3723.935306,42,24,8,1900.5810953538005,49,0,0.943593
55021,879,G_rolling_coverage,16,16,16,4164.596,106,16,1,3456.596404,42,26,8,1900.5810953538005,49,0,0.905694
55021,879,I_ring_optimized,16,16,16,4261.858,107,16,1,3550.858052,43,26,8,1917.165738479855,48,0,1.233848
55021,879,J_ring7_1000,16,16,16,4133.995,114,16,1,3375.994959,43,29,8,2008.7869893992972,56,0,1.153733
55021,879,Jplus_final,16,16,16,3595.989,97,16,1,2943.989007,39,30,0,1342.872783009232,42,0,0.28156
55021,880,C_region_q2,16,16,16,5592.11,139,16,1,4681.110081,13,0,0,nan,88,0,0.329162
55021,880,Cplus_completion_coobserve,16,16,16,4640.486,142,16,1,3711.485813,16,7,0,nan,88,0,0.301541
55021,880,F_coverage_integrated,16,16,16,4356.503,112,16,1,3607.502564,39,24,8,2194.7291730087613,58,0,1.256069
55021,880,G_rolling_coverage,16,16,16,4373.709,115,16,1,3607.709309,42,27,8,2194.7291730087613,58,0,1.191001
55021,880,I_ring_optimized,16,16,16,4348.63,116,16,1,3581.630421,43,27,8,2113.6312082173076,59,0,1.250702
55021,880,J_ring7_1000,16,16,16,3824.503,117,16,1,3049.502574,57,39,8,1669.029190908219,46,0,2.027405
55021,880,Jplus_final,16,16,16,3858.221,97,16,1,3203.221387,37,25,0,1395.540774696328,44,0,0.288182
55021,881,C_region_q2,12,12,12,4856.192,138,12,1,3970.192166,10,0,0,nan,99,0,0.36688
55021,881,Cplus_completion_coobserve,12,12,12,4555.074,137,12,1,3674.073864,9,2,0,nan,99,0,0.246528
55021,881,F_coverage_integrated,12,12,12,4582.672,112,12,1,3856.671842,27,14,6,2274.066466467728,73,0,1.380916
55021,881,G_rolling_coverage,12,12,12,4582.672,112,12,1,3856.671842,27,14,6,2274.066466467728,73,0,1.342512
55021,881,I_ring_optimized,12,12,12,4481.948,115,12,1,3737.948086,30,15,8,2157.0913364568887,73,0,0.742391
55021,881,J_ring7_1000,12,12,12,4378.579,123,12,1,3589.579267,26,10,8,2060.959678608197,85,0,0.983985
55021,881,Jplus_final,12,12,12,4045.41,121,12,1,3264.410216,26,17,0,1941.323337625984,83,0,0.240754
55021,882,C_region_q2,16,16,16,4996.23,123,16,1,4181.229663,16,0,0,nan,72,0,0.465438
55021,882,Cplus_completion_coobserve,16,16,16,4364.96,129,16,1,3515.959785,22,11,0,nan,72,0,0.389445
55021,882,F_coverage_integrated,16,16,16,3914.532,96,16,1,3265.531595,50,27,8,1270.1009004035507,31,0,1.154254
55021,882,G_rolling_coverage,16,16,16,4025.877,102,16,1,3341.876978,56,31,8,1270.1009004035507,31,0,1.26913
55021,882,I_ring_optimized,16,16,16,4277.243,106,16,1,3567.242762,46,30,8,1781.9047619483922,45,0,0.977996
55021,882,J_ring7_1000,16,16,16,4277.09,115,16,1,3510.089505,48,32,8,1943.4097417528988,51,0,1.795312
55021,882,Jplus_final,16,16,16,3935.824,102,16,1,3252.824275,35,28,0,1595.3546365324012,51,0,0.272599
55021,883,C_region_q2,12,12,12,4253.077,135,12,1,3384.077436,9,0,0,nan,96,0,0.314008
55021,883,Cplus_completion_coobserve,12,12,12,4107.488,138,12,1,3221.487643,12,4,0,nan,96,0,0.258753
55021,883,F_coverage_integrated,12,12,12,3914.911,113,12,1,3180.910884,28,16,8,2293.8494343515063,73,0,1.22324
55021,883,G_rolling_coverage,12,12,12,3938.412,114,12,1,3199.412245,29,18,8,2293.8494343515063,73,0,1.268665
55021,883,I_ring_optimized,12,12,12,3731.923,111,12,1,3009.922803,26,15,8,2204.6581119780026,74,0,1.175608
55021,883,J_ring7_1000,12,12,12,3475.617,117,12,1,2715.617331,30,19,8,2065.0600474393914,75,0,1.609605
55021,883,Jplus_final,12,12,12,3743.298,111,12,1,3021.297753,24,20,0,1870.3209738821395,75,0,0.238257
55021,884,C_region_q2,12,12,12,5143.176,148,12,1,4197.175586,12,0,0,nan,114,0,0.388592
55021,884,Cplus_completion_coobserve,12,12,12,4466.345,154,12,1,3489.34532,18,7,0,nan,114,0,0.323562
55021,884,F_coverage_integrated,12,12,12,4312.481,130,12,1,3479.480518,26,12,6,2261.9497441492335,92,0,1.000629
55021,884,G_rolling_coverage,12,12,12,4277.927,130,12,1,3444.926956,26,15,6,2261.9497441492335,92,0,0.924124
55021,884,I_ring_optimized,12,12,12,4110.795,132,12,1,3267.794837,31,19,2,2061.560040997867,89,0,1.499813
55021,884,J_ring7_1000,12,12,12,4110.922,144,12,1,3193.921788,31,21,3,2043.628391478262,101,0,1.517649
55021,884,Jplus_final,12,12,12,4056.565,137,12,1,3180.565013,24,18,0,1972.3209738821397,101,0,0.223919
55021,885,C_region_q2,13,13,13,4731.703,135,13,1,3858.702786,9,0,0,nan,96,0,0.257027
55021,885,Cplus_completion_coobserve,13,13,13,4198.933,138,13,1,3307.93325,12,4,0,nan,96,0,0.141604
55021,885,F_coverage_integrated,13,13,13,4008.005,107,13,1,3303.004913,27,14,8,2208.7502046946875,67,0,0.71035
55021,885,G_rolling_coverage,13,13,13,4010.399,108,13,1,3300.398503,28,16,8,2208.7502046946875,67,0,0.632558
55021,885,I_ring_optimized,13,13,13,3845.063,110,13,1,3126.063046,32,19,8,2145.74641219912,65,0,0.705065
55021,885,J_ring7_1000,13,13,13,3915.53,122,13,1,3123.530489,36,23,7,2064.907179529131,73,0,1.223955
55021,885,Jplus_final,13,13,13,3645.134,110,13,1,2922.133518,24,19,0,1902.4233690989486,73,0,0.218145
55021,886,C_region_q2,15,15,15,5334.898,138,15,1,4434.898453,15,0,0,nan,89,0,0.488591
55021,886,Cplus_completion_coobserve,15,15,15,4321.893,139,15,1,3414.893405,16,9,0,nan,89,0,0.299846
55021,886,F_coverage_integrated,15,15,15,4434.346,113,15,1,3684.345651,33,20,8,2327.945216134036,66,0,0.832778
55021,886,G_rolling_coverage,15,15,15,4441.173,117,15,1,3667.173334,37,25,8,2327.945216134036,66,0,0.804795
55021,886,I_ring_optimized,15,15,15,4046.029,119,15,1,3259.029369,39,27,8,2108.6670637823618,66,0,0.843634
55021,886,J_ring7_1000,15,15,15,4021.522,129,15,1,3175.521834,44,30,7,2104.176329361397,70,0,1.429336
55021,886,Jplus_final,15,15,15,4049.173,123,15,1,3241.173018,38,31,0,1872.246011360557,70,0,0.240785
55021,887,C_region_q2,10,10,10,4353.972,137,10,1,3483.971642,10,0,0,nan,103,0,0.362858
55021,887,Cplus_completion_coobserve,10,10,10,3955.887,139,10,1,3075.886852,12,5,0,nan,103,0,0.198532
55021,887,F_coverage_integrated,10,10,10,3502.788,116,10,1,2762.787758,27,15,8,2240.9392524787922,80,0,0.631062
55021,887,G_rolling_coverage,10,10,10,3492.614,115,10,1,2757.614479,26,15,8,2240.9392524787922,79,0,0.622807
55021,887,I_ring_optimized,10,10,10,3407.154,115,10,1,2671.153536,26,16,8,2111.738532566542,79,0,0.851066
55021,887,J_ring7_1000,10,10,10,3388.153,124,10,1,2598.153372,25,12,8,2103.0621238017634,89,0,0.685153
55021,887,Jplus_final,10,10,10,3147.624,118,10,1,2393.624365,19,14,0,1935.5991814833983,90,0,0.161316
55021,888,C_region_q2,15,15,15,5131.429,143,15,1,4202.428745,15,0,0,nan,93,0,0.377091
55021,888,Cplus_completion_coobserve,15,15,15,4649.585,143,15,1,3719.584683,15,7,0,nan,93,0,0.201835
55021,888,F_coverage_integrated,15,15,15,4195.116,110,15,1,3466.115614,40,26,8,2255.763558641453,55,0,1.465148
55021,888,G_rolling_coverage,15,15,15,4185.795,113,15,1,3440.794846,43,31,8,2255.763558641453,55,0,1.417396
55021,888,I_ring_optimized,15,15,15,3824.154,102,15,1,3142.154019,32,22,8,2052.921127921416,56,0,1.100492
55021,888,J_ring7_1000,15,15,15,3809.102,118,15,1,3028.101786,36,26,8,2029.8470410824289,67,0,1.29569
55021,888,Jplus_final,15,15,15,3653.504,109,15,1,2927.503742,27,26,0,1893.287366149401,67,0,0.111728
55021,889,C_region_q2,10,10,10,4242.533,139,10,1,3359.532645,6,0,0,nan,110,0,0.168588
55021,889,Cplus_completion_coobserve,10,10,10,3748.125,142,10,1,2850.124508,9,2,0,nan,110,0,0.16337
55021,889,F_coverage_integrated,10,10,10,3569.592,116,10,1,2827.591734,23,13,7,2347.1369422912876,85,0,0.665806
55021,889,G_rolling_coverage,10,10,10,3538.519,116,10,1,2796.519292,23,14,7,2347.1369422912876,85,0,0.558121
55021,889,I_ring_optimized,10,10,10,3523.265,120,10,1,2754.265068,21,14,5,2281.9298875253075,89,0,0.622055
55021,889,J_ring7_1000,10,10,10,3413.168,137,10,1,2543.167675,27,22,3,2164.748639546008,100,0,0.820889
55021,889,Jplus_final,10,10,10,3336.077,130,10,1,2508.076758,20,17,0,2067.618538768523,100,0,0.087414
55021,890,C_region_q2,12,12,12,4673.999,141,12,1,3768.998833,11,0,0,nan,105,0,0.344394
55021,890,Cplus_completion_coobserve,12,12,12,4300.44,147,12,1,3360.440293,17,9,0,nan,105,0,0.177157
55021,890,F_coverage_integrated,12,12,12,3799.47,112,12,1,3074.470233,26,12,8,2292.5523224118688,75,0,1.039151
55021,890,G_rolling_coverage,12,12,12,3802.081,112,12,1,3077.08052,26,13,8,2292.5523224118688,75,0,0.967818
55021,890,I_ring_optimized,12,12,12,3674.308,113,12,1,2941.308209,27,14,8,2182.678273850801,75,0,0.857835
55021,890,J_ring7_1000,12,12,12,3845.917,132,12,1,2997.916715,31,21,8,2157.3883830637983,91,0,0.823044
55021,890,Jplus_final,12,12,12,3664.574,119,12,1,2894.5735,24,21,0,1906.3209738821395,83,0,0.148957
55021,891,C_region_q2,14,14,14,5323.595,142,14,1,4404.595121,14,0,0,nan,96,0,0.326528
55021,891,Cplus_completion_coobserve,14,14,14,4434.41,143,14,1,3507.410129,15,8,0,nan,96,0,0.177491
55021,891,F_coverage_integrated,14,14,14,4069.512,110,14,1,3342.511885,33,19,8,2232.9185913746483,64,0,0.848735
55021,891,G_rolling_coverage,14,14,14,4068.823,110,14,1,3340.823312,33,21,8,2232.9185913746483,64,0,0.772505
55021,891,I_ring_optimized,14,14,14,3758.13,109,14,1,3037.129886,32,20,8,2124.3747818319252,64,0,0.91476
55021,891,J_ring7_1000,14,14,14,3800.805,116,14,1,3041.80515,33,19,8,2015.6564600228085,70,0,0.978859
55021,891,Jplus_final,14,14,14,3931.112,110,14,1,3205.112183,28,24,0,1865.6874634543133,68,0,0.131402
55021,892,C_region_q2,10,10,10,3824.053,134,10,1,2971.052726,6,0,0,nan,101,0,0.176558
55021,892,Cplus_completion_coobserve,10,10,10,3683.653,134,10,1,2830.652688,6,2,0,nan,101,0,0.11091
55021,892,F_coverage_integrated,10,10,10,4042.051,119,10,1,3283.050806,27,18,6,2321.578302902874,83,0,0.722215
55021,892,G_rolling_coverage,10,10,10,3812.15,120,10,1,3048.150244,28,19,6,2321.578302902874,83,0,0.736672
55021,892,I_ring_optimized,10,10,10,3657.68,125,10,1,2860.679769,34,22,8,2236.0971102974027,82,0,1.182761
55021,892,J_ring7_1000,10,10,10,3199.936,121,10,1,2427.936308,25,16,7,2095.012599721442,86,0,0.967326
55021,892,Jplus_final,10,10,10,3519.589,129,10,1,2701.589344,24,22,0,2021.599080604329,95,0,0.118613
55021,893,C_region_q2,11,11,11,4217.957,142,11,1,3311.956908,10,0,0,nan,104,0,0.294209
55021,893,Cplus_completion_coobserve,11,11,11,3977.645,147,11,1,3044.644682,15,7,0,nan,104,0,0.207075
55021,893,F_coverage_integrated,11,11,11,3562.87,110,11,1,2853.870133,25,14,7,2265.835631379915,74,0,0.845581
55021,893,G_rolling_coverage,11,11,11,3567.87,111,11,1,2853.870133,26,15,7,2265.835631379915,74,0,0.862623
55021,893,I_ring_optimized,11,11,11,3491.515,113,11,1,2764.514656,28,17,7,2140.8813926541857,75,0,1.049822
55021,893,J_ring7_1000,11,11,11,3483.157,128,11,1,2667.157093,33,20,8,2242.2098921599168,84,0,1.251687
55021,893,Jplus_final,11,11,11,3623.775,119,11,1,2857.775168,24,22,0,1912.3209738821395,84,0,0.100144
55021,894,C_region_q2,14,14,14,4768.643,138,14,1,3871.643243,13,0,0,nan,95,0,0.386641
55021,894,Cplus_completion_coobserve,14,14,14,4305.893,139,14,1,3402.893326,14,6,0,nan,95,0,0.211195
55021,894,F_coverage_integrated,14,14,14,4472.683,111,14,1,3740.683341,34,19,8,2235.6074635234263,64,0,1.220164
55021,894,G_rolling_coverage,14,14,14,4153.803,110,14,1,3426.803193,33,21,8,2235.6074635234263,64,0,1.248332
55021,894,I_ring_optimized,14,14,14,4101.826,110,14,1,3373.826044,33,19,8,2076.4278428351568,65,0,0.6157
55021,894,J_ring7_1000,14,14,14,4007.081,128,14,1,3173.080684,44,30,8,2040.1380212931713,72,0,1.599971
55021,894,Jplus_final,14,14,14,3835.87,111,14,1,3103.870443,27,22,0,1867.1858461134,70,0,0.164484
55021,895,C_region_q2,12,12,12,5286.299,145,12,1,4362.29912,15,0,0,nan,103,0,0.4461
55021,895,Cplus_completion_coobserve,12,12,12,4625.168,149,12,1,3676.16788,19,8,0,nan,103,0,0.262481
55021,895,F_coverage_integrated,12,12,12,4304.061,123,12,1,3513.060658,34,16,8,2295.1882574038964,79,0,1.085622
55021,895,G_rolling_coverage,12,12,12,4304.061,123,12,1,3513.060658,34,16,8,2295.1882574038964,79,0,0.9783
55021,895,I_ring_optimized,12,12,12,3975.906,130,12,1,3138.906074,41,25,8,2171.4903597301277,79,0,1.540784
55021,895,J_ring7_1000,12,12,12,4021.076,135,12,1,3158.076143,36,19,8,2076.2438275709455,89,0,1.528912
55021,895,Jplus_final,12,12,12,3983.745,127,12,1,3167.745003,28,20,0,1978.3108874464951,87,0,0.164916
55021,896,C_region_q2,11,11,11,5088.84,142,11,1,4184.839679,12,0,0,nan,105,0,0.351837
55021,896,Cplus_completion_coobserve,11,11,11,4516.449,144,11,1,3600.448736,14,4,0,nan,105,0,0.269209
55021,896,F_coverage_integrated,11,11,11,3775.421,120,11,1,3006.421094,25,11,8,2326.2957189955205,84,0,0.821352
55021,896,G_rolling_coverage,11,11,11,3771.353,120,11,1,3002.353484,25,13,8,2326.2957189955205,84,0,0.826585
55021,896,I_ring_optimized,11,11,11,3749.315,124,11,1,2960.315039,29,16,7,2148.741174800775,84,0,0.962508
55021,896,J_ring7_1000,11,11,11,3737.655,127,11,1,2923.655035,26,18,6,2050.2046931856516,90,0,1.203282
55021,896,Jplus_final,11,11,11,3702.52,125,11,1,2899.519816,18,16,0,1960.3209738821397,96,0,0.121764
55021,897,C_region_q2,12,12,12,5143.89,148,12,1,4198.8896,14,0,0,nan,108,0,0.383592
55021,897,Cplus_completion_coobserve,12,12,12,4557.47,150,12,1,3600.469848,16,5,0,nan,108,0,0.2408
55021,897,F_coverage_integrated,12,12,12,4827.128,117,12,1,4070.12772,29,12,8,2219.2224087935783,77,0,0.664953
55021,897,G_rolling_coverage,12,12,12,4348.129,118,12,1,3586.129385,30,16,8,2219.2224087935783,77,0,0.65811
55021,897,I_ring_optimized,12,12,12,4275.465,117,12,1,3519.464931,29,14,8,2075.6836227421886,77,0,0.743646
55021,897,J_ring7_1000,12,12,12,3917.134,124,12,1,3117.133897,26,16,8,2046.4792535221388,86,0,0.640582
55021,897,Jplus_final,12,12,12,3912.577,119,12,1,3139.577491,21,18,0,1918.3209738821395,86,0,0.138567
55021,898,C_region_q2,12,12,12,4857.567,142,12,1,3946.566526,12,0,0,nan,105,0,0.279156
55021,898,Cplus_completion_coobserve,12,12,12,4157.895,150,12,1,3202.894539,20,9,0,nan,105,0,0.331491
55021,898,F_coverage_integrated,12,12,12,3904.459,112,12,1,3179.458663,31,15,8,2175.4159294323254,70,0,1.062718
55021,898,G_rolling_coverage,12,12,12,4136.716,115,12,1,3396.715622,34,17,8,2175.4159294323254,70,0,1.318243
55021,898,I_ring_optimized,12,12,12,3712.321,109,12,1,3002.321225,28,15,8,1995.754295130615,70,0,0.908464
55021,898,J_ring7_1000,12,12,12,3693.076,126,12,1,2879.076496,36,24,8,2071.85442001906,80,0,0.882916
55021,898,Jplus_final,12,12,12,3526.974,113,12,1,2790.973712,23,20,0,1914.2816809026024,78,0,0.116388
55021,899,C_region_q2,15,15,15,6158.463,152,15,1,5176.462906,18,0,0,nan,101,0,0.48786
55021,899,Cplus_completion_coobserve,15,15,15,5483.169,157,15,1,4468.168871,23,11,0,nan,101,0,0.292746
55021,899,F_coverage_integrated,15,15,15,4480.768,116,15,1,3713.768279,37,20,8,2169.2639317365456,65,0,1.331614
55021,899,G_rolling_coverage,15,15,15,4454.275,114,15,1,3698.274986,35,20,8,2169.2639317365456,65,0,1.456797
55021,899,I_ring_optimized,15,15,15,4737.75,122,15,1,3936.74961,43,25,8,2155.928190995815,65,0,1.241524
55021,899,J_ring7_1000,15,15,15,4454.877,128,15,1,3618.877445,39,24,8,2068.530090162848,75,0,0.994435
55021,899,Jplus_final,15,15,15,4422.6,120,15,1,3633.599503,31,23,0,1882.3209738821397,74,0,0.325917
55021,900,C_region_q2,10,10,10,4572.748,143,10,1,3665.747504,8,0,0,nan,116,0,0.218854
55021,900,Cplus_completion_coobserve,10,10,10,4093.056,146,10,1,3171.055695,11,3,0,nan,116,0,0.177402
55021,900,F_coverage_integrated,10,10,10,4105.35,130,10,1,3279.350406,23,10,3,2205.3865456109156,97,0,0.997263
55021,900,G_rolling_coverage,10,10,10,4089.242,130,10,1,3263.242052,23,11,3,2205.3865456109156,97,0,0.874065
55021,900,I_ring_optimized,10,10,10,3742.137,126,10,1,2941.137135,24,14,6,2213.489472793465,93,0,0.722021
55021,900,J_ring7_1000,10,10,10,3531.04,128,10,1,2718.040368,23,12,5,2081.5476860497797,95,0,1.128323
55021,900,Jplus_final,10,10,10,3703.137,124,10,1,2915.137045,19,12,0,1930.9773106172788,95,0,0.226893
55021,901,C_region_q2,12,12,12,4633.16,137,12,1,3752.160074,10,0,0,nan,97,0,0.292291
55021,901,Cplus_completion_coobserve,12,12,12,4235.769,137,12,1,3354.769024,10,4,0,nan,97,0,0.180484
55021,901,F_coverage_integrated,12,12,12,3905.079,110,12,1,3189.078865,25,11,7,2210.218667371309,74,0,1.445416
55021,901,G_rolling_coverage,12,12,12,3850.148,110,12,1,3134.148357,25,13,7,2210.218667371309,74,0,1.220043
55021,901,I_ring_optimized,12,12,12,3825.598,114,12,1,3087.598236,29,15,8,2073.4382566720224,74,0,1.207605
55021,901,J_ring7_1000,12,12,12,3393.203,133,12,1,2539.20268,37,24,8,2138.966060880359,84,0,1.271103
55021,901,Jplus_final,12,12,12,3547.106,114,12,1,2808.105851,23,18,0,1881.3598152185564,79,0,0.153901
55021,902,C_region_q2,14,14,14,5322.16,143,14,1,4397.15955,16,0,0,nan,97,0,0.407587
55021,902,Cplus_completion_coobserve,14,14,14,4641.052,146,14,1,3699.052006,19,9,0,nan,97,0,0.194993
55021,902,F_coverage_integrated,14,14,14,4511.07,117,14,1,3744.069913,35,17,8,2128.7415011908533,69,0,0.534323
55021,902,G_rolling_coverage,14,14,14,4591.603,117,14,1,3822.60302,35,19,8,2128.7415011908533,69,0,0.517041
55021,902,I_ring_optimized,14,14,14,4472.642,115,14,1,3716.641597,33,16,8,2053.3203469696964,68,0,0.576584
55021,902,J_ring7_1000,14,14,14,3867.122,143,14,1,2946.121557,42,32,7,2058.6207757012244,87,0,1.647814
55021,902,Jplus_final,14,14,14,3754.315,130,14,1,2908.315173,34,30,0,1924.3209738821397,82,0,0.18265
55021,903,C_region_q2,13,13,13,5608.715,140,13,1,4706.714533,14,0,0,nan,99,0,0.376148
55021,903,Cplus_completion_coobserve,13,13,13,4381.154,139,13,1,3484.15443,13,7,0,nan,99,0,0.170919
55021,903,F_coverage_integrated,13,13,13,4058.71,108,13,1,3348.709682,23,10,6,2246.576584234815,72,0,0.673391
55021,903,G_rolling_coverage,13,13,13,4048.193,109,13,1,3333.19254,24,12,6,2246.576584234815,72,0,0.562369
55021,903,I_ring_optimized,13,13,13,4073.016,110,13,1,3352.015983,25,11,8,2145.050352630717,73,0,0.746266
55021,903,J_ring7_1000,13,13,13,3985.268,117,13,1,3220.26808,28,19,8,2091.8549814274083,76,0,1.061828
55021,903,Jplus_final,13,13,13,3812.099,114,13,1,3066.098852,22,19,0,1903.801417513985,79,0,0.135661
55021,904,C_region_q2,14,14,14,4412.126,138,14,1,3516.125967,12,0,0,nan,90,0,0.377759
55021,904,Cplus_completion_coobserve,14,14,14,4128.925,138,14,1,3232.924926,12,4,0,nan,90,0,0.199437
55021,904,F_coverage_integrated,14,14,14,4049.899,109,14,1,3330.89912,34,20,8,2357.6317753955473,61,0,1.543204
55021,904,G_rolling_coverage,14,14,14,4048.121,109,14,1,3329.121253,34,21,8,2357.6317753955473,61,0,1.495761
55021,904,I_ring_optimized,14,14,14,3820.912,112,14,1,3082.912036,37,25,8,2124.5999637460072,61,0,1.401842
55021,904,J_ring7_1000,14,14,14,4267.696,123,14,1,3463.695565,42,25,8,2069.250163306713,68,0,1.731943
55021,904,Jplus_final,14,14,14,3756.056,109,14,1,3037.055672,28,24,0,1925.0238462638679,67,0,0.168055
55021,905,C_region_q2,14,14,14,4575.635,134,14,1,3703.634709,14,0,0,nan,90,0,0.408355
55021,905,Cplus_completion_coobserve,14,14,14,4398.314,143,14,1,3475.313664,23,12,0,nan,90,0,0.275163
55021,905,F_coverage_integrated,14,14,14,4322.291,120,14,1,3540.290736,30,12,8,2248.306217897215,76,0,1.053659
55021,905,G_rolling_coverage,14,14,14,4128.808,120,14,1,3346.808111,30,14,8,2248.306217897215,76,0,1.032521
55021,905,I_ring_optimized,14,14,14,4136.188,122,14,1,3341.188077,32,15,8,2197.575278855914,76,0,0.806238
55021,905,J_ring7_1000,14,14,14,3694.305,117,14,1,2929.304833,34,21,8,1997.2440417569642,69,0,1.208579
55021,905,Jplus_final,14,14,14,3925.527,113,14,1,3183.527058,30,23,0,1829.9998298172063,69,0,0.154158
55021,906,C_region_q2,13,13,13,4880.736,139,13,1,3983.736375,12,0,0,nan,99,0,0.361673
55021,906,Cplus_completion_coobserve,13,13,13,4530.025,142,13,1,3618.025039,15,5,0,nan,99,0,0.242173
55021,906,F_coverage_integrated,13,13,13,4302.829,128,13,1,3472.829416,37,22,8,2309.2005856685582,78,0,1.249963
55021,906,G_rolling_coverage,13,13,13,4313.099,130,13,1,3473.099421,39,24,8,2309.2005856685582,78,0,1.179746
55021,906,I_ring_optimized,13,13,13,4349.067,125,13,1,3537.066566,34,23,6,2152.781125390239,78,0,1.271244
55021,906,J_ring7_1000,13,13,13,3934.037,130,13,1,3097.036809,39,23,8,2050.1531013786625,78,0,0.969651
55021,906,Jplus_final,13,13,13,3790.502,115,13,1,3039.502337,24,17,0,1864.3209738821397,78,0,0.180113
55021,907,C_region_q2,15,15,15,4997.666,141,15,1,4078.66567,14,0,0,nan,94,0,0.47035
55021,907,Cplus_completion_coobserve,15,15,15,4644.039,147,15,1,3691.038808,20,9,0,nan,94,0,0.275753
55021,907,F_coverage_integrated,15,15,15,4143.911,99,15,1,3478.910741,34,18,8,2065.6438507062435,50,0,0.758056
55021,907,G_rolling_coverage,15,15,15,4195.327,99,15,1,3531.327198,34,21,8,2065.6438507062435,50,0,0.64047
55021,907,I_ring_optimized,15,15,15,4263.437,105,15,1,3568.437075,40,21,8,1944.427508276329,52,0,0.792431
55021,907,J_ring7_1000,15,15,15,3660.777,109,15,1,2936.77671,41,28,8,1953.4863456409744,55,0,1.135732
55021,907,Jplus_final,15,15,15,3753.381,93,15,1,3124.380633,25,22,0,1776.1284540504278,53,0,0.120575
55021,908,C_region_q2,11,11,11,4480.043,135,11,1,3616.043333,8,0,0,nan,100,0,0.27393
55021,908,Cplus_completion_coobserve,11,11,11,4150.309,138,11,1,3271.308739,11,3,0,nan,100,0,0.221848
55021,908,F_coverage_integrated,11,11,11,3879.472,119,11,1,3112.471836,29,17,8,2291.082625506764,80,0,1.565421
55021,908,G_rolling_coverage,11,11,11,3873.547,119,11,1,3106.54709,29,18,8,2291.082625506764,80,0,1.515583
55021,908,I_ring_optimized,11,11,11,3739.581,118,11,1,2980.580922,28,16,8,2159.743709455561,80,0,1.381931
55021,908,J_ring7_1000,11,11,11,3565.945,130,11,1,2734.945451,31,19,6,2089.3374840751876,88,0,1.743547
55021,908,Jplus_final,11,11,11,3744.398,120,11,1,2973.397967,21,16,0,1937.2488915276642,88,0,0.109414
55021,909,C_region_q2,16,16,16,5967.34,136,16,1,5075.340146,17,0,0,nan,85,0,0.512947
55021,909,Cplus_completion_coobserve,16,16,16,4575.485,140,16,1,3660.484706,21,10,0,nan,85,0,0.381217
55021,909,F_coverage_integrated,16,16,16,4183.338,107,16,1,3468.33765,40,21,8,1926.1107671225552,52,0,1.328643
55021,909,G_rolling_coverage,16,16,16,4161.299,108,16,1,3441.299336,41,25,8,1926.1107671225552,52,0,1.23656
55021,909,I_ring_optimized,16,16,16,4110.782,112,16,1,3368.782307,46,29,8,1818.799814493278,51,0,1.160304
55021,909,J_ring7_1000,16,16,16,4554.768,121,16,1,3757.768025,39,18,8,1915.22264603857,67,0,1.097654
55021,909,Jplus_final,16,16,16,4236.845,110,16,1,3501.844769,28,19,0,1846.0213431573802,66,0,0.237526
55021,910,C_region_q2,10,10,10,4717.178,138,10,1,3841.177927,10,0,0,nan,103,0,0.321168
55021,910,Cplus_completion_coobserve,10,10,10,4057.176,142,10,1,3160.176383,14,6,0,nan,103,0,0.276877
55021,910,F_coverage_integrated,10,10,10,3984.495,118,10,1,3230.494581,24,11,8,2310.783311052279,84,0,0.513479
55021,910,G_rolling_coverage,10,10,10,3982.918,118,10,1,3228.918135,24,12,8,2310.783311052279,84,0,0.452984
55021,910,I_ring_optimized,10,10,10,3887.643,120,10,1,3119.6427,26,14,8,2199.188988471985,85,0,0.552182
55021,910,J_ring7_1000,10,10,10,3582.532,130,10,1,2755.531964,26,16,7,2164.169140890568,94,0,1.166825
55021,910,Jplus_final,10,10,10,3747.912,126,10,1,2945.912023,21,17,0,2001.4913445447232,95,0,0.142708
55021,911,C_region_q2,13,13,13,4706.491,131,13,1,3856.491166,11,0,0,nan,87,0,0.461503
55021,911,Cplus_completion_coobserve,13,13,13,4266.305,133,13,1,3406.305076,13,6,0,nan,87,0,0.203848
55021,911,F_coverage_integrated,13,13,13,3942.684,110,13,1,3220.68403,33,21,7,2353.6967746502464,64,0,1.552235
55021,911,G_rolling_coverage,13,13,13,3944.921,110,13,1,3222.920686,33,22,7,2353.6967746502464,64,0,1.537552
55021,911,I_ring_optimized,13,13,13,3768.873,112,13,1,3033.873265,35,24,8,2213.788506696461,64,0,1.137794
55021,911,J_ring7_1000,13,13,13,3826.102,118,13,1,3057.102187,32,20,8,2030.3794431257759,73,0,1.236436
55021,911,Jplus_final,13,13,13,3998.717,107,13,1,3297.716842,22,14,0,1873.4933231716275,74,0,0.101297
55021,912,C_region_q2,14,14,14,5691.753,143,14,1,4766.753047,14,0,0,nan,100,0,0.369271
55021,912,Cplus_completion_coobserve,14,14,14,5063.464,149,14,1,4102.464184,20,6,0,nan,100,0,0.33714
55021,912,F_coverage_integrated,14,14,14,4548.162,119,14,1,3772.161514,40,20,8,2138.5002613267343,66,0,1.245159
55021,912,G_rolling_coverage,14,14,14,4543.755,119,14,1,3767.755429,40,22,8,2138.5002613267343,66,0,1.200624
55021,912,I_ring_optimized,14,14,14,4307.186,116,14,1,3547.185888,38,24,8,2163.168314152933,65,0,1.237045
55021,912,J_ring7_1000,14,14,14,4330.789,130,14,1,3487.789116,40,23,8,2075.1020883180827,78,0,2.009695
55021,912,Jplus_final,14,14,14,3953.566,115,14,1,3198.565997,25,20,0,1946.4239881625747,76,0,0.216994
55021,913,C_region_q2,14,14,14,5021.8,143,14,1,4094.799585,12,0,0,nan,101,0,0.305107
55021,913,Cplus_completion_coobserve,14,14,14,4164.86,147,14,1,3214.859595,16,8,0,nan,101,0,0.213249
55021,913,F_coverage_integrated,14,14,14,4027.95,123,14,1,3224.949921,39,24,8,2263.4919047531785,71,0,0.832624
55021,913,G_rolling_coverage,14,14,14,4007.074,125,14,1,3196.073721,41,31,8,2263.4919047531785,71,0,0.729093
55021,913,I_ring_optimized,14,14,14,3841.445,121,14,1,3051.445222,37,26,8,2120.048842849445,71,0,0.77514
55021,913,J_ring7_1000,14,14,14,3854.997,128,14,1,3022.99728,39,27,8,2017.2611524910203,76,0,0.828128
55021,913,Jplus_final,14,14,14,3746.599,121,14,1,2954.59913,32,27,0,1882.3209738821397,75,0,0.20316
55021,914,C_region_q2,14,14,14,4623.512,143,14,1,3696.511772,13,0,0,nan,99,0,0.426917
55021,914,Cplus_completion_coobserve,14,14,14,4097.844,150,14,1,3129.843759,20,10,0,nan,99,0,0.240161
55021,914,F_coverage_integrated,14,14,14,3899.869,104,14,1,3208.868679,30,15,8,2189.177130896457,60,0,0.843946
55021,914,G_rolling_coverage,14,14,14,3892.137,105,14,1,3196.136563,31,17,8,2189.177130896457,60,0,0.833647
55021,914,I_ring_optimized,14,14,14,3799.76,105,14,1,3106.75996,31,17,8,2076.2243597458623,60,0,0.688084
55021,914,J_ring7_1000,14,14,14,3630.89,110,14,1,2904.889746,35,24,8,1948.1978618636067,61,0,0.704253
55021,914,Jplus_final,14,14,14,3581.958,117,14,1,2813.958469,28,25,0,1864.3209738821395,75,0,0.134923
55021,915,C_region_q2,12,12,12,4764.257,139,12,1,3873.257107,12,0,0,nan,103,0,0.31554
55021,915,Cplus_completion_coobserve,12,12,12,4412.184,145,12,1,3487.184241,18,8,0,nan,103,0,0.278342
55021,915,F_coverage_integrated,12,12,12,4953.177,128,12,1,4130.176621,30,15,5,2205.7080775885634,86,0,0.506269
55021,915,G_rolling_coverage,12,12,12,4524.34,127,12,1,3710.339563,29,16,5,2205.7080775885634,86,0,0.509118
55021,915,I_ring_optimized,12,12,12,4329.375,128,12,1,3509.37543,30,17,5,2098.724370907482,86,0,0.462709
55021,915,J_ring7_1000,12,12,12,4001.207,146,12,1,3073.207329,37,20,8,2182.6991174531386,97,0,1.091714
55021,915,Jplus_final,12,12,12,3914.06,133,12,1,3060.059618,24,18,0,1971.8735995915263,97,0,0.225639
55021,916,C_region_q2,12,12,12,4954.151,141,12,1,4051.15106,12,0,0,nan,103,0,0.313192
55021,916,Cplus_completion_coobserve,12,12,12,4686.879,143,12,1,3769.879419,14,6,0,nan,103,0,0.183259
55021,916,F_coverage_integrated,12,12,12,4319.925,117,12,1,3566.9246,28,9,8,2322.7981198810985,79,0,1.62887
55021,916,G_rolling_coverage,12,12,12,4318.811,117,12,1,3565.811043,28,10,8,2322.7981198810985,79,0,1.66713
55021,916,I_ring_optimized,12,12,12,4353.212,116,12,1,3602.212499,27,13,7,2126.8925571807235,77,0,1.573289
55021,916,J_ring7_1000,12,12,12,3803.504,129,12,1,2974.504142,31,18,8,2015.6623913271071,88,0,1.068285
55021,916,Jplus_final,12,12,12,3863.091,122,12,1,3075.090711,23,19,0,1924.3209738821395,87,0,0.155777
55021,917,C_region_q2,10,10,10,4504.955,147,10,1,3573.95452,10,0,0,nan,116,0,0.400231
55021,917,Cplus_completion_coobserve,10,10,10,4388.724,150,10,1,3442.724216,13,3,0,nan,117,0,0.261856
55021,917,F_coverage_integrated,10,10,10,4373.854,126,10,1,3570.854225,26,15,7,2280.902141078553,90,0,1.385759
55021,917,G_rolling_coverage,10,10,10,4376.7,127,10,1,3568.699518,27,16,7,2280.902141078553,90,0,1.483415
55021,917,I_ring_optimized,10,10,10,4162.501,118,10,1,3407.500733,18,11,4,2061.998439737603,91,0,1.395479
55021,917,J_ring7_1000,10,10,10,4137.758,142,10,1,3240.75766,32,19,5,2134.4932963639835,102,0,2.209061
55021,917,Jplus_final,10,10,10,4003.253,133,10,1,3158.253161,23,17,0,2004.4977723140769,100,0,0.236912
55021,918,C_region_q2,16,16,16,5170.359,136,16,1,4275.359363,12,0,0,nan,88,0,0.379962
55021,918,Cplus_completion_coobserve,16,16,16,4500.249,144,16,1,3559.248876,20,10,0,nan,88,0,0.280733
55021,918,F_coverage_integrated,16,16,16,4160.129,97,16,1,3501.128711,27,13,8,2203.9358212610823,54,0,0.751505
55021,918,G_rolling_coverage,16,16,16,4157.758,97,16,1,3498.75823,27,15,8,2203.9358212610823,54,0,0.804549
55021,918,I_ring_optimized,16,16,16,3572.978,102,16,1,2883.97761,37,26,5,1847.330151511783,51,0,0.880301
55021,918,J_ring7_1000,16,16,16,3615.337,104,16,1,2916.336526,43,30,7,1538.498522043207,45,0,1.816886
55021,918,Jplus_final,16,16,16,3408.976,91,16,1,2784.976274,30,25,0,1443.9709610947916,45,0,0.193685
55021,919,C_region_q2,15,15,15,5387.933,134,15,1,4510.932677,14,0,0,nan,86,0,0.330847
55021,919,Cplus_completion_coobserve,15,15,15,4901.2,140,15,1,3992.200451,20,8,0,nan,86,0,0.231612
55021,919,F_coverage_integrated,15,15,15,5050.41,104,15,1,4359.410466,34,16,7,2163.1792894613213,55,0,0.823224
55021,919,G_rolling_coverage,15,15,15,4357.663,104,15,1,3665.662992,34,20,7,2163.1792894613213,55,0,0.886604
55021,919,I_ring_optimized,15,15,15,4352.942,107,15,1,3641.942016,37,22,4,1972.4493364257848,55,0,0.823101
55021,919,J_ring7_1000,15,15,15,3945.74,108,15,1,3225.740212,35,24,8,2028.341074653636,58,0,0.988676
55021,919,Jplus_final,15,15,15,4060.225,106,15,1,3354.225311,30,26,0,1833.3607286460885,61,0,0.243656
55021,920,C_region_q2,15,15,15,5191.626,142,15,1,4265.62611,13,0,0,nan,93,0,0.546016
55021,920,Cplus_completion_coobserve,15,15,15,4438.005,144,15,1,3501.005015,15,7,0,nan,93,0,0.331157
55021,920,F_coverage_integrated,15,15,15,4235.583,105,15,1,3534.583023,37,22,8,2160.1814031140775,53,0,1.102777
55021,920,G_rolling_coverage,15,15,15,4233.907,105,15,1,3532.906818,37,23,8,2160.1814031140775,53,0,1.082936
55021,920,I_ring_optimized,15,15,15,3997.032,109,15,1,3271.031645,41,27,8,2072.1307919710457,55,0,1.253357
55021,920,J_ring7_1000,15,15,15,3725.893,111,15,1,2988.893207,37,24,8,1971.0911638039713,59,0,1.678081
55021,920,Jplus_final,15,15,15,3761.173,106,15,1,3054.173409,32,24,0,1837.2853810894142,59,0,0.303828
55021,921,C_region_q2,13,13,13,4334.2,128,13,1,3502.200296,10,0,0,nan,85,0,0.28765
55021,921,Cplus_completion_coobserve,13,13,13,4016.819,129,13,1,3178.818501,11,4,0,nan,85,0,0.161591
55021,921,F_coverage_integrated,13,13,13,3927.652,105,13,1,3234.652312,29,16,8,2210.9166152829957,64,0,0.72818
55021,921,G_rolling_coverage,13,13,13,3942.805,108,13,1,3232.804852,32,20,8,2210.9166152829957,64,0,0.72125
55021,921,I_ring_optimized,13,13,13,3980.968,106,13,1,3284.968406,30,16,8,2138.5772645589095,64,0,0.817113
55021,921,J_ring7_1000,13,13,13,3626.85,117,13,1,2863.85001,31,20,8,2066.769730055181,73,0,1.265997
55021,921,Jplus_final,13,13,13,3511.635,109,13,1,2795.635436,23,20,0,1945.990250250771,73,0,0.137859
55021,922,C_region_q2,10,10,10,4543.646,140,10,1,3655.645866,10,0,0,nan,109,0,0.30386
55021,922,Cplus_completion_coobserve,10,10,10,3838.509,142,10,1,2939.508744,12,5,0,nan,109,0,0.142484
55021,922,F_coverage_integrated,10,10,10,3849.281,131,10,1,3017.281424,26,15,7,2318.1283891508247,95,0,1.072291
55021,922,G_rolling_coverage,10,10,10,3832.611,130,10,1,3005.610923,25,16,7,2318.1283891508247,95,0,1.024485
55021,922,I_ring_optimized,10,10,10,3798.327,130,10,1,2972.326692,25,15,8,2287.805148227543,95,0,0.713472
55021,922,J_ring7_1000,10,10,10,3651.746,147,10,1,2722.745881,28,20,6,2141.5841916643158,109,0,1.076132
55021,922,Jplus_final,10,10,10,3604.367,142,10,1,2704.367071,23,20,0,2059.0636146100073,109,0,0.109481
55021,923,C_region_q2,14,14,14,5075.524,138,14,1,4178.524367,13,0,0,nan,95,0,0.414764
55021,923,Cplus_completion_coobserve,14,14,14,4257.771,142,14,1,3338.771154,17,8,0,nan,95,0,0.291881
55021,923,F_coverage_integrated,14,14,14,4143.137,120,14,1,3356.137124,36,23,6,2172.230076706769,70,0,0.855969
55021,923,G_rolling_coverage,14,14,14,4120.468,118,14,1,3344.467982,34,23,6,2172.230076706769,70,0,0.852064
55021,923,I_ring_optimized,14,14,14,4027.04,121,14,1,3235.040161,36,24,8,2201.7798705106256,72,0,0.565175
55021,923,J_ring7_1000,14,14,14,4132.436,127,14,1,3305.436181,45,28,8,2045.4529195393202,68,0,1.017462
55021,923,Jplus_final,14,14,14,3906.408,115,14,1,3153.408428,33,26,0,1868.1436421918745,68,0,0.184564
55021,924,C_region_q2,12,12,12,4990.628,145,12,1,4066.627954,14,0,0,nan,103,0,0.354641
55021,924,Cplus_completion_coobserve,12,12,12,4663.189,146,12,1,3728.189361,15,7,0,nan,103,0,0.229718
55021,924,F_coverage_integrated,12,12,12,4332.172,120,12,1,3555.171723,34,19,8,2252.8394691332655,76,0,1.191634
55021,924,G_rolling_coverage,12,12,12,4332.172,120,12,1,3555.171723,34,19,8,2252.8394691332655,76,0,1.143907
55021,924,I_ring_optimized,12,12,12,4029.86,115,12,1,3282.859979,29,18,8,2195.9996667090745,76,0,0.988894
55021,924,J_ring7_1000,12,12,12,3707.569,123,12,1,2910.569149,28,18,8,2051.028205884203,84,0,0.830348
55021,924,Jplus_final,12,12,12,3599.829,116,12,1,2844.829041,21,19,0,1926.1490631768158,83,0,0.139425
55021,925,C_region_q2,12,12,12,4957.766,147,12,1,4018.766098,13,0,0,nan,107,0,0.350151
55021,925,Cplus_completion_coobserve,12,12,12,3905.758,150,12,1,2948.758389,16,8,0,nan,107,0,0.277534
55021,925,F_coverage_integrated,12,12,12,3794.572,127,12,1,2978.571615,33,21,8,2408.1898889988624,84,0,1.055272
55021,925,G_rolling_coverage,12,12,12,3775.7,126,12,1,2965.699725,32,22,8,2408.1898889988624,84,0,0.948729
55021,925,I_ring_optimized,12,12,12,3532.289,123,12,1,2740.289463,29,21,8,2157.929474299857,84,0,0.544091
55021,925,J_ring7_1000,12,12,12,3168.428,132,12,1,2321.42802,30,21,8,2133.5026029409228,93,0,0.544847
55021,925,Jplus_final,12,12,12,3429.165,125,12,1,2622.165312,23,22,0,1962.5659351168613,90,0,0.077559
55021,926,C_region_q2,12,12,12,5231.678,145,12,1,4307.67833,17,0,0,nan,103,0,0.427632
55021,926,Cplus_completion_coobserve,12,12,12,4285.138,150,12,1,3328.13822,22,11,0,nan,103,0,0.25547
55021,926,F_coverage_integrated,12,12,12,3698.903,117,12,1,2943.903167,35,21,8,2237.634563540547,71,0,2.137519
55021,926,G_rolling_coverage,12,12,12,3701.29,118,12,1,2941.290219,36,23,8,2237.634563540547,71,0,2.164797
55021,926,I_ring_optimized,12,12,12,3488.103,112,12,1,2762.102607,30,16,8,2194.253900841038,71,0,1.831732
55021,926,J_ring7_1000,12,12,12,3456.636,132,12,1,2606.63625,38,28,8,2115.2210534321403,83,0,1.304608
55021,926,Jplus_final,12,12,12,3349.094,119,12,1,2579.094239,25,21,0,1982.5808457590945,82,0,0.212369
55021,927,C_region_q2,12,12,12,5017.603,140,12,1,4119.602725,11,0,0,nan,103,0,0.362538
55021,927,Cplus_completion_coobserve,12,12,12,4290.33,140,12,1,3392.329954,11,4,0,nan,103,0,0.171008
55021,927,F_coverage_integrated,12,12,12,4365.631,118,12,1,3603.630535,33,18,8,2238.982439210599,75,0,1.344158
55021,927,G_rolling_coverage,12,12,12,4370.398,120,12,1,3597.398372,35,21,8,2238.982439210599,75,0,1.354543
55021,927,I_ring_optimized,12,12,12,3994.376,115,12,1,3248.375524,30,19,8,2103.628832417928,75,0,1.00382
55021,927,J_ring7_1000,12,12,12,3958.831,131,12,1,3118.830887,34,20,8,2098.160070023962,86,0,1.306047
55021,927,Jplus_final,12,12,12,3862.618,121,12,1,3082.618209,24,18,0,1910.6110311044251,85,0,0.189631
55021,928,C_region_q2,13,13,13,4834.849,137,13,1,3948.849197,11,0,0,nan,94,0,0.392226
55021,928,Cplus_completion_coobserve,13,13,13,4356.451,142,13,1,3442.451328,16,5,0,nan,94,0,0.259343
55021,928,F_coverage_integrated,13,13,13,4266.828,122,13,1,3470.827902,37,20,8,2209.345342566161,73,0,1.242023
55021,928,G_rolling_coverage,13,13,13,4265.929,123,13,1,3465.928879,38,23,8,2209.345342566161,73,0,1.273857
55021,928,I_ring_optimized,13,13,13,4088.318,117,13,1,3325.31807,32,20,7,2119.8046771600775,74,0,1.026224
55021,928,J_ring7_1000,13,13,13,3827.539,132,13,1,2975.539437,38,24,8,2079.7202830241954,82,0,1.65084
55021,928,Jplus_final,13,13,13,3753.477,121,13,1,2966.476599,27,21,0,1975.4797627100525,81,0,0.206414
55021,929,C_region_q2,16,16,16,5168.487,135,16,1,4281.486719,18,0,0,nan,83,0,0.546644
55021,929,Cplus_completion_coobserve,16,16,16,3702.139,141,16,1,2778.138838,24,16,0,nan,83,0,0.295033
55021,929,F_coverage_integrated,16,16,16,3674.569,106,16,1,2961.568958,28,18,8,2245.5934456873592,63,0,0.92616
55021,929,G_rolling_coverage,16,16,16,3677.189,107,16,1,2959.189209,29,20,8,2245.5934456873592,63,0,0.837913
55021,929,I_ring_optimized,16,16,16,3631.782,115,16,1,2866.782093,37,27,8,2161.835308105166,63,0,1.21183
55021,929,J_ring7_1000,16,16,16,3411.418,115,16,1,2644.417929,36,26,8,1828.3556682340559,64,0,1.546613
55021,929,Jplus_final,16,16,16,3584.183,122,16,1,2775.182524,43,35,0,1654.1732126583615,63,0,0.211054
55021,930,C_region_q2,10,10,10,4162.293,128,10,1,3345.293482,7,0,0,nan,94,0,0.237715
55021,930,Cplus_completion_coobserve,10,10,10,3615.827,130,10,1,2788.826823,9,4,0,nan,94,0,0.142623
55021,930,F_coverage_integrated,10,10,10,3683.458,115,10,1,2945.457816,23,15,8,2408.9033660734076,83,0,0.659402
55021,930,G_rolling_coverage,10,10,10,3683.458,115,10,1,2945.457816,23,15,8,2408.9033660734076,83,0,0.625002
55021,930,I_ring_optimized,10,10,10,3453.948,114,10,1,2721.94828,22,15,6,2235.498419097276,83,0,0.725806
55021,930,J_ring7_1000,10,10,10,3328.826,125,10,1,2531.826254,21,13,7,2131.3058232572535,94,0,0.709625
55021,930,Jplus_final,10,10,10,3265.599,122,10,1,2486.599068,21,19,0,2008.4496995509644,91,0,0.124251
55021,931,C_region_q2,13,13,13,4536.564,138,13,1,3644.564159,10,0,0,nan,97,0,0.36375
55021,931,Cplus_completion_coobserve,13,13,13,4070.178,140,13,1,3166.177608,12,6,0,nan,97,0,0.131815
55021,931,F_coverage_integrated,13,13,13,4028.003,114,13,1,3284.002839,33,17,8,2276.2696759900914,69,0,1.151156
55021,931,G_rolling_coverage,13,13,13,4051.823,116,13,1,3297.823359,35,19,8,2276.2696759900914,69,0,1.137071
55021,931,I_ring_optimized,13,13,13,3688.702,112,13,1,2957.701653,31,18,8,2099.878887955754,69,0,1.134866
55021,931,J_ring7_1000,13,13,13,3583.873,122,13,1,2788.872945,27,16,8,2082.7883391505416,82,0,1.293888
55021,931,Jplus_final,13,13,13,3586.13,116,13,1,2827.130276,21,18,0,1999.2652306262173,82,0,0.155915
55021,932,C_region_q2,10,10,10,4723.715,143,10,1,3816.715374,8,0,0,nan,115,0,0.210227
55021,932,Cplus_completion_coobserve,10,10,10,4336.506,149,10,1,3394.50568,14,5,0,nan,115,0,0.245774
55021,932,F_coverage_integrated,10,10,10,3859.128,128,10,1,3044.128367,23,10,6,2364.496840181675,95,0,0.721714
55021,932,G_rolling_coverage,10,10,10,3840.931,127,10,1,3032.931168,22,9,6,2364.496840181675,95,0,0.675476
55021,932,I_ring_optimized,10,10,10,3989.41,129,10,1,3175.410285,28,11,6,2233.2327164176522,94,0,0.903187
55021,932,J_ring7_1000,10,10,10,3658.833,135,10,1,2803.833045,24,15,5,2068.0190226881605,101,0,1.137383
55021,932,Jplus_final,10,10,10,3749.369,136,10,1,2888.368513,25,20,0,1994.7800338256452,101,0,0.166911
55021,933,C_region_q2,11,11,11,4493.998,138,11,1,3612.998176,8,0,0,nan,104,0,0.276153
55021,933,Cplus_completion_coobserve,11,11,11,4176.607,140,11,1,3283.607056,10,4,0,nan,104,0,0.119279
55021,933,F_coverage_integrated,11,11,11,3694.269,109,11,1,2986.268681,27,15,8,2224.2375349047206,71,0,1.093955
55021,933,G_rolling_coverage,11,11,11,3677.886,109,11,1,2969.886246,27,16,8,2224.2375349047206,71,0,1.05721
55021,933,I_ring_optimized,11,11,11,3493.187,112,11,1,2768.186628,30,18,8,2097.6071497603352,72,0,1.287825
55021,933,J_ring7_1000,11,11,11,3497.968,126,11,1,2689.967512,34,23,8,2128.173181056174,81,0,1.279469
55021,933,Jplus_final,11,11,11,3340.0,112,11,1,2614.999869,20,19,0,1920.0145200345692,81,0,0.098772
55021,934,C_region_q2,12,12,12,4986.084,132,12,1,4136.083948,11,0,0,nan,92,0,0.315953
55021,934,Cplus_completion_coobserve,12,12,12,4222.591,133,12,1,3366.591256,12,4,0,nan,92,0,0.198231
55021,934,F_coverage_integrated,12,12,12,4433.054,110,12,1,3715.053551,29,13,8,2152.7837286541208,69,0,0.408345
55021,934,G_rolling_coverage,12,12,12,4379.726,112,12,1,3652.726283,31,17,8,2152.7837286541208,69,0,0.29969
55021,934,I_ring_optimized,12,12,12,4251.904,112,12,1,3524.903538,31,15,8,2049.3680538562458,69,0,0.478939
55021,934,J_ring7_1000,12,12,12,3892.381,129,12,1,3064.381422,31,19,8,2069.7886594568367,86,0,0.591517
55021,934,Jplus_final,12,12,12,3789.687,122,12,1,3002.687175,24,20,0,1965.5741449055183,86,0,0.147678
55021,935,C_region_q2,10,10,10,4781.324,138,10,1,3905.323771,8,0,0,nan,106,0,0.273254
55021,935,Cplus_completion_coobserve,10,10,10,4264.015,140,10,1,3377.015162,10,3,0,nan,106,0,0.176429
55021,935,F_coverage_integrated,10,10,10,3866.235,117,10,1,3116.23506,24,13,8,2235.1003173893423,84,0,0.637715
55021,935,G_rolling_coverage,10,10,10,3875.832,118,10,1,3120.83162,25,15,8,2235.1003173893423,84,0,0.670664
55021,935,I_ring_optimized,10,10,10,4549.152,120,10,1,3783.151745,27,15,8,2109.631907033581,84,0,0.63733
55021,935,J_ring7_1000,10,10,10,3697.557,132,10,1,2861.55666,27,16,8,2121.459489075277,95,0,0.569454
55021,935,Jplus_final,10,10,10,3908.95,126,10,1,3106.949686,22,18,0,1948.3209738821397,94,0,0.136678
55021,936,C_region_q2,12,12,12,4919.072,145,12,1,3992.071934,12,0,0,nan,105,0,0.324738
55021,936,Cplus_completion_coobserve,12,12,12,4526.813,148,12,1,3580.812988,15,6,0,nan,105,0,0.141882
55021,936,F_coverage_integrated,12,12,12,4213.359,114,12,1,3472.358615,29,14,8,2208.9431136892,73,0,1.335922
55021,936,G_rolling_coverage,12,12,12,4008.724,114,12,1,3267.723992,29,17,8,2208.9431136892,73,0,1.289315
55021,936,I_ring_optimized,12,12,12,3886.155,113,12,1,3152.155171,28,16,8,2070.969830079467,73,0,0.861755
55021,936,J_ring7_1000,12,12,12,4107.536,122,12,1,3319.535722,25,10,8,2029.8644670098424,85,0,1.34463
55021,936,Jplus_final,12,12,12,4034.042,118,12,1,3270.041541,21,15,0,1894.3209738821395,85,0,0.13054
55021,937,C_region_q2,14,14,14,5596.051,144,14,1,4665.050762,16,0,0,nan,100,0,0.358749
55021,937,Cplus_completion_coobserve,14,14,14,4664.84,147,14,1,3714.840035,19,8,0,nan,100,0,0.237693
55021,937,F_coverage_integrated,14,14,14,4291.954,121,14,1,3498.953736,35,19,8,2252.285826558969,75,0,0.826728
55021,937,G_rolling_coverage,14,14,14,4317.175,124,14,1,3508.175397,38,23,8,2252.285826558969,75,0,0.755555
55021,937,I_ring_optimized,14,14,14,4159.702,123,14,1,3357.702494,38,22,8,2095.3056927718835,73,0,0.907886
55021,937,J_ring7_1000,14,14,14,3994.695,126,14,1,3169.695163,33,20,8,2129.3633679236254,79,0,1.453937
55021,937,Jplus_final,14,14,14,3711.664,117,14,1,2940.664296,24,22,0,1967.0176918862408,79,0,0.111752
55021,938,C_region_q2,11,11,11,4890.449,143,11,1,3982.449152,12,0,0,nan,102,0,0.391813
55021,938,Cplus_completion_coobserve,11,11,11,4368.518,142,11,1,3464.517788,11,4,0,nan,102,0,0.188019
55021,938,F_coverage_integrated,11,11,11,3771.546,112,11,1,3045.546406,28,16,8,2235.9299651019314,74,0,1.007411
55021,938,G_rolling_coverage,11,11,11,3770.611,112,11,1,3045.610607,28,16,8,2235.9299651019314,74,0,1.045718
55021,938,I_ring_optimized,11,11,11,3434.611,109,11,1,2728.61081,25,14,8,2149.7696326449695,74,0,0.91145
55021,938,J_ring7_1000,11,11,11,3429.305,121,11,1,2650.305347,28,17,8,2184.88984174991,82,0,1.640524
55021,938,Jplus_final,11,11,11,3354.83,114,11,1,2617.829564,21,18,0,1911.5252597950205,82,0,0.112307
55021,939,C_region_q2,13,13,13,4892.097,137,13,1,4007.096639,11,0,0,nan,96,0,0.383631
55021,939,Cplus_completion_coobserve,13,13,13,4296.098,140,13,1,3394.097867,14,5,0,nan,96,0,0.289702
55021,939,F_coverage_integrated,13,13,13,4375.937,115,13,1,3622.937144,37,21,8,2231.4940755985103,68,0,1.513303
55021,939,G_rolling_coverage,13,13,13,4351.696,118,13,1,3581.695944,40,26,8,2231.4940755985103,68,0,1.52639
55021,939,I_ring_optimized,13,13,13,3966.604,106,13,1,3268.603558,27,15,8,2075.3439188340813,68,0,0.607288
55021,939,J_ring7_1000,13,13,13,4020.55,116,13,1,3263.550374,31,20,8,1999.8651731796567,72,0,2.065134
55021,939,Jplus_final,13,13,13,3986.732,114,13,1,3242.731765,29,23,0,1859.9345636574972,72,0,0.164024
55021,940,C_region_q2,11,11,11,4699.073,137,11,1,3823.072832,8,0,0,nan,106,0,0.230263
55021,940,Cplus_completion_coobserve,11,11,11,4204.055,139,11,1,3318.054782,10,1,0,nan,106,0,0.183226
55021,940,F_coverage_integrated,11,11,11,4006.925,120,11,1,3233.924586,25,13,8,2285.003069444412,84,0,1.105787
55021,940,G_rolling_coverage,11,11,11,4001.871,120,11,1,3228.871339,25,15,8,2285.003069444412,84,0,1.073926
55021,940,I_ring_optimized,11,11,11,3892.365,123,11,1,3102.365124,28,18,6,2146.48546208446,84,0,1.370962
55021,940,J_ring7_1000,11,11,11,3967.833,136,11,1,3105.832871,24,13,3,2038.465998105395,101,0,1.138488
55021,940,Jplus_final,11,11,11,3884.1,132,11,1,3044.10001,20,14,0,1994.3371378590916,101,0,0.243665
55021,941,C_region_q2,11,11,11,4302.469,129,11,1,3476.468663,8,0,0,nan,93,0,0.230852
55021,941,Cplus_completion_coobserve,11,11,11,4166.974,132,11,1,3323.974468,11,3,0,nan,94,0,0.170044
55021,941,F_coverage_integrated,11,11,11,3983.765,114,11,1,3246.76497,27,14,8,2252.0859637622734,77,0,1.224237
55021,941,G_rolling_coverage,11,11,11,3937.741,113,11,1,3205.741185,26,16,8,2252.0859637622734,77,0,1.162122
55021,941,I_ring_optimized,11,11,11,3841.503,111,11,1,3123.50335,24,13,8,2208.2101394777264,77,0,1.057711
55021,941,J_ring7_1000,11,11,11,3824.962,135,11,1,2964.962366,37,24,7,2184.443455300982,88,0,1.377199
55021,941,Jplus_final,11,11,11,3873.526,122,11,1,3088.525632,24,20,0,1977.8267388948375,87,0,0.148688
55021,942,C_region_q2,13,13,13,4998.56,143,13,1,4077.560411,13,0,0,nan,100,0,0.4236
55021,942,Cplus_completion_coobserve,13,13,13,4373.797,143,13,1,3452.79715,13,7,0,nan,100,0,0.204191
55021,942,F_coverage_integrated,13,13,13,4409.471,118,13,1,3643.471097,33,18,8,2220.8879794162963,73,0,0.514235
55021,942,G_rolling_coverage,13,13,13,4403.963,118,13,1,3637.962922,33,19,8,2220.8879794162963,73,0,0.428134
55021,942,I_ring_optimized,13,13,13,3966.318,111,13,1,3240.317929,28,17,8,2120.883852271078,70,0,0.858182
55021,942,J_ring7_1000,13,13,13,3785.439,124,13,1,2979.438738,28,19,5,2050.550569837878,83,0,1.074754
55021,942,Jplus_final,13,13,13,3681.038,119,13,1,2904.037994,23,19,0,1938.2125965489772,83,0,0.161159
55021,943,C_region_q2,14,14,14,5524.616,145,14,1,4589.615735,16,0,0,nan,97,0,0.413607
55021,943,Cplus_completion_coobserve,14,14,14,4700.272,149,14,1,3741.272224,20,8,0,nan,97,0,0.226394
55021,943,F_coverage_integrated,14,14,14,3914.322,112,14,1,3174.322407,30,21,8,2382.0163058164203,68,0,0.700229
55021,943,G_rolling_coverage,14,14,14,3914.322,112,14,1,3174.322407,30,21,8,2382.0163058164203,68,0,0.720991
55021,943,I_ring_optimized,14,14,14,3862.239,112,14,1,3123.238886,30,18,8,2185.559865553855,69,0,1.060677
55021,943,J_ring7_1000,14,14,14,3527.165,126,14,1,2703.164555,34,25,7,2094.3734132345503,78,0,1.411838
55021,943,Jplus_final,14,14,14,3615.932,109,14,1,2894.932033,23,21,0,1868.403219163357,72,0,0.151507
55021,944,C_region_q2,15,15,15,5389.761,144,15,1,4453.761074,17,0,0,nan,93,0,0.458425
55021,944,Cplus_completion_coobserve,15,15,15,4634.037,149,15,1,3673.037267,22,11,0,nan,93,0,0.34855
55021,944,F_coverage_integrated,15,15,15,4045.601,107,15,1,3330.600791,37,24,7,2202.47416000936,55,0,1.338206
55021,944,G_rolling_coverage,15,15,15,4214.358,107,15,1,3499.357887,37,25,7,2202.47416000936,55,0,1.221835
55021,944,I_ring_optimized,15,15,15,4135.128,107,15,1,3422.127536,37,25,6,2021.4972143668083,56,0,1.11695
55021,944,J_ring7_1000,15,15,15,3719.389,106,15,1,3011.388969,33,23,7,1976.671661190922,59,0,1.39296
55021,944,Jplus_final,15,15,15,3639.046,99,15,1,2973.046303,26,22,0,1847.6396832683556,58,0,0.141045
55021,945,C_region_q2,13,13,13,4610.083,134,13,1,3743.083302,11,0,0,nan,92,0,0.29532
55021,945,Cplus_completion_coobserve,13,13,13,4250.493,137,13,1,3367.493198,14,6,0,nan,92,0,0.236693
55021,945,F_coverage_integrated,13,13,13,4261.515,105,13,1,3572.515049,28,11,7,2213.6291322441066,66,0,0.672174
55021,945,G_rolling_coverage,13,13,13,3968.652,105,13,1,3277.651987,28,14,7,2213.6291322441066,66,0,0.608177
55021,945,I_ring_optimized,13,13,13,3704.711,106,13,1,3009.711086,29,16,8,2116.103570619548,65,0,0.749981
55021,945,J_ring7_1000,13,13,13,3515.204,114,13,1,2772.204458,32,20,7,2050.166670021911,69,0,1.161483
55021,945,Jplus_final,13,13,13,3457.283,108,13,1,2749.283095,26,21,0,1902.7377912659856,69,0,0.217754
55021,946,C_region_q2,11,11,11,4757.23,141,11,1,3858.22998,10,0,0,nan,107,0,0.238359
55021,946,Cplus_completion_coobserve,11,11,11,4418.575,143,11,1,3507.574593,12,5,0,nan,107,0,0.071159
55021,946,F_coverage_integrated,11,11,11,4029.371,122,11,1,3247.371075,26,13,8,2366.949183812998,86,0,1.073047
55021,946,G_rolling_coverage,11,11,11,3937.288,124,11,1,3144.287836,28,16,8,2366.949183812998,86,0,0.992579
55021,946,I_ring_optimized,11,11,11,3678.817,115,11,1,2937.816717,24,13,8,2167.444187608002,81,0,0.589449
55021,946,J_ring7_1000,11,11,11,3794.45,130,11,1,2965.450036,28,14,8,2099.7453799476316,93,0,0.674173
55021,946,Jplus_final,11,11,11,3703.503,121,11,1,2925.503423,19,15,0,2016.7524751999565,91,0,0.13182
55021,947,C_region_q2,11,11,11,4673.493,142,11,1,3767.492794,9,0,0,nan,108,0,0.258954
55021,947,Cplus_completion_coobserve,11,11,11,3999.845,148,11,1,3060.844839,15,7,0,nan,108,0,0.252689
55021,947,F_coverage_integrated,11,11,11,3843.925,122,11,1,3059.924801,27,14,8,2280.1469668309715,86,0,0.51626
55021,947,G_rolling_coverage,11,11,11,3851.761,124,11,1,3057.76085,29,18,8,2280.1469668309715,86,0,0.418061
55021,947,I_ring_optimized,11,11,11,3716.182,125,11,1,2916.182294,30,19,8,2167.6100170182413,86,0,0.423976
55021,947,J_ring7_1000,11,11,11,3655.537,133,11,1,2806.537321,37,25,8,2097.695747403216,85,0,0.905783
55021,947,Jplus_final,11,11,11,3480.838,123,11,1,2691.838435,27,24,0,1976.0856455449878,85,0,0.156585
55021,948,C_region_q2,13,13,13,4795.823,141,13,1,3885.823287,10,0,0,nan,97,0,0.390399
55021,948,Cplus_completion_coobserve,13,13,13,4345.048,146,13,1,3407.047904,15,6,0,nan,97,0,0.180852
55021,948,F_coverage_integrated,13,13,13,4572.715,119,13,1,3795.714775,46,29,8,2264.7860844928723,61,0,0.867957
55021,948,G_rolling_coverage,13,13,13,4309.071,116,13,1,3551.070777,43,29,8,2264.7860844928723,61,0,0.891028
55021,948,I_ring_optimized,13,13,13,4078.035,112,13,1,3344.034778,39,27,8,2186.3645539805975,61,0,1.071913
55021,948,J_ring7_1000,13,13,13,3699.253,115,13,1,2947.252957,36,25,8,2044.9878148395605,67,0,0.839222
55021,948,Jplus_final,13,13,13,3890.129,112,13,1,3158.129336,27,19,0,1858.3209738821395,72,0,0.173997
55021,949,C_region_q2,13,13,13,4644.413,134,13,1,3777.413407,11,0,0,nan,94,0,0.308226
55021,949,Cplus_completion_coobserve,13,13,13,4239.546,138,13,1,3352.545682,15,5,0,nan,94,0,0.280536
55021,949,F_coverage_integrated,13,13,13,4195.249,109,13,1,3480.248643,29,17,6,2266.089366911843,68,0,1.710973
55021,949,G_rolling_coverage,13,13,13,4205.249,111,13,1,3480.248643,31,19,6,2266.089366911843,68,0,1.691778
55021,949,I_ring_optimized,13,13,13,4250.249,120,13,1,3468.249416,34,19,8,2144.386486588625,75,0,1.223258
55021,949,J_ring7_1000,13,13,13,4066.765,133,13,1,3206.764789,36,23,8,2072.775116211361,84,0,1.966709
55021,949,Jplus_final,13,13,13,3919.967,122,13,1,3124.967154,25,21,0,1918.3209738821395,84,0,0.158905
55021,950,C_region_q2,11,11,11,4504.361,138,11,1,3622.360763,10,0,0,nan,103,0,0.368899
55021,950,Cplus_completion_coobserve,11,11,11,4021.105,138,11,1,3139.105335,10,3,0,nan,103,0,0.237488
55021,950,F_coverage_integrated,11,11,11,3579.313,118,11,1,2819.3126,24,13,6,2260.6653879791766,83,0,0.837221
55021,950,G_rolling_coverage,11,11,11,3582.003,119,11,1,2817.003103,25,15,6,2260.6653879791766,83,0,0.726372
55021,950,I_ring_optimized,11,11,11,3456.665,118,11,1,2699.665419,24,13,7,2151.5082680117353,83,0,0.707766
55021,950,J_ring7_1000,11,11,11,3596.26,126,11,1,2789.260229,23,11,8,2094.964110063163,94,0,1.017444
55021,950,Jplus_final,11,11,11,3661.007,122,11,1,2879.0073,19,15,0,1988.467283015937,93,0,0.115375
55021,951,C_region_q2,14,14,14,5221.441,142,14,1,4302.440598,16,0,0,nan,95,0,0.522738
55021,951,Cplus_completion_coobserve,14,14,14,4355.913,147,14,1,3405.912556,21,12,0,nan,95,0,0.266037
55021,951,F_coverage_integrated,14,14,14,4167.752,121,14,1,3373.752161,38,25,8,2261.2749412793537,69,0,0.75364
55021,951,G_rolling_coverage,14,14,14,4032.925,121,14,1,3238.924772,38,25,8,2261.2749412793537,69,0,0.718672
55021,951,I_ring_optimized,14,14,14,3869.066,124,14,1,3057.066117,41,27,8,2155.522652921578,69,0,0.795688
55021,951,J_ring7_1000,14,14,14,3820.641,129,14,1,2980.640777,36,23,8,2099.1956828911384,79,0,1.03896
55021,951,Jplus_final,14,14,14,3939.761,129,14,1,3097.761455,28,21,0,1995.3617892308048,87,0,0.19471
55021,952,C_region_q2,10,10,10,4352.775,132,10,1,3511.775258,7,0,0,nan,99,0,0.229283
55021,952,Cplus_completion_coobserve,10,10,10,4001.65,136,10,1,3140.650072,11,3,0,nan,99,0,0.209412
55021,952,F_coverage_integrated,10,10,10,3880.316,117,10,1,3132.316317,24,13,8,2258.0793830821817,83,0,0.626904
55021,952,G_rolling_coverage,10,10,10,3847.388,118,10,1,3094.388023,25,15,8,2258.0793830821817,83,0,0.608314
55021,952,I_ring_optimized,10,10,10,3748.506,118,10,1,2994.505874,25,15,7,2221.530078522017,83,0,0.523681
55021,952,J_ring7_1000,10,10,10,3639.254,131,10,1,2804.253813,28,17,8,2118.5259657003553,93,0,0.91272
55021,952,Jplus_final,10,10,10,3673.487,125,10,1,2877.486735,21,14,0,1936.3209738821397,94,0,0.268346
55021,953,C_region_q2,13,13,13,4779.621,124,13,1,3971.620703,9,0,0,nan,82,0,0.290248
55021,953,Cplus_completion_coobserve,13,13,13,4275.274,128,13,1,3447.273512,13,3,0,nan,82,0,0.31609
55021,953,F_coverage_integrated,13,13,13,4082.125,100,13,1,3422.124955,28,15,6,2223.446027616947,59,0,1.478722
55021,953,G_rolling_coverage,13,13,13,4082.125,100,13,1,3422.124955,28,15,6,2223.446027616947,59,0,1.530808
55021,953,I_ring_optimized,13,13,13,3907.207,101,13,1,3240.206748,29,14,8,2182.564813753445,60,0,1.58931
55021,953,J_ring7_1000,13,13,13,4463.914,117,13,1,3701.913578,37,20,8,2090.191698153311,67,0,2.035544
55021,953,Jplus_final,13,13,13,3771.276,107,13,1,3069.275822,27,21,0,1888.463303957907,67,0,0.215431
55021,954,C_region_q2,10,10,10,3987.663,128,10,1,3170.6628,8,0,0,nan,97,0,0.133411
55021,954,Cplus_completion_coobserve,10,10,10,3735.216,131,10,1,2901.216355,11,4,0,nan,97,0,0.145314
55021,954,F_coverage_integrated,10,10,10,3484.932,114,10,1,2754.932227,23,11,8,2281.5269174489936,82,0,0.685447
55021,954,G_rolling_coverage,10,10,10,3469.215,114,10,1,2739.21528,23,12,8,2281.5269174489936,82,0,0.665931
55021,954,I_ring_optimized,10,10,10,3685.289,118,10,1,2928.289121,27,14,8,2153.176021607387,82,0,0.827261
55021,954,J_ring7_1000,10,10,10,3698.322,134,10,1,2850.321566,28,15,8,2058.9197701434023,96,0,0.507732
55021,954,Jplus_final,10,10,10,3800.98,132,10,1,2962.979512,22,16,0,1983.8539257937348,100,0,0.118671
55021,955,C_region_q2,13,13,13,4661.797,133,13,1,3799.797421,10,0,0,nan,92,0,0.363437
55021,955,Cplus_completion_coobserve,13,13,13,4350.4,134,13,1,3483.399753,11,4,0,nan,92,0,0.273563
55021,955,F_coverage_integrated,13,13,13,4240.41,120,13,1,3458.409987,37,22,8,2230.6802656436903,70,0,0.909904
55021,955,G_rolling_coverage,13,13,13,4248.363,122,13,1,3456.363233,39,25,8,2230.6802656436903,70,0,0.793109
55021,955,I_ring_optimized,13,13,13,4134.292,122,13,1,3341.291973,39,25,8,2126.8055035962043,70,0,0.850367
55021,955,J_ring7_1000,13,13,13,3947.417,122,13,1,3155.417265,30,17,8,2130.0687439077833,79,0,1.325446
55021,955,Jplus_final,13,13,13,3853.679,110,13,1,3131.678712,23,18,0,1971.405372462753,74,0,0.161767
55021,956,C_region_q2,13,13,13,5039.784,145,13,1,4105.784218,12,0,0,nan,105,0,0.425004
55021,956,Cplus_completion_coobserve,13,13,13,4472.449,149,13,1,3516.449421,16,7,0,nan,105,0,0.286122
55021,956,F_coverage_integrated,13,13,13,4252.716,123,13,1,3453.716335,32,16,8,2231.1555374585014,78,0,0.74029
55021,956,G_rolling_coverage,13,13,13,4229.759,124,13,1,3424.758771,33,19,8,2231.1555374585014,78,0,0.685775
55021,956,I_ring_optimized,13,13,13,4285.333,121,13,1,3498.333006,30,17,7,2043.52019829958,78,0,0.914783
55021,956,J_ring7_1000,13,13,13,3955.599,128,13,1,3126.598866,29,16,7,2032.451688927661,86,0,1.031411
55021,956,Jplus_final,13,13,13,4015.203,128,13,1,3187.202608,29,23,0,1918.3209738821397,86,0,0.23286
55021,957,C_region_q2,13,13,13,4445.399,137,13,1,3559.399157,11,0,0,nan,97,0,0.335924
55021,957,Cplus_completion_coobserve,13,13,13,4022.188,142,13,1,3111.187526,16,7,0,nan,97,0,0.283521
55021,957,F_coverage_integrated,13,13,13,4207.495,118,13,1,3436.495297,39,24,8,2262.7391548922096,68,0,0.869627
55021,957,G_rolling_coverage,13,13,13,3956.733,117,13,1,3193.733034,38,25,8,2262.7391548922096,68,0,0.878132
55021,957,I_ring_optimized,13,13,13,3722.161,115,13,1,2970.161314,37,25,8,2106.793591998851,67,0,1.551248
55021,957,J_ring7_1000,13,13,13,3924.263,137,13,1,3039.262943,39,26,8,2083.673784851123,86,0,1.098405
55021,957,Jplus_final,13,13,13,3794.487,123,13,1,2993.486874,25,21,0,1967.2440060957194,85,0,0.132012
55021,958,C_region_q2,11,11,11,5550.185,143,11,1,4641.184904,13,0,0,nan,106,0,0.320382
55021,958,Cplus_completion_coobserve,11,11,11,4846.625,148,11,1,3908.624827,18,5,0,nan,106,0,0.274241
55021,958,F_coverage_integrated,11,11,11,4846.643,115,11,1,4108.643402,27,7,7,2319.8602618287014,78,0,0.914515
55021,958,G_rolling_coverage,11,11,11,4767.756,117,11,1,4019.755893,29,8,7,2319.8602618287014,79,0,0.865142
55021,958,I_ring_optimized,11,11,11,4066.632,117,11,1,3310.631549,27,13,8,2102.1230071155096,81,0,0.580707
55021,958,J_ring7_1000,11,11,11,3856.289,128,11,1,3035.288931,29,16,8,2048.2535330464043,89,0,0.976591
55021,958,Jplus_final,11,11,11,3850.765,121,11,1,3071.76457,22,17,0,1946.8524331440224,88,0,0.199524
55021,959,C_region_q2,13,13,13,5030.822,139,13,1,4132.822434,11,0,0,nan,96,0,0.452626
55021,959,Cplus_completion_coobserve,13,13,13,4439.149,142,13,1,3524.148715,14,5,0,nan,96,0,0.326264
55021,959,F_coverage_integrated,13,13,13,4239.326,116,13,1,3485.325665,34,17,8,2248.1658216562982,70,0,0.769226
55021,959,G_rolling_coverage,13,13,13,4233.252,116,13,1,3479.252082,34,19,8,2248.1658216562982,70,0,0.806472
55021,959,I_ring_optimized,13,13,13,4158.248,113,13,1,3421.248366,31,16,8,2201.0070359570277,71,0,0.834719
55021,959,J_ring7_1000,13,13,13,4077.29,120,13,1,3299.289794,29,12,7,2066.3824031279555,79,0,1.244526
55021,959,Jplus_final,13,13,13,4027.137,116,13,1,3272.136855,25,16,0,1917.7469898453685,78,0,0.243618
55021,960,C_region_q2,13,13,13,4813.603,141,13,1,3903.603481,12,0,0,nan,96,0,0.374863
55021,960,Cplus_completion_coobserve,13,13,13,4087.045,146,13,1,3148.044745,17,9,0,nan,96,0,0.248284
55021,960,F_coverage_integrated,13,13,13,3948.269,105,13,1,3256.269188,29,16,8,2237.915599784526,63,0,0.995739
55021,960,G_rolling_coverage,13,13,13,3954.373,106,13,1,3255.372773,30,19,8,2237.915599784526,63,0,0.776425
55021,960,I_ring_optimized,13,13,13,3712.994,103,13,1,3030.993995,28,18,8,2119.5893235086432,62,0,1.229193
55021,960,J_ring7_1000,13,13,13,3520.411,114,13,1,2775.410878,31,22,6,2071.8095071239713,70,0,1.033342
55021,960,Jplus_final,13,13,13,3597.097,105,13,1,2905.097441,24,21,0,1985.521881965107,68,0,0.155074
55021,961,C_region_q2,10,10,10,5141.447,148,10,1,4205.446678,11,0,0,nan,119,0,0.354042
55021,961,Cplus_completion_coobserve,10,10,10,4319.218,151,10,1,3367.218374,14,5,0,nan,119,0,0.205871
55021,961,F_coverage_integrated,10,10,10,4824.495,133,10,1,3985.495452,29,9,8,2241.8118465189355,97,0,0.677485
55021,961,G_rolling_coverage,10,10,10,4823.8,133,10,1,3984.8003,29,10,8,2241.8118465189355,97,0,0.59713
55021,961,I_ring_optimized,10,10,10,4302.626,129,10,1,3482.626015,25,11,8,2145.2120616309103,94,0,0.801882
55021,961,J_ring7_1000,10,10,10,3801.21,143,10,1,2900.209844,26,13,7,2135.294712794743,107,0,1.150064
55021,961,Jplus_final,10,10,10,3664.736,135,10,1,2808.736163,18,12,0,1986.9889274798834,107,0,0.233931
55021,962,C_region_q2,13,13,13,4342.691,133,13,1,3480.690761,9,0,0,nan,88,0,0.329215
55021,962,Cplus_completion_coobserve,13,13,13,4061.845,134,13,1,3194.845462,10,3,0,nan,88,0,0.235977
55021,962,F_coverage_integrated,13,13,13,3581.112,106,13,1,2885.111812,33,19,8,2222.4496744505213,60,0,0.75711
55021,962,G_rolling_coverage,13,13,13,3538.236,106,13,1,2842.235835,33,21,8,2222.4496744505213,60,0,0.678162
55021,962,I_ring_optimized,13,13,13,3159.136,104,13,1,2474.135654,31,18,8,2179.7898694217392,61,0,0.597882
55021,962,J_ring7_1000,13,13,13,3683.185,115,13,1,2932.185288,42,28,8,2001.5806905731843,61,0,1.646954
55021,962,Jplus_final,13,13,13,3846.742,100,13,1,3185.742015,27,20,0,1861.442930201629,60,0,0.198053
55021,963,C_region_q2,13,13,13,4520.731,130,13,1,3676.73053,10,0,0,nan,89,0,0.239052
55021,963,Cplus_completion_coobserve,13,13,13,4219.432,136,13,1,3340.432184,16,7,0,nan,89,0,0.221404
55021,963,F_coverage_integrated,13,13,13,4029.801,115,13,1,3280.801357,37,21,8,2239.1387960628085,65,0,0.689798
55021,963,G_rolling_coverage,13,13,13,4026.944,115,13,1,3275.943561,37,23,8,2239.1387960628085,65,0,0.626084
55021,963,I_ring_optimized,13,13,13,4013.194,114,13,1,3269.193723,36,22,8,2139.9276103667926,66,0,0.614933
55021,963,J_ring7_1000,13,13,13,3696.827,121,13,1,2909.826919,33,20,8,2127.506504648375,76,0,0.982923
55021,963,Jplus_final,13,13,13,3645.781,114,13,1,2902.780675,26,21,0,1890.4285937812401,76,0,0.174307
55021,964,C_region_q2,12,12,12,6119.099,147,12,1,5185.098733,18,0,0,nan,106,0,0.269398
55021,964,Cplus_completion_coobserve,12,12,12,5205.416,149,12,1,4256.416342,20,5,0,nan,106,0,0.159907
55021,964,F_coverage_integrated,12,12,12,4384.575,118,12,1,3617.57511,31,19,8,2347.6555679069793,76,0,1.745444
55021,964,G_rolling_coverage,12,12,12,4380.287,118,12,1,3613.28705,31,20,8,2347.6555679069793,76,0,1.705562
55021,964,I_ring_optimized,12,12,12,4464.569,119,12,1,3695.568646,32,17,8,2109.862689579142,76,0,1.415281
55021,964,J_ring7_1000,12,12,12,4267.416,125,12,1,3462.4164,28,14,8,2084.8514542784524,86,0,0.997432
55021,964,Jplus_final,12,12,12,4154.096,118,12,1,3390.096094,21,14,0,1963.1143213979708,85,0,0.226117
55021,965,C_region_q2,12,12,12,4751.316,142,12,1,3841.315898,11,0,0,nan,104,0,0.385101
55021,965,Cplus_completion_coobserve,12,12,12,4048.976,145,12,1,3122.975976,14,7,0,nan,104,0,0.232504
55021,965,F_coverage_integrated,12,12,12,3769.52,109,12,1,3059.520125,23,14,6,2160.1648607227926,74,0,0.70866
55021,965,G_rolling_coverage,12,12,12,3780.235,111,12,1,3057.234806,25,18,6,2160.1648607227926,74,0,0.683833
55021,965,I_ring_optimized,12,12,12,3388.22,113,12,1,2657.220449,27,18,7,2080.4768858583975,74,0,0.802429
55021,965,J_ring7_1000,12,12,12,3616.423,145,12,1,2689.422861,33,23,7,2248.6928319957906,100,0,1.471147
55021,965,Jplus_final,12,12,12,3550.595,136,12,1,2677.594864,24,22,0,2037.0471630745465,100,0,0.139273
55021,966,C_region_q2,11,11,11,4305.967,137,11,1,3429.967064,8,0,0,nan,102,0,0.281318
55021,966,Cplus_completion_coobserve,11,11,11,4054.25,138,11,1,3172.249623,9,5,0,nan,102,0,0.144244
55021,966,F_coverage_integrated,11,11,11,3592.757,121,11,1,2815.757454,28,17,8,2325.49368423751,83,0,1.280783
55021,966,G_rolling_coverage,11,11,11,3592.757,121,11,1,2815.757454,28,17,8,2325.49368423751,83,0,1.286334
55021,966,I_ring_optimized,11,11,11,3435.91,117,11,1,2681.910151,24,14,8,2189.659451289507,83,0,1.145337
55021,966,J_ring7_1000,11,11,11,3437.067,136,11,1,2570.067073,30,17,8,2168.0693538949304,96,0,1.144914
55021,966,Jplus_final,11,11,11,3293.261,128,11,1,2472.261439,22,17,0,2026.1073777870336,95,0,0.168218
55021,967,C_region_q2,12,12,12,4325.47,131,12,1,3481.469717,10,0,0,nan,91,0,0.33082
55021,967,Cplus_completion_coobserve,12,12,12,3984.346,132,12,1,3135.346398,11,4,0,nan,91,0,0.150692
55021,967,F_coverage_integrated,12,12,12,4168.748,121,12,1,3389.74751,39,20,8,2212.819899490599,70,0,1.123023
55021,967,G_rolling_coverage,12,12,12,3948.306,119,12,1,3179.306094,37,21,8,2212.819899490599,70,0,1.023004
55021,967,I_ring_optimized,12,12,12,4112.407,122,12,1,3327.406639,40,23,8,2095.0707199266617,70,0,0.86181
55021,967,J_ring7_1000,12,12,12,3730.043,132,12,1,2880.043448,37,24,8,2062.1677808053037,83,0,1.29303
55021,967,Jplus_final,12,12,12,3404.897,114,12,1,2661.896863,23,20,0,1938.1396365672492,79,0,0.163194
55021,968,C_region_q2,12,12,12,4813.756,139,12,1,3922.755605,10,0,0,nan,100,0,0.246977
55021,968,Cplus_completion_coobserve,12,12,12,4559.774,145,12,1,3634.773853,16,5,0,nan,100,0,0.246713
55021,968,F_coverage_integrated,12,12,12,4334.148,115,12,1,3590.147622,33,14,8,2197.207778531052,70,0,0.942831
55021,968,G_rolling_coverage,12,12,12,4023.796,113,12,1,3290.796254,31,16,8,2197.207778531052,70,0,0.862813
55021,968,I_ring_optimized,12,12,12,3851.943,110,12,1,3133.943086,28,14,8,2097.6839719003683,70,0,0.886129
55021,968,J_ring7_1000,12,12,12,3460.693,121,12,1,2679.693285,30,18,8,2025.312113259889,79,0,1.168825
55021,968,Jplus_final,12,12,12,3639.265,117,12,1,2881.264753,26,21,0,1943.4718341902148,79,0,0.161671
55021,969,C_region_q2,10,10,10,3767.757,138,10,1,2890.756627,6,0,0,nan,108,0,0.155126
55021,969,Cplus_completion_coobserve,10,10,10,3553.677,140,10,1,2664.676597,8,4,0,nan,108,0,0.08264
55021,969,F_coverage_integrated,10,10,10,3526.004,121,10,1,2751.004224,25,17,2,2204.2944569103224,86,0,1.072603
55021,969,G_rolling_coverage,10,10,10,3528.042,122,10,1,2747.041777,26,19,2,2204.2944569103224,86,0,0.97962
55021,969,I_ring_optimized,10,10,10,3405.047,120,10,1,2637.047315,25,18,7,2218.4855973532212,85,0,0.989008
55021,969,J_ring7_1000,10,10,10,3357.141,134,10,1,2511.140776,25,14,5,2097.7724450889964,99,0,1.197376
55021,969,Jplus_final,10,10,10,3281.374,128,10,1,2466.373935,19,16,0,2020.2554234379616,99,0,0.102385
55021,970,C_region_q2,11,11,11,4378.258,140,11,1,3485.257948,9,0,0,nan,104,0,0.362833
55021,970,Cplus_completion_coobserve,11,11,11,3968.137,139,11,1,3080.136699,8,2,0,nan,104,0,0.220081
55021,970,F_coverage_integrated,11,11,11,3884.923,111,11,1,3167.923245,25,12,6,2213.079469784892,76,0,0.707884
55021,970,G_rolling_coverage,11,11,11,3788.678,110,11,1,3078.678208,24,12,6,2213.079469784892,75,0,0.736909
55021,970,I_ring_optimized,11,11,11,3624.422,112,11,1,2902.421632,26,13,7,2103.273486648998,75,0,0.887474
55021,970,J_ring7_1000,11,11,11,3776.233,134,11,1,2924.233225,33,18,8,2074.3906082871135,91,0,1.122227
55021,970,Jplus_final,11,11,11,3546.899,119,11,1,2781.898872,23,19,0,1912.3209738821395,85,0,0.236993
55021,971,C_region_q2,10,10,10,5076.117,146,10,1,4152.116584,10,0,0,nan,118,0,0.169104
55021,971,Cplus_completion_coobserve,10,10,10,4627.7,153,10,1,3662.700411,17,6,0,nan,119,0,0.217715
55021,971,F_coverage_integrated,10,10,10,4054.315,122,10,1,3273.315478,20,9,6,2300.7063581812363,92,0,1.116405
55021,971,G_rolling_coverage,10,10,10,4056.83,123,10,1,3270.829646,21,12,6,2300.7063581812363,92,0,1.118662
55021,971,I_ring_optimized,10,10,10,4106.02,124,10,1,3314.02023,22,10,6,2166.957063009652,92,0,0.885565
55021,971,J_ring7_1000,10,10,10,4065.503,142,10,1,3166.502769,23,11,7,2096.8538380167993,109,0,0.674623
55021,971,Jplus_final,10,10,10,4015.451,141,10,1,3120.450546,22,15,0,2008.3209738821397,109,0,0.199166
55021,972,C_region_q2,16,16,16,5197.596,119,16,1,4406.596001,13,0,0,nan,71,0,0.358001
55021,972,Cplus_completion_coobserve,16,16,16,4351.34,127,16,1,3513.34032,21,10,0,nan,71,0,0.341162
55021,972,F_coverage_integrated,16,16,16,3961.35,107,16,1,3247.350007,44,26,8,1884.2755295218938,49,0,1.261208
55021,972,G_rolling_coverage,16,16,16,3972.992,110,16,1,3239.992322,47,32,8,1884.2755295218938,49,0,1.310194
55021,972,I_ring_optimized,16,16,16,3765.638,108,16,1,3045.6385,45,31,8,1777.712462298287,48,0,1.373711
55021,972,J_ring7_1000,16,16,16,3729.5,112,16,1,2990.500282,42,26,8,1973.9729181732907,55,0,1.569325
55021,972,Jplus_final,16,16,16,4042.014,105,16,1,3339.014179,35,28,0,1852.7085467230982,54,0,0.234902
55021,973,C_region_q2,13,13,13,4736.568,140,13,1,3832.567649,9,0,0,nan,102,0,0.328787
55021,973,Cplus_completion_coobserve,13,13,13,4310.593,143,13,1,3390.593274,12,5,0,nan,102,0,0.23339
55021,973,F_coverage_integrated,13,13,13,4124.699,112,13,1,3390.699066,27,15,8,2273.21529958814,73,0,0.75782
55021,973,G_rolling_coverage,13,13,13,4123.824,112,13,1,3389.823718,27,17,8,2273.21529958814,73,0,0.775073
55021,973,I_ring_optimized,13,13,13,4207.493,119,13,1,3432.493052,34,20,8,2120.6742361650204,73,0,1.057006
55021,973,J_ring7_1000,13,13,13,3967.134,135,13,1,3097.134227,38,27,7,2144.9345126917965,84,0,1.957733
55021,973,Jplus_final,13,13,13,3989.906,126,13,1,3175.90565,29,23,0,1937.031192714462,84,0,0.159636
55021,974,C_region_q2,13,13,13,4938.251,141,13,1,4029.250813,12,0,0,nan,101,0,0.436486
55021,974,Cplus_completion_coobserve,13,13,13,4366.804,144,13,1,3439.80429,15,6,0,nan,101,0,0.287776
55021,974,F_coverage_integrated,13,13,13,4316.326,115,13,1,3566.326342,33,16,8,2229.6853054313474,72,0,1.890707
55021,974,G_rolling_coverage,13,13,13,4313.893,115,13,1,3563.89254,33,17,8,2229.6853054313474,72,0,1.696177
55021,974,I_ring_optimized,13,13,13,4317.698,112,13,1,3585.697896,31,20,6,2088.873501639783,68,0,1.421615
55021,974,J_ring7_1000,13,13,13,4011.383,129,13,1,3175.382677,41,27,8,2095.939238924054,76,0,1.270699
55021,974,Jplus_final,13,13,13,3919.652,112,13,1,3186.651999,25,18,0,1866.505859471813,74,0,0.255719
55021,975,C_region_q2,16,16,16,5087.87,138,16,1,4180.86967,14,0,0,nan,89,0,0.459306
55021,975,Cplus_completion_coobserve,16,16,16,4749.071,145,16,1,3800.070673,21,10,0,nan,89,0,0.363725
55021,975,F_coverage_integrated,16,16,16,4544.644,119,16,1,3756.644166,43,24,8,2269.1771001190746,60,0,0.775219
55021,975,G_rolling_coverage,16,16,16,4542.039,121,16,1,3741.038531,45,28,8,2269.1771001190746,60,0,0.616666
55021,975,I_ring_optimized,16,16,16,4562.568,111,16,1,3821.568444,36,22,8,2077.9172855107595,59,0,0.656853
55021,975,J_ring7_1000,16,16,16,3780.057,102,16,1,3097.056512,40,23,8,1543.6171148510625,46,0,0.973581
55021,975,Jplus_final,16,16,16,4291.857,110,16,1,3560.857177,34,28,0,1805.5202290848083,60,0,0.267036
55021,976,C_region_q2,16,16,16,4933.674,125,16,1,4105.674283,15,0,0,nan,72,0,0.531571
55021,976,Cplus_completion_coobserve,16,16,16,4498.443,131,16,1,3636.442741,21,11,0,nan,72,0,0.206775
55021,976,F_coverage_integrated,16,16,16,3973.337,104,16,1,3273.336839,48,34,8,1866.4777333294458,41,0,1.540216
55021,976,G_rolling_coverage,16,16,16,4163.031,108,16,1,3445.031172,52,38,8,1866.4777333294458,43,0,1.501841
55021,976,I_ring_optimized,16,16,16,3802.394,109,16,1,3074.39437,53,38,8,1725.6316729810233,41,0,1.438849
55021,976,J_ring7_1000,16,16,16,4427.874,106,16,1,3716.874118,47,28,8,1740.6339383327695,44,0,1.520937
55021,976,Jplus_final,16,16,16,3942.617,95,16,1,3297.616888,32,27,0,1853.4236495272323,47,0,0.195098
55021,977,C_region_q2,13,13,13,4730.321,137,13,1,3844.320881,10,0,0,nan,96,0,0.295283
55021,977,Cplus_completion_coobserve,13,13,13,4231.624,140,13,1,3328.623647,13,7,0,nan,96,0,0.207121
55021,977,F_coverage_integrated,13,13,13,3849.056,103,13,1,3173.05644,30,16,8,2116.0844118825235,60,0,0.571991
55021,977,G_rolling_coverage,13,13,13,3842.394,104,13,1,3158.393725,31,20,8,2116.0844118825235,60,0,0.472253
55021,977,I_ring_optimized,13,13,13,3902.829,106,13,1,3207.828566,33,19,8,2022.0607476345772,60,0,0.506519
55021,977,J_ring7_1000,13,13,13,3909.269,117,13,1,3146.269137,36,24,6,1969.6307108899287,69,0,1.260118
55021,977,Jplus_final,13,13,13,3845.505,113,13,1,3106.504807,33,28,0,1932.1754016444709,68,0,0.132165
55021,978,C_region_q2,10,10,10,3588.869,132,10,1,2749.869152,10,0,0,nan,96,0,0.281326
55021,978,Cplus_completion_coobserve,10,10,10,3429.396,134,10,1,2577.395913,12,6,0,nan,96,0,0.180515
55021,978,F_coverage_integrated,10,10,10,3354.522,111,10,1,2642.521972,28,15,8,2248.2678744405807,75,0,1.044963
55021,978,G_rolling_coverage,10,10,10,3345.95,111,10,1,2633.949507,28,18,8,2248.2678744405807,75,0,0.924246
55021,978,I_ring_optimized,10,10,10,3650.123,108,10,1,2959.122872,25,13,7,2081.564731537462,73,0,0.706342
55021,978,J_ring7_1000,10,10,10,3948.895,140,10,1,3067.894766,31,17,8,2150.511682805408,99,0,0.741039
55021,978,Jplus_final,10,10,10,3361.748,132,10,1,2524.748082,23,20,0,2030.538070454458,99,0,0.103214
55021,979,C_region_q2,13,13,13,5105.257,135,13,1,4233.257229,12,0,0,nan,94,0,0.399513
55021,979,Cplus_completion_coobserve,13,13,13,4706.636,138,13,1,3816.636463,15,4,0,nan,94,0,0.225523
55021,979,F_coverage_integrated,13,13,13,4111.725,114,13,1,3366.72504,34,21,7,2290.4503403786653,67,0,1.382848
55021,979,G_rolling_coverage,13,13,13,4104.403,114,13,1,3359.402815,34,22,7,2290.4503403786653,67,0,1.256584
55021,979,I_ring_optimized,13,13,13,4036.483,112,13,1,3302.482815,32,19,7,2190.608909791844,67,0,1.315301
55021,979,J_ring7_1000,13,13,13,4035.199,132,13,1,3186.199294,38,22,8,2099.2361110568536,82,0,1.659668
55021,979,Jplus_final,13,13,13,4175.811,121,13,1,3389.810676,27,20,0,1915.3610392846458,81,0,0.219589
55021,980,C_region_q2,13,13,13,4535.499,141,13,1,3625.499075,11,0,0,nan,104,0,0.387206
55021,980,Cplus_completion_coobserve,13,13,13,4250.918,147,13,1,3308.918164,17,7,0,nan,104,0,0.326728
55021,980,F_coverage_integrated,13,13,13,4305.159,125,13,1,3493.158789,35,20,8,2366.258221372919,78,0,1.734132
55021,980,G_rolling_coverage,13,13,13,4316.06,127,13,1,3492.059571,37,23,8,2366.258221372919,78,0,1.662252
55021,980,I_ring_optimized,13,13,13,4103.934,128,13,1,3273.934222,38,26,8,2162.6443712864157,78,0,1.283127
55021,980,J_ring7_1000,13,13,13,4018.806,128,13,1,3190.805519,37,22,8,1973.679962047588,78,0,1.16778
55021,980,Jplus_final,13,13,13,3648.791,115,13,1,2897.79062,24,19,0,1862.5569570903065,78,0,0.196634
55021,981,C_region_q2,13,13,13,4866.324,139,13,1,3969.324225,10,0,0,nan,101,0,0.227898
55021,981,Cplus_completion_coobserve,13,13,13,4174.135,140,13,1,3272.134582,11,6,0,nan,101,0,0.166617
55021,981,F_coverage_integrated,13,13,13,4036.127,102,13,1,3362.126739,28,16,8,2138.0487281544733,61,0,0.766646
55021,981,G_rolling_coverage,13,13,13,4033.716,103,13,1,3353.715837,29,20,8,2138.0487281544733,61,0,0.660232
55021,981,I_ring_optimized,13,13,13,3810.853,107,13,1,3106.853123,33,21,8,2107.7223311525922,62,0,0.951194
55021,981,J_ring7_1000,13,13,13,3932.639,140,13,1,3030.638636,35,21,6,2144.3757809062454,92,0,1.183108
55021,981,Jplus_final,13,13,13,4132.961,133,13,1,3271.961237,28,23,0,1990.0854499502495,92,0,0.123895
55021,982,C_region_q2,11,11,11,4796.509,141,11,1,3897.509042,11,0,0,nan,105,0,0.311396
55021,982,Cplus_completion_coobserve,11,11,11,4475.31,144,11,1,3560.309953,14,5,0,nan,105,0,0.169037
55021,982,F_coverage_integrated,11,11,11,4100.029,116,11,1,3354.029156,24,11,6,2214.0858390327458,81,0,0.86869
55021,982,G_rolling_coverage,11,11,11,4109.815,117,11,1,3357.814581,25,13,6,2214.0858390327458,81,0,0.847956
55021,982,I_ring_optimized,11,11,11,4083.66,118,11,1,3326.659564,26,12,7,2161.8632085489385,81,0,0.885968
55021,982,J_ring7_1000,11,11,11,3800.998,131,11,1,2961.998058,29,20,8,2118.1322209431155,91,0,0.593074
55021,982,Jplus_final,11,11,11,3912.279,126,11,1,3104.27876,24,20,0,1948.3209738821397,91,0,0.195077
55021,983,C_region_q2,14,14,14,5568.385,150,14,1,4599.384778,13,0,0,nan,110,0,0.411758
55021,983,Cplus_completion_coobserve,14,14,14,5251.331,162,14,1,4214.330759,25,11,0,nan,110,0,0.322466
55021,983,F_coverage_integrated,14,14,14,4420.383,110,14,1,3694.382706,27,12,8,2195.8782590911187,69,0,0.607547
55021,983,G_rolling_coverage,14,14,14,4425.648,112,14,1,3688.64797,29,17,8,2195.8782590911187,69,0,0.525308
55021,983,I_ring_optimized,14,14,14,4455.388,116,14,1,3695.387881,33,20,6,2031.2411459093166,69,0,0.973657
55021,983,J_ring7_1000,14,14,14,4269.305,122,14,1,3471.305026,30,20,7,2034.245466791953,79,0,1.487755
55021,983,Jplus_final,14,14,14,4316.756,124,14,1,3508.756161,33,25,0,1882.3209738821395,77,0,0.278156
55021,984,C_region_q2,13,13,13,5689.356,148,13,1,4740.356367,14,0,0,nan,105,0,0.387725
55021,984,Cplus_completion_coobserve,13,13,13,4599.628,151,13,1,3632.628498,17,8,0,nan,105,0,0.28163
55021,984,F_coverage_integrated,13,13,13,4036.934,114,13,1,3292.93371,33,17,8,2275.176353247234,70,0,0.655272
55021,984,G_rolling_coverage,13,13,13,4035.295,114,13,1,3292.294912,33,17,8,2275.176353247234,70,0,0.657829
55021,984,I_ring_optimized,13,13,13,3844.74,114,13,1,3100.740338,33,20,8,2105.2549895272014,71,0,0.671957
55021,984,J_ring7_1000,13,13,13,3992.755,126,13,1,3174.755224,35,25,8,2096.294310603334,79,0,1.307799
55021,984,Jplus_final,13,13,13,3937.473,119,13,1,3161.472552,28,26,0,1966.4956461718373,78,0,0.13124
55021,985,C_region_q2,16,16,16,4993.072,151,16,1,4008.072215,15,0,0,nan,106,0,0.378825
55021,985,Cplus_completion_coobserve,16,16,16,4092.902,156,16,1,3078.901743,20,12,0,nan,106,0,0.235459
55021,985,F_coverage_integrated,16,16,16,3795.934,101,16,1,3112.934179,25,12,8,2147.773195413566,60,0,0.675722
55021,985,G_rolling_coverage,16,16,16,3760.566,102,16,1,3071.565643,26,15,8,2147.773195413566,60,0,0.559304
55021,985,I_ring_optimized,16,16,16,3902.618,121,16,1,3102.618341,41,28,8,2086.969948516965,64,0,1.00299
55021,985,J_ring7_1000,16,16,16,3484.923,114,16,1,2723.922726,39,27,8,1805.814517732765,59,0,1.58994
55021,985,Jplus_final,16,16,16,3366.501,115,16,1,2601.501046,40,35,0,1606.7674782351164,59,0,0.311108
55021,986,C_region_q2,14,14,14,4842.86,138,14,1,3945.860495,13,0,0,nan,91,0,0.495452
55021,986,Cplus_completion_coobserve,14,14,14,4385.583,139,14,1,3483.583457,14,7,0,nan,91,0,0.265742
55021,986,F_coverage_integrated,14,14,14,4464.508,110,14,1,3740.508473,35,19,8,2144.162527012877,63,0,0.683339
55021,986,G_rolling_coverage,14,14,14,4465.587,110,14,1,3741.586862,35,21,8,2144.162527012877,63,0,0.694552
55021,986,I_ring_optimized,14,14,14,4338.036,108,14,1,3625.035986,33,18,8,2043.6508856585233,63,0,0.547031
55021,986,J_ring7_1000,14,14,14,4009.715,123,14,1,3206.714561,36,24,8,2105.090478192113,73,0,1.501746
55021,986,Jplus_final,14,14,14,3961.62,118,14,1,3188.620466,31,26,0,1916.1446068895507,73,0,0.222311
55021,987,C_region_q2,12,12,12,4683.082,143,12,1,3767.082203,10,0,0,nan,104,0,0.430321
55021,987,Cplus_completion_coobserve,12,12,12,4267.438,145,12,1,3340.43837,12,5,0,nan,104,0,0.18053
55021,987,F_coverage_integrated,12,12,12,4120.199,115,12,1,3372.198843,25,14,8,2346.632338931211,79,0,0.901984
55021,987,G_rolling_coverage,12,12,12,4120.199,115,12,1,3372.198843,25,14,8,2346.632338931211,79,0,0.753679
55021,987,I_ring_optimized,12,12,12,3985.495,114,12,1,3244.495437,24,13,7,2201.4649788355064,78,0,1.43865
55021,987,J_ring7_1000,12,12,12,4080.809,126,12,1,3269.808556,25,16,4,2167.382364129927,89,0,1.146623
55021,987,Jplus_final,12,12,12,3955.069,120,12,1,3180.068868,19,14,0,2020.1587668751163,89,0,0.091626
55021,988,C_region_q2,11,11,11,4243.173,139,11,1,3356.173165,9,0,0,nan,103,0,0.328969
55021,988,Cplus_completion_coobserve,11,11,11,3761.462,140,11,1,2869.461845,10,4,0,nan,103,0,0.229079
55021,988,F_coverage_integrated,11,11,11,4146.34,127,11,1,3334.340197,31,14,8,2253.4897233854613,87,0,0.469996
55021,988,G_rolling_coverage,11,11,11,4216.964,126,11,1,3409.963643,30,15,8,2253.4897233854613,87,0,0.498135
55021,988,I_ring_optimized,11,11,11,3833.477,126,11,1,3027.477442,30,16,8,2192.301600380611,87,0,0.469216
55021,988,J_ring7_1000,11,11,11,3645.392,136,11,1,2781.392217,30,16,8,2097.4483064501237,98,0,0.694614
55021,988,Jplus_final,11,11,11,3400.562,125,11,1,2599.561658,22,19,0,1982.3121655114587,92,0,0.104024
55021,989,C_region_q2,11,11,11,4308.797,130,11,1,3475.79684,9,0,0,nan,93,0,0.282732
55021,989,Cplus_completion_coobserve,11,11,11,4106.388,133,11,1,3258.388288,12,4,0,nan,93,0,0.156306
55021,989,F_coverage_integrated,11,11,11,3759.578,115,11,1,3018.577736,32,19,8,2272.627342450581,73,0,0.997957
55021,989,G_rolling_coverage,11,11,11,3790.159,115,11,1,3049.159369,32,19,8,2272.627342450581,73,0,0.986831
55021,989,I_ring_optimized,11,11,11,3234.511,111,11,1,2517.511186,28,17,8,2159.457241580583,73,0,0.835977
55021,989,J_ring7_1000,11,11,11,3426.428,123,11,1,2637.427577,30,20,7,2107.6449420166773,82,0,1.339416
55021,989,Jplus_final,11,11,11,3329.424,113,11,1,2599.423619,20,17,0,1920.5877915495225,82,0,0.101287
55021,990,C_region_q2,12,12,12,4689.936,141,12,1,3784.936198,11,0,0,nan,101,0,0.393108
55021,990,Cplus_completion_coobserve,12,12,12,4309.705,143,12,1,3394.704925,13,5,0,nan,101,0,0.267688
55021,990,F_coverage_integrated,12,12,12,4477.247,117,12,1,3718.246653,31,17,8,2239.0176147046395,74,0,0.484895
55021,990,G_rolling_coverage,12,12,12,4293.856,116,12,1,3540.855625,30,17,8,2239.0176147046395,74,0,0.526539
55021,990,I_ring_optimized,12,12,12,4208.593,117,12,1,3451.593317,31,16,8,2143.6502370689414,74,0,0.631977
55021,990,J_ring7_1000,12,12,12,4098.714,126,12,1,3285.714228,36,21,8,2004.9270468341242,80,0,1.214307
55021,990,Jplus_final,12,12,12,3962.304,115,12,1,3216.303888,25,19,0,1882.3209738821397,78,0,0.248528
55021,991,C_region_q2,13,13,13,5016.07,146,13,1,4079.070451,15,0,0,nan,102,0,0.424574
55021,991,Cplus_completion_coobserve,13,13,13,4302.496,147,13,1,3359.496278,16,8,0,nan,102,0,0.224115
55021,991,F_coverage_integrated,13,13,13,4130.337,119,13,1,3358.336931,37,22,8,2313.385703644201,70,0,0.90465
55021,991,G_rolling_coverage,13,13,13,4078.34,118,13,1,3311.340331,36,24,8,2313.385703644201,70,0,0.856267
55021,991,I_ring_optimized,13,13,13,3886.04,112,13,1,3154.039836,30,19,8,2156.610562193767,70,0,0.718961
55021,991,J_ring7_1000,13,13,13,3855.936,125,13,1,3043.935581,34,24,6,2139.195948513956,78,0,1.330687
55021,991,Jplus_final,13,13,13,3707.919,117,13,1,2944.918568,26,21,0,1958.3150791338383,78,0,0.106347
55021,992,C_region_q2,16,16,16,4707.687,100,16,1,4033.686797,21,0,0,nan,49,0,0.601694
55021,992,Cplus_completion_coobserve,16,16,16,3467.789,102,16,1,2778.789153,23,11,0,nan,49,0,0.344164
55021,992,F_coverage_integrated,16,16,16,3615.147,94,16,1,2974.146862,41,20,8,1778.7795380041725,38,0,1.001934
55021,992,G_rolling_coverage,16,16,16,3583.681,94,16,1,2943.680694,41,23,8,1778.7795380041725,38,0,0.871339
55021,992,I_ring_optimized,16,16,16,3494.619,92,16,1,2869.618572,39,25,8,1704.6424354118626,37,0,0.637947
55021,992,J_ring7_1000,16,16,16,3322.184,82,16,1,2757.183922,42,26,8,1092.6419268576185,24,0,0.739845
55021,992,Jplus_final,16,16,16,3458.982,77,16,1,2923.981986,37,26,0,871.1035807283424,25,0,0.125428
55021,993,C_region_q2,16,16,16,4670.415,137,16,1,3769.41477,9,0,0,nan,90,0,0.266268
55021,993,Cplus_completion_coobserve,16,16,16,4293.181,140,16,1,3377.18051,12,5,0,nan,90,0,0.187584
55021,993,F_coverage_integrated,16,16,16,4148.079,102,16,1,3459.079054,35,19,8,2199.908991433543,51,0,0.925645
55021,993,G_rolling_coverage,16,16,16,4111.568,102,16,1,3422.567711,35,22,8,2199.908991433543,51,0,0.835054
55021,993,I_ring_optimized,16,16,16,3751.557,98,16,1,3087.557065,40,26,8,1758.4663112504231,42,0,0.766184
55021,993,J_ring7_1000,16,16,16,3928.619,106,16,1,3217.619,40,22,8,1801.0548562816896,51,0,0.750982
55021,993,Jplus_final,16,16,16,3721.03,95,16,1,3077.030324,29,23,0,1773.9907523653817,50,0,0.131556
55021,994,C_region_q2,14,14,14,4598.723,138,14,1,3702.723247,10,0,0,nan,96,0,0.319972
55021,994,Cplus_completion_coobserve,14,14,14,3995.408,141,14,1,3084.408391,13,7,0,nan,96,0,0.132678
55021,994,F_coverage_integrated,14,14,14,4030.683,113,14,1,3285.682621,32,21,8,2321.778785892723,67,0,0.93224
55021,994,G_rolling_coverage,14,14,14,4033.627,114,14,1,3283.627413,33,23,8,2321.778785892723,67,0,0.878448
55021,994,I_ring_optimized,14,14,14,3827.515,114,14,1,3076.515377,33,26,5,2069.522219421342,67,0,1.011001
55021,994,J_ring7_1000,14,14,14,3766.606,134,14,1,2895.606105,41,28,8,2054.51255849695,79,0,0.475679
55021,994,Jplus_final,14,14,14,3601.99,123,14,1,2795.990231,30,27,0,1938.371749046517,79,0,0.053497
55021,995,C_region_q2,16,16,16,5146.636,98,16,1,4485.635693,20,0,0,nan,50,0,0.458096
55021,995,Cplus_completion_coobserve,16,16,16,3745.85,108,16,1,3025.849769,30,17,0,nan,50,0,0.220455
55021,995,F_coverage_integrated,16,16,16,4267.872,105,16,1,3563.871644,39,21,8,1803.5659156121924,50,0,0.481249
55021,995,G_rolling_coverage,16,16,16,3834.603,110,16,1,3099.603348,44,29,8,1803.5659156121924,50,0,0.471269
55021,995,I_ring_optimized,16,16,16,3798.844,103,16,1,3107.844135,37,24,8,1836.7291647451348,50,0,0.419225
55021,995,J_ring7_1000,16,16,16,3684.292,119,16,1,2894.291686,37,26,7,1923.3261648898201,66,0,0.767144
55021,995,Jplus_final,16,16,16,3253.439,96,16,1,2601.439001,27,23,0,1574.501413270722,53,0,0.136336
55021,996,C_region_q2,13,13,13,4562.889,135,13,1,3688.88931,13,0,0,nan,91,0,0.382242
55021,996,Cplus_completion_coobserve,13,13,13,4052.928,140,13,1,3152.927957,18,9,0,nan,91,0,0.294157
55021,996,F_coverage_integrated,13,13,13,3677.729,102,13,1,3002.728606,30,18,8,2304.3653614669847,59,0,0.56987
55021,996,G_rolling_coverage,13,13,13,3677.749,103,13,1,2997.749098,31,20,8,2304.3653614669847,59,0,0.513834
55021,996,I_ring_optimized,13,13,13,3516.73,101,13,1,2849.730414,29,19,8,2091.3299616317763,59,0,0.295515
55021,996,J_ring7_1000,13,13,13,3431.116,110,13,1,2708.116341,33,22,8,2000.5631702367305,65,0,0.635232
55021,996,Jplus_final,13,13,13,3381.566,101,13,1,2713.566015,24,21,0,1812.0115144307767,64,0,0.084521
55021,997,C_region_q2,10,10,10,4026.387,134,10,1,3173.386515,9,0,0,nan,101,0,0.295753
55021,997,Cplus_completion_coobserve,10,10,10,3932.553,140,10,1,3048.552882,15,5,0,nan,101,0,0.197895
55021,997,F_coverage_integrated,10,10,10,3250.867,120,10,1,2484.866528,24,14,8,2321.0088568148662,86,0,0.768087
55021,997,G_rolling_coverage,10,10,10,3254.906,121,10,1,2483.905809,25,15,8,2321.0088568148662,86,0,0.618964
55021,997,I_ring_optimized,10,10,10,3036.362,120,10,1,2270.361772,24,14,7,2211.0497392222496,86,0,0.571389
55021,997,J_ring7_1000,10,10,10,3240.006,124,10,1,2449.006259,27,16,8,2130.8392707174435,87,0,0.355142
55021,997,Jplus_final,10,10,10,3220.74,117,10,1,2471.740348,20,18,0,1967.519044187895,87,0,0.043239
55021,998,C_region_q2,12,12,12,4621.611,130,12,1,3782.610727,10,0,0,nan,89,0,0.404891
55021,998,Cplus_completion_coobserve,12,12,12,4067.538,132,12,1,3218.538459,12,7,0,nan,89,0,0.162523
55021,998,F_coverage_integrated,12,12,12,3652.442,106,12,1,2961.442261,26,12,8,2205.0298646343704,68,0,0.707483
55021,998,G_rolling_coverage,12,12,12,3663.929,108,12,1,2960.929163,28,14,8,2205.0298646343704,68,0,0.620462
55021,998,I_ring_optimized,12,12,12,3919.682,110,12,1,3202.682257,30,17,8,2156.3945727569076,68,0,0.442936
55021,998,J_ring7_1000,12,12,12,3670.273,118,12,1,2906.272663,28,14,8,2044.7686556889514,78,0,0.684022
55021,998,Jplus_final,12,12,12,3630.854,110,12,1,2913.853776,19,17,0,1870.3209738821397,79,0,0.065227
55021,999,C_region_q2,13,13,13,4587.024,136,13,1,3708.023608,12,0,0,nan,88,0,0.438753
55021,999,Cplus_completion_coobserve,13,13,13,4196.849,138,13,1,3304.848948,14,8,0,nan,88,0,0.151224
55021,999,F_coverage_integrated,13,13,13,3751.06,106,13,1,3051.06035,32,23,7,2290.713701257537,62,0,0.937286
55021,999,G_rolling_coverage,13,13,13,3749.301,106,13,1,3049.301497,32,24,7,2290.713701257537,62,0,0.782762
55021,999,I_ring_optimized,13,13,13,3648.339,115,13,1,2897.339255,42,32,8,2147.2947078530333,61,0,0.660157
55021,999,J_ring7_1000,13,13,13,3551.667,109,13,1,2838.667358,33,19,8,2021.1667731989942,63,0,0.556681
55021,999,Jplus_final,13,13,13,3373.367,98,13,1,2723.367166,22,21,0,1875.488755913325,63,0,0.042202
55021,1000,C_region_q2,11,11,11,4440.322,146,11,1,3510.322067,11,0,0,nan,112,0,0.308839
55021,1000,Cplus_completion_coobserve,11,11,11,4056.342,152,11,1,3092.341943,17,9,0,nan,112,0,0.135609
55021,1000,F_coverage_integrated,11,11,11,3414.328,112,11,1,2688.327618,24,16,5,2353.3123282974075,77,0,0.680234
55021,1000,G_rolling_coverage,11,11,11,3406.643,111,11,1,2687.642739,23,16,5,2353.3123282974075,77,0,0.641466
55021,1000,I_ring_optimized,11,11,11,3240.998,112,11,1,2515.997508,24,17,6,2167.5475486576697,77,0,0.540407
55021,1000,J_ring7_1000,11,11,11,3923.025,130,11,1,3092.025195,31,18,8,2031.3388461950315,89,0,0.22331
55021,1000,Jplus_final,11,11,11,3131.056,117,11,1,2375.056491,20,20,0,2023.3509719582523,86,0,0.02467
