case,strategy,source_count,detected_channels,cleared_channels,total_virtual_time_s,measure_actions,clear_actions,all_cleared,search_sites,search_end_time_s,movement_time_s,search_movement_time_s,post_search_movement_time_s,detection_time_s,switching_time_s,clearing_time_s,failed_clear_actions,origin_discoveries,selected_route,pruned_observations,coobservations,pruned_truth_hits,pruned_samples,delayed_decision,probe_new,connection_m,b_order_m,wall_time_s
1,Cplus3F,16,16,16,8574.531,453,16,1,27,6096.476608808829,5781.530994775957,3765.476608808831,2016.0543859671288,2265.0,448.0,80.0,0,0,B,0,0,,,,,,,0.333882300008554
1,Cplus3FB,16,16,16,8296.531,408,16,1,27,6054.476608808829,5781.530994775957,3765.476608808831,2016.0543859671288,2040.0,395.0,80.0,0,0,B,45,36,0,"[{'channel': 1, 'point': [-1145.9, -1593.9], 'min_dist_m': 1849.4, 'truth_success': False}, {'channel': 1, 'point': [-1724.0, -938.8], 'min_dist_m': 2340.5, 'truth_success': False}, {'channel': 1, 'point': [-905.5, -783.9], 'min_dist_m': 1539.8, 'truth_success': False}]",,,,,0.3594472999975551
1,B,16,16,16,8574.531,453,16,1,27,6096.476608808829,5781.530994775957,3765.476608808831,2016.0543859671288,2265.0,448.0,80.0,0,,,,,,,,,,,0.3591725000005681
2,Cplus3F,16,16,16,9026.24,434,16,1,27,6156.501655483135,6369.239943803626,3939.5016554831373,2429.7382883204928,2170.0,407.0,80.0,0,0,B,0,0,,,,,,,0.8132556000200566
2,Cplus3FB,16,16,16,8782.24,393,16,1,27,6072.501655483135,6369.239943803626,3939.5016554831373,2429.7382883204928,1965.0,368.0,80.0,0,0,B,41,27,0,"[{'channel': 13, 'point': [1808.9, -762.5], 'min_dist_m': 1749.5, 'truth_success': False}, {'channel': 13, 'point': [614.8, -1027.9], 'min_dist_m': 2086.2, 'truth_success': False}, {'channel': 13, 'point': [1298.9, -1471.9], 'min_dist_m': 2445.4, 'truth_success': False}]",,,,,0.789025899983244
2,B,16,16,16,9026.24,434,16,1,27,6156.501655483135,6369.239943803626,3939.5016554831373,2429.7382883204928,2170.0,407.0,80.0,0,,,,,,,,,,,0.7911861000175122
3,Cplus3F,16,16,16,7896.887,335,16,1,27,5505.196811289267,5820.886802613618,3615.1968112892687,2205.68999132435,1675.0,321.0,80.0,0,0,B,0,0,,,,,,,0.21016889999737032
3,Cplus3FB,16,16,16,7896.887,335,16,1,27,5505.196811289267,5820.886802613618,3615.1968112892687,2205.68999132435,1675.0,321.0,80.0,0,0,B,0,29,0,[],,,,,0.20979610001086257
3,B,16,16,16,7896.887,335,16,1,27,5505.196811289267,5820.886802613618,3615.1968112892687,2205.68999132435,1675.0,321.0,80.0,0,,,,,,,,,,,0.22944370002369396
4,Cplus3F,16,16,16,10484.183,524,16,1,27,6787.21017275099,7287.183131742571,4171.210172750991,3115.9729589915787,2620.0,497.0,80.0,0,0,B,0,0,,,,,,,0.4401466000126675
4,Cplus3FB,16,16,16,10198.183,477,16,1,27,6679.21017275099,7287.183131742571,4171.210172750991,3115.9729589915787,2385.0,446.0,80.0,0,0,B,47,41,0,"[{'channel': 2, 'point': [-189.7, -1182.6], 'min_dist_m': 1573.2, 'truth_success': False}, {'channel': 2, 'point': [-340.9, -1933.2], 'min_dist_m': 1892.8, 'truth_success': False}, {'channel': 2, 'point': [-1145.9, -1593.9], 'min_dist_m': 2567.4, 'truth_success': False}]",,,,,0.4664706000185106
4,B,16,16,16,10484.183,524,16,1,27,6787.21017275099,7287.183131742571,4171.210172750991,3115.9729589915787,2620.0,497.0,80.0,0,,,,,,,,,,,0.35669500002404675
5,Cplus3F,16,16,16,8786.589,377,16,1,27,5567.478274701016,6459.5886402157685,3616.4782747010163,2843.1103655147513,1885.0,362.0,80.0,0,0,B,0,0,,,,,,,0.2408315000066068
5,Cplus3FB,16,16,16,8611.589,349,16,1,27,5531.478274701016,6459.5886402157685,3616.4782747010163,2843.1103655147513,1745.0,327.0,80.0,0,0,B,28,43,0,"[{'channel': 2, 'point': [-1145.9, -1593.9], 'min_dist_m': 1643.3, 'truth_success': False}, {'channel': 2, 'point': [-1724.0, -938.8], 'min_dist_m': 2283.8, 'truth_success': False}, {'channel': 2, 'point': [-905.5, -783.9], 'min_dist_m': 1564.8, 'truth_success': False}]",,,,,0.30375290001393296
5,B,16,16,16,8786.589,377,16,1,27,5567.478274701016,6459.5886402157685,3616.4782747010163,2843.1103655147513,1885.0,362.0,80.0,0,,,,,,,,,,,0.24343559998669662
6,Cplus3F,16,16,16,8742.905,434,16,1,27,5897.586596323502,6083.904908990976,3763.5865963235037,2320.318312667478,2170.0,409.0,80.0,0,0,B,0,0,,,,,,,0.7195169999904465
6,Cplus3FB,16,16,16,8270.905,355,16,1,27,5507.586596323502,6083.904908990976,3763.5865963235037,2320.318312667478,1775.0,332.0,80.0,0,0,B,79,56,0,"[{'channel': 12, 'point': [1133.4, 1589.7], 'min_dist_m': 1805.8, 'truth_success': False}, {'channel': 12, 'point': [1119.0, 427.0], 'min_dist_m': 2179.7, 'truth_success': False}, {'channel': 14, 'point': [1119.0, 427.0], 'min_dist_m': 1565.2, 'truth_success': False}]",,,,,0.6846493000048213
6,B,16,16,16,8742.905,434,16,1,27,5897.586596323502,6083.904908990976,3763.5865963235037,2320.318312667478,2170.0,409.0,80.0,0,,,,,,,,,,,0.6155696000205353
7,Cplus3F,16,16,16,8147.803,367,16,1,27,5817.118878591888,5877.802983476457,3781.118878591889,2096.684104884568,1835.0,355.0,80.0,0,0,B,0,0,,,,,,,0.4076026999973692
7,Cplus3FB,16,16,16,8040.803,349,16,1,27,5769.118878591888,5877.802983476457,3781.118878591889,2096.684104884568,1745.0,338.0,80.0,0,0,B,18,28,0,"[{'channel': 1, 'point': [-1145.9, -1593.9], 'min_dist_m': 2052.6, 'truth_success': False}, {'channel': 1, 'point': [-1724.0, -938.8], 'min_dist_m': 2701.6, 'truth_success': False}, {'channel': 1, 'point': [-905.5, -783.9], 'min_dist_m': 1969.2, 'truth_success': False}]",,,,,0.37393480000901036
7,B,16,16,16,8147.803,367,16,1,27,5817.118878591888,5877.802983476457,3781.118878591889,2096.684104884568,1835.0,355.0,80.0,0,,,,,,,,,,,0.38999039999907836
8,Cplus3F,16,16,16,9508.55,441,16,1,27,6054.972201980844,6804.5500460426565,3777.972201980845,3026.577844061813,2205.0,419.0,80.0,0,0,B,0,0,,,,,,,0.6280700999777764
8,Cplus3FB,16,16,16,9336.55,414,16,1,27,6018.972201980844,6804.5500460426565,3777.972201980845,3026.577844061813,2070.0,382.0,80.0,0,0,B,27,25,0,"[{'channel': 17, 'point': [-1145.9, -1593.9], 'min_dist_m': 1767.3, 'truth_success': False}, {'channel': 17, 'point': [-1724.0, -938.8], 'min_dist_m': 2404.4, 'truth_success': False}, {'channel': 17, 'point': [-905.5, -783.9], 'min_dist_m': 1604.7, 'truth_success': False}]",,,,,0.7945599000086077
8,B,16,16,16,9508.55,441,16,1,27,6054.972201980844,6804.5500460426565,3777.972201980845,3026.577844061813,2205.0,419.0,80.0,0,,,,,,,,,,,0.8309952999989036
9,Cplus3F,16,16,16,8116.038,358,16,1,27,5955.771840983207,5893.038368039756,3849.7718409832078,2043.2665270565485,1790.0,353.0,80.0,0,0,B,0,0,,,,,,,0.23807059999671765
9,Cplus3FB,16,16,16,8116.038,358,16,1,27,5955.771840983207,5893.038368039756,3849.7718409832078,2043.2665270565485,1790.0,353.0,80.0,0,0,B,0,21,0,[],,,,,0.3138533000019379
9,B,16,16,16,8116.038,358,16,1,27,5955.771840983207,5893.038368039756,3849.7718409832078,2043.2665270565485,1790.0,353.0,80.0,0,,,,,,,,,,,0.2715328000194859
10,Cplus3F,16,16,16,8162.293,416,16,1,27,5692.106982706606,5594.292892328772,3585.1069827066076,2009.1859096221658,2080.0,408.0,80.0,0,0,B,0,0,,,,,,,0.43052980001084507
10,Cplus3FB,16,16,16,7827.293,361,16,1,27,5572.106982706606,5594.292892328772,3585.1069827066076,2009.1859096221658,1805.0,348.0,80.0,0,0,B,55,49,0,"[{'channel': 17, 'point': [1119.0, 427.0], 'min_dist_m': 1565.2, 'truth_success': False}, {'channel': 17, 'point': [1724.0, 938.8], 'min_dist_m': 1961.8, 'truth_success': False}, {'channel': 17, 'point': [1960.6, 97.8], 'min_dist_m': 2459.6, 'truth_success': False}]",,,,,0.3383613000041805
10,B,16,16,16,8162.293,416,16,1,27,5692.106982706606,5594.292892328772,3585.1069827066076,2009.1859096221658,2080.0,408.0,80.0,0,,,,,,,,,,,0.34596559999044985
11,Cplus3F,16,16,16,9658.577,444,16,1,27,6367.656803003241,6922.576601329548,4115.656803003243,2806.919798326306,2220.0,436.0,80.0,0,0,B,0,0,,,,,,,0.3742663999728393
11,Cplus3FB,16,16,16,9339.577,393,16,1,27,6277.656803003241,6922.576601329548,4115.656803003243,2806.919798326306,1965.0,372.0,80.0,0,0,B,51,37,0,"[{'channel': 20, 'point': [-340.9, -1933.2], 'min_dist_m': 1789.5, 'truth_success': False}, {'channel': 20, 'point': [-1145.9, -1593.9], 'min_dist_m': 2479.6, 'truth_success': False}, {'channel': 20, 'point': [-1724.0, -938.8], 'min_dist_m': 3041.2, 'truth_success': False}]",,,,,0.4158022999763489
11,B,16,16,16,9658.577,444,16,1,27,6367.656803003241,6922.576601329548,4115.656803003243,2806.919798326306,2220.0,436.0,80.0,0,,,,,,,,,,,0.3865885999985039
12,Cplus3F,16,16,16,9438.043,406,16,1,27,5700.055433249418,6945.043144389851,3771.055433249419,3173.98771114043,2030.0,383.0,80.0,0,0,B,0,0,,,,,,,0.5842757000064012
12,Cplus3FB,16,16,16,9222.043,371,16,1,27,5646.055433249418,6945.043144389851,3771.055433249419,3173.98771114043,1855.0,342.0,80.0,0,0,B,35,35,0,"[{'channel': 8, 'point': [-189.7, -1182.6], 'min_dist_m': 1564.9, 'truth_success': False}, {'channel': 8, 'point': [-340.9, -1933.2], 'min_dist_m': 1881.3, 'truth_success': False}, {'channel': 8, 'point': [-1145.9, -1593.9], 'min_dist_m': 2557.7, 'truth_success': False}]",,,,,0.5653189999866299
12,B,16,16,16,9438.043,406,16,1,27,5700.055433249418,6945.043144389851,3771.055433249419,3173.98771114043,2030.0,383.0,80.0,0,,,,,,,,,,,0.5684866999799851
13,Cplus3F,16,16,16,8843.487,416,16,1,27,5532.745991325336,6283.487280695406,3448.745991325338,2834.741289370071,2080.0,400.0,80.0,0,0,B,0,0,,,,,,,0.5710159000009298
13,Cplus3FB,16,16,16,8598.487,375,16,1,27,5454.745991325336,6283.487280695406,3448.745991325338,2834.741289370071,1875.0,360.0,80.0,0,0,B,41,36,0,"[{'channel': 6, 'point': [1960.6, 97.8], 'min_dist_m': 1672.8, 'truth_success': False}, {'channel': 6, 'point': [1808.9, -762.5], 'min_dist_m': 2185.3, 'truth_success': False}, {'channel': 6, 'point': [1131.7, -392.2], 'min_dist_m': 1539.8, 'truth_success': False}]",,,,,0.5534933999879286
13,B,16,16,16,8843.487,416,16,1,27,5532.745991325336,6283.487280695406,3448.745991325338,2834.741289370071,2080.0,400.0,80.0,0,,,,,,,,,,,0.6207869999925606
14,Cplus3F,16,16,16,8972.062,396,16,1,27,6060.623500535379,6539.061861880016,3959.6235005353806,2579.438361344634,1980.0,373.0,80.0,0,0,B,0,0,,,,,,,0.3331602000107523
14,Cplus3FB,16,16,16,8826.062,372,16,1,27,6024.623500535379,6539.061861880016,3959.6235005353806,2579.438361344634,1860.0,347.0,80.0,0,0,B,24,27,0,"[{'channel': 3, 'point': [-1724.0, -938.8], 'min_dist_m': 1851.6, 'truth_success': False}, {'channel': 3, 'point': [-602.8, -257.5], 'min_dist_m': 1606.9, 'truth_success': False}, {'channel': 3, 'point': [-1197.6, -18.5], 'min_dist_m': 2100.2, 'truth_success': False}]",,,,,0.28681609997875057
14,B,16,16,16,8972.062,396,16,1,27,6060.623500535379,6539.061861880016,3959.6235005353806,2579.438361344634,1980.0,373.0,80.0,0,,,,,,,,,,,0.4072181000083219
15,Cplus3F,16,16,16,10623.8,414,16,1,27,5982.015325683092,8089.800347140853,3777.015325683093,4312.785021457764,2070.0,384.0,80.0,0,0,B,0,0,,,,,,,0.5533391999779269
15,Cplus3FB,16,16,16,10623.8,414,16,1,27,5982.015325683092,8089.800347140853,3777.015325683093,4312.785021457764,2070.0,384.0,80.0,0,0,B,0,23,0,[],,,,,0.584370199998375
15,B,16,16,16,10623.8,414,16,1,27,5982.015325683092,8089.800347140853,3777.015325683093,4312.785021457764,2070.0,384.0,80.0,0,,,,,,,,,,,0.5557034999947064
16,Cplus3F,16,16,16,10375.338,566,16,1,27,5731.6275951072685,6906.338323433991,3423.6275951072703,3482.7107283267214,2830.0,559.0,80.0,0,0,B,0,0,,,,,,,0.7463083999755327
16,Cplus3FB,16,16,16,9608.338,440,16,1,27,5461.6275951072685,6906.338323433991,3423.6275951072703,3482.7107283267214,2200.0,422.0,80.0,0,0,B,126,89,0,"[{'channel': 9, 'point': [1133.4, 1589.7], 'min_dist_m': 1815.5, 'truth_success': False}, {'channel': 17, 'point': [1133.4, 1589.7], 'min_dist_m': 1785.8, 'truth_success': False}, {'channel': 9, 'point': [1119.0, 427.0], 'min_dist_m': 2185.8, 'truth_success': False}]",,,,,0.6877042999840342
16,B,16,16,16,10375.338,566,16,1,27,5731.6275951072685,6906.338323433991,3423.6275951072703,3482.7107283267214,2830.0,559.0,80.0,0,,,,,,,,,,,0.8611210000235587
17,Cplus3F,16,16,16,7655.156,337,16,1,27,4609.50886104493,5575.156269562579,3034.508861044931,2540.6474085176496,1685.0,315.0,80.0,0,0,B,0,0,,,,,,,0.6244816000107676
17,Cplus3FB,16,16,16,7385.156,292,16,1,27,4531.50886104493,5575.156269562579,3034.508861044931,2540.6474085176496,1460.0,270.0,80.0,0,0,B,45,31,0,"[{'channel': 9, 'point': [1119.0, 427.0], 'min_dist_m': 1565.2, 'truth_success': False}, {'channel': 9, 'point': [1724.0, 938.8], 'min_dist_m': 1961.8, 'truth_success': False}, {'channel': 9, 'point': [1960.6, 97.8], 'min_dist_m': 2459.6, 'truth_success': False}]",,,,,0.6960788999858778
17,B,16,16,16,7655.156,337,16,1,27,4609.50886104493,5575.156269562579,3034.508861044931,2540.6474085176496,1685.0,315.0,80.0,0,,,,,,,,,,,0.552740699989954
18,Cplus3F,16,16,16,9801.01,490,16,1,27,5677.166387137741,6794.010347321616,3441.166387137744,3352.8439601838722,2450.0,477.0,80.0,0,0,B,0,0,,,,,,,0.4447284000052605
18,Cplus3FB,16,16,16,9263.01,401,16,1,27,5443.166387137741,6794.010347321616,3441.166387137744,3352.8439601838722,2005.0,384.0,80.0,0,0,B,89,65,0,"[{'channel': 12, 'point': [1119.0, 427.0], 'min_dist_m': 1565.2, 'truth_success': False}, {'channel': 12, 'point': [1724.0, 938.8], 'min_dist_m': 1961.8, 'truth_success': False}, {'channel': 12, 'point': [1960.6, 97.8], 'min_dist_m': 2459.6, 'truth_success': False}]",,,,,0.4614865999901667
18,B,16,16,16,9801.01,490,16,1,27,5677.166387137741,6794.010347321616,3441.166387137744,3352.8439601838722,2450.0,477.0,80.0,0,,,,,,,,,,,0.4983039000071585
19,Cplus3F,16,16,16,9829.169,527,16,1,27,6721.321662398185,6603.168508224115,4128.321662398187,2474.846845825924,2635.0,511.0,80.0,0,0,B,0,0,,,,,,,0.4681098999863025
19,Cplus3FB,16,16,16,9209.169,425,16,1,27,6349.321662398185,6603.168508224115,4128.321662398187,2474.846845825924,2125.0,401.0,80.0,0,0,B,102,53,0,"[{'channel': 10, 'point': [1119.0, 427.0], 'min_dist_m': 1565.2, 'truth_success': False}, {'channel': 10, 'point': [1724.0, 938.8], 'min_dist_m': 1961.8, 'truth_success': False}, {'channel': 10, 'point': [1960.6, 97.8], 'min_dist_m': 2459.6, 'truth_success': False}]",,,,,0.5344074000022374
19,B,16,16,16,9829.169,527,16,1,27,6721.321662398185,6603.168508224115,4128.321662398187,2474.846845825924,2635.0,511.0,80.0,0,,,,,,,,,,,0.46335140001610853
20,Cplus3F,16,16,16,9273.453,430,16,1,27,6091.211065594546,6621.452625502512,3952.211065594548,2669.241559907967,2150.0,422.0,80.0,0,0,B,0,0,,,,,,,0.4903971999883652
20,Cplus3FB,16,16,16,8952.453,379,16,1,27,5971.211065594546,6621.452625502512,3952.211065594548,2669.241559907967,1895.0,356.0,80.0,0,0,B,51,43,0,"[{'channel': 13, 'point': [614.8, -1027.9], 'min_dist_m': 1862.0, 'truth_success': False}, {'channel': 13, 'point': [1298.9, -1471.9], 'min_dist_m': 1976.5, 'truth_success': False}, {'channel': 13, 'point': [601.1, -1871.6], 'min_dist_m': 2590.7, 'truth_success': False}]",,,,,0.5640637000033166
20,B,16,16,16,9273.453,430,16,1,27,6091.211065594546,6621.452625502512,3952.211065594548,2669.241559907967,2150.0,422.0,80.0,0,,,,,,,,,,,0.5314679000002798
21,Cplus3F,16,16,16,9237.953,441,16,1,27,6183.361382082123,6527.9528529575755,3936.3613820821242,2591.5914708754513,2205.0,425.0,80.0,0,0,B,0,0,,,,,,,0.46897409998928197
21,Cplus3FB,16,16,16,8965.953,397,16,1,27,6027.361382082123,6527.9528529575755,3936.3613820821242,2591.5914708754513,1985.0,373.0,80.0,0,0,B,44,42,0,"[{'channel': 4, 'point': [1960.6, 97.8], 'min_dist_m': 1941.7, 'truth_success': False}, {'channel': 4, 'point': [1808.9, -762.5], 'min_dist_m': 2608.7, 'truth_success': False}, {'channel': 4, 'point': [1131.7, -392.2], 'min_dist_m': 2053.7, 'truth_success': False}]",,,,,0.5164506000000983
21,B,16,16,16,9237.953,441,16,1,27,6183.361382082123,6527.9528529575755,3936.3613820821242,2591.5914708754513,2205.0,425.0,80.0,0,,,,,,,,,,,0.41122089998680167
22,Cplus3F,16,16,16,8249.66,389,16,1,27,5456.787012814364,5840.6601600214035,3417.7870128143663,2422.873147207036,1945.0,384.0,80.0,0,0,B,0,0,,,,,,,0.41930850001517683
22,Cplus3FB,16,16,16,8033.66,353,16,1,27,5264.787012814364,5840.6601600214035,3417.7870128143663,2422.873147207036,1765.0,348.0,80.0,0,0,B,36,50,0,"[{'channel': 10, 'point': [1133.4, 1589.7], 'min_dist_m': 1923.5, 'truth_success': False}, {'channel': 16, 'point': [1133.4, 1589.7], 'min_dist_m': 1832.6, 'truth_success': False}, {'channel': 10, 'point': [1119.0, 427.0], 'min_dist_m': 2249.9, 'truth_success': False}]",,,,,0.3536653000046499
22,B,16,16,16,8249.66,389,16,1,27,5456.787012814364,5840.6601600214035,3417.7870128143663,2422.873147207036,1945.0,384.0,80.0,0,,,,,,,,,,,0.5534304000029806
23,Cplus3F,16,16,16,9704.975,477,16,1,27,6330.054736904375,6779.9753707586015,3964.0547369043766,2815.920633854223,2385.0,460.0,80.0,0,0,B,0,0,,,,,,,0.5261277000245173
23,Cplus3FB,16,16,16,9224.975,398,16,1,27,6108.054736904375,6779.9753707586015,3964.0547369043766,2815.920633854223,1990.0,375.0,80.0,0,0,B,79,42,0,"[{'channel': 11, 'point': [1133.4, 1589.7], 'min_dist_m': 1780.9, 'truth_success': False}, {'channel': 11, 'point': [1119.0, 427.0], 'min_dist_m': 2164.3, 'truth_success': False}, {'channel': 11, 'point': [1724.0, 938.8], 'min_dist_m': 2482.6, 'truth_success': False}]",,,,,0.6595889999880455
23,B,16,16,16,9704.975,477,16,1,27,6330.054736904375,6779.9753707586015,3964.0547369043766,2815.920633854223,2385.0,460.0,80.0,0,,,,,,,,,,,0.5340165999950841
24,Cplus3F,16,16,16,10097.626,472,16,1,27,5756.17671023081,7197.625863362208,3799.1767102308118,3398.4491531313975,2360.0,460.0,80.0,0,0,B,0,0,,,,,,,0.5556261999881826
24,Cplus3FB,16,16,16,9428.626,365,16,1,27,5606.1767102308095,7197.625863362208,3799.1767102308118,3398.4491531313975,1825.0,326.0,80.0,0,0,B,107,41,0,"[{'channel': 16, 'point': [1808.9, -762.5], 'min_dist_m': 1963.2, 'truth_success': False}, {'channel': 16, 'point': [1131.7, -392.2], 'min_dist_m': 1565.9, 'truth_success': False}, {'channel': 16, 'point': [524.4, -393.3], 'min_dist_m': 1768.6, 'truth_success': False}]",,,,,0.5235922999854665
24,B,16,16,16,10097.626,472,16,1,27,5756.17671023081,7197.625863362208,3799.1767102308118,3398.4491531313975,2360.0,460.0,80.0,0,,,,,,,,,,,0.462158799986355
25,Cplus3F,16,16,16,8513.037,401,16,1,27,6235.600492026413,6035.036641503289,4038.6004920264145,1996.436149476872,2005.0,393.0,80.0,0,0,B,0,0,,,,,,,0.2518691999721341
25,Cplus3FB,16,16,16,8349.037,373,16,1,27,6193.600492026413,6035.036641503289,4038.6004920264145,1996.436149476872,1865.0,369.0,80.0,0,0,B,28,30,0,"[{'channel': 6, 'point': [-1145.9, -1593.9], 'min_dist_m': 1849.5, 'truth_success': False}, {'channel': 6, 'point': [-1724.0, -938.8], 'min_dist_m': 2340.5, 'truth_success': False}, {'channel': 6, 'point': [-905.5, -783.9], 'min_dist_m': 1539.8, 'truth_success': False}]",,,,,0.23000449998653494
25,B,16,16,16,8513.037,401,16,1,27,6235.600492026413,6035.036641503289,4038.6004920264145,1996.436149476872,2005.0,393.0,80.0,0,,,,,,,,,,,0.2651002000202425
26,Cplus3F,16,16,16,9328.858,485,16,1,27,6026.01907084465,6344.858393976802,3760.0190708446517,2584.8393231321497,2425.0,479.0,80.0,0,0,B,0,0,,,,,,,0.3735591000004206
26,Cplus3FB,16,16,16,8710.858,382,16,1,27,5606.019070844651,6344.858393976802,3760.0190708446517,2584.8393231321497,1910.0,376.0,80.0,0,0,B,103,91,0,"[{'channel': 14, 'point': [1119.0, 427.0], 'min_dist_m': 1565.2, 'truth_success': False}, {'channel': 14, 'point': [1724.0, 938.8], 'min_dist_m': 1961.8, 'truth_success': False}, {'channel': 10, 'point': [1960.6, 97.8], 'min_dist_m': 1953.4, 'truth_success': False}]",,,,,0.5100611000088975
26,B,16,16,16,9328.858,485,16,1,27,6026.01907084465,6344.858393976802,3760.0190708446517,2584.8393231321497,2425.0,479.0,80.0,0,,,,,,,,,,,0.46077119998517446
27,Cplus3F,16,16,16,10168.584,535,16,1,27,6363.619552307514,6890.5839128444795,3954.6195523075166,2935.964360536965,2675.0,523.0,80.0,0,0,B,0,0,,,,,,,0.8882050999964122
27,Cplus3FB,16,16,16,9408.584,412,16,1,27,6045.619552307514,6890.5839128444795,3954.6195523075166,2935.964360536965,2060.0,378.0,80.0,0,0,B,123,60,0,"[{'channel': 2, 'point': [1133.4, 1589.7], 'min_dist_m': 1610.2, 'truth_success': False}, {'channel': 6, 'point': [1119.0, 427.0], 'min_dist_m': 1565.2, 'truth_success': False}, {'channel': 2, 'point': [1724.0, 938.8], 'min_dist_m': 2142.1, 'truth_success': False}]",,,,,0.6737339999817777
27,B,16,16,16,10168.584,535,16,1,27,6363.619552307514,6890.5839128444795,3954.6195523075166,2935.964360536965,2675.0,523.0,80.0,0,,,,,,,,,,,0.783920499990927
28,Cplus3F,16,16,16,9051.396,473,16,1,27,6087.130332811686,6143.396107862324,3780.1303328116874,2363.265775050635,2365.0,463.0,80.0,0,0,B,0,0,,,,,,,0.48028920000069775
28,Cplus3FB,16,16,16,8747.396,423,16,1,27,5949.130332811686,6143.396107862324,3780.1303328116874,2363.265775050635,2115.0,409.0,80.0,0,0,B,50,66,0,"[{'channel': 8, 'point': [1119.0, 427.0], 'min_dist_m': 1565.2, 'truth_success': False}, {'channel': 8, 'point': [1724.0, 938.8], 'min_dist_m': 1961.8, 'truth_success': False}, {'channel': 8, 'point': [1960.6, 97.8], 'min_dist_m': 2459.6, 'truth_success': False}]",,,,,0.6460003000102006
28,B,16,16,16,9051.396,473,16,1,27,6087.130332811686,6143.396107862324,3780.1303328116874,2363.265775050635,2365.0,463.0,80.0,0,,,,,,,,,,,0.5576591999852099
29,Cplus3F,16,16,16,8591.111,429,16,1,27,5934.653289583,5951.111331407883,3694.653289583001,2256.4580418248825,2145.0,415.0,80.0,0,0,B,0,0,,,,,,,0.4274063000048045
29,Cplus3FB,16,16,16,8389.111,397,16,1,27,5892.653289583,5951.111331407883,3694.653289583001,2256.4580418248825,1985.0,373.0,80.0,0,0,B,32,34,0,"[{'channel': 4, 'point': [-340.9, -1933.2], 'min_dist_m': 1790.2, 'truth_success': False}, {'channel': 4, 'point': [-1145.9, -1593.9], 'min_dist_m': 2480.2, 'truth_success': False}, {'channel': 4, 'point': [-1724.0, -938.8], 'min_dist_m': 3042.0, 'truth_success': False}]",,,,,0.4459723999898415
29,B,16,16,16,8591.111,429,16,1,27,5934.653289583,5951.111331407883,3694.653289583001,2256.4580418248825,2145.0,415.0,80.0,0,,,,,,,,,,,0.4434033000143245
30,Cplus3F,16,16,16,9217.713,420,16,1,27,5406.121456522603,6642.712650244883,3479.121456522605,3163.591193722283,2100.0,395.0,80.0,0,0,B,0,0,,,,,,,0.5331888000073377
30,Cplus3FB,16,16,16,8770.713,349,16,1,27,5208.121456522604,6642.712650244883,3479.121456522605,3163.591193722283,1745.0,303.0,80.0,0,0,B,71,39,0,"[{'channel': 16, 'point': [1119.0, 427.0], 'min_dist_m': 1565.2, 'truth_success': False}, {'channel': 16, 'point': [1724.0, 938.8], 'min_dist_m': 1961.5, 'truth_success': False}, {'channel': 16, 'point': [1960.6, 97.8], 'min_dist_m': 2459.6, 'truth_success': False}]",,,,,0.6512766999949235
30,B,16,16,16,9217.713,420,16,1,27,5406.121456522603,6642.712650244883,3479.121456522605,3163.591193722283,2100.0,395.0,80.0,0,,,,,,,,,,,0.6059152000234462
31,Cplus3F,16,16,16,8563.214,433,16,1,27,6425.721479075468,5901.21377690557,3969.721479075469,1931.4922978301045,2165.0,417.0,80.0,0,0,B,0,0,,,,,,,0.40879519999725744
31,Cplus3FB,16,16,16,8454.214,415,16,1,27,6323.721479075468,5901.21377690557,3969.721479075469,1931.4922978301045,2075.0,398.0,80.0,0,0,B,18,34,0,"[{'channel': 8, 'point': [1119.0, 427.0], 'min_dist_m': 1565.2, 'truth_success': False}, {'channel': 8, 'point': [1724.0, 938.8], 'min_dist_m': 1961.8, 'truth_success': False}, {'channel': 8, 'point': [1960.6, 97.8], 'min_dist_m': 2459.6, 'truth_success': False}]",,,,,0.3288194999913685
31,B,16,16,16,8563.214,433,16,1,27,6425.721479075468,5901.21377690557,3969.721479075469,1931.4922978301045,2165.0,417.0,80.0,0,,,,,,,,,,,0.3848025999905076
32,Cplus3F,16,16,16,8886.042,401,16,1,27,6188.470267341045,6405.042033914839,3941.470267341047,2463.571766573792,2005.0,396.0,80.0,0,0,B,0,0,,,,,,,0.40511230000993237
32,Cplus3FB,16,16,16,8568.042,348,16,1,27,5882.470267341046,6405.042033914839,3941.470267341047,2463.571766573792,1740.0,343.0,80.0,0,0,B,53,48,0,"[{'channel': 9, 'point': [1133.4, 1589.7], 'min_dist_m': 1932.7, 'truth_success': False}, {'channel': 3, 'point': [1119.0, 427.0], 'min_dist_m': 1565.2, 'truth_success': False}, {'channel': 9, 'point': [1119.0, 427.0], 'min_dist_m': 2255.5, 'truth_success': False}]",,,,,0.39341929997317493
32,B,16,16,16,8886.042,401,16,1,27,6188.470267341045,6405.042033914839,3941.470267341047,2463.571766573792,2005.0,396.0,80.0,0,,,,,,,,,,,0.31658439998864196
33,Cplus3F,16,16,16,9096.033,447,16,1,27,6141.535253151219,6341.032640351973,3768.53525315122,2572.497387200752,2235.0,440.0,80.0,0,0,B,0,0,,,,,,,0.4162188999762293
33,Cplus3FB,16,16,16,8836.033,404,16,1,27,5943.535253151219,6341.032640351973,3768.53525315122,2572.497387200752,2020.0,395.0,80.0,0,0,B,43,47,0,"[{'channel': 8, 'point': [1133.4, 1589.7], 'min_dist_m': 1902.2, 'truth_success': False}, {'channel': 8, 'point': [1119.0, 427.0], 'min_dist_m': 2237.0, 'truth_success': False}, {'channel': 8, 'point': [1724.0, 938.8], 'min_dist_m': 2585.9, 'truth_success': False}]",,,,,0.47421220000251196
33,B,16,16,16,9096.033,447,16,1,27,6141.535253151219,6341.032640351973,3768.53525315122,2572.497387200752,2235.0,440.0,80.0,0,,,,,,,,,,,0.4094426999799907
34,Cplus3F,16,16,16,8770.399,395,16,1,27,5725.150334373811,6328.398973205746,3842.1503343738127,2486.2486388319385,1975.0,387.0,80.0,0,0,B,0,0,,,,,,,0.5677075999847148
34,Cplus3FB,16,16,16,8395.399,335,16,1,27,5617.150334373811,6328.398973205746,3842.1503343738127,2486.2486388319385,1675.0,312.0,80.0,0,0,B,60,34,0,"[{'channel': 2, 'point': [1119.0, 427.0], 'min_dist_m': 1565.2, 'truth_success': False}, {'channel': 2, 'point': [1724.0, 938.8], 'min_dist_m': 1961.8, 'truth_success': False}, {'channel': 2, 'point': [1960.6, 97.8], 'min_dist_m': 2459.6, 'truth_success': False}]",,,,,0.6208865999942645
34,B,16,16,16,8770.399,395,16,1,27,5725.150334373811,6328.398973205746,3842.1503343738127,2486.2486388319385,1975.0,387.0,80.0,0,,,,,,,,,,,0.49826360002043657
35,Cplus3F,16,16,16,9518.844,476,16,1,27,5952.451597672645,6589.844114938109,3784.4515976726466,2805.392517265462,2380.0,469.0,80.0,0,0,B,0,0,,,,,,,0.380104299983941
35,Cplus3FB,16,16,16,8959.844,384,16,1,27,5712.451597672645,6589.844114938109,3784.4515976726466,2805.392517265462,1920.0,370.0,80.0,0,0,B,92,65,0,"[{'channel': 16, 'point': [1119.0, 427.0], 'min_dist_m': 1840.7, 'truth_success': False}, {'channel': 16, 'point': [1724.0, 938.8], 'min_dist_m': 2024.9, 'truth_success': False}, {'channel': 16, 'point': [1960.6, 97.8], 'min_dist_m': 2678.7, 'truth_success': False}]",,,,,0.33448990000761114
35,B,16,16,16,9518.844,476,16,1,27,5952.451597672645,6589.844114938109,3784.4515976726466,2805.392517265462,2380.0,469.0,80.0,0,,,,,,,,,,,0.43460479998611845
36,Cplus3F,16,16,16,10014.054,529,16,1,27,5808.0197927999925,6772.054141865707,3585.019792799995,3187.034349065713,2645.0,517.0,80.0,0,0,B,0,0,,,,,,,0.5075286999926902
36,Cplus3FB,16,16,16,9472.054,440,16,1,27,5688.0197927999925,6772.054141865707,3585.019792799995,3187.034349065713,2200.0,420.0,80.0,0,0,B,89,81,0,"[{'channel': 8, 'point': [1119.0, 427.0], 'min_dist_m': 1854.5, 'truth_success': False}, {'channel': 8, 'point': [1724.0, 938.8], 'min_dist_m': 2044.7, 'truth_success': False}, {'channel': 8, 'point': [1960.6, 97.8], 'min_dist_m': 2695.1, 'truth_success': False}]",,,,,0.46813079999992624
36,B,16,16,16,10014.054,529,16,1,27,5808.0197927999925,6772.054141865707,3585.019792799995,3187.034349065713,2645.0,517.0,80.0,0,,,,,,,,,,,0.451801199989859
37,Cplus3F,16,16,16,8484.947,373,16,1,27,5389.493803370869,6172.946768549127,3429.4938033708704,2743.452965178257,1865.0,367.0,80.0,0,0,B,0,0,,,,,,,0.6079549999849405
37,Cplus3FB,16,16,16,8357.947,352,16,1,27,5293.493803370869,6172.946768549127,3429.4938033708704,2743.452965178257,1760.0,345.0,80.0,0,0,B,21,49,0,"[{'channel': 18, 'point': [1133.4, 1589.7], 'min_dist_m': 1831.8, 'truth_success': False}, {'channel': 18, 'point': [1119.0, 427.0], 'min_dist_m': 2195.6, 'truth_success': False}, {'channel': 18, 'point': [1724.0, 938.8], 'min_dist_m': 2526.4, 'truth_success': False}]",,,,,0.5776377999864053
37,B,16,16,16,8484.947,373,16,1,27,5389.493803370869,6172.946768549127,3429.4938033708704,2743.452965178257,1865.0,367.0,80.0,0,,,,,,,,,,,0.5981929999834392
38,Cplus3F,16,16,16,9365.033,432,16,1,27,5465.1453349062285,6721.033115275823,3446.1453349062313,3274.8877803695946,2160.0,404.0,80.0,0,0,B,0,0,,,,,,,0.32343620000756346
38,Cplus3FB,16,16,16,8959.033,367,16,1,27,5327.1453349062285,6721.033115275823,3446.1453349062313,3274.8877803695946,1835.0,323.0,80.0,0,0,B,65,39,0,"[{'channel': 12, 'point': [1133.4, 1589.7], 'min_dist_m': 1962.4, 'truth_success': False}, {'channel': 12, 'point': [582.8, 1046.4], 'min_dist_m': 1516.2, 'truth_success': False}, {'channel': 12, 'point': [1119.0, 427.0], 'min_dist_m': 2273.6, 'truth_success': False}]",,,,,0.460038400022313
38,B,16,16,16,9365.033,432,16,1,27,5465.1453349062285,6721.033115275823,3446.1453349062313,3274.8877803695946,2160.0,404.0,80.0,0,,,,,,,,,,,0.4253585000114981
39,Cplus3F,16,16,16,8425.544,367,16,1,27,5356.574194649083,6169.544125972988,3489.5741946490843,2679.9699313239034,1835.0,341.0,80.0,0,0,B,0,0,,,,,,,0.633632100012619
39,Cplus3FB,16,16,16,8260.544,340,16,1,27,5278.574194649083,6169.544125972988,3489.5741946490843,2679.9699313239034,1700.0,311.0,80.0,0,0,B,27,27,0,"[{'channel': 18, 'point': [1808.9, -762.5], 'min_dist_m': 1878.9, 'truth_success': False}, {'channel': 18, 'point': [1131.7, -392.2], 'min_dist_m': 1504.5, 'truth_success': False}, {'channel': 18, 'point': [524.4, -393.3], 'min_dist_m': 1735.3, 'truth_success': False}]",,,,,0.5700507999863476
39,B,16,16,16,8425.544,367,16,1,27,5356.574194649083,6169.544125972988,3489.5741946490843,2679.9699313239034,1835.0,341.0,80.0,0,,,,,,,,,,,0.5799870000046212
40,Cplus3F,16,16,16,8924.745,424,16,1,27,5300.104762359019,6325.745254971904,3424.104762359021,2901.6404926128853,2120.0,399.0,80.0,0,0,B,0,0,,,,,,,0.952788700000383
40,Cplus3FB,16,16,16,8532.745,360,16,1,27,5252.104762359019,6325.745254971904,3424.104762359021,2901.6404926128853,1800.0,327.0,80.0,0,0,B,64,38,0,"[{'channel': 2, 'point': [601.1, -1871.6], 'min_dist_m': 1563.8, 'truth_success': False}, {'channel': 2, 'point': [-340.9, -1933.2], 'min_dist_m': 2039.4, 'truth_success': False}, {'channel': 2, 'point': [-1145.9, -1593.9], 'min_dist_m': 2416.3, 'truth_success': False}]",,,,,1.0544276000000536
40,B,16,16,16,8924.745,424,16,1,27,5300.104762359019,6325.745254971904,3424.104762359021,2901.6404926128853,2120.0,399.0,80.0,0,,,,,,,,,,,0.9200490000075661
41,Cplus3F,16,16,16,7627.049,332,16,1,27,5179.376660872394,5567.049225420445,3454.376660872395,2112.672564548051,1660.0,320.0,80.0,0,0,B,0,0,,,,,,,0.4747088000003714
41,Cplus3FB,16,16,16,7485.049,308,16,1,27,5179.376660872394,5567.049225420445,3454.376660872395,2112.672564548051,1540.0,298.0,80.0,0,0,B,24,27,0,"[{'channel': 20, 'point': [-1112.1, 1290.9], 'min_dist_m': 2025.0, 'truth_success': False}, {'channel': 20, 'point': [-1091.2, 1446.3], 'min_dist_m': 2181.5, 'truth_success': False}, {'channel': 20, 'point': [-1188.7, 1468.3], 'min_dist_m': 2199.0, 'truth_success': False}]",,,,,0.5347559000074398
41,B,16,16,16,7627.049,332,16,1,27,5179.376660872394,5567.049225420445,3454.376660872395,2112.672564548051,1660.0,320.0,80.0,0,,,,,,,,,,,0.5076558000000659
42,Cplus3F,16,16,16,8980.245,428,16,1,27,5925.916179482293,6345.2447168193,3749.916179482294,2595.328537337006,2140.0,415.0,80.0,0,0,B,0,0,,,,,,,0.5108730999927502
42,Cplus3FB,16,16,16,8730.245,386,16,1,27,5853.916179482293,6345.2447168193,3749.916179482294,2595.328537337006,1930.0,375.0,80.0,0,0,B,42,32,0,"[{'channel': 8, 'point': [614.8, -1027.9], 'min_dist_m': 1694.2, 'truth_success': False}, {'channel': 8, 'point': [1298.9, -1471.9], 'min_dist_m': 1760.1, 'truth_success': False}, {'channel': 8, 'point': [601.1, -1871.6], 'min_dist_m': 2403.9, 'truth_success': False}]",,,,,0.45007939997594804
42,B,16,16,16,8980.245,428,16,1,27,5925.916179482293,6345.2447168193,3749.916179482294,2595.328537337006,2140.0,415.0,80.0,0,,,,,,,,,,,0.4726588999910746
43,Cplus3F,16,16,16,8810.425,428,16,1,27,6356.939472043667,6175.425404041839,3986.9394720436667,2188.4859319981733,2140.0,415.0,80.0,0,0,B,0,0,,,,,,,0.4364466000115499
43,Cplus3FB,16,16,16,8527.425,381,16,1,27,6134.939472043667,6175.425404041839,3986.9394720436667,2188.4859319981733,1905.0,367.0,80.0,0,0,B,47,36,0,"[{'channel': 4, 'point': [1133.4, 1589.7], 'min_dist_m': 1896.9, 'truth_success': False}, {'channel': 4, 'point': [1119.0, 427.0], 'min_dist_m': 2233.9, 'truth_success': False}, {'channel': 4, 'point': [1724.0, 938.8], 'min_dist_m': 2581.4, 'truth_success': False}]",,,,,0.48768699998618104
43,B,16,16,16,8810.425,428,16,1,27,6356.939472043667,6175.425404041839,3986.9394720436667,2188.4859319981733,2140.0,415.0,80.0,0,,,,,,,,,,,0.35206030000699684
44,Cplus3F,16,16,16,9709.187,483,16,1,27,5707.659221332264,6750.1868004417065,3598.659221332265,3151.527579109438,2415.0,464.0,80.0,0,0,B,0,0,,,,,,,0.7150851999758743
44,Cplus3FB,16,16,16,9533.187,454,16,1,27,5623.659221332264,6750.1868004417065,3598.659221332265,3151.527579109438,2270.0,433.0,80.0,0,0,B,29,106,0,"[{'channel': 2, 'point': [1133.4, 1589.7], 'min_dist_m': 1700.9, 'truth_success': False}, {'channel': 2, 'point': [1119.0, 427.0], 'min_dist_m': 2097.5, 'truth_success': False}, {'channel': 2, 'point': [1724.0, 938.8], 'min_dist_m': 2413.9, 'truth_success': False}]",,,,,0.8324524000054225
44,B,16,16,16,9709.187,483,16,1,27,5707.659221332264,6750.1868004417065,3598.659221332265,3151.527579109438,2415.0,464.0,80.0,0,,,,,,,,,,,0.8174498000007588
45,Cplus3F,16,16,16,10520.741,540,16,1,27,6148.2291127716735,7217.740857610632,3802.229112771675,3415.511744838955,2700.0,523.0,80.0,0,0,B,0,0,,,,,,,0.644308999995701
45,Cplus3FB,16,16,16,9998.741,454,16,1,27,5998.2291127716735,7217.740857610632,3802.229112771675,3415.511744838955,2270.0,431.0,80.0,0,0,B,86,85,0,"[{'channel': 7, 'point': [1133.4, 1589.7], 'min_dist_m': 1688.2, 'truth_success': False}, {'channel': 7, 'point': [1119.0, 427.0], 'min_dist_m': 2058.1, 'truth_success': False}, {'channel': 7, 'point': [1724.0, 938.8], 'min_dist_m': 2403.0, 'truth_success': False}]",,,,,0.8640532999997959
45,B,16,16,16,10520.741,540,16,1,27,6148.2291127716735,7217.740857610632,3802.229112771675,3415.511744838955,2700.0,523.0,80.0,0,,,,,,,,,,,0.7614859000022989
46,Cplus3F,16,16,16,8882.572,413,16,1,27,5825.56648664337,6351.571765053742,3763.5664866433717,2588.005278410372,2065.0,386.0,80.0,0,0,B,0,0,,,,,,,0.6163534999941476
46,Cplus3FB,16,16,16,8592.572,365,16,1,27,5675.56648664337,6351.571765053742,3763.5664866433717,2588.005278410372,1825.0,336.0,80.0,0,0,B,48,37,0,"[{'channel': 19, 'point': [1960.6, 97.8], 'min_dist_m': 1672.8, 'truth_success': False}, {'channel': 19, 'point': [1808.9, -762.5], 'min_dist_m': 2185.3, 'truth_success': False}, {'channel': 19, 'point': [1131.7, -392.2], 'min_dist_m': 1539.8, 'truth_success': False}]",,,,,0.5801756999862846
46,B,16,16,16,8882.572,413,16,1,27,5825.56648664337,6351.571765053742,3763.5664866433717,2588.005278410372,2065.0,386.0,80.0,0,,,,,,,,,,,0.6895843000093009
47,Cplus3F,16,16,16,10824.933,563,16,1,27,6205.027614331569,7372.933369883036,3790.0276143315696,3582.905755551466,2815.0,557.0,80.0,0,0,B,0,0,,,,,,,0.671825199999148
47,Cplus3FB,16,16,16,10152.933,455,16,1,27,6043.027614331569,7372.933369883036,3790.0276143315696,3582.905755551466,2275.0,425.0,80.0,0,0,B,108,62,0,"[{'channel': 12, 'point': [1119.0, 427.0], 'min_dist_m': 1725.1, 'truth_success': False}, {'channel': 12, 'point': [1724.0, 938.8], 'min_dist_m': 1860.7, 'truth_success': False}, {'channel': 12, 'point': [1960.6, 97.8], 'min_dist_m': 2540.6, 'truth_success': False}]",,,,,0.7293768999807071
47,B,16,16,16,10824.933,563,16,1,27,6205.027614331569,7372.933369883036,3790.0276143315696,3582.905755551466,2815.0,557.0,80.0,0,,,,,,,,,,,0.644891199975973
48,Cplus3F,16,16,16,10350.338,540,16,1,27,6268.28384685529,7037.338385320766,3799.2838468552923,3238.0545384654765,2700.0,533.0,80.0,0,0,B,0,0,,,,,,,0.44718320001265965
48,Cplus3FB,16,16,16,9816.338,453,16,1,27,6112.28384685529,7037.338385320766,3799.2838468552923,3238.0545384654765,2265.0,434.0,80.0,0,0,B,87,61,0,"[{'channel': 20, 'point': [1960.6, 97.8], 'min_dist_m': 1653.4, 'truth_success': False}, {'channel': 20, 'point': [1808.9, -762.5], 'min_dist_m': 2328.6, 'truth_success': False}, {'channel': 20, 'point': [1131.7, -392.2], 'min_dist_m': 1799.7, 'truth_success': False}]",,,,,0.40804760000901297
48,B,16,16,16,10350.338,540,16,1,27,6268.28384685529,7037.338385320766,3799.2838468552923,3238.0545384654765,2700.0,533.0,80.0,0,,,,,,,,,,,0.47731479999492876
49,Cplus3F,16,16,16,8468.305,431,16,1,27,6165.08064631914,5806.304667275995,3799.0806463191416,2007.224020956854,2155.0,427.0,80.0,0,0,B,0,0,,,,,,,0.12916949999635108
49,Cplus3FB,16,16,16,8211.305,388,16,1,27,6075.08064631914,5806.304667275995,3799.0806463191416,2007.224020956854,1940.0,385.0,80.0,0,0,B,43,38,0,"[{'channel': 2, 'point': [1960.6, 97.8], 'min_dist_m': 1757.7, 'truth_success': False}, {'channel': 2, 'point': [1808.9, -762.5], 'min_dist_m': 2452.3, 'truth_success': False}, {'channel': 2, 'point': [1131.7, -392.2], 'min_dist_m': 1896.1, 'truth_success': False}]",,,,,0.13315700000384822
49,B,16,16,16,8468.305,431,16,1,27,6165.08064631914,5806.304667275995,3799.0806463191416,2007.224020956854,2155.0,427.0,80.0,0,,,,,,,,,,,0.14927389999502338
50,Cplus3F,16,16,16,9389.117,461,16,1,27,6177.523123361402,6572.11662568229,3794.523123361403,2777.593502320889,2305.0,432.0,80.0,0,0,B,0,0,,,,,,,0.41576140001416206
50,Cplus3FB,16,16,16,9080.117,410,16,1,27,6033.523123361401,6572.11662568229,3794.523123361403,2777.593502320889,2050.0,378.0,80.0,0,0,B,51,34,0,"[{'channel': 19, 'point': [1133.4, 1589.7], 'min_dist_m': 1790.9, 'truth_success': False}, {'channel': 19, 'point': [1119.0, 427.0], 'min_dist_m': 2170.5, 'truth_success': False}, {'channel': 19, 'point': [1724.0, 938.8], 'min_dist_m': 2491.2, 'truth_success': False}]",,,,,0.43845490002422594
50,B,16,16,16,9389.117,461,16,1,27,6177.523123361402,6572.11662568229,3794.523123361403,2777.593502320889,2305.0,432.0,80.0,0,,,,,,,,,,,0.42980069998884574
51,Cplus3F,16,16,16,8950.016,398,16,1,27,5864.328543902275,6489.015584729842,3799.328543902276,2689.6870408275677,1990.0,391.0,80.0,0,0,B,0,0,,,,,,,0.41575500002363697
51,Cplus3FB,16,16,16,8504.016,324,16,1,27,5582.328543902275,6489.015584729842,3799.328543902276,2689.6870408275677,1620.0,315.0,80.0,0,0,B,74,38,0,"[{'channel': 5, 'point': [1133.4, 1589.7], 'min_dist_m': 1840.7, 'truth_success': False}, {'channel': 5, 'point': [1119.0, 427.0], 'min_dist_m': 2200.8, 'truth_success': False}, {'channel': 11, 'point': [1119.0, 427.0], 'min_dist_m': 1565.2, 'truth_success': False}]",,,,,0.45033940000575967
51,B,16,16,16,8950.016,398,16,1,27,5864.328543902275,6489.015584729842,3799.328543902276,2689.6870408275677,1990.0,391.0,80.0,0,,,,,,,,,,,0.3941808999807108
52,Cplus3F,16,16,16,8785.844,392,16,1,27,5817.193994044015,6367.844119843468,3780.193994044016,2587.650125799452,1960.0,378.0,80.0,0,0,B,0,0,,,,,,,0.5946908999758307
52,Cplus3FB,16,16,16,8622.844,366,16,1,27,5721.193994044015,6367.844119843468,3780.193994044016,2587.650125799452,1830.0,345.0,80.0,0,0,B,26,45,0,"[{'channel': 6, 'point': [1960.6, 97.8], 'min_dist_m': 2079.7, 'truth_success': False}, {'channel': 6, 'point': [1808.9, -762.5], 'min_dist_m': 2724.0, 'truth_success': False}, {'channel': 6, 'point': [1131.7, -392.2], 'min_dist_m': 2143.0, 'truth_success': False}]",,,,,0.6018125000118744
52,B,16,16,16,8785.844,392,16,1,27,5817.193994044015,6367.844119843468,3780.193994044016,2587.650125799452,1960.0,378.0,80.0,0,,,,,,,,,,,0.5576050000090618
53,Cplus3F,16,16,16,9920.257,480,16,1,27,6220.111901046894,6969.257084241113,3937.1119010468956,3032.1451831942177,2400.0,471.0,80.0,0,0,B,0,0,,,,,,,0.31772419999470003
53,Cplus3FB,16,16,16,9390.257,395,16,1,27,6016.111901046894,6969.257084241113,3937.1119010468956,3032.1451831942177,1975.0,366.0,80.0,0,0,B,85,50,0,"[{'channel': 16, 'point': [1119.0, 427.0], 'min_dist_m': 1565.2, 'truth_success': False}, {'channel': 16, 'point': [1724.0, 938.8], 'min_dist_m': 1961.8, 'truth_success': False}, {'channel': 16, 'point': [1960.6, 97.8], 'min_dist_m': 2459.6, 'truth_success': False}]",,,,,0.3137542000040412
53,B,16,16,16,9920.257,480,16,1,27,6220.111901046894,6969.257084241113,3937.1119010468956,3032.1451831942177,2400.0,471.0,80.0,0,,,,,,,,,,,0.3157321999897249
54,Cplus3F,16,16,16,8694.277,395,16,1,27,6421.748237292618,6256.277221648635,4166.748237292618,2089.5289843560167,1975.0,383.0,80.0,0,0,B,0,0,,,,,,,0.3307277999992948
54,Cplus3FB,16,16,16,8607.277,380,16,1,27,6379.748237292618,6256.277221648635,4166.748237292618,2089.5289843560167,1900.0,371.0,80.0,0,0,B,15,24,0,"[{'channel': 1, 'point': [-1724.0, -938.8], 'min_dist_m': 1761.0, 'truth_success': False}, {'channel': 1, 'point': [-602.8, -257.5], 'min_dist_m': 1573.0, 'truth_success': False}, {'channel': 1, 'point': [-1197.6, -18.5], 'min_dist_m': 2030.0, 'truth_success': False}]",,,,,0.2686175999988336
54,B,16,16,16,8694.277,395,16,1,27,6421.748237292618,6256.277221648635,4166.748237292618,2089.5289843560167,1975.0,383.0,80.0,0,,,,,,,,,,,0.3109534000104759
55,Cplus3F,16,16,16,8817.625,386,16,1,27,5957.748726302941,6432.625128343401,3856.748726302942,2575.8764020404587,1930.0,375.0,80.0,0,0,B,0,0,,,,,,,0.3050065999850631
55,Cplus3FB,16,16,16,8707.625,367,16,1,27,5933.748726302941,6432.625128343401,3856.748726302942,2575.8764020404587,1835.0,360.0,80.0,0,0,B,19,40,0,"[{'channel': 6, 'point': [-1724.0, -938.8], 'min_dist_m': 1626.2, 'truth_success': False}, {'channel': 6, 'point': [-1197.6, -18.5], 'min_dist_m': 1793.0, 'truth_success': False}, {'channel': 6, 'point': [-1960.6, -97.8], 'min_dist_m': 2255.6, 'truth_success': False}]",,,,,0.29453889999422245
55,B,16,16,16,8817.625,386,16,1,27,5957.748726302941,6432.625128343401,3856.748726302942,2575.8764020404587,1930.0,375.0,80.0,0,,,,,,,,,,,0.325073899992276
56,Cplus3F,16,16,16,10584.239,568,16,1,27,6053.9523139334015,7109.239402233138,3770.952313933403,3338.287088299737,2840.0,555.0,80.0,0,0,B,0,0,,,,,,,0.8640473999839742
56,Cplus3FB,16,16,16,9784.239,437,16,1,27,5843.9523139334015,7109.239402233138,3770.952313933403,3338.287088299737,2185.0,410.0,80.0,0,0,B,131,71,0,"[{'channel': 7, 'point': [1133.4, 1589.7], 'min_dist_m': 1884.7, 'truth_success': False}, {'channel': 7, 'point': [1119.0, 427.0], 'min_dist_m': 2226.6, 'truth_success': False}, {'channel': 7, 'point': [1724.0, 938.8], 'min_dist_m': 2571.0, 'truth_success': False}]",,,,,0.900104200001806
56,B,16,16,16,10584.239,568,16,1,27,6053.9523139334015,7109.239402233138,3770.952313933403,3338.287088299737,2840.0,555.0,80.0,0,,,,,,,,,,,0.7320630000031088
57,Cplus3F,16,16,16,9008.873,402,16,1,27,5454.574405758077,6529.87296284373,3449.574405758079,3080.2985570856504,2010.0,389.0,80.0,0,0,B,0,0,,,,,,,0.45406289998209104
57,Cplus3FB,16,16,16,8956.873,394,16,1,27,5454.574405758077,6529.87296284373,3449.574405758079,3080.2985570856504,1970.0,377.0,80.0,0,0,B,8,52,0,"[{'channel': 6, 'point': [-1726.6, 439.9], 'min_dist_m': 1571.2, 'truth_success': False}, {'channel': 6, 'point': [-1639.0, 524.8], 'min_dist_m': 1640.9, 'truth_success': False}, {'channel': 6, 'point': [-1550.3, 809.5], 'min_dist_m': 1915.7, 'truth_success': False}]",,,,,0.42376260002492927
57,B,16,16,16,9008.873,402,16,1,27,5454.574405758077,6529.87296284373,3449.574405758079,3080.2985570856504,2010.0,389.0,80.0,0,,,,,,,,,,,0.453182299999753
58,Cplus3F,16,16,16,7841.339,325,16,1,27,5306.290932372927,5828.339032176699,3477.290932372929,2351.0480998037715,1625.0,308.0,80.0,0,0,B,0,0,,,,,,,0.5971152000129223
58,Cplus3FB,16,16,16,7841.339,325,16,1,27,5306.290932372927,5828.339032176699,3477.290932372929,2351.0480998037715,1625.0,308.0,80.0,0,0,B,0,21,0,[],,,,,0.5415190000203438
58,B,16,16,16,7841.339,325,16,1,27,5306.290932372927,5828.339032176699,3477.290932372929,2351.0480998037715,1625.0,308.0,80.0,0,,,,,,,,,,,0.5362150000000838
59,Cplus3F,16,16,16,10736.157,575,16,1,27,6360.751509115478,7216.157262318484,3946.75150911548,3269.405753203005,2875.0,565.0,80.0,0,0,B,0,0,,,,,,,0.5094019999960437
59,Cplus3FB,16,16,16,9803.157,423,16,1,27,6144.751509115478,7216.157262318484,3946.75150911548,3269.405753203005,2115.0,392.0,80.0,0,0,B,152,50,0,"[{'channel': 11, 'point': [614.8, -1027.9], 'min_dist_m': 1826.7, 'truth_success': False}, {'channel': 11, 'point': [1298.9, -1471.9], 'min_dist_m': 1924.9, 'truth_success': False}, {'channel': 11, 'point': [601.1, -1871.6], 'min_dist_m': 2546.8, 'truth_success': False}]",,,,,0.4865272999741137
59,B,16,16,16,10736.157,575,16,1,27,6360.751509115478,7216.157262318484,3946.75150911548,3269.405753203005,2875.0,565.0,80.0,0,,,,,,,,,,,0.4768464000080712
60,Cplus3F,16,16,16,10226.733,527,16,1,27,6122.232898761084,7000.733089558981,3780.2328987610867,3220.5001907978944,2635.0,511.0,80.0,0,0,B,0,0,,,,,,,0.4706083000055514
60,Cplus3FB,16,16,16,9665.733,435,16,1,27,5936.232898761084,7000.733089558981,3780.2328987610867,3220.5001907978944,2175.0,410.0,80.0,0,0,B,92,65,0,"[{'channel': 11, 'point': [614.8, -1027.9], 'min_dist_m': 1578.6, 'truth_success': False}, {'channel': 11, 'point': [1298.9, -1471.9], 'min_dist_m': 1682.1, 'truth_success': False}, {'channel': 11, 'point': [601.1, -1871.6], 'min_dist_m': 2294.3, 'truth_success': False}]",,,,,0.4649824000080116
60,B,16,16,16,10226.733,527,16,1,27,6122.232898761084,7000.733089558981,3780.2328987610867,3220.5001907978944,2635.0,511.0,80.0,0,,,,,,,,,,,0.45400769999832846
61,Cplus3F,16,16,16,9967.234,565,16,1,27,6230.022535550954,6501.234374524075,3798.0225355509556,2703.211838973119,2825.0,561.0,80.0,0,0,B,0,0,,,,,,,0.4196249000087846
61,Cplus3FB,16,16,16,9119.234,426,16,1,27,5966.022535550954,6501.234374524075,3798.0225355509556,2703.211838973119,2130.0,408.0,80.0,0,0,B,139,63,0,"[{'channel': 18, 'point': [1133.4, 1589.7], 'min_dist_m': 1816.3, 'truth_success': False}, {'channel': 18, 'point': [1119.0, 427.0], 'min_dist_m': 2186.3, 'truth_success': False}, {'channel': 18, 'point': [1724.0, 938.8], 'min_dist_m': 2513.2, 'truth_success': False}]",,,,,0.29944100001011975
61,B,16,16,16,9967.234,565,16,1,27,6230.022535550954,6501.234374524075,3798.0225355509556,2703.211838973119,2825.0,561.0,80.0,0,,,,,,,,,,,0.3934825999895111
62,Cplus3F,16,16,16,8551.732,405,16,1,27,5814.092659654629,6060.732405734094,3712.092659654631,2348.6397460794665,2025.0,386.0,80.0,0,0,B,0,0,,,,,,,0.7507903999940027
62,Cplus3FB,16,16,16,8466.732,391,16,1,27,5790.092659654629,6060.732405734094,3712.092659654631,2348.6397460794665,1955.0,371.0,80.0,0,0,B,14,35,0,"[{'channel': 14, 'point': [-1724.0, -938.8], 'min_dist_m': 1841.0, 'truth_success': False}, {'channel': 14, 'point': [-602.8, -257.5], 'min_dist_m': 1594.5, 'truth_success': False}, {'channel': 14, 'point': [-1197.6, -18.5], 'min_dist_m': 2093.3, 'truth_success': False}]",,,,,0.7648075000033714
62,B,16,16,16,8551.732,405,16,1,27,5814.092659654629,6060.732405734094,3712.092659654631,2348.6397460794665,2025.0,386.0,80.0,0,,,,,,,,,,,0.8084725000080653
63,Cplus3F,16,16,16,10202.593,523,16,1,27,6138.649789791081,7002.593463030572,3772.6497897910826,3229.943673239491,2615.0,505.0,80.0,0,0,B,0,0,,,,,,,0.49127289999159984
63,Cplus3FB,16,16,16,9704.593,440,16,1,27,5760.649789791081,7002.593463030572,3772.6497897910826,3229.943673239491,2200.0,422.0,80.0,0,0,B,83,97,0,"[{'channel': 8, 'point': [1133.4, 1589.7], 'min_dist_m': 1861.9, 'truth_success': False}, {'channel': 1, 'point': [1119.0, 427.0], 'min_dist_m': 1565.2, 'truth_success': False}, {'channel': 8, 'point': [1119.0, 427.0], 'min_dist_m': 2213.1, 'truth_success': False}]",,,,,0.48716230000718497
63,B,16,16,16,10202.593,523,16,1,27,6138.649789791081,7002.593463030572,3772.6497897910826,3229.943673239491,2615.0,505.0,80.0,0,,,,,,,,,,,0.5094201000174507
64,Cplus3F,16,16,16,9464.303,490,16,1,27,6184.098342467883,6450.303142784815,3811.098342467885,2639.204800316928,2450.0,484.0,80.0,0,0,B,0,0,,,,,,,0.6086049000150524
64,Cplus3FB,16,16,16,9016.303,418,16,1,27,6046.098342467883,6450.303142784815,3811.098342467885,2639.204800316928,2090.0,396.0,80.0,0,0,B,72,55,0,"[{'channel': 2, 'point': [1960.6, 97.8], 'min_dist_m': 1882.6, 'truth_success': False}, {'channel': 2, 'point': [1808.9, -762.5], 'min_dist_m': 2559.1, 'truth_success': False}, {'channel': 2, 'point': [1131.7, -392.2], 'min_dist_m': 2016.0, 'truth_success': False}]",,,,,0.4276712999853771
64,B,16,16,16,9464.303,490,16,1,27,6184.098342467883,6450.303142784815,3811.098342467885,2639.204800316928,2450.0,484.0,80.0,0,,,,,,,,,,,0.5265945999999531
65,Cplus3F,16,16,16,10352.373,518,16,1,27,6401.951079259705,7174.37300441628,3937.951079259707,3236.4219251565755,2590.0,508.0,80.0,0,0,B,0,0,,,,,,,0.8574692999827676
65,Cplus3FB,16,16,16,9884.373,442,16,1,27,6197.951079259705,7174.37300441628,3937.951079259707,3236.4219251565755,2210.0,420.0,80.0,0,0,B,76,58,0,"[{'channel': 7, 'point': [1133.4, 1589.7], 'min_dist_m': 1821.9, 'truth_success': False}, {'channel': 1, 'point': [1119.0, 427.0], 'min_dist_m': 1565.2, 'truth_success': False}, {'channel': 7, 'point': [1119.0, 427.0], 'min_dist_m': 2189.8, 'truth_success': False}]",,,,,0.9204711000202224
65,B,16,16,16,10352.373,518,16,1,27,6401.951079259705,7174.37300441628,3937.951079259707,3236.4219251565755,2590.0,508.0,80.0,0,,,,,,,,,,,0.8818250999902375
66,Cplus3F,16,16,16,8734.31,420,16,1,27,6200.1910699597465,6153.310341839311,3935.1910699597474,2218.1192718795664,2100.0,401.0,80.0,0,0,B,0,0,,,,,,,0.4610209000238683
66,Cplus3FB,16,16,16,8469.31,375,16,1,27,6044.1910699597465,6153.310341839311,3935.1910699597474,2218.1192718795664,1875.0,361.0,80.0,0,0,B,45,35,0,"[{'channel': 4, 'point': [1119.0, 427.0], 'min_dist_m': 1565.2, 'truth_success': False}, {'channel': 4, 'point': [1724.0, 938.8], 'min_dist_m': 1961.8, 'truth_success': False}, {'channel': 4, 'point': [1960.6, 97.8], 'min_dist_m': 2459.6, 'truth_success': False}]",,,,,0.40629020001506433
66,B,16,16,16,8734.31,420,16,1,27,6200.1910699597465,6153.310341839311,3935.1910699597474,2218.1192718795664,2100.0,401.0,80.0,0,,,,,,,,,,,0.5067483000166249
67,Cplus3F,16,16,16,9368.95,440,16,1,27,6267.010429387366,6662.950398086176,3962.010429387367,2700.9399686988113,2200.0,426.0,80.0,0,0,B,0,0,,,,,,,0.41574640001636
67,Cplus3FB,16,16,16,9028.95,385,16,1,27,6093.010429387366,6662.950398086176,3962.010429387367,2700.9399686988113,1925.0,361.0,80.0,0,0,B,55,25,0,"[{'channel': 4, 'point': [1119.0, 427.0], 'min_dist_m': 1565.2, 'truth_success': False}, {'channel': 4, 'point': [1724.0, 938.8], 'min_dist_m': 1961.8, 'truth_success': False}, {'channel': 4, 'point': [1960.6, 97.8], 'min_dist_m': 2459.6, 'truth_success': False}]",,,,,0.45644199999514967
67,B,16,16,16,9368.95,440,16,1,27,6267.010429387366,6662.950398086176,3962.010429387367,2700.9399686988113,2200.0,426.0,80.0,0,,,,,,,,,,,0.5783906000142451
68,Cplus3F,16,16,16,7939.58,366,16,1,27,5888.572802376622,5668.580363815094,3762.572802376623,1906.0075614384714,1830.0,361.0,80.0,0,0,B,0,0,,,,,,,0.25028440001187846
68,Cplus3FB,16,16,16,7939.58,366,16,1,27,5888.572802376622,5668.580363815094,3762.572802376623,1906.0075614384714,1830.0,361.0,80.0,0,0,B,0,26,0,[],,,,,0.3104094000009354
68,B,16,16,16,7939.58,366,16,1,27,5888.572802376622,5668.580363815094,3762.572802376623,1906.0075614384714,1830.0,361.0,80.0,0,,,,,,,,,,,0.2909026000124868
69,Cplus3F,16,16,16,8659.471,412,16,1,27,5943.3276544112505,6114.470961695613,3935.327654411252,2179.1433072843606,2060.0,405.0,80.0,0,0,B,0,0,,,,,,,0.5255894000001717
69,Cplus3FB,16,16,16,8281.471,350,16,1,27,5883.3276544112505,6114.470961695613,3935.327654411252,2179.1433072843606,1750.0,337.0,80.0,0,0,B,62,36,0,"[{'channel': 12, 'point': [-189.7, -1182.6], 'min_dist_m': 1756.4, 'truth_success': False}, {'channel': 12, 'point': [-340.9, -1933.2], 'min_dist_m': 2142.4, 'truth_success': False}, {'channel': 12, 'point': [-1145.9, -1593.9], 'min_dist_m': 2775.8, 'truth_success': False}]",,,,,0.5219042999960948
69,B,16,16,16,8659.471,412,16,1,27,5943.3276544112505,6114.470961695613,3935.327654411252,2179.1433072843606,2060.0,405.0,80.0,0,,,,,,,,,,,0.4276300999918021
70,Cplus3F,16,16,16,7748.786,290,16,1,27,5420.514842556314,5941.786339345064,3798.5148425563143,2143.2714967887478,1450.0,277.0,80.0,0,0,B,0,0,,,,,,,0.479546799993841
70,Cplus3FB,16,16,16,7748.786,290,16,1,27,5420.514842556314,5941.786339345064,3798.5148425563143,2143.2714967887478,1450.0,277.0,80.0,0,0,B,0,24,0,[],,,,,0.5462393999914639
70,B,16,16,16,7748.786,290,16,1,27,5420.514842556314,5941.786339345064,3798.5148425563143,2143.2714967887478,1450.0,277.0,80.0,0,,,,,,,,,,,0.49545789998956025
71,Cplus3F,16,16,16,9524.954,483,16,1,27,5940.944821041597,6562.953930202301,3745.9448210415985,2817.009109160702,2415.0,467.0,80.0,0,0,B,0,0,,,,,,,0.47125520001281984
71,Cplus3FB,16,16,16,9092.954,412,16,1,27,5772.944821041597,6562.953930202301,3745.9448210415985,2817.009109160702,2060.0,390.0,80.0,0,0,B,71,72,0,"[{'channel': 3, 'point': [601.1, -1871.6], 'min_dist_m': 1614.6, 'truth_success': False}, {'channel': 3, 'point': [-189.7, -1182.6], 'min_dist_m': 1830.8, 'truth_success': False}, {'channel': 3, 'point': [-340.9, -1933.2], 'min_dist_m': 2325.4, 'truth_success': False}]",,,,,0.5267610999871977
71,B,16,16,16,9524.954,483,16,1,27,5940.944821041597,6562.953930202301,3745.9448210415985,2817.009109160702,2415.0,467.0,80.0,0,,,,,,,,,,,0.5049047000065912
72,Cplus3F,16,16,16,12891.9,671,16,1,27,6174.182194169745,8795.900082911565,3758.182194169747,5037.7178887418195,3355.0,661.0,80.0,0,0,B,0,0,,,,,,,0.961534500005655
72,Cplus3FB,16,16,16,11913.9,511,16,1,27,5946.182194169745,8795.900082911565,3758.182194169747,5037.7178887418195,2555.0,483.0,80.0,0,0,B,160,119,0,"[{'channel': 6, 'point': [1133.4, 1589.7], 'min_dist_m': 1793.9, 'truth_success': False}, {'channel': 10, 'point': [1133.4, 1589.7], 'min_dist_m': 1837.4, 'truth_success': False}, {'channel': 6, 'point': [1119.0, 427.0], 'min_dist_m': 2172.3, 'truth_success': False}]",,,,,0.9195054000010714
72,B,16,16,16,12891.9,671,16,1,27,6174.182194169745,8795.900082911565,3758.182194169747,5037.7178887418195,3355.0,661.0,80.0,0,,,,,,,,,,,0.9503720999928191
73,Cplus3F,16,16,16,9947.271,446,16,1,27,6219.304746958253,7219.270678851911,3960.3047469582552,3258.965931893663,2230.0,418.0,80.0,0,0,B,0,0,,,,,,,0.7965173000120558
73,Cplus3FB,16,16,16,9863.271,432,16,1,27,6135.304746958253,7219.270678851911,3960.3047469582552,3258.965931893663,2160.0,404.0,80.0,0,0,B,14,60,0,"[{'channel': 10, 'point': [1133.4, 1589.7], 'min_dist_m': 1718.2, 'truth_success': False}, {'channel': 10, 'point': [1119.0, 427.0], 'min_dist_m': 2124.9, 'truth_success': False}, {'channel': 10, 'point': [1724.0, 938.8], 'min_dist_m': 2428.6, 'truth_success': False}]",,,,,0.885743699996965
73,B,16,16,16,9947.271,446,16,1,27,6219.304746958253,7219.270678851911,3960.3047469582552,3258.965931893663,2230.0,418.0,80.0,0,,,,,,,,,,,0.8211170999857131
74,Cplus3F,16,16,16,8173.553,478,16,1,27,4617.450849761656,5240.553065248399,2844.450849761657,2396.1022154867424,2390.0,463.0,80.0,0,0,B,0,0,,,,,,,0.46015840000472963
74,Cplus3FB,16,16,16,7396.553,349,16,1,27,4461.450849761656,5240.553065248399,2844.450849761657,2396.1022154867424,1745.0,331.0,80.0,0,0,B,129,75,0,"[{'channel': 18, 'point': [1960.6, 97.8], 'min_dist_m': 1503.9, 'truth_success': False}, {'channel': 13, 'point': [1808.9, -762.5], 'min_dist_m': 1753.3, 'truth_success': False}, {'channel': 15, 'point': [1808.9, -762.5], 'min_dist_m': 1828.0, 'truth_success': False}]",,,,,0.4749145999958273
74,B,16,16,16,8173.553,478,16,1,27,4617.450849761656,5240.553065248399,2844.450849761657,2396.1022154867424,2390.0,463.0,80.0,0,,,,,,,,,,,0.4297460000088904
75,Cplus3F,16,16,16,9499.16,434,16,1,27,6036.306281991547,6833.159984262467,3770.3062819915485,3062.8537022709183,2170.0,416.0,80.0,0,0,B,0,0,,,,,,,0.3357778000063263
75,Cplus3FB,16,16,16,9329.16,406,16,1,27,6006.306281991547,6833.159984262467,3770.3062819915485,3062.8537022709183,2030.0,386.0,80.0,0,0,B,28,33,0,"[{'channel': 13, 'point': [-1724.0, -938.8], 'min_dist_m': 1926.0, 'truth_success': False}, {'channel': 13, 'point': [-602.8, -257.5], 'min_dist_m': 1655.7, 'truth_success': False}, {'channel': 13, 'point': [-1197.6, -18.5], 'min_dist_m': 2145.9, 'truth_success': False}]",,,,,0.4270529999921564
75,B,16,16,16,9499.16,434,16,1,27,6036.306281991547,6833.159984262467,3770.3062819915485,3062.8537022709183,2170.0,416.0,80.0,0,,,,,,,,,,,0.3788784999924246
76,Cplus3F,16,16,16,9421.305,428,16,1,27,5456.208441622406,6790.304810215388,3425.208441622407,3365.0963685929814,2140.0,411.0,80.0,0,0,B,0,0,,,,,,,0.42075370001839474
76,Cplus3FB,16,16,16,9163.305,386,16,1,27,5384.208441622406,6790.304810215388,3425.208441622407,3365.0963685929814,1930.0,363.0,80.0,0,0,B,42,53,0,"[{'channel': 16, 'point': [1808.9, -762.5], 'min_dist_m': 1846.8, 'truth_success': False}, {'channel': 16, 'point': [524.4, -393.3], 'min_dist_m': 1721.8, 'truth_success': False}, {'channel': 16, 'point': [614.8, -1027.9], 'min_dist_m': 2244.9, 'truth_success': False}]",,,,,0.4933690000034403
76,B,16,16,16,9421.305,428,16,1,27,5456.208441622406,6790.304810215388,3425.208441622407,3365.0963685929814,2140.0,411.0,80.0,0,,,,,,,,,,,0.4865527999936603
77,Cplus3F,16,16,16,9486.634,465,16,1,27,6290.5078074404555,6626.633590323637,3953.5078074404573,2673.125782883181,2325.0,455.0,80.0,0,0,B,0,0,,,,,,,0.4734826000058092
77,Cplus3FB,16,16,16,9083.634,398,16,1,27,6092.5078074404555,6626.633590323637,3953.5078074404573,2673.125782883181,1990.0,387.0,80.0,0,0,B,67,54,0,"[{'channel': 17, 'point': [1133.4, 1589.7], 'min_dist_m': 1800.8, 'truth_success': False}, {'channel': 17, 'point': [1119.0, 427.0], 'min_dist_m': 2176.6, 'truth_success': False}, {'channel': 17, 'point': [1724.0, 938.8], 'min_dist_m': 2499.8, 'truth_success': False}]",,,,,0.5337681999953929
77,B,16,16,16,9486.634,465,16,1,27,6290.5078074404555,6626.633590323637,3953.5078074404573,2673.125782883181,2325.0,455.0,80.0,0,,,,,,,,,,,0.42306299999472685
78,Cplus3F,16,16,16,9753.486,425,16,1,27,5916.484249828444,7133.4860992392405,3809.484249828445,3324.001849410796,2125.0,415.0,80.0,0,0,B,0,0,,,,,,,0.4329665999975987
78,Cplus3FB,16,16,16,9461.486,379,16,1,27,5844.484249828444,7133.4860992392405,3809.484249828445,3324.001849410796,1895.0,353.0,80.0,0,0,B,46,37,0,"[{'channel': 10, 'point': [614.8, -1027.9], 'min_dist_m': 1882.1, 'truth_success': False}, {'channel': 10, 'point': [1298.9, -1471.9], 'min_dist_m': 2005.2, 'truth_success': False}, {'channel': 10, 'point': [601.1, -1871.6], 'min_dist_m': 2615.1, 'truth_success': False}]",,,,,0.4735190999926999
78,B,16,16,16,9753.486,425,16,1,27,5916.484249828444,7133.4860992392405,3809.484249828445,3324.001849410796,2125.0,415.0,80.0,0,,,,,,,,,,,0.3658372000209056
79,Cplus3F,16,16,16,8618.43,385,16,1,27,6178.695653542475,6235.429752283784,3955.695653542477,2279.7340987413068,1925.0,378.0,80.0,0,0,B,0,0,,,,,,,0.32199590001255274
79,Cplus3FB,16,16,16,8414.43,351,16,1,27,5974.695653542475,6235.429752283784,3955.695653542477,2279.7340987413068,1755.0,344.0,80.0,0,0,B,34,30,0,"[{'channel': 7, 'point': [1119.0, 427.0], 'min_dist_m': 1565.2, 'truth_success': False}, {'channel': 12, 'point': [1119.0, 427.0], 'min_dist_m': 1565.2, 'truth_success': False}, {'channel': 7, 'point': [1724.0, 938.8], 'min_dist_m': 1961.8, 'truth_success': False}]",,,,,0.26011790000484325
79,B,16,16,16,8618.43,385,16,1,27,6178.695653542475,6235.429752283784,3955.695653542477,2279.7340987413068,1925.0,378.0,80.0,0,,,,,,,,,,,0.2820243999885861
80,Cplus3F,16,16,16,9424.503,451,16,1,27,6264.591846249203,6655.503128183645,3939.591846249204,2715.911281934443,2255.0,434.0,80.0,0,0,B,0,0,,,,,,,0.6729242999863345
80,Cplus3FB,16,16,16,9208.503,415,16,1,27,6168.591846249203,6655.503128183645,3939.591846249204,2715.911281934443,2075.0,398.0,80.0,0,0,B,36,37,0,"[{'channel': 19, 'point': [1960.6, 97.8], 'min_dist_m': 1794.5, 'truth_success': False}, {'channel': 19, 'point': [1808.9, -762.5], 'min_dist_m': 2483.7, 'truth_success': False}, {'channel': 19, 'point': [1131.7, -392.2], 'min_dist_m': 1955.2, 'truth_success': False}]",,,,,0.7522513000003528
80,B,16,16,16,9424.503,451,16,1,27,6264.591846249203,6655.503128183645,3939.591846249204,2715.911281934443,2255.0,434.0,80.0,0,,,,,,,,,,,0.7060468999843579
81,Cplus3F,16,16,16,12440.615,559,16,1,27,6201.004107269377,9023.61545226823,3942.004107269378,5081.611344998847,2795.0,542.0,80.0,0,0,B,0,0,,,,,,,0.7662650000129361
81,Cplus3FB,16,16,16,11839.615,461,16,1,27,6081.004107269377,9023.61545226823,3942.004107269378,5081.611344998847,2305.0,431.0,80.0,0,0,B,98,71,0,"[{'channel': 6, 'point': [1960.6, 97.8], 'min_dist_m': 1889.4, 'truth_success': False}, {'channel': 6, 'point': [1808.9, -762.5], 'min_dist_m': 2564.8, 'truth_success': False}, {'channel': 6, 'point': [1131.7, -392.2], 'min_dist_m': 2020.3, 'truth_success': False}]",,,,,0.5624837999930605
81,B,16,16,16,12440.615,559,16,1,27,6201.004107269377,9023.61545226823,3942.004107269378,5081.611344998847,2795.0,542.0,80.0,0,,,,,,,,,,,0.6390670000109822
82,Cplus3F,16,16,16,7473.405,328,16,1,27,4801.835086100626,5433.405166405775,3166.835086100626,2266.570080305149,1640.0,320.0,80.0,0,0,B,0,0,,,,,,,0.4140542999957688
82,Cplus3FB,16,16,16,7231.405,288,16,1,27,4633.835086100626,5433.405166405775,3166.835086100626,2266.570080305149,1440.0,278.0,80.0,0,0,B,40,43,0,"[{'channel': 10, 'point': [1133.4, 1589.7], 'min_dist_m': 1734.3, 'truth_success': False}, {'channel': 11, 'point': [1133.4, 1589.7], 'min_dist_m': 1700.3, 'truth_success': False}, {'channel': 10, 'point': [1119.0, 427.0], 'min_dist_m': 2135.9, 'truth_success': False}]",,,,,0.4210972999862861
82,B,16,16,16,7473.405,328,16,1,27,4801.835086100626,5433.405166405775,3166.835086100626,2266.570080305149,1640.0,320.0,80.0,0,,,,,,,,,,,0.4853176999895368
83,Cplus3F,16,16,16,7693.144,313,16,1,27,5227.56597751986,5747.144044250838,3466.565977519862,2280.5780667309773,1565.0,301.0,80.0,0,0,B,0,0,,,,,,,0.3671362000168301
83,Cplus3FB,16,16,16,7693.144,313,16,1,27,5227.56597751986,5747.144044250838,3466.565977519862,2280.5780667309773,1565.0,301.0,80.0,0,0,B,0,25,0,[],,,,,0.34351130001596175
83,B,16,16,16,7693.144,313,16,1,27,5227.56597751986,5747.144044250838,3466.565977519862,2280.5780667309773,1565.0,301.0,80.0,0,,,,,,,,,,,0.29707619998953305
84,Cplus3F,16,16,16,9223.352,409,16,1,27,6230.235727808133,6704.351741805043,4020.2357278081336,2684.116013996911,2045.0,394.0,80.0,0,0,B,0,0,,,,,,,0.3546317000000272
84,Cplus3FB,16,16,16,9080.352,386,16,1,27,6194.235727808133,6704.351741805043,4020.2357278081336,2684.116013996911,1930.0,366.0,80.0,0,0,B,23,24,0,"[{'channel': 10, 'point': [-1724.0, -938.8], 'min_dist_m': 1805.8, 'truth_success': False}, {'channel': 10, 'point': [-602.8, -257.5], 'min_dist_m': 1538.9, 'truth_success': False}, {'channel': 10, 'point': [-1197.6, -18.5], 'min_dist_m': 2068.0, 'truth_success': False}]",,,,,0.3590991999953985
84,B,16,16,16,9223.352,409,16,1,27,6230.235727808133,6704.351741805043,4020.2357278081336,2684.116013996911,2045.0,394.0,80.0,0,,,,,,,,,,,0.24989279999863356
85,Cplus3F,16,16,16,8212.585,378,16,1,27,5941.094546369034,5871.5854453888915,3780.0945463690346,2091.490899019859,1890.0,371.0,80.0,0,0,B,0,0,,,,,,,0.3161320999788586
85,Cplus3FB,16,16,16,8110.585,361,16,1,27,5845.094546369034,5871.5854453888915,3780.0945463690346,2091.490899019859,1805.0,354.0,80.0,0,0,B,17,28,0,"[{'channel': 8, 'point': [1960.6, 97.8], 'min_dist_m': 1658.1, 'truth_success': False}, {'channel': 8, 'point': [1808.9, -762.5], 'min_dist_m': 2334.8, 'truth_success': False}, {'channel': 8, 'point': [1131.7, -392.2], 'min_dist_m': 1807.0, 'truth_success': False}]",,,,,0.3191915999923367
85,B,16,16,16,8212.585,378,16,1,27,5941.094546369034,5871.5854453888915,3780.0945463690346,2091.490899019859,1890.0,371.0,80.0,0,,,,,,,,,,,0.245518700015964
86,Cplus3F,16,16,16,8803.926,408,16,1,27,6079.488945721634,6283.926138165889,3793.4889457216364,2490.437192444253,2040.0,400.0,80.0,0,0,B,0,0,,,,,,,0.25621969997882843
86,Cplus3FB,16,16,16,8617.926,377,16,1,27,5893.488945721634,6283.926138165889,3793.4889457216364,2490.437192444253,1885.0,369.0,80.0,0,0,B,31,45,0,"[{'channel': 4, 'point': [1133.4, 1589.7], 'min_dist_m': 1742.1, 'truth_success': False}, {'channel': 4, 'point': [1119.0, 427.0], 'min_dist_m': 2140.6, 'truth_success': False}, {'channel': 10, 'point': [1119.0, 427.0], 'min_dist_m': 1785.3, 'truth_success': False}]",,,,,0.2682924999971874
86,B,16,16,16,8803.926,408,16,1,27,6079.488945721634,6283.926138165889,3793.4889457216364,2490.437192444253,2040.0,400.0,80.0,0,,,,,,,,,,,0.28372299997135997
87,Cplus3F,16,16,16,8974.766,440,16,1,27,6492.690906801286,6267.765791481316,4020.6909068012856,2247.0748846800284,2200.0,427.0,80.0,0,0,B,0,0,,,,,,,0.3506976000207942
87,Cplus3FB,16,16,16,8839.766,417,16,1,27,6444.690906801286,6267.765791481316,4020.6909068012856,2247.0748846800284,2085.0,407.0,80.0,0,0,B,23,25,0,"[{'channel': 8, 'point': [-1145.9, -1593.9], 'min_dist_m': 1993.3, 'truth_success': False}, {'channel': 8, 'point': [-1724.0, -938.8], 'min_dist_m': 2652.4, 'truth_success': False}, {'channel': 8, 'point': [-905.5, -783.9], 'min_dist_m': 1929.0, 'truth_success': False}]",,,,,0.33571779998601414
87,B,16,16,16,8974.766,440,16,1,27,6492.690906801286,6267.765791481316,4020.6909068012856,2247.0748846800284,2200.0,427.0,80.0,0,,,,,,,,,,,0.34298310001031496
88,Cplus3F,16,16,16,9698.985,515,16,1,27,5998.76225458072,6542.985025142056,3656.7622545807208,2886.222770561338,2575.0,501.0,80.0,0,0,B,0,0,,,,,,,0.5585783999995328
88,Cplus3FB,16,16,16,9287.985,448,16,1,27,5878.76225458072,6542.985025142056,3656.7622545807208,2886.222770561338,2240.0,425.0,80.0,0,0,B,67,72,0,"[{'channel': 18, 'point': [601.1, -1871.6], 'min_dist_m': 1668.9, 'truth_success': False}, {'channel': 18, 'point': [-189.7, -1182.6], 'min_dist_m': 1925.1, 'truth_success': False}, {'channel': 9, 'point': [-340.9, -1933.2], 'min_dist_m': 1602.0, 'truth_success': False}]",,,,,0.6446438000130001
88,B,16,16,16,9698.985,515,16,1,27,5998.76225458072,6542.985025142056,3656.7622545807208,2886.222770561338,2575.0,501.0,80.0,0,,,,,,,,,,,0.6743564000062179
89,Cplus3F,16,16,16,9022.47,371,16,1,27,5863.798620409649,6733.470098028284,3980.79862040965,2752.671477618634,1855.0,354.0,80.0,0,0,B,0,0,,,,,,,0.4844522999774199
89,Cplus3FB,16,16,16,8843.47,342,16,1,27,5839.798620409649,6733.470098028284,3980.79862040965,2752.671477618634,1710.0,320.0,80.0,0,0,B,29,25,0,"[{'channel': 1, 'point': [-1197.6, -18.5], 'min_dist_m': 1655.2, 'truth_success': False}, {'channel': 1, 'point': [-1960.6, -97.8], 'min_dist_m': 1925.2, 'truth_success': False}, {'channel': 1, 'point': [-1808.9, 762.5], 'min_dist_m': 2594.9, 'truth_success': False}]",,,,,0.5391488999885041
89,B,16,16,16,9022.47,371,16,1,27,5863.798620409649,6733.470098028284,3980.79862040965,2752.671477618634,1855.0,354.0,80.0,0,,,,,,,,,,,0.547518500010483
90,Cplus3F,16,16,16,10023.88,533,16,1,27,5909.897927657785,6758.8796476918715,3751.8979276577857,3006.9817200340854,2665.0,520.0,80.0,0,0,B,0,0,,,,,,,0.5638384000048973
90,Cplus3FB,16,16,16,9163.88,391,16,1,27,5585.897927657785,6758.8796476918715,3751.8979276577857,3006.9817200340854,1955.0,370.0,80.0,0,0,B,142,75,0,"[{'channel': 10, 'point': [1960.6, 97.8], 'min_dist_m': 1672.8, 'truth_success': False}, {'channel': 9, 'point': [1808.9, -762.5], 'min_dist_m': 1824.8, 'truth_success': False}, {'channel': 10, 'point': [1808.9, -762.5], 'min_dist_m': 2185.3, 'truth_success': False}]",,,,,0.458375900023384
90,B,16,16,16,10023.88,533,16,1,27,5909.897927657785,6758.8796476918715,3751.8979276577857,3006.9817200340854,2665.0,520.0,80.0,0,,,,,,,,,,,0.456799100007629
91,Cplus3F,16,16,16,8831.553,401,16,1,27,6207.160875658597,6363.552583091258,3936.1608756585997,2427.391707432661,2005.0,383.0,80.0,0,0,B,0,0,,,,,,,0.3748048999987077
91,Cplus3FB,16,16,16,8729.553,384,16,1,27,6105.160875658597,6363.552583091258,3936.1608756585997,2427.391707432661,1920.0,366.0,80.0,0,0,B,17,30,0,"[{'channel': 13, 'point': [1119.0, 427.0], 'min_dist_m': 1565.2, 'truth_success': False}, {'channel': 13, 'point': [1724.0, 938.8], 'min_dist_m': 1961.8, 'truth_success': False}, {'channel': 13, 'point': [1960.6, 97.8], 'min_dist_m': 2459.6, 'truth_success': False}]",,,,,0.5065524999808986
91,B,16,16,16,8831.553,401,16,1,27,6207.160875658597,6363.552583091258,3936.1608756585997,2427.391707432661,2005.0,383.0,80.0,0,,,,,,,,,,,0.5367570999951568
92,Cplus3F,16,16,16,9444.97,441,16,1,27,6033.356003298473,6732.96973663223,3768.356003298476,2964.613733333754,2205.0,427.0,80.0,0,0,B,0,0,,,,,,,0.4405241000058595
92,Cplus3FB,16,16,16,9105.97,385,16,1,27,5901.356003298473,6732.96973663223,3768.356003298476,2964.613733333754,1925.0,368.0,80.0,0,0,B,56,31,0,"[{'channel': 2, 'point': [1119.0, 427.0], 'min_dist_m': 1739.2, 'truth_success': False}, {'channel': 2, 'point': [1724.0, 938.8], 'min_dist_m': 1881.2, 'truth_success': False}, {'channel': 2, 'point': [1960.6, 97.8], 'min_dist_m': 2557.8, 'truth_success': False}]",,,,,0.49689239999861456
92,B,16,16,16,9444.97,441,16,1,27,6033.356003298473,6732.96973663223,3768.356003298476,2964.613733333754,2205.0,427.0,80.0,0,,,,,,,,,,,0.5478732999763452
93,Cplus3F,16,16,16,9675.009,467,16,1,27,6045.049710688898,6802.008516760018,3924.0497106888993,2877.958806071119,2335.0,458.0,80.0,0,0,B,0,0,,,,,,,0.39789930000551976
93,Cplus3FB,16,16,16,9237.009,396,16,1,27,6003.049710688898,6802.008516760018,3924.0497106888993,2877.958806071119,1980.0,375.0,80.0,0,0,B,71,50,0,"[{'channel': 3, 'point': [-1724.0, -938.8], 'min_dist_m': 1711.2, 'truth_success': False}, {'channel': 3, 'point': [-1197.6, -18.5], 'min_dist_m': 1802.7, 'truth_success': False}, {'channel': 3, 'point': [-1960.6, -97.8], 'min_dist_m': 2381.0, 'truth_success': False}]",,,,,0.48619809999945574
93,B,16,16,16,9675.009,467,16,1,27,6045.049710688898,6802.008516760018,3924.0497106888993,2877.958806071119,2335.0,458.0,80.0,0,,,,,,,,,,,0.5300898000132293
94,Cplus3F,16,16,16,9418.256,455,16,1,27,6049.062915911175,6612.255827972694,3965.062915911177,2647.192912061516,2275.0,451.0,80.0,0,0,B,0,0,,,,,,,0.512168199988082
94,Cplus3FB,16,16,16,9163.256,414,16,1,27,6049.062915911175,6612.255827972694,3965.062915911177,2647.192912061516,2070.0,401.0,80.0,0,0,B,41,51,0,"[{'channel': 11, 'point': [-612.5, 1658.5], 'min_dist_m': 1629.3, 'truth_success': False}, {'channel': 1, 'point': [125.7, 1724.2], 'min_dist_m': 1684.4, 'truth_success': False}, {'channel': 11, 'point': [125.7, 1724.2], 'min_dist_m': 2239.8, 'truth_success': False}]",,,,,0.5595638999948278
94,B,16,16,16,9418.256,455,16,1,27,6049.062915911175,6612.255827972694,3965.062915911177,2647.192912061516,2275.0,451.0,80.0,0,,,,,,,,,,,0.5964871000032872
95,Cplus3F,16,16,16,9180.616,416,16,1,27,6405.387432411887,6617.616108516626,4155.387432411888,2462.2286761047376,2080.0,403.0,80.0,0,0,B,0,0,,,,,,,0.2542871999903582
95,Cplus3FB,16,16,16,8886.616,367,16,1,27,6111.387432411888,6617.616108516626,4155.387432411888,2462.2286761047376,1835.0,354.0,80.0,0,0,B,49,57,0,"[{'channel': 4, 'point': [1133.4, 1589.7], 'min_dist_m': 1833.5, 'truth_success': False}, {'channel': 18, 'point': [1133.4, 1589.7], 'min_dist_m': 1907.2, 'truth_success': False}, {'channel': 4, 'point': [1119.0, 427.0], 'min_dist_m': 2196.6, 'truth_success': False}]",,,,,0.27041820000158623
95,B,16,16,16,9180.616,416,16,1,27,6405.387432411887,6617.616108516626,4155.387432411888,2462.2286761047376,2080.0,403.0,80.0,0,,,,,,,,,,,0.31242610001936555
96,Cplus3F,16,16,16,9077.804,433,16,1,27,6448.76281747702,6411.803948670705,4168.762817477022,2243.041131193684,2165.0,421.0,80.0,0,0,B,0,0,,,,,,,0.3747313999920152
96,Cplus3FB,16,16,16,8661.804,364,16,1,27,6226.76281747702,6411.803948670705,4168.762817477022,2243.041131193684,1820.0,350.0,80.0,0,0,B,69,49,0,"[{'channel': 8, 'point': [1133.4, 1589.7], 'min_dist_m': 1833.3, 'truth_success': False}, {'channel': 8, 'point': [1119.0, 427.0], 'min_dist_m': 2196.5, 'truth_success': False}, {'channel': 14, 'point': [1119.0, 427.0], 'min_dist_m': 1565.2, 'truth_success': False}]",,,,,0.25553590001072735
96,B,16,16,16,9077.804,433,16,1,27,6448.76281747702,6411.803948670705,4168.762817477022,2243.041131193684,2165.0,421.0,80.0,0,,,,,,,,,,,0.3168712999904528
97,Cplus3F,16,16,16,8769.832,430,16,1,27,6036.658546334557,6115.832067483471,3827.6585463345587,2288.1735211489145,2150.0,424.0,80.0,0,0,B,0,0,,,,,,,0.4161303000000771
97,Cplus3FB,16,16,16,8385.832,367,16,1,27,5826.658546334557,6115.832067483471,3827.6585463345587,2288.1735211489145,1835.0,355.0,80.0,0,0,B,63,49,0,"[{'channel': 14, 'point': [1133.4, 1589.7], 'min_dist_m': 1773.5, 'truth_success': False}, {'channel': 14, 'point': [1119.0, 427.0], 'min_dist_m': 2159.7, 'truth_success': False}, {'channel': 14, 'point': [1724.0, 938.8], 'min_dist_m': 2476.2, 'truth_success': False}]",,,,,0.5500222999835387
97,B,16,16,16,8769.832,430,16,1,27,6036.658546334557,6115.832067483471,3827.6585463345587,2288.1735211489145,2150.0,424.0,80.0,0,,,,,,,,,,,0.4312762999907136
98,Cplus3F,16,16,16,10465.441,497,16,1,27,6348.32005622858,7443.44094795863,4001.3200562285824,3442.1208917300546,2485.0,457.0,80.0,0,0,B,0,0,,,,,,,1.0091316000034567
98,Cplus3FB,16,16,16,10164.441,448,16,1,27,6228.32005622858,7443.44094795863,4001.3200562285824,3442.1208917300546,2240.0,401.0,80.0,0,0,B,49,40,0,"[{'channel': 14, 'point': [1119.0, 427.0], 'min_dist_m': 1565.2, 'truth_success': False}, {'channel': 14, 'point': [1724.0, 938.8], 'min_dist_m': 1961.8, 'truth_success': False}, {'channel': 14, 'point': [1960.6, 97.8], 'min_dist_m': 2459.6, 'truth_success': False}]",,,,,1.2073946000018623
98,B,16,16,16,10465.441,497,16,1,27,6348.32005622858,7443.44094795863,4001.3200562285824,3442.1208917300546,2485.0,457.0,80.0,0,,,,,,,,,,,1.1125888999958988
99,Cplus3F,16,16,16,9317.492,480,16,1,27,6103.838707993509,6373.491653208212,3791.8387079935096,2581.652945214702,2400.0,464.0,80.0,0,0,B,0,0,,,,,,,0.4708208999945782
99,Cplus3FB,16,16,16,8903.492,412,16,1,27,5911.838707993509,6373.491653208212,3791.8387079935096,2581.652945214702,2060.0,390.0,80.0,0,0,B,68,60,0,"[{'channel': 14, 'point': [1133.4, 1589.7], 'min_dist_m': 1904.0, 'truth_success': False}, {'channel': 14, 'point': [1119.0, 427.0], 'min_dist_m': 2238.1, 'truth_success': False}, {'channel': 14, 'point': [1724.0, 938.8], 'min_dist_m': 2587.4, 'truth_success': False}]",,,,,0.46504060001461767
99,B,16,16,16,9317.492,480,16,1,27,6103.838707993509,6373.491653208212,3791.8387079935096,2581.652945214702,2400.0,464.0,80.0,0,,,,,,,,,,,0.41217619998496957
100,Cplus3F,16,16,16,7266.461,361,16,1,27,5156.2399508794215,5023.461246914654,3235.239950879423,1788.2212960352308,1805.0,358.0,80.0,0,0,B,0,0,,,,,,,0.2589425000187475
100,Cplus3FB,16,16,16,6955.461,310,16,1,27,5018.2399508794215,5023.461246914654,3235.239950879423,1788.2212960352308,1550.0,302.0,80.0,0,0,B,51,29,0,"[{'channel': 4, 'point': [1960.6, 97.8], 'min_dist_m': 1672.8, 'truth_success': False}, {'channel': 13, 'point': [1960.6, 97.8], 'min_dist_m': 1860.3, 'truth_success': False}, {'channel': 4, 'point': [1808.9, -762.5], 'min_dist_m': 2185.3, 'truth_success': False}]",,,,,0.2661312000127509
100,B,16,16,16,7266.461,361,16,1,27,5156.2399508794215,5023.461246914654,3235.239950879423,1788.2212960352308,1805.0,358.0,80.0,0,,,,,,,,,,,0.2911667999869678
101,Cplus3F,16,16,16,8982.361,387,16,1,27,6309.4081140697845,6602.36075283972,4160.408114069787,2441.952638769934,1935.0,365.0,80.0,0,0,B,0,0,,,,,,,0.6476445999869611
101,Cplus3FB,16,16,16,8898.361,373,16,1,27,6225.4081140697845,6602.36075283972,4160.408114069787,2441.952638769934,1865.0,351.0,80.0,0,0,B,14,33,0,"[{'channel': 12, 'point': [1133.4, 1589.7], 'min_dist_m': 1722.0, 'truth_success': False}, {'channel': 12, 'point': [1119.0, 427.0], 'min_dist_m': 2128.2, 'truth_success': False}, {'channel': 12, 'point': [1724.0, 938.8], 'min_dist_m': 2431.9, 'truth_success': False}]",,,,,0.751597300026333
101,B,16,16,16,8982.361,387,16,1,27,6309.4081140697845,6602.36075283972,4160.408114069787,2441.952638769934,1935.0,365.0,80.0,0,,,,,,,,,,,0.674151899991557
102,Cplus3F,16,16,16,7845.862,389,16,1,27,4579.359410420523,5447.861677884679,2835.359410420524,2612.5022674641555,1945.0,373.0,80.0,0,0,B,0,0,,,,,,,0.44519600001513027
102,Cplus3FB,16,16,16,7389.862,314,16,1,27,4459.359410420523,5447.861677884679,2835.359410420524,2612.5022674641555,1570.0,292.0,80.0,0,0,B,75,41,0,"[{'channel': 1, 'point': [1119.0, 427.0], 'min_dist_m': 1565.2, 'truth_success': False}, {'channel': 1, 'point': [1724.0, 938.8], 'min_dist_m': 1961.8, 'truth_success': False}, {'channel': 1, 'point': [1960.6, 97.8], 'min_dist_m': 2459.6, 'truth_success': False}]",,,,,0.4897509999864269
102,B,16,16,16,7845.862,389,16,1,27,4579.359410420523,5447.861677884679,2835.359410420524,2612.5022674641555,1945.0,373.0,80.0,0,,,,,,,,,,,0.48107490001711994
103,Cplus3F,16,16,16,8866.722,420,16,1,27,5888.083592210286,6273.721905518564,3755.083592210288,2518.638313308277,2100.0,413.0,80.0,0,0,B,0,0,,,,,,,0.5901354999805335
103,Cplus3FB,16,16,16,8454.722,353,16,1,27,5684.083592210286,6273.721905518564,3755.083592210288,2518.638313308277,1765.0,336.0,80.0,0,0,B,67,39,0,"[{'channel': 9, 'point': [1133.4, 1589.7], 'min_dist_m': 1900.5, 'truth_success': False}, {'channel': 9, 'point': [1119.0, 427.0], 'min_dist_m': 2236.0, 'truth_success': False}, {'channel': 9, 'point': [1724.0, 938.8], 'min_dist_m': 2584.4, 'truth_success': False}]",,,,,0.5602379000047222
103,B,16,16,16,8866.722,420,16,1,27,5888.083592210286,6273.721905518564,3755.083592210288,2518.638313308277,2100.0,413.0,80.0,0,,,,,,,,,,,0.5465691999997944
104,Cplus3F,16,16,16,9245.377,414,16,1,27,6187.536798673712,6716.3772833905705,3973.5367986737133,2742.8404847168613,2070.0,379.0,80.0,0,0,B,0,0,,,,,,,0.746671700006118
104,Cplus3FB,16,16,16,9047.377,381,16,1,27,5989.536798673712,6716.3772833905705,3973.5367986737133,2742.8404847168613,1905.0,346.0,80.0,0,0,B,33,39,0,"[{'channel': 18, 'point': [1133.4, 1589.7], 'min_dist_m': 1819.4, 'truth_success': False}, {'channel': 5, 'point': [1119.0, 427.0], 'min_dist_m': 1565.2, 'truth_success': False}, {'channel': 18, 'point': [1119.0, 427.0], 'min_dist_m': 2188.2, 'truth_success': False}]",,,,,0.744918799988227
104,B,16,16,16,9245.377,414,16,1,27,6187.536798673712,6716.3772833905705,3973.5367986737133,2742.8404847168613,2070.0,379.0,80.0,0,,,,,,,,,,,0.7612201999872923
105,Cplus3F,16,16,16,9172.978,388,16,1,27,5765.539840050314,6782.977715164312,3782.539840050315,3000.437875114,1940.0,370.0,80.0,0,0,B,0,0,,,,,,,0.5518983000074513
105,Cplus3FB,16,16,16,8962.978,355,16,1,27,5669.539840050314,6782.977715164312,3782.539840050315,3000.437875114,1775.0,325.0,80.0,0,0,B,33,28,0,"[{'channel': 14, 'point': [1960.6, 97.8], 'min_dist_m': 1951.8, 'truth_success': False}, {'channel': 14, 'point': [1808.9, -762.5], 'min_dist_m': 2617.2, 'truth_success': False}, {'channel': 14, 'point': [1131.7, -392.2], 'min_dist_m': 2060.3, 'truth_success': False}]",,,,,0.5646770999883302
105,B,16,16,16,9172.978,388,16,1,27,5765.539840050314,6782.977715164312,3782.539840050315,3000.437875114,1940.0,370.0,80.0,0,,,,,,,,,,,0.6399160999862943
106,Cplus3F,16,16,16,8401.058,405,16,1,27,5940.944821041597,5907.058062456714,3745.9448210415985,2161.113241415116,2025.0,389.0,80.0,0,0,B,0,0,,,,,,,0.5545262999949045
106,Cplus3FB,16,16,16,8266.058,382,16,1,27,5880.944821041597,5907.058062456714,3745.9448210415985,2161.113241415116,1910.0,369.0,80.0,0,0,B,23,23,0,"[{'channel': 12, 'point': [601.1, -1871.6], 'min_dist_m': 1571.7, 'truth_success': False}, {'channel': 12, 'point': [-189.7, -1182.6], 'min_dist_m': 1539.8, 'truth_success': False}, {'channel': 12, 'point': [-340.9, -1933.2], 'min_dist_m': 2131.5, 'truth_success': False}]",,,,,0.500453299988294
106,B,16,16,16,8401.058,405,16,1,27,5940.944821041597,5907.058062456714,3745.9448210415985,2161.113241415116,2025.0,389.0,80.0,0,,,,,,,,,,,0.45947060000617057
107,Cplus3F,16,16,16,9820.652,487,16,1,27,6487.701015587317,6825.652326316702,4108.701015587319,2716.9513107293856,2435.0,480.0,80.0,0,0,B,0,0,,,,,,,0.4877900999854319
107,Cplus3FB,16,16,16,9474.652,431,16,1,27,6331.701015587317,6825.652326316702,4108.701015587319,2716.9513107293856,2155.0,414.0,80.0,0,0,B,56,60,0,"[{'channel': 14, 'point': [1119.0, 427.0], 'min_dist_m': 1565.2, 'truth_success': False}, {'channel': 14, 'point': [1724.0, 938.8], 'min_dist_m': 1961.8, 'truth_success': False}, {'channel': 14, 'point': [1960.6, 97.8], 'min_dist_m': 2459.6, 'truth_success': False}]",,,,,0.4846125000040047
107,B,16,16,16,9820.652,487,16,1,27,6487.701015587317,6825.652326316702,4108.701015587319,2716.9513107293856,2435.0,480.0,80.0,0,,,,,,,,,,,0.5133142000122461
108,Cplus3F,16,16,16,8935.39,444,16,1,27,6018.830712500433,6210.390494216358,3766.830712500434,2443.5597817159232,2220.0,425.0,80.0,0,0,B,0,0,,,,,,,0.45820500000263564
108,Cplus3FB,16,16,16,8467.39,367,16,1,27,5712.830712500433,6210.390494216358,3766.830712500434,2443.5597817159232,1835.0,342.0,80.0,0,0,B,77,55,0,"[{'channel': 12, 'point': [1119.0, 427.0], 'min_dist_m': 1769.7, 'truth_success': False}, {'channel': 12, 'point': [1724.0, 938.8], 'min_dist_m': 1924.9, 'truth_success': False}, {'channel': 7, 'point': [1960.6, 97.8], 'min_dist_m': 1515.3, 'truth_success': False}]",,,,,0.38477100001182407
108,B,16,16,16,8935.39,444,16,1,27,6018.830712500433,6210.390494216358,3766.830712500434,2443.5597817159232,2220.0,425.0,80.0,0,,,,,,,,,,,0.3290852000063751
109,Cplus3F,16,16,16,8002.997,339,16,1,27,5463.286247798914,5896.996923861395,3581.286247798915,2315.7106760624793,1695.0,331.0,80.0,0,0,B,0,0,,,,,,,0.4965217999997549
109,Cplus3FB,16,16,16,7882.997,319,16,1,27,5367.286247798914,5896.996923861395,3581.286247798915,2315.7106760624793,1595.0,311.0,80.0,0,0,B,20,30,0,"[{'channel': 20, 'point': [1133.4, 1589.7], 'min_dist_m': 1874.4, 'truth_success': False}, {'channel': 20, 'point': [1119.0, 427.0], 'min_dist_m': 2220.5, 'truth_success': False}, {'channel': 20, 'point': [1724.0, 938.8], 'min_dist_m': 2562.4, 'truth_success': False}]",,,,,0.5293209000083152
109,B,16,16,16,8002.997,339,16,1,27,5463.286247798914,5896.996923861395,3581.286247798915,2315.7106760624793,1695.0,331.0,80.0,0,,,,,,,,,,,0.5254952000104822
110,Cplus3F,16,16,16,10821.525,550,16,1,27,6559.526675884619,7461.525382386681,3985.5266758846196,3475.9987065020646,2750.0,530.0,80.0,0,0,B,0,0,,,,,,,0.8336015999957453
110,Cplus3FB,16,16,16,10142.525,440,16,1,27,6331.526675884619,7461.525382386681,3985.5266758846196,3475.9987065020646,2200.0,401.0,80.0,0,0,B,110,34,0,"[{'channel': 17, 'point': [1119.0, 427.0], 'min_dist_m': 1565.2, 'truth_success': False}, {'channel': 17, 'point': [1724.0, 938.8], 'min_dist_m': 1961.8, 'truth_success': False}, {'channel': 17, 'point': [1960.6, 97.8], 'min_dist_m': 2459.6, 'truth_success': False}]",,,,,1.0352011999930255
110,B,16,16,16,10821.525,550,16,1,27,6559.526675884619,7461.525382386681,3985.5266758846196,3475.9987065020646,2750.0,530.0,80.0,0,,,,,,,,,,,1.0095231000159401
111,Cplus3F,16,16,16,8870.857,411,16,1,27,5503.9085475340635,6334.856742407465,3580.9085475340635,2753.9481948734015,2055.0,401.0,80.0,0,0,B,0,0,,,,,,,0.5685186999908183
111,Cplus3FB,16,16,16,8700.857,383,16,1,27,5413.9085475340635,6334.856742407465,3580.9085475340635,2753.9481948734015,1915.0,371.0,80.0,0,0,B,28,67,0,"[{'channel': 8, 'point': [1119.0, 427.0], 'min_dist_m': 1628.8, 'truth_success': False}, {'channel': 8, 'point': [1724.0, 938.8], 'min_dist_m': 1754.6, 'truth_success': False}, {'channel': 8, 'point': [1960.6, 97.8], 'min_dist_m': 2449.5, 'truth_success': False}]",,,,,0.5221801000006963
111,B,16,16,16,8870.857,411,16,1,27,5503.9085475340635,6334.856742407465,3580.9085475340635,2753.9481948734015,2055.0,401.0,80.0,0,,,,,,,,,,,0.5822489999991376
112,Cplus3F,16,16,16,8086.508,349,16,1,27,5678.80998062931,5926.508306267899,3756.809980629312,2169.698325638588,1745.0,335.0,80.0,0,0,B,0,0,,,,,,,0.36959320001187734
112,Cplus3FB,16,16,16,7953.508,326,16,1,27,5594.80998062931,5926.508306267899,3756.809980629312,2169.698325638588,1630.0,317.0,80.0,0,0,B,23,30,0,"[{'channel': 10, 'point': [1808.9, -762.5], 'min_dist_m': 1832.5, 'truth_success': False}, {'channel': 10, 'point': [524.4, -393.3], 'min_dist_m': 1678.4, 'truth_success': False}, {'channel': 10, 'point': [614.8, -1027.9], 'min_dist_m': 2236.0, 'truth_success': False}]",,,,,0.4105629999830853
112,B,16,16,16,8086.508,349,16,1,27,5678.80998062931,5926.508306267899,3756.809980629312,2169.698325638588,1745.0,335.0,80.0,0,,,,,,,,,,,0.34872780001023784
113,Cplus3F,16,16,16,8024.602,376,16,1,27,5583.290385025323,5700.602347265184,3614.290385025325,2086.3119622398603,1880.0,364.0,80.0,0,0,B,0,0,,,,,,,0.48589380001067184
113,Cplus3FB,16,16,16,7849.602,348,16,1,27,5559.290385025323,5700.602347265184,3614.290385025325,2086.3119622398603,1740.0,329.0,80.0,0,0,B,28,28,0,"[{'channel': 20, 'point': [-1724.0, -938.8], 'min_dist_m': 2085.6, 'truth_success': False}, {'channel': 20, 'point': [-602.8, -257.5], 'min_dist_m': 1721.7, 'truth_success': False}, {'channel': 20, 'point': [-1197.6, -18.5], 'min_dist_m': 2244.7, 'truth_success': False}]",,,,,0.4280631000001449
113,B,16,16,16,8024.602,376,16,1,27,5583.290385025323,5700.602347265184,3614.290385025325,2086.3119622398603,1880.0,364.0,80.0,0,,,,,,,,,,,0.46939409998594783
114,Cplus3F,16,16,16,9683.32,444,16,1,27,5975.600416998236,6968.319813038006,3777.6004169982357,3190.7193960397753,2220.0,415.0,80.0,0,0,B,0,0,,,,,,,0.6937039999756962
114,Cplus3FB,16,16,16,9464.32,409,16,1,27,5909.600416998236,6968.319813038006,3777.6004169982357,3190.7193960397753,2045.0,371.0,80.0,0,0,B,35,44,0,"[{'channel': 1, 'point': [601.1, -1871.6], 'min_dist_m': 1683.3, 'truth_success': False}, {'channel': 1, 'point': [-189.7, -1182.6], 'min_dist_m': 1900.0, 'truth_success': False}, {'channel': 1, 'point': [-340.9, -1933.2], 'min_dist_m': 2439.2, 'truth_success': False}]",,,,,0.6715173000120558
114,B,16,16,16,9683.32,444,16,1,27,5975.600416998236,6968.319813038006,3777.6004169982357,3190.7193960397753,2220.0,415.0,80.0,0,,,,,,,,,,,0.672113900014665
115,Cplus3F,16,16,16,10033.373,498,16,1,27,6240.512775665103,6989.372940302074,3753.512775665105,3235.8601646369716,2490.0,474.0,80.0,0,0,B,0,0,,,,,,,0.43835179999587126
115,Cplus3FB,16,16,16,9686.373,442,16,1,27,6102.512775665103,6989.372940302074,3753.512775665105,3235.8601646369716,2210.0,407.0,80.0,0,0,B,56,44,0,"[{'channel': 5, 'point': [1119.0, 427.0], 'min_dist_m': 1565.2, 'truth_success': False}, {'channel': 5, 'point': [1724.0, 938.8], 'min_dist_m': 1961.8, 'truth_success': False}, {'channel': 5, 'point': [1960.6, 97.8], 'min_dist_m': 2459.6, 'truth_success': False}]",,,,,0.4687798999948427
115,B,16,16,16,10033.373,498,16,1,27,6240.512775665103,6989.372940302074,3753.512775665105,3235.8601646369716,2490.0,474.0,80.0,0,,,,,,,,,,,0.4536324000218883
116,Cplus3F,16,16,16,8768.31,444,16,1,27,6559.22151587906,6039.309742676407,4127.221515879062,1912.0882267973445,2220.0,429.0,80.0,0,0,B,0,0,,,,,,,0.32402210001600906
116,Cplus3FB,16,16,16,8637.31,422,16,1,27,6505.22151587906,6039.309742676407,4127.221515879062,1912.0882267973445,2110.0,408.0,80.0,0,0,B,22,36,0,"[{'channel': 6, 'point': [-1145.9, -1593.9], 'min_dist_m': 1744.9, 'truth_success': False}, {'channel': 6, 'point': [-1724.0, -938.8], 'min_dist_m': 2428.1, 'truth_success': False}, {'channel': 6, 'point': [-905.5, -783.9], 'min_dist_m': 1734.5, 'truth_success': False}]",,,,,0.30470119998790324
116,B,16,16,16,8768.31,444,16,1,27,6559.22151587906,6039.309742676407,4127.221515879062,1912.0882267973445,2220.0,429.0,80.0,0,,,,,,,,,,,0.3430135000089649
117,Cplus3F,16,16,16,9282.856,442,16,1,27,6240.347942501827,6573.855595391111,3933.347942501829,2640.507652889281,2210.0,419.0,80.0,0,0,B,0,0,,,,,,,0.48093879999942146
117,Cplus3FB,16,16,16,9134.856,418,16,1,27,6174.347942501827,6573.855595391111,3933.347942501829,2640.507652889281,2090.0,391.0,80.0,0,0,B,24,48,0,"[{'channel': 8, 'point': [601.1, -1871.6], 'min_dist_m': 1824.4, 'truth_success': False}, {'channel': 8, 'point': [-189.7, -1182.6], 'min_dist_m': 2067.5, 'truth_success': False}, {'channel': 8, 'point': [-340.9, -1933.2], 'min_dist_m': 2558.6, 'truth_success': False}]",,,,,0.400989199988544
117,B,16,16,16,9282.856,442,16,1,27,6240.347942501827,6573.855595391111,3933.347942501829,2640.507652889281,2210.0,419.0,80.0,0,,,,,,,,,,,0.48229499999433756
118,Cplus3F,16,16,16,8367.643,331,16,1,27,5780.251931570054,6315.642679306772,3941.2519315700533,2374.3907477367193,1655.0,317.0,80.0,0,0,B,0,0,,,,,,,0.5566443999996409
118,Cplus3FB,16,16,16,8367.643,331,16,1,27,5780.251931570054,6315.642679306772,3941.2519315700533,2374.3907477367193,1655.0,317.0,80.0,0,0,B,0,29,0,[],,,,,0.5701179000025149
118,B,16,16,16,8367.643,331,16,1,27,5780.251931570054,6315.642679306772,3941.2519315700533,2374.3907477367193,1655.0,317.0,80.0,0,,,,,,,,,,,0.6341925000015181
119,Cplus3F,16,16,16,9114.4,468,16,1,27,6418.13955172595,6234.399873164576,3956.1395517259516,2278.260321438623,2340.0,460.0,80.0,0,0,B,0,0,,,,,,,0.3128922999894712
119,Cplus3FB,16,16,16,8650.4,392,16,1,27,6142.13955172595,6234.399873164576,3956.1395517259516,2278.260321438623,1960.0,376.0,80.0,0,0,B,76,44,0,"[{'channel': 10, 'point': [1119.0, 427.0], 'min_dist_m': 1565.2, 'truth_success': False}, {'channel': 12, 'point': [1119.0, 427.0], 'min_dist_m': 1565.2, 'truth_success': False}, {'channel': 10, 'point': [1724.0, 938.8], 'min_dist_m': 1961.8, 'truth_success': False}]",,,,,0.3651370999868959
119,B,16,16,16,9114.4,468,16,1,27,6418.13955172595,6234.399873164576,3956.1395517259516,2278.260321438623,2340.0,460.0,80.0,0,,,,,,,,,,,0.3996085000107996
120,Cplus3F,16,16,16,8208.833,382,16,1,27,5916.742394063649,5849.833260910203,3934.74239406365,1915.0908668465527,1910.0,369.0,80.0,0,0,B,0,0,,,,,,,0.3464531999779865
120,Cplus3FB,16,16,16,7878.833,327,16,1,27,5730.742394063649,5849.833260910203,3934.74239406365,1915.0908668465527,1635.0,314.0,80.0,0,0,B,55,44,0,"[{'channel': 12, 'point': [1808.9, -762.5], 'min_dist_m': 1743.2, 'truth_success': False}, {'channel': 12, 'point': [524.4, -393.3], 'min_dist_m': 1642.3, 'truth_success': False}, {'channel': 11, 'point': [614.8, -1027.9], 'min_dist_m': 1662.0, 'truth_success': False}]",,,,,0.407973099994706
120,B,16,16,16,8208.833,382,16,1,27,5916.742394063649,5849.833260910203,3934.74239406365,1915.0908668465527,1910.0,369.0,80.0,0,,,,,,,,,,,0.5197579000086989
121,Cplus3F,16,16,16,8740.158,433,16,1,27,5915.050575193346,6068.15799039702,3702.050575193349,2366.107415203674,2165.0,427.0,80.0,0,0,B,0,0,,,,,,,0.4489999999932479
121,Cplus3FB,16,16,16,8386.158,375,16,1,27,5765.050575193346,6068.15799039702,3702.050575193349,2366.107415203674,1875.0,363.0,80.0,0,0,B,58,50,0,"[{'channel': 20, 'point': [1808.9, -762.5], 'min_dist_m': 1594.0, 'truth_success': False}, {'channel': 20, 'point': [614.8, -1027.9], 'min_dist_m': 1851.0, 'truth_success': False}, {'channel': 20, 'point': [1298.9, -1471.9], 'min_dist_m': 2193.3, 'truth_success': False}]",,,,,0.45812980001210235
121,B,16,16,16,8740.158,433,16,1,27,5915.050575193346,6068.15799039702,3702.050575193349,2366.107415203674,2165.0,427.0,80.0,0,,,,,,,,,,,0.4395422000088729
122,Cplus3F,16,16,16,9533.834,406,16,1,27,6214.13070726944,7050.834063335461,3994.1307072694412,3056.7033560660207,2030.0,373.0,80.0,0,0,B,0,0,,,,,,,0.4111460999993142
122,Cplus3FB,16,16,16,9481.834,397,16,1,27,6190.13070726944,7050.834063335461,3994.1307072694412,3056.7033560660207,1985.0,366.0,80.0,0,0,B,9,29,0,"[{'channel': 2, 'point': [-1197.6, -18.5], 'min_dist_m': 1611.5, 'truth_success': False}, {'channel': 2, 'point': [-1960.6, -97.8], 'min_dist_m': 1864.1, 'truth_success': False}, {'channel': 2, 'point': [-1808.9, 762.5], 'min_dist_m': 2543.3, 'truth_success': False}]",,,,,0.37309819998336025
122,B,16,16,16,9533.834,406,16,1,27,6214.13070726944,7050.834063335461,3994.1307072694412,3056.7033560660207,2030.0,373.0,80.0,0,,,,,,,,,,,0.35408589997678064
123,Cplus3F,16,16,16,9116.597,408,16,1,27,5891.053041358896,6609.597087544478,3795.0530413588967,2814.5440461855815,2040.0,387.0,80.0,0,0,B,0,0,,,,,,,0.5484564999933355
123,Cplus3FB,16,16,16,8991.597,387,16,1,27,5891.053041358896,6609.597087544478,3795.0530413588967,2814.5440461855815,1935.0,367.0,80.0,0,0,B,21,34,0,"[{'channel': 3, 'point': [-1612.7, -543.9], 'min_dist_m': 1584.9, 'truth_success': False}, {'channel': 3, 'point': [-1573.9, -814.9], 'min_dist_m': 1852.4, 'truth_success': False}, {'channel': 3, 'point': [-1167.1, -1094.3], 'min_dist_m': 2150.9, 'truth_success': False}]",,,,,0.5573117000167258
123,B,16,16,16,9116.597,408,16,1,27,5891.053041358896,6609.597087544478,3795.0530413588967,2814.5440461855815,2040.0,387.0,80.0,0,,,,,,,,,,,0.5263595999858808
124,Cplus3F,16,16,16,9090.366,479,16,1,27,5358.89051956033,6154.365557391715,3176.8905195603315,2977.475037831382,2395.0,461.0,80.0,0,0,B,0,0,,,,,,,0.37624179999693297
124,Cplus3FB,16,16,16,8629.366,404,16,1,27,5280.89051956033,6154.365557391715,3176.8905195603315,2977.475037831382,2020.0,375.0,80.0,0,0,B,75,54,0,"[{'channel': 13, 'point': [614.8, -1027.9], 'min_dist_m': 1633.4, 'truth_success': False}, {'channel': 13, 'point': [1298.9, -1471.9], 'min_dist_m': 1715.8, 'truth_success': False}, {'channel': 13, 'point': [601.1, -1871.6], 'min_dist_m': 2340.4, 'truth_success': False}]",,,,,0.47475090000079945
124,B,16,16,16,9090.366,479,16,1,27,5358.89051956033,6154.365557391715,3176.8905195603315,2977.475037831382,2395.0,461.0,80.0,0,,,,,,,,,,,0.3957525000150781
125,Cplus3F,16,16,16,9266.187,452,16,1,27,5662.276655201357,6492.186543884847,3473.2766552013586,3018.90988868349,2260.0,434.0,80.0,0,0,B,0,0,,,,,,,0.4647785999986809
125,Cplus3FB,16,16,16,8804.187,376,16,1,27,5458.276655201357,6492.186543884847,3473.2766552013586,3018.90988868349,1880.0,352.0,80.0,0,0,B,76,49,0,"[{'channel': 13, 'point': [1133.4, 1589.7], 'min_dist_m': 1845.7, 'truth_success': False}, {'channel': 13, 'point': [1119.0, 427.0], 'min_dist_m': 2203.7, 'truth_success': False}, {'channel': 6, 'point': [1724.0, 938.8], 'min_dist_m': 1776.7, 'truth_success': False}]",,,,,0.42010620000655763
125,B,16,16,16,9266.187,452,16,1,27,5662.276655201357,6492.186543884847,3473.2766552013586,3018.90988868349,2260.0,434.0,80.0,0,,,,,,,,,,,0.4818954999791458
126,Cplus3F,16,16,16,8829.603,410,16,1,27,6135.5029976411415,6305.602558785936,3941.502997641143,2364.099561144793,2050.0,394.0,80.0,0,0,B,0,0,,,,,,,0.6123117000097409
126,Cplus3FB,16,16,16,8653.603,380,16,1,27,6069.5029976411415,6305.602558785936,3941.502997641143,2364.099561144793,1900.0,368.0,80.0,0,0,B,30,26,0,"[{'channel': 1, 'point': [601.1, -1871.6], 'min_dist_m': 1789.5, 'truth_success': False}, {'channel': 1, 'point': [-189.7, -1182.6], 'min_dist_m': 2045.4, 'truth_success': False}, {'channel': 1, 'point': [-340.9, -1933.2], 'min_dist_m': 2529.3, 'truth_success': False}]",,,,,0.6287487999943551
126,B,16,16,16,8829.603,410,16,1,27,6135.5029976411415,6305.602558785936,3941.502997641143,2364.099561144793,2050.0,394.0,80.0,0,,,,,,,,,,,0.5410426000016741
127,Cplus3F,16,16,16,8715.309,406,16,1,27,5685.021640169788,6203.3091873357325,3768.0216401697894,2435.2875471659418,2030.0,402.0,80.0,0,0,B,0,0,,,,,,,0.47411889999057166
127,Cplus3FB,16,16,16,8352.309,349,16,1,27,5637.021640169788,6203.3091873357325,3768.0216401697894,2435.2875471659418,1745.0,324.0,80.0,0,0,B,57,41,0,"[{'channel': 6, 'point': [-1145.9, -1593.9], 'min_dist_m': 1979.0, 'truth_success': False}, {'channel': 6, 'point': [-1724.0, -938.8], 'min_dist_m': 2640.5, 'truth_success': False}, {'channel': 6, 'point': [-905.5, -783.9], 'min_dist_m': 1919.5, 'truth_success': False}]",,,,,0.41134710001642816
127,B,16,16,16,8715.309,406,16,1,27,5685.021640169788,6203.3091873357325,3768.0216401697894,2435.2875471659418,2030.0,402.0,80.0,0,,,,,,,,,,,0.35598269998445176
128,Cplus3F,16,16,16,8931.244,397,16,1,27,6079.089239566093,6493.244038705289,3991.089239566094,2502.1547991391953,1985.0,373.0,80.0,0,0,B,0,0,,,,,,,0.5868487999832723
128,Cplus3FB,16,16,16,8642.244,348,16,1,27,5917.089239566093,6493.244038705289,3991.089239566094,2502.1547991391953,1740.0,329.0,80.0,0,0,B,49,36,0,"[{'channel': 8, 'point': [1960.6, 97.8], 'min_dist_m': 1671.2, 'truth_success': False}, {'channel': 8, 'point': [1808.9, -762.5], 'min_dist_m': 2352.1, 'truth_success': False}, {'channel': 8, 'point': [1131.7, -392.2], 'min_dist_m': 1827.1, 'truth_success': False}]",,,,,0.5661456999951042
128,B,16,16,16,8931.244,397,16,1,27,6079.089239566093,6493.244038705289,3991.089239566094,2502.1547991391953,1985.0,373.0,80.0,0,,,,,,,,,,,0.5718994000053499
129,Cplus3F,16,16,16,9269.24,514,16,1,27,5703.456640208062,6118.24000360553,3457.456640208063,2660.7833633974674,2570.0,501.0,80.0,0,0,B,0,0,,,,,,,0.8053665999905206
129,Cplus3FB,16,16,16,8637.24,411,16,1,27,5595.456640208062,6118.24000360553,3457.456640208063,2660.7833633974674,2055.0,384.0,80.0,0,0,B,103,39,0,"[{'channel': 18, 'point': [1960.6, 97.8], 'min_dist_m': 1672.8, 'truth_success': False}, {'channel': 18, 'point': [1808.9, -762.5], 'min_dist_m': 2185.3, 'truth_success': False}, {'channel': 18, 'point': [1131.7, -392.2], 'min_dist_m': 1539.8, 'truth_success': False}]",,,,,0.8282336999836843
129,B,16,16,16,9269.24,514,16,1,27,5703.456640208062,6118.24000360553,3457.456640208063,2660.7833633974674,2570.0,501.0,80.0,0,,,,,,,,,,,0.788139999989653
130,Cplus3F,16,16,16,8536.024,392,16,1,27,6367.351097309763,6112.023640358976,4102.351097309765,2009.6725430492118,1960.0,384.0,80.0,0,0,B,0,0,,,,,,,0.30929410000680946
130,Cplus3FB,16,16,16,8536.024,392,16,1,27,6367.351097309763,6112.023640358976,4102.351097309765,2009.6725430492118,1960.0,384.0,80.0,0,0,B,0,27,0,[],,,,,0.37191379998694174
130,B,16,16,16,8536.024,392,16,1,27,6367.351097309763,6112.023640358976,4102.351097309765,2009.6725430492118,1960.0,384.0,80.0,0,,,,,,,,,,,0.32579420000547543
131,Cplus3F,16,16,16,9396.764,476,16,1,27,5344.285612715722,6464.764334896078,3426.285612715724,3038.4787221803545,2380.0,472.0,80.0,0,0,B,0,0,,,,,,,0.8886424000083935
131,Cplus3FB,16,16,16,8623.764,350,16,1,27,5110.285612715723,6464.764334896078,3426.285612715724,3038.4787221803545,1750.0,329.0,80.0,0,0,B,126,63,0,"[{'channel': 15, 'point': [1133.4, 1589.7], 'min_dist_m': 1743.5, 'truth_success': False}, {'channel': 15, 'point': [1119.0, 427.0], 'min_dist_m': 2141.4, 'truth_success': False}, {'channel': 20, 'point': [1119.0, 427.0], 'min_dist_m': 1565.2, 'truth_success': False}]",,,,,0.7678212999890093
131,B,16,16,16,9396.764,476,16,1,27,5344.285612715722,6464.764334896078,3426.285612715724,3038.4787221803545,2380.0,472.0,80.0,0,,,,,,,,,,,0.9865735000057612
132,Cplus3F,16,16,16,9981.826,496,16,1,27,6465.8472056753435,6946.826418884399,3973.847205675346,2972.979213209052,2480.0,475.0,80.0,0,0,B,0,0,,,,,,,0.5064779999956954
132,Cplus3FB,16,16,16,9580.826,430,16,1,27,6279.847205675344,6946.826418884399,3973.847205675346,2972.979213209052,2150.0,404.0,80.0,0,0,B,66,53,0,"[{'channel': 12, 'point': [1119.0, 427.0], 'min_dist_m': 1565.2, 'truth_success': False}, {'channel': 12, 'point': [1724.0, 938.8], 'min_dist_m': 1961.8, 'truth_success': False}, {'channel': 12, 'point': [1960.6, 97.8], 'min_dist_m': 2459.6, 'truth_success': False}]",,,,,0.5595039000036195
132,B,16,16,16,9981.826,496,16,1,27,6465.8472056753435,6946.826418884399,3973.847205675346,2972.979213209052,2480.0,475.0,80.0,0,,,,,,,,,,,0.6485491000057664
133,Cplus3F,16,16,16,9972.186,487,16,1,27,6145.482224259611,6981.1859146838815,3914.482224259613,3066.7036904242686,2435.0,476.0,80.0,0,0,B,0,0,,,,,,,0.3488288999942597
133,Cplus3FB,16,16,16,9362.186,388,16,1,27,5935.482224259612,6981.1859146838815,3914.482224259613,3066.7036904242686,1940.0,361.0,80.0,0,0,B,99,50,0,"[{'channel': 4, 'point': [1119.0, 427.0], 'min_dist_m': 1825.9, 'truth_success': False}, {'channel': 16, 'point': [1119.0, 427.0], 'min_dist_m': 1565.2, 'truth_success': False}, {'channel': 4, 'point': [1724.0, 938.8], 'min_dist_m': 2003.5, 'truth_success': False}]",,,,,0.4667026000097394
133,B,16,16,16,9972.186,487,16,1,27,6145.482224259611,6981.1859146838815,3914.482224259613,3066.7036904242686,2435.0,476.0,80.0,0,,,,,,,,,,,0.5405968000122812
134,Cplus3F,16,16,16,9749.736,482,16,1,27,5863.049872595824,6787.735857919283,3781.0498725958255,3006.6859853234587,2410.0,472.0,80.0,0,0,B,0,0,,,,,,,0.4584799000003841
134,Cplus3FB,16,16,16,9065.736,372,16,1,27,5611.049872595824,6787.735857919283,3781.0498725958255,3006.6859853234587,1860.0,338.0,80.0,0,0,B,110,59,0,"[{'channel': 11, 'point': [1119.0, 427.0], 'min_dist_m': 1815.6, 'truth_success': False}, {'channel': 11, 'point': [1724.0, 938.8], 'min_dist_m': 1989.0, 'truth_success': False}, {'channel': 11, 'point': [1960.6, 97.8], 'min_dist_m': 2648.9, 'truth_success': False}]",,,,,0.4140737999987323
134,B,16,16,16,9749.736,482,16,1,27,5863.049872595824,6787.735857919283,3781.0498725958255,3006.6859853234587,2410.0,472.0,80.0,0,,,,,,,,,,,0.3706841000239365
135,Cplus3F,16,16,16,9401.041,451,16,1,27,6087.183895738829,6622.041460938778,3762.183895738831,2859.857565199947,2255.0,444.0,80.0,0,0,B,0,0,,,,,,,0.34430490000522695
135,Cplus3FB,16,16,16,9004.041,386,16,1,27,5865.183895738829,6622.041460938778,3762.183895738831,2859.857565199947,1930.0,372.0,80.0,0,0,B,65,43,0,"[{'channel': 19, 'point': [1960.6, 97.8], 'min_dist_m': 1503.7, 'truth_success': False}, {'channel': 12, 'point': [1808.9, -762.5], 'min_dist_m': 1947.2, 'truth_success': False}, {'channel': 19, 'point': [1808.9, -762.5], 'min_dist_m': 2006.5, 'truth_success': False}]",,,,,0.3858664000290446
135,B,16,16,16,9401.041,451,16,1,27,6087.183895738829,6622.041460938778,3762.183895738831,2859.857565199947,2255.0,444.0,80.0,0,,,,,,,,,,,0.392969800013816
136,Cplus3F,16,16,16,9754.446,460,16,1,27,6205.153380346631,6934.445943189851,3995.1533803466327,2939.292562843219,2300.0,440.0,80.0,0,0,B,0,0,,,,,,,0.4212441999989096
136,Cplus3FB,16,16,16,9343.446,394,16,1,27,6085.153380346631,6934.445943189851,3995.1533803466327,2939.292562843219,1970.0,359.0,80.0,0,0,B,66,30,0,"[{'channel': 16, 'point': [-189.7, -1182.6], 'min_dist_m': 1599.5, 'truth_success': False}, {'channel': 18, 'point': [-189.7, -1182.6], 'min_dist_m': 1632.1, 'truth_success': False}, {'channel': 16, 'point': [-340.9, -1933.2], 'min_dist_m': 1928.6, 'truth_success': False}]",,,,,0.569855900015682
136,B,16,16,16,9754.446,460,16,1,27,6205.153380346631,6934.445943189851,3995.1533803466327,2939.292562843219,2300.0,440.0,80.0,0,,,,,,,,,,,0.47437680000439286
137,Cplus3F,16,16,16,9163.601,432,16,1,27,6434.020835932363,6508.601282399506,4020.0208359323647,2488.5804464671414,2160.0,415.0,80.0,0,0,B,0,0,,,,,,,0.29047950002131984
137,Cplus3FB,16,16,16,8953.601,396,16,1,27,6290.020835932363,6508.601282399506,4020.0208359323647,2488.5804464671414,1980.0,385.0,80.0,0,0,B,36,32,0,"[{'channel': 7, 'point': [1133.4, 1589.7], 'min_dist_m': 1841.6, 'truth_success': False}, {'channel': 7, 'point': [1119.0, 427.0], 'min_dist_m': 2201.3, 'truth_success': False}, {'channel': 7, 'point': [1724.0, 938.8], 'min_dist_m': 2534.6, 'truth_success': False}]",,,,,0.32033220000448637
137,B,16,16,16,9163.601,432,16,1,27,6434.020835932363,6508.601282399506,4020.0208359323647,2488.5804464671414,2160.0,415.0,80.0,0,,,,,,,,,,,0.26366900000721216
138,Cplus3F,16,16,16,8877.172,441,16,1,27,6389.157777373526,6159.172242556421,3956.157777373528,2203.014465182892,2205.0,433.0,80.0,0,0,B,0,0,,,,,,,0.3205610000004526
138,Cplus3FB,16,16,16,8689.172,410,16,1,27,6275.157777373526,6159.172242556421,3956.157777373528,2203.014465182892,2050.0,400.0,80.0,0,0,B,31,39,0,"[{'channel': 10, 'point': [1133.4, 1589.7], 'min_dist_m': 1846.5, 'truth_success': False}, {'channel': 10, 'point': [1119.0, 427.0], 'min_dist_m': 2204.1, 'truth_success': False}, {'channel': 10, 'point': [1724.0, 938.8], 'min_dist_m': 2538.7, 'truth_success': False}]",,,,,0.4298706999979913
138,B,16,16,16,8877.172,441,16,1,27,6389.157777373526,6159.172242556421,3956.157777373528,2203.014465182892,2205.0,433.0,80.0,0,,,,,,,,,,,0.3447172000014689
139,Cplus3F,16,16,16,8126.962,377,16,1,27,5761.852640048569,5798.961632213749,3754.8526400485703,2044.1089921651778,1885.0,363.0,80.0,0,0,B,0,0,,,,,,,0.3399801000196021
139,Cplus3FB,16,16,16,7879.962,335,16,1,27,5635.852640048569,5798.961632213749,3754.8526400485703,2044.1089921651778,1675.0,326.0,80.0,0,0,B,42,34,0,"[{'channel': 20, 'point': [1119.0, 427.0], 'min_dist_m': 1565.2, 'truth_success': False}, {'channel': 20, 'point': [1724.0, 938.8], 'min_dist_m': 1961.8, 'truth_success': False}, {'channel': 20, 'point': [1960.6, 97.8], 'min_dist_m': 2459.6, 'truth_success': False}]",,,,,0.3610581000102684
139,B,16,16,16,8126.962,377,16,1,27,5761.852640048569,5798.961632213749,3754.8526400485703,2044.1089921651778,1885.0,363.0,80.0,0,,,,,,,,,,,0.3390897999925073
140,Cplus3F,16,16,16,7985.337,344,16,1,27,5464.5739326565845,5862.336807357751,3567.573932656587,2294.7628747011677,1720.0,323.0,80.0,0,0,B,0,0,,,,,,,0.6921234999899752
140,Cplus3FB,16,16,16,7985.337,344,16,1,27,5464.5739326565845,5862.336807357751,3567.573932656587,2294.7628747011677,1720.0,323.0,80.0,0,0,B,0,26,0,[],,,,,0.6459804000041913
140,B,16,16,16,7985.337,344,16,1,27,5464.5739326565845,5862.336807357751,3567.573932656587,2294.7628747011677,1720.0,323.0,80.0,0,,,,,,,,,,,0.6456948999839369
141,Cplus3F,16,16,16,10241.909,519,16,1,27,6281.488419972644,7057.908679051798,3770.4884199726466,3287.4202590791506,2595.0,509.0,80.0,0,0,B,0,0,,,,,,,0.475550100003602
141,Cplus3FB,16,16,16,9712.909,432,16,1,27,6023.488419972644,7057.908679051798,3770.4884199726466,3287.4202590791506,2160.0,415.0,80.0,0,0,B,87,54,0,"[{'channel': 15, 'point': [1133.4, 1589.7], 'min_dist_m': 1870.4, 'truth_success': False}, {'channel': 10, 'point': [1119.0, 427.0], 'min_dist_m': 1565.2, 'truth_success': False}, {'channel': 15, 'point': [1119.0, 427.0], 'min_dist_m': 2218.1, 'truth_success': False}]",,,,,0.6768785000022035
141,B,16,16,16,10241.909,519,16,1,27,6281.488419972644,7057.908679051798,3770.4884199726466,3287.4202590791506,2595.0,509.0,80.0,0,,,,,,,,,,,0.5828806000063196
142,Cplus3F,16,16,16,6980.278,290,16,1,27,4687.985632736071,5171.278204732497,3067.985632736072,2103.2925719964264,1450.0,279.0,80.0,0,0,B,0,0,,,,,,,0.3924218000029214
142,Cplus3FB,16,16,16,6857.278,269,16,1,27,4609.985632736071,5171.278204732497,3067.985632736072,2103.2925719964264,1345.0,261.0,80.0,0,0,B,21,25,0,"[{'channel': 4, 'point': [1119.0, 427.0], 'min_dist_m': 1565.2, 'truth_success': False}, {'channel': 4, 'point': [1724.0, 938.8], 'min_dist_m': 1961.8, 'truth_success': False}, {'channel': 4, 'point': [1960.6, 97.8], 'min_dist_m': 2459.6, 'truth_success': False}]",,,,,0.33667530000093393
142,B,16,16,16,6980.278,290,16,1,27,4687.985632736071,5171.278204732497,3067.985632736072,2103.2925719964264,1450.0,279.0,80.0,0,,,,,,,,,,,0.40195179998409003
143,Cplus3F,16,16,16,9829.9,503,16,1,27,6043.900717651557,6752.899830946333,3762.9007176515593,2989.9991132947757,2515.0,482.0,80.0,0,0,B,0,0,,,,,,,0.4068253999867011
143,Cplus3FB,16,16,16,9431.9,439,16,1,27,5953.900717651557,6752.899830946333,3762.9007176515593,2989.9991132947757,2195.0,404.0,80.0,0,0,B,64,58,0,"[{'channel': 12, 'point': [601.1, -1871.6], 'min_dist_m': 1525.3, 'truth_success': False}, {'channel': 12, 'point': [-189.7, -1182.6], 'min_dist_m': 1528.4, 'truth_success': False}, {'channel': 12, 'point': [-340.9, -1933.2], 'min_dist_m': 2104.6, 'truth_success': False}]",,,,,0.5202203000080772
143,B,16,16,16,9829.9,503,16,1,27,6043.900717651557,6752.899830946333,3762.9007176515593,2989.9991132947757,2515.0,482.0,80.0,0,,,,,,,,,,,0.571977900021011
144,Cplus3F,16,16,16,8464.171,365,16,1,27,5395.119157233471,6214.170786786869,3623.119157233472,2591.0516295533985,1825.0,345.0,80.0,0,0,B,0,0,,,,,,,0.4673191999900155
144,Cplus3FB,16,16,16,8268.171,333,16,1,27,5233.119157233471,6214.170786786869,3623.119157233472,2591.0516295533985,1665.0,309.0,80.0,0,0,B,32,54,0,"[{'channel': 3, 'point': [1133.4, 1589.7], 'min_dist_m': 1676.8, 'truth_success': False}, {'channel': 3, 'point': [1119.0, 427.0], 'min_dist_m': 2001.3, 'truth_success': False}, {'channel': 3, 'point': [1724.0, 938.8], 'min_dist_m': 2393.1, 'truth_success': False}]",,,,,0.6194029000180308
144,B,16,16,16,8464.171,365,16,1,27,5395.119157233471,6214.170786786869,3623.119157233472,2591.0516295533985,1825.0,345.0,80.0,0,,,,,,,,,,,0.697322299994994
145,Cplus3F,16,16,16,9335.014,394,16,1,27,5712.488562031171,6920.013961428206,3765.4885620311716,3154.525399397036,1970.0,365.0,80.0,0,0,B,0,0,,,,,,,0.9019374000199605
145,Cplus3FB,16,16,16,9145.014,363,16,1,27,5628.488562031171,6920.013961428206,3765.4885620311716,3154.525399397036,1815.0,330.0,80.0,0,0,B,31,33,0,"[{'channel': 18, 'point': [1808.9, -762.5], 'min_dist_m': 1843.9, 'truth_success': False}, {'channel': 18, 'point': [524.4, -393.3], 'min_dist_m': 1693.2, 'truth_success': False}, {'channel': 18, 'point': [614.8, -1027.9], 'min_dist_m': 2243.1, 'truth_success': False}]",,,,,0.8639877999958117
145,B,16,16,16,9335.014,394,16,1,27,5712.488562031171,6920.013961428206,3765.4885620311716,3154.525399397036,1970.0,365.0,80.0,0,,,,,,,,,,,0.850474699982442
146,Cplus3F,16,16,16,8882.67,428,16,1,27,5495.160777240422,6239.670335576451,3447.160777240424,2792.5095583360267,2140.0,423.0,80.0,0,0,B,0,0,,,,,,,0.3457277000125032
146,Cplus3FB,16,16,16,8395.67,348,16,1,27,5267.160777240422,6239.670335576451,3447.160777240424,2792.5095583360267,1740.0,336.0,80.0,0,0,B,80,56,0,"[{'channel': 16, 'point': [1133.4, 1589.7], 'min_dist_m': 1869.4, 'truth_success': False}, {'channel': 3, 'point': [1119.0, 427.0], 'min_dist_m': 1565.2, 'truth_success': False}, {'channel': 16, 'point': [1119.0, 427.0], 'min_dist_m': 2217.5, 'truth_success': False}]",,,,,0.3665059999912046
146,B,16,16,16,8882.67,428,16,1,27,5495.160777240422,6239.670335576451,3447.160777240424,2792.5095583360267,2140.0,423.0,80.0,0,,,,,,,,,,,0.25651820001075976
147,Cplus3F,16,16,16,7990.416,415,16,1,27,5732.555247655807,5425.416023471222,3593.5552476558087,1831.8607758154121,2075.0,410.0,80.0,0,0,B,0,0,,,,,,,0.36090970001532696
147,Cplus3FB,16,16,16,7612.416,353,16,1,27,5582.555247655807,5425.416023471222,3593.5552476558087,1831.8607758154121,1765.0,342.0,80.0,0,0,B,62,29,0,"[{'channel': 10, 'point': [1808.9, -762.5], 'min_dist_m': 1907.4, 'truth_success': False}, {'channel': 10, 'point': [1131.7, -392.2], 'min_dist_m': 1525.4, 'truth_success': False}, {'channel': 10, 'point': [524.4, -393.3], 'min_dist_m': 1745.9, 'truth_success': False}]",,,,,0.38880370001425035
147,B,16,16,16,7990.416,415,16,1,27,5732.555247655807,5425.416023471222,3593.5552476558087,1831.8607758154121,2075.0,410.0,80.0,0,,,,,,,,,,,0.31479639999452047
148,Cplus3F,16,16,16,8821.965,445,16,1,27,5575.470904093688,6081.96525249437,3456.4709040936887,2625.4943484006817,2225.0,435.0,80.0,0,0,B,0,0,,,,,,,0.4047765999857802
148,Cplus3FB,16,16,16,8384.965,374,16,1,27,5437.470904093688,6081.96525249437,3456.4709040936887,2625.4943484006817,1870.0,353.0,80.0,0,0,B,71,44,0,"[{'channel': 9, 'point': [1808.9, -762.5], 'min_dist_m': 1768.9, 'truth_success': False}, {'channel': 9, 'point': [524.4, -393.3], 'min_dist_m': 1539.3, 'truth_success': False}, {'channel': 9, 'point': [614.8, -1027.9], 'min_dist_m': 2144.3, 'truth_success': False}]",,,,,0.4090151000127662
148,B,16,16,16,8821.965,445,16,1,27,5575.470904093688,6081.96525249437,3456.4709040936887,2625.4943484006817,2225.0,435.0,80.0,0,,,,,,,,,,,0.4439754000050016
149,Cplus3F,16,16,16,10501.559,553,16,1,27,6297.889188545238,7109.55854071175,3761.88918854524,3347.6693521665093,2765.0,547.0,80.0,0,0,B,0,0,,,,,,,0.46974439997575246
149,Cplus3FB,16,16,16,9597.559,404,16,1,27,5877.889188545238,7109.55854071175,3761.88918854524,3347.6693521665093,2020.0,388.0,80.0,0,0,B,149,67,0,"[{'channel': 8, 'point': [1133.4, 1589.7], 'min_dist_m': 1865.6, 'truth_success': False}, {'channel': 8, 'point': [1119.0, 427.0], 'min_dist_m': 2215.3, 'truth_success': False}, {'channel': 10, 'point': [1119.0, 427.0], 'min_dist_m': 1565.2, 'truth_success': False}]",,,,,0.48996800000895746
149,B,16,16,16,10501.559,553,16,1,27,6297.889188545238,7109.55854071175,3761.88918854524,3347.6693521665093,2765.0,547.0,80.0,0,,,,,,,,,,,0.4625289000105113
150,Cplus3F,16,16,16,9505.209,471,16,1,27,5813.762632033713,6609.209400423519,3603.762632033715,3005.4467683898047,2355.0,461.0,80.0,0,0,B,0,0,,,,,,,0.4623002000153065
150,Cplus3FB,16,16,16,8898.209,371,16,1,27,5573.762632033714,6609.209400423519,3603.762632033715,3005.4467683898047,1855.0,354.0,80.0,0,0,B,100,42,0,"[{'channel': 17, 'point': [1119.0, 427.0], 'min_dist_m': 1565.2, 'truth_success': False}, {'channel': 17, 'point': [1724.0, 938.8], 'min_dist_m': 1961.8, 'truth_success': False}, {'channel': 17, 'point': [1960.6, 97.8], 'min_dist_m': 2459.6, 'truth_success': False}]",,,,,0.42928170002414845
150,B,16,16,16,9505.209,471,16,1,27,5813.762632033713,6609.209400423519,3603.762632033715,3005.4467683898047,2355.0,461.0,80.0,0,,,,,,,,,,,0.4291914000059478
