case,strategy,source_count,detected_channels,cleared_channels,total_virtual_time_s,measure_actions,clear_actions,all_cleared,search_sites,search_end_time_s,movement_time_s,search_movement_time_s,post_search_movement_time_s,detection_time_s,switching_time_s,clearing_time_s,failed_clear_actions,wall_time_s
1,L1100_C2,11,11,11,7765.674,267,11,1,19,5355.483585384298,6138.674079647155,3966.483585384298,2172.1904942628635,1335.0,237.0,55.0,0,0.7739633000164758
1,L1100I3,11,11,11,7949.777,292,11,1,22,5700.073721354744,6163.77671294291,4135.073721354744,2028.7029915881697,1460.0,271.0,55.0,0,0.6011762999987695
1,H8,11,11,11,8862.767,449,11,1,31,6825.749802523321,6129.767122168677,4276.749802523322,1853.0173196453566,2245.0,433.0,55.0,0,2.975571499991929
2,L1100_C2,12,12,12,8294.851,277,12,1,19,5345.0,6598.851160831489,3960.0,2638.8511608314943,1385.0,251.0,60.0,0,0.6410066999960691
2,L1100I3,12,12,12,9457.45,327,12,1,22,5778.073721354744,7449.449526890252,4135.073721354744,3314.3758055355083,1635.0,313.0,60.0,0,0.41783489999943413
2,H8,12,12,12,9709.811,454,12,1,31,6795.749802523321,6947.810963845944,4276.749802523322,2671.061161322622,2270.0,432.0,60.0,0,2.734645400021691
3,L1100_C2,12,12,12,7089.461,241,12,1,19,5308.481292543639,5591.460717835667,3960.481292543639,1630.9794252920265,1205.0,233.0,60.0,0,0.33223929998348467
3,L1100I3,12,12,12,7733.573,273,12,1,22,5658.073721354744,6045.573436130369,4135.073721354744,1910.4997147756242,1365.0,263.0,60.0,0,0.3716260999790393
3,H8,12,12,12,10239.352,422,12,1,31,6543.749802523322,7678.352095031579,4276.749802523322,3401.6022925082602,2110.0,391.0,60.0,0,2.9863261000136845
4,L1100_C2,12,12,12,8346.147,299,12,1,19,5417.0,6506.147093901088,3960.0,2546.147093901086,1495.0,285.0,60.0,0,0.37124629999743775
4,L1100I3,12,12,12,8684.749,323,12,1,22,5742.073721354744,6707.749466113834,4135.073721354744,2572.6757447590935,1615.0,302.0,60.0,0,0.40540089999558404
4,H8,12,12,12,9131.22,409,12,1,31,6577.879606731901,6642.219875739264,4317.879606731902,2324.3402690073626,2045.0,384.0,60.0,0,3.176890500006266
5,L1100_C2,15,15,15,8151.062,255,15,1,19,5243.0,6567.061867570529,3960.0,2607.061867570532,1275.0,234.0,75.0,0,1.0194239999982528
5,L1100I3,15,15,15,9735.923,308,15,1,22,5550.073721354744,7848.923394292739,4135.073721354744,3713.849672937997,1540.0,272.0,75.0,0,0.8122779999976046
5,H8,15,15,15,9198.718,391,15,1,31,6417.749802523322,6799.718399945166,4276.749802523322,2522.9685974218505,1955.0,369.0,75.0,0,4.283524299971759
6,L1100_C2,13,13,13,7866.574,246,13,1,19,5273.0,6341.574425250246,3960.0,2381.5744252502477,1230.0,230.0,65.0,0,0.7635354000085499
6,L1100I3,13,13,13,7940.444,276,13,1,22,5676.073721354744,6228.443907520554,4135.073721354744,2093.3701861658133,1380.0,267.0,65.0,0,0.3820185999793466
6,H8,13,13,13,8586.945,350,13,1,31,6243.749802523321,6431.944515730328,4276.749802523322,2155.1947132070063,1750.0,340.0,65.0,0,4.033988200011663
7,L1100_C2,15,15,15,8391.734,289,15,1,19,5255.0,6593.7342016062785,3960.0,2633.7342016062767,1445.0,278.0,75.0,0,0.6699406999978237
7,L1100I3,15,15,15,8303.987,235,15,1,22,5364.073721354744,6834.986907719181,4135.073721354744,2699.913186364437,1175.0,219.0,75.0,0,0.4561716000025626
7,H8,15,15,15,9630.945,381,15,1,31,6338.766617872502,7293.944758426879,4276.766617872503,3017.1781405543784,1905.0,357.0,75.0,0,5.439069100015331
8,L1100_C2,14,14,14,7637.032,247,14,1,19,5302.07249146065,6100.032159824667,3960.07249146065,2139.9596683640193,1235.0,232.0,70.0,0,0.8161812000034843
8,L1100I3,14,14,14,8609.269,264,14,1,22,5574.073721354744,6968.268647447482,4135.073721354744,2833.1949260927336,1320.0,251.0,70.0,0,0.7260843000258319
8,H8,14,14,14,9038.212,351,14,1,31,6231.749802523321,6875.212444243328,4276.749802523322,2598.4626417200056,1755.0,338.0,70.0,0,1.0001416000013705
9,L1100_C2,10,10,10,8159.188,303,10,1,19,5621.0,6306.188400540631,3960.0,2346.1884005406314,1515.0,288.0,50.0,0,0.7216887999966275
9,L1100I3,10,10,10,9865.327,362,10,1,22,6709.436065242134,7658.326744224621,4816.436065242134,2841.8906789824864,1810.0,347.0,50.0,0,0.5276882000034675
9,H8,10,10,10,9480.874,480,10,1,31,6996.83640911282,6572.8744828727,4280.8364091128215,2292.038073759884,2400.0,458.0,50.0,0,1.1898480999807362
10,L1100_C2,10,10,10,7655.888,262,10,1,19,5429.960147597367,6046.88781195115,3961.9601475973664,2084.9276643537864,1310.0,249.0,50.0,0,0.727216800005408
10,L1100I3,10,10,10,8370.791,310,10,1,22,5802.073721354744,6485.790713552294,4135.073721354744,2350.716992197553,1550.0,285.0,50.0,0,0.9599447999789845
10,H8,10,10,10,8590.267,472,10,1,31,7047.278268134231,5712.2672390576345,4277.278268134232,1434.9889709234023,2360.0,468.0,50.0,0,5.848963800002821
11,L1100_C2,11,11,11,7443.259,284,11,1,19,5549.0,5692.258937022448,3960.0,1732.2589370224496,1420.0,276.0,55.0,0,0.605170700000599
11,L1100I3,11,11,11,8738.543,367,11,1,22,6000.073721354744,6490.542761301673,4135.073721354744,2355.46903994693,1835.0,358.0,55.0,0,0.8472038999898359
11,H8,11,11,11,9108.379,424,11,1,31,6711.749802523321,6520.379320220617,4276.749802523322,2243.6295176972953,2120.0,413.0,55.0,0,0.613721900008386
12,L1100_C2,10,10,10,7438.692,275,10,1,19,5555.0,5740.691997459872,3960.0,1780.6919974598704,1375.0,273.0,50.0,0,0.47032810002565384
12,L1100I3,10,10,10,7836.887,310,10,1,22,5915.953176494967,5934.88741879126,4147.953176494966,1786.9342422962925,1550.0,302.0,50.0,0,0.5735678999917582
12,H8,10,10,10,8746.179,427,10,1,31,6729.749802523321,6145.178542402975,4276.749802523322,1868.4287398796523,2135.0,416.0,50.0,0,0.6515642000013031
13,L1100_C2,12,12,12,7656.626,274,12,1,19,5519.0,5956.626343991382,3960.0,1996.6263439913837,1370.0,270.0,60.0,0,0.8197973999776877
13,L1100I3,12,12,12,8740.278,331,12,1,22,5946.073721354744,6712.2778749077825,4135.073721354744,2577.204153553041,1655.0,313.0,60.0,0,1.590981700021075
13,H8,12,12,12,9299.017,448,12,1,31,6905.896139875771,6561.01666392491,4316.896139875772,2244.1205240491367,2240.0,438.0,60.0,0,0.7660125999827869
14,L1100_C2,12,12,12,7631.863,256,12,1,19,5418.5144346203315,6044.863136453601,3992.5144346203315,2052.3487018332694,1280.0,247.0,60.0,0,0.4533708000089973
14,L1100I3,12,12,12,9146.12,323,12,1,22,5805.98964311157,7181.120272003899,4157.98964311157,3023.130628892333,1615.0,290.0,60.0,0,0.867199400003301
14,H8,12,12,12,9437.689,453,12,1,31,6885.749802523321,6667.688546631249,4276.749802523322,2390.9387441079284,2265.0,445.0,60.0,0,0.8198688999982551
15,L1100_C2,16,16,16,8018.18,267,16,1,19,5291.0,6360.180196164062,3960.0,2400.1801961640595,1335.0,243.0,80.0,0,1.6410438000166323
15,L1100I3,16,16,16,8911.291,256,16,1,22,5238.054108752531,7311.290828954337,3950.054108752531,3361.236720201806,1280.0,240.0,80.0,0,0.9726245999918319
15,H8,16,16,16,7328.21,313,16,1,31,3951.6368167802116,5392.210028930322,2572.6368167802116,2819.5732121501105,1565.0,291.0,80.0,0,2.78535120000015
16,L1100_C2,12,12,12,8411.041,333,12,1,19,5665.538231391539,6365.04070188646,3982.538231391539,2382.5024704949246,1665.0,321.0,60.0,0,0.9929367000004277
16,L1100I3,12,12,12,9163.221,396,12,1,22,6078.073721354744,6734.220995667754,4135.073721354744,2599.1472743130125,1980.0,389.0,60.0,0,0.936214999994263
16,H8,12,12,12,8245.731,384,12,1,31,6585.594168795022,5882.730733676283,4315.594168795022,1567.1365648812614,1920.0,383.0,60.0,0,0.49124859998119064
17,L1100_C2,16,16,16,7618.941,294,16,1,19,4121.517343152266,5786.941072221601,2900.517343152266,2886.423729069334,1470.0,282.0,80.0,0,1.3873863000189885
17,L1100I3,16,16,16,7494.98,263,16,1,22,4682.18377141075,5842.979512641159,3292.1837714107505,2550.795741230408,1315.0,257.0,80.0,0,1.0501086000003852
17,H8,16,16,16,9035.394,347,16,1,31,5446.000317237695,6912.393648423732,3678.000317237695,3234.3933311860364,1735.0,308.0,80.0,0,1.6148849000164773
18,L1100_C2,11,11,11,7784.954,297,11,1,19,5686.013457098589,5961.954423184478,4027.013457098589,1934.940966085891,1485.0,283.0,55.0,0,0.46251919999485835
18,L1100I3,11,11,11,9828.302,317,11,1,22,6512.1417638296325,7892.301648591018,4768.1417638296325,3124.1598847613886,1585.0,296.0,55.0,0,0.9193639000004623
18,H8,11,11,11,9742.446,437,11,1,31,6795.749802523321,7072.44591733566,4276.749802523322,2795.696114812342,2185.0,430.0,55.0,0,0.7942349999793805
19,L1100_C2,12,12,12,8070.334,273,12,1,19,5501.0,6378.333756205556,3960.0,2418.333756205555,1365.0,267.0,60.0,0,0.8713817000098061
19,L1100I3,12,12,12,8777.879,318,12,1,22,5910.073721354744,6819.8791887265,4135.073721354744,2684.805467371759,1590.0,308.0,60.0,0,1.141070400015451
19,H8,12,12,12,8702.3,420,12,1,31,6736.038075752259,6127.3003088635905,4284.03807575226,1843.262233111333,2100.0,415.0,60.0,0,0.8175266000034753
20,L1100_C2,11,11,11,7927.373,293,11,1,19,5610.381874494873,6128.3731856263585,3980.381874494873,2147.9913111314877,1465.0,279.0,55.0,0,1.2410654000123031
20,L1100I3,11,11,11,8489.621,322,11,1,22,5921.404623322036,6517.62056188475,4135.404623322036,2382.2159385627165,1610.0,307.0,55.0,0,0.8918769999872893
20,H8,11,11,11,9116.473,454,11,1,31,6897.749802523321,6346.472904423639,4276.749802523322,2069.723101900317,2270.0,445.0,55.0,0,0.9235006999806501
21,L1100_C2,12,12,12,7540.431,254,12,1,19,5429.991304489356,5959.431120816724,3962.9913044893556,1996.4398163273715,1270.0,251.0,60.0,0,0.6847681000072043
21,L1100I3,12,12,12,9382.735,283,12,1,22,5646.073721354744,7642.735049889497,4135.073721354744,3507.661328534756,1415.0,265.0,60.0,0,1.1164827000175137
21,H8,12,12,12,9524.41,424,12,1,31,6627.749802523321,6943.409804067446,4276.749802523322,2666.660001544127,2120.0,401.0,60.0,0,1.2878245000028983
22,L1100_C2,10,10,10,8054.69,310,10,1,19,5729.0,6152.690386044462,3960.0,2192.690386044464,1550.0,302.0,50.0,0,0.66569259998505
22,L1100I3,10,10,10,8159.39,335,10,1,22,6078.073721354744,6103.389656188549,4135.073721354744,1968.3159348338083,1675.0,331.0,50.0,0,0.5790170000109356
22,H8,10,10,10,9530.114,459,10,1,31,6897.749802523321,6739.114254159,4276.749802523322,2462.36445163568,2295.0,446.0,50.0,0,0.8993606000149157
23,L1100_C2,16,16,16,5435.176,200,16,1,19,1966.2796206788491,4171.17569573946,1357.2796206788491,2813.8960750606107,1000.0,184.0,80.0,0,1.1699029000010341
23,L1100I3,16,16,16,5324.209,185,16,1,22,2024.0737213547434,4148.208506389563,1275.0737213547434,2873.1347850348175,925.0,171.0,80.0,0,1.5571388000098523
23,H8,16,16,16,8152.056,340,16,1,31,5851.164426503574,6039.0563024558105,3926.164426503574,2112.8918759522367,1700.0,333.0,80.0,0,0.9767811000056099
24,L1100_C2,15,15,15,8052.491,242,15,1,19,5267.0,6536.491101074728,3960.0,2576.4911010747287,1210.0,231.0,75.0,0,0.8219159000145737
24,L1100I3,15,15,15,8219.249,273,15,1,22,5622.073721354744,6518.249279132961,4135.073721354744,2383.1755577782174,1365.0,261.0,75.0,0,0.8908778000040911
24,H8,15,15,15,9044.266,366,15,1,31,6327.749802523321,6787.2656541272645,4276.749802523322,2510.515851603942,1830.0,352.0,75.0,0,0.9714825999981258
25,L1100_C2,13,13,13,8147.294,297,13,1,19,5423.0,6317.294000855873,3960.0,2357.294000855875,1485.0,280.0,65.0,0,1.1803485000273213
25,L1100I3,13,13,13,9314.846,292,13,1,22,5616.073721354744,7531.845729584081,4135.073721354744,3396.7720082293395,1460.0,258.0,65.0,0,1.1981526000017766
25,H8,13,13,13,9163.351,404,13,1,31,6572.869471319469,6695.35067186067,4318.869471319471,2376.4812005412036,2020.0,383.0,65.0,0,1.2172763000125997
26,L1100_C2,11,11,11,8563.236,305,11,1,19,5573.0,6703.235701681822,3960.0,2743.2357016818232,1525.0,280.0,55.0,0,1.5924518999818247
26,L1100I3,11,11,11,8113.206,304,11,1,22,5844.073721354744,6244.206322210137,4135.073721354744,2109.1326008553924,1520.0,294.0,55.0,0,0.7574648000008892
26,H8,11,11,11,9080.569,407,11,1,31,6603.749802523321,6595.569449272355,4276.749802523322,2318.819646749037,2035.0,395.0,55.0,0,0.7731770999962464
27,L1100_C2,15,15,15,8366.954,255,15,1,19,5225.0,6767.953739451527,3960.0,2807.9537394515282,1275.0,249.0,75.0,0,0.9592411000048742
27,L1100I3,15,15,15,9015.051,295,15,1,22,5616.073721354744,7180.051315589042,4135.073721354744,3044.9775942343017,1475.0,285.0,75.0,0,1.060859800025355
27,H8,15,15,15,9000.901,436,15,1,31,6759.749802523322,6317.900876628597,4276.749802523322,2041.1510741052784,2180.0,428.0,75.0,0,1.1914815999916755
28,L1100_C2,15,15,15,8137.753,288,15,1,19,5420.286302736912,6345.752507413975,3994.2863027369126,2351.466204677065,1440.0,277.0,75.0,0,1.2065217999916058
28,L1100I3,15,15,15,8692.104,264,15,1,22,5514.073721354744,7054.103976745904,4135.073721354744,2919.030255391166,1320.0,243.0,75.0,0,1.3542178999923635
28,H8,15,15,15,9643.226,389,15,1,31,6135.749802523321,7257.226232551215,4276.749802523322,2980.4764300278944,1945.0,366.0,75.0,0,1.6025994999799877
29,L1100_C2,14,14,14,8141.375,265,14,1,19,5479.9146923618555,6487.3749749270755,4005.9146923618555,2481.4602825652196,1325.0,259.0,70.0,0,0.7552358999964781
29,L1100I3,14,14,14,9256.189,323,14,1,22,5736.073721354744,7265.188676065312,4135.073721354744,3130.1149547105724,1615.0,306.0,70.0,0,1.1901524999993853
29,H8,14,14,14,8760.387,356,14,1,31,6314.297810408529,6563.386981900029,4288.297810408529,2275.0891714914987,1780.0,347.0,70.0,0,0.9124132999859285
30,L1100_C2,13,13,13,7733.548,260,13,1,19,5439.352768732273,6116.547604058507,3983.3527687322726,2133.194835326237,1300.0,252.0,65.0,0,0.7955589999910444
30,L1100I3,13,13,13,8795.204,324,13,1,22,5905.362118891107,6816.204257958764,4192.362118891107,2623.8421390676604,1620.0,294.0,65.0,0,1.5102144999837037
30,H8,13,13,13,9807.294,469,13,1,31,6933.749802523322,6941.293900400827,4276.749802523322,2664.5440978775055,2345.0,456.0,65.0,0,0.9066651999892201
31,L1100_C2,11,10,10,7823.596,286,10,0,19,5573.0,6065.595517023566,3960.0,2105.5955170235666,1430.0,278.0,50.0,0,0.8243366999959107
31,L1100I3,11,11,11,8345.556,297,11,1,22,5820.073721354744,6515.555776414734,4135.073721354744,2380.4820550599907,1485.0,290.0,55.0,0,0.7763485999894328
31,H8,11,11,11,8876.177,437,11,1,31,6846.685004158909,6208.177128664166,4322.6850041589105,1885.4921245052567,2185.0,428.0,55.0,0,0.6775632000062615
32,L1100_C2,11,11,11,7389.929,252,11,1,19,5351.0,5832.928744713379,3960.0,1872.9287447133802,1260.0,242.0,55.0,0,1.1232092999853194
32,L1100I3,11,11,11,8460.928,299,11,1,22,5760.073721354744,6629.928400151893,4135.073721354744,2494.854678797153,1495.0,281.0,55.0,0,1.1279394000011962
32,H8,11,11,11,9244.795,443,11,1,31,6825.749802523321,6538.795494253981,4276.749802523322,2262.04569173066,2215.0,436.0,55.0,0,0.6714296000136528
33,L1100_C2,12,12,12,7541.869,242,12,1,19,5297.0,6040.86919797852,3960.0,2080.869197978522,1210.0,231.0,60.0,0,1.0232497999968473
33,L1100I3,12,12,12,8422.418,268,12,1,22,5640.073721354744,6762.418441423252,4135.073721354744,2627.344720068508,1340.0,260.0,60.0,0,0.5312370000174269
33,H8,12,12,12,8791.676,375,12,1,31,6375.749802523321,6496.675729764695,4276.749802523322,2219.9259272413738,1875.0,360.0,60.0,0,0.9311683000123594
34,L1100_C2,13,13,13,7840.299,278,13,1,19,5403.636358511051,6120.298921603895,3995.636358511051,2124.6625630928434,1390.0,265.0,65.0,0,0.918232199997874
34,L1100I3,13,13,13,8207.287,244,13,1,22,5496.073721354744,6685.287487396513,4135.073721354744,2550.21376604177,1220.0,237.0,65.0,0,0.746391799999401
34,H8,13,13,13,10224.908,474,13,1,31,6777.749802523321,7335.907578776899,4276.749802523322,3059.157776253577,2370.0,454.0,65.0,0,1.2159417000075337
35,L1100_C2,12,12,12,6942.278,259,12,1,19,5445.434091397567,5338.277883572109,3990.4340913975657,1347.8437921745453,1295.0,249.0,60.0,0,0.8156452999974135
35,L1100I3,12,12,12,7980.969,302,12,1,22,5847.541440510265,6130.968581215234,4206.541440510265,1924.4271407049719,1510.0,280.0,60.0,0,1.2881777999864426
35,H8,12,12,12,8579.325,384,12,1,31,6504.340130670862,6223.325469556152,4280.340130670863,1942.9853388852862,1920.0,376.0,60.0,0,0.5004641999839805
36,L1100_C2,15,15,15,7535.126,215,15,1,19,5211.791843192537,6180.125972139376,4026.7918431925377,2153.33412894684,1075.0,205.0,75.0,0,0.9373359000019263
36,L1100I3,15,15,15,8804.069,259,15,1,22,5537.902240165709,7204.069098144016,4214.902240165709,2989.16685797831,1295.0,230.0,75.0,0,1.6387122000160161
36,H8,15,15,15,9183.168,412,15,1,31,6606.490964974198,6657.167793124273,4305.490964974199,2351.6768281500763,2060.0,391.0,75.0,0,1.0663636999961454
37,L1100_C2,13,13,13,8113.856,263,13,1,19,5488.122440861013,6476.8558159394315,3980.1224408610133,2496.733375078418,1315.0,257.0,65.0,0,0.7823227999906521
37,L1100I3,13,13,13,8249.037,290,13,1,22,5700.073721354744,6460.037247974374,4135.073721354744,2324.9635266196283,1450.0,274.0,65.0,0,0.9988898999872617
37,H8,13,13,13,8824.478,399,13,1,31,6537.749802523321,6378.478279026401,4276.749802523322,2101.7284765030786,1995.0,386.0,65.0,0,0.91003740002634
38,L1100_C2,13,13,13,8466.736,304,13,1,19,5639.0,6589.736037298916,3960.0,2629.7360372989156,1520.0,292.0,65.0,0,0.9510700999817345
38,L1100I3,13,13,13,8431.131,339,13,1,22,5741.855824086555,6350.131095983577,4135.855824086555,2214.275271897025,1695.0,321.0,65.0,0,1.022491000010632
38,H8,13,13,13,8968.841,375,13,1,31,6411.749802523321,6662.8409747470005,4276.749802523322,2386.0911722236783,1875.0,366.0,65.0,0,0.6451421000238042
39,L1100_C2,12,12,12,8284.338,304,12,1,19,5477.0,6426.337776619914,3960.0,2466.3377766199173,1520.0,278.0,60.0,0,0.9825509999936912
39,L1100I3,12,12,12,8616.736,281,12,1,22,5730.073721354744,6875.736451771578,4135.073721354744,2740.6627304168337,1405.0,276.0,60.0,0,0.6570742999901995
39,H8,12,12,12,8831.784,403,12,1,31,6579.749802523322,6361.783522258149,4276.749802523322,2085.0337197348285,2015.0,395.0,60.0,0,0.7896690999914426
40,L1100_C2,15,15,15,7617.23,223,15,1,19,5158.352759906871,6218.23040260915,3972.3527599068707,2245.877642702277,1115.0,209.0,75.0,0,1.2069166000001132
40,L1100I3,15,15,15,8377.782,241,15,1,22,5372.25579762238,6880.782457129338,4138.25579762238,2742.526659506962,1205.0,217.0,75.0,0,1.2644959000172094
40,H8,15,15,15,8109.217,305,15,1,31,5985.749802523321,6214.217134927023,4276.749802523322,1937.467332403702,1525.0,295.0,75.0,0,0.8488501999818254
41,L1100_C2,10,10,10,8308.103,292,10,1,19,5513.0,6532.10307846341,3960.0,2572.1030784634113,1460.0,266.0,50.0,0,1.1639777999953367
41,L1100I3,10,10,10,8522.993,345,10,1,22,5984.394147816314,6417.993236975513,4138.394147816315,2279.5990891591987,1725.0,330.0,50.0,0,0.6346331000095233
41,H8,10,10,10,9608.088,495,10,1,31,7083.749802523322,6606.088291132506,4276.749802523322,2329.338488609186,2475.0,477.0,50.0,0,0.8299899999983609
42,L1100_C2,10,10,10,7850.763,338,10,1,19,5627.0,5778.763379167437,3960.0,1818.7633791674355,1690.0,332.0,50.0,0,0.4819157999882009
42,L1100I3,10,10,10,9004.211,358,10,1,22,5958.073721354744,6832.21143447117,4135.073721354744,2697.1377131164304,1790.0,332.0,50.0,0,1.0188162999984343
42,H8,10,10,10,8983.084,446,10,1,31,6801.749802523321,6274.0838931555845,4276.749802523322,1997.334090632263,2230.0,429.0,50.0,0,0.8610801000031643
43,L1100_C2,12,12,12,7577.071,267,12,1,19,5484.496560770063,5924.071105513239,3992.496560770063,1931.5745447431784,1335.0,258.0,60.0,0,0.7852843999862671
43,L1100I3,12,12,12,8762.819,294,12,1,22,5777.045599850294,6954.818930107972,4159.045599850294,2795.773330257682,1470.0,278.0,60.0,0,0.6435849999834318
43,H8,12,12,12,9000.907,429,12,1,31,6769.780418502411,6380.90684370331,4305.780418502411,2075.1264252009,2145.0,415.0,60.0,0,0.8300899000023492
44,L1100_C2,11,11,11,7432.671,272,11,1,19,5525.0,5747.671066130095,3960.0,1787.671066130096,1360.0,270.0,55.0,0,0.5446459999948274
44,L1100I3,11,11,11,7580.393,288,11,1,22,5766.073721354744,5803.393143879776,4135.073721354744,1668.3194225250322,1440.0,282.0,55.0,0,0.7575162000139244
44,H8,11,11,11,8814.197,397,11,1,31,6495.749802523321,6396.197067498486,4276.749802523322,2119.447264975165,1985.0,378.0,55.0,0,1.0462437999958638
45,L1100_C2,11,11,11,7647.524,284,11,1,19,5546.580803835714,5896.524479501477,3994.580803835714,1901.9436756657626,1420.0,276.0,55.0,0,0.5573356000240892
45,L1100I3,11,11,11,8523.217,295,11,1,22,5754.073721354744,6713.217059805918,4135.073721354744,2578.143338451177,1475.0,280.0,55.0,0,0.8680426999926567
45,H8,11,11,11,9173.059,470,11,1,31,6945.749802523322,6314.059261016461,4276.749802523322,2037.3094584931425,2350.0,454.0,55.0,0,1.0783331000129692
46,L1100_C2,15,15,15,8119.246,334,15,1,19,5691.086782044122,6046.246160272255,4007.086782044121,2039.159378228134,1670.0,328.0,75.0,0,0.7022419999993872
46,L1100I3,15,15,15,9189.521,381,15,1,22,6075.090826651709,6833.520900847277,4182.090826651709,2651.4300741955694,1905.0,376.0,75.0,0,0.9558151999954134
46,H8,15,15,15,9567.992,450,15,1,31,6861.94719317304,6803.991719003477,4277.94719317304,2526.0445258304367,2250.0,439.0,75.0,0,0.8003457000013441
47,L1100_C2,10,10,10,8002.552,322,10,1,19,5634.770676596727,6026.552283586481,3968.7706765967273,2057.7816069897553,1610.0,316.0,50.0,0,0.6441541999811307
47,L1100I3,10,10,10,8450.816,329,10,1,22,6015.78870335739,6439.816124537961,4163.78870335739,2276.027421180571,1645.0,316.0,50.0,0,0.6066446999902837
47,H8,10,10,10,9091.934,490,10,1,31,7156.202953625667,6106.934183389273,4278.202953625666,1828.7312297636063,2450.0,485.0,50.0,0,0.4794217999733519
48,L1100_C2,16,16,16,7866.337,212,16,1,19,4961.0,6547.336978386615,3960.0,2587.33697838662,1060.0,179.0,80.0,0,2.283880200004205
48,L1100I3,16,16,16,8747.64,248,16,1,22,4798.073721354744,7226.640429102202,3695.0737213547436,3531.566707747465,1240.0,201.0,80.0,0,2.394734299974516
48,H8,16,16,16,8694.193,332,16,1,31,4915.711302749259,6648.192756805288,3278.7113027492587,3369.4814540560337,1660.0,306.0,80.0,0,1.528209699987201
49,L1100_C2,10,10,10,7492.4,286,10,1,19,5579.514142581785,5737.400029948769,3961.5141425817847,1775.885887366986,1430.0,275.0,50.0,0,0.6743395999947097
49,L1100I3,10,10,10,8415.168,328,10,1,22,5976.073721354744,6408.16768033439,4135.073721354744,2273.0939589796467,1640.0,317.0,50.0,0,0.8990223000000697
49,H8,10,10,10,9196.679,501,10,1,31,7197.749802523321,6145.679105365397,4276.749802523322,1868.9293028420761,2505.0,496.0,50.0,0,0.5816618999815546
50,L1100_C2,11,10,10,8123.324,293,10,0,19,5623.441220642253,6332.324249090078,4005.441220642254,2326.883028447826,1465.0,276.0,50.0,0,0.9209551999811083
50,L1100I3,11,11,11,8495.295,298,11,1,22,5826.073721354744,6660.295460021074,4135.073721354744,2525.2217386663324,1490.0,290.0,55.0,0,0.7400059999781661
50,H8,11,11,11,9252.219,452,11,1,31,6903.749802523321,6491.218872994672,4276.749802523322,2214.4690704713516,2260.0,446.0,55.0,0,0.6663368000008631
51,L1100_C2,13,13,13,7779.515,250,13,1,19,5360.923234658643,6222.514786169849,3970.9232346586437,2251.5915515112056,1250.0,242.0,65.0,0,0.9162909000006039
51,L1100I3,13,13,13,8879.919,274,13,1,22,5621.147732500695,7186.918595630398,4135.147732500695,3051.7708631297046,1370.0,258.0,65.0,0,0.8259642999910284
51,H8,13,13,13,9574.078,401,13,1,31,6563.538954725864,7115.077616030296,4297.538954725866,2817.5386613044334,2005.0,389.0,65.0,0,1.0786255999992136
52,L1100_C2,15,15,15,8362.416,266,15,1,19,5273.0,6705.416382719741,3960.0,2745.416382719742,1330.0,252.0,75.0,0,1.1751602999866009
52,L1100I3,15,15,15,10335.71,338,15,1,22,5655.17455316051,8250.70971138986,4163.17455316051,4087.535158229349,1690.0,320.0,75.0,0,1.2506366000161506
52,H8,15,15,15,9329.433,413,15,1,31,6597.749802523321,6789.433114807117,4276.749802523322,2512.683312283799,2065.0,400.0,75.0,0,1.1507673999876715
53,L1100_C2,10,10,10,8036.604,317,10,1,19,5645.141959713852,6102.603516133452,3973.141959713852,2129.461556419601,1585.0,299.0,50.0,0,0.45930180000141263
53,L1100I3,10,10,10,8844.187,344,10,1,22,6072.073721354744,6744.187367348052,4135.073721354744,2609.11364599331,1720.0,330.0,50.0,0,0.5200753999815788
53,H8,10,10,10,8833.816,441,10,1,31,6837.749802523321,6145.815948612883,4276.749802523322,1869.0661460895608,2205.0,433.0,50.0,0,0.565265899989754
54,L1100_C2,11,11,11,8584.409,300,11,1,19,5393.0,6754.409225414404,3960.0,2794.4092254144052,1500.0,275.0,55.0,0,1.720823499985272
54,L1100I3,11,11,11,9607.561,307,11,1,22,5676.073721354744,7746.5610022599,4135.073721354744,3611.487280905162,1535.0,271.0,55.0,0,1.9966007000184618
54,H8,11,11,11,9450.519,479,11,1,31,6955.665179682475,6546.519369935437,4281.665179682476,2264.854190252964,2395.0,454.0,55.0,0,1.4473311999754515
55,L1100_C2,11,11,11,7879.306,336,11,1,19,5801.0,5821.306083664163,3960.0,1861.3060836641644,1680.0,323.0,55.0,0,0.8821197999932338
55,L1100I3,11,11,11,8267.712,324,11,1,22,5981.129686705501,6278.712300257188,4135.129686705501,2143.5826135516872,1620.0,314.0,55.0,0,0.6011073999979999
55,H8,11,11,11,9456.903,408,11,1,31,6489.749802523321,6985.902755568514,4276.749802523322,2709.152953045195,2040.0,376.0,55.0,0,0.8632573999930173
56,L1100_C2,11,11,11,7580.46,291,11,1,19,5615.0,5786.460047904722,3960.0,1826.460047904722,1455.0,284.0,55.0,0,0.4814226000162307
56,L1100I3,11,11,11,7872.5,292,11,1,22,5861.116494907792,6070.500026936096,4183.116494907792,1887.3835320283047,1460.0,287.0,55.0,0,0.6127764999982901
56,H8,11,11,11,8646.156,415,11,1,31,6687.749802523322,6106.156075254424,4276.749802523322,1829.4062727311007,2075.0,410.0,55.0,0,0.6172909000015352
57,L1100_C2,14,14,14,8816.34,286,14,1,19,5243.0,7058.340250275208,3960.0,3098.3402502752083,1430.0,258.0,70.0,0,1.581395400018664
57,L1100I3,14,14,14,8843.263,259,14,1,22,5448.073721354744,7247.262554405246,4135.073721354744,3112.188833050509,1295.0,231.0,70.0,0,1.5198765999812167
57,H8,14,14,14,8632.86,397,14,1,31,6525.749802523321,6191.859994417938,4276.749802523322,1915.1101918946188,1985.0,386.0,70.0,0,1.0034044000203721
58,L1100_C2,16,16,16,7672.781,263,16,1,19,4731.0,6037.781186049764,3520.0,2517.7811860497654,1315.0,240.0,80.0,0,1.0478941000183113
58,L1100I3,16,16,16,8982.799,285,16,1,22,5514.073721354744,7212.798749848851,4135.073721354744,3077.72502849411,1425.0,265.0,80.0,0,1.3619605999847408
58,H8,16,16,16,7536.825,287,16,1,31,4648.656066667242,5746.82522187074,3071.656066667242,2675.1691552034995,1435.0,275.0,80.0,0,0.9313838999951258
59,L1100_C2,14,14,14,8553.107,337,14,1,19,5788.107201559457,6476.106785564305,4182.107201559457,2293.999584004851,1685.0,322.0,70.0,0,1.223826499975985
59,L1100I3,14,14,14,9252.669,285,14,1,22,5544.073721354744,7509.668827452283,4135.073721354744,3374.5951060975426,1425.0,248.0,70.0,0,2.0705589999852236
59,H8,14,14,14,9068.464,392,14,1,31,6435.749802523322,6667.463929178383,4276.749802523322,2390.7141266550616,1960.0,371.0,70.0,0,1.0968431000073906
60,L1100_C2,15,15,15,7630.174,242,15,1,19,5183.0,6121.174442856652,3960.0,2161.17444285665,1210.0,224.0,75.0,0,1.0526728999975603
60,L1100I3,15,15,15,8079.203,250,15,1,22,5472.073721354744,6517.202950935981,4135.073721354744,2382.1292295812373,1250.0,237.0,75.0,0,0.9549758000066504
60,H8,15,15,15,9484.527,368,15,1,31,6237.749802523321,7227.526726733413,4276.749802523322,2950.7769242100912,1840.0,342.0,75.0,0,1.1358692000212613
61,L1100_C2,16,16,16,8655.041,343,16,1,19,3993.0,6523.0406426240825,2860.0,3663.0406426240856,1715.0,337.0,80.0,0,1.4029349000193179
61,L1100I3,16,16,16,9190.044,300,16,1,22,4643.408900720733,7333.043569375544,3295.408900720733,4037.6346686548104,1500.0,277.0,80.0,0,1.1318780000146944
61,H8,16,16,16,10001.126,417,16,1,31,5101.711302749259,7444.126060517051,3278.7113027492587,4165.414757767798,2085.0,392.0,80.0,0,1.5691710000101011
62,L1100_C2,14,14,14,7327.867,246,14,1,19,5219.0,5793.8674715955185,3960.0,1833.8674715955174,1230.0,234.0,70.0,0,1.29483299999265
62,L1100I3,14,14,14,8622.748,242,14,1,22,5407.83822270477,7125.748233252153,4161.83822270477,2963.910010547381,1210.0,217.0,70.0,0,0.8536495000007562
62,H8,14,14,14,8224.564,355,14,1,31,6285.749802523321,6033.5643978499065,4276.749802523322,1756.8145953265844,1775.0,346.0,70.0,0,0.8148997999960557
63,L1100_C2,10,10,10,7462.638,280,10,1,19,5623.4292349302505,5734.637844495995,3981.4292349302505,1753.2086095657457,1400.0,278.0,50.0,0,0.35071810000226833
63,L1100I3,10,10,10,7833.155,307,10,1,22,5910.073721354744,5943.155138366779,4135.073721354744,1808.0814170120352,1535.0,305.0,50.0,0,0.4864858000073582
63,H8,10,10,10,9479.921,464,10,1,31,6951.749802523321,6656.921290287634,4276.749802523322,2380.1714877643126,2320.0,453.0,50.0,0,0.40089889999944717
64,L1100_C2,16,16,16,5904.367,288,16,1,19,2337.0,4098.366576775407,1540.0,2558.3665767754073,1440.0,286.0,80.0,0,0.7068098000017926
64,L1100I3,16,16,16,8304.181,371,16,1,22,4717.851412428221,6003.180990391536,3303.8514124282215,2699.329577963316,1855.0,366.0,80.0,0,1.5982435999903828
64,H8,16,16,16,8531.446,392,16,1,31,6185.060510981703,6108.445986315953,3967.0605109817034,2141.3854753342493,1960.0,383.0,80.0,0,0.7704517000238411
65,L1100_C2,16,16,16,5634.238,289,16,1,19,2605.0,3824.2375851065894,1760.0,2064.2375851065913,1445.0,285.0,80.0,0,1.2280999000067823
65,L1100I3,16,16,16,7646.476,260,16,1,22,4538.073721354744,6025.47626227202,3255.0737213547436,2770.402540917275,1300.0,241.0,80.0,0,1.3630156999861356
65,H8,16,16,16,7729.054,324,16,1,31,5461.27570986446,5719.053718668701,3664.2757098644606,2054.7780088042427,1620.0,310.0,80.0,0,0.922299900004873
66,L1100_C2,15,15,15,7680.653,222,15,1,19,5098.107803354798,6284.652970183361,3960.1078033547983,2324.545166828563,1110.0,211.0,75.0,0,1.0735636999888811
66,L1100I3,15,15,15,8271.989,259,15,1,22,5478.073721354744,6665.988582873658,4135.073721354744,2530.914861518915,1295.0,236.0,75.0,0,1.022666399978334
66,H8,15,15,15,10167.181,460,15,1,31,6741.749802523322,7360.181100532046,4276.749802523322,3083.4312980087243,2300.0,432.0,75.0,0,1.3383685000007972
67,L1100_C2,12,12,12,8489.909,304,12,1,19,5403.676387814034,6640.908775905867,3977.6763878140337,2663.2323880918425,1520.0,269.0,60.0,0,1.6299012000090443
67,L1100I3,12,12,12,7794.109,293,12,1,22,5694.073721354744,5982.1089046019615,4135.073721354744,1847.0351832472197,1465.0,287.0,60.0,0,0.48626759997569025
67,H8,12,12,12,8954.612,421,12,1,31,6681.749802523321,6380.6121276828235,4276.749802523322,2103.862325159501,2105.0,409.0,60.0,0,0.5668091000115965
68,L1100_C2,12,12,12,7437.532,254,12,1,19,5357.0,5862.531584034966,3960.0,1902.5315840349665,1270.0,245.0,60.0,0,0.6501674000173807
68,L1100I3,12,12,12,8267.228,265,12,1,22,5688.425930950869,6631.227631692838,4232.425930950869,2398.80170074197,1325.0,251.0,60.0,0,0.5349720999947749
68,H8,12,12,12,10276.516,449,12,1,31,6813.749802523321,7535.515663659728,4276.749802523322,3258.7658611364054,2245.0,436.0,60.0,0,1.0279794000089169
69,L1100_C2,13,13,13,7431.806,220,13,1,19,5201.0,6048.806162972836,3960.0,2088.8061629728345,1100.0,218.0,65.0,0,0.6706329000007827
69,L1100I3,13,13,13,7820.552,249,13,1,22,5460.073721354744,6277.552388428613,4135.073721354744,2142.4786670738704,1245.0,233.0,65.0,0,1.472350500000175
69,H8,13,13,13,8293.197,381,13,1,31,6484.721629268285,5952.19733827881,4308.721629268285,1643.4757090105231,1905.0,371.0,65.0,0,0.6771566999959759
70,L1100_C2,11,11,11,7494.717,265,11,1,19,5423.0,5861.7172308478075,3960.0,1901.7172308478087,1325.0,253.0,55.0,0,1.1077103999850806
70,L1100I3,11,11,11,8070.349,318,11,1,22,5898.073721354744,6121.348845156157,4135.073721354744,1986.2751238014125,1590.0,304.0,55.0,0,0.8868680000014137
70,H8,11,11,11,9583.62,452,11,1,31,6883.203180673119,6826.619718766201,4293.20318067312,2533.416538093081,2260.0,442.0,55.0,0,0.6550683999957982
71,L1100_C2,16,16,16,6003.477,227,16,1,19,2795.0,4572.477324520943,1980.0,2592.4773245209426,1135.0,216.0,80.0,0,1.849904400005471
71,L1100I3,16,16,16,9275.638,282,16,1,22,3886.7559752914694,7560.6383506908105,2826.7559752914694,4733.882375399353,1410.0,225.0,80.0,0,2.2904071000230033
71,H8,16,16,16,8004.685,336,16,1,31,4828.656066667243,5934.685056547929,3071.656066667242,2863.0289898806896,1680.0,310.0,80.0,0,1.6877891999902204
72,L1100_C2,15,15,15,8691.537,304,15,1,19,5279.0,6802.537121475249,3960.0,2842.5371214752477,1520.0,294.0,75.0,0,1.261017000011634
72,L1100I3,15,15,15,8172.727,300,15,1,22,5573.238944809661,6306.726634298376,4172.238944809661,2134.487689488714,1500.0,291.0,75.0,0,1.2342024000245146
72,H8,15,15,15,9651.033,407,15,1,31,6557.528791319053,7156.033162889005,4297.528791319054,2858.5043715699503,2035.0,385.0,75.0,0,0.8674743000010494
73,L1100_C2,10,10,10,7432.793,273,10,1,19,5483.0,5755.7933122689865,3960.0,1795.7933122689876,1365.0,262.0,50.0,0,0.785209699999541
73,L1100I3,10,10,10,8619.993,329,10,1,22,5850.073721354744,6629.992718457688,4135.073721354744,2494.9189971029477,1645.0,295.0,50.0,0,1.7238663000171073
73,H8,10,10,10,8780.264,456,10,1,31,6921.749802523321,6001.2641528750155,4276.749802523322,1724.514350351693,2280.0,449.0,50.0,0,0.6778527999995276
74,L1100_C2,12,12,12,7692.624,255,12,1,19,5399.43747498678,6109.623883526844,3961.4374749867807,2148.1864085400607,1275.0,248.0,60.0,0,0.9615485000249464
74,L1100I3,12,12,12,8451.509,282,12,1,22,5712.073721354744,6708.509441184235,4135.073721354744,2573.43571982949,1410.0,273.0,60.0,0,0.8345274000021163
74,H8,12,12,12,9110.04,428,12,1,31,6675.749802523321,6499.039527750987,4276.749802523322,2222.289725227666,2140.0,411.0,60.0,0,1.235238399996888
75,L1100_C2,15,15,15,8433.79,279,15,1,19,5309.0,6704.790151042213,3960.0,2744.790151042216,1395.0,259.0,75.0,0,1.5512737999961246
75,L1100I3,15,15,15,8413.87,291,15,1,22,5598.073721354744,6610.869523177075,4135.073721354744,2475.7958018223294,1455.0,273.0,75.0,0,1.0559462999808602
75,H8,15,15,15,9405.183,402,15,1,31,6508.236127154835,6940.182658373056,4302.236127154836,2637.9465312182247,2010.0,380.0,75.0,0,1.760661499982234
76,L1100_C2,11,11,11,7450.446,253,11,1,19,5363.0,5887.445886761457,3960.0,1927.4458867614576,1265.0,243.0,55.0,0,1.0399318999843672
76,L1100I3,11,11,11,7896.089,280,11,1,22,5676.073721354744,6175.089379976816,4135.073721354744,2040.015658622076,1400.0,266.0,55.0,0,0.9719414999999572
76,H8,11,11,11,8530.484,376,11,1,31,6405.749802523321,6232.484226505203,4276.749802523322,1955.7344239818824,1880.0,363.0,55.0,0,1.0671360999986064
77,L1100_C2,16,16,16,7263.055,254,16,1,19,4541.0,5671.054901065763,3300.0,2371.054901065763,1270.0,242.0,80.0,0,1.2146036000049207
77,L1100I3,16,16,16,9607.489,483,16,1,22,3617.599533693684,6643.488566666734,2419.599533693684,4223.8890329730475,2415.0,469.0,80.0,0,1.582735199976014
77,H8,16,16,16,8705.446,351,16,1,31,5620.945881143735,6550.44611247055,3780.9458811437353,2769.5002313268146,1755.0,320.0,80.0,0,1.7795614999777172
78,L1100_C2,14,14,14,8323.97,295,14,1,19,5452.441927557857,6499.970117558792,4002.4419275578566,2497.5281900009363,1475.0,279.0,70.0,0,0.8068407000100706
78,L1100I3,14,14,14,8724.333,285,14,1,22,5628.073721354744,6967.333320884992,4135.073721354744,2832.2595995302486,1425.0,262.0,70.0,0,1.2949139999982435
78,H8,14,14,14,10596.188,464,14,1,31,6747.749802523321,7783.1884195212015,4276.749802523322,3506.4386169978866,2320.0,423.0,70.0,0,1.3413807000033557
79,L1100_C2,16,16,16,7484.586,286,16,1,19,3617.0,5695.585519197238,2640.0,3055.585519197239,1430.0,279.0,80.0,0,1.199194000015268
79,L1100I3,16,16,16,8329.679,253,16,1,22,4526.073721354744,6753.678782792943,3255.0737213547436,3498.6050614381975,1265.0,231.0,80.0,0,1.6110053999873344
79,H8,16,16,16,7484.615,321,16,1,31,3780.581580698195,5491.615394255294,2365.581580698195,3126.033813557096,1605.0,308.0,80.0,0,1.5180680000048596
80,L1100_C2,15,15,15,8312.433,269,15,1,19,5389.340745122291,6641.432688233446,3969.340745122291,2672.0919431111597,1345.0,251.0,75.0,0,0.9630547000269871
80,L1100I3,15,15,15,8954.047,277,15,1,22,5496.073721354744,7228.047048233429,4135.073721354744,3092.9733268786867,1385.0,266.0,75.0,0,0.8386569000140298
80,H8,15,15,15,8879.874,317,15,1,31,5997.749802523321,6921.873731311278,4276.749802523322,2645.1239287879575,1585.0,298.0,75.0,0,0.9573808000131976
81,L1100_C2,11,11,11,7165.174,263,11,1,19,5393.0,5545.17404433832,3960.0,1585.1740443383205,1315.0,250.0,55.0,0,0.6676486000069417
81,L1100I3,11,11,11,7887.592,318,11,1,22,5904.073721354744,5935.591606790812,4135.073721354744,1800.5178854360672,1590.0,307.0,55.0,0,0.7752786999917589
81,H8,11,11,11,8929.704,483,11,1,31,7037.520956255751,5991.703614571958,4285.520956255751,1706.1826583162083,2415.0,468.0,55.0,0,0.8195173999993131
82,L1100_C2,15,15,15,7831.986,287,15,1,19,5509.872062550914,6047.9857213696405,3994.872062550913,2053.113658818729,1435.0,274.0,75.0,0,0.7978307000012137
82,L1100I3,15,15,15,9048.368,329,15,1,22,5850.378028576517,7010.367705621405,4166.378028576517,2843.9896770448872,1645.0,318.0,75.0,0,1.121328800014453
82,H8,15,15,15,9441.048,400,15,1,31,6538.6240696689765,6982.047711363095,4285.624069668977,2696.423641694119,2000.0,384.0,75.0,0,0.9431346000055782
83,L1100_C2,11,11,11,7295.195,265,11,1,19,5472.184662078911,5660.194762770518,3986.184662078911,1674.010100691608,1325.0,255.0,55.0,0,0.7727381000004243
83,L1100I3,11,11,11,7913.977,309,11,1,22,5832.073721354744,6020.977332994226,4135.073721354744,1885.9036116394839,1545.0,293.0,55.0,0,0.7709182999969926
83,H8,11,11,11,9664.798,475,11,1,31,6843.749802523321,6798.798469478214,4276.749802523322,2522.0486669549,2375.0,436.0,55.0,0,1.1495737000077497
84,L1100_C2,10,10,10,7885.594,305,10,1,19,5651.0,6020.593928572136,3960.0,2060.593928572138,1525.0,290.0,50.0,0,0.8752620999875944
84,L1100I3,10,10,10,7939.523,334,10,1,22,5920.8334632874485,5897.523238710368,4165.8334632874485,1731.6897754229199,1670.0,322.0,50.0,0,0.9367497999919578
84,H8,10,10,10,8456.979,400,10,1,31,6555.749802523321,6018.979149782448,4276.749802523322,1742.229347259126,2000.0,388.0,50.0,0,0.8000133000023197
85,L1100_C2,10,10,10,7104.113,298,10,1,19,5665.006400898282,5275.112945510709,3969.0064008982813,1306.1065446124264,1490.0,289.0,50.0,0,0.7932164000230841
85,L1100I3,10,10,10,7419.836,318,10,1,22,5984.0801222530245,5467.836164736436,4144.0801222530245,1323.7560424834116,1590.0,312.0,50.0,0,0.5725460999819916
85,H8,10,10,10,8378.16,386,10,1,31,6553.195387876964,6017.159949258461,4293.195387876965,1723.9645613814969,1930.0,381.0,50.0,0,0.4376386000076309
86,L1100_C2,15,15,15,8967.524,314,15,1,19,5517.692153756889,7036.52425160845,4007.6921537568887,3028.8320978515617,1570.0,286.0,75.0,0,1.6353777000040282
86,L1100I3,15,15,15,9743.629,334,15,1,22,5862.073721354744,7692.628974859025,4135.073721354744,3557.5552535042784,1670.0,306.0,75.0,0,1.5055034000251908
86,H8,15,15,15,8797.617,398,15,1,31,6559.886530534863,6344.617475371181,4288.886530534864,2055.7309448363203,1990.0,388.0,75.0,0,0.9514358000014909
87,L1100_C2,10,10,10,7343.915,296,10,1,19,5613.367057542198,5528.915464384198,3971.3670575421975,1557.5484068420005,1480.0,285.0,50.0,0,0.7497689000156242
87,L1100I3,10,10,10,8579.302,334,10,1,22,6000.073721354744,6537.302339678972,4135.073721354744,2402.228618324231,1670.0,322.0,50.0,0,0.7391021999937948
87,H8,10,10,10,8216.311,418,10,1,31,6760.402492603522,5663.311346397429,4320.402492603523,1342.908853793907,2090.0,413.0,50.0,0,0.5675198000099044
88,L1100_C2,12,12,12,7433.214,248,12,1,19,5310.822344017981,5901.214332717337,3962.8223440179813,1938.39198869936,1240.0,232.0,60.0,0,1.1990166999748908
88,L1100I3,12,12,12,9225.105,288,12,1,22,5694.073721354744,7450.105466847549,4135.073721354744,3315.031745492804,1440.0,275.0,60.0,0,1.223861799982842
88,H8,12,12,12,9042.147,450,12,1,31,6795.749802523321,6302.1474002720015,4276.749802523322,2025.397597748682,2250.0,430.0,60.0,0,1.3082119000027888
89,L1100_C2,16,16,16,7665.498,278,16,1,19,4276.469184643499,5933.4976815208,3108.469184643499,2825.0284968773035,1390.0,262.0,80.0,0,1.6745231999957468
89,L1100I3,16,16,16,8064.313,294,16,1,22,4568.073721354744,6233.312667113145,3255.0737213547436,2978.238945758404,1470.0,281.0,80.0,0,1.3185583999729715
89,H8,16,16,16,8957.565,390,16,1,31,5780.73055263629,6548.5650919892405,3777.7305526362898,2770.834539352952,1950.0,379.0,80.0,0,1.792815699998755
90,L1100_C2,15,15,15,9234.62,364,15,1,19,5459.0,6997.619592516496,3960.0,3037.619592516502,1820.0,342.0,75.0,0,2.0483584000030532
90,L1100I3,15,15,15,9545.719,332,15,1,22,5886.073721354744,7505.718537719633,4135.073721354744,3370.644816364888,1660.0,305.0,75.0,0,1.7178466999903321
90,H8,15,15,15,9389.665,417,15,1,31,6619.8277625609935,6832.66536748309,4300.8277625609935,2531.8376049220956,2085.0,397.0,75.0,0,1.1599646999966353
91,L1100_C2,15,15,15,8072.548,238,15,1,19,5243.0,6582.547619828681,3960.0,2622.5476198286847,1190.0,225.0,75.0,0,1.2904411000199616
91,L1100I3,15,15,15,8744.573,288,15,1,22,5754.251765925382,6961.573070200629,4191.251765925383,2770.3213042752486,1440.0,268.0,75.0,0,1.0791268000029959
91,H8,15,15,15,9475.001,380,15,1,31,6309.749802523321,7149.000839886268,4276.749802523322,2872.251037362954,1900.0,351.0,75.0,0,1.8866485999897122
92,L1100_C2,12,12,12,7570.607,260,12,1,19,5333.0,5967.607363851658,3960.0,2007.6073638516605,1300.0,243.0,60.0,0,0.7088938999804668
92,L1100I3,12,12,12,8487.616,297,12,1,22,5800.6987254268715,6658.615736461234,4158.6987254268715,2499.917011034362,1485.0,284.0,60.0,0,0.5800975999736693
92,H8,12,12,12,9517.737,449,12,1,31,6663.749802523321,6789.737072140608,4276.749802523322,2512.9872696172865,2245.0,423.0,60.0,0,1.158529800013639
93,L1100_C2,14,14,14,7939.386,262,14,1,19,5471.831380651811,6306.386020246744,4009.831380651811,2296.5546395949386,1310.0,253.0,70.0,0,1.0633331999997608
93,L1100I3,14,14,14,8904.144,298,14,1,22,5808.073721354744,7050.144338682952,4135.073721354744,2915.0706173282074,1490.0,294.0,70.0,0,0.7545741999929305
93,H8,14,14,14,9301.287,410,14,1,31,6573.749802523321,6786.286959544067,4276.749802523322,2509.5371570207494,2050.0,395.0,70.0,0,1.12729170001694
94,L1100_C2,11,11,11,8544.347,325,11,1,19,5657.0,6554.347037462914,3960.0,2594.3470374629187,1625.0,310.0,55.0,0,1.2291771000018343
94,L1100I3,11,11,11,9389.961,374,11,1,22,6054.073721354744,7108.960757881337,4135.073721354744,2973.887036526591,1870.0,356.0,55.0,0,0.7637356999912299
94,H8,11,11,11,9229.227,418,11,1,31,6639.749802523321,6681.227418760806,4276.749802523322,2404.477616237484,2090.0,403.0,55.0,0,0.8406529999920167
95,L1100_C2,15,15,15,7675.651,235,15,1,19,5183.0,6209.650817164821,3960.0,2249.6508171648256,1175.0,216.0,75.0,0,1.4478932000056375
95,L1100I3,15,15,15,8987.442,260,15,1,22,5574.777151723696,7373.441567149677,4220.777151723696,3152.6644154259816,1300.0,239.0,75.0,0,1.4756709999928717
95,H8,15,15,15,9067.677,419,15,1,31,6706.743356877355,6484.676908511475,4290.743356877356,2193.9335516341184,2095.0,413.0,75.0,0,0.5994843000080436
96,L1100_C2,10,10,10,8821.476,361,10,1,19,5772.86952467778,6620.475972372379,3987.8695246777797,2632.6064476946044,1805.0,346.0,50.0,0,1.1154095999954734
96,L1100I3,10,10,10,9164.272,378,10,1,22,6134.504958781294,6873.272466319448,4162.504958781294,2710.7675075381553,1890.0,351.0,50.0,0,0.7120563999924343
96,H8,10,10,10,8995.887,467,10,1,31,6987.749802523322,6150.8872012011925,4276.749802523322,1874.1373986778726,2335.0,460.0,50.0,0,0.6409697000053711
97,L1100_C2,10,10,10,8466.752,322,10,1,19,5519.0,6500.75182644916,3960.0,2540.751826449165,1610.0,306.0,50.0,0,1.2070893000054639
97,L1100I3,10,10,10,8398.334,309,10,1,22,5790.073721354744,6517.333567979801,4135.073721354744,2382.2598466250615,1545.0,286.0,50.0,0,0.9769478999951389
97,H8,10,10,10,9613.6,472,10,1,31,6921.749802523321,6748.599608999257,4276.749802523322,2471.849806475938,2360.0,455.0,50.0,0,0.987566900003003
98,L1100_C2,16,16,16,5686.476,194,16,1,19,2725.7429718498634,4456.476354754727,1983.7429718498636,2472.7333829048625,970.0,180.0,80.0,0,1.2955485999991652
98,L1100I3,16,16,16,7362.851,196,16,1,22,4030.0737213547436,6121.850556847308,3035.0737213547436,3086.776835492564,980.0,181.0,80.0,0,1.2801504000090063
98,H8,16,16,16,7861.196,335,16,1,31,4560.222192799958,5789.1956379197545,2923.2221927999585,2865.973445119795,1675.0,317.0,80.0,0,1.6096758999919984
99,L1100_C2,11,11,11,7725.592,315,11,1,19,5798.846614654396,5788.592252725417,4000.846614654397,1787.7456380710207,1575.0,307.0,55.0,0,0.8589712000102736
99,L1100I3,11,11,11,8203.949,345,11,1,22,6129.92033600914,6089.948508950481,4175.920336009141,1914.0281729413405,1725.0,334.0,55.0,0,0.7935624000092503
99,H8,11,11,11,9586.089,439,11,1,31,6807.749802523321,6906.0890133013545,4276.749802523322,2629.3392107780346,2195.0,430.0,55.0,0,0.4615171999903396
100,L1100_C2,13,13,13,8065.815,233,13,1,19,5259.956337226435,6613.814811805038,3977.9563372264347,2635.8584745786056,1165.0,222.0,65.0,0,0.9057619000086561
100,L1100I3,13,13,13,8422.473,240,13,1,22,5418.073721354744,6929.472696637774,4135.073721354744,2794.3989752830316,1200.0,228.0,65.0,0,0.759483799978625
100,H8,13,13,13,8736.077,401,13,1,31,6489.749802523321,6286.0768846437095,4276.749802523322,2009.32708212039,2005.0,380.0,65.0,0,1.3135239999974146
101,L1100_C2,11,11,11,7179.406,251,11,1,19,5369.0,5626.405562883099,3960.0,1666.4055628831022,1255.0,243.0,55.0,0,0.7031678000057582
101,L1100I3,11,11,11,8277.013,303,11,1,22,5796.073721354744,6424.012933044268,4135.073721354744,2288.9392116895274,1515.0,283.0,55.0,0,0.5210011000162922
101,H8,11,11,11,10066.763,452,11,1,31,6699.749802523321,7338.762655652362,4276.749802523322,3062.0128531290475,2260.0,413.0,55.0,0,1.7848102000134531
102,L1100_C2,16,16,16,8442.252,362,16,1,19,3421.0,6215.251672661541,2420.0,3795.2516726615418,1810.0,337.0,80.0,0,1.6902003999857698
102,L1100I3,16,16,16,10048.951,361,16,1,22,4854.073721354744,7812.951441113744,3475.0737213547436,4337.877719759002,1805.0,351.0,80.0,0,1.190958999999566
102,H8,16,16,16,8484.504,327,16,1,31,5498.73055263629,6468.504059607358,3777.7305526362898,2690.7735069710698,1635.0,301.0,80.0,0,1.55652040001587
103,L1100_C2,14,14,14,7636.387,259,14,1,19,5369.6946027441845,6026.386596305123,3967.694602744184,2058.691993560942,1295.0,245.0,70.0,0,1.3132363999902736
103,L1100I3,14,14,14,8539.673,265,14,1,22,5598.073721354744,6886.672941450378,4135.073721354744,2751.599220095635,1325.0,258.0,70.0,0,0.9287706000031903
103,H8,14,14,14,9017.544,412,14,1,31,6781.4836060050775,6486.543786591286,4409.4836060050775,2077.060180586211,2060.0,401.0,70.0,0,1.060087999998359
104,L1100_C2,11,11,11,7676.274,255,11,1,19,5387.0,6098.273626032945,3960.0,2138.2736260329457,1275.0,248.0,55.0,0,0.6798400999978185
104,L1100I3,11,11,11,8421.284,280,11,1,22,5580.073721354744,6713.28373304618,4135.073721354744,2578.2100116914403,1400.0,253.0,55.0,0,1.082534899993334
104,H8,11,11,11,8528.671,386,11,1,31,6459.749802523321,6170.670619705144,4276.749802523322,1893.9208171818254,1930.0,373.0,55.0,0,0.690755799994804
105,L1100_C2,16,16,16,5239.96,211,16,1,19,2286.805082759074,3902.959598093521,1574.8050827590741,2328.1545153344473,1055.0,202.0,80.0,0,0.9050170000118669
105,L1100I3,16,16,16,8106.194,262,16,1,22,4334.073721354744,6469.193859287832,3255.0737213547436,3214.1201379330873,1310.0,247.0,80.0,0,1.0541569999768399
105,H8,16,16,16,9657.46,392,16,1,31,3369.0719557546795,7247.4603190294565,2116.0719557546795,5131.388363274778,1960.0,370.0,80.0,0,1.9973843000188936
106,L1100_C2,10,10,10,8079.996,325,10,1,19,5741.0,6091.995921834183,3960.0,2131.9959218341833,1625.0,313.0,50.0,0,0.6873602000123356
106,L1100I3,10,10,10,8546.041,395,10,1,22,6199.832138281447,6129.040838461208,4179.832138281447,1949.2087001797606,1975.0,392.0,50.0,0,0.5049397999828216
106,H8,10,10,10,8863.193,453,10,1,31,6891.749802523321,6105.193003825766,4276.749802523322,1828.4432013024461,2265.0,443.0,50.0,0,0.6383026999828871
107,L1100_C2,12,12,12,7962.125,297,12,1,19,5525.0,6137.124902045638,3960.0,2177.12490204564,1485.0,280.0,60.0,0,0.9476437999983318
107,L1100I3,12,12,12,9916.631,359,12,1,22,5862.073721354744,7725.630539262321,4135.073721354744,3590.556817907579,1795.0,336.0,60.0,0,0.9790907000133302
107,H8,12,12,12,8971.391,417,12,1,31,6621.749802523321,6428.39114606819,4276.749802523322,2151.6413435448726,2085.0,398.0,60.0,0,1.0237621999986004
108,L1100_C2,14,14,14,8461.837,252,14,1,19,5256.37379732218,6907.836514388483,3968.3737973221787,2939.4627170663102,1260.0,224.0,70.0,0,2.0525588000018615
108,L1100I3,14,14,14,8734.799,284,14,1,22,5665.447518676923,6979.799434936358,4143.447518676923,2836.3519162594384,1420.0,265.0,70.0,0,1.5474501999851782
108,H8,14,14,14,9451.218,431,14,1,31,6729.749802523321,6807.218248886585,4276.749802523322,2530.468446363265,2155.0,419.0,70.0,0,1.1688804999866989
109,L1100_C2,14,14,14,8162.375,309,14,1,19,5522.580839646313,6257.375175618659,3970.5808396463126,2286.7943359723504,1545.0,290.0,70.0,0,1.6167984000057913
109,L1100I3,14,14,14,8801.922,278,14,1,22,5604.073721354744,7085.922153857677,4135.073721354744,2950.8484325029344,1390.0,256.0,70.0,0,1.4021615000092424
109,H8,14,14,14,10251.628,423,14,1,31,6537.749802523321,7675.627972399422,4276.749802523322,3398.8781698761027,2115.0,391.0,70.0,0,1.4651107999961823
110,L1100_C2,15,15,15,7300.863,211,15,1,19,5153.903264144043,5966.863276063509,3991.9032641440426,1974.960011919466,1055.0,204.0,75.0,0,0.8606517000007443
110,L1100I3,15,15,15,8419.459,263,15,1,22,5520.073721354744,6784.459163536525,4135.073721354744,2649.3854421817805,1315.0,245.0,75.0,0,1.1429711999953724
110,H8,15,15,15,9451.83,437,15,1,31,6561.749802523321,6796.829552208562,4276.749802523322,2520.0797496852447,2185.0,395.0,75.0,0,1.5647467999951914
111,L1100_C2,15,15,15,8094.715,225,15,1,19,5159.0,6684.715362462635,3960.0,2724.715362462637,1125.0,210.0,75.0,0,1.0780222999746911
111,L1100I3,15,15,15,9051.909,240,15,1,22,5436.073721354744,7546.908628751958,4135.073721354744,3411.8349073972126,1200.0,230.0,75.0,0,0.8395415999984834
111,H8,15,15,15,9430.487,425,15,1,31,6653.805662319722,6826.4874058869955,4291.8056623197235,2534.681743567277,2125.0,404.0,75.0,0,1.3830427000066265
112,L1100_C2,16,16,16,6698.244,295,16,1,19,2629.0,4855.244117481393,1760.0,3095.244117481395,1475.0,288.0,80.0,0,1.5560040999844205
112,L1100I3,16,16,16,6677.01,255,16,1,22,3544.531509101571,5094.010138485415,2376.531509101571,2717.4786293838447,1275.0,228.0,80.0,0,0.963865000026999
112,H8,16,16,16,8330.686,381,16,1,31,5692.705815959076,5977.685561661601,3667.7058159590765,2309.979745702525,1905.0,368.0,80.0,0,1.1750960999925155
113,L1100_C2,12,12,12,7595.35,265,12,1,19,5508.6548791285395,5958.350002559282,4012.6548791285395,1945.6951234307423,1325.0,252.0,60.0,0,0.632769100018777
113,L1100I3,12,12,12,9678.83,304,12,1,22,5718.073721354744,7823.829661538559,4135.073721354744,3688.755940183815,1520.0,275.0,60.0,0,1.2196861999982502
113,H8,12,12,12,8962.877,402,12,1,31,6555.749802523321,6503.876692989076,4276.749802523322,2227.126890465755,2010.0,389.0,60.0,0,0.8689384000026621
114,L1100_C2,14,14,14,7948.883,307,14,1,19,5698.768549255568,6050.883315184703,4045.768549255568,2005.114765929136,1535.0,293.0,70.0,0,1.1197381000092719
114,L1100I3,14,14,14,8568.959,329,14,1,22,6046.696577854934,6540.9592204526325,4236.696577854934,2304.2626425977005,1645.0,313.0,70.0,0,1.4510260999959428
114,H8,14,14,14,8494.186,325,14,1,31,6193.309634246639,6478.186146020697,4311.30963424664,2166.8765117740563,1625.0,321.0,70.0,0,0.4211649000062607
115,L1100_C2,16,16,16,5913.087,200,16,1,19,3408.043340162033,4635.0865612935595,2468.043340162033,2167.0432211315265,1000.0,198.0,80.0,0,0.5635101999796461
115,L1100I3,16,16,16,6182.216,204,16,1,22,3613.080846517105,4893.216061695228,2595.080846517105,2298.1352151781234,1020.0,189.0,80.0,0,0.9399091999803204
115,H8,16,16,16,8342.141,345,16,1,31,5488.296678769007,6213.141332262838,3629.296678769006,2583.844653493832,1725.0,324.0,80.0,0,1.1608927999914158
116,L1100_C2,15,15,15,8174.373,254,15,1,19,5183.0,6595.3725378599265,3960.0,2635.3725378599283,1270.0,234.0,75.0,0,1.3603946999937762
116,L1100I3,15,15,15,8636.388,249,15,1,22,5400.073721354744,7090.38794627899,4135.073721354744,2955.3142249242483,1245.0,226.0,75.0,0,1.5612189000239596
116,H8,15,15,15,8888.822,339,15,1,31,6227.421766687696,6790.8223567191835,4310.421766687697,2480.4005900314887,1695.0,328.0,75.0,0,0.925736200006213
117,L1100_C2,11,11,11,7381.943,280,11,1,19,5531.302654455631,5658.943087752951,3961.302654455631,1697.6404332973216,1400.0,268.0,55.0,0,1.0376636000000872
117,L1100I3,11,11,11,8061.722,306,11,1,22,5820.073721354744,6184.72239325365,4135.073721354744,2049.6486718989086,1530.0,292.0,55.0,0,1.1973722000257112
117,H8,11,11,11,8546.09,437,11,1,31,6859.18702727673,5873.089624665029,4311.187027276731,1561.9025973882988,2185.0,433.0,55.0,0,0.5630114999949001
118,L1100_C2,15,15,15,7954.872,256,15,1,19,5226.501305908374,6359.8718387009785,3962.5013059083744,2397.370532792607,1280.0,240.0,75.0,0,1.0618709000118542
118,L1100I3,15,15,15,8070.654,238,15,1,22,5424.073721354744,6578.654284300052,4135.073721354744,2443.580562945309,1190.0,227.0,75.0,0,1.06661440001335
118,H8,15,15,15,7983.535,297,15,1,31,5943.749802523321,6134.534516104969,4276.749802523322,1857.7847135816487,1485.0,289.0,75.0,0,0.9618870999838691
119,L1100_C2,16,16,16,4317.904,176,16,1,19,1675.1980525097895,3188.90359031715,1149.1980525097895,2039.7055378073599,880.0,169.0,80.0,0,1.2151416999986395
119,L1100I3,16,16,16,5658.017,264,16,1,22,1803.0589770837946,4012.01656241526,1126.0589770837946,2885.957585331465,1320.0,246.0,80.0,0,1.826351399999112
119,H8,16,16,16,8375.824,383,16,1,31,5603.220927692774,6020.823660271487,3528.2209276927747,2492.602732578714,1915.0,360.0,80.0,0,1.2963376000116114
120,L1100_C2,12,12,12,7297.9,242,12,1,19,5351.920053826325,5787.900174553183,3961.920053826325,1825.9801207268574,1210.0,240.0,60.0,0,0.6263818999868818
120,L1100I3,12,12,12,9821.765,280,12,1,22,5640.073721354744,8095.7647070665535,4135.073721354744,3960.690985711812,1400.0,266.0,60.0,0,0.9965681999747176
120,H8,12,12,12,10238.389,474,12,1,31,6942.2097519932595,7361.388921853303,4322.20975199326,3039.1791698600478,2370.0,447.0,60.0,0,1.2117094999994151
121,L1100_C2,10,10,10,7444.943,291,10,1,19,5632.286856525401,5654.942641930681,3972.2868565254016,1682.6557854052799,1455.0,285.0,50.0,0,0.46875500000896864
121,L1100I3,10,10,10,8212.226,316,10,1,22,5946.073721354744,6273.225640889934,4135.073721354744,2138.151919535188,1580.0,309.0,50.0,0,0.5697856999759097
121,H8,10,10,10,9531.308,459,10,1,31,6927.036423238601,6752.307808233771,4356.0364232386,2396.2713849951715,2295.0,434.0,50.0,0,0.9712384000013117
122,L1100_C2,13,13,13,7877.067,305,13,1,19,5487.0622001485835,5997.066768370124,3960.0622001485835,2037.0045682215405,1525.0,290.0,65.0,0,1.1491523999720812
122,L1100I3,13,13,13,9143.177,293,13,1,22,6372.692253015447,7335.177070258877,4766.692253015447,2568.484817243434,1465.0,278.0,65.0,0,1.1177860000170767
122,H8,13,13,13,9262.563,396,13,1,31,6481.535997934681,6849.563452701515,4323.535997934682,2526.0274547668373,1980.0,368.0,65.0,0,1.3260324000148103
123,L1100_C2,11,11,11,7467.861,267,11,1,19,5483.0,5813.860768516909,3960.0,1853.8607685169075,1335.0,264.0,55.0,0,0.7719202000007499
123,L1100I3,11,11,11,8181.702,310,11,1,22,5886.073721354744,6275.701544863821,4135.073721354744,2140.627823509077,1550.0,301.0,55.0,0,0.6284529000113253
123,H8,11,11,11,9107.92,466,11,1,31,6987.749802523321,6260.920282217814,4276.749802523322,1984.1704796944935,2330.0,462.0,55.0,0,0.44033130002208054
124,L1100_C2,14,14,14,8544.16,293,14,1,19,5387.0,6726.159645772483,3960.0,2766.1596457724863,1465.0,283.0,70.0,0,0.8896340999926906
124,L1100I3,14,14,14,8440.947,270,14,1,22,5613.91658901989,6763.946974586506,4151.91658901989,2612.030385566618,1350.0,257.0,70.0,0,0.7221265999833122
124,H8,14,14,14,9637.491,366,14,1,31,6243.749802523321,7398.491361388315,4276.749802523322,3121.741558864994,1830.0,339.0,70.0,0,0.740131400001701
125,L1100_C2,15,15,15,7623.277,234,15,1,19,5296.910408980151,6152.276731601542,4002.9104089801517,2149.3663226213903,1170.0,226.0,75.0,0,0.4916326999955345
125,L1100I3,15,15,15,9335.696,285,15,1,22,5586.073721354744,7580.696146178528,4135.073721354744,3445.622424823788,1425.0,255.0,75.0,0,0.990108500001952
125,H8,15,15,15,9796.928,386,15,1,31,6237.749802523321,7452.928034548895,4276.749802523322,3176.1782320255816,1930.0,339.0,75.0,0,0.805036999983713
126,L1100_C2,14,14,14,9112.957,316,14,1,19,5291.0,7172.956551967122,3960.0,3212.9565519671237,1580.0,290.0,70.0,0,0.7095854000071995
126,L1100I3,14,14,14,9943.244,333,14,1,22,5514.073721354744,7899.244360985812,4135.073721354744,3764.1706396310683,1665.0,309.0,70.0,0,0.4955284999741707
126,H8,14,14,14,9071.412,408,14,1,31,6629.078931114441,6573.412463861149,4346.07893111444,2227.3335327467094,2040.0,388.0,70.0,0,0.4431707999901846
127,L1100_C2,10,10,10,7809.599,292,10,1,19,5591.0,6019.599463934917,3960.0,2059.5994639349187,1460.0,280.0,50.0,0,0.39952430000994354
127,L1100I3,10,10,10,8094.92,301,10,1,22,5826.073721354744,6250.920422514605,4135.073721354744,2115.8467011598627,1505.0,289.0,50.0,0,0.2745526999933645
127,H8,10,10,10,9722.834,462,10,1,31,6831.749802523321,6928.834294131148,4276.749802523322,2652.0844916078295,2310.0,434.0,50.0,0,0.61062540000421
128,L1100_C2,12,12,12,8578.996,312,12,1,19,5393.0,6666.995547400947,3960.0,2706.9955474009494,1560.0,292.0,60.0,0,0.4953365999972448
128,L1100I3,12,12,12,8480.118,277,12,1,22,5646.930675874955,6778.1176869617475,4172.930675874955,2605.187011086792,1385.0,257.0,60.0,0,0.3109703000227455
128,H8,12,12,12,8604.136,419,12,1,31,6675.749802523321,6040.135992674722,4276.749802523322,1763.3861901514008,2095.0,409.0,60.0,0,0.3215885999961756
129,L1100_C2,16,16,16,9229.155,290,16,1,19,5131.0,7437.155043759329,3740.0,3697.1550437593323,1450.0,262.0,80.0,0,0.67544569997699
129,L1100I3,16,16,16,8732.821,293,16,1,22,5402.073721354744,6906.8206494424885,3915.0737213547436,2991.7469280877417,1465.0,281.0,80.0,0,0.6825725000235252
129,H8,16,16,16,8642.219,321,16,1,31,4643.939605270678,6666.219277203826,2961.9396052706775,3704.2796719331577,1605.0,291.0,80.0,0,0.6082939000043552
130,L1100_C2,14,14,14,8187.242,305,14,1,19,5339.0,6295.242380786613,3960.0,2335.2423807866135,1525.0,297.0,70.0,0,0.45462529998621903
130,L1100I3,14,14,14,8468.118,327,14,1,22,5778.073721354744,6455.117787438411,4135.073721354744,2320.044066083666,1635.0,308.0,70.0,0,0.5761752999969758
130,H8,14,14,14,8964.832,424,14,1,31,6812.176150375001,6352.832441101399,4324.176150375002,2028.6562907263976,2120.0,422.0,70.0,0,0.21502719999989495
131,L1100_C2,13,13,13,7785.293,289,13,1,19,5423.0,6009.292685253209,3960.0,2049.2926852532087,1445.0,266.0,65.0,0,0.41044740000506863
131,L1100I3,13,13,13,8328.434,298,13,1,22,5586.073721354744,6495.43446203168,4135.073721354744,2360.360740676939,1490.0,278.0,65.0,0,0.5237992000184022
131,H8,13,13,13,8697.653,377,13,1,31,6081.749802523321,6388.653452211286,4276.749802523322,2111.9036496879676,1885.0,359.0,65.0,0,0.7692950000055134
132,L1100_C2,13,13,13,8543.283,262,13,1,19,5320.173361722733,6918.2834878466765,3972.1733617227333,2946.1101261239432,1310.0,250.0,65.0,0,0.2939528000133578
132,L1100I3,13,13,13,10063.936,335,13,1,22,5741.247083077476,8013.936400352041,4147.247083077476,3866.689317274567,1675.0,310.0,65.0,0,0.631695199990645
132,H8,13,13,13,9483.264,453,13,1,31,6811.4421800811115,6715.263620314982,4281.442180081112,2433.821440233869,2265.0,438.0,65.0,0,0.3655537999875378
133,L1100_C2,16,16,16,5711.091,179,16,1,19,3312.1515486437065,4567.09067080188,2426.1515486437065,2140.9391221581727,895.0,169.0,80.0,0,0.5340961000183597
133,L1100I3,16,16,16,8126.572,229,16,1,22,3906.0737213547436,6703.571683853232,2815.0737213547436,3888.4979624984912,1145.0,198.0,80.0,0,0.9265850000083447
133,H8,16,16,16,10024.016,357,16,1,31,5464.296678769006,7837.01603467445,3629.296678769006,4207.719355905446,1785.0,322.0,80.0,0,0.7497945999784861
134,L1100_C2,16,16,16,7680.828,229,16,1,19,4682.002609306932,6247.828479008518,3520.002609306932,2727.8258697015876,1145.0,208.0,80.0,0,1.019228999997722
134,L1100I3,16,16,16,8390.182,255,16,1,22,5258.073721354744,6796.182006032406,3915.0737213547436,2881.108284677667,1275.0,239.0,80.0,0,0.7773226000135764
134,H8,16,16,16,8918.342,314,16,1,31,4897.711302749259,6985.342079472844,3278.7113027492587,3706.630776723592,1570.0,283.0,80.0,0,0.8327081000024918
135,L1100_C2,10,10,10,7672.338,282,10,1,19,5519.14292599676,5946.338299099477,3961.14292599676,1985.195373102719,1410.0,266.0,50.0,0,0.4309596000239253
135,L1100I3,10,10,10,8151.059,305,10,1,22,5832.073721354744,6285.058948975941,4135.073721354744,2149.985227621199,1525.0,291.0,50.0,0,0.4176385000173468
135,H8,10,10,10,9222.343,433,10,1,31,6770.898483370248,6591.342572818721,4318.898483370249,2272.444089448478,2165.0,416.0,50.0,0,0.4907334999879822
136,L1100_C2,15,15,15,7652.688,223,15,1,19,5160.250643352215,6250.688497939155,3974.250643352215,2276.4378545869395,1115.0,212.0,75.0,0,0.46145989999058656
136,L1100I3,15,15,15,8329.258,228,15,1,22,6002.477823738368,6901.2582779285785,4775.477823738368,2125.780454190214,1140.0,213.0,75.0,0,0.6183663999836426
136,H8,15,15,15,9769.118,343,15,1,31,6123.749802523321,7659.118420266106,4276.749802523322,3382.368617742787,1715.0,320.0,75.0,0,0.6131697999953758
137,L1100_C2,10,10,10,7768.622,280,10,1,19,5585.0,6041.6218444539645,3960.0,2081.6218444539645,1400.0,277.0,50.0,0,0.2567572000261862
137,L1100I3,10,10,10,7875.147,312,10,1,22,5989.109264716317,5957.1468154284075,4179.109264716317,1778.0375507120932,1560.0,308.0,50.0,0,0.273819399997592
137,H8,10,10,10,9197.375,461,10,1,31,6891.749802523321,6398.374899446578,4276.749802523322,2121.6250969232574,2305.0,444.0,50.0,0,0.44211219999124296
138,L1100_C2,12,12,12,6816.246,234,12,1,19,5297.38915449191,5364.245727276568,4004.3891544919097,1359.8565727846606,1170.0,222.0,60.0,0,0.47629150000284426
138,L1100I3,12,12,12,8398.932,263,12,1,22,5520.073721354744,6781.931536920675,4135.073721354744,2646.8578155659325,1315.0,242.0,60.0,0,0.5418905999977142
138,H8,12,12,12,8640.808,390,12,1,31,6471.749802523322,6254.808481661775,4276.749802523322,1978.058679138456,1950.0,376.0,60.0,0,0.3938627000025008
139,L1100_C2,15,15,15,8122.491,234,15,1,19,5195.0,6661.4909863083885,3960.0,2701.4909863083926,1170.0,216.0,75.0,0,1.013133900007233
139,L1100I3,15,15,15,8167.129,231,15,1,22,5334.073721354744,6724.128509054967,4135.073721354744,2589.054787700227,1155.0,213.0,75.0,0,0.8372564000019338
139,H8,15,15,15,8763.574,329,15,1,31,6069.749802523321,6731.574442049975,4276.749802523322,2454.824639526655,1645.0,312.0,75.0,0,0.9828556999855209
140,L1100_C2,13,13,13,7504.763,247,13,1,19,5396.201932904978,5962.762651687957,3966.201932904978,1996.5607187829794,1235.0,242.0,65.0,0,0.2591422999976203
140,L1100I3,13,13,13,8733.928,289,13,1,22,5718.998474303671,6949.92808647915,4142.998474303671,2806.929612175477,1445.0,274.0,65.0,0,0.6409014000091702
140,H8,13,13,13,8779.429,361,13,1,31,6357.749802523321,6556.428630015734,4276.749802523322,2279.678827492411,1805.0,353.0,65.0,0,0.24959220000891946
141,L1100_C2,10,10,10,7833.541,292,10,1,19,5549.0,6048.541102932836,3960.0,2088.5411029328347,1460.0,275.0,50.0,0,0.46366839998518117
141,L1100I3,10,10,10,8655.89,331,10,1,22,5904.073721354744,6636.889964065741,4135.073721354744,2501.8162427109964,1655.0,314.0,50.0,0,0.5525147000153083
141,H8,10,10,10,8787.809,470,10,1,31,7047.749802523322,5919.8088201724795,4276.749802523322,1643.0590176491587,2350.0,468.0,50.0,0,0.4457279999915045
142,L1100_C2,13,13,13,7775.612,292,13,1,19,5423.0,5972.612419226631,3960.0,2012.612419226632,1460.0,278.0,65.0,0,0.9139527000079397
142,L1100I3,13,13,13,8617.739,281,13,1,22,5598.094059140139,6888.739067561126,4184.094059140139,2704.645008420987,1405.0,259.0,65.0,0,0.8607055000029504
142,H8,13,13,13,8970.642,390,13,1,31,6530.539707049405,6580.641855815333,4324.5397070494055,2256.1021487659314,1950.0,375.0,65.0,0,0.9058592999936081
143,L1100_C2,15,15,15,7904.419,291,15,1,19,5249.0,6085.418887688476,3960.0,2125.418887688476,1455.0,289.0,75.0,0,1.0530017999990378
143,L1100I3,15,15,15,7934.525,257,15,1,22,5490.073721354744,6331.524858709411,4135.073721354744,2196.4511373546648,1285.0,243.0,75.0,0,1.1216394000221044
143,H8,15,15,15,8568.42,339,15,1,31,6140.986218564048,6476.419623486069,4276.986218564049,2199.4334049220192,1695.0,322.0,75.0,0,1.3062981000111904
144,L1100_C2,15,15,15,8038.595,289,15,1,19,5273.0,6254.594674436892,3960.0,2294.5946744368953,1445.0,264.0,75.0,0,1.3559415999916382
144,L1100I3,15,15,15,8234.997,254,15,1,22,5532.073721354744,6643.997117369991,4135.073721354744,2508.9233960152474,1270.0,246.0,75.0,0,0.5498097999952734
144,H8,15,15,15,9509.302,451,15,1,31,6761.644872622359,6756.302419868464,4285.644872622359,2470.6575472461045,2255.0,423.0,75.0,0,1.355392600002233
145,L1100_C2,13,13,13,8699.268,308,13,1,19,5575.621771399997,6801.267936559429,3999.6217713999968,2801.6461651594336,1540.0,293.0,65.0,0,1.1123477999935858
145,L1100I3,13,13,13,8744.6,315,13,1,22,5814.073721354744,6807.600484803694,4135.073721354744,2672.5267634489524,1575.0,297.0,65.0,0,0.8131881000008434
145,H8,13,13,13,9427.675,383,13,1,31,6453.749802523322,7075.674598968045,4276.749802523322,2798.924796444727,1915.0,372.0,65.0,0,0.6274527999921702
146,L1100_C2,15,15,15,7843.369,296,15,1,19,5393.0,6005.368812519342,3960.0,2045.368812519341,1480.0,283.0,75.0,0,1.266957200015895
146,L1100I3,15,15,15,9282.089,322,15,1,22,5706.073721354744,7289.088912859211,4135.073721354744,3154.0151915044657,1610.0,308.0,75.0,0,0.9612374000134878
146,H8,15,15,15,10318.901,409,15,1,31,6472.83847351503,7824.900616498121,4302.838473515031,3522.0621429830926,2045.0,374.0,75.0,0,1.3452982000017073
147,L1100_C2,13,13,13,8786.332,331,13,1,19,5507.0,6749.332395924971,3960.0,2789.332395924973,1655.0,317.0,65.0,0,0.8081776000035461
147,L1100I3,13,13,13,9086.509,338,13,1,22,5856.073721354744,7003.509467829673,4135.073721354744,2868.4357464749273,1690.0,328.0,65.0,0,0.8883830000122543
147,H8,13,13,13,9284.175,403,13,1,31,6614.70861273765,6812.174691889257,4318.708612737651,2493.4660791516085,2015.0,392.0,65.0,0,0.7433853000111412
148,L1100_C2,14,14,14,9020.96,344,14,1,19,5483.0,6906.9596959122155,3960.0,2946.959695912217,1720.0,324.0,70.0,0,1.226284400006989
148,L1100I3,14,14,14,9138.832,363,14,1,22,5832.073721354744,6907.831901231447,4135.073721354744,2772.7581798767014,1815.0,346.0,70.0,0,1.0918874999915715
148,H8,14,14,14,8951.576,425,14,1,31,6844.569454156745,6342.57598229155,4400.569454156746,1942.0065281348022,2125.0,414.0,70.0,0,0.6177154000033624
149,L1100_C2,12,12,12,7958.441,269,12,1,19,5365.195037983157,6311.441264233418,3963.195037983157,2348.246226250263,1345.0,242.0,60.0,0,1.1759454999992158
149,L1100I3,12,12,12,8016.909,285,12,1,22,5712.413202128357,6261.90948868001,4142.413202128357,2119.496286551656,1425.0,270.0,60.0,0,0.6558206000190694
149,H8,12,12,12,8882.864,442,12,1,31,6813.749802523321,6181.863619516647,4276.749802523322,1905.113816993328,2210.0,431.0,60.0,0,0.7136085999954958
150,L1100_C2,13,13,13,8274.932,295,13,1,19,5466.525039989781,6458.931537434102,3962.525039989782,2496.406497444324,1475.0,276.0,65.0,0,1.2115622000128496
150,L1100I3,13,13,13,8732.501,283,13,1,22,5712.967654307895,6978.500773439935,4136.967654307895,2841.5331191320424,1415.0,274.0,65.0,0,0.5844314999994822
150,H8,13,13,13,9108.714,400,13,1,31,6543.749802523321,6657.7143048017915,4276.749802523322,2380.9645022784707,2000.0,386.0,65.0,0,0.8558725000184495
151,L1100_C2,11,11,11,7799.193,257,11,1,19,5405.0,6208.19280539638,3960.0,2248.192805396379,1285.0,251.0,55.0,0,0.6334588999743573
151,L1100I3,11,11,11,9188.08,332,11,1,22,5796.073721354744,7186.079674760457,4135.073721354744,3051.005953405716,1660.0,287.0,55.0,0,1.061454099981347
151,H8,11,11,11,8841.98,442,11,1,31,6819.749802523321,6143.9803480155115,4276.749802523322,1867.2305454921895,2210.0,433.0,55.0,0,0.6728385000023991
152,L1100_C2,10,10,10,8064.347,353,10,1,19,5719.128783461498,5909.347267927783,3987.1287834614977,1922.2184844662872,1765.0,340.0,50.0,0,0.6729049000132363
152,L1100I3,10,10,10,8108.37,359,10,1,22,5994.073721354744,5909.370462724024,4135.073721354744,1774.2967413692786,1795.0,354.0,50.0,0,0.38954350000130944
152,H8,10,10,10,9974.412,522,10,1,31,7149.749802523321,6817.411682571298,4276.749802523322,2540.661880047978,2610.0,497.0,50.0,0,0.9105545000056736
153,L1100_C2,13,13,13,7254.982,240,13,1,19,5275.12533176258,5760.982224871901,3963.1253317625797,1797.8568931093243,1200.0,229.0,65.0,0,0.9168535000062548
153,L1100I3,13,13,13,8171.225,273,13,1,22,5610.073721354744,6485.2248821502835,4135.073721354744,2350.1511607955395,1365.0,256.0,65.0,0,0.8054291000007652
153,H8,13,13,13,8538.199,378,13,1,31,6435.749802523321,6214.198972775459,4276.749802523322,1937.4491702521386,1890.0,369.0,65.0,0,0.7352387999999337
154,L1100_C2,14,14,14,8407.99,267,14,1,19,5245.790742709191,6758.989926836365,3963.7907427091914,2795.199184127175,1335.0,244.0,70.0,0,1.3435988000128418
154,L1100I3,14,14,14,10546.341,358,14,1,22,5693.002596100717,8357.341094673857,4213.002596100716,4144.338498573146,1790.0,329.0,70.0,0,1.7320861000043806
154,H8,14,14,14,9526.243,427,14,1,31,6634.135286049875,6918.242933707439,4278.1352860498755,2640.107647657565,2135.0,403.0,70.0,0,1.2091650000074878
155,L1100_C2,14,14,14,8469.408,325,14,1,19,5489.0,6463.408372736808,3960.0,2503.408372736808,1625.0,311.0,70.0,0,0.8576945000095293
155,L1100I3,14,14,14,9111.037,329,14,1,22,5686.376856921663,7096.037167625984,4140.376856921663,2955.660310704324,1645.0,300.0,70.0,0,1.141345000010915
155,H8,14,14,14,9448.844,431,14,1,31,6612.625638602894,6827.844201494622,4286.625638602895,2541.218562891732,2155.0,396.0,70.0,0,1.823693300015293
156,L1100_C2,15,15,15,7768.833,251,15,1,19,5297.729626888044,6208.832522780247,3973.7296268880436,2235.1028958922057,1255.0,230.0,75.0,0,1.404091000003973
156,L1100I3,15,15,15,8650.333,287,15,1,22,5610.073721354744,6882.333494381938,4135.073721354744,2747.259773027199,1435.0,258.0,75.0,0,1.9237505000201054
156,H8,15,15,15,9006.848,449,15,1,31,6890.054579911939,6254.848360801342,4349.054579911938,1905.793780889409,2245.0,432.0,75.0,0,0.9413196000095922
157,L1100_C2,16,16,16,4668.044,178,16,1,19,2249.280460989765,3534.0443894446457,1555.2804609897646,1978.7639284548811,890.0,164.0,80.0,0,1.5773524999967776
157,L1100I3,16,16,16,7315.967,200,16,1,22,4489.195371821055,6050.966888824463,3448.195371821055,2602.7715170034057,1000.0,185.0,80.0,0,0.8839965999941342
157,H8,16,16,16,7366.31,304,16,1,31,4945.711302749259,5471.310047326356,3278.7113027492587,2192.598744577097,1520.0,295.0,80.0,0,1.0690608999866527
158,L1100_C2,12,12,12,7731.617,252,12,1,19,5381.0,6168.6168691573785,3960.0,2208.6168691573807,1260.0,243.0,60.0,0,0.7586577000038233
158,L1100I3,12,12,12,8053.761,302,12,1,22,6008.303899428785,6182.761098216954,4223.303899428785,1959.4571987881711,1510.0,301.0,60.0,0,0.3840072000166401
158,H8,12,12,12,9277.798,411,12,1,31,6671.266786527868,6756.798403929335,4285.266786527869,2471.5316174014674,2055.0,406.0,60.0,0,0.6346431999991182
159,L1100_C2,11,11,11,7911.807,286,11,1,19,5555.0,6153.8071963915645,3960.0,2193.8071963915672,1430.0,273.0,55.0,0,1.0255224999855272
159,L1100I3,11,11,11,8269.729,323,11,1,22,5970.073721354744,6285.728995532093,4135.073721354744,2150.6552741773494,1615.0,314.0,55.0,0,0.8622171999886632
159,H8,11,11,11,9021.567,453,11,1,31,6897.749802523321,6255.566823183237,4276.749802523322,1978.8170206599143,2265.0,446.0,55.0,0,0.6620548999926541
160,L1100_C2,12,12,12,8010.947,281,12,1,19,5441.0,6287.947410441055,3960.0,2327.947410441059,1405.0,258.0,60.0,0,1.0700808000110555
160,L1100I3,12,12,12,8100.559,278,12,1,22,5634.073721354744,6392.558636503523,4135.073721354744,2257.4849151487792,1390.0,258.0,60.0,0,0.9962708999810275
160,H8,12,12,12,8649.542,376,12,1,31,6381.749802523321,6348.541878370271,4276.749802523322,2071.79207584695,1880.0,361.0,60.0,0,0.9157653999864124
161,L1100_C2,16,16,16,7123.901,211,16,1,19,4111.0,5797.90058156825,3080.0,2717.9005815682526,1055.0,191.0,80.0,0,1.8011022999999113
161,L1100I3,16,16,16,7516.132,250,16,1,22,2510.4000591091017,5956.131680936087,1744.4000591091021,4211.731621826989,1250.0,230.0,80.0,0,1.3388964999758173
161,H8,16,16,16,8344.907,301,16,1,31,5247.370063331487,6476.906556266969,3635.370063331487,2841.536492935483,1505.0,283.0,80.0,0,1.3541167999792378
162,L1100_C2,14,14,14,7788.409,297,14,1,19,5483.0,5941.409113737533,3960.0,1981.4091137375326,1485.0,292.0,70.0,0,0.9059921000152826
162,L1100I3,14,14,14,8011.941,302,14,1,22,5834.997709586985,6144.941405755362,4175.997709586985,1968.943696168377,1510.0,287.0,70.0,0,1.3451156000082847
162,H8,14,14,14,9835.843,330,14,1,31,5979.749802523321,7818.842715232321,4276.749802523322,3542.0929127090058,1650.0,297.0,70.0,0,1.0587386999977753
163,L1100_C2,10,10,10,7692.037,296,10,1,19,5690.496512475314,5870.036537534721,3988.4965124753153,1881.5400250594082,1480.0,292.0,50.0,0,0.6009474000020418
163,L1100I3,10,10,10,8227.97,347,10,1,22,6090.073721354744,6105.9704172121255,4135.073721354744,1970.8966958573815,1735.0,337.0,50.0,0,0.6654342999972869
163,H8,10,10,10,9015.506,433,10,1,31,6834.81099386002,6371.505672645143,4298.810993860022,2072.694678785122,2165.0,429.0,50.0,0,0.47468339998158626
164,L1100_C2,16,16,16,5993.311,217,16,1,19,3047.1288753928743,4623.310833532324,2221.1288753928743,2402.181958139447,1085.0,205.0,80.0,0,1.3579987999983132
164,L1100I3,16,16,16,7202.084,228,16,1,22,3554.0737213547436,5767.084411269328,2595.0737213547436,3172.010689914584,1140.0,215.0,80.0,0,1.3800453000003472
164,H8,16,16,16,7853.477,301,16,1,31,4916.338666941803,5984.477011349616,3317.3386669418032,2667.138344407816,1505.0,284.0,80.0,0,1.249068899982376
165,L1100_C2,12,12,12,8083.488,288,12,1,19,5465.0,6321.487564305387,3960.0,2361.4875643053883,1440.0,262.0,60.0,0,0.8010594999941532
165,L1100I3,12,12,12,7812.457,283,12,1,22,5863.70135613802,6057.457273918465,4215.70135613802,1841.7559177804446,1415.0,280.0,60.0,0,0.3296709000132978
165,H8,12,12,12,8625.433,432,12,1,31,6771.749802523321,5980.432675591976,4276.749802523322,1703.6828730686532,2160.0,425.0,60.0,0,0.8167482000135351
166,L1100_C2,11,11,11,7531.628,302,11,1,19,5483.0,5687.628098161237,3960.0,1727.628098161239,1510.0,279.0,55.0,0,1.0422893000068143
166,L1100I3,11,11,11,7904.465,319,11,1,22,5814.073721354744,5950.464924721019,4135.073721354744,1815.3912033662743,1595.0,304.0,55.0,0,0.5434024000132922
166,H8,11,11,11,8414.689,445,11,1,31,6849.749802523321,5696.689193406121,4276.749802523322,1419.9393908827992,2225.0,438.0,55.0,0,0.7943067000014707
167,L1100_C2,14,14,14,8010.537,253,14,1,19,5261.0,6445.536585464644,3960.0,2485.5365854646457,1265.0,230.0,70.0,0,1.5727313999959733
167,L1100I3,14,14,14,8020.191,269,14,1,22,5586.006920725112,6352.190587196741,4136.006920725112,2216.1836664716316,1345.0,253.0,70.0,0,1.0830903000023682
167,H8,14,14,14,8943.043,419,14,1,31,6618.306122397944,6378.043303606862,4286.306122397945,2091.7371812089186,2095.0,400.0,70.0,0,1.0223951000079978
168,L1100_C2,15,15,15,7837.735,256,15,1,19,5327.0,6234.734571732448,3960.0,2274.7345717324474,1280.0,248.0,75.0,0,0.9473411999933887
168,L1100I3,15,15,15,9266.213,308,15,1,22,5754.073721354744,7367.212575013881,4135.073721354744,3232.1388536591435,1540.0,284.0,75.0,0,1.5881236999994144
168,H8,15,15,15,10500.489,427,15,1,31,6552.784775993729,7902.488860343593,4304.78477599373,3597.704084349871,2135.0,388.0,75.0,0,1.797253600001568
169,L1100_C2,15,15,15,7793.847,244,15,1,19,5304.352948332247,6266.846868716556,3968.3529483322463,2298.49392038431,1220.0,232.0,75.0,0,1.2087526000104845
169,L1100I3,15,15,15,8403.964,270,15,1,22,5616.073721354744,6720.964111730159,4135.073721354744,2585.8903903754167,1350.0,258.0,75.0,0,0.9080381999956444
169,H8,15,15,15,9478.925,415,15,1,31,6537.749802523321,6924.925484956306,4276.749802523322,2648.175682432986,2075.0,404.0,75.0,0,1.1967225999978837
170,L1100_C2,12,12,12,7430.301,247,12,1,19,5321.0,5898.30066481876,3960.0,1938.3006648187636,1235.0,237.0,60.0,0,1.0587265999929514
170,L1100I3,12,12,12,8925.881,298,12,1,22,5760.073721354744,7092.880904260472,4135.073721354744,2957.807182905727,1490.0,283.0,60.0,0,0.8448146000155248
170,H8,12,12,12,9228.455,465,12,1,31,6903.749802523321,6396.454629712147,4276.749802523322,2119.7048271888293,2325.0,447.0,60.0,0,1.300589199992828
171,L1100_C2,10,10,10,7117.453,274,10,1,19,5504.650560775866,5437.452614099711,3976.6505607758663,1460.802053323848,1370.0,260.0,50.0,0,0.5605804000224452
171,L1100I3,10,10,10,8266.163,327,10,1,22,5994.073721354744,6264.162522065289,4135.073721354744,2129.0888007105445,1635.0,317.0,50.0,0,0.49888060000375845
171,H8,10,10,10,8797.042,473,10,1,31,7011.749802523321,5919.042352992621,4276.749802523322,1642.2925504692996,2365.0,463.0,50.0,0,0.5600326000130735
172,L1100_C2,16,16,16,8627.63,359,16,1,19,3094.3800537003717,6416.629714918575,2202.3800537003717,4214.249661218205,1795.0,336.0,80.0,0,1.8194455999764614
172,L1100I3,16,16,16,8721.03,274,16,1,22,3936.0737213547436,7033.030177082044,2815.0737213547436,4217.956455727303,1370.0,238.0,80.0,0,1.6409599999897182
172,H8,16,16,16,8624.749,326,16,1,31,5283.783203326082,6617.749139252204,3575.7832033260825,3041.965935926127,1630.0,297.0,80.0,0,1.5915317999897525
173,L1100_C2,11,11,11,8208.407,274,11,1,19,5321.305391174911,6550.407287581282,3968.305391174911,2582.101896406377,1370.0,233.0,55.0,0,1.3951071000192314
173,L1100I3,11,11,11,8263.546,315,11,1,22,5860.264131049292,6345.5458850429495,4182.264131049292,2163.2817539936627,1575.0,288.0,55.0,0,1.2227979000017513
173,H8,11,11,11,8459.904,441,11,1,31,6838.0036407245425,5767.904195027036,4284.0036407245425,1483.9005543024912,2205.0,432.0,55.0,0,0.8691606000065804
174,L1100_C2,16,16,16,7507.511,227,16,1,19,4337.0,6084.5105116895575,3300.0,2784.510511689561,1135.0,208.0,80.0,0,1.7768461999949068
174,L1100I3,16,16,16,8335.646,304,16,1,22,4669.803333566964,6448.645742640646,3507.803333566965,2940.842409073683,1520.0,287.0,80.0,0,1.1391794000228401
174,H8,16,16,16,8801.209,353,16,1,31,5023.71130274926,6643.209453834118,3278.7113027492587,3364.498151084861,1765.0,313.0,80.0,0,1.950054499990074
175,L1100_C2,13,13,13,7719.821,276,13,1,19,5394.93929168501,6012.821410307892,3962.93929168501,2049.8821186228824,1380.0,262.0,65.0,0,0.9105512999813072
175,L1100I3,13,13,13,8039.653,269,13,1,22,5629.937904344077,6374.653136612431,4161.937904344078,2212.715232268354,1345.0,255.0,65.0,0,1.1304293999855872
175,H8,13,13,13,9077.428,455,13,1,31,6885.749802523321,6291.428018784564,4276.749802523322,2014.6782162612435,2275.0,446.0,65.0,0,0.8208059000025969
176,L1100_C2,14,14,14,7730.126,288,14,1,19,5339.0,5937.125818108905,3960.0,1977.1258181089047,1440.0,283.0,70.0,0,0.6688162000209559
176,L1100I3,14,14,14,8421.32,232,14,1,22,5451.855048263735,6963.319968519508,4182.855048263735,2780.4649202557725,1160.0,228.0,70.0,0,0.5669349000090733
176,H8,14,14,14,8622.148,390,14,1,31,6542.717609170827,6222.147727277829,4319.717609170828,1902.4301181070027,1950.0,380.0,70.0,0,0.8282253000070341
177,L1100_C2,11,11,11,8715.496,334,11,1,19,5555.0,6673.4958474466475,3960.0,2713.495847446653,1670.0,317.0,55.0,0,1.5316350999928545
177,L1100I3,11,11,11,9776.675,363,11,1,22,6516.384221919147,7574.674658732973,4791.384221919148,2783.290436813826,1815.0,332.0,55.0,0,1.144610300019849
177,H8,11,11,11,8819.699,470,11,1,31,7029.749802523322,5947.698901759968,4276.749802523322,1670.9490992366464,2350.0,467.0,55.0,0,0.5548113999830093
178,L1100_C2,13,13,13,7464.971,260,13,1,19,5444.153171772208,5842.970702130908,3976.153171772208,1866.8175303586975,1300.0,257.0,65.0,0,0.7679775000142399
178,L1100I3,13,13,13,8085.642,311,13,1,22,5712.073721354744,6172.642259455497,4135.073721354744,2037.5685381007524,1555.0,293.0,65.0,0,1.1142516999971122
178,H8,13,13,13,9404.507,364,13,1,31,6372.935764055022,7167.506572823591,4304.935764055024,2862.5708087685657,1820.0,352.0,65.0,0,0.589435699977912
179,L1100_C2,14,14,14,7766.737,256,14,1,19,5429.89077500821,6165.737364641664,3997.89077500821,2167.846589633455,1280.0,251.0,70.0,0,0.8382658000045922
179,L1100I3,14,14,14,9303.155,315,14,1,22,5622.073721354744,7365.155373992865,4135.073721354744,3230.081652638123,1575.0,293.0,70.0,0,1.6466675999981817
179,H8,14,14,14,9049.605,365,14,1,31,6303.749802523321,6804.604718592704,4276.749802523322,2527.8549160693815,1825.0,350.0,70.0,0,1.2432124000042677
180,L1100_C2,15,15,15,8155.666,262,15,1,19,5219.0,6523.66646310821,3960.0,2563.6664631082117,1310.0,247.0,75.0,0,1.02078329998767
180,L1100I3,15,15,15,8291.914,267,15,1,22,5406.073721354744,6639.914030165228,4135.073721354744,2504.8403088104787,1335.0,242.0,75.0,0,0.955540299997665
180,H8,15,15,15,9540.192,423,15,1,31,6447.749802523322,6946.191552729829,4276.749802523322,2669.441750206512,2115.0,404.0,75.0,0,1.377832700003637
181,L1100_C2,12,12,12,7908.055,264,12,1,19,5380.3230932401,6277.055364131019,3960.3230932401,2316.7322708909196,1320.0,251.0,60.0,0,0.8283038000226952
181,L1100I3,12,12,12,8575.156,304,12,1,22,5640.073721354744,6710.156286219687,4135.073721354744,2575.0825648649434,1520.0,285.0,60.0,0,1.2290129000029992
181,H8,12,12,12,8988.643,408,12,1,31,6579.749802523322,6496.642615810322,4276.749802523322,2219.892813287003,2040.0,392.0,60.0,0,0.8567299999995157
182,L1100_C2,12,12,12,8072.308,267,12,1,19,5369.587083867561,6433.3076453941485,3961.587083867561,2471.720561526591,1335.0,244.0,60.0,0,2.1671947999857366
182,L1100I3,12,12,12,8135.327,297,12,1,22,5802.073721354744,6302.326742114288,4135.073721354744,2167.2530207595437,1485.0,288.0,60.0,0,1.2280007000081241
182,H8,12,12,12,9181.025,424,12,1,31,6645.749802523321,6596.0246549505455,4276.749802523322,2319.2748524272274,2120.0,405.0,60.0,0,1.795941499993205
183,L1100_C2,15,15,15,8767.185,315,15,1,19,5428.849132315433,6827.184648540037,4008.849132315433,2818.3355162246053,1575.0,290.0,75.0,0,1.7080110000097193
183,L1100I3,15,15,15,9570.329,300,15,1,22,5586.073721354744,7717.3287161523285,4135.073721354744,3582.2549947975826,1500.0,278.0,75.0,0,1.2860369000118226
183,H8,15,15,15,10401.805,385,15,1,31,6327.446038319138,8040.805336454073,4319.446038319139,3721.359298134936,1925.0,361.0,75.0,0,1.3681482000101823
184,L1100_C2,16,16,16,7310.855,283,16,1,19,4681.531549083124,5539.855269653791,3358.5315490831244,2181.323720570668,1415.0,276.0,80.0,0,1.941316000011284
184,L1100I3,16,16,16,8830.904,415,16,1,22,3836.467040530234,6274.90387975498,2632.467040530234,3642.4368392247466,2075.0,401.0,80.0,0,1.7209645999828354
184,H8,16,16,16,8253.188,312,16,1,31,5721.141377603165,6311.188039897356,3972.141377603165,2339.0466622941913,1560.0,302.0,80.0,0,0.9892218000022694
185,L1100_C2,16,16,16,5622.291,184,16,1,19,2533.0,4467.29140240884,1760.0,2707.2914024088404,920.0,155.0,80.0,0,1.7589159999915864
185,L1100I3,16,16,16,7981.467,251,16,1,22,4442.073721354744,6420.467137086477,3255.0737213547436,3165.3934157317326,1255.0,226.0,80.0,0,1.5764793000125792
185,H8,16,16,16,8012.941,336,16,1,31,5315.220927692774,5940.940762100478,3528.2209276927747,2412.7198344077046,1680.0,312.0,80.0,0,1.9543077000125777
186,L1100_C2,14,14,14,8560.54,308,14,1,19,5333.0,6662.5403149359145,3960.0,2702.540314935916,1540.0,288.0,70.0,0,1.8157605000014883
186,L1100I3,14,14,14,9857.414,252,14,1,22,5376.073721354744,8298.414224559996,4135.073721354744,4163.340503205253,1260.0,229.0,70.0,0,1.3332645999907982
186,H8,14,14,14,10285.574,404,14,1,31,6429.749802523322,7823.573650084507,4276.749802523322,3546.823847561192,2020.0,372.0,70.0,0,1.6651369000028353
187,L1100_C2,14,14,14,7832.256,277,14,1,19,5351.0,6112.255699209964,3960.0,2152.255699209968,1385.0,265.0,70.0,0,1.5563865999865811
187,L1100I3,14,14,14,8979.51,238,14,1,22,5400.073721354744,7494.510006981183,4135.073721354744,3359.43628562644,1190.0,225.0,70.0,0,1.0052853999950457
187,H8,14,14,14,8562.546,360,14,1,31,6324.039803131146,6344.545571378753,4335.039803131147,2009.5057682476067,1800.0,348.0,70.0,0,0.633006199990632
188,L1100_C2,13,13,13,8302.312,274,13,1,19,5351.0,6625.312077755915,3960.0,2665.3120777559216,1370.0,242.0,65.0,0,1.7973856999888085
188,L1100I3,13,13,13,9690.697,338,13,1,22,5826.073721354744,7639.696666323674,4135.073721354744,3504.6229449689376,1690.0,296.0,65.0,0,1.746103999990737
188,H8,13,13,13,9665.335,472,13,1,31,6951.749802523322,6783.334865448911,4276.749802523322,2506.5850629255906,2360.0,457.0,65.0,0,1.0206207000010181
189,L1100_C2,16,16,16,5483.979,225,16,1,19,2622.7993259336117,4061.979023972515,1778.7993259336117,2283.179698038902,1125.0,217.0,80.0,0,1.596861900005024
189,L1100I3,16,16,16,8706.313,384,16,1,22,4402.073721354744,6331.313303902674,3035.0737213547436,3296.2395825479307,1920.0,375.0,80.0,0,1.140040999976918
189,H8,16,16,16,8288.989,379,16,1,31,5395.458758368327,5956.988869996594,3327.458758368327,2629.530111628267,1895.0,357.0,80.0,0,1.3108912000025157
190,L1100_C2,10,10,10,7071.613,283,10,1,19,5575.4510048921975,5335.612957843492,3976.4510048921975,1359.161952951298,1415.0,271.0,50.0,0,0.36630629998398945
190,L1100I3,10,10,10,8468.609,301,10,1,22,5844.073721354744,6622.609121514219,4135.073721354744,2487.5354001594765,1505.0,291.0,50.0,0,0.3700200999737717
190,H8,10,10,10,8795.722,444,10,1,31,6861.749802523321,6088.722379730748,4276.749802523322,1811.9725772074257,2220.0,437.0,50.0,0,0.4349039999942761
191,L1100_C2,15,15,15,7957.512,259,15,1,19,5357.0,6343.5116890656755,3960.0,2383.511689065679,1295.0,244.0,75.0,0,1.0660351000260562
191,L1100I3,15,15,15,9806.934,290,15,1,22,5568.073721354744,8022.933980566866,4135.073721354744,3887.8602592121233,1450.0,259.0,75.0,0,1.7131426999985706
191,H8,15,15,15,9135.3,370,15,1,31,6304.392235457902,6868.299594287446,4308.392235457903,2559.9073588295537,1850.0,342.0,75.0,0,1.8235764999990351
192,L1100_C2,10,10,10,6963.856,262,10,1,19,5459.0,5345.856107859371,3960.0,1385.8561078593716,1310.0,258.0,50.0,0,0.6062846000131685
192,L1100I3,10,10,10,8549.273,306,10,1,22,5838.073721354744,6674.27338657606,4135.073721354744,2539.199665221317,1530.0,295.0,50.0,0,0.7048987000016496
192,H8,10,10,10,8772.077,438,10,1,31,6777.749802523321,6107.07689978363,4276.749802523322,1830.327097260309,2190.0,425.0,50.0,0,0.8197018000064418
193,L1100_C2,13,13,13,7506.711,229,13,1,19,5201.0,6078.710517578801,3960.0,2118.7105175788024,1145.0,218.0,65.0,0,1.141207199980272
193,L1100I3,13,13,13,8452.205,275,13,1,22,5651.545072315331,6757.204636863699,4177.545072315332,2579.6595645483685,1375.0,255.0,65.0,0,0.9252391000045463
193,H8,13,13,13,8311.846,391,13,1,31,6592.124560764097,5903.846021812157,4314.1245607640985,1589.7214610480573,1955.0,388.0,65.0,0,0.6201517000154126
194,L1100_C2,12,12,12,8638.103,315,12,1,19,5513.0,6704.102598495541,3960.0,2744.1025984955427,1575.0,299.0,60.0,0,1.2442202000238467
194,L1100I3,12,12,12,8697.107,343,12,1,22,5856.073721354744,6588.106507847273,4135.073721354744,2453.0327864925275,1715.0,334.0,60.0,0,0.8843078999780118
194,H8,12,12,12,8682.015,421,12,1,31,6685.4889627338625,6108.01451803719,4287.488962733863,1820.5255553033296,2105.0,409.0,60.0,0,0.8367808999901172
195,L1100_C2,15,15,15,8118.912,277,15,1,19,5273.0,6399.911959747277,3960.0,2439.9119597472795,1385.0,259.0,75.0,0,1.7769046000030357
195,L1100I3,15,15,15,8500.118,239,15,1,22,5424.073721354744,7002.1177199182775,4135.073721354744,2867.0439985635344,1195.0,228.0,75.0,0,0.8517026999907102
195,H8,15,15,15,9226.978,366,15,1,31,6375.236063518857,6969.97787264015,4332.236063518858,2637.741809121294,1830.0,352.0,75.0,0,1.1557900999905542
196,L1100_C2,13,13,13,7523.467,245,13,1,19,5303.0,5998.467359552301,3960.0,2038.4673595522995,1225.0,235.0,65.0,0,1.128188400005456
196,L1100I3,13,13,13,9217.256,281,13,1,22,5631.164852118152,7489.256358275874,4157.164852118152,3332.0915061577243,1405.0,258.0,65.0,0,1.2628931000072043
196,H8,13,13,13,9447.8,433,13,1,31,6693.749802523321,6805.799686684732,4276.749802523322,2529.0498841614135,2165.0,412.0,65.0,0,0.886277199984761
197,L1100_C2,13,13,13,7676.804,272,13,1,19,5421.187835041132,5987.804160297381,3971.187835041131,2016.6163252562505,1360.0,264.0,65.0,0,0.9192385000060312
197,L1100I3,13,13,13,8595.998,309,13,1,22,5724.073721354744,6691.997571489993,4135.073721354744,2556.9238501352506,1545.0,294.0,65.0,0,0.7729655000148341
197,H8,13,13,13,8567.908,345,13,1,31,6237.749802523321,6441.9078929593725,4276.749802523322,2165.1580904360508,1725.0,336.0,65.0,0,0.8341141999990214
198,L1100_C2,11,11,11,7231.274,261,11,1,19,5496.861932766483,5616.273879892713,3999.8619327664833,1616.4119471262272,1305.0,255.0,55.0,0,0.5996921999903861
198,L1100I3,11,11,11,8580.422,308,11,1,22,5832.073721354744,6694.422327119263,4135.073721354744,2559.348605764521,1540.0,291.0,55.0,0,0.7877484999771696
198,H8,11,11,11,8552.979,429,11,1,31,6785.278134403894,5930.979215096691,4297.278134403895,1633.7010806927983,2145.0,422.0,55.0,0,0.6712254000012763
199,L1100_C2,11,11,11,8192.086,305,11,1,19,5513.0,6317.086417597376,3960.0,2357.086417597379,1525.0,295.0,55.0,0,1.2487669000111055
199,L1100I3,11,11,11,8507.923,302,11,1,22,5914.956000329499,6649.923431566927,4212.956000329499,2436.9674312374264,1510.0,293.0,55.0,0,0.705187699990347
199,H8,11,11,11,8959.787,455,11,1,31,6861.749802523321,6188.787024698446,4276.749802523322,1912.0372221751245,2275.0,441.0,55.0,0,0.9252184000215493
200,L1100_C2,16,16,16,7633.628,293,16,1,19,4559.0,5803.627860655816,3300.0,2503.6278606558176,1465.0,285.0,80.0,0,1.1574484999873675
200,L1100I3,16,16,16,6213.827,274,16,1,22,2722.073721354743,4503.8274245615385,1715.0737213547434,2788.7537032067967,1370.0,260.0,80.0,0,1.2895289000007324
200,H8,16,16,16,8942.446,385,16,1,31,5454.501791717512,6570.445959409383,3452.501791717512,3117.9441676918746,1925.0,367.0,80.0,0,0.8284928000066429
201,L1100_C2,10,10,10,8537.1,316,10,1,19,5603.0,6607.099684433219,3960.0,2647.099684433219,1580.0,300.0,50.0,0,0.6824839000182692
201,L1100I3,10,10,10,9342.321,362,10,1,22,5982.073721354744,7137.32081441208,4135.073721354744,3002.2470930573327,1810.0,345.0,50.0,0,0.49914920001174323
201,H8,10,10,10,10240.981,495,10,1,31,6993.749802523322,7256.980704725123,4276.749802523322,2980.2309022018044,2475.0,459.0,50.0,0,0.9138725000084378
202,L1100_C2,15,15,15,8110.783,238,15,1,19,5159.0,6619.782911668256,3960.0,2659.7829116682565,1190.0,226.0,75.0,0,1.4285813000169583
202,L1100I3,15,15,15,8763.862,266,15,1,22,5436.073721354744,7118.861795940548,4135.073721354744,2983.788074585808,1330.0,240.0,75.0,0,1.8556593999965116
202,H8,15,15,15,8784.365,372,15,1,31,6398.942199237414,6498.365218561409,4343.942199237415,2154.4230193239982,1860.0,351.0,75.0,0,1.3380506999965291
203,L1100_C2,10,10,10,7145.524,274,10,1,19,5570.0492866447785,5457.523502607708,3989.049286644779,1468.4742159629288,1370.0,268.0,50.0,0,0.6425030999816954
203,L1100I3,10,10,10,7753.433,302,10,1,22,5850.073721354744,5898.432566681509,4135.073721354744,1763.3588453267648,1510.0,295.0,50.0,0,0.8915546000062022
203,H8,10,10,10,9028.094,455,10,1,31,6891.749802523321,6260.0942985236015,4276.749802523322,1983.3444960002823,2275.0,443.0,50.0,0,0.7350727000157349
204,L1100_C2,15,15,15,8211.758,238,15,1,19,5201.057605886082,6732.758153419022,3973.057605886081,2759.700547532944,1190.0,214.0,75.0,0,1.9586904000025243
204,L1100I3,15,15,15,8379.381,244,15,1,22,5459.37774290609,6855.380517676998,4147.37774290609,2708.0027747709137,1220.0,229.0,75.0,0,1.2176717999973334
204,H8,15,15,15,9329.046,363,15,1,31,6321.749802523321,7084.045542735405,4276.749802523322,2807.2957402120815,1815.0,355.0,75.0,0,1.0514820999815129
205,L1100_C2,10,10,10,7403.528,277,10,1,19,5543.0,5696.528483800472,3960.0,1736.5284838004725,1385.0,272.0,50.0,0,0.7522185999841895
205,L1100I3,10,10,10,7683.193,297,10,1,22,5820.073721354744,5859.193337875211,4135.073721354744,1724.119616520467,1485.0,289.0,50.0,0,0.7205678999889642
205,H8,10,10,10,9580.651,446,10,1,31,6819.749802523321,6867.651132497921,4276.749802523322,2590.9013299746016,2230.0,433.0,50.0,0,0.6863883000041824
206,L1100_C2,10,10,10,7983.337,306,10,1,19,5633.0,6116.336638558794,3960.0,2156.3366385587956,1530.0,287.0,50.0,0,1.1127082999737468
206,L1100I3,10,10,10,8367.793,342,10,1,22,6078.073721354744,6276.793312925076,4135.073721354744,2141.7195915703333,1710.0,331.0,50.0,0,0.6213172000134364
206,H8,10,10,10,9363.004,488,10,1,31,7101.749802523322,6394.004302904447,4276.749802523322,2117.254500381125,2440.0,479.0,50.0,0,0.705724100000225
207,L1100_C2,16,16,16,7418.518,216,16,1,19,4665.428829371845,6063.517830181843,3569.428829371845,2494.0890008100023,1080.0,195.0,80.0,0,1.3189871000067797
207,L1100I3,16,16,16,7850.252,247,16,1,22,5510.787108345859,6302.251627969121,4175.787108345859,2126.464519623259,1235.0,233.0,80.0,0,1.4467538000026252
207,H8,16,16,16,9356.156,461,16,1,31,6139.592102019932,6540.155644262202,3789.592102019932,2750.5635422422706,2305.0,431.0,80.0,0,1.0745001999894157
208,L1100_C2,13,13,13,8514.625,291,13,1,19,5432.208467021352,6728.624723826905,4013.2084670213517,2715.416256805555,1455.0,266.0,65.0,0,1.360074900003383
208,L1100I3,13,13,13,9072.729,324,13,1,22,5736.073721354744,7091.729043415042,4135.073721354744,2956.6553220603037,1620.0,296.0,65.0,0,1.6169898999796715
208,H8,13,13,13,9236.287,400,13,1,31,6519.749802523321,6786.287449716487,4276.749802523322,2509.537647193165,2000.0,385.0,65.0,0,1.0276254999917
209,L1100_C2,15,14,14,7115.255,224,14,0,19,5231.133921941206,5705.255432377702,3962.1339219412052,1743.1215104364965,1120.0,220.0,70.0,0,0.811008499993477
209,L1100I3,15,15,15,7570.153,236,15,1,22,5496.978520653012,6080.152727040862,4136.978520653013,1943.1742063878473,1180.0,235.0,75.0,0,0.5709513000037987
209,H8,15,15,15,10229.654,402,15,1,31,6441.749802523321,7767.653724490735,4276.749802523322,3490.903921967418,2010.0,377.0,75.0,0,1.7691404999932274
210,L1100_C2,13,13,13,7547.45,248,13,1,19,5334.052533529006,6003.450304565151,3974.0525335290063,2029.3977710361457,1240.0,239.0,65.0,0,0.7077399000118021
210,L1100I3,13,13,13,8340.798,262,13,1,22,5484.073721354744,6728.797992160449,4135.073721354744,2593.724270805707,1310.0,237.0,65.0,0,1.274029199994402
210,H8,13,13,13,8969.606,399,13,1,31,6459.749802523322,6533.605743391494,4276.749802523322,2256.8559408681754,1995.0,376.0,65.0,0,1.6527109000016935
211,L1100_C2,11,11,11,7438.093,249,11,1,19,5393.0,5892.093448571278,3960.0,1932.093448571281,1245.0,246.0,55.0,0,0.6574256999883801
211,L1100I3,11,11,11,8796.664,318,11,1,22,5892.073721354744,6848.6635156067105,4135.073721354744,2713.5897942519705,1590.0,303.0,55.0,0,1.03181020001648
211,H8,11,11,11,9642.636,431,11,1,31,6705.749802523321,7016.636056547872,4276.749802523322,2739.8862540245495,2155.0,416.0,55.0,0,1.1798749000008684
212,L1100_C2,15,15,15,7850.885,247,15,1,19,5261.0,6311.88466963232,3960.0,2351.884669632323,1235.0,229.0,75.0,0,1.6867690999933984
212,L1100I3,15,15,15,9568.186,257,15,1,22,5387.638291436149,7994.186071836953,4177.638291436149,3816.5477804008074,1285.0,214.0,75.0,0,1.7287836000032257
212,H8,15,15,15,8680.088,325,15,1,31,5985.749802523321,6684.088425569755,4276.749802523322,2407.338623046435,1625.0,296.0,75.0,0,1.9728023000061512
213,L1100_C2,14,14,14,7858.053,254,14,1,19,5351.0,6274.052864367826,3960.0,2314.052864367824,1270.0,244.0,70.0,0,0.9939884999766946
213,L1100I3,14,14,14,7854.854,278,14,1,22,5762.12834980299,6126.854467453852,4216.12834980299,1910.7261176508623,1390.0,268.0,70.0,0,0.9874387000163551
213,H8,14,14,14,8369.488,342,14,1,31,6249.749802523321,6252.488229136593,4276.749802523322,1975.738426613272,1710.0,337.0,70.0,0,0.6332445000007283
214,L1100_C2,12,12,12,7726.91,278,12,1,19,5483.084445827757,6017.90990631951,3985.084445827756,2032.825460491756,1390.0,259.0,60.0,0,1.2698574000096414
214,L1100I3,12,12,12,8267.009,297,12,1,22,5772.073721354744,6439.0090371687165,4135.073721354744,2303.9353158139743,1485.0,283.0,60.0,0,0.7971710000128951
214,H8,12,12,12,9306.012,445,12,1,31,6831.749802523321,6583.01214034105,4276.749802523322,2306.2623378177286,2225.0,438.0,60.0,0,0.7297573999967426
215,L1100_C2,13,13,13,7983.845,317,13,1,19,5609.0,6029.844620235944,3960.0,2069.8446202359464,1585.0,304.0,65.0,0,1.0037738000100944
215,L1100I3,13,13,13,8654.997,309,13,1,22,5868.073721354744,6742.997339006852,4135.073721354744,2607.9236176521067,1545.0,302.0,65.0,0,0.6253246999986004
215,H8,13,13,13,8741.72,400,13,1,31,6531.749802523322,6287.719723745077,4276.749802523322,2010.9699212217567,2000.0,389.0,65.0,0,0.7174395000038203
216,L1100_C2,15,15,15,7782.012,256,15,1,19,5069.165805150402,6191.011519854166,3962.165805150402,2228.8457147037634,1280.0,236.0,75.0,0,1.3049129999999423
216,L1100I3,15,15,15,9956.439,302,15,1,22,5358.073721354744,8090.438926948184,4135.073721354744,3955.3652055934463,1510.0,281.0,75.0,0,1.5046585000236519
216,H8,15,15,15,8766.792,399,15,1,31,6483.749802523321,6314.791610021056,4276.749802523322,2038.0418074977388,1995.0,382.0,75.0,0,1.1460605000029318
217,L1100_C2,13,13,13,8508.842,287,13,1,19,5435.0,6751.84240692859,3960.0,2791.84240692859,1435.0,257.0,65.0,0,1.2156550000072457
217,L1100I3,13,13,13,9008.298,316,13,1,22,5748.073721354744,7061.298079081324,4135.073721354744,2926.2243577265785,1580.0,302.0,65.0,0,0.8066371999739204
217,H8,13,13,13,9031.007,416,13,1,31,6694.4905585299575,6478.00697968188,4308.4905585299575,2169.516421151923,2080.0,408.0,65.0,0,0.7675183999817818
218,L1100_C2,13,13,13,8370.011,266,13,1,19,5291.0,6727.0107875809035,3960.0,2767.010787580903,1330.0,248.0,65.0,0,0.7298936999868602
218,L1100I3,13,13,13,8229.998,254,13,1,22,5532.073721354744,6652.998030401407,4135.073721354744,2517.9243090466657,1270.0,242.0,65.0,0,0.5843679999816231
218,H8,13,13,13,9046.182,379,13,1,31,6423.749802523322,6718.182377624785,4276.749802523322,2441.432575101464,1895.0,368.0,65.0,0,0.7288244999945164
219,L1100_C2,13,13,13,7590.603,252,13,1,19,5249.0,6022.602656892025,3960.0,2062.6026568920256,1260.0,243.0,65.0,0,0.6717833000002429
219,L1100I3,13,13,13,8822.082,243,13,1,22,5466.073721354744,7309.081626317135,4135.073721354744,3174.00790496239,1215.0,233.0,65.0,0,0.4954415999818593
219,H8,13,13,13,8969.942,404,13,1,31,6531.749802523322,6496.942463036271,4276.749802523322,2220.1926605129515,2020.0,388.0,65.0,0,0.7118549000006169
220,L1100_C2,14,14,14,7844.641,237,14,1,19,5261.0,6362.640624030023,3960.0,2402.640624030024,1185.0,227.0,70.0,0,0.6525228999962565
220,L1100I3,14,14,14,8237.586,250,14,1,22,5510.272760945534,6683.5856784195175,4174.272760945534,2509.312917473986,1250.0,234.0,70.0,0,0.8445467999845278
220,H8,14,14,14,10351.503,385,14,1,31,6315.749802523321,8003.50320222693,4276.749802523322,3726.753399703611,1925.0,353.0,70.0,0,0.8611208999936935
221,L1100_C2,10,10,10,7215.735,290,10,1,19,5645.401288758203,5428.735445869004,3961.4012887582026,1467.3341571108024,1450.0,287.0,50.0,0,0.4034684000071138
221,L1100I3,10,10,10,8441.056,333,10,1,22,6006.073721354744,6404.055568058937,4135.073721354744,2268.9818467041932,1665.0,322.0,50.0,0,0.567474100011168
221,H8,10,10,10,9211.395,450,10,1,31,6855.749802523321,6472.394717163318,4276.749802523322,2195.644914639997,2250.0,439.0,50.0,0,0.5382344000099692
222,L1100_C2,15,15,15,7912.881,257,15,1,19,5152.108516968888,6307.880974045515,3960.1085169688877,2347.77245707663,1285.0,245.0,75.0,0,0.888787300005788
222,L1100I3,15,15,15,10807.104,279,15,1,22,5304.073721354744,9125.10363699893,4135.073721354744,4990.029915644197,1395.0,212.0,75.0,0,1.5123430000094231
222,H8,15,15,15,8582.378,351,15,1,31,6277.377991238798,6414.378229672175,4312.377991238798,2102.000238433378,1755.0,338.0,75.0,0,0.6276454000035301
223,L1100_C2,14,14,14,7726.278,262,14,1,19,5408.479675520167,6093.277730161277,4006.479675520167,2086.79805464111,1310.0,253.0,70.0,0,0.5315990000090096
223,L1100I3,14,14,14,9035.98,299,14,1,22,5772.073721354744,7184.980004331873,4135.073721354744,3049.90628297713,1495.0,286.0,70.0,0,0.6279645999893546
223,H8,14,14,14,9524.145,372,14,1,31,6424.6484227864175,7229.144955446947,4302.648422786418,2926.4965326605275,1860.0,365.0,70.0,0,0.38919079999323003
224,L1100_C2,13,13,13,8477.37,241,13,1,19,5242.0117229815305,6981.370364155732,3960.01172298153,3021.358641174206,1205.0,226.0,65.0,0,0.6004095000098459
224,L1100I3,13,13,13,8679.575,266,13,1,22,5514.073721354744,7036.575063401965,4135.073721354744,2901.501342047222,1330.0,248.0,65.0,0,0.4284916000033263
224,H8,13,13,13,9094.382,368,13,1,31,6309.749802523321,6839.38175506356,4276.749802523322,2562.6319525402378,1840.0,350.0,65.0,0,0.7008580999972764
225,L1100_C2,13,13,13,9006.494,330,13,1,19,5392.019917571778,6974.494184191626,3960.019917571778,3014.4742666198517,1650.0,317.0,65.0,0,0.8139014999906067
225,L1100I3,13,13,13,9397.328,300,13,1,22,5704.936296058039,7553.327942170094,4212.936296058039,3340.391646112056,1500.0,279.0,65.0,0,0.6359193000243977
225,H8,13,13,13,9874.545,435,13,1,31,6603.749802523321,7237.544714638012,4276.749802523322,2960.7949121146958,2175.0,397.0,65.0,0,1.2614752000081353
226,L1100_C2,11,11,11,7831.363,288,11,1,19,5591.3212768867925,6065.363035483072,4009.321276886792,2056.0417585962814,1440.0,271.0,55.0,0,0.5676700999902096
226,L1100I3,11,11,11,8915.335,331,11,1,22,5976.073721354744,6887.334524319342,4135.073721354744,2752.260802964599,1655.0,318.0,55.0,0,0.5210856999910902
226,H8,11,11,11,8600.568,432,11,1,31,6742.801605255664,5967.567672116221,4278.801605255665,1688.766066860557,2160.0,418.0,55.0,0,0.547768200020073
227,L1100_C2,13,13,13,7674.947,258,13,1,19,5381.0,6073.946720974996,3960.0,2113.9467209749982,1290.0,246.0,65.0,0,0.49249209999106824
227,L1100I3,13,13,13,8776.073,283,13,1,22,5574.073721354744,7039.072976763159,4135.073721354744,2903.9992554084156,1415.0,257.0,65.0,0,0.664786399982404
227,H8,13,13,13,9331.804,389,13,1,31,6351.749802523321,6962.803938567353,4276.749802523322,2686.0541360440343,1945.0,359.0,65.0,0,0.7954802000022028
228,L1100_C2,13,13,13,8398.751,301,13,1,19,5447.0,6545.751097405467,3960.0,2585.7510974054685,1505.0,283.0,65.0,0,0.5544173999805935
228,L1100I3,13,13,13,8740.795,280,13,1,22,5616.073721354744,7019.794559119997,4135.073721354744,2884.7208377652532,1400.0,256.0,65.0,0,0.6220191999746021
228,H8,13,13,13,8562.986,359,13,1,31,6377.661982584893,6352.985690698043,4316.661982584894,2036.3237081131515,1795.0,350.0,65.0,0,0.35370619999594055
229,L1100_C2,16,16,16,6525.937,337,16,1,19,2033.0,4430.936608903119,1320.0,3110.9366089031187,1685.0,330.0,80.0,0,0.7643571000080556
229,L1100I3,16,16,16,7140.139,348,16,1,22,2436.073721354743,4978.139409996317,1495.0737213547434,3483.0656886415713,1740.0,342.0,80.0,0,0.7817547000013292
229,H8,16,16,16,8128.709,363,16,1,31,5484.145176616543,5873.708846648193,3427.145176616543,2446.5636700316495,1815.0,360.0,80.0,0,0.4765432999993209
230,L1100_C2,16,16,16,6100.614,208,16,1,19,3945.0,4784.613646262286,2860.0,1924.6136462622894,1040.0,196.0,80.0,0,0.48042989999521524
230,L1100I3,16,16,16,8055.264,244,16,1,22,4300.073721354744,6528.264003350634,3035.0737213547436,3493.190281995889,1220.0,227.0,80.0,0,0.5681508999841753
230,H8,16,16,16,8318.867,344,16,1,31,5223.825807921532,6181.866603185369,3305.825807921533,2876.0407952638357,1720.0,337.0,80.0,0,0.4684726999839768
231,L1100_C2,13,13,13,7578.51,224,13,1,19,5200.902684174873,6177.510179268339,3960.9026841748732,2216.6074950934644,1120.0,216.0,65.0,0,0.4346050999884028
231,L1100I3,13,13,13,9183.886,274,13,1,22,5604.011638278306,7498.885810390928,4178.011638278306,3320.8741721126225,1370.0,250.0,65.0,0,0.506610600015847
231,H8,13,13,13,8656.114,409,13,1,31,6623.330590934991,6152.114023712756,4315.330590934992,1836.783432777764,2045.0,394.0,65.0,0,0.5478254999907222
232,L1100_C2,11,11,11,7914.554,304,11,1,19,5579.540039476393,6058.5539220233495,3963.540039476393,2095.0138825469603,1520.0,281.0,55.0,0,0.49046559998532757
232,L1100I3,11,11,11,8587.192,289,11,1,22,6296.350782857384,6810.192484141296,4678.350782857384,2131.841701283913,1445.0,277.0,55.0,0,0.4284466000099201
232,H8,11,11,11,9057.057,455,11,1,31,6825.749802523321,6292.057489606568,4276.749802523322,2015.3076870832485,2275.0,435.0,55.0,0,0.561804899974959
233,L1100_C2,16,16,16,5220.83,187,16,1,19,2925.520459576242,4027.830319542129,2027.520459576242,2000.3098599658858,935.0,178.0,80.0,0,0.5137114000099245
233,L1100I3,16,16,16,7230.421,240,16,1,22,4168.073721354744,5729.420676609212,3035.0737213547436,2694.346955254469,1200.0,221.0,80.0,0,0.4542553999926895
233,H8,16,16,16,7932.005,313,16,1,31,4993.711302749259,5985.00461113989,3278.7113027492587,2706.2933083906323,1565.0,302.0,80.0,0,0.47361289997934364
234,L1100_C2,13,13,13,8050.382,290,13,1,19,5441.0,6266.381599926568,3960.0,2306.3815999265676,1450.0,269.0,65.0,0,0.3383043999783695
234,L1100I3,13,13,13,9372.709,329,13,1,22,5791.631078298562,7352.709332402769,4137.631078298562,3215.0782541042076,1645.0,310.0,65.0,0,0.2900322000205051
234,H8,13,13,13,8765.061,382,13,1,31,6429.749802523322,6420.061346599213,4276.749802523322,2143.311544075892,1910.0,370.0,65.0,0,0.5184422000020277
235,L1100_C2,10,10,10,7480.472,284,10,1,19,5512.317154716733,5745.472062403185,3960.3171547167326,1785.154907686453,1420.0,265.0,50.0,0,0.7029160999809392
235,L1100I3,10,10,10,8410.344,306,10,1,22,5832.073721354744,6538.344264040569,4135.073721354744,2403.27054268583,1530.0,292.0,50.0,0,0.5055897999845911
235,H8,10,10,10,8875.718,447,10,1,31,6867.749802523321,6149.718065371449,4276.749802523322,1872.9682628481269,2235.0,441.0,50.0,0,0.3615492999961134
236,L1100_C2,11,11,11,7719.454,345,11,1,19,5825.626920036164,5604.454059892252,3961.626920036164,1642.827139856089,1725.0,335.0,55.0,0,0.42067490000044927
236,L1100I3,11,11,11,9072.897,357,11,1,22,6154.385358137701,6886.896634358943,4170.385358137701,2716.511276221244,1785.0,346.0,55.0,0,0.3553799999936018
236,H8,11,11,11,9446.629,440,11,1,31,6675.749802523322,6781.629238143545,4276.749802523322,2504.8794356202266,2200.0,410.0,55.0,0,0.6996466999989934
237,L1100_C2,12,12,12,7785.827,287,12,1,19,5489.916578518405,6021.827492421256,3991.916578518405,2029.9109139028526,1435.0,269.0,60.0,0,0.4123734000022523
237,L1100I3,12,12,12,8143.881,321,12,1,22,5976.073721354744,6162.8813656786515,4135.073721354744,2027.8076443239079,1605.0,316.0,60.0,0,0.3324807000171859
237,H8,12,12,12,9015.978,477,12,1,31,7075.426221189362,6097.978485877587,4287.426221189361,1810.5522646882257,2385.0,473.0,60.0,0,0.3081905999861192
238,L1100_C2,10,10,10,7290.186,318,10,1,19,5723.0,5340.186398902073,3960.0,1380.186398902072,1590.0,310.0,50.0,0,0.2499004999990575
238,L1100I3,10,10,10,7540.236,345,10,1,22,6110.732129653124,5427.23639328722,4174.7321296531245,1252.5042636340954,1725.0,338.0,50.0,0,0.21229029999813065
238,H8,10,10,10,8542.082,473,10,1,31,7026.352711044493,5664.082156145446,4280.352711044495,1383.7294451009495,2365.0,463.0,50.0,0,0.4014030999969691
239,L1100_C2,16,16,16,8427.78,249,45,1,19,3635.2728267947605,6803.780006524988,2683.2728267947605,4120.5071797302335,1245.0,212.0,167.0,29,0.7039199999999255
239,L1100I3,16,16,16,6440.454,218,16,1,22,3888.0737213547436,5067.453967285699,2815.0737213547436,2252.3802459309536,1090.0,203.0,80.0,0,0.5948275999980979
239,H8,16,16,16,8774.479,381,16,1,31,5591.220927692774,6429.479148788433,3528.2209276927747,2901.25822109566,1905.0,360.0,80.0,0,0.5882520999875851
240,L1100_C2,11,11,11,7218.779,246,11,1,19,5333.0,5697.7790008902075,3960.0,1737.7790008902089,1230.0,236.0,55.0,0,0.5156952999823261
240,L1100I3,11,11,11,9285.622,313,11,1,22,5658.073721354744,7398.62221854953,4135.073721354744,3263.5484971947944,1565.0,267.0,55.0,0,0.9379734999965876
240,H8,11,11,11,9000.018,421,11,1,31,6651.749802523321,6433.017823051139,4276.749802523322,2156.2680205278198,2105.0,407.0,55.0,0,0.6112029000069015
241,L1100_C2,15,15,15,7933.137,251,15,1,19,5231.0,6378.1365756665,3960.0,2418.136575666501,1255.0,225.0,75.0,0,0.8866961999738123
241,L1100I3,15,15,15,9682.521,319,15,1,22,5555.592248314631,7718.520560242407,4135.592248314631,3582.9283119277816,1595.0,294.0,75.0,0,1.386008799978299
241,H8,15,15,15,11055.793,418,15,1,31,6375.749802523321,8499.792604893233,4276.749802523322,4223.042802369916,2090.0,391.0,75.0,0,1.1499642000126187
242,L1100_C2,15,15,15,8489.547,278,15,1,19,5387.0,6763.547295765933,3960.0,2803.547295765936,1390.0,261.0,75.0,0,1.013651099987328
242,L1100I3,15,15,15,8922.97,276,15,1,22,5634.073721354744,7201.970058256622,4135.073721354744,3066.8963369018766,1380.0,266.0,75.0,0,0.5651609000051394
242,H8,15,15,15,9416.379,371,15,1,31,6340.284050860402,7133.378732531456,4296.284050860404,2837.094681671051,1855.0,353.0,75.0,0,0.8453719000099227
243,L1100_C2,10,10,10,7790.723,249,10,1,19,5376.573585640779,6256.722765644964,3980.5735856407796,2276.149180004185,1245.0,239.0,50.0,0,0.45223739999346435
243,L1100I3,10,10,10,7878.337,285,10,1,22,5735.520256874821,6133.336903943144,4142.520256874821,1990.816647068326,1425.0,270.0,50.0,0,0.6842058000038378
243,H8,10,10,10,9729.55,449,10,1,31,6825.749802523321,7000.549677991909,4276.749802523322,2723.799875468589,2245.0,434.0,50.0,0,0.6761698999907821
244,L1100_C2,10,10,10,7370.407,281,10,1,19,5610.752083188802,5636.407197744111,3962.7520831888023,1673.6551145553085,1405.0,279.0,50.0,0,0.1902014999941457
244,L1100I3,10,10,10,8491.17,319,10,1,22,5946.073721354744,6536.16985181482,4135.073721354744,2401.096130460076,1595.0,310.0,50.0,0,0.41604790001292713
244,H8,10,10,10,8563.091,497,10,1,31,7234.735941608253,5534.090639896234,4303.735941608255,1230.354698287978,2485.0,494.0,50.0,0,0.3972769999818411
245,L1100_C2,10,10,10,8017.833,293,10,1,19,5501.0,6238.832905796538,3960.0,2278.8329057965425,1465.0,264.0,50.0,0,0.9539641000155825
245,L1100I3,10,10,10,7679.353,303,10,1,22,5880.073721354744,5814.35281514118,4135.073721354744,1679.2790937864386,1515.0,300.0,50.0,0,0.34493920000386424
245,H8,10,10,10,8778.309,453,10,1,31,6879.749802523321,6020.3090412815345,4276.749802523322,1743.5592387582124,2265.0,443.0,50.0,0,0.4695777000160888
246,L1100_C2,10,10,10,7413.137,278,10,1,19,5543.0,5702.136554311176,3960.0,1742.136554311176,1390.0,271.0,50.0,0,0.39541490000556223
246,L1100I3,10,10,10,8095.396,296,10,1,22,5814.073721354744,6278.39646249507,4135.073721354744,2143.3227411403286,1480.0,287.0,50.0,0,0.351850499981083
246,H8,10,10,10,9479.353,443,10,1,31,6795.749802523321,6785.353164695329,4276.749802523322,2508.603362172007,2215.0,429.0,50.0,0,0.47937300000921823
247,L1100_C2,10,10,10,7721.264,276,10,1,19,5477.467002761439,6030.263904153551,3961.4670027614397,2068.79690139211,1380.0,261.0,50.0,0,0.3517610999988392
247,L1100I3,10,10,10,8551.221,323,10,1,22,5874.073721354744,6585.221147841425,4135.073721354744,2450.147426486681,1615.0,301.0,50.0,0,0.38184600000386126
247,H8,10,10,10,9245.597,462,10,1,31,6951.749802523321,6433.59681176844,4276.749802523322,2156.84700924512,2310.0,452.0,50.0,0,0.3718935999786481
248,L1100_C2,16,16,16,5182.755,198,16,1,19,1943.0,3926.7551858778975,1320.0,2606.7551858778975,990.0,186.0,80.0,0,0.9961888999969233
248,L1100I3,16,16,16,5318.527,206,16,1,22,1928.0737213547434,4020.5272682579252,1275.0737213547434,2745.4535469031803,1030.0,188.0,80.0,0,0.9996803000103682
248,H8,16,16,16,8336.447,342,16,1,31,5680.0948677868655,6222.447413415134,3804.0948677868646,2418.3525456282687,1710.0,324.0,80.0,0,0.9049707999802195
249,L1100_C2,10,10,10,6942.2,254,10,1,19,5452.497442379169,5369.199898790707,3966.497442379169,1402.70245641154,1270.0,253.0,50.0,0,0.19797809998271987
249,L1100I3,10,10,10,7143.257,284,10,1,22,5778.073721354744,5392.257136560848,4135.073721354744,1257.1834152061047,1420.0,281.0,50.0,0,0.20772579999174923
249,H8,10,10,10,9219.543,437,10,1,31,6651.749802523322,6580.543248348607,4276.749802523322,2303.7934458252907,2185.0,404.0,50.0,0,0.8628834999981336
250,L1100_C2,14,14,14,7232.411,225,14,1,19,5209.482673398334,5823.411104041499,3976.482673398333,1846.9284306431673,1125.0,214.0,70.0,0,0.69901499999105
250,L1100I3,14,14,14,8158.348,244,14,1,22,6107.660569999767,6637.348408863638,4789.660569999767,1847.6878388638672,1220.0,231.0,70.0,0,0.8318759000103455
250,H8,14,14,14,9183.519,386,14,1,31,6459.749802523321,6804.518742244104,4276.749802523322,2527.7689397207832,1930.0,379.0,70.0,0,0.7047630000161007
251,L1100_C2,10,10,10,9982.923,338,136,1,19,5489.0,7532.922941943988,3960.0,3572.9229419439907,1690.0,332.0,428.0,126,0.6805238999950234
251,L1100I3,10,10,10,8774.785,353,10,1,22,5898.073721354744,6628.785110194184,4135.073721354744,2493.7113888394415,1765.0,331.0,50.0,0,0.7192460999940522
251,H8,10,10,10,9051.444,459,10,1,31,6951.749802523321,6252.443591948845,4276.749802523322,1975.6937894255225,2295.0,454.0,50.0,0,0.3937770000193268
252,L1100_C2,16,16,16,7120.328,227,16,1,19,4415.0,5695.327540903839,3300.0,2395.3275409038374,1135.0,210.0,80.0,0,0.9086281999771018
252,L1100I3,16,16,16,6928.849,262,16,1,22,2602.0737213547436,5291.849010761532,1715.0737213547434,3576.7752894067894,1310.0,247.0,80.0,0,1.088909500016598
252,H8,16,16,16,8596.553,337,16,1,31,5665.164426503574,6513.553082628784,3926.164426503574,2587.3886561252125,1685.0,318.0,80.0,0,1.2423131999967154
253,L1100_C2,15,15,15,7570.204,220,15,1,19,5167.284311134317,6188.204407640357,3975.2843111343177,2212.920096506044,1100.0,207.0,75.0,0,0.8809427999949548
253,L1100I3,15,15,15,8703.651,280,15,1,22,5658.073721354744,6962.651466947773,4135.073721354744,2827.577745593032,1400.0,266.0,75.0,0,1.0784737000067253
253,H8,15,15,15,9255.025,437,15,1,31,6753.749802523322,6570.02485954204,4276.749802523322,2293.2750570187195,2185.0,425.0,75.0,0,1.0313443000195548
254,L1100_C2,12,12,12,7464.626,259,12,1,19,5387.0,5861.626129707434,3960.0,1901.6261297074348,1295.0,248.0,60.0,0,0.7977780000073835
254,L1100I3,12,12,12,7665.637,269,12,1,22,5562.073721354744,6011.637050029077,4135.073721354744,1876.5633286743373,1345.0,249.0,60.0,0,1.0016618999943603
254,H8,12,12,12,8095.213,363,12,1,31,6408.992285871643,5862.213468613848,4304.9922858716445,1557.2211827422043,1815.0,358.0,60.0,0,0.45013089998974465
255,L1100_C2,14,14,14,7988.872,273,14,1,19,5321.0,6299.871598371893,3960.0,2339.871598371893,1365.0,254.0,70.0,0,0.8837320000166073
255,L1100I3,14,14,14,8652.987,305,14,1,22,5628.073721354744,6779.987327189891,4135.073721354744,2644.9136058351482,1525.0,278.0,70.0,0,0.9287566999846604
255,H8,14,14,14,8582.726,336,14,1,31,6183.749802523321,6506.72561990422,4276.749802523322,2229.975817380898,1680.0,326.0,70.0,0,0.5319253000197932
256,L1100_C2,12,12,12,8157.933,285,12,1,19,5495.0,6406.932634096643,3960.0,2446.9326340966445,1425.0,266.0,60.0,0,1.1746982999902684
256,L1100I3,12,12,12,9544.322,304,12,1,22,5742.073721354744,7684.322277122932,4135.073721354744,3549.248555768192,1520.0,280.0,60.0,0,1.1742874000046868
256,H8,12,12,12,9094.114,385,12,1,31,6483.749802523321,6732.113708591622,4276.749802523322,2455.3639060683004,1925.0,377.0,60.0,0,0.4980566999875009
257,L1100_C2,10,10,10,7475.414,280,10,1,19,5578.412487512812,5748.414487582605,3960.412487512812,1788.0020000697934,1400.0,277.0,50.0,0,0.46369679999770597
257,L1100I3,10,10,10,8447.224,338,10,1,22,6018.073721354744,6384.223686046098,4135.073721354744,2249.149964691355,1690.0,323.0,50.0,0,0.6524653999949805
257,H8,10,10,10,8874.938,442,10,1,31,6866.750520865947,6176.938223425989,4276.750520865948,1900.1877025600434,2210.0,438.0,50.0,0,0.3227001999912318
258,L1100_C2,15,15,15,7570.47,241,15,1,19,5183.0,6064.470262523159,3960.0,2104.470262523163,1205.0,226.0,75.0,0,0.818333499977598
258,L1100I3,15,15,15,8703.351,281,15,1,22,5514.073721354744,6957.350847012553,4135.073721354744,2822.277125657811,1405.0,266.0,75.0,0,0.8966280999884475
258,H8,15,15,15,10093.332,415,15,1,31,6543.749802523321,7551.331694301231,4276.749802523322,3274.581891777912,2075.0,392.0,75.0,0,0.7640982999873813
259,L1100_C2,14,14,14,7477.287,246,14,1,19,5291.0,5942.287247671797,3960.0,1982.2872476717987,1230.0,235.0,70.0,0,0.6540138999989722
259,L1100I3,14,14,14,8516.612,265,14,1,22,5525.223494322159,6878.61196574013,4135.22349432216,2743.3884714179703,1325.0,243.0,70.0,0,0.5727156999928411
259,H8,14,14,14,10143.561,411,14,1,31,6465.749802523321,7642.561181591146,4276.749802523322,3365.8113790678312,2055.0,376.0,70.0,0,0.9431560999946669
260,L1100_C2,15,15,15,8061.056,296,15,1,19,5397.076757279571,6227.056263449955,3984.076757279571,2242.979506170389,1480.0,279.0,75.0,0,0.5752085999993142
260,L1100I3,15,15,15,9058.447,313,15,1,22,5784.073721354744,7129.446824810885,4135.073721354744,2994.373103456143,1565.0,289.0,75.0,0,1.0139143000124022
260,H8,15,15,15,9202.812,373,15,1,31,6351.076136495653,6911.812308820241,4313.0761364956525,2598.7361723245926,1865.0,351.0,75.0,0,0.569527499988908
261,L1100_C2,14,14,14,8327.096,289,14,1,19,5294.026119786543,6542.095770981033,3988.026119786543,2554.0696511944934,1445.0,270.0,70.0,0,0.886212199984584
261,L1100I3,14,14,14,8557.595,272,14,1,22,5550.042385331128,6871.595418869938,4160.042385331128,2711.553033538813,1360.0,256.0,70.0,0,0.4718427000043448
261,H8,14,14,14,8602.108,389,14,1,31,6525.749802523322,6200.108022197682,4276.749802523322,1923.3582196743596,1945.0,387.0,70.0,0,0.35477209999226034
262,L1100_C2,15,15,15,7377.956,237,15,1,19,5285.0,5883.956497166061,3960.0,1923.9564971660611,1185.0,234.0,75.0,0,0.44842979998793453
262,L1100I3,15,15,15,8497.644,292,15,1,22,5664.073721354744,6694.644007773495,4135.073721354744,2559.5702864187547,1460.0,268.0,75.0,0,0.6133983999898192
262,H8,15,15,15,8658.01,363,15,1,31,6398.030965329764,6414.010023704948,4324.0309653297645,2089.9790583751837,1815.0,354.0,75.0,0,0.39040050000767224
263,L1100_C2,14,14,14,7426.375,235,14,1,19,5231.0,5957.375034210697,3960.0,1997.3750342106973,1175.0,224.0,70.0,0,0.6260495000169612
263,L1100I3,14,14,14,8916.146,233,14,1,22,5334.073721354744,7467.145535990147,4135.073721354744,3332.0718146354075,1165.0,214.0,70.0,0,0.638536499987822
263,H8,14,14,14,7961.561,327,14,1,31,6197.3865925017035,5937.56138409336,4334.386592501705,1603.1747915916553,1635.0,319.0,70.0,0,0.34428759998991154
264,L1100_C2,15,15,15,7750.76,232,15,1,19,5168.263777814054,6298.75954107507,3994.2637778140547,2304.4957632610167,1160.0,217.0,75.0,0,0.3681981999834534
264,L1100I3,15,15,15,8192.908,263,15,1,22,5340.073721354744,6554.907519535175,4135.073721354744,2419.8337981804325,1315.0,248.0,75.0,0,0.705387800000608
264,H8,15,15,15,9275.028,338,15,1,31,6081.749802523321,7195.028079494716,4276.749802523322,2918.2782769713976,1690.0,315.0,75.0,0,0.7258606000104919
265,L1100_C2,15,15,15,8329.936,250,15,1,19,5272.001394333742,6779.935700408297,3985.0013943337412,2794.934306074558,1250.0,225.0,75.0,0,0.7721201000094879
265,L1100I3,15,15,15,9658.576,271,15,1,22,5546.169143894823,7980.576255901311,4138.169143894823,3842.4071120064905,1355.0,248.0,75.0,0,0.7379953000054229
265,H8,15,15,15,9309.185,364,15,1,31,6215.001221380845,7083.185315402468,4297.001221380846,2786.1840940216275,1820.0,331.0,75.0,0,0.7852439999987837
266,L1100_C2,10,10,10,7535.513,285,10,1,19,5591.0,5780.512616842538,3960.0,1820.5126168425384,1425.0,280.0,50.0,0,0.3257212000025902
266,L1100I3,10,10,10,8814.8,322,10,1,22,5934.073721354744,6845.800414618428,4135.073721354744,2710.726693263683,1610.0,309.0,50.0,0,0.41949620001832955
266,H8,10,10,10,9670.82,496,10,1,31,7149.749802523322,6652.820034820235,4276.749802523322,2376.070232296917,2480.0,488.0,50.0,0,0.3284198000037577
267,L1100_C2,14,14,14,7512.004,219,14,1,19,5116.457398419502,6144.0037963045625,3960.457398419502,2183.546397885061,1095.0,203.0,70.0,0,0.6479317999910563
267,L1100I3,14,14,14,8740.501,260,14,1,22,5497.090810630571,7131.500875822834,4137.090810630571,2994.4100651922668,1300.0,239.0,70.0,0,0.7411097000003792
267,H8,14,14,14,9416.125,475,14,1,31,6876.236485404262,6513.125439872216,4286.236485404263,2226.8889544679537,2375.0,458.0,70.0,0,0.6078816000081133
268,L1100_C2,12,12,12,8963.457,386,12,1,19,5788.718183184741,6592.45672644987,3960.718183184741,2631.738543265127,1930.0,381.0,60.0,0,0.3833438000001479
268,L1100I3,12,12,12,8860.851,362,12,1,22,5874.073721354744,6643.851243391286,4135.073721354744,2508.7775220365447,1810.0,347.0,60.0,0,0.8321919000009075
268,H8,12,12,12,8359.281,384,12,1,31,6520.960205997538,6001.28120353083,4290.96020599754,1710.3209975332927,1920.0,378.0,60.0,0,0.3057390000030864
269,L1100_C2,11,11,11,7867.919,298,11,1,19,5519.0,6053.91861860249,3960.0,2093.9186186024917,1490.0,269.0,55.0,0,0.5624001999967732
269,L1100I3,11,11,11,8274.079,323,11,1,22,5971.624361171406,6299.078850009252,4179.624361171407,2119.4544888378473,1615.0,305.0,55.0,0,0.3387486000137869
269,H8,11,11,11,9238.428,479,11,1,31,7029.867865884629,6321.428376995498,4277.86786588463,2043.5605111108691,2395.0,467.0,55.0,0,0.5066538999963086
270,L1100_C2,15,15,15,7803.439,242,15,1,19,5273.0,6286.43904700843,3960.0,2326.4390470084327,1210.0,232.0,75.0,0,0.5802065000170842
270,L1100I3,15,15,15,9174.716,286,15,1,22,5562.073721354744,7416.716488755002,4135.073721354744,3281.642767400262,1430.0,253.0,75.0,0,0.8741208999999799
270,H8,15,15,15,8934.785,391,15,1,31,6473.894201283011,6531.784952592526,4309.894201283012,2221.890751309515,1955.0,373.0,75.0,0,0.7613347000151407
271,L1100_C2,16,16,16,6565.686,230,16,1,19,3075.0,5125.686395171988,2200.0,2925.6863951719897,1150.0,210.0,80.0,0,0.845345300011104
271,L1100I3,16,16,16,8102.867,261,16,1,22,4114.073721354744,6472.86669087166,3035.0737213547436,3437.792969516918,1305.0,245.0,80.0,0,0.8375736000016332
271,H8,16,16,16,9257.174,362,16,1,31,5353.52623411811,7020.1736172875935,3555.52623411811,3464.6473831694852,1810.0,347.0,80.0,0,0.6783934000122827
272,L1100_C2,13,13,13,7803.551,282,13,1,19,5567.0,6053.5506421991595,3960.0,2093.550642199159,1410.0,275.0,65.0,0,0.27067610001540743
272,L1100I3,13,13,13,8317.888,268,13,1,22,5673.5467315151855,6654.887944218694,4181.5467315151855,2473.3412127035094,1340.0,258.0,65.0,0,0.3190877999877557
272,H8,13,13,13,9622.673,391,13,1,31,6375.749802523321,7240.673316093747,4276.749802523322,2963.923513570427,1955.0,362.0,65.0,0,0.6813992999959737
273,L1100_C2,10,10,10,8231.052,324,10,1,19,5675.0,6260.051813092026,3960.0,2300.0518130920295,1620.0,301.0,50.0,0,0.5297473999962676
273,L1100I3,10,10,10,8101.128,316,10,1,22,5952.073721354744,6160.127762226061,4135.073721354744,2025.0540408713182,1580.0,311.0,50.0,0,0.23947259999113157
273,H8,10,10,10,9623.848,470,10,1,31,6849.749802523321,6785.848229956227,4276.749802523322,2509.098427432909,2350.0,438.0,50.0,0,0.7447840000095312
274,L1100_C2,11,11,11,7885.915,316,11,1,19,5585.0,5942.915418059859,3960.0,1982.915418059861,1580.0,308.0,55.0,0,0.5579801000130828
274,L1100I3,11,11,11,8008.988,335,11,1,22,6024.073721354744,5952.987786470639,4135.073721354744,1817.914065115897,1675.0,326.0,55.0,0,0.3867894999857526
274,H8,11,11,11,9499.205,442,11,1,31,6751.32438346528,6816.204758790481,4281.324383465281,2534.880375325203,2210.0,418.0,55.0,0,0.5915415000054054
275,L1100_C2,15,15,15,7755.003,297,15,1,19,5431.132432232021,5903.002672385934,4000.13243223202,1902.8702401539135,1485.0,292.0,75.0,0,0.5509047000086866
275,L1100I3,15,15,15,9427.328,297,15,1,22,5604.073721354744,7596.328252946431,4135.073721354744,3461.254531591692,1485.0,271.0,75.0,0,0.7907125999918208
275,H8,15,15,15,8089.924,285,15,1,31,5965.377611259584,6307.924348073139,4317.377611259585,1990.546736813552,1425.0,282.0,75.0,0,0.27412819999153726
276,L1100_C2,13,13,13,7399.76,217,13,1,19,5195.0,6034.759679655637,3960.0,2074.7596796556372,1085.0,215.0,65.0,0,0.31022959999972954
276,L1100I3,13,13,13,8658.942,271,13,1,22,5657.120371333698,6972.942335947506,4135.120371333699,2837.8219646138045,1355.0,266.0,65.0,0,0.3059775000147056
276,H8,13,13,13,10125.206,468,13,1,31,6837.749802523321,7281.205932165195,4276.749802523322,3004.4561296418765,2340.0,439.0,65.0,0,0.7589588999981061
277,L1100_C2,16,16,16,6437.286,244,16,1,19,2858.0355515139217,4925.286256253565,1984.0355515139217,2941.2507047396502,1220.0,212.0,80.0,0,0.6117160000139847
277,L1100I3,16,16,16,7628.227,281,16,1,22,3996.1622712590374,5883.226734545567,2864.162271259038,3019.0644632865287,1405.0,260.0,80.0,0,0.994486700015841
277,H8,16,16,16,8808.941,367,16,1,31,4885.711302749259,6548.9406871079,3278.7113027492587,3270.229384358643,1835.0,345.0,80.0,0,0.8835700000054203
278,L1100_C2,10,10,10,8098.208,363,10,1,19,5728.556340665018,5871.207606419032,3961.556340665019,1909.6512657540109,1815.0,362.0,50.0,0,0.35487570002442226
278,L1100I3,10,10,10,8555.367,347,10,1,22,5976.455299691857,6431.366575477144,4184.455299691857,2246.9112757852845,1735.0,339.0,50.0,0,0.35965280001983047
278,H8,10,10,10,8832.917,430,10,1,31,6783.749802523321,6208.917330482647,4276.749802523322,1932.1675279593248,2150.0,424.0,50.0,0,0.30196899999282323
279,L1100_C2,11,11,11,7716.039,278,11,1,19,5556.613296114759,6000.0391996294,3968.6132961147587,2031.4259035146404,1390.0,271.0,55.0,0,0.44588740001199767
279,L1100I3,11,11,11,8242.633,332,11,1,22,6036.073721354744,6201.633227054081,4135.073721354744,2066.5595056993393,1660.0,326.0,55.0,0,0.44365380000090227
279,H8,11,11,11,9397.652,448,11,1,31,6807.749802523321,6672.65236184174,4276.749802523322,2395.9025593184188,2240.0,430.0,55.0,0,0.43604569998569787
280,L1100_C2,14,14,14,8619.15,305,14,1,19,5381.0,6739.1503918243225,3960.0,2779.150391824324,1525.0,285.0,70.0,0,0.9156770999834407
280,L1100I3,14,14,14,8048.908,242,14,1,22,5454.073721354744,6535.9081586636075,4135.073721354744,2400.8344373088644,1210.0,233.0,70.0,0,0.549310800008243
280,H8,14,14,14,8972.44,406,14,1,31,6577.369924830693,6483.440410897151,4317.369924830692,2166.0704860664573,2030.0,389.0,70.0,0,0.43332729997928254
281,L1100_C2,15,15,15,7626.422,236,15,1,19,5093.0,6148.421796125982,3960.0,2188.421796125983,1180.0,223.0,75.0,0,0.7042392000148539
281,L1100I3,15,15,15,7891.86,209,15,1,22,5329.190052826596,6576.85958516046,4216.190052826596,2360.6695323338627,1045.0,195.0,75.0,0,0.38673060000292026
281,H8,15,15,15,9309.268,389,15,1,31,6483.749802523321,6908.267932705749,4276.749802523322,2631.518130182429,1945.0,381.0,75.0,0,0.5237845999945421
282,L1100_C2,15,15,15,9087.219,335,15,1,19,5396.444497292299,7022.219176573731,3964.444497292299,3057.774679281438,1675.0,315.0,75.0,0,1.1125533000158612
282,L1100I3,15,15,15,8928.795,326,15,1,22,5855.068556456737,6924.795410544898,4213.068556456737,2711.726854088164,1630.0,299.0,75.0,0,0.8470517000241671
282,H8,15,15,15,8928.7,363,15,1,31,6237.749802523321,6700.699537416343,4276.749802523322,2423.9497348930277,1815.0,338.0,75.0,0,0.8512788999942131
283,L1100_C2,15,15,15,8016.568,251,15,1,19,5263.9518016577285,6459.5677984108215,3975.9518016577285,2483.6159967530957,1255.0,227.0,75.0,0,0.8376160000043456
283,L1100I3,15,15,15,9037.93,258,15,1,22,5436.073721354744,7441.929578196119,4135.073721354744,3306.8558568413755,1290.0,231.0,75.0,0,0.7468138000112958
283,H8,15,15,15,9660.569,356,15,1,31,6039.749802523321,7496.569065074657,4276.749802523322,3219.819262551344,1780.0,309.0,75.0,0,1.1900038000021596
284,L1100_C2,10,10,10,8109.064,305,10,1,19,5621.0,6245.064243146186,3960.0,2285.0642431461897,1525.0,289.0,50.0,0,0.5740079000242986
284,L1100I3,10,10,10,8502.15,360,10,1,22,6066.073721354744,6307.149646212076,4135.073721354744,2172.0759248573313,1800.0,345.0,50.0,0,0.386730099999113
284,H8,10,10,10,9568.117,480,10,1,31,7099.175414364582,6647.117005269834,4311.175414364581,2335.941590905253,2400.0,471.0,50.0,0,0.2616076999984216
285,L1100_C2,11,11,11,8031.098,305,11,1,19,5477.0,6163.098090612993,3960.0,2203.0980906129926,1525.0,288.0,55.0,0,0.6338754000025801
285,L1100I3,11,11,11,9573.876,365,11,1,22,5874.073721354744,7342.876470549432,4135.073721354744,3207.8027491946928,1825.0,351.0,55.0,0,0.6258289999968838
285,H8,11,11,11,9161.53,431,11,1,31,6741.749802523321,6530.529688918033,4276.749802523322,2253.7798863947123,2155.0,421.0,55.0,0,0.4127112000132911
286,L1100_C2,11,11,11,7791.462,278,11,1,19,5369.0,6086.462180175975,3960.0,2126.4621801759745,1390.0,260.0,55.0,0,0.40153979999013245
286,L1100I3,11,11,11,8179.676,284,11,1,22,5634.073721354744,6442.676181123601,4135.073721354744,2307.60245976886,1420.0,262.0,55.0,0,0.437949099985417
286,H8,11,11,11,8344.229,423,11,1,31,6804.23609923445,5758.229295489375,4341.236099234451,1416.9931962549233,2115.0,416.0,55.0,0,0.3671600999950897
287,L1100_C2,16,16,16,4730.173,191,16,1,19,1371.0,3512.1733375378844,880.0,2632.1733375378844,955.0,183.0,80.0,0,0.6077245000051335
287,L1100I3,16,16,16,5124.808,181,16,1,22,1552.0442328128458,3974.8084985607156,977.044232812846,2997.7642657478696,905.0,165.0,80.0,0,0.7969558000040706
287,H8,16,16,16,7902.851,339,16,1,31,5207.220927692774,5806.851338056558,3528.2209276927747,2278.6304103637835,1695.0,321.0,80.0,0,0.674569299997529
288,L1100_C2,11,11,11,8369.264,318,11,1,19,5536.34557402726,6426.264181012871,3960.34557402726,2465.9186069856096,1590.0,298.0,55.0,0,0.5852532999997493
288,L1100I3,11,11,11,8786.837,367,11,1,22,5928.073721354744,6554.836929188029,4135.073721354744,2419.763207833288,1835.0,342.0,55.0,0,0.5882181000197306
288,H8,11,11,11,8800.293,487,11,1,31,7095.749802523322,5831.292677922887,4276.749802523322,1554.5428753995677,2435.0,479.0,55.0,0,0.3457200999837369
289,L1100_C2,16,16,16,8054.034,363,16,1,19,3957.0,5803.033861564705,2860.0,2943.0338615647074,1815.0,356.0,80.0,0,0.7919117000128608
289,L1100I3,16,16,16,8036.555,297,16,1,22,4923.877769486993,6189.555103587297,3647.877769486993,2541.677334100306,1485.0,282.0,80.0,0,0.7220357999904081
289,H8,16,16,16,8404.45,338,16,1,31,4813.711302749259,6309.450170672226,3278.7113027492587,3030.7388679229653,1690.0,325.0,80.0,0,0.9445789000019431
290,L1100_C2,11,11,11,7491.206,275,11,1,19,5489.0,5796.2055954666885,3960.0,1836.2055954666907,1375.0,265.0,55.0,0,0.5575353000022005
290,L1100I3,11,11,11,8301.839,323,11,1,22,5970.906558942873,6327.838796949627,4184.906558942872,2142.9322380067592,1615.0,304.0,55.0,0,0.3633710000140127
290,H8,11,11,11,8622.121,401,11,1,31,6603.749802523321,6166.121402552405,4276.749802523322,1889.3716000290822,2005.0,396.0,55.0,0,0.3050218000134919
291,L1100_C2,14,14,14,7176.307,228,14,1,19,5249.0,5741.3070055852895,3960.0,1781.3070055852875,1140.0,225.0,70.0,0,0.40714279998792335
291,L1100I3,14,14,14,7911.49,258,14,1,22,5562.073721354744,6300.489532632148,4135.073721354744,2165.4158112774053,1290.0,251.0,70.0,0,0.4542661000159569
291,H8,14,14,14,9309.66,399,14,1,31,6537.749802523321,6855.659501762681,4276.749802523322,2578.90969923936,1995.0,389.0,70.0,0,0.4793579000106547
292,L1100_C2,12,12,12,7808.472,297,12,1,19,5531.0,5975.471899323013,3960.0,2015.4718993230122,1485.0,288.0,60.0,0,0.5564869999943767
292,L1100I3,12,12,12,9833.264,379,12,1,22,5958.073721354744,7515.264050334405,4135.073721354744,3380.1903289796605,1895.0,363.0,60.0,0,0.6474171000008937
292,H8,12,12,12,9193.99,433,12,1,31,6777.57909346329,6549.990320671598,4319.5790934632905,2230.411227208308,2165.0,419.0,60.0,0,0.4869366000057198
293,L1100_C2,10,10,10,8086.994,307,10,1,19,5561.0,6213.99428193482,3960.0,2253.994281934822,1535.0,288.0,50.0,0,0.38164799998048693
293,L1100I3,10,10,10,8715.586,360,10,1,22,6006.073721354744,6530.58613797464,4135.073721354744,2395.512416619898,1800.0,335.0,50.0,0,0.48841109999921173
293,H8,10,10,10,8727.03,443,10,1,31,6855.749802523321,6024.029679203074,4276.749802523322,1747.2798766797525,2215.0,438.0,50.0,0,0.2321282000048086
294,L1100_C2,13,13,13,8126.928,264,13,1,19,5370.917153466091,6501.928416789345,3998.9171534660913,2503.0112633232566,1320.0,240.0,65.0,0,0.5630806999979541
294,L1100I3,13,13,13,8786.31,257,13,1,22,6250.0616018762485,7183.310092737044,4771.0616018762485,2412.2484908607944,1285.0,253.0,65.0,0,0.16556270001456141
294,H8,13,13,13,8729.417,352,13,1,31,6267.749802523321,6561.417367031853,4276.749802523322,2284.6675645085315,1760.0,343.0,65.0,0,0.4196624000032898
295,L1100_C2,13,13,13,8414.493,286,13,1,19,5411.0,6650.492946158049,3960.0,2690.4929461580487,1430.0,269.0,65.0,0,0.6546209999942221
295,L1100I3,13,13,13,9108.795,339,13,1,22,5814.073721354744,7028.795324814071,4135.073721354744,2893.721603459328,1695.0,320.0,65.0,0,0.5550013000029139
295,H8,13,13,13,9397.13,421,13,1,31,6633.749802523321,6825.129685826739,4276.749802523322,2548.3798833034175,2105.0,402.0,65.0,0,0.651615100010531
296,L1100_C2,14,14,14,8607.707,312,14,1,19,5323.856658986641,6688.707404527333,4005.8566589866414,2682.850745540695,1560.0,289.0,70.0,0,0.6995712999778334
296,L1100I3,14,14,14,9405.119,293,14,1,22,5636.167344047413,7601.118597511525,4174.167344047413,3426.9512534641117,1465.0,269.0,70.0,0,0.4729509000026155
296,H8,14,14,14,8965.844,380,14,1,31,6417.749802523321,6627.8439998662525,4276.749802523322,2351.094197342935,1900.0,368.0,70.0,0,0.4946164000139106
297,L1100_C2,11,11,11,7811.87,305,11,1,19,5681.0,5935.869639589145,3960.0,1975.869639589146,1525.0,296.0,55.0,0,0.3021378999983426
297,L1100I3,11,11,11,8192.519,337,11,1,22,5892.073721354744,6132.518712264623,4135.073721354744,1997.4449909098819,1685.0,320.0,55.0,0,0.42538349999813363
297,H8,11,11,11,9607.781,467,11,1,31,6887.070063233239,6775.781423578626,4291.07006323324,2484.711360345393,2335.0,442.0,55.0,0,0.6721545000036713
298,L1100_C2,10,10,10,7220.234,268,10,1,19,5478.094185853877,5571.233563409478,3962.094185853877,1609.1393775556023,1340.0,259.0,50.0,0,0.3245769999921322
298,L1100I3,10,10,10,8378.694,299,10,1,22,5796.073721354744,6546.694499511944,4135.073721354744,2411.620778157202,1495.0,287.0,50.0,0,0.3306752000062261
298,H8,10,10,10,8884.158,416,10,1,31,6651.749802523321,6349.158394223929,4276.749802523322,2072.4085917006073,2080.0,405.0,50.0,0,0.40295879999757744
299,L1100_C2,15,15,15,7450.104,208,15,1,19,5075.0,6140.103915448906,3960.0,2180.1039154489094,1040.0,195.0,75.0,0,0.632449099997757
299,L1100I3,15,15,15,8204.571,225,15,1,22,5286.913879698681,6803.571180056235,4154.913879698681,2648.657300357559,1125.0,201.0,75.0,0,0.7671635000151582
299,H8,15,15,15,9245.537,390,15,1,31,6333.749802523321,6863.537317903725,4276.749802523322,2586.787515380411,1950.0,357.0,75.0,0,1.0256079999962822
300,L1100_C2,11,11,11,8308.482,293,11,1,19,5525.0,6516.4817475343,3960.0,2556.4817475343007,1465.0,272.0,55.0,0,0.437458800006425
300,L1100I3,11,11,11,8429.721,331,11,1,22,5858.222475980903,6408.721053539657,4180.222475980903,2228.498577558754,1655.0,311.0,55.0,0,0.4522333999921102
300,H8,11,11,11,8992.686,427,11,1,31,6699.749802523321,6390.685613719195,4276.749802523322,2113.9358111958754,2135.0,412.0,55.0,0,0.4585984000004828
301,L1100_C2,12,12,12,8083.463,326,12,1,19,5561.0,6081.462573584188,3960.0,2121.4625735841882,1630.0,312.0,60.0,0,0.5354728999955114
301,L1100I3,12,12,12,9058.323,371,12,1,22,6191.791582982,6785.323316880888,4220.791582982,2564.5317338988852,1855.0,358.0,60.0,0,0.30537050002021715
301,H8,12,12,12,8870.03,437,12,1,31,6777.749802523322,6198.029582887181,4276.749802523322,1921.2797803638612,2185.0,427.0,60.0,0,0.4196687999938149
302,L1100_C2,12,12,12,7344.781,253,12,1,19,5439.118252598762,5769.781097252742,3983.1182525987624,1786.6628446539796,1265.0,250.0,60.0,0,0.26851100000203587
302,L1100I3,12,12,12,8971.425,302,12,1,22,5748.073721354744,7122.4254312671665,4135.073721354744,2987.351709912425,1510.0,279.0,60.0,0,0.44843760001822375
302,H8,12,12,12,9828.465,450,12,1,31,6853.9921116231135,7093.464735127777,4342.992111623114,2750.472623504664,2250.0,425.0,60.0,0,0.3601556000066921
303,L1100_C2,12,12,12,7093.966,237,12,1,19,5285.0,5618.965877439818,3960.0,1658.96587743982,1185.0,230.0,60.0,0,0.4265789999917615
303,L1100I3,12,12,12,8612.327,288,12,1,22,5649.319540604104,6848.327121444333,4139.319540604104,2709.00758084023,1440.0,264.0,60.0,0,0.5664925999881234
303,H8,12,12,12,8655.633,428,12,1,31,6711.749802523321,6038.632595227705,4276.749802523322,1761.8827927043828,2140.0,417.0,60.0,0,0.4648964999942109
304,L1100_C2,12,12,12,7963.352,262,12,1,19,5369.0,6348.352122378183,3960.0,2388.3521223781854,1310.0,245.0,60.0,0,0.6141140999970958
304,L1100I3,12,12,12,8664.63,279,12,1,22,5663.075821670802,6944.629702603368,4135.075821670802,2809.553880932569,1395.0,265.0,60.0,0,0.5368016999855172
304,H8,12,12,12,8853.467,453,12,1,31,6873.749802523321,6082.467240126353,4276.749802523322,1805.71743760303,2265.0,446.0,60.0,0,0.30692410000483505
305,L1100_C2,12,12,12,7566.66,275,12,1,19,5447.0,5860.660462987944,3960.0,1900.6604629879434,1375.0,271.0,60.0,0,0.27792990001034923
305,L1100I3,12,12,12,8084.699,291,12,1,22,5658.073721354744,6286.698548668133,4135.073721354744,2151.6248273133892,1455.0,283.0,60.0,0,0.32820210000500083
305,H8,12,12,12,9205.577,409,12,1,31,6555.749802523322,6711.577361763242,4276.749802523322,2434.8275592399236,2045.0,389.0,60.0,0,0.5146078999969177
306,L1100_C2,10,10,10,8201.866,310,10,1,19,5614.897884235219,6300.866428389784,4008.897884235219,2291.9685441545657,1550.0,301.0,50.0,0,0.23514040000736713
306,L1100I3,10,10,10,8012.728,310,10,1,22,5886.073721354744,6113.727763041197,4135.073721354744,1978.6540416864518,1550.0,299.0,50.0,0,0.22078350000083447
306,H8,10,10,10,8750.135,458,10,1,31,6943.655743028377,5961.1345079065095,4281.655743028378,1679.4787648781303,2290.0,449.0,50.0,0,0.312120100017637
307,L1100_C2,16,16,16,7710.584,216,16,1,19,4716.396951233284,6370.583766513917,3740.3969512332837,2630.186815280637,1080.0,180.0,80.0,0,1.1684264999930747
307,L1100I3,16,16,16,9212.53,208,16,1,22,4916.073721354744,7907.530318944549,3915.0737213547436,3992.456597589805,1040.0,185.0,80.0,0,0.6609721999848261
307,H8,16,16,16,8490.739,355,16,1,31,4618.656066667242,6310.738713051648,3071.656066667242,3239.0826463844073,1775.0,325.0,80.0,0,1.1211425999936182
308,L1100_C2,16,16,16,6944.366,179,16,1,19,2961.0,5808.366173856809,2200.0,3608.36617385681,895.0,161.0,80.0,0,0.8300811999943107
308,L1100I3,16,16,16,7501.826,196,16,1,22,3202.0737213547436,6271.82614409218,2375.0737213547436,3896.7524227374415,980.0,170.0,80.0,0,0.5373280999774579
308,H8,16,16,16,8329.717,335,16,1,31,5662.810346482379,6251.717223050754,3792.810346482379,2458.9068765683764,1675.0,323.0,80.0,0,0.5074832000245806
309,L1100_C2,13,13,13,7778.706,266,13,1,19,5285.0,6128.706261083735,3960.0,2168.706261083734,1330.0,255.0,65.0,0,0.5075329000246711
309,L1100I3,13,13,13,8314.036,312,13,1,22,5670.073721354744,6389.036239802238,4135.073721354744,2253.9625184474967,1560.0,300.0,65.0,0,0.4037585000041872
309,H8,13,13,13,9505.858,421,13,1,31,6600.970512678623,6946.857698523129,4322.970512678624,2623.8871858445086,2105.0,389.0,65.0,0,0.7902085999958217
310,L1100_C2,13,13,13,7386.463,255,13,1,19,5291.0,5802.46289581762,3960.0,1842.462895817621,1275.0,244.0,65.0,0,0.3697188000078313
310,L1100I3,13,13,13,7622.828,276,13,1,22,5634.073721354744,5913.828280652997,4135.073721354744,1778.7545592982544,1380.0,264.0,65.0,0,0.5116784000128973
310,H8,13,13,13,8574.137,375,13,1,31,6405.749802523322,6267.137130792692,4276.749802523322,1990.3873282693717,1875.0,367.0,65.0,0,0.49710700000287034
311,L1100_C2,15,15,15,7206.779,225,15,1,19,5243.662852539175,5787.779387498909,3980.6628525391748,1807.1165349597359,1125.0,219.0,75.0,0,0.439096599991899
311,L1100I3,15,15,15,8312.849,266,15,1,22,5604.073721354744,6649.849290115583,4135.073721354744,2514.7755687608396,1330.0,258.0,75.0,0,0.5334646999835968
311,H8,15,15,15,8722.045,342,15,1,31,6218.474854589316,6605.044930342214,4300.474854589316,2304.5700757528953,1710.0,332.0,75.0,0,0.45256499998504296
312,L1100_C2,12,12,12,8053.674,281,12,1,19,5515.825421906295,6322.673856221126,3963.8254219062956,2358.848434314831,1405.0,266.0,60.0,0,0.5853812999848742
312,L1100I3,12,12,12,9014.114,319,12,1,22,5808.073721354744,7070.113721196011,4135.073721354744,2935.0399998412686,1595.0,289.0,60.0,0,0.720250299986219
312,H8,12,12,12,8869.634,453,12,1,31,6960.471982370871,6095.634389367647,4316.471982370872,1779.1624069967759,2265.0,449.0,60.0,0,0.3761545000015758
313,L1100_C2,14,14,14,7686.175,258,14,1,19,5369.0,6078.174714224876,3960.0,2118.1747142248773,1290.0,248.0,70.0,0,0.7018596999987494
313,L1100I3,14,14,14,9046.696,292,14,1,22,5706.073721354744,7239.695772823765,4135.073721354744,3104.6220514690203,1460.0,277.0,70.0,0,0.6723750999954063
313,H8,14,14,14,9453.345,411,14,1,31,6567.749802523321,6931.345319761514,4276.749802523322,2654.5955172381928,2055.0,397.0,70.0,0,0.5754032999975607
314,L1100_C2,14,14,14,8611.017,296,14,1,19,5219.0,6790.0169281491835,3960.0,2830.0169281491853,1480.0,271.0,70.0,0,0.8575615999870934
314,L1100I3,14,14,14,8409.682,235,14,1,22,5418.422273385991,6940.68189568237,4136.4222733859915,2804.2596222963807,1175.0,224.0,70.0,0,0.40134659997420385
314,H8,14,14,14,9153.873,394,14,1,31,6501.749802523322,6733.873072660557,4276.749802523322,2457.123270137237,1970.0,380.0,70.0,0,0.5270042999763973
315,L1100_C2,14,14,14,7511.251,232,14,1,19,5261.0,6054.251289291382,3960.0,2094.251289291385,1160.0,227.0,70.0,0,0.41160339998896234
315,L1100I3,14,14,14,8879.292,275,14,1,22,5610.073721354744,7175.292073247062,4135.073721354744,3040.2183518923184,1375.0,259.0,70.0,0,0.41985929998918436
315,H8,14,14,14,8866.361,372,14,1,31,6333.749802523321,6583.360624423853,4276.749802523322,2306.6108219005355,1860.0,353.0,70.0,0,0.48979740001959726
316,L1100_C2,16,16,16,5959.382,257,16,1,19,2556.248974021503,4345.382219301842,1766.248974021503,2579.13324528034,1285.0,249.0,80.0,0,0.7000770999875385
316,L1100I3,16,16,16,7663.075,243,16,1,22,4279.461478919211,6145.075074629085,3045.461478919211,3099.613595709873,1215.0,223.0,80.0,0,0.6521955000062007
316,H8,16,16,16,7867.693,336,16,1,31,5140.733064393615,5791.692663481749,3306.7330643936148,2484.959599088138,1680.0,316.0,80.0,0,0.6854816000268329
317,L1100_C2,13,13,13,7825.591,266,13,1,19,5339.0,6179.591080426422,3960.0,2219.5910804264236,1330.0,251.0,65.0,0,0.38090969997574575
317,L1100I3,13,13,13,7991.102,295,13,1,22,5796.754774845017,6167.102442659884,4166.754774845017,2000.3476678148693,1475.0,284.0,65.0,0,0.4685783999739215
317,H8,13,13,13,10172.637,466,13,1,31,6717.749802523321,7358.637069320144,4276.749802523322,3081.887266796832,2330.0,419.0,65.0,0,1.0641510999994352
318,L1100_C2,12,12,12,7524.267,251,12,1,19,5344.179926957709,5970.267477900991,3960.1799269577086,2010.0875509432856,1255.0,239.0,60.0,0,0.6484524000261445
318,L1100I3,12,12,12,8418.617,282,12,1,22,5730.073721354744,6672.6170958722305,4135.073721354744,2537.543374517486,1410.0,276.0,60.0,0,0.3133279000176117
318,H8,12,12,12,11337.815,498,12,1,31,6945.822848524678,8332.814845764995,4283.822848524679,4048.991997240321,2490.0,455.0,60.0,0,0.5667420999961905
319,L1100_C2,15,15,15,8114.839,263,15,1,19,5213.0,6487.839039737268,3960.0,2527.839039737269,1315.0,237.0,75.0,0,0.8350772999983747
319,L1100I3,15,15,15,9154.878,313,15,1,22,5790.073721354744,7222.87838480694,4135.073721354744,3087.8046634521966,1565.0,292.0,75.0,0,0.656283499993151
319,H8,15,15,15,8942.583,421,15,1,31,6680.011098271561,6354.583423800887,4283.011098271562,2071.5723255293274,2105.0,408.0,75.0,0,0.46616459998767823
320,L1100_C2,11,11,11,7875.861,301,11,1,19,5633.0,6017.8606931669065,3960.0,2057.8606931669083,1505.0,298.0,55.0,0,0.3692968000250403
320,L1100I3,11,11,11,8543.005,347,11,1,22,6030.073721354744,6411.005462291049,4135.073721354744,2275.9317409363052,1735.0,342.0,55.0,0,0.26117800001520663
320,H8,11,11,11,10106.193,473,11,1,31,6903.749802523321,7239.193309899183,4276.749802523322,2962.443507375866,2365.0,447.0,55.0,0,0.4649797999882139
321,L1100_C2,13,13,13,8224.965,281,13,1,19,5405.7584598938665,6494.9652575492755,4016.758459893867,2478.206797655411,1405.0,260.0,65.0,0,0.7073144000023603
321,L1100I3,13,13,13,9257.874,299,13,1,22,5544.073721354744,7419.873666543392,4135.073721354744,3284.799945188653,1495.0,278.0,65.0,0,0.6741641999979038
321,H8,13,13,13,9287.071,398,13,1,31,6591.9064602452545,6841.070514355572,4319.9064602452545,2521.1640541103175,1990.0,391.0,65.0,0,0.29748280000058
322,L1100_C2,15,15,15,7951.183,256,15,1,19,5189.0,6358.183041335417,3960.0,2398.183041335415,1280.0,238.0,75.0,0,0.5581854000047315
322,L1100I3,15,15,15,8053.427,229,15,1,22,5364.073721354744,6615.4265767409515,4135.073721354744,2480.35285538621,1145.0,218.0,75.0,0,0.5636458999942988
322,H8,15,15,15,9264.077,330,15,1,31,6057.749802523321,7228.0774741256555,4276.749802523322,2951.3276716023347,1650.0,311.0,75.0,0,0.9083922999852803
323,L1100_C2,16,16,16,8185.094,223,16,1,19,4897.0,6782.09434917063,3740.0,3042.094349170636,1115.0,208.0,80.0,0,0.6303363000042737
323,L1100I3,16,16,16,8613.716,265,16,1,22,5342.073721354744,6955.715655000179,3915.0737213547436,3040.6419336454355,1325.0,253.0,80.0,0,0.4714518999971915
323,H8,16,16,16,8204.202,376,16,1,31,5642.229464596396,5895.201557480714,3606.229464596396,2288.972092884319,1880.0,349.0,80.0,0,0.6904092000040691
324,L1100_C2,10,10,10,7965.961,288,10,1,19,5567.0,6200.96092921503,3960.0,2240.960929215033,1440.0,275.0,50.0,0,0.546310400008224
324,L1100I3,10,10,10,7990.278,309,10,1,22,5944.066523162888,6093.27790341428,4158.066523162888,1935.2113802513927,1545.0,302.0,50.0,0,0.18021869999938644
324,H8,10,10,10,8910.992,435,10,1,31,6729.403329336997,6274.991737279267,4307.403329336998,1967.5884079422744,2175.0,411.0,50.0,0,0.7575540000107139
325,L1100_C2,13,13,13,8001.347,284,13,1,19,5440.816976240907,6257.346986483871,4002.816976240907,2254.5300102429683,1420.0,259.0,65.0,0,0.6666263999941293
325,L1100I3,13,13,13,9206.396,313,13,1,22,5729.606901324147,7285.396009327058,4177.606901324147,3107.789108002909,1565.0,291.0,65.0,0,0.47479539999039844
325,H8,13,13,13,9708.879,478,13,1,31,6681.555491593135,6803.878830123995,4277.555491593136,2526.3233385308577,2390.0,450.0,65.0,0,0.7655007000139449
326,L1100_C2,14,14,14,7377.747,230,14,1,19,5225.0,5934.747337095283,3960.0,1974.7473370952816,1150.0,223.0,70.0,0,0.4744109000021126
326,L1100I3,14,14,14,8557.152,276,14,1,22,5693.58719409104,6836.152290805175,4135.58719409104,2700.5650967141364,1380.0,271.0,70.0,0,0.34972779999952763
326,H8,14,14,14,8744.276,391,14,1,31,6608.14981384309,6335.276240121811,4349.14981384309,1986.1264262787215,1955.0,384.0,70.0,0,0.32817479997174814
327,L1100_C2,13,13,13,8634.712,336,13,1,19,5618.349081037785,6563.712142193414,3970.3490810377853,2593.363061155628,1680.0,326.0,65.0,0,0.2898777000082191
327,L1100I3,13,13,13,9219.669,382,13,1,22,5826.073721354744,6872.6692116502045,4135.073721354744,2737.595490295463,1910.0,372.0,65.0,0,0.7536661000049207
327,H8,13,13,13,9880.834,394,13,1,31,6399.749802523321,7479.8338976617015,4276.749802523322,3203.0840951383825,1970.0,366.0,65.0,0,0.6905010000045877
328,L1100_C2,11,11,11,7115.676,275,11,1,19,5540.391615607576,5421.676083703413,4006.3916156075757,1415.2844680958392,1375.0,264.0,55.0,0,0.5006755000213161
328,L1100I3,11,11,11,8127.382,301,11,1,22,5810.329713737849,6279.381976273064,4138.329713737849,2141.0522625352164,1505.0,288.0,55.0,0,0.36011839998536743
328,H8,11,11,11,8720.801,412,11,1,31,6567.749802523322,6213.801021053123,4276.749802523322,1937.0512185298046,2060.0,392.0,55.0,0,0.5905369000101928
329,L1100_C2,15,15,15,7995.36,264,15,1,19,5345.0,6348.3595289469595,3960.0,2388.3595289469577,1320.0,252.0,75.0,0,0.751207199995406
329,L1100I3,15,15,15,8104.829,299,15,1,22,5826.073721354744,6242.829050151564,4135.073721354744,2107.755328796822,1495.0,292.0,75.0,0,0.3865003999962937
329,H8,15,15,15,8460.204,389,15,1,31,6574.88045328997,6056.203779841978,4309.880453289971,1746.3233265520048,1945.0,384.0,75.0,0,0.3343206999998074
330,L1100_C2,12,12,12,7767.899,275,12,1,19,5509.040572196289,6070.898885725037,3993.0405721962893,2077.85831352875,1375.0,262.0,60.0,0,0.6234493999800179
330,L1100I3,12,12,12,9224.377,344,12,1,22,5772.073721354744,7119.376949404064,4135.073721354744,2984.303228049322,1720.0,325.0,60.0,0,0.574159600015264
330,H8,12,12,12,10091.17,470,12,1,31,6881.351259259122,7239.1698670536725,4285.351259259122,2953.8186077945543,2350.0,442.0,60.0,0,0.7965541000012308
331,L1100_C2,16,16,16,7141.502,254,16,1,19,4529.0,5554.502172481822,3300.0,2254.502172481826,1270.0,237.0,80.0,0,0.612859999993816
331,L1100I3,16,16,16,7184.143,310,16,1,22,3192.0737213547436,5256.143200456988,2155.0737213547436,3101.06947910224,1550.0,298.0,80.0,0,0.6997784999839496
331,H8,16,16,16,7239.136,280,16,1,31,4825.711302749259,5485.136177433694,3278.7113027492587,2206.424874684435,1400.0,274.0,80.0,0,0.5360021000087727
332,L1100_C2,15,15,15,8143.313,252,15,1,19,5361.74925371107,6580.3128212167485,4181.74925371107,2398.563567505683,1260.0,228.0,75.0,0,0.8903356999799144
332,L1100I3,15,15,15,7947.219,210,15,1,22,5274.073721354744,6619.219105285902,4135.073721354744,2484.1453839311603,1050.0,203.0,75.0,0,0.44429650000529364
332,H8,15,15,15,7943.436,298,15,1,31,5975.278393430897,6084.435694541484,4285.278393430898,1799.1573011105845,1490.0,294.0,75.0,0,0.4153701000032015
333,L1100_C2,11,11,11,7137.135,268,11,1,19,5465.0,5481.134645727503,3960.0,1521.1346457275024,1340.0,261.0,55.0,0,0.41682910002418794
333,L1100I3,11,11,11,7402.961,278,11,1,22,5706.073721354744,5686.960624731621,4135.073721354744,1551.8869033768779,1390.0,271.0,55.0,0,0.2874541000055615
333,H8,11,11,11,8502.439,378,11,1,31,6378.725099479477,6200.438775728729,4286.725099479479,1913.7136762492528,1890.0,357.0,55.0,0,0.38575200000195764
334,L1100_C2,10,10,10,8290.914,320,10,1,19,5453.0,6340.913734567586,3960.0,2380.9137345675886,1600.0,300.0,50.0,0,0.8670299999939743
334,L1100I3,10,10,10,8117.519,333,10,1,22,5748.073721354744,6088.519254360799,4135.073721354744,1953.445533006057,1665.0,314.0,50.0,0,0.5976966999878641
334,H8,10,10,10,8221.549,407,10,1,31,6561.749802523321,5747.549116735728,4276.749802523322,1470.79931421241,2035.0,389.0,50.0,0,0.6377463000244461
335,L1100_C2,16,16,16,6842.797,222,16,1,19,4439.0,5449.797330288065,3300.0,2149.7973302880655,1110.0,203.0,80.0,0,0.785418599989498
335,L1100I3,16,16,16,7089.999,289,16,1,22,3552.801588381414,5288.998734879077,2414.801588381414,2874.197146497662,1445.0,276.0,80.0,0,0.5100814000179525
335,H8,16,16,16,8084.139,336,16,1,31,5582.73055263629,6008.139068756209,3777.7305526362898,2230.408516119919,1680.0,316.0,80.0,0,0.6129080000100657
336,L1100_C2,15,15,15,8464.021,285,15,1,19,5435.0,6695.021252721323,3960.0,2735.0212527213243,1425.0,269.0,75.0,0,0.5162067000055686
336,L1100I3,15,15,15,9164.733,314,15,1,22,5778.073721354744,7219.733274838595,4135.073721354744,3084.6595534838507,1570.0,300.0,75.0,0,0.43957380001666024
336,H8,15,15,15,8832.513,404,15,1,31,6567.260933872918,6347.5128047722455,4289.260933872919,2058.251870899328,2020.0,390.0,75.0,0,0.5396981000085361
337,L1100_C2,16,16,16,7071.948,229,16,1,19,4385.0,5632.947985853598,3300.0,2332.9479858536,1145.0,214.0,80.0,0,0.5131120999867562
337,L1100I3,16,16,16,7355.603,244,16,1,22,2608.0737213547436,5839.603208787041,1715.0737213547434,4124.529487432297,1220.0,216.0,80.0,0,0.8200504000124056
337,H8,16,16,16,8294.464,377,16,1,31,4071.6368167802116,5960.463858588744,2572.6368167802116,3387.8270418085353,1885.0,369.0,80.0,0,0.8767953999922611
338,L1100_C2,11,11,11,7514.008,275,11,1,19,5541.625978414995,5820.008385500256,3995.625978414995,1824.382407085263,1375.0,264.0,55.0,0,0.4758166999963578
338,L1100I3,11,11,11,7849.055,278,11,1,22,5783.482855608781,6130.0545258082275,4183.482855608782,1946.5716701994463,1390.0,274.0,55.0,0,0.25091520001296885
338,H8,11,11,11,9653.285,421,11,1,31,6633.1242945998465,7097.284971038532,4301.124294599847,2796.160676438687,2105.0,396.0,55.0,0,0.4253809000074398
339,L1100_C2,11,11,11,7337.323,269,11,1,19,5471.875598893167,5680.323141765292,3961.875598893167,1718.4475428721253,1345.0,257.0,55.0,0,0.4393839999975171
339,L1100I3,11,11,11,8158.826,303,11,1,22,5850.073721354744,6293.825985592206,4135.073721354744,2158.752264237465,1515.0,295.0,55.0,0,0.29798350000055507
339,H8,11,11,11,8567.037,417,11,1,31,6675.749802523321,6018.036614031537,4276.749802523322,1741.286811508215,2085.0,409.0,55.0,0,0.4451186999795027
340,L1100_C2,13,13,13,7786.269,256,13,1,19,5368.165880256459,6197.268844259227,3960.165880256459,2237.10296400277,1280.0,244.0,65.0,0,0.6174581999948714
340,L1100I3,13,13,13,8904.348,296,13,1,22,5730.073721354744,7082.348156581261,4135.073721354744,2947.2744352265167,1480.0,277.0,65.0,0,0.7298927000083495
340,H8,13,13,13,9681.252,421,13,1,31,6639.749802523321,7104.25180249417,4276.749802523322,2827.5019999708506,2105.0,407.0,65.0,0,0.5640017999976408
341,L1100_C2,16,16,16,7285.569,220,16,1,19,4965.913968760687,5894.569407299858,3767.9139687606867,2126.6554385391737,1100.0,211.0,80.0,0,0.5852631000161637
341,L1100I3,16,16,16,7743.539,231,16,1,22,5168.602049166546,6286.53910479195,3916.602049166546,2369.937055625406,1155.0,222.0,80.0,0,0.605814599985024
341,H8,16,16,16,10357.373,387,16,1,31,6012.240177579806,7988.372905392432,4027.2401775798057,3961.1327278126328,1935.0,354.0,80.0,0,0.9701304000045639
342,L1100_C2,14,14,14,7347.759,233,14,1,19,5274.933751249038,5886.758996661856,3962.933751249039,1923.8252454128167,1165.0,226.0,70.0,0,0.38894219999201596
342,L1100I3,14,14,14,8723.687,255,14,1,22,5566.005791460087,7132.687091552661,4164.0057914600875,2968.6813000925727,1275.0,246.0,70.0,0,0.36457510001491755
342,H8,14,14,14,9275.063,405,14,1,31,6513.749802523321,6796.062718528489,4276.749802523322,2519.3129160051676,2025.0,384.0,70.0,0,0.6529072000121232
343,L1100_C2,11,11,11,7594.041,291,11,1,19,5609.0,5800.04110132449,3960.0,1840.041101324491,1455.0,284.0,55.0,0,0.43249740000464953
343,L1100I3,11,11,11,8446.261,358,11,1,22,6018.073721354744,6261.2612329117,4135.073721354744,2126.1875115569565,1790.0,340.0,55.0,0,0.5012825000158045
343,H8,11,11,11,8585.993,428,11,1,31,6816.28817174863,5967.992961405905,4322.288171748631,1645.7047896572758,2140.0,423.0,55.0,0,0.3938322000030894
344,L1100_C2,10,10,10,8398.426,346,10,1,19,5675.0,6283.425786868398,3960.0,2323.4257868684026,1730.0,335.0,50.0,0,0.5442160000093281
344,L1100I3,10,10,10,8127.714,295,10,1,22,5803.0210388407995,6318.714382447086,4137.0210388407995,2181.693343606286,1475.0,284.0,50.0,0,0.31728560000192374
344,H8,10,10,10,8660.436,406,10,1,31,6633.749802523322,6181.436004445035,4276.749802523322,1904.686201921714,2030.0,399.0,50.0,0,0.21425509999971837
345,L1100_C2,12,12,12,7663.975,280,12,1,19,5536.38669599877,5930.974649154388,3996.38669599877,1934.5879531556184,1400.0,273.0,60.0,0,0.413113600021461
345,L1100I3,12,12,12,8738.019,284,12,1,22,5717.028658021459,6989.019351115143,4171.028658021459,2817.9906930936872,1420.0,269.0,60.0,0,0.5345149000058882
345,H8,12,12,12,8597.095,380,12,1,31,6423.749802523321,6272.095092827483,4276.749802523322,1995.3452903041605,1900.0,365.0,60.0,0,0.6348295999923721
346,L1100_C2,16,16,16,8963.556,325,16,1,19,5125.0,6938.555501927555,3740.0,3198.5555019275553,1625.0,320.0,80.0,0,0.6308285999984946
346,L1100I3,16,16,16,8754.556,315,16,1,22,5116.073721354744,6800.556043785949,3695.0737213547436,3105.482322431207,1575.0,299.0,80.0,0,0.5506005000206642
346,H8,16,16,16,9072.781,382,16,1,31,5400.145176616543,6719.7810769950265,3427.145176616543,3292.6359003784864,1910.0,363.0,80.0,0,0.8478462999919429
347,L1100_C2,15,15,15,7870.441,261,15,1,19,5260.375775533291,6251.441128799433,3960.375775533291,2291.0653532661427,1305.0,239.0,75.0,0,0.6724728000117466
347,L1100I3,15,15,15,9191.0,315,15,1,22,5682.073721354744,7248.000440238488,4135.073721354744,3112.9267188837457,1575.0,293.0,75.0,0,0.8486793999909423
347,H8,15,15,15,9819.457,446,15,1,31,6705.112725967118,7103.457446242248,4313.112725967119,2790.344720275135,2230.0,411.0,75.0,0,1.1325759000028484
348,L1100_C2,11,11,11,8107.876,308,11,1,19,5579.0,6228.87641630079,3960.0,2268.876416300791,1540.0,284.0,55.0,0,0.3986596000031568
348,L1100I3,11,11,11,8134.158,313,11,1,22,5922.073721354744,6208.158010559674,4135.073721354744,2073.0842892049322,1565.0,306.0,55.0,0,0.47574550000717863
348,H8,11,11,11,9651.58,452,11,1,31,6735.749802523321,6916.5799016559295,4276.749802523322,2639.8300991326046,2260.0,420.0,55.0,0,0.6943695999798365
349,L1100_C2,16,16,16,7273.631,247,16,1,19,4280.210419744825,5718.630554832048,3124.2104197448252,2594.420135087223,1235.0,240.0,80.0,0,0.7862112000002526
349,L1100I3,16,16,16,6018.844,211,16,1,22,3518.4830470235174,4690.843852806583,2470.4830470235174,2220.3608057830656,1055.0,193.0,80.0,0,0.6429410999990068
349,H8,16,16,16,7916.676,273,16,1,31,4304.409224769125,6226.676495919729,2968.4092247691265,3258.267271150606,1365.0,245.0,80.0,0,0.6671307999931742
350,L1100_C2,13,13,13,7310.319,242,13,1,19,5327.0,5798.319002799425,3960.0,1838.319002799426,1210.0,237.0,65.0,0,0.38598250001086853
350,L1100I3,13,13,13,8501.025,254,13,1,22,5538.073721354744,6921.02543744187,4135.073721354744,2785.9517160871274,1270.0,245.0,65.0,0,0.32400600000983104
350,H8,13,13,13,8990.94,421,13,1,31,6646.3755181168435,6422.93978220755,4314.375518116844,2108.5642640907054,2105.0,398.0,65.0,0,0.6805884000204969
351,L1100_C2,11,11,11,7842.236,271,11,1,19,5476.4865563566555,6171.236366640655,3960.4865563566555,2210.7498102840013,1355.0,261.0,55.0,0,0.4500218999746721
351,L1100I3,11,11,11,8984.145,305,11,1,22,5802.073721354744,7115.14532095898,4135.073721354744,2980.0715996042372,1525.0,289.0,55.0,0,0.4904386999842245
351,H8,11,11,11,9525.832,448,11,1,31,6867.749802523321,6789.8320563253665,4276.749802523322,2513.0822538020484,2240.0,441.0,55.0,0,0.2929170000134036
352,L1100_C2,10,10,10,7570.23,300,10,1,19,5645.0,5733.23042168751,3960.0,1773.2304216875116,1500.0,287.0,50.0,0,0.31717870000284165
352,L1100I3,10,10,10,7783.952,319,10,1,22,5978.801920603732,5829.951940004731,4156.8019206037325,1673.1500194009993,1595.0,309.0,50.0,0,0.3195838999818079
352,H8,10,10,10,8839.756,447,10,1,31,6861.749802523321,6115.756074186465,4276.749802523322,1839.0062716631437,2235.0,439.0,50.0,0,0.3705323000031058
353,L1100_C2,15,15,15,8099.966,281,15,1,19,5241.007174310252,6357.9663129772125,3983.0071743102517,2374.959138666962,1405.0,262.0,75.0,0,0.614508400001796
353,L1100I3,15,15,15,8220.095,282,15,1,22,5664.073721354744,6468.094993303262,4135.073721354744,2333.02127194852,1410.0,267.0,75.0,0,0.6788293000136036
353,H8,15,15,15,9342.682,398,15,1,31,6465.749802523321,6898.68157249326,4276.749802523322,2621.931769969942,1990.0,379.0,75.0,0,0.6474494000140112
354,L1100_C2,12,12,12,8061.977,273,12,1,19,5447.0,6379.9771622970475,3960.0,2419.97716229705,1365.0,257.0,60.0,0,0.5880745000031311
354,L1100I3,12,12,12,8522.504,295,12,1,22,5784.073721354744,6701.5038633927,4135.073721354744,2566.4301420379593,1475.0,286.0,60.0,0,0.31431579997297376
354,H8,12,12,12,8856.561,383,12,1,31,6447.749802523321,6509.561032750158,4276.749802523322,2232.8112302268364,1915.0,372.0,60.0,0,0.5039737999904901
355,L1100_C2,15,15,15,8075.226,239,15,1,19,5168.891606060717,6597.226448614032,4007.8916060607175,2589.33484255332,1195.0,208.0,75.0,0,0.6744791999808513
355,L1100I3,15,15,15,9272.004,236,15,1,22,5410.494485148723,7800.004326758355,4182.494485148723,3617.5098416096366,1180.0,217.0,75.0,0,0.42261469998629764
355,H8,15,15,15,8820.345,331,15,1,31,5973.749802523321,6794.345087940514,4276.749802523322,2517.5952854171965,1655.0,296.0,75.0,0,0.9207725999876857
356,L1100_C2,10,10,10,7968.129,294,10,1,19,5527.969307517278,6182.128505917546,3975.969307517278,2206.159198400271,1470.0,266.0,50.0,0,0.8553835999919102
356,L1100I3,10,10,10,8837.073,312,10,1,22,5807.493701339552,6941.072807972857,4147.493701339552,2793.5791066333077,1560.0,286.0,50.0,0,0.6665515000058804
356,H8,10,10,10,8553.061,408,10,1,31,6621.749802523321,6063.060818427178,4276.749802523322,1786.311015903856,2040.0,400.0,50.0,0,0.3699076999910176
357,L1100_C2,13,13,13,7850.846,276,13,1,19,5423.0,6149.846401410859,3960.0,2189.846401410862,1380.0,256.0,65.0,0,0.45569860000978224
357,L1100I3,13,13,13,8175.509,306,13,1,22,5806.576436162669,6293.50945185834,4146.576436162669,2146.933015695671,1530.0,287.0,65.0,0,0.28805639999336563
357,H8,13,13,13,8810.896,388,13,1,31,6501.749802523322,6424.896270214779,4276.749802523322,2148.1464676914593,1940.0,381.0,65.0,0,0.38267170000472106
358,L1100_C2,13,13,13,7581.268,243,13,1,19,5345.35807973836,6065.267734111258,3985.3580797383606,2079.909654372896,1215.0,236.0,65.0,0,0.49177059999783523
358,L1100I3,13,13,13,8507.002,267,13,1,22,5616.073721354744,6848.001899064965,4135.073721354744,2712.928177710221,1335.0,259.0,65.0,0,0.4927587000129279
358,H8,13,13,13,9597.109,420,13,1,31,6594.74139952522,7040.108998711217,4304.741399525221,2735.367599185996,2100.0,392.0,65.0,0,0.615057600021828
359,L1100_C2,14,14,14,8105.685,316,14,1,19,5507.0,6147.6852502529155,3960.0,2187.685250252919,1580.0,308.0,70.0,0,0.5750742999953218
359,L1100I3,14,14,14,8439.623,335,14,1,22,5790.073721354744,6372.623418461918,4135.073721354744,2237.5496971071775,1675.0,322.0,70.0,0,0.6425377000123262
359,H8,14,14,14,9581.081,446,14,1,31,6770.87411837316,6855.081350186572,4282.874118373161,2572.2072318134133,2230.0,426.0,70.0,0,0.5990757999825291
360,L1100_C2,13,13,13,7543.535,233,13,1,19,5279.0,6084.535081751193,3960.0,2124.5350817511917,1165.0,229.0,65.0,0,0.34855749999405816
360,L1100I3,13,13,13,7424.445,227,13,1,22,5430.073721354744,5999.444978564053,4135.073721354744,1864.3712572093095,1135.0,225.0,65.0,0,0.2518942999886349
360,H8,13,13,13,8335.176,369,13,1,31,6493.570149843226,6062.1756942014035,4354.570149843226,1707.605544358178,1845.0,363.0,65.0,0,0.31226170001900755
361,L1100_C2,15,15,15,7955.021,271,15,1,19,5509.640986166217,6258.020645900546,3987.640986166217,2270.379659734329,1355.0,267.0,75.0,0,0.34406100001069717
361,L1100I3,15,15,15,9469.306,326,15,1,22,5730.073721354744,7453.3064145920025,4135.073721354744,3318.2326932372594,1630.0,311.0,75.0,0,0.5518555000016931
361,H8,15,15,15,9730.366,359,15,1,31,6232.959536351384,7528.365975913493,4314.959536351385,3213.4064395621067,1795.0,332.0,75.0,0,0.7120456999982707
362,L1100_C2,16,16,16,8768.609,306,16,1,19,5119.990239594217,6870.608631778454,3753.9902395942177,3116.618392184236,1530.0,288.0,80.0,0,0.6593883000023197
362,L1100I3,16,16,16,9386.495,344,16,1,22,5044.073721354744,7260.494651289681,3695.0737213547436,3565.420929934937,1720.0,326.0,80.0,0,0.6006862999929581
362,H8,16,16,16,9503.329,324,16,1,31,5272.296678769006,7512.328865977597,3629.296678769006,3883.032187208592,1620.0,291.0,80.0,0,0.7607245999970473
363,L1100_C2,10,10,10,7071.107,267,10,1,19,5441.0,5430.106507723695,3960.0,1470.1065077236944,1335.0,256.0,50.0,0,0.41163389998837374
363,L1100I3,10,10,10,8121.364,300,10,1,22,5808.073721354744,6282.364302116813,4135.073721354744,2147.290580762072,1500.0,289.0,50.0,0,0.23039650000282563
363,H8,10,10,10,9095.482,473,10,1,31,6951.749802523321,6226.482310737128,4276.749802523322,1949.7325082138088,2365.0,454.0,50.0,0,0.35311470000306144
364,L1100_C2,10,10,10,7944.168,290,10,1,19,5594.494987655343,6170.167507676619,3976.494987655343,2193.672520021275,1450.0,274.0,50.0,0,0.1550881000002846
364,L1100I3,10,10,10,8674.585,362,10,1,22,6078.073721354744,6469.5845854178115,4135.073721354744,2334.5108640630674,1810.0,345.0,50.0,0,0.2708534999983385
364,H8,10,10,10,9162.001,475,10,1,31,7059.749802523322,6266.000517887665,4276.749802523322,1989.250715364344,2375.0,471.0,50.0,0,0.2730011999956332
365,L1100_C2,15,15,15,8346.2,306,15,1,19,5369.0,6458.200378534362,3960.0,2498.200378534362,1530.0,283.0,75.0,0,0.9177766999928281
365,L1100I3,15,15,15,8793.499,308,15,1,22,5762.373488835325,6891.498879585358,4168.373488835324,2723.1253907500336,1540.0,287.0,75.0,0,0.67545959999552
365,H8,15,15,15,8525.702,360,15,1,31,6321.749802523322,6295.701732177058,4276.749802523322,2018.9519296537362,1800.0,355.0,75.0,0,0.44924929999979213
366,L1100_C2,15,15,15,9463.069,324,15,1,19,5321.0,7478.068750549742,3960.0,3518.0687505497467,1620.0,290.0,75.0,0,1.0834146999986842
366,L1100I3,15,15,15,8774.014,310,15,1,22,5568.073721354744,6858.013587501161,4135.073721354744,2722.9398661464215,1550.0,291.0,75.0,0,0.8311545999895316
366,H8,15,15,15,9004.837,417,15,1,31,6624.525421142323,6448.836642887425,4305.5254211423235,2143.311221745102,2085.0,396.0,75.0,0,0.7696074000268709
367,L1100_C2,11,11,11,7638.865,297,11,1,19,5538.5325125900745,5814.864594693346,3998.532512590074,1816.3320821032703,1485.0,284.0,55.0,0,0.4548019999929238
367,L1100I3,11,11,11,9248.432,339,11,1,22,5844.073721354744,7172.432315279925,4135.073721354744,3037.358593925181,1695.0,326.0,55.0,0,0.43493239997769706
367,H8,11,11,11,9100.085,413,11,1,31,6626.902953353989,6582.085254954044,4282.90295335399,2299.182301600053,2065.0,398.0,55.0,0,0.36137940001208335
368,L1100_C2,15,15,15,8736.398,272,15,1,19,5123.0,7055.3975014775815,3960.0,3095.397501477583,1360.0,246.0,75.0,0,0.8154069999873172
368,L1100I3,15,15,15,8779.111,296,15,1,22,5526.073721354744,6954.111233367058,4135.073721354744,2819.0375120123126,1480.0,270.0,75.0,0,0.612624200002756
368,H8,15,15,15,9840.813,431,15,1,31,6723.749802523321,7189.812781025599,4276.749802523322,2913.062978502275,2155.0,421.0,75.0,0,0.5281271999992896
369,L1100_C2,12,12,12,7216.025,244,12,1,19,5388.869950883866,5699.024667162652,4005.8699508838663,1693.1547162787838,1220.0,237.0,60.0,0,0.32790319999912754
369,L1100I3,12,12,12,8892.246,328,12,1,22,5892.073721354744,6888.246221980109,4135.073721354744,2753.1725006253664,1640.0,304.0,60.0,0,0.47369650000473484
369,H8,12,12,12,9243.034,443,12,1,31,6867.958054987034,6535.03365799049,4319.958054987035,2215.0756030034536,2215.0,433.0,60.0,0,0.3871484999835957
370,L1100_C2,11,11,11,7177.232,238,11,1,19,5285.0,5702.232085648496,3960.0,1742.232085648496,1190.0,230.0,55.0,0,0.42001709999749437
370,L1100I3,11,11,11,7773.844,266,11,1,22,5621.672244819078,6133.843956714599,4153.672244819078,1980.1717118955225,1330.0,255.0,55.0,0,0.30278629998792894
370,H8,11,11,11,8615.19,395,11,1,31,6594.373601807061,6194.190457501422,4292.373601807062,1901.8168556943601,1975.0,391.0,55.0,0,0.21812830000999384
371,L1100_C2,10,10,10,7712.823,300,10,1,19,5621.0,5874.8231559971455,3960.0,1914.8231559971443,1500.0,288.0,50.0,0,0.2627158999966923
371,L1100I3,10,10,10,7434.62,293,10,1,22,5796.073721354744,5635.620017082524,4135.073721354744,1500.5462957277807,1465.0,284.0,50.0,0,0.24537899999995716
371,H8,10,10,10,8540.677,439,10,1,31,6837.749802523321,5861.677349028936,4276.749802523322,1584.9275465056146,2195.0,434.0,50.0,0,0.24195419999887235
372,L1100_C2,15,15,15,8853.76,280,15,1,19,5309.0,7141.7596980045355,3960.0,3181.759698004536,1400.0,237.0,75.0,0,0.7031645000097342
372,L1100I3,15,15,15,8781.443,257,15,1,22,5496.073721354744,7182.442874296741,4135.073721354744,3047.369152942,1285.0,239.0,75.0,0,0.5882199000043329
372,H8,15,15,15,9466.239,388,15,1,31,6528.753498211697,7073.239173105808,4310.753498211699,2762.4856748941093,1940.0,378.0,75.0,0,0.40121309997630306
373,L1100_C2,13,13,13,7178.666,216,13,1,19,5177.0,5818.665681463656,3960.0,1858.6656814636565,1080.0,215.0,65.0,0,0.38530849997187033
373,L1100I3,13,13,13,8114.725,246,13,1,22,5535.777334378523,6586.725079692095,4182.777334378523,2403.9477453135737,1230.0,233.0,65.0,0,0.3391522000019904
373,H8,13,13,13,8383.401,375,13,1,31,6475.640563036386,6071.4013246383765,4287.640563036388,1783.760761601989,1875.0,372.0,65.0,0,0.24975319998338819
374,L1100_C2,16,16,16,7230.482,307,16,1,19,3153.0,5322.482140985476,2200.0,3122.482140985474,1535.0,293.0,80.0,0,0.6242794999852777
374,L1100I3,16,16,16,7460.016,258,16,1,22,3741.820526682753,5843.016303404898,2615.8205266827536,3227.195776722145,1290.0,247.0,80.0,0,0.5027274999883957
374,H8,16,16,16,9703.77,401,16,1,31,5095.711302749259,7255.769631920222,3278.7113027492587,3977.0583291709677,2005.0,363.0,80.0,0,1.075030899984995
375,L1100_C2,16,16,16,6953.001,198,16,1,19,3747.0,5709.001499779872,2860.0,2849.001499779874,990.0,174.0,80.0,0,0.6447346000059042
375,L1100I3,16,16,16,6342.117,223,16,1,22,2798.6881028603602,4948.1171923057345,1954.6881028603602,2993.4290894453766,1115.0,199.0,80.0,0,0.6815447999979369
375,H8,16,16,16,9790.329,415,16,1,31,5566.296678769007,7257.328603792384,3629.296678769006,3628.031925023383,2075.0,378.0,80.0,0,0.6843759999901522
376,L1100_C2,14,13,13,8114.728,227,13,0,19,5153.0,6702.727995980417,3960.0,2742.7279959804223,1135.0,212.0,65.0,0,0.6133099000144284
376,L1100I3,14,14,14,8810.055,317,14,1,22,5535.716844766483,6850.0548892792995,4139.716844766483,2710.338044512822,1585.0,305.0,70.0,0,0.5673149999929592
376,H8,14,14,14,9132.452,396,14,1,31,6483.749802523321,6703.45217548878,4276.749802523322,2426.7023729654634,1980.0,379.0,70.0,0,0.5191817000159062
377,L1100_C2,13,13,13,7425.586,211,13,1,19,5129.0,6099.585735448341,3960.0,2139.58573544834,1055.0,206.0,65.0,0,0.4313343999965582
377,L1100I3,13,13,13,8118.382,282,13,1,22,5676.073721354744,6374.381514926526,4135.073721354744,2239.307793571783,1410.0,269.0,65.0,0,0.448164600005839
377,H8,13,13,13,9059.741,431,13,1,31,6771.749802523322,6413.741088593255,4276.749802523322,2136.9912860699314,2155.0,426.0,65.0,0,0.4460853000055067
378,L1100_C2,13,13,13,8400.675,307,13,1,19,5429.0,6524.674746501707,3960.0,2564.6747465017093,1535.0,276.0,65.0,0,0.6155490000091959
378,L1100I3,13,13,13,8789.501,301,13,1,22,5712.073721354744,6932.500936722628,4135.073721354744,2797.4272153678835,1505.0,287.0,65.0,0,0.426209099998232
378,H8,13,13,13,9096.804,411,13,1,31,6680.313391303147,6574.803807340092,4324.313391303148,2250.490416036944,2055.0,402.0,65.0,0,0.3268359999929089
379,L1100_C2,16,16,16,7770.13,224,16,1,19,5122.561905141185,6363.130158009935,3966.561905141186,2396.5682528687516,1120.0,207.0,80.0,0,0.8734636000008322
379,L1100I3,16,16,16,8782.589,246,16,1,22,4882.073721354744,7257.588507436827,3695.0737213547436,3562.514786082085,1230.0,215.0,80.0,0,1.101498999982141
379,H8,16,16,16,7337.494,282,16,1,31,4789.711302749259,5584.493917193728,3278.7113027492587,2305.782614444472,1410.0,263.0,80.0,0,0.6656242000171915
380,L1100_C2,16,16,16,5042.381,173,16,1,19,1767.2035134261225,3934.3811498001432,1133.2035134261225,2801.1776363740205,865.0,163.0,80.0,0,0.5542389999900479
380,L1100I3,16,16,16,6079.231,154,16,1,22,2244.0737213547436,5082.231372745741,1495.0737213547434,3587.1576513909977,770.0,147.0,80.0,0,0.4462035000033211
380,H8,16,16,16,7266.382,257,16,1,31,4681.711302749259,5653.381774955782,3278.7113027492587,2374.6704722065256,1285.0,248.0,80.0,0,0.6025860000227112
381,L1100_C2,14,14,14,7571.015,267,14,1,19,5447.0,5907.015020854138,3960.0,1947.0150208541388,1335.0,259.0,70.0,0,0.5629820000031032
381,L1100I3,14,14,14,8557.861,299,14,1,22,5769.437376162834,6713.860599316885,4157.437376162833,2556.4232231540545,1495.0,279.0,70.0,0,0.6349931999866385
381,H8,14,14,14,9204.775,373,14,1,31,6390.0512717313,6910.774561565031,4298.051271731301,2612.723289833731,1865.0,359.0,70.0,0,0.3794167000160087
382,L1100_C2,15,15,15,8378.374,292,15,1,19,5423.0,6558.374488566504,3960.0,2598.374488566502,1460.0,285.0,75.0,0,0.5961203000042588
382,L1100I3,15,15,15,8940.984,327,15,1,22,5772.073721354744,6919.983941191707,4135.073721354744,2784.910219836964,1635.0,311.0,75.0,0,0.7882926999882329
382,H8,15,15,15,9487.062,402,15,1,31,6537.749802523321,7011.062178220414,4276.749802523322,2734.3123756970967,2010.0,391.0,75.0,0,0.5081605000013951
383,L1100_C2,12,12,12,7444.523,236,12,1,19,5323.192873521679,5972.52296089081,3963.192873521679,2009.3300873691312,1180.0,232.0,60.0,0,0.34532989998115227
383,L1100I3,12,12,12,8467.977,271,12,1,22,5736.624355062939,6790.9772236228,4191.624355062939,2599.3528685598603,1355.0,262.0,60.0,0,0.2963056000007782
383,H8,12,12,12,9147.45,442,12,1,31,6813.749802523321,6446.449735358823,4276.749802523322,2169.6999328355005,2210.0,431.0,60.0,0,0.4260112000047229
384,L1100_C2,14,14,14,8073.783,289,14,1,19,5465.0,6280.782945623712,3960.0,2320.7829456237123,1445.0,278.0,70.0,0,0.42817910001031123
384,L1100I3,14,14,14,8632.242,307,14,1,22,5753.800595020946,6737.241832668341,4159.800595020945,2577.441237647395,1535.0,290.0,70.0,0,0.43757650000043213
384,H8,14,14,14,10297.436,467,14,1,31,6446.114031106228,7435.436214226639,4313.114031106229,3122.3221831204087,2335.0,457.0,70.0,0,0.5542210999992676
385,L1100_C2,16,16,16,7011.031,294,16,1,19,3059.1097108771687,5170.030921709507,2239.1097108771687,2930.9212108323345,1470.0,291.0,80.0,0,0.5446716999867931
385,L1100I3,16,16,16,7528.744,221,16,1,22,4644.073721354744,6136.743665332617,3475.0737213547436,2661.669943977873,1105.0,207.0,80.0,0,0.49537489999784157
385,H8,16,16,16,8116.438,328,16,1,31,5006.743528441802,6091.438340779218,3280.7435284418025,2810.694812337415,1640.0,305.0,80.0,0,0.8552664000017103
386,L1100_C2,13,13,13,8560.402,256,13,1,19,5321.0,6978.401887236674,3960.0,3018.4018872366737,1280.0,237.0,65.0,0,0.43438639998203143
386,L1100I3,13,13,13,8712.827,297,13,1,22,5676.073721354744,6880.827022864325,4135.073721354744,2745.75330150958,1485.0,282.0,65.0,0,0.3897133000136819
386,H8,13,13,13,9108.712,452,13,1,31,6861.749802523321,6342.71157234449,4276.749802523322,2065.9617698211673,2260.0,441.0,65.0,0,0.47948430001270026
387,L1100_C2,10,10,10,7992.518,326,10,1,19,5710.85802828703,5994.518251841528,3960.8580282870294,2033.6602235545008,1630.0,318.0,50.0,0,0.36453619998064823
387,L1100I3,10,10,10,8484.851,347,10,1,22,6084.073721354744,6367.851387897695,4135.073721354744,2232.777666542956,1735.0,332.0,50.0,0,0.4788416999799665
387,H8,10,10,10,9542.625,495,10,1,31,7095.749802523322,6539.6253650743665,4276.749802523322,2262.8755625510453,2475.0,478.0,50.0,0,0.44887540000490844
388,L1100_C2,11,11,11,8162.45,267,11,1,19,5406.487359410482,6525.44957513042,3980.4873594104824,2544.9622157199415,1335.0,247.0,55.0,0,0.6455760999815539
388,L1100I3,11,11,11,8421.389,301,11,1,22,5778.073721354744,6574.388788835763,4135.073721354744,2439.3150674810213,1505.0,287.0,55.0,0,0.4286634000018239
388,H8,11,11,11,8681.602,443,11,1,31,6968.681881282341,5974.601825094776,4373.681881282341,1600.9199438124338,2215.0,437.0,55.0,0,0.2215624999953434
389,L1100_C2,13,13,13,7310.997,245,13,1,19,5309.0,5785.997121624087,3960.0,1825.9971216240885,1225.0,235.0,65.0,0,0.3601007999968715
389,L1100I3,13,13,13,7735.94,251,13,1,22,5520.073721354744,6172.94039423184,4135.073721354744,2037.8666728770966,1255.0,243.0,65.0,0,0.3664009000058286
389,H8,13,13,13,8515.35,414,13,1,31,6639.749802523321,5974.350256121391,4276.749802523322,1697.6004535980694,2070.0,406.0,65.0,0,0.47550220001721755
390,L1100_C2,11,11,11,7408.671,262,11,1,19,5405.0,5794.670809266554,3960.0,1834.670809266556,1310.0,249.0,55.0,0,0.5085536999977194
390,L1100I3,11,11,11,8732.024,321,11,1,22,5796.073721354744,6767.023752895876,4135.073721354744,2631.9500315411315,1605.0,305.0,55.0,0,0.4799637999967672
390,H8,11,11,11,9376.53,466,11,1,31,6904.297939812469,6550.529750893982,4308.297939812471,2242.231811081515,2330.0,441.0,55.0,0,0.5104669000138529
391,L1100_C2,13,13,13,7707.318,273,13,1,19,5435.0,6020.318099038933,3960.0,2060.318099038936,1365.0,257.0,65.0,0,0.5575428000011016
391,L1100I3,13,13,13,8502.238,274,13,1,22,5664.073721354744,6800.237929783696,4135.073721354744,2665.1642084289547,1370.0,267.0,65.0,0,0.3859228999936022
391,H8,13,13,13,9070.637,393,13,1,31,6447.749802523321,6667.63685761025,4276.749802523322,2390.8870550869333,1965.0,373.0,65.0,0,0.7416154000093229
392,L1100_C2,15,15,15,8333.059,264,15,1,19,5248.269744261501,6695.059002409207,3979.269744261501,2715.7892581477086,1320.0,243.0,75.0,0,0.7047383000026457
392,L1100I3,15,15,15,9123.063,280,15,1,22,5484.073721354744,7391.062830901684,4135.073721354744,3255.989109546942,1400.0,257.0,75.0,0,0.7269194999826141
392,H8,15,15,15,8689.488,385,15,1,31,6489.749802523321,6310.48815710961,4276.749802523322,2033.7383545862886,1925.0,379.0,75.0,0,0.3970273000013549
393,L1100_C2,10,10,10,7613.807,277,10,1,19,5513.0,5911.807114398734,3960.0,1951.8071143987363,1385.0,267.0,50.0,0,0.4302728000038769
393,L1100I3,10,10,10,8350.065,302,10,1,22,5796.073721354744,6503.064864072421,4135.073721354744,2367.99114271768,1510.0,287.0,50.0,0,0.454288999986602
393,H8,10,10,10,8666.597,402,10,1,31,6609.749802523322,6209.59671130499,4276.749802523322,1932.8469087816684,2010.0,397.0,50.0,0,0.26502439999603666
394,L1100_C2,12,12,12,8462.772,320,12,1,19,5506.561340973148,6492.772387561822,3972.5613409731477,2520.2110465886726,1600.0,310.0,60.0,0,0.39969079999718815
394,L1100I3,12,12,12,9374.524,364,12,1,22,5920.291434287041,7140.52373357538,4152.291434287041,2988.2322992883405,1820.0,354.0,60.0,0,0.2953762999968603
394,H8,12,12,12,9592.213,439,12,1,31,6753.749802523321,6912.213403051658,4276.749802523322,2635.4636005283364,2195.0,425.0,60.0,0,0.600691999978153
395,L1100_C2,12,12,12,8307.622,293,12,1,19,5441.0,6507.621992940128,3960.0,2547.6219929401277,1465.0,275.0,60.0,0,0.583424999989802
395,L1100I3,12,12,12,9150.508,325,12,1,22,5730.073721354744,7165.508292095418,4135.073721354744,3030.4345707406783,1625.0,300.0,60.0,0,0.6004937999823596
395,H8,12,12,12,8823.953,422,12,1,31,6752.551586268081,6240.952798865738,4324.551586268082,1916.4012125976562,2110.0,413.0,60.0,0,0.3684740999888163
396,L1100_C2,15,15,15,8559.644,306,15,1,19,5297.0,6671.643912459642,3960.0,2711.643912459645,1530.0,283.0,75.0,0,0.7454881000157911
396,L1100I3,15,15,15,8883.055,296,15,1,22,5688.073721354744,7058.055050948711,4135.073721354744,2922.9813295939675,1480.0,270.0,75.0,0,0.5808534999960102
396,H8,15,15,15,9408.813,418,15,1,31,6586.5023708431545,6852.812882072266,4291.502370843155,2561.3105112291137,2090.0,391.0,75.0,0,0.4131150000030175
397,L1100_C2,15,15,15,8668.855,311,15,1,19,5490.185687226777,6739.854573005454,3980.1856872267776,2759.668885778677,1555.0,299.0,75.0,0,0.5621880999824498
397,L1100I3,15,15,15,7903.893,231,15,1,22,5430.073721354744,6447.8930777918085,4135.073721354744,2312.8193564370645,1155.0,226.0,75.0,0,0.3368354999984149
397,H8,15,15,15,8882.505,370,15,1,31,6358.44679101413,6601.504780429433,4284.446791014131,2317.057989415301,1850.0,356.0,75.0,0,0.6337860000203364
398,L1100_C2,16,16,16,6716.536,244,16,1,19,3147.0,5177.535822004794,2200.0,2977.5358220047933,1220.0,239.0,80.0,0,0.36401849999674596
398,L1100I3,16,16,16,6635.418,224,16,1,22,3647.340085749799,5235.418201549395,2641.340085749799,2594.078115799598,1120.0,200.0,80.0,0,0.5333421999821439
398,H8,16,16,16,8940.146,440,16,1,31,6614.951577752332,6222.146043989707,4060.9515777523325,2161.194466237373,2200.0,438.0,80.0,0,0.35518579999916255
399,L1100_C2,14,14,14,8599.758,262,14,1,19,5231.0,6995.757584451561,3960.0,3035.7575844515654,1310.0,224.0,70.0,0,0.9825133999984246
399,L1100I3,14,14,14,9271.458,298,14,1,22,5610.073721354744,7453.45755028844,4135.073721354744,3318.3838289337014,1490.0,258.0,70.0,0,0.8254236000066157
399,H8,14,14,14,8760.828,364,14,1,31,6363.579762341851,6515.828004144955,4295.579762341852,2220.248241803106,1820.0,355.0,70.0,0,0.4056247999833431
400,L1100_C2,11,11,11,7213.648,259,11,1,19,5444.092205947718,5616.647936827742,4006.0922059477184,1610.555730880028,1295.0,247.0,55.0,0,0.514006099983817
400,L1100I3,11,11,11,8497.186,319,11,1,22,5832.073721354744,6555.186055071347,4135.073721354744,2420.1123337166127,1595.0,292.0,55.0,0,0.6663114000111818
400,H8,11,11,11,8718.713,427,11,1,31,6753.749802523321,6108.713164321976,4276.749802523322,1831.963361798656,2135.0,420.0,55.0,0,0.3920868000132032
401,L1100_C2,16,16,16,6891.091,286,16,1,19,3495.7505667530095,5101.09133711064,2454.750566753009,2646.340770357629,1430.0,280.0,80.0,0,0.7011452000006102
401,L1100I3,16,16,16,8801.827,362,16,1,22,3598.073721354743,6576.826739644076,2375.0737213547436,4201.753018289332,1810.0,335.0,80.0,0,1.0249153999902774
401,H8,16,16,16,9150.807,391,16,1,31,5734.296678769006,6749.8066431517245,3629.296678769006,3120.5099643827184,1955.0,366.0,80.0,0,0.6998128000122961
402,L1100_C2,11,11,11,7779.628,313,11,1,19,5590.090215382052,5853.62771550891,3960.090215382051,1893.5375001268617,1565.0,306.0,55.0,0,0.6071182999876328
402,L1100I3,11,11,11,8990.905,308,11,1,22,5766.073721354744,7111.90480804404,4135.073721354744,2976.831086689299,1540.0,284.0,55.0,0,0.4859081999748014
402,H8,11,11,11,8274.984,404,11,1,31,6643.002655574907,5800.984278886475,4281.002655574907,1519.9816233115662,2020.0,399.0,55.0,0,0.27205500000854954
403,L1100_C2,12,12,12,7713.01,259,12,1,19,5423.9944464796945,6111.010238969217,3991.9944464796945,2119.0157924895243,1295.0,247.0,60.0,0,0.5162698999920394
403,L1100I3,12,12,12,8859.84,296,12,1,22,5652.073721354744,7054.840193997367,4135.073721354744,2919.766472642628,1480.0,265.0,60.0,0,0.6447554999904241
403,H8,12,12,12,8967.945,404,12,1,31,6567.749802523321,6494.945408851154,4276.749802523322,2218.1956063278353,2020.0,393.0,60.0,0,0.5410543000034522
404,L1100_C2,10,10,10,7607.502,292,10,1,19,5621.0,5813.5020462797165,3960.0,1853.5020462797193,1460.0,284.0,50.0,0,0.3993186000152491
404,L1100I3,10,10,10,8525.68,344,10,1,22,5988.073721354744,6439.680347415037,4135.073721354744,2304.6066260602965,1720.0,316.0,50.0,0,0.4407070000015665
404,H8,10,10,10,9100.563,465,10,1,31,6969.841329488989,6277.563202232671,4325.841329488989,1951.7218727436857,2325.0,448.0,50.0,0,0.4052574999805074
405,L1100_C2,13,13,13,8088.996,275,13,1,19,5282.149603937352,6393.995521156296,3971.1496039373524,2422.8459172189455,1375.0,255.0,65.0,0,0.5916624999954365
405,L1100I3,13,13,13,8600.988,283,13,1,22,5682.073721354744,6850.987901047572,4135.073721354744,2715.9141796928284,1415.0,270.0,65.0,0,0.4614724999992177
405,H8,13,13,13,9138.593,423,13,1,31,6615.749802523321,6558.592745280856,4276.749802523322,2281.8429427575384,2115.0,400.0,65.0,0,0.6675767000124324
406,L1100_C2,16,16,16,6943.522,308,16,1,19,3135.0,5019.522462057953,2200.0,2819.522462057954,1540.0,304.0,80.0,0,0.8239360000006855
406,L1100I3,16,16,16,6589.672,205,16,1,22,3674.0737213547436,5288.671978123111,2595.0737213547436,2693.598256768366,1025.0,196.0,80.0,0,0.4347976999997627
406,H8,16,16,16,8932.991,394,16,1,31,6193.741833619401,6494.991052374197,3939.7418336194014,2555.2492187547964,1970.0,388.0,80.0,0,0.41205909999553114
407,L1100_C2,10,10,10,8021.3,281,10,1,19,5556.9970641734435,6301.299999404589,3999.9970641734435,2301.302935231146,1405.0,265.0,50.0,0,0.32439769999473356
407,L1100I3,10,10,10,8700.418,327,10,1,22,5903.581891683563,6714.4179171149,4135.581891683563,2578.8360254313384,1635.0,301.0,50.0,0,0.33381630000076257
407,H8,10,10,10,9410.841,458,10,1,31,6855.749802523321,6631.841302191633,4276.749802523322,2355.0914996683155,2290.0,439.0,50.0,0,0.41537060000700876
408,L1100_C2,15,15,15,8482.416,307,15,1,19,5278.88104237452,6571.416274154001,4002.8810423745194,2568.5352317794823,1535.0,301.0,75.0,0,0.5769422999874223
408,L1100I3,15,15,15,9449.204,324,15,1,22,5532.073721354744,7445.203625563946,4135.073721354744,3310.129904209207,1620.0,309.0,75.0,0,0.5089157999900635
408,H8,15,15,15,9490.202,402,15,1,31,6543.749802523321,7015.20169809011,4276.749802523322,2738.4518955667886,2010.0,390.0,75.0,0,0.5178955000010319
409,L1100_C2,14,14,14,7487.888,239,14,1,19,5285.0,5991.888461625012,3960.0,2031.888461625013,1195.0,231.0,70.0,0,0.500072499999078
409,L1100I3,14,14,14,8076.389,286,14,1,22,5787.46682155628,6301.389335961065,4181.46682155628,2119.9225144047864,1430.0,275.0,70.0,0,0.49488060001749545
409,H8,14,14,14,9116.461,372,14,1,31,6393.749802523322,6823.460536255857,4276.749802523322,2546.7107337325356,1860.0,363.0,70.0,0,0.3849315000115894
410,L1100_C2,13,13,13,7767.376,274,13,1,19,5528.911483208105,6064.375654428215,3964.9114832081054,2099.4641712201083,1370.0,268.0,65.0,0,0.3569331000035163
410,L1100I3,13,13,13,9542.64,324,13,1,22,6035.313826098183,7541.640285678649,4183.313826098184,3358.3264595804644,1620.0,316.0,65.0,0,0.24949680001009256
410,H8,13,13,13,8654.242,434,13,1,31,6860.469745243399,5989.241814508101,4319.4697452434,1669.7720692647017,2170.0,430.0,65.0,0,0.2438850999751594
411,L1100_C2,13,13,13,8243.405,300,13,1,19,5573.65485358857,6408.405268749237,3998.6548535885713,2409.7504151606677,1500.0,270.0,65.0,0,0.657625799998641
411,L1100I3,13,13,13,9610.21,330,13,1,22,5812.409866805946,7600.209743135278,4164.409866805946,3435.7998763293344,1650.0,295.0,65.0,0,0.8053774000145495
411,H8,13,13,13,8855.21,412,13,1,31,6561.749802523321,6337.209948221444,4276.749802523322,2060.460145698124,2060.0,393.0,65.0,0,0.6096765999973286
412,L1100_C2,10,10,10,8125.846,314,10,1,19,5585.0,6197.846473387733,3960.0,2237.8464733877336,1570.0,308.0,50.0,0,0.2321679999877233
412,L1100I3,10,10,10,9146.276,377,10,1,22,6030.073721354744,6856.276127956842,4135.073721354744,2721.2024066020967,1885.0,355.0,50.0,0,0.3506317999854218
412,H8,10,10,10,8757.777,466,10,1,31,6969.749802523321,5922.777477602612,4276.749802523322,1646.0276750792898,2330.0,455.0,50.0,0,0.3896097000106238
413,L1100_C2,13,13,13,7889.887,268,13,1,19,5393.0,6236.887389232893,3960.0,2276.8873892328966,1340.0,248.0,65.0,0,0.6250990999978967
413,L1100I3,13,13,13,8777.678,269,13,1,22,5634.073721354744,7108.678384437085,4135.073721354744,2973.604663082341,1345.0,259.0,65.0,0,0.3279744000174105
413,H8,13,13,13,8832.008,392,13,1,31,6558.713375077424,6424.008241652826,4310.713375077425,2113.2948665753997,1960.0,383.0,65.0,0,0.4110447999846656
414,L1100_C2,10,10,10,7482.591,268,10,1,19,5525.0,5827.591380466448,3960.0,1867.5913804664465,1340.0,265.0,50.0,0,0.16982980002649128
414,L1100I3,10,10,10,7841.621,312,10,1,22,5953.64513081887,5924.621485205552,4149.64513081887,1774.9763543866836,1560.0,307.0,50.0,0,0.24620289998711087
414,H8,10,10,10,9203.517,500,10,1,31,7191.749802523322,6159.516527996764,4276.749802523322,1882.7667254734424,2500.0,494.0,50.0,0,0.2819629999867175
415,L1100_C2,15,15,15,8503.825,306,15,1,19,5225.0,6609.825057088842,3960.0,2649.8250570888454,1530.0,289.0,75.0,0,1.0553350999834947
415,L1100I3,15,15,15,9161.293,259,15,1,22,5418.073721354744,7563.293253379531,4135.073721354744,3428.21953202479,1295.0,228.0,75.0,0,0.8615563999919686
415,H8,15,15,15,9595.417,391,15,1,31,6333.749802523322,7210.416536541587,4276.749802523322,2933.6667340182707,1955.0,355.0,75.0,0,0.8133600000001024
416,L1100_C2,15,15,15,8032.672,248,15,1,19,5313.18857784396,6488.671540558966,3983.188577843959,2505.482962715009,1240.0,229.0,75.0,0,0.5593203000025824
416,L1100I3,15,15,15,8828.712,268,15,1,22,5636.611120162759,7155.711600831782,4156.611120162758,2999.100480669022,1340.0,258.0,75.0,0,0.3644172000058461
416,H8,15,15,15,8914.672,361,15,1,31,6278.262287507358,6691.67211073483,4282.262287507359,2409.409823227474,1805.0,343.0,75.0,0,0.5111892000131775
417,L1100_C2,15,15,15,7607.717,260,15,1,19,5272.734766151481,5983.717010911118,3960.734766151482,2022.9822447596384,1300.0,249.0,75.0,0,0.6010458999953698
417,L1100I3,15,15,15,8151.77,261,15,1,22,5538.073721354744,6523.769693271548,4135.073721354744,2388.6959719168044,1305.0,248.0,75.0,0,0.5213190999929793
417,H8,15,15,15,8715.666,371,15,1,31,6339.749802523321,6431.666058112827,4276.749802523322,2154.916255589506,1855.0,354.0,75.0,0,0.6091919000027701
418,L1100_C2,15,15,15,8394.876,246,15,1,19,5301.660930276217,6858.8764272661665,3978.660930276217,2880.215496989952,1230.0,231.0,75.0,0,0.5897132999962196
418,L1100I3,15,15,15,8160.114,248,15,1,22,5508.073721354744,6606.114017625117,4135.073721354744,2471.040296270376,1240.0,239.0,75.0,0,0.5082786999992095
418,H8,15,15,15,9178.387,357,15,1,31,6291.749802523321,6969.386786804826,4276.749802523322,2692.636984281505,1785.0,349.0,75.0,0,0.4090767999878153
419,L1100_C2,11,11,11,7208.395,266,11,1,19,5452.687709974591,5567.395264472565,3966.6877099745907,1600.7075544979748,1330.0,256.0,55.0,0,0.33234590000938624
419,L1100I3,11,11,11,8513.236,305,11,1,22,5820.073721354744,6643.235627639586,4135.073721354744,2508.1619062848404,1525.0,290.0,55.0,0,0.3910091999860015
419,H8,11,11,11,8556.547,407,11,1,31,6573.749802523322,6075.547243518926,4276.749802523322,1798.7974409955991,2035.0,391.0,55.0,0,0.44360189998405986
420,L1100_C2,15,15,15,7961.764,222,15,1,19,5105.0,6571.764175370521,3960.0,2611.764175370525,1110.0,205.0,75.0,0,0.63408889999846
420,L1100I3,15,15,15,8685.393,265,15,1,22,5406.073721354744,7059.392705379143,4135.073721354744,2924.3189840244054,1325.0,226.0,75.0,0,0.9391263000143226
420,H8,15,15,15,9300.014,384,15,1,31,6421.463687342739,6941.0142309167695,4311.46368734274,2629.5505435740306,1920.0,364.0,75.0,0,0.6652055000013206
421,L1100_C2,12,12,12,8166.508,295,12,1,19,5537.0,6349.5075156856,3960.0,2389.507515685603,1475.0,282.0,60.0,0,0.3452746999973897
421,L1100I3,12,12,12,9513.608,340,12,1,22,6526.181484610863,7438.608412294724,4711.181484610864,2727.4269276838636,1700.0,315.0,60.0,0,0.4717391000012867
421,H8,12,12,12,9448.359,435,12,1,31,6832.568529928628,6787.359438227976,4321.56852992863,2465.790908299346,2175.0,426.0,60.0,0,0.31480809999629855
422,L1100_C2,15,15,15,8160.406,280,15,1,19,5407.0090398215525,6425.4059561534705,4005.009039821552,2420.396916331918,1400.0,260.0,75.0,0,0.4434820999740623
422,L1100I3,15,15,15,9025.428,353,15,1,22,5889.352006121267,6845.42825349994,4169.352006121266,2676.0762473786785,1765.0,340.0,75.0,0,0.7740480999927968
422,H8,15,15,15,9425.814,404,15,1,31,6557.9759680452435,6944.813574923496,4297.975968045244,2646.837606878253,2020.0,386.0,75.0,0,0.47464790000231005
423,L1100_C2,10,10,10,7608.654,296,10,1,19,5669.0,5786.654197709161,3960.0,1826.6541977091624,1480.0,292.0,50.0,0,0.27257729999837466
423,L1100I3,10,10,10,8605.093,325,10,1,22,5904.073721354744,6628.09256324323,4135.073721354744,2493.0188418884886,1625.0,302.0,50.0,0,0.49161200001253746
423,H8,10,10,10,10043.663,465,10,1,31,6877.1875247089065,7229.6628197929,4281.187524708907,2948.4752950839943,2325.0,439.0,50.0,0,0.6368635999970138
424,L1100_C2,14,14,14,7861.826,235,14,1,19,5195.0,6398.8258216277945,3960.0,2438.825821627798,1175.0,218.0,70.0,0,0.6335491000209004
424,L1100I3,14,14,14,9399.506,260,14,1,22,5484.073721354744,7788.5057191724645,4135.073721354744,3653.4319978177246,1300.0,241.0,70.0,0,0.5766743999847677
424,H8,14,14,14,8648.665,376,14,1,31,6465.027832582289,6327.66497723866,4295.02783258229,2032.6371446563687,1880.0,371.0,70.0,0,0.3321486999921035
425,L1100_C2,13,13,13,7745.907,263,13,1,19,5363.429690248171,6117.907218465028,3961.4296902481715,2156.477528216857,1315.0,248.0,65.0,0,0.5362221999967005
425,L1100I3,13,13,13,9387.178,267,13,1,22,5568.073721354744,7734.177862660646,4135.073721354744,3599.104141305901,1335.0,253.0,65.0,0,0.4949373999843374
425,H8,13,13,13,9158.498,376,13,1,31,6383.238435130683,6857.49805457237,4309.238435130684,2548.2596194416888,1880.0,356.0,65.0,0,0.4055921999970451
426,L1100_C2,15,15,15,8556.85,287,15,1,19,5242.429451515947,6780.850332647333,3960.4294515159468,2820.4208811313893,1435.0,266.0,75.0,0,0.6467713999736588
426,L1100I3,15,15,15,9876.178,287,15,1,22,5454.073721354744,8106.178096919588,4135.073721354744,3971.1043755648434,1435.0,260.0,75.0,0,0.5163457000162452
426,H8,15,15,15,8443.366,312,15,1,31,6079.853245999657,6505.3659571225735,4317.853245999658,2187.5127111229162,1560.0,303.0,75.0,0,0.45772500001476146
427,L1100_C2,15,15,15,7916.877,237,15,1,19,5171.0,6442.876911418095,3960.0,2482.876911418098,1185.0,214.0,75.0,0,0.8420403999916743
427,L1100I3,15,15,15,8547.436,252,15,1,22,5454.073721354744,6978.436142332862,4135.073721354744,2843.3624209781174,1260.0,234.0,75.0,0,0.525610200013034
427,H8,15,15,15,9041.567,339,15,1,31,6096.595722688987,6956.566851416139,4286.595722688988,2669.9711287271534,1695.0,315.0,75.0,0,0.6861849999986589
428,L1100_C2,15,15,15,7570.74,244,15,1,19,5360.672676625533,6037.739993453979,4007.672676625533,2030.0673168284457,1220.0,238.0,75.0,0,0.36165690000052564
428,L1100I3,15,15,15,9491.953,297,15,1,22,5664.073721354744,7661.9532904897405,4135.073721354744,3526.8795691349983,1485.0,270.0,75.0,0,0.5920661999844015
428,H8,15,15,15,9330.827,356,15,1,31,6217.8787763985665,7153.827431014046,4354.8787763985665,2798.9486546154844,1780.0,322.0,75.0,0,0.8353009000129532
429,L1100_C2,10,10,10,7493.24,281,10,1,19,5597.0,5760.240257256023,3960.0,1800.240257256024,1405.0,278.0,50.0,0,0.2307247999997344
429,L1100I3,10,10,10,8350.135,314,10,1,22,5880.073721354744,6431.134530023425,4135.073721354744,2296.06080866868,1570.0,299.0,50.0,0,0.3289602000149898
429,H8,10,10,10,9601.309,468,10,1,31,6927.749802523321,6760.308885644589,4276.749802523322,2483.5590831212676,2340.0,451.0,50.0,0,0.3727276000136044
430,L1100_C2,14,14,14,9302.918,324,14,1,19,5303.0,7309.917699486442,3960.0,3349.9176994864483,1620.0,303.0,70.0,0,0.776455299986992
430,L1100I3,14,14,14,9414.516,311,14,1,22,5616.073721354744,7505.515733147895,4135.073721354744,3370.4420117931527,1555.0,284.0,70.0,0,0.44905549997929484
430,H8,14,14,14,9201.627,416,14,1,31,6675.439628437861,6649.627086795609,4319.439628437863,2330.187458357746,2080.0,402.0,70.0,0,0.33691250000265427
431,L1100_C2,14,14,14,7752.096,216,14,1,19,5153.0,6390.095970314432,3960.0,2430.0959703144317,1080.0,212.0,70.0,0,0.388519100000849
431,L1100I3,14,14,14,8563.056,259,14,1,22,5568.073721354744,6949.056062033594,4135.073721354744,2813.982340678849,1295.0,249.0,70.0,0,0.30764499999349937
431,H8,14,14,14,9219.66,423,14,1,31,6711.749802523321,6617.660115725673,4276.749802523322,2340.910313202351,2115.0,417.0,70.0,0,0.4711756000178866
432,L1100_C2,13,13,13,7913.724,252,13,1,19,5371.113033046451,6349.72437231213,3988.1130330464507,2361.6113392656825,1260.0,239.0,65.0,0,0.5463548999978229
432,L1100I3,13,13,13,9297.806,280,13,1,22,5634.073721354744,7569.8057141238105,4135.073721354744,3434.7319927690673,1400.0,263.0,65.0,0,0.587934299983317
432,H8,13,13,13,9565.094,410,13,1,31,6579.749802523321,7055.09431306314,4276.749802523322,2778.3445105398205,2050.0,395.0,65.0,0,0.39243160001933575
433,L1100_C2,14,14,14,7630.914,227,14,1,19,5165.655703884374,6215.913618174195,3961.655703884374,2254.2579142898267,1135.0,210.0,70.0,0,0.5994813999859616
433,L1100I3,14,14,14,8139.849,252,14,1,22,5442.073721354744,6579.848957219714,4135.073721354744,2444.7752358649714,1260.0,230.0,70.0,0,0.5061228999984451
433,H8,14,14,14,8857.139,371,14,1,31,6309.749802523321,6584.139140342761,4276.749802523322,2307.389337819441,1855.0,348.0,70.0,0,0.5910648000135552
434,L1100_C2,14,14,14,8672.017,308,14,1,19,5375.0,6762.0174206893125,3960.0,2802.017420689312,1540.0,300.0,70.0,0,0.5974764999991748
434,L1100I3,14,14,14,9786.747,318,14,1,22,5640.073721354744,7827.7471320314635,4135.073721354744,3692.6734106767212,1590.0,299.0,70.0,0,0.6502593999903183
434,H8,14,14,14,8782.911,365,14,1,31,6372.7237258134655,6533.910643976288,4311.723725813466,2222.186918162822,1825.0,354.0,70.0,0,0.438743099977728
435,L1100_C2,16,16,16,6725.713,192,16,1,19,4057.0,5507.71295697519,3080.0,2427.712956975188,960.0,178.0,80.0,0,0.62640380000812
435,L1100I3,16,16,16,5511.525,171,16,1,22,2422.0737213547436,4428.525044892537,1715.0737213547434,2713.4513235377935,855.0,148.0,80.0,0,0.36095950001617894
435,H8,16,16,16,6752.936,276,16,1,31,4138.79847920967,5025.936024824015,2760.7984792096704,2265.137545614346,1380.0,267.0,80.0,0,0.6872624999959953
436,L1100_C2,14,14,14,8196.428,312,14,1,19,5429.0,6263.4279696545655,3960.0,2303.427969654568,1560.0,303.0,70.0,0,0.5769644999818411
436,L1100I3,14,14,14,9148.001,303,14,1,22,5616.073721354744,7282.001054021692,4135.073721354744,3146.927332666952,1515.0,281.0,70.0,0,0.7938805000158027
436,H8,14,14,14,8155.163,321,14,1,31,6141.8979212191025,6169.16259955263,4325.897921219103,1843.264678333527,1605.0,311.0,70.0,0,0.3803335999837145
437,L1100_C2,13,13,13,7321.959,241,13,1,19,5254.05795440801,5825.959497992467,3960.05795440801,1865.9015435844608,1205.0,226.0,65.0,0,0.6137315999949351
437,L1100I3,13,13,13,8497.12,267,13,1,22,5580.073721354744,6843.120226814099,4135.073721354744,2708.046505459358,1335.0,254.0,65.0,0,0.3700933000072837
437,H8,13,13,13,8404.371,384,13,1,31,6483.749802523321,6042.371071905582,4276.749802523322,1765.6212693822627,1920.0,377.0,65.0,0,0.37248220000765286
438,L1100_C2,10,10,10,7215.121,273,10,1,19,5491.8230116728755,5540.121271112145,3969.8230116728755,1570.2982594392695,1365.0,260.0,50.0,0,0.3520995000144467
438,L1100I3,10,10,10,8471.638,345,10,1,22,5940.073721354744,6369.638378257591,4135.073721354744,2234.564656902847,1725.0,327.0,50.0,0,0.3941843999782577
438,H8,10,10,10,8815.698,462,10,1,31,6939.749802523321,6003.6976547267805,4276.749802523322,1726.9478522034622,2310.0,452.0,50.0,0,0.3791262000158895
439,L1100_C2,12,12,12,7476.08,240,12,1,19,5291.0,5984.079606503795,3960.0,2024.0796065037975,1200.0,232.0,60.0,0,0.4776498999854084
439,L1100I3,12,12,12,7587.608,267,12,1,22,5724.124913715067,5928.607887134761,4178.124913715067,1750.482973419693,1335.0,264.0,60.0,0,0.220988999994006
439,H8,12,12,12,8978.12,437,12,1,31,6747.749802523321,6311.1200342787115,4276.749802523322,2034.3702317553928,2185.0,422.0,60.0,0,0.48972240000148304
440,L1100_C2,11,11,11,7276.672,276,11,1,19,5459.0,5577.671557326422,3960.0,1617.6715573264228,1380.0,264.0,55.0,0,0.38130410001031123
440,L1100I3,11,11,11,7885.321,289,11,1,22,5784.073721354744,6102.320707646225,4135.073721354744,1967.246986291484,1445.0,283.0,55.0,0,0.23442120000254363
440,H8,11,11,11,9571.392,462,11,1,31,6867.749802523321,6765.391607779522,4276.749802523322,2488.641805256203,2310.0,441.0,55.0,0,0.318776500003878
441,L1100_C2,15,15,15,7467.472,270,15,1,19,5500.744035682812,5787.471921195883,4027.744035682812,1759.7278855130726,1350.0,255.0,75.0,0,0.5009898999996949
441,L1100I3,15,15,15,10556.319,280,15,1,22,5544.073721354744,8831.319424858773,4135.073721354744,4696.245703504035,1400.0,250.0,75.0,0,0.6151422999973875
441,H8,15,15,15,9073.275,349,15,1,31,6141.749802523321,6929.274863855676,4276.749802523322,2652.5250613323574,1745.0,324.0,75.0,0,0.7556655999796931
442,L1100_C2,12,12,12,7648.63,269,12,1,19,5539.799688959457,5978.630172275174,3981.799688959457,1996.8304833157165,1345.0,265.0,60.0,0,0.25972250002087094
442,L1100I3,12,12,12,8656.882,310,12,1,22,5896.33342218224,6748.882088860945,4158.33342218224,2590.548666678708,1550.0,298.0,60.0,0,0.4207727999892086
442,H8,12,12,12,9306.393,439,12,1,31,6759.749802523321,6626.3932322544315,4276.749802523322,2349.6434297311102,2195.0,425.0,60.0,0,0.41429190000053495
443,L1100_C2,15,15,15,8230.689,281,15,1,19,5195.0,6488.689329125902,3960.0,2528.689329125902,1405.0,262.0,75.0,0,0.6961125000088941
443,L1100I3,15,15,15,8373.494,278,15,1,22,5633.261102114584,6641.494201108553,4135.261102114584,2506.2330989939687,1390.0,267.0,75.0,0,0.3972594999941066
443,H8,15,15,15,9716.363,434,15,1,31,6693.785422692431,7065.362690193218,4325.785422692432,2739.577267500792,2170.0,406.0,75.0,0,0.7636240999854635
444,L1100_C2,15,15,15,7992.207,260,15,1,19,5381.0,6365.2065654588805,3960.0,2405.206565458879,1300.0,252.0,75.0,0,0.5191250999923795
444,L1100I3,15,15,15,9834.858,304,15,1,22,5586.073721354744,7961.858152988389,4135.073721354744,3826.7844316336455,1520.0,278.0,75.0,0,0.708495099999709
444,H8,15,15,15,8922.912,354,15,1,31,6243.749802523321,6736.91206435216,4276.749802523322,2460.162261828838,1770.0,341.0,75.0,0,0.6350429000158329
445,L1100_C2,12,12,12,7945.111,270,12,1,19,5474.40030747341,6281.110994705938,3994.40030747341,2286.710687232532,1350.0,254.0,60.0,0,0.5413310999865644
445,L1100I3,12,12,12,9220.295,294,12,1,22,5785.154076983516,7412.294806475811,4167.154076983516,3245.140729492298,1470.0,278.0,60.0,0,0.43633320002118126
445,H8,12,12,12,9730.369,454,12,1,31,6813.888967394592,6973.369469045689,4307.888967394593,2665.480501651102,2270.0,427.0,60.0,0,0.7596725999901537
446,L1100_C2,10,10,10,7970.292,282,10,1,19,5481.889566603389,6253.2924387656185,3977.8895666033886,2275.402872162234,1410.0,257.0,50.0,0,0.48440970000228845
446,L1100I3,10,10,10,8475.022,310,10,1,22,5802.073721354744,6589.022318523085,4135.073721354744,2453.9485971683457,1550.0,286.0,50.0,0,0.4474980999948457
446,H8,10,10,10,8552.774,448,10,1,31,6885.749802523321,5821.773989219084,4276.749802523322,1545.0241866957647,2240.0,441.0,50.0,0,0.33690460000070743
447,L1100_C2,12,12,12,7631.357,290,12,1,19,5589.205580146023,5842.357336609467,3960.205580146023,1882.1517564634469,1450.0,279.0,60.0,0,0.476445500011323
447,L1100I3,12,12,12,8388.35,287,12,1,22,5730.073721354744,6619.350266758305,4135.073721354744,2484.276545403564,1435.0,274.0,60.0,0,0.5124966999865137
447,H8,12,12,12,9817.394,428,12,1,31,6597.749802523321,7219.3944713982355,4276.749802523322,2942.644668874919,2140.0,398.0,60.0,0,0.616868599987356
448,L1100_C2,15,15,15,7768.042,235,15,1,19,5219.0,6290.042127731428,3960.0,2330.0421277314285,1175.0,228.0,75.0,0,0.3412891999760177
448,L1100I3,15,15,15,8843.08,250,15,1,22,5442.073721354744,7288.080268546059,4135.073721354744,3153.0065471913167,1250.0,230.0,75.0,0,0.616654000012204
448,H8,15,15,15,9545.557,421,15,1,31,6591.749802523321,6967.556724892621,4276.749802523322,2690.8069223693014,2105.0,398.0,75.0,0,0.7908019000024069
449,L1100_C2,12,12,12,7474.029,286,12,1,19,5536.274751486157,5705.028972556178,4033.274751486157,1671.754221070023,1430.0,279.0,60.0,0,0.47969509998802096
449,L1100I3,12,12,12,7836.814,291,12,1,22,5730.073721354744,6044.814087826244,4135.073721354744,1909.740366471501,1455.0,277.0,60.0,0,0.6999866999976803
449,H8,12,12,12,9130.737,409,12,1,31,6555.749802523322,6634.737179238109,4276.749802523322,2357.987376714789,2045.0,391.0,60.0,0,0.55947379997815
450,L1100_C2,12,12,12,7479.393,260,12,1,19,5429.0,5865.393359803227,3960.0,1905.393359803227,1300.0,254.0,60.0,0,0.40820020000683144
450,L1100I3,12,12,12,8174.563,269,12,1,22,5664.073721354744,6506.562760392044,4135.073721354744,2371.4890390373002,1345.0,263.0,60.0,0,0.1632075000088662
450,H8,12,12,12,8853.959,416,12,1,31,6663.749802523321,6306.959164703436,4276.749802523322,2030.209362180115,2080.0,407.0,60.0,0,0.30316390001098625
451,L1100_C2,15,15,15,7633.721,255,15,1,19,5255.0,6044.721000756656,3960.0,2084.721000756657,1275.0,239.0,75.0,0,0.706626099999994
451,L1100I3,15,15,15,8039.581,227,15,1,22,5390.10002307997,6609.5808178700445,4138.100023079971,2471.480794790073,1135.0,220.0,75.0,0,0.3659524999966379
451,H8,15,15,15,9002.819,319,15,1,31,6054.157351429892,7026.818777137226,4287.157351429893,2739.661425707334,1595.0,306.0,75.0,0,0.3755315000016708
452,L1100_C2,14,14,14,7808.55,278,14,1,19,5501.86751874248,6080.55039616098,3961.86751874248,2118.6828774185,1390.0,268.0,70.0,0,0.33497799999895506
452,L1100I3,14,14,14,8505.499,262,14,1,22,5496.073721354744,6888.499379006856,4135.073721354744,2753.425657652115,1310.0,237.0,70.0,0,0.5498017999925651
452,H8,14,14,14,8735.971,375,14,1,31,6417.749802523322,6425.9712355250185,4276.749802523322,2149.221433001699,1875.0,365.0,70.0,0,0.34146990001318045
453,L1100_C2,13,13,13,8304.89,272,13,1,19,5369.0,6633.889699325439,3960.0,2673.889699325446,1360.0,246.0,65.0,0,0.7539204000204336
453,L1100I3,13,13,13,9315.523,316,13,1,22,5790.073721354744,7381.52348470091,4135.073721354744,3246.4497633461697,1580.0,289.0,65.0,0,0.6639089999953285
453,H8,13,13,13,9204.47,398,13,1,31,6558.02924601913,6764.4695769416485,4292.029246019132,2472.440330922515,1990.0,385.0,65.0,0,0.43471870000939816
454,L1100_C2,16,16,16,7326.087,263,16,1,19,4325.0,5681.087273286143,3300.0,2381.087273286145,1315.0,250.0,80.0,0,1.0259499999810942
454,L1100I3,16,16,16,7932.21,295,16,1,22,3900.0737213547436,6096.209740875894,2815.0737213547436,3281.1360195211514,1475.0,281.0,80.0,0,0.7396973999857437
454,H8,16,16,16,7848.101,354,16,1,31,5149.711302749259,5664.10072473974,3278.7113027492587,2385.389421990488,1770.0,334.0,80.0,0,0.7091443999961484
455,L1100_C2,16,16,16,5792.935,262,16,1,19,2033.0,4147.93468423601,1320.0,2827.934684236012,1310.0,255.0,80.0,0,0.676406800019322
455,L1100I3,16,16,16,6952.342,245,16,1,22,2304.0737213547436,5427.342290970719,1495.0737213547434,3932.268569615977,1225.0,220.0,80.0,0,0.8963363000075333
455,H8,16,16,16,8085.848,318,16,1,31,5581.164426503574,6109.847804771451,3926.164426503574,2183.683378267876,1590.0,306.0,80.0,0,0.46406929998192936
456,L1100_C2,12,12,12,7473.655,277,12,1,19,5519.0,5760.655460628878,3960.0,1800.655460628878,1385.0,268.0,60.0,0,0.3668802999891341
456,L1100I3,12,12,12,7720.209,296,12,1,22,5814.073721354744,5893.208524673652,4135.073721354744,1758.134803318908,1480.0,287.0,60.0,0,0.2650095999997575
456,H8,12,12,12,8713.418,413,12,1,31,6664.288839333482,6184.417606473291,4296.288839333483,1888.1287671398077,2065.0,404.0,60.0,0,0.3028870999987703
457,L1100_C2,14,14,14,9003.932,357,14,1,19,5690.765853782935,6802.932102945952,4025.765853782935,2777.16624916302,1785.0,346.0,70.0,0,0.4752046000212431
457,L1100I3,14,14,14,8926.438,346,14,1,22,5838.073721354744,6792.437588407173,4135.073721354744,2657.3638670524315,1730.0,334.0,70.0,0,0.48043549997964874
457,H8,14,14,14,9426.942,387,14,1,31,6477.53061448247,7050.942411788431,4296.53061448247,2754.41179730596,1935.0,371.0,70.0,0,0.38809310001670383
458,L1100_C2,12,12,12,7796.666,306,12,1,19,5555.0,5918.6664915978345,3960.0,1958.6664915978336,1530.0,288.0,60.0,0,0.32871300002443604
458,L1100I3,12,12,12,9127.238,333,12,1,22,5974.028007862756,7092.237791155271,4170.028007862757,2922.2097832925156,1665.0,310.0,60.0,0,0.6379098999896087
458,H8,12,12,12,10269.183,503,12,1,31,7077.749802523322,7207.183070155018,4276.749802523322,2930.4332676316963,2515.0,487.0,60.0,0,0.3593531000078656
459,L1100_C2,14,14,14,8874.763,303,14,1,19,5471.0,6996.763214139336,3960.0,3036.763214139336,1515.0,293.0,70.0,0,0.41393239999888465
459,L1100I3,14,14,14,8404.991,261,14,1,22,6232.973367160825,6775.991322567997,4771.973367160826,2004.017955407171,1305.0,254.0,70.0,0,0.31510120001621544
459,H8,14,14,14,9253.196,349,14,1,31,6208.302582327825,7111.19625919473,4308.302582327827,2802.89367686691,1745.0,327.0,70.0,0,0.5391875000204891
460,L1100_C2,15,15,15,7535.867,256,15,1,19,5219.3443683456,5932.866583040579,3979.3443683456,1953.522214694981,1280.0,248.0,75.0,0,0.6824928999994881
460,L1100I3,15,15,15,8229.428,270,15,1,22,5530.170243015839,6546.4281697731985,4159.170243015839,2387.2579267573597,1350.0,258.0,75.0,0,0.5703994999930728
460,H8,15,15,15,9900.581,445,15,1,31,6747.749802523321,7174.581143908072,4276.749802523322,2897.83134138475,2225.0,426.0,75.0,0,0.5868961999949533
461,L1100_C2,13,13,13,8665.777,297,13,1,19,5441.0,6847.777356205866,3960.0,2887.777356205868,1485.0,268.0,65.0,0,0.758762100012973
461,L1100I3,13,13,13,9180.623,368,13,1,22,5998.349013589843,6926.623153089792,4182.349013589843,2744.2741394999534,1840.0,349.0,65.0,0,0.7378206999856047
461,H8,13,13,13,9130.868,451,13,1,31,6879.749802523322,6366.867537511452,4276.749802523322,2090.1177349881273,2255.0,444.0,65.0,0,0.3447398999996949
462,L1100_C2,13,13,13,7696.69,250,13,1,19,5387.714572944913,6134.690072929811,3961.714572944913,2172.975499984898,1250.0,247.0,65.0,0,0.3222657000005711
462,L1100I3,13,13,13,7931.947,278,13,1,22,5706.073721354744,6204.9469039892865,4135.073721354744,2069.873182634542,1390.0,272.0,65.0,0,0.3514875000109896
462,H8,13,13,13,8745.372,393,13,1,31,6546.42264642315,6336.37179771859,4317.422646423151,2018.949151295441,1965.0,379.0,65.0,0,0.48516949999611825
463,L1100_C2,16,16,16,8349.568,274,16,1,19,4946.61437181373,6665.568065617646,3784.6143718137296,2880.95369380392,1370.0,234.0,80.0,0,0.7548718000180088
463,L1100I3,16,16,16,8646.863,284,16,1,22,4937.258206702185,6896.862557478035,3739.258206702185,3157.6043507758513,1420.0,250.0,80.0,0,0.6500098000105936
463,H8,16,16,16,9005.073,404,16,1,31,6501.749802523321,6521.073121826983,4276.749802523322,2244.3233193036635,2020.0,384.0,80.0,0,0.6784883000073023
464,L1100_C2,13,13,13,7565.586,253,13,1,19,5252.832010724783,5994.58606193026,3976.832010724783,2017.75405120548,1265.0,241.0,65.0,0,0.36118760000681505
464,L1100I3,13,13,13,8560.292,272,13,1,22,5532.073721354744,6871.291647794945,4135.073721354744,2736.2179264402016,1360.0,264.0,65.0,0,0.44355080000241287
464,H8,13,13,13,8607.415,383,13,1,31,6417.749802523321,6259.414760372074,4276.749802523322,1982.6649578487531,1915.0,368.0,65.0,0,0.5701192999840714
465,L1100_C2,16,16,16,6569.589,266,16,1,19,2581.0,4900.589062229389,1760.0,3140.5890622293887,1330.0,259.0,80.0,0,0.740770899981726
465,L1100I3,16,16,16,7909.059,243,16,1,22,4794.616785422165,6386.05930925221,3506.616785422165,2879.4425238300455,1215.0,228.0,80.0,0,0.6529473999980837
465,H8,16,16,16,8231.743,364,16,1,31,5717.459380767367,5974.743046093641,3637.459380767368,2337.2836653262716,1820.0,357.0,80.0,0,0.4951369999907911
466,L1100_C2,12,12,12,7498.881,238,12,1,19,5273.0,6020.8811335868,3960.0,2060.881133586799,1190.0,228.0,60.0,0,0.4714338000048883
466,L1100I3,12,12,12,7574.23,264,12,1,22,5604.073721354744,5939.229612872456,4135.073721354744,1804.1558915177116,1320.0,255.0,60.0,0,0.42829000001074746
466,H8,12,12,12,9937.032,474,12,1,31,6792.176526831674,7081.031879851339,4292.176526831673,2788.855353019674,2370.0,426.0,60.0,0,0.9561455999792088
467,L1100_C2,16,16,16,6707.553,280,16,1,19,3659.0,4962.552985750647,2640.0,2322.552985750649,1400.0,265.0,80.0,0,0.6151072999928147
467,L1100I3,16,16,16,8398.307,242,16,1,22,4704.073721354744,6882.30738648218,3475.0737213547436,3407.233665127437,1210.0,226.0,80.0,0,0.5392812000063714
467,H8,16,16,16,8485.346,370,16,1,31,5358.31003490459,6206.346073602186,3536.3100349045912,2670.0360386975926,1850.0,349.0,80.0,0,0.44916550000198185
468,L1100_C2,10,10,10,7607.294,265,10,1,19,5471.0,5973.293685999485,3960.0,2013.293685999488,1325.0,259.0,50.0,0,0.32330849999561906
468,L1100I3,10,10,10,8029.185,305,10,1,22,5886.073721354744,6156.185387232371,4135.073721354744,2021.1116658776257,1525.0,298.0,50.0,0,0.2797450000070967
468,H8,10,10,10,9096.306,405,10,1,31,6609.749802523322,6624.306429618019,4276.749802523322,2347.556627094697,2025.0,397.0,50.0,0,0.28044669999508187
469,L1100_C2,13,13,13,7646.888,277,13,1,19,5510.590908528156,5930.887871464575,3988.5909085281573,1942.2969629364204,1385.0,266.0,65.0,0,0.31852440000511706
469,L1100I3,13,13,13,8490.319,322,13,1,22,5760.073721354744,6503.319387628756,4135.073721354744,2368.245666274012,1610.0,312.0,65.0,0,0.43075069997576065
469,H8,13,13,13,8301.061,355,13,1,31,6309.749802523321,6111.061339081851,4276.749802523322,1834.3115365585295,1775.0,350.0,65.0,0,0.37112349999370053
470,L1100_C2,13,13,13,7753.032,252,13,1,19,5383.176979569245,6185.031911970904,3982.1769795692458,2202.854932401655,1260.0,243.0,65.0,0,0.5055537000007462
470,L1100I3,13,13,13,8308.575,274,13,1,22,5574.073721354744,6623.574628624516,4135.073721354744,2488.500907269776,1370.0,250.0,65.0,0,0.8402421000064351
470,H8,13,13,13,9444.448,413,13,1,31,6615.749802523321,6912.448007256983,4276.749802523322,2635.6982047336637,2065.0,402.0,65.0,0,0.3812791000236757
471,L1100_C2,16,16,16,6765.333,253,16,1,19,3665.0,5183.3330867850555,2640.0,2543.3330867850577,1265.0,237.0,80.0,0,0.6652205999998841
471,L1100I3,16,16,16,8316.344,244,16,1,22,3108.0737213547436,6798.343966902169,2155.0737213547436,4643.2702455474255,1220.0,218.0,80.0,0,0.7322241999791004
471,H8,16,16,16,8924.326,347,16,1,31,5933.544776829032,6773.326072858482,3998.5447768290323,2774.781296029451,1735.0,336.0,80.0,0,0.5728256000147667
472,L1100_C2,13,13,13,7464.372,235,13,1,19,5261.0,5996.372362327866,3960.0,2036.372362327867,1175.0,228.0,65.0,0,0.4357222999969963
472,L1100I3,13,13,13,8255.435,273,13,1,22,5676.073721354744,6556.434720205772,4135.073721354744,2421.3609988510284,1365.0,269.0,65.0,0,0.25182229999336414
472,H8,13,13,13,8975.463,404,13,1,31,6537.749802523321,6502.462707843412,4276.749802523322,2225.712905320095,2020.0,388.0,65.0,0,0.5285727999871597
473,L1100_C2,14,14,14,7775.097,251,14,1,19,5312.447031960697,6209.09692932116,3989.447031960698,2219.6498973604607,1255.0,241.0,70.0,0,0.4063629000156652
473,L1100I3,14,14,14,8063.572,277,14,1,22,5646.073721354744,6343.572231583628,4135.073721354744,2208.4985102288842,1385.0,265.0,70.0,0,0.3937988999823574
473,H8,14,14,14,8636.709,403,14,1,31,6580.7403368166615,6166.7094213356995,4315.740336816662,1850.9690845190353,2015.0,385.0,70.0,0,0.5377096000011079
474,L1100_C2,15,15,15,7443.723,224,15,1,19,5195.0,6031.723159516501,3960.0,2071.723159516501,1120.0,217.0,75.0,0,0.48859690001700073
474,L1100I3,15,15,15,8582.126,264,15,1,22,5506.492866473432,6952.126204139058,4164.492866473431,2787.6333376656316,1320.0,235.0,75.0,0,0.7457896000123583
474,H8,15,15,15,9663.396,354,15,1,31,6225.896014250318,7491.395745191779,4308.89601425032,3182.499730941458,1770.0,327.0,75.0,0,0.5495327999815345
475,L1100_C2,15,15,15,8838.332,352,15,1,19,5482.19155855489,6657.331905183128,3960.1915585548904,2697.140346628237,1760.0,346.0,75.0,0,0.518495600001188
475,L1100I3,15,15,15,9397.844,334,15,1,22,5622.073721354744,7340.843691153161,4135.073721354744,3205.769969798416,1670.0,312.0,75.0,0,0.5796006000018679
475,H8,15,15,15,10592.504,401,15,1,31,6375.749802523321,8142.503682487886,4276.749802523322,3865.7538799645713,2005.0,370.0,75.0,0,0.7614554999745451
476,L1100_C2,13,13,13,8022.809,262,13,1,19,5309.0,6402.809190798834,3960.0,2442.809190798835,1310.0,245.0,65.0,0,0.510072900011437
476,L1100I3,13,13,13,8353.02,288,13,1,22,5735.220077657677,6575.020381526757,4177.220077657678,2397.800303869078,1440.0,273.0,65.0,0,0.29427929999656044
476,H8,13,13,13,9451.514,450,13,1,31,6801.749802523322,6702.514414950956,4276.749802523322,2425.7646124276375,2250.0,434.0,65.0,0,0.6314072000095621
477,L1100_C2,15,15,15,7787.005,242,15,1,19,5272.550747698568,6274.005305269036,3961.550747698567,2312.454557570471,1210.0,228.0,75.0,0,0.6004885000002105
477,L1100I3,15,15,15,8915.332,278,15,1,22,5612.088253520933,7198.332194523887,4174.088253520933,3024.243941002956,1390.0,252.0,75.0,0,0.6765628999855835
477,H8,15,15,15,9195.052,378,15,1,31,6351.486870544261,6875.052043816891,4289.486870544262,2585.5651732726324,1890.0,355.0,75.0,0,0.5810132999904454
478,L1100_C2,13,13,13,7085.834,246,13,1,19,5363.0,5546.833711083841,3960.0,1586.8337110838409,1230.0,244.0,65.0,0,0.3106227999960538
478,L1100I3,13,13,13,7957.321,270,13,1,22,5658.073721354744,6277.321007393283,4135.073721354744,2142.247286038539,1350.0,265.0,65.0,0,0.3324399999983143
478,H8,13,13,13,8642.384,369,13,1,31,6375.749802523321,6372.383803137265,4276.749802523322,2095.6340006139462,1845.0,360.0,65.0,0,0.40740930000902154
479,L1100_C2,16,16,16,5935.497,238,16,1,19,2253.0,4432.496631166722,1540.0,2892.4966311667213,1190.0,233.0,80.0,0,0.5748045000073034
479,L1100I3,16,16,16,6615.639,278,16,1,22,2556.401317872119,4875.639299852221,1724.401317872119,3151.2379819801013,1390.0,270.0,80.0,0,0.6600212999910582
479,H8,16,16,16,8192.013,287,16,1,31,5527.116024379914,6400.013143047074,3927.116024379914,2472.8971186671624,1435.0,277.0,80.0,0,0.379249699995853
480,L1100_C2,13,13,13,8333.76,315,13,1,19,5363.0,6392.759615185675,3960.0,2432.7596151856774,1575.0,301.0,65.0,0,0.6514299999980722
480,L1100I3,13,13,13,7971.311,294,13,1,22,5676.073721354744,6152.310836414355,4135.073721354744,2017.2371150596116,1470.0,284.0,65.0,0,0.3239987000124529
480,H8,13,13,13,8974.826,419,13,1,31,6692.205013847725,6404.826301962646,4294.205013847726,2110.621288114917,2095.0,410.0,65.0,0,0.3742263999884017
481,L1100_C2,16,16,16,8573.727,256,16,1,19,4877.405416882006,6981.727026144778,3745.4054168820066,3236.321609262773,1280.0,232.0,80.0,0,0.9629333000048064
481,L1100I3,16,16,16,8793.02,294,16,1,22,5080.073721354744,6963.020126531152,3695.0737213547436,3267.9464051764094,1470.0,280.0,80.0,0,0.4161032999982126
481,H8,16,16,16,8426.726,366,16,1,31,5591.7981145659105,6156.725656926369,3529.798114565911,2626.9275423604563,1830.0,360.0,80.0,0,0.48927930000354536
482,L1100_C2,14,14,14,7968.818,291,14,1,19,5381.0,6166.818386037418,3960.0,2206.8183860374183,1455.0,277.0,70.0,0,0.4255919999850448
482,L1100I3,14,14,14,8082.79,262,14,1,22,5669.727604394959,6462.789692039096,4269.727604394959,2193.062087644135,1310.0,240.0,70.0,0,0.4039288999920245
482,H8,14,14,14,9591.303,407,14,1,31,6555.749802523321,7094.302679613993,4276.749802523322,2817.5528770906694,2035.0,392.0,70.0,0,0.5055112999980338
483,L1100_C2,12,12,12,7094.957,242,12,1,19,5327.0,5586.957338895903,3960.0,1626.957338895904,1210.0,238.0,60.0,0,0.34260400000493973
483,L1100I3,12,12,12,7922.355,302,12,1,22,5832.073721354744,6058.354797472715,4135.073721354744,1923.2810761179717,1510.0,294.0,60.0,0,0.28708199999528006
483,H8,12,12,12,8728.101,484,12,1,31,7107.057186265003,5771.101336151634,4301.057186265004,1470.0441498866296,2420.0,477.0,60.0,0,0.2963049000245519
484,L1100_C2,11,11,11,7504.087,275,11,1,19,5501.0,5809.087243829446,3960.0,1849.087243829446,1375.0,265.0,55.0,0,0.3138697999820579
484,L1100I3,11,11,11,9950.408,407,11,1,22,5814.073721354744,7469.407801857256,4135.073721354744,3334.3340805025196,2035.0,391.0,55.0,0,0.9973133000021335
484,H8,11,11,11,9633.265,441,11,1,31,6795.749802523321,6942.2649254858625,4276.749802523322,2665.515122962545,2205.0,431.0,55.0,0,0.33273819999885745
485,L1100_C2,15,15,15,8203.287,297,15,1,19,5327.0,6363.286767912309,3960.0,2403.2867679123096,1485.0,280.0,75.0,0,0.6390101999859326
485,L1100I3,15,15,15,8804.469,269,15,1,22,5448.073721354744,7141.468578852693,4135.073721354744,3006.3948574979527,1345.0,243.0,75.0,0,0.7918015000177547
485,H8,15,15,15,9219.737,424,15,1,31,6430.402953693546,6624.736897543739,4296.402953693547,2328.3339438501976,2120.0,400.0,75.0,0,0.6686973000178114
486,L1100_C2,15,15,15,7248.498,217,15,1,19,5165.754291229441,5877.498083864483,3961.754291229441,1915.7437926350422,1085.0,211.0,75.0,0,0.42602240000269376
486,L1100I3,15,15,15,8704.681,225,15,1,22,5244.073721354744,7300.680718367534,4135.073721354744,3165.606997012792,1125.0,204.0,75.0,0,0.6074070000031497
486,H8,15,15,15,8715.005,331,15,1,31,6087.749802523321,6670.0050360869545,4276.749802523322,2393.2552335636333,1655.0,315.0,75.0,0,0.5764787999796681
487,L1100_C2,12,12,12,7874.858,267,12,1,19,5459.0,6220.858457757358,3960.0,2260.8584577573606,1335.0,259.0,60.0,0,0.5034818999993149
487,L1100I3,12,12,12,8159.447,305,12,1,22,5925.147806863633,6274.446686580819,4169.147806863633,2105.2988797171847,1525.0,300.0,60.0,0,0.332494999980554
487,H8,12,12,12,9386.088,463,12,1,31,6909.749802523322,6563.087648914678,4276.749802523322,2286.3378463913564,2315.0,448.0,60.0,0,0.4677586999896448
488,L1100_C2,12,12,12,8275.402,309,12,1,19,5520.162867407338,6384.401988913213,3969.162867407338,2415.239121505878,1545.0,286.0,60.0,0,0.5248474999971222
488,L1100I3,12,12,12,9062.096,339,12,1,22,5838.073721354744,6996.096358884403,4135.073721354744,2861.0226375296606,1695.0,311.0,60.0,0,0.399866399995517
488,H8,12,12,12,8992.508,450,12,1,31,6874.208924131339,6252.507836004677,4327.208924131339,1925.298911873341,2250.0,430.0,60.0,0,0.576565399998799
489,L1100_C2,15,15,15,8553.783,327,15,1,19,5543.0,6535.783125618722,3960.0,2575.783125618724,1635.0,308.0,75.0,0,0.6679719999956433
489,L1100I3,15,15,15,9621.022,387,15,1,22,5943.188957335394,7229.021837630733,4181.188957335394,3047.832880295341,1935.0,382.0,75.0,0,0.6301264000067022
489,H8,15,15,15,9347.04,398,15,1,31,6501.749802523321,6901.04003306582,4276.749802523322,2624.290230542498,1990.0,381.0,75.0,0,0.5560078999842517
490,L1100_C2,14,14,14,8074.323,256,14,1,19,5243.0,6476.322628105135,3960.0,2516.322628105134,1280.0,248.0,70.0,0,0.6019477999943774
490,L1100I3,14,14,14,8479.978,299,14,1,22,5634.073721354744,6628.977825402739,4135.073721354744,2493.9041040479924,1495.0,286.0,70.0,0,0.5150132999988273
490,H8,14,14,14,8854.988,355,14,1,31,6309.749802523321,6658.987905327307,4276.749802523322,2382.2381028039854,1775.0,351.0,70.0,0,0.30474429999594577
491,L1100_C2,15,15,15,8304.276,289,15,1,19,5375.0,6517.275892806415,3960.0,2557.275892806413,1445.0,267.0,75.0,0,0.37773040001047775
491,L1100I3,15,15,15,9196.865,358,15,1,22,5676.073721354744,6988.865181585387,4135.073721354744,2853.7914602306437,1790.0,343.0,75.0,0,0.7215762000123505
491,H8,15,15,15,10168.278,408,15,1,31,6501.749802523321,7670.277652968473,4276.749802523322,3393.5278504451508,2040.0,383.0,75.0,0,0.4987296999897808
492,L1100_C2,15,15,15,7434.919,239,15,1,19,5273.0,5933.919152463134,3960.0,1973.9191524631337,1195.0,231.0,75.0,0,0.5611914999899454
492,L1100I3,15,15,15,8884.296,254,15,1,22,5541.053196771999,7312.296091966664,4254.053196771999,3058.242895194664,1270.0,227.0,75.0,0,0.4937919000221882
492,H8,15,15,15,9063.981,350,15,1,31,6189.749802523321,6906.981190992943,4276.749802523322,2630.2313884696205,1750.0,332.0,75.0,0,0.6728133999858983
493,L1100_C2,12,12,12,7506.951,260,12,1,19,5442.579171677931,5893.9510824555,3968.5791716779313,1925.37191077757,1300.0,253.0,60.0,0,0.3615646999969613
493,L1100I3,12,12,12,8567.693,302,12,1,22,5821.6528930326795,6707.692953027605,4143.6528930326795,2564.0400599949285,1510.0,290.0,60.0,0,0.3655265999841504
493,H8,12,12,12,8662.861,398,12,1,31,6561.749802523321,6222.860774453485,4276.749802523322,1946.1109719301628,1990.0,390.0,60.0,0,0.32987720001256093
494,L1100_C2,15,15,15,7838.617,236,15,1,19,5089.016244475526,6360.617294745062,3963.0162444755265,2397.6010502695362,1180.0,223.0,75.0,0,0.5918054000067059
494,L1100I3,15,15,15,8890.024,250,15,1,22,5322.073721354744,7333.023980809985,4135.073721354744,3197.9502594552428,1250.0,232.0,75.0,0,0.5793070000072476
494,H8,15,15,15,9071.577,316,15,1,31,6011.017667685019,7121.5770405842595,4291.01766768502,2830.559372899242,1580.0,295.0,75.0,0,0.7817623000009917
495,L1100_C2,11,11,11,7118.609,269,11,1,19,5387.0,5465.6094601766035,3960.0,1505.6094601766056,1345.0,253.0,55.0,0,0.3767315000004601
495,L1100I3,11,11,11,7535.842,283,11,1,22,5724.073721354744,5789.842140665305,4135.073721354744,1654.768419310559,1415.0,276.0,55.0,0,0.3141033999854699
495,H8,11,11,11,9024.419,454,11,1,31,6843.749802523321,6261.418972996638,4276.749802523322,1984.669170473316,2270.0,438.0,55.0,0,0.36811609999858774
496,L1100_C2,15,15,15,7358.837,224,15,1,19,5216.5145229631,5947.836613516452,3994.5145229631,1953.3220905533542,1120.0,216.0,75.0,0,0.3438348999770824
496,L1100I3,15,15,15,9241.564,262,15,1,22,5490.073721354744,7620.564108008197,4135.073721354744,3485.4903866534532,1310.0,236.0,75.0,0,0.5661915999953635
496,H8,15,15,15,8927.456,372,15,1,31,6363.749802523321,6632.455596149066,4276.749802523322,2355.7057936257443,1860.0,360.0,75.0,0,0.5455499999807216
497,L1100_C2,16,16,16,6499.78,180,16,1,19,4057.4247762638693,5354.779719627759,3130.424776263869,2224.354943363892,900.0,165.0,80.0,0,0.6638553999946453
497,L1100I3,16,16,16,9714.481,286,16,1,22,3876.0737213547436,7930.481386142857,2815.0737213547436,5115.407664788115,1430.0,274.0,80.0,0,0.5818655999901239
497,H8,16,16,16,8303.027,344,16,1,31,4834.656066667242,6188.026631426965,3071.656066667242,3116.370564759725,1720.0,315.0,80.0,0,0.9920320000092033
498,L1100_C2,12,12,12,7636.815,248,12,1,19,5357.0,6093.814875962154,3960.0,2133.8148759621536,1240.0,243.0,60.0,0,0.37962100000004284
498,L1100I3,12,12,12,8061.575,273,12,1,22,5658.073721354744,6373.574912467772,4135.073721354744,2238.5011911130287,1365.0,263.0,60.0,0,0.3273443999933079
498,H8,12,12,12,9209.26,401,12,1,31,6585.749802523322,6748.259994878372,4276.749802523322,2471.510192355049,2005.0,396.0,60.0,0,0.30295209999894723
499,L1100_C2,10,10,10,7736.985,324,10,1,19,5669.0,5756.985413938531,3960.0,1796.985413938532,1620.0,310.0,50.0,0,0.29096969999955036
499,L1100I3,10,10,10,7890.139,345,10,1,22,6014.112558960731,5783.138978628932,4168.112558960731,1615.0264196682017,1725.0,332.0,50.0,0,0.23430730000836775
499,H8,10,10,10,8375.953,396,10,1,31,6531.749802523321,5961.952665703873,4276.749802523322,1685.2028631805515,1980.0,384.0,50.0,0,0.3990110000013374
500,L1100_C2,16,16,16,6036.884,235,16,1,19,3366.5155676982113,4552.88416980263,2427.5155676982113,2125.3686021044186,1175.0,229.0,80.0,0,0.5549798999854829
500,L1100I3,16,16,16,6846.388,169,16,1,22,3440.0737213547436,5765.388105993409,2595.0737213547436,3170.3143846386683,845.0,156.0,80.0,0,0.5444372000056319
500,H8,16,16,16,7678.288,256,16,1,31,4936.296678769006,6084.287964336947,3629.296678769006,2454.991285567941,1280.0,234.0,80.0,0,0.7904501000011805
