case,strategy,source_count,detected_channels,cleared_channels,total_virtual_time_s,measure_actions,clear_actions,all_cleared,search_sites,search_end_time_s,movement_time_s,search_movement_time_s,post_search_movement_time_s,detection_time_s,switching_time_s,clearing_time_s,failed_clear_actions,origin_discoveries,selected_route,pruned_observations,coobservations,delayed_decision,probe_new,connection_m,b_order_m,wall_time_s
1,Cplus3F,16,16,16,9067.179,468,16,1,27,6223.8452803688815,6200.179462257452,3753.845280368883,2446.3341818885665,2340.0,447.0,80.0,0,0,B,0,0,,,,,0.1941559000115376
1,DG_k1_t0,16,16,16,9329.175,488,16,1,27,6485.840464349319,6342.17464623789,3895.840464349321,2446.3341818885665,2440.0,467.0,80.0,0,0,B,0,0,B,0,,,0.18309979999321513
1,DG2_k3_t1_R,16,16,16,9213.199,429,16,1,27,6374.191332540431,6568.199050270315,4067.191332540432,2501.0077177298826,2145.0,420.0,80.0,0,0,B,0,0,B,0,235.5167982314916,20015.301068666482,0.30803620000369847
1,C3FDirect,16,16,16,12724.789,699,16,1,29,6283.9178079968715,8478.789408321009,3641.91780799687,4836.871600324137,3495.0,671.0,80.0,0,0,C,394,237,,,,,0.5183875000220723
2,Cplus3F,16,16,16,9805.185,435,16,1,27,6334.240764451689,7142.184827558612,4035.2407644516907,3106.9440631069206,2175.0,408.0,80.0,0,0,B,0,0,,,,,0.7019266999850515
2,DG_k1_t0,16,16,16,10067.18,455,16,1,27,6596.235948432128,7284.18001153905,4177.235948432129,3106.9440631069206,2275.0,428.0,80.0,0,0,B,0,0,B,0,,,0.8806168000155594
2,DG2_k3_t1_R,16,16,16,9068.314,518,16,1,29,5724.545836693158,5891.313624288145,3383.545836693157,2507.767787594989,2590.0,507.0,80.0,0,0,C,253,145,C,2,,,0.47606810001889244
2,C3FDirect,16,16,16,9068.314,518,16,1,29,5724.545836693158,5891.313624288145,3383.545836693157,2507.767787594989,2590.0,507.0,80.0,0,0,C,253,145,,,,,0.5409331000118982
3,Cplus3F,16,16,16,9351.331,471,16,1,27,6456.149571113901,6475.330886221457,3963.1495711139023,2512.1813151075553,2355.0,441.0,80.0,0,0,B,0,0,,,,,0.3719223999942187
3,DG_k1_t0,16,16,16,9613.326,491,16,1,27,6718.14475509434,6617.326070201895,4105.14475509434,2512.1813151075553,2455.0,461.0,80.0,0,0,B,0,0,B,0,,,0.36929650002275594
3,DG2_k3_t1_R,16,16,16,8350.745,393,16,1,27,5548.20492203756,5941.745262136783,3426.204922037561,2515.540340099222,1965.0,364.0,80.0,0,0,B,0,0,B,1,235.5167982314916,20015.301068666482,0.2783939999935683
3,C3FDirect,16,16,16,13378.503,754,16,1,29,5971.689142201937,8786.502604385983,3467.6891422019366,5318.813462184046,3770.0,742.0,80.0,0,0,C,478,296,,,,,0.8016078000073321
4,Cplus3F,16,16,16,8750.974,419,16,1,27,6036.452879188458,6177.973709782443,3667.452879188457,2510.520830593985,2095.0,398.0,80.0,0,0,B,0,0,,,,,0.3460047999978997
4,DG_k1_t0,16,16,16,9012.969,439,16,1,27,6298.448063168897,6319.968893762881,3809.448063168895,2510.520830593985,2195.0,418.0,80.0,0,0,B,0,0,B,0,,,0.43129740000586025
4,DG2_k3_t1_R,16,16,16,8823.387,404,16,1,27,6475.109032168034,6332.38744905289,4147.109032168034,2185.2784168848557,2020.0,391.0,80.0,0,0,B,0,0,B,0,235.5167982314916,20015.301068666482,0.541138200002024
4,C3FDirect,16,16,16,10667.224,588,16,1,29,6466.660254508763,7075.223851796608,3668.6602545087608,3406.56359728785,2940.0,572.0,80.0,0,0,C,248,129,,,,,0.4499478999932762
5,Cplus3F,16,16,16,8813.389,495,16,1,27,5140.923632890109,5778.38885345772,3056.923632890109,2721.4652205676125,2475.0,480.0,80.0,0,0,B,0,0,,,,,0.437547799985623
5,DG_k1_t0,16,16,16,9075.384,515,16,1,27,5402.918816870548,5920.384037438158,3198.918816870547,2721.4652205676125,2575.0,500.0,80.0,0,0,B,0,0,B,0,,,0.4306827000109479
5,DG2_k3_t1_R,16,16,16,10031.759,537,16,1,27,5608.176204544314,6743.758570393789,3434.176204544314,3309.582365849476,2685.0,523.0,80.0,0,0,B,0,0,B,0,235.5167982314916,20015.301068666482,0.49147290000109933
5,C3FDirect,16,16,16,10258.846,611,16,1,29,6341.606248749132,6541.846453324543,3652.606248749128,2889.240204575418,3055.0,582.0,80.0,0,0,C,332,175,,,,,0.5030103000171948
6,Cplus3F,16,16,16,9039.357,466,16,1,27,6201.4498112936435,6181.3574159454965,3848.449811293645,2332.90760465185,2330.0,448.0,80.0,0,0,B,0,0,,,,,0.6786946999782231
6,DG_k1_t0,16,16,16,9301.353,486,16,1,27,6463.444995274082,6323.352599925935,3990.444995274083,2332.90760465185,2430.0,468.0,80.0,0,0,B,0,0,B,0,,,0.7854180999856908
6,DG2_k3_t1_R,16,16,16,8716.759,380,16,1,27,6505.7066421375175,6366.7585935271845,4326.7066421375175,2040.0519513896677,1900.0,370.0,80.0,0,0,B,0,1,B,1,235.5167982314916,20015.301068666482,0.43368619997636415
6,C3FDirect,16,16,16,10673.083,557,16,1,29,6203.0993627526495,7274.083428488603,3670.0993627526495,3603.9840657359528,2785.0,534.0,80.0,0,0,C,243,142,,,,,0.6290786000026856
7,Cplus3F,16,16,16,9282.633,476,16,1,27,6124.693957947566,6366.63349711351,3802.693957947566,2563.939539165944,2380.0,456.0,80.0,0,0,B,0,0,,,,,0.37545540000428446
7,DG_k1_t0,16,16,16,13985.985,740,16,1,29,6069.451869069322,9489.984843202199,3692.451869069322,5797.532974132883,3700.0,716.0,80.0,0,0,C,478,299,C,1,,,1.1927958999876864
7,DG2_k3_t1_R,16,16,16,13985.985,740,16,1,29,6069.451869069322,9489.984843202199,3692.451869069322,5797.532974132883,3700.0,716.0,80.0,0,0,C,478,299,C,3,,,1.1741308000055142
7,C3FDirect,16,16,16,13985.985,740,16,1,29,6069.451869069322,9489.984843202199,3692.451869069322,5797.532974132883,3700.0,716.0,80.0,0,0,C,478,299,,,,,1.2411010999931023
8,Cplus3F,16,16,16,9135.794,447,16,1,27,6204.922197055151,6392.793754137444,3783.922197055152,2608.871557082292,2235.0,428.0,80.0,0,0,B,0,0,,,,,0.29849720001220703
8,DG_k1_t0,16,16,16,9397.789,467,16,1,27,6466.91738103559,6534.788938117882,3925.91738103559,2608.871557082292,2335.0,448.0,80.0,0,0,B,0,0,B,0,,,0.3740315999893937
8,DG2_k3_t1_R,16,16,16,8918.55,416,16,1,27,6482.531571173582,6355.549928389034,4109.531571173582,2246.018357215453,2080.0,403.0,80.0,0,0,B,0,0,B,0,235.5167982314916,20015.301068666482,0.39065310001024045
8,C3FDirect,16,16,16,10723.461,601,16,1,29,5592.701123714515,7052.460902560959,3290.701123714515,3761.7597788464464,3005.0,586.0,80.0,0,0,C,367,195,,,,,0.7169789999898057
9,Cplus3F,16,16,16,10124.163,534,16,1,27,6308.677344792087,6854.163116168569,3972.6773447920878,2881.4857713764827,2670.0,520.0,80.0,0,0,B,0,0,,,,,0.7108859000145458
9,DG_k1_t0,16,16,16,11682.898,611,16,1,29,5729.428314063209,7958.897734784461,3316.428314063208,4642.469420721252,3055.0,589.0,80.0,0,0,C,461,206,C,1,,,0.732792700000573
9,DG2_k3_t1_R,16,16,16,11682.898,611,16,1,29,5729.428314063209,7958.897734784461,3316.428314063208,4642.469420721252,3055.0,589.0,80.0,0,0,C,461,206,C,2,,,0.7485339999839198
9,C3FDirect,16,16,16,11682.898,611,16,1,29,5729.428314063209,7958.897734784461,3316.428314063208,4642.469420721252,3055.0,589.0,80.0,0,0,C,461,206,,,,,0.7424257000093348
10,Cplus3F,16,16,16,7665.134,370,16,1,27,6169.1547598193065,5368.134370571333,3990.1547598193074,1377.979610752028,1850.0,367.0,80.0,0,0,B,0,0,,,,,0.20477979999850504
10,DG_k1_t0,16,16,16,7927.13,390,16,1,27,6431.149943799745,5510.129554551771,4132.149943799745,1377.979610752028,1950.0,387.0,80.0,0,0,B,0,0,B,0,,,0.21999240000150166
10,DG2_k3_t1_R,16,16,16,9395.927,482,16,1,27,6348.287754670504,6430.9274383927195,4120.287754670504,2310.639683722218,2410.0,475.0,80.0,0,0,B,0,1,B,1,235.5167982314916,20015.301068666482,0.6144270999939181
10,C3FDirect,16,16,16,9405.131,538,16,1,29,5918.556524914334,6101.130883399414,3481.5565249143333,2619.57435848508,2690.0,534.0,80.0,0,0,C,270,153,,,,,0.339339199999813
11,Cplus3F,16,16,16,9775.797,532,16,1,27,6520.443372837368,6514.796728500541,4055.44337283737,2459.3533556631705,2660.0,521.0,80.0,0,0,B,0,0,,,,,0.338157099991804
11,DG_k1_t0,16,16,16,10037.792,552,16,1,27,6782.438556817807,6656.791912480977,4197.438556817808,2459.3533556631705,2760.0,541.0,80.0,0,0,B,0,0,B,0,,,0.32098669998231344
11,DG2_k3_t1_R,16,16,16,10091.691,589,16,1,27,6853.130840340963,6488.690985316373,4104.130840340964,2384.5601449754113,2945.0,578.0,80.0,0,0,B,0,1,B,1,235.5167982314916,20015.301068666482,0.4106309000053443
11,C3FDirect,16,16,16,10310.809,582,16,1,29,6055.0887653777845,6749.809196475483,3468.088765377782,3281.7204310977,2910.0,571.0,80.0,0,0,C,251,143,,,,,0.43596279999474064
12,Cplus3F,16,16,16,8408.87,440,16,1,27,6487.782901626799,5699.8698007452585,3942.7829016267997,1757.086899118457,2200.0,429.0,80.0,0,0,B,0,0,,,,,0.4351480999903288
12,DG_k1_t0,16,16,16,8670.865,460,16,1,27,6749.778085607238,5841.864984725695,4084.7780856072372,1757.086899118457,2300.0,449.0,80.0,0,0,B,0,0,B,0,,,0.48838990001240745
12,DG2_k3_t1_R,16,16,16,8762.535,464,16,1,27,6492.359029817209,5917.53479398956,3898.35902981721,2019.1757641723482,2320.0,445.0,80.0,0,0,B,0,1,B,1,235.5167982314916,20015.301068666482,0.47103889999561943
12,C3FDirect,16,16,16,10995.253,656,16,1,29,5760.737267111616,6999.253498526466,3483.737267111615,3515.5162314148542,3280.0,636.0,80.0,0,0,C,309,285,,,,,0.7938500000163913
13,Cplus3F,16,16,16,10073.898,536,16,1,27,6310.268039129493,6787.897959329784,3930.2680391294953,2857.6299202002897,2680.0,526.0,80.0,0,0,B,0,0,,,,,0.5865841000049841
13,DG_k1_t0,16,16,16,10335.893,556,16,1,27,6572.263223109932,6929.893143310221,4072.2632231099333,2857.6299202002897,2780.0,546.0,80.0,0,0,B,0,0,B,0,,,0.5779166000138503
13,DG2_k3_t1_R,16,16,16,11798.048,637,16,1,29,6298.1243535457215,7922.048131972717,3632.1243535457206,4289.923778426998,3185.0,611.0,80.0,0,0,C,421,166,C,2,,,0.6129760000039823
13,C3FDirect,16,16,16,11798.048,637,16,1,29,6298.1243535457215,7922.048131972717,3632.1243535457206,4289.923778426998,3185.0,611.0,80.0,0,0,C,421,166,,,,,0.6474276999942958
14,Cplus3F,16,16,16,8991.453,363,16,1,27,5677.559865840371,6757.453259745055,3803.559865840372,2953.893393904686,1815.0,339.0,80.0,0,0,B,0,0,,,,,0.7125374000170268
14,DG_k1_t0,16,16,16,9830.826,534,16,1,29,6184.594107432295,6558.826102115534,3669.5941074322945,2889.2319946832426,2670.0,522.0,80.0,0,0,C,332,136,C,2,,,0.5169869000092149
14,DG2_k3_t1_R,16,16,16,9830.826,534,16,1,29,6184.594107432295,6558.826102115534,3669.5941074322945,2889.2319946832426,2670.0,522.0,80.0,0,0,C,332,136,C,3,,,0.5183253000141121
14,C3FDirect,16,16,16,9830.826,534,16,1,29,6184.594107432295,6558.826102115534,3669.5941074322945,2889.2319946832426,2670.0,522.0,80.0,0,0,C,332,136,,,,,0.4949532999889925
15,Cplus3F,16,16,16,8263.629,390,16,1,27,5727.60741727468,5850.628886473981,3756.607417274681,2094.0214691992987,1950.0,383.0,80.0,0,0,B,0,0,,,,,0.4391079999913927
15,DG_k1_t0,16,16,16,8525.624,410,16,1,27,5989.602601255118,5992.624070454417,3898.602601255119,2094.0214691992987,2050.0,403.0,80.0,0,0,B,0,0,B,0,,,0.3962411000102293
15,DG2_k3_t1_R,16,16,16,10286.28,528,16,1,27,6625.620624431278,7055.279855463084,4053.6206244312784,3001.659231031806,2640.0,511.0,80.0,0,0,B,0,1,B,1,235.5167982314916,20015.301068666482,0.476100600004429
15,C3FDirect,16,16,16,12353.254,756,16,1,29,5502.261698837936,7744.253583666052,3142.261698837935,4601.99188482812,3780.0,749.0,80.0,0,0,C,522,315,,,,,1.7238546999869868
16,Cplus3F,16,16,16,8998.645,410,16,1,27,6057.293432276914,6465.6447283974485,3787.2934322769165,2678.351296120531,2050.0,403.0,80.0,0,0,B,0,0,,,,,0.6656823999946937
16,DG_k1_t0,16,16,16,9260.64,430,16,1,27,6319.288616257352,6607.639912377886,3929.2886162573545,2678.351296120531,2150.0,423.0,80.0,0,0,B,0,0,B,0,,,0.5072446000122
16,DG2_k3_t1_R,16,16,16,10108.55,505,16,1,27,6587.767179298728,7009.549762489714,4083.7671792987285,2925.782583190984,2525.0,494.0,80.0,0,0,B,0,0,B,1,235.5167982314916,20015.301068666482,0.8687355000001844
16,C3FDirect,16,16,16,11879.527,702,16,1,29,5955.785351736666,7595.527221426045,3481.785351736664,4113.741869689384,3510.0,694.0,80.0,0,0,C,438,255,,,,,1.2574258999957237
17,Cplus3F,16,16,16,10291.423,522,16,1,27,6199.043603448966,7096.42261576787,3805.043603448968,3291.3790123189024,2610.0,505.0,80.0,0,0,B,0,0,,,,,1.1145891000051051
17,DG_k1_t0,16,16,16,10553.418,542,16,1,27,6461.038787429404,7238.417799748308,3947.038787429406,3291.3790123189024,2710.0,525.0,80.0,0,0,B,0,0,B,0,,,1.1723814999859314
17,DG2_k3_t1_R,16,16,16,9899.671,555,16,1,27,6834.57966502633,6493.6713885981635,4110.579665026331,2383.091723571833,2775.0,551.0,80.0,0,0,B,0,0,B,0,235.5167982314916,20015.301068666482,0.4681350000028033
17,C3FDirect,16,16,16,10245.808,594,16,1,29,5382.0285438667315,6612.808279141139,3154.0285438667306,3458.77973527441,2970.0,583.0,80.0,0,0,C,423,212,,,,,1.4537529000081122
18,Cplus3F,16,16,16,8806.226,379,16,1,27,4991.288513679236,6482.226249193968,3093.2885136792374,3388.9377355147326,1895.0,349.0,80.0,0,0,B,0,0,,,,,0.920407300000079
18,DG_k1_t0,16,16,16,9583.278,529,16,1,29,6286.1820364749265,6357.2779295538085,3657.1820364749265,2700.095893078887,2645.0,501.0,80.0,0,0,C,189,102,C,1,,,0.9158304999873508
18,DG2_k3_t1_R,16,16,16,9069.57,426,16,1,27,6586.399367207599,6448.5700131338435,4150.3993672076,2298.170645926242,2130.0,411.0,80.0,0,0,B,0,2,B,1,235.5167982314916,20015.301068666482,0.5359838000149466
18,C3FDirect,16,16,16,9583.278,529,16,1,29,6286.1820364749265,6357.2779295538085,3657.1820364749265,2700.095893078887,2645.0,501.0,80.0,0,0,C,189,102,,,,,0.9216638999932911
19,Cplus3F,16,16,16,9257.427,475,16,1,27,6178.661484218459,6338.427059935059,3814.6614842184595,2523.7655757166017,2375.0,464.0,80.0,0,0,B,0,0,,,,,0.6919805000070482
19,DG_k1_t0,16,16,16,9519.422,495,16,1,27,6440.656668198898,6480.422243915497,3956.6566681988975,2523.7655757166017,2475.0,484.0,80.0,0,0,B,0,0,B,0,,,0.6847598999738693
19,DG2_k3_t1_R,16,16,16,9416.551,445,16,1,27,6574.161739613938,6675.5513578938235,4120.161739613937,2555.389618279886,2225.0,436.0,80.0,0,0,B,0,0,B,0,235.5167982314916,20015.301068666482,0.4506470000196714
19,C3FDirect,16,16,16,13097.882,685,16,1,29,6177.503298862164,8929.882424989077,3644.5032988621633,5285.379126126917,3425.0,663.0,80.0,0,0,C,488,237,,,,,1.3473153999948408
20,Cplus3F,16,16,16,9125.35,442,16,1,27,5609.123896742048,6399.349562987922,3615.1238967420495,2784.225666245872,2210.0,436.0,80.0,0,0,B,0,0,,,,,0.8721365999954287
20,DG_k1_t0,16,16,16,9387.345,462,16,1,27,5871.119080722487,6541.344746968359,3757.1190807224875,2784.225666245872,2310.0,456.0,80.0,0,0,B,0,0,B,0,,,0.8619842000189237
20,DG2_k3_t1_R,16,16,16,10996.536,613,16,1,29,6036.981049436751,7252.5357241532,3520.9810494367503,3731.554674716453,3065.0,599.0,80.0,0,0,C,473,173,C,3,,,1.6998699000105262
20,C3FDirect,16,16,16,10996.536,613,16,1,29,6036.981049436751,7252.5357241532,3520.9810494367503,3731.554674716453,3065.0,599.0,80.0,0,0,C,473,173,,,,,1.7039165000023786
21,Cplus3F,16,16,16,10524.51,495,16,1,27,6246.257434910372,7482.510409991236,3995.257434910373,3487.2529750808635,2475.0,487.0,80.0,0,0,B,0,0,,,,,1.4299823000037577
21,DG_k1_t0,16,16,16,10786.506,515,16,1,27,6508.2526188908105,7624.505593971674,4137.2526188908105,3487.2529750808635,2575.0,507.0,80.0,0,0,B,0,0,B,0,,,1.4129061999847181
21,DG2_k3_t1_R,16,16,16,10651.902,532,16,1,27,6732.55288923068,7387.901565148711,4085.55288923068,3302.3486759180305,2660.0,524.0,80.0,0,0,B,0,1,B,1,235.5167982314916,20015.301068666482,0.752512699982617
21,C3FDirect,16,16,16,10850.031,555,16,1,29,6017.391772951916,7462.0309643647115,3574.3917729519158,3887.6391914127985,2775.0,533.0,80.0,0,0,C,382,160,,,,,0.7614151000161655
22,Cplus3F,16,16,16,9475.796,416,16,1,27,6231.791898274918,6928.796142546268,3966.79189827492,2962.004244271347,2080.0,387.0,80.0,0,0,B,0,0,,,,,1.2724465999926906
22,DG_k1_t0,16,16,16,10332.151,531,16,1,29,6237.265129644534,7075.1510597025945,3729.2651296445306,3345.885930058064,2655.0,522.0,80.0,0,0,C,233,143,C,1,,,0.6312994000036269
22,DG2_k3_t1_R,16,16,16,10332.151,531,16,1,29,6237.265129644534,7075.1510597025945,3729.2651296445306,3345.885930058064,2655.0,522.0,80.0,0,0,C,233,143,C,2,,,0.6276907000283245
22,C3FDirect,16,16,16,10332.151,531,16,1,29,6237.265129644534,7075.1510597025945,3729.2651296445306,3345.885930058064,2655.0,522.0,80.0,0,0,C,233,143,,,,,0.5801803000213113
23,Cplus3F,16,16,16,9319.339,457,16,1,27,5902.571750841753,6529.338833262301,3601.5717508417542,2927.767082420546,2285.0,425.0,80.0,0,0,B,0,0,,,,,1.1539542000100482
23,DG_k1_t0,16,16,16,9581.334,477,16,1,27,6164.566934822192,6671.334017242741,3743.5669348221927,2927.767082420546,2385.0,445.0,80.0,0,0,B,0,0,B,0,,,1.1711771999835037
23,DG2_k3_t1_R,16,16,16,8936.211,396,16,1,27,6358.799640105349,6491.211386516534,4081.799640105349,2409.4117464111837,1980.0,385.0,80.0,0,0,B,0,0,B,1,235.5167982314916,20015.301068666482,0.8543976999935694
23,C3FDirect,16,16,16,12637.798,654,16,1,29,6269.688796434559,8661.79757085707,3645.6887964345574,5016.108774422515,3270.0,626.0,80.0,0,0,C,409,191,,,,,1.4140544999972917
24,Cplus3F,16,16,16,8799.053,416,16,1,27,6056.020593893304,6231.053059851428,3821.0205938933063,2410.03246595812,2080.0,408.0,80.0,0,0,B,0,0,,,,,0.8001814000017475
24,DG_k1_t0,16,16,16,9671.757,507,16,1,29,5869.508914973182,6568.7573056863475,3473.5089149731825,3095.248390713169,2535.0,488.0,80.0,0,0,C,329,115,C,1,,,1.128411200013943
24,DG2_k3_t1_R,16,16,16,9671.757,507,16,1,29,5869.508914973182,6568.7573056863475,3473.5089149731825,3095.248390713169,2535.0,488.0,80.0,0,0,C,329,115,C,2,,,1.1213348000019323
24,C3FDirect,16,16,16,9671.757,507,16,1,29,5869.508914973182,6568.7573056863475,3473.5089149731825,3095.248390713169,2535.0,488.0,80.0,0,0,C,329,115,,,,,1.1164006999752019
25,Cplus3F,16,16,16,7879.741,369,16,1,27,4587.4854417985825,5598.74114980768,2918.485441798584,2680.2557080090965,1845.0,356.0,80.0,0,0,B,0,0,,,,,0.7434530000027735
25,DG_k1_t0,16,16,16,8141.736,389,16,1,27,4849.4806257790215,5740.736333788118,3060.480625779022,2680.2557080090965,1945.0,376.0,80.0,0,0,B,0,0,B,0,,,0.7296912000165321
25,DG2_k3_t1_R,16,16,16,11653.233,665,16,1,29,6222.9456581930945,7596.232711345034,3635.945658193092,3960.2870531519416,3325.0,652.0,80.0,0,0,C,398,222,C,2,,,1.0135826999903657
25,C3FDirect,16,16,16,11653.233,665,16,1,29,6222.9456581930945,7596.232711345034,3635.945658193092,3960.2870531519416,3325.0,652.0,80.0,0,0,C,398,222,,,,,1.0267321999999695
26,Cplus3F,16,16,16,9468.352,409,16,1,27,6259.708836262442,6952.351879801167,4003.7088362624436,2948.643043538724,2045.0,391.0,80.0,0,0,B,0,0,,,,,0.8746109000057913
26,DG_k1_t0,16,16,16,11775.168,666,16,1,29,6220.9226400424905,7712.168368346505,3709.92264004249,4002.245728304023,3330.0,653.0,80.0,0,0,C,483,218,C,1,,,1.55007110000588
26,DG2_k3_t1_R,16,16,16,11775.168,666,16,1,29,6220.9226400424905,7712.168368346505,3709.92264004249,4002.245728304023,3330.0,653.0,80.0,0,0,C,483,218,C,2,,,1.5373031999915838
26,C3FDirect,16,16,16,11775.168,666,16,1,29,6220.9226400424905,7712.168368346505,3709.92264004249,4002.245728304023,3330.0,653.0,80.0,0,0,C,483,218,,,,,1.5630747000104748
27,Cplus3F,16,16,16,8703.916,435,16,1,27,4824.538123959431,6019.916387508521,3001.538123959432,3018.378263549089,2175.0,429.0,80.0,0,0,B,0,0,,,,,1.0585348999884445
27,DG_k1_t0,16,16,16,8965.912,455,16,1,27,5086.53330793987,6161.911571488959,3143.53330793987,3018.378263549089,2275.0,449.0,80.0,0,0,B,0,0,B,0,,,1.0420319999975618
27,DG2_k3_t1_R,16,16,16,11328.178,642,16,1,29,5513.514081590957,7407.177857993531,3129.5140815909576,4277.663776402572,3210.0,631.0,80.0,0,0,C,333,239,C,2,,,1.2772632999985944
27,C3FDirect,16,16,16,11328.178,642,16,1,29,5513.514081590957,7407.177857993531,3129.5140815909576,4277.663776402572,3210.0,631.0,80.0,0,0,C,333,239,,,,,1.2972780000127386
28,Cplus3F,16,16,16,9450.322,466,16,1,27,6360.282838181619,6600.321557741467,3939.282838181621,2661.038719559844,2330.0,440.0,80.0,0,0,B,0,0,,,,,1.1417305000068154
28,DG_k1_t0,16,16,16,9712.317,486,16,1,27,6622.278022162058,6742.3167417219065,4081.278022162059,2661.038719559844,2430.0,460.0,80.0,0,0,B,0,0,B,0,,,1.1547692000167444
28,DG2_k3_t1_R,16,16,16,10063.445,515,16,1,27,6443.055459708981,6909.444923920066,4070.055459708982,2839.3894642110836,2575.0,499.0,80.0,0,0,B,0,0,B,0,235.5167982314916,20015.301068666482,1.3336068000062369
28,C3FDirect,16,16,16,10131.772,568,16,1,29,6183.155233957194,6659.771948650786,3517.155233957193,3142.616714693596,2840.0,552.0,80.0,0,0,C,256,125,,,,,1.1501073999970686
29,Cplus3F,16,16,16,10090.42,525,16,1,27,5987.676227098366,6871.420255149744,3777.6762270983677,3093.7440280513774,2625.0,514.0,80.0,0,0,B,0,0,,,,,0.971129400015343
29,DG_k1_t0,16,16,16,12051.719,657,16,1,29,6316.821002807625,8038.719488561939,3669.8210028076237,4368.898485754318,3285.0,648.0,80.0,0,0,C,312,210,C,1,,,1.0270126000104938
29,DG2_k3_t1_R,16,16,16,12051.719,657,16,1,29,6316.821002807625,8038.719488561939,3669.8210028076237,4368.898485754318,3285.0,648.0,80.0,0,0,C,312,210,C,2,,,1.0223153000115417
29,C3FDirect,16,16,16,12051.719,657,16,1,29,6316.821002807625,8038.719488561939,3669.8210028076237,4368.898485754318,3285.0,648.0,80.0,0,0,C,312,210,,,,,1.0181240999954753
30,Cplus3F,16,16,16,9104.651,442,16,1,27,6105.494576076166,6388.650621614469,3817.494576076165,2571.156045538306,2210.0,426.0,80.0,0,0,B,0,0,,,,,1.0396071000141092
30,DG_k1_t0,16,16,16,9366.646,462,16,1,27,6367.489760056605,6530.645805594907,3959.489760056603,2571.156045538306,2310.0,446.0,80.0,0,0,B,0,0,B,0,,,1.0369368999963626
30,DG2_k3_t1_R,16,16,16,9807.569,472,16,1,27,6734.473085653278,6912.56938111126,4086.4730856532765,2826.0962954579827,2360.0,455.0,80.0,0,0,B,0,1,B,1,235.5167982314916,20015.301068666482,0.8480065999901854
30,C3FDirect,16,16,16,11194.952,601,16,1,29,5937.906379003227,7522.951787714468,3529.9063790032246,3993.0454087112475,3005.0,587.0,80.0,0,0,C,397,205,,,,,1.1173502000165172
31,Cplus3F,16,16,16,10416.584,499,16,1,27,6347.402455963969,7360.584018343435,3958.402455963971,3402.181562379464,2495.0,481.0,80.0,0,0,B,0,0,,,,,1.6087933999951929
31,DG_k1_t0,16,16,16,10678.579,519,16,1,27,6609.397639944407,7502.579202323873,4100.397639944409,3402.181562379464,2595.0,501.0,80.0,0,0,B,0,0,B,0,,,1.624197599972831
31,DG2_k3_t1_R,16,16,16,9822.392,440,16,1,27,5468.446249050206,7121.3921417340325,3450.4462490502065,3670.9458926838256,2200.0,421.0,80.0,0,0,B,0,0,B,1,235.5167982314916,20015.301068666482,1.651420300011523
31,C3FDirect,16,16,16,11900.897,681,16,1,29,5750.008468084082,7750.897301832932,3312.008468084081,4438.888833748853,3405.0,665.0,80.0,0,0,C,544,246,,,,,1.5784449000202585
32,Cplus3F,16,16,16,7123.439,310,16,1,27,4797.916790484605,5189.438614244707,3063.916790484606,2125.5218237601007,1550.0,304.0,80.0,0,0,B,0,0,,,,,0.63196450000396
32,DG_k1_t0,16,16,16,7385.434,330,16,1,27,5059.911974465044,5331.433798225145,3205.9119744650434,2125.5218237601007,1650.0,324.0,80.0,0,0,B,0,0,B,0,,,0.6332539999857545
32,DG2_k3_t1_R,16,16,16,9642.772,566,16,1,29,6318.9016274018595,6174.7715590079615,3652.901627401857,2521.869931606108,2830.0,558.0,80.0,0,0,C,209,139,C,3,,,1.0345960999839008
32,C3FDirect,16,16,16,9642.772,566,16,1,29,6318.9016274018595,6174.7715590079615,3652.901627401857,2521.869931606108,2830.0,558.0,80.0,0,0,C,209,139,,,,,1.0173920999804977
33,Cplus3F,16,16,16,10045.013,562,16,1,27,5669.392655918705,6613.013225339555,3527.392655918706,3085.620569420852,2810.0,542.0,80.0,0,0,B,0,0,,,,,1.1538657000055537
33,DG_k1_t0,16,16,16,10307.008,582,16,1,27,5931.387839899144,6755.008409319992,3669.387839899144,3085.620569420852,2910.0,562.0,80.0,0,0,B,0,0,B,0,,,1.1625568000017665
33,DG2_k3_t1_R,16,16,16,10692.978,552,16,1,29,6224.636550075284,7322.9776263513895,3636.6365500752822,3686.3410762761077,2760.0,530.0,80.0,0,0,C,261,124,C,2,,,0.681243800005177
33,C3FDirect,16,16,16,10692.978,552,16,1,29,6224.636550075284,7322.9776263513895,3636.6365500752822,3686.3410762761077,2760.0,530.0,80.0,0,0,C,261,124,,,,,0.6829552999988664
34,Cplus3F,16,16,16,8421.415,356,16,1,27,5808.59671856267,6212.415357279591,3840.59671856267,2371.8186387169226,1780.0,349.0,80.0,0,0,B,0,0,,,,,0.738758699997561
34,DG_k1_t0,16,16,16,8683.411,376,16,1,27,6070.591902543108,6354.410541260028,3982.5919025431076,2371.8186387169226,1880.0,369.0,80.0,0,0,B,0,0,B,0,,,0.731872399977874
34,DG2_k3_t1_R,16,16,16,9245.995,505,16,1,29,5866.448461438537,6155.9949003176025,3476.4484614385365,2679.546438879068,2525.0,485.0,80.0,0,0,C,213,117,C,2,,,1.1571593999979086
34,C3FDirect,16,16,16,9245.995,505,16,1,29,5866.448461438537,6155.9949003176025,3476.4484614385365,2679.546438879068,2525.0,485.0,80.0,0,0,C,213,117,,,,,1.155594599986216
35,Cplus3F,16,16,16,10451.619,551,16,1,27,6136.091059532934,7071.619407460987,3799.0910595329356,3272.5283479280524,2755.0,545.0,80.0,0,0,B,0,0,,,,,1.043185699993046
35,DG_k1_t0,16,16,16,11458.948,611,16,1,29,6391.0540146758185,7748.94750257872,3653.054014675818,4095.893487902901,3055.0,575.0,80.0,0,0,C,264,148,C,1,,,0.9312733999977354
35,DG2_k3_t1_R,16,16,16,10128.885,545,16,1,27,5736.723810442432,6797.884861084076,3471.7238104424323,3326.161050641644,2725.0,526.0,80.0,0,0,B,0,2,B,1,235.5167982314916,20015.301068666482,1.0834811000095215
35,C3FDirect,16,16,16,11458.948,611,16,1,29,6391.0540146758185,7748.94750257872,3653.054014675818,4095.893487902901,3055.0,575.0,80.0,0,0,C,264,148,,,,,0.9185312000045087
36,Cplus3F,16,16,16,8976.056,402,16,1,27,5987.8851340882175,6502.056466928963,3758.8851340882206,2743.1713328407423,2010.0,384.0,80.0,0,0,B,0,0,,,,,1.0169847999932244
36,DG_k1_t0,16,16,16,9238.052,422,16,1,27,6249.880318068656,6644.051650909401,3900.8803180686587,2743.1713328407423,2110.0,404.0,80.0,0,0,B,0,0,B,0,,,1.0138374000089243
36,DG2_k3_t1_R,16,16,16,10216.514,506,16,1,27,6393.083239767319,7116.514195612981,3894.0832397673216,3222.43095584566,2530.0,490.0,80.0,0,0,B,0,0,B,0,235.5167982314916,20015.301068666482,0.9258778000075836
36,C3FDirect,16,16,16,10236.995,554,16,1,29,6265.375111767874,6842.995307685634,3695.3751117678726,3147.6201959177633,2770.0,544.0,80.0,0,0,C,331,138,,,,,0.8029918000102043
37,Cplus3F,16,16,16,8484.231,375,16,1,27,5885.48841097263,6165.23101962136,3764.4884109726318,2400.7426086487276,1875.0,364.0,80.0,0,0,B,0,0,,,,,0.7717839000106324
37,DG_k1_t0,16,16,16,8746.226,395,16,1,27,6147.483594953068,6307.226203601798,3906.4835949530698,2400.7426086487276,1975.0,384.0,80.0,0,0,B,0,0,B,0,,,0.7707183999882545
37,DG2_k3_t1_R,16,16,16,11737.148,642,16,1,29,5387.962897234285,7819.148251215376,3139.962897234285,4679.185353981095,3210.0,628.0,80.0,0,0,C,491,221,C,2,,,2.5828837000008207
37,C3FDirect,16,16,16,11737.148,642,16,1,29,5387.962897234285,7819.148251215376,3139.962897234285,4679.185353981095,3210.0,628.0,80.0,0,0,C,491,221,,,,,2.5980645999952685
38,Cplus3F,16,16,16,8611.789,401,16,1,27,6019.367648230382,6144.788612417812,3760.3676482303845,2384.4209641874277,2005.0,382.0,80.0,0,0,B,0,0,,,,,1.0548761000100058
38,DG_k1_t0,16,16,16,10093.389,572,16,1,29,6017.992701846003,6600.388896953485,3464.992701846002,3135.396195107485,2860.0,553.0,80.0,0,0,C,391,149,C,1,,,1.175220300006913
38,DG2_k3_t1_R,16,16,16,9211.196,430,16,1,27,6359.801209895436,6566.196116599223,4057.8012098954378,2508.394906703787,2150.0,415.0,80.0,0,0,B,0,2,B,1,235.5167982314916,20015.301068666482,1.1403724999981932
38,C3FDirect,16,16,16,10093.389,572,16,1,29,6017.992701846003,6600.388896953485,3464.992701846002,3135.396195107485,2860.0,553.0,80.0,0,0,C,391,149,,,,,1.167771399981575
39,Cplus3F,16,16,16,9573.603,457,16,1,27,6069.606731870543,6775.6032298483415,3813.6067318705436,2961.9964979778006,2285.0,433.0,80.0,0,0,B,0,0,,,,,0.692332600010559
39,DG_k1_t0,16,16,16,9835.598,477,16,1,27,6331.601915850981,6917.5984138287795,3955.6019158509816,2961.9964979778006,2385.0,453.0,80.0,0,0,B,0,0,B,0,,,0.6958331000059843
39,DG2_k3_t1_R,16,16,16,12687.491,660,16,1,29,6193.0071864809715,8664.490821643374,3672.007186480969,4992.4836351624035,3300.0,643.0,80.0,0,0,C,461,213,C,3,,,1.1463705000060145
39,C3FDirect,16,16,16,12687.491,660,16,1,29,6193.0071864809715,8664.490821643374,3672.007186480969,4992.4836351624035,3300.0,643.0,80.0,0,0,C,461,213,,,,,1.1424162000184879
40,Cplus3F,16,16,16,8917.338,384,16,1,27,5839.463280706537,6557.337982547334,3753.463280706539,2803.874701840794,1920.0,360.0,80.0,0,0,B,0,0,,,,,0.793473300000187
40,DG_k1_t0,16,16,16,10627.527,535,16,1,29,6059.211128894493,7374.52746749438,3573.211128894492,3801.31633859989,2675.0,498.0,80.0,0,0,C,395,128,C,1,,,1.0591875000100117
40,DG2_k3_t1_R,16,16,16,10627.527,535,16,1,29,6059.211128894493,7374.52746749438,3573.211128894492,3801.31633859989,2675.0,498.0,80.0,0,0,C,395,128,C,2,,,1.0896413000009488
40,C3FDirect,16,16,16,10627.527,535,16,1,29,6059.211128894493,7374.52746749438,3573.211128894492,3801.31633859989,2675.0,498.0,80.0,0,0,C,395,128,,,,,1.085265800007619
41,Cplus3F,16,16,16,9737.431,486,16,1,27,6037.424828777725,6758.431295588378,3773.4248287777273,2985.0064668106506,2430.0,469.0,80.0,0,0,B,0,0,,,,,0.8119017999852076
41,DG_k1_t0,16,16,16,9999.426,506,16,1,27,6299.4200127581635,6900.426479568816,3915.4200127581653,2985.0064668106506,2530.0,489.0,80.0,0,0,B,0,0,B,0,,,0.8207511999935377
41,DG2_k3_t1_R,16,16,16,12000.761,631,16,1,29,5592.9647841243095,8148.760978522324,3279.9647841243077,4868.79619439802,3155.0,617.0,80.0,0,0,C,387,239,C,2,,,1.045651699998416
41,C3FDirect,16,16,16,12000.761,631,16,1,29,5592.9647841243095,8148.760978522324,3279.9647841243077,4868.79619439802,3155.0,617.0,80.0,0,0,C,387,239,,,,,1.0353803999896627
42,Cplus3F,16,16,16,7579.145,319,16,1,27,4738.461868010183,5592.145429608332,3031.4618680101844,2560.683561598148,1595.0,312.0,80.0,0,0,B,0,0,,,,,0.48815960000501946
42,DG_k1_t0,16,16,16,9876.407,541,16,1,29,6283.065165391743,6566.407286077822,3696.065165391741,2870.34212068608,2705.0,525.0,80.0,0,0,C,211,144,C,3,,,0.7278927000006661
42,DG2_k3_t1_R,16,16,16,9876.407,541,16,1,29,6283.065165391743,6566.407286077822,3696.065165391741,2870.34212068608,2705.0,525.0,80.0,0,0,C,211,144,C,4,,,0.7287453000026289
42,C3FDirect,16,16,16,9876.407,541,16,1,29,6283.065165391743,6566.407286077822,3696.065165391741,2870.34212068608,2705.0,525.0,80.0,0,0,C,211,144,,,,,0.7330385000095703
43,Cplus3F,16,16,16,8616.423,390,16,1,27,6193.495196012361,6204.423278404327,3970.495196012362,2233.928082391962,1950.0,382.0,80.0,0,0,B,0,0,,,,,0.5116277000051923
43,DG_k1_t0,16,16,16,8878.418,410,16,1,27,6455.4903799928,6346.418462384763,4112.4903799928,2233.928082391962,2050.0,402.0,80.0,0,0,B,0,0,B,0,,,0.5107751000032295
43,DG2_k3_t1_R,16,16,16,10191.06,469,16,1,27,6402.267817539723,7307.059985516721,4101.267817539723,3205.7921679769975,2345.0,459.0,80.0,0,0,B,0,0,B,1,235.5167982314916,20015.301068666482,0.7312903999991249
43,C3FDirect,16,16,16,12339.141,698,16,1,29,6109.589935389951,8093.141127890901,3528.5899353899504,4564.551192500954,3490.0,676.0,80.0,0,0,C,439,248,,,,,1.3163097000215203
44,Cplus3F,16,16,16,10328.911,463,16,1,27,6052.334573205656,7480.910699285079,3867.334573205657,3613.5761260794247,2315.0,453.0,80.0,0,0,B,0,0,,,,,1.2503111000114586
44,DG_k1_t0,16,16,16,10590.906,483,16,1,27,6314.329757186095,7622.905883265516,4009.3297571860944,3613.5761260794247,2415.0,473.0,80.0,0,0,B,0,0,B,0,,,1.2459282999916468
44,DG2_k3_t1_R,16,16,16,10187.709,510,16,1,27,6665.525809589166,7050.708544063412,4113.525809589167,2937.182734474248,2550.0,507.0,80.0,0,0,B,0,1,B,1,235.5167982314916,20015.301068666482,0.8406241000047885
44,C3FDirect,16,16,16,9210.022,518,16,1,29,5582.817450278227,6037.02195736046,3280.8174502782263,2756.204507082234,2590.0,503.0,80.0,0,0,C,380,137,,,,,1.3755823000101373
45,Cplus3F,16,16,16,9572.475,457,16,1,27,6115.189893653939,6761.475010396064,3804.18989365394,2957.2851167421254,2285.0,446.0,80.0,0,0,B,0,0,,,,,0.5838722000189591
45,DG_k1_t0,16,16,16,9834.47,477,16,1,27,6377.185077634378,6903.470194376502,3946.185077634378,2957.2851167421254,2385.0,466.0,80.0,0,0,B,0,0,B,0,,,0.5833282000094187
45,DG2_k3_t1_R,16,16,16,12107.823,577,16,1,29,6040.016188649484,8630.823194021506,3631.0161886494843,4999.807005372025,2885.0,512.0,80.0,0,0,C,334,139,C,2,,,1.7457226999977138
45,C3FDirect,16,16,16,12107.823,577,16,1,29,6040.016188649484,8630.823194021506,3631.0161886494843,4999.807005372025,2885.0,512.0,80.0,0,0,C,334,139,,,,,1.748572000011336
46,Cplus3F,16,16,16,8344.574,417,16,1,27,5705.484524946843,5765.574362618845,3634.484524946845,2131.0898376720006,2085.0,414.0,80.0,0,0,B,0,0,,,,,0.5591712000023108
46,DG_k1_t0,16,16,16,8606.57,437,16,1,27,5967.479708927281,5907.569546599283,3776.479708927283,2131.0898376720006,2185.0,434.0,80.0,0,0,B,0,0,B,0,,,0.5442161000100896
46,DG2_k3_t1_R,16,16,16,8828.654,429,16,1,27,6611.8445930957905,6186.654221576681,4120.8445930957905,2065.8096284808903,2145.0,417.0,80.0,0,0,B,0,1,B,1,235.5167982314916,20015.301068666482,0.6988322999968659
46,C3FDirect,16,16,16,9364.734,489,16,1,29,5793.0362761122815,6357.734194502834,3554.03627611228,2803.697918390554,2445.0,482.0,80.0,0,0,C,356,138,,,,,0.9905028000066523
47,Cplus3F,16,16,16,8835.267,440,16,1,27,5962.036882905001,6120.267203947683,3764.036882905002,2356.2303210426803,2200.0,435.0,80.0,0,0,B,0,0,,,,,0.599312700011069
47,DG_k1_t0,16,16,16,11015.098,616,16,1,29,5440.053621754667,7248.097925834803,3115.053621754668,4133.044304080137,3080.0,607.0,80.0,0,0,C,286,211,C,1,,,0.9207258000096772
47,DG2_k3_t1_R,16,16,16,11015.098,616,16,1,29,5440.053621754667,7248.097925834803,3115.053621754668,4133.044304080137,3080.0,607.0,80.0,0,0,C,286,211,C,2,,,0.9229450999991968
47,C3FDirect,16,16,16,11015.098,616,16,1,29,5440.053621754667,7248.097925834803,3115.053621754668,4133.044304080137,3080.0,607.0,80.0,0,0,C,286,211,,,,,0.8978917000058573
48,Cplus3F,16,16,16,8594.228,386,16,1,27,5633.865952638118,6199.227521861252,3616.8659526381193,2582.3615692231338,1930.0,385.0,80.0,0,0,B,0,0,,,,,0.47323299999698065
48,DG_k1_t0,16,16,16,11305.555,624,16,1,29,6125.807011952391,7497.555120107803,3633.8070119523895,3863.7481081554183,3120.0,608.0,80.0,0,0,C,377,201,C,1,,,1.2701703000057023
48,DG2_k3_t1_R,16,16,16,11305.555,624,16,1,29,6125.807011952391,7497.555120107803,3633.8070119523895,3863.7481081554183,3120.0,608.0,80.0,0,0,C,377,201,C,2,,,1.2951099000056274
48,C3FDirect,16,16,16,11305.555,624,16,1,29,6125.807011952391,7497.555120107803,3633.8070119523895,3863.7481081554183,3120.0,608.0,80.0,0,0,C,377,201,,,,,1.2661681000026874
49,Cplus3F,16,16,16,9351.167,410,16,1,27,5888.000618621854,6841.167192416189,3768.000618621857,3073.166573794333,2050.0,380.0,80.0,0,0,B,0,0,,,,,1.176224099996034
49,DG_k1_t0,16,16,16,9613.162,430,16,1,27,6149.995802602293,6983.162376396628,3909.995802602295,3073.166573794333,2150.0,400.0,80.0,0,0,B,0,0,B,0,,,1.153208200004883
49,DG2_k3_t1_R,16,16,16,11045.217,613,16,1,29,6358.809258212034,7303.216635101131,3638.8092582120335,3664.4073768891026,3065.0,597.0,80.0,0,0,C,278,153,C,3,,,1.0619022000173572
49,C3FDirect,16,16,16,11045.217,613,16,1,29,6358.809258212034,7303.216635101131,3638.8092582120335,3664.4073768891026,3065.0,597.0,80.0,0,0,C,278,153,,,,,1.0669828999962192
50,Cplus3F,16,16,16,8660.49,370,16,1,27,5450.6190271315245,6384.489782493069,3612.6190271315263,2771.870755361542,1850.0,346.0,80.0,0,0,B,0,0,,,,,0.9957167999818921
50,DG_k1_t0,16,16,16,8922.485,390,16,1,27,5712.614211111963,6526.484966473506,3754.6142111119643,2771.870755361542,1950.0,366.0,80.0,0,0,B,0,0,B,0,,,0.98754510001163
50,DG2_k3_t1_R,16,16,16,10982.199,574,16,1,29,6185.954042335023,7475.198858975545,3706.9540423350213,3768.2448166405243,2870.0,557.0,80.0,0,0,C,404,162,C,3,,,1.0258550000144169
50,C3FDirect,16,16,16,10982.199,574,16,1,29,6185.954042335023,7475.198858975545,3706.9540423350213,3768.2448166405243,2870.0,557.0,80.0,0,0,C,404,162,,,,,1.020937799999956
51,Cplus3F,16,16,16,10623.77,607,16,1,27,6071.12558663329,6903.770272312127,3671.1255866332913,3232.644685678841,3035.0,605.0,80.0,0,0,B,0,0,,,,,0.9596826999913901
51,DG_k1_t0,16,16,16,10885.765,627,16,1,27,6333.12077061373,7045.765456292567,3813.1207706137293,3232.644685678841,3135.0,625.0,80.0,0,0,B,0,0,B,0,,,0.9479959000018425
51,DG2_k3_t1_R,16,16,16,11325.639,597,16,1,27,6742.376427163866,7674.639430877847,4149.3764271638665,3525.263003713981,2985.0,586.0,80.0,0,0,B,0,0,B,0,235.5167982314916,20015.301068666482,0.973171799996635
51,C3FDirect,16,16,16,10533.544,563,16,1,29,5823.675906618687,7106.544140027175,3361.6759066186864,3744.8682334084892,2815.0,532.0,80.0,0,0,C,276,115,,,,,0.9486807000066619
52,Cplus3F,16,16,16,8679.335,381,16,1,27,5964.77464953215,6326.334515274011,3801.7746495321517,2524.559865741858,1905.0,368.0,80.0,0,0,B,0,0,,,,,0.8879745999875013
52,DG_k1_t0,16,16,16,8941.33,401,16,1,27,6226.769833512589,6468.329699254448,3943.7698335125897,2524.559865741858,2005.0,388.0,80.0,0,0,B,0,0,B,0,,,0.883551399980206
52,DG2_k3_t1_R,16,16,16,9149.11,395,16,1,27,6302.160831038845,6712.110350066241,4090.160831038845,2621.949519027396,1975.0,382.0,80.0,0,0,B,0,0,B,1,235.5167982314916,20015.301068666482,1.0660201999999117
52,C3FDirect,16,16,16,9365.657,517,16,1,29,6126.8387224356065,6202.657273714638,3526.8387224356056,2675.8185512790324,2585.0,498.0,80.0,0,0,C,228,103,,,,,0.5823162000160664
53,Cplus3F,16,16,16,8595.831,413,16,1,27,5885.050475941034,6049.8306332284665,3758.050475941036,2291.780157287432,2065.0,401.0,80.0,0,0,B,0,0,,,,,0.7179505999956746
53,DG_k1_t0,16,16,16,8857.826,433,16,1,27,6147.045659921473,6191.8258172089045,3900.045659921474,2291.780157287432,2165.0,421.0,80.0,0,0,B,0,0,B,0,,,0.7136353999958374
53,DG2_k3_t1_R,16,16,16,12537.753,730,16,1,29,6289.020004763137,8092.753410350243,3636.0200047631365,4456.733405587109,3650.0,715.0,80.0,0,0,C,435,258,C,3,,,1.8823695000028238
53,C3FDirect,16,16,16,12537.753,730,16,1,29,6289.020004763137,8092.753410350243,3636.0200047631365,4456.733405587109,3650.0,715.0,80.0,0,0,C,435,258,,,,,1.8983120000048075
54,Cplus3F,16,16,16,8715.427,398,16,1,27,6228.40238910485,6265.427437482164,4068.402389104852,2197.025048377313,1990.0,380.0,80.0,0,0,B,0,0,,,,,0.5812685000128113
54,DG_k1_t0,16,16,16,8977.423,418,16,1,27,6490.397573085289,6407.422621462602,4210.397573085289,2197.025048377313,2090.0,400.0,80.0,0,0,B,0,0,B,0,,,0.5884853000170551
54,DG2_k3_t1_R,16,16,16,8626.469,502,16,1,29,5377.876907519878,5549.469310135904,3131.8769075198775,2417.5924026160287,2510.0,487.0,80.0,0,0,C,204,145,C,2,,,0.6986463000066578
54,C3FDirect,16,16,16,8626.469,502,16,1,29,5377.876907519878,5549.469310135904,3131.8769075198775,2417.5924026160287,2510.0,487.0,80.0,0,0,C,204,145,,,,,0.6955014999839477
55,Cplus3F,16,16,16,8690.003,374,16,1,27,5806.639573059455,6388.002792948986,3700.639573059457,2687.3632198895302,1870.0,352.0,80.0,0,0,B,0,0,,,,,0.6998601999948733
55,DG_k1_t0,16,16,16,8951.998,394,16,1,27,6068.634757039895,6529.997976929424,3842.634757039895,2687.3632198895302,1970.0,372.0,80.0,0,0,B,0,0,B,0,,,0.703652800002601
55,DG2_k3_t1_R,16,16,16,8617.414,374,16,1,27,6324.548685661843,6301.413507288683,4139.548685661844,2161.8648216268402,1870.0,366.0,80.0,0,0,B,0,0,B,0,235.5167982314916,20015.301068666482,0.4622346000105608
55,C3FDirect,16,16,16,11103.866,596,16,1,29,5779.323452541469,7469.865756524694,3280.3234525414678,4189.542303983228,2980.0,574.0,80.0,0,0,C,398,174,,,,,0.8933175999845844
56,Cplus3F,16,16,16,8585.224,389,16,1,27,5914.691627259358,6190.224108700057,3750.6916272593594,2439.532481440696,1945.0,370.0,80.0,0,0,B,0,0,,,,,0.3587559000006877
56,DG_k1_t0,16,16,16,10427.554,572,16,1,29,6170.247771696759,6942.553678024388,3641.2477716967583,3301.3059063276323,2860.0,545.0,80.0,0,0,C,302,162,C,1,,,1.2057820000045467
56,DG2_k3_t1_R,16,16,16,8607.728,403,16,1,27,6192.907033888689,6123.7282298887585,3885.90703388869,2237.8211960000704,2015.0,389.0,80.0,0,0,B,0,2,B,1,235.5167982314916,20015.301068666482,0.4919002999959048
56,C3FDirect,16,16,16,10427.554,572,16,1,29,6170.247771696759,6942.553678024388,3641.2477716967583,3301.3059063276323,2860.0,545.0,80.0,0,0,C,302,162,,,,,1.2071530999965034
57,Cplus3F,16,16,16,8959.63,401,16,1,27,5751.035220580103,6499.629681370019,3583.0352205801046,2916.5944607899155,2005.0,375.0,80.0,0,0,B,0,0,,,,,0.8002127999789082
57,DG_k1_t0,16,16,16,9221.625,421,16,1,27,6013.030404560542,6641.624865350458,3725.0304045605426,2916.5944607899155,2105.0,395.0,80.0,0,0,B,0,0,B,0,,,0.7982688999909442
57,DG2_k3_t1_R,16,16,16,8910.577,398,16,1,27,6351.2631098437,6457.576972929614,4063.263109843699,2394.3138630859144,1990.0,383.0,80.0,0,0,B,0,0,B,0,235.5167982314916,20015.301068666482,0.6344119999848772
57,C3FDirect,16,16,16,12686.521,654,16,1,29,6161.54050639794,8703.520602915618,3616.5405063979383,5086.980096517683,3270.0,633.0,80.0,0,0,C,608,198,,,,,1.5534675999952015
58,Cplus3F,16,16,16,8890.1,383,16,1,27,5738.136276258475,6526.099864041123,3649.1362762584763,2876.9635877826454,1915.0,369.0,80.0,0,0,B,0,0,,,,,0.8064641999953892
58,DG_k1_t0,16,16,16,9152.095,403,16,1,27,6000.131460238914,6668.09504802156,3791.1314602389143,2876.9635877826454,2015.0,389.0,80.0,0,0,B,0,0,B,0,,,0.8008754000184126
58,DG2_k3_t1_R,16,16,16,10114.436,549,16,1,29,5950.293554791855,6755.435698720874,3519.293554791854,3236.1421439290225,2745.0,534.0,80.0,0,0,C,373,147,C,2,,,1.061109900008887
58,C3FDirect,16,16,16,10114.436,549,16,1,29,5950.293554791855,6755.435698720874,3519.293554791854,3236.1421439290225,2745.0,534.0,80.0,0,0,C,373,147,,,,,1.028770800010534
59,Cplus3F,16,16,16,9428.787,484,16,1,27,5765.684563077246,6467.787465393258,3658.6845630772464,2809.102902316013,2420.0,461.0,80.0,0,0,B,0,0,,,,,1.1513306999986526
59,DG_k1_t0,16,16,16,10980.492,615,16,1,29,6216.810634882927,7239.492019087903,3634.810634882924,3604.6813842049787,3075.0,586.0,80.0,0,0,C,301,197,C,1,,,0.7699721000099089
59,DG2_k3_t1_R,16,16,16,9722.904,468,16,1,27,6605.912452340841,6856.90392488687,4138.912452340841,2717.99147254603,2340.0,446.0,80.0,0,0,B,0,2,B,1,235.5167982314916,20015.301068666482,0.8825016000191681
59,C3FDirect,16,16,16,10980.492,615,16,1,29,6216.810634882927,7239.492019087903,3634.810634882924,3604.6813842049787,3075.0,586.0,80.0,0,0,C,301,197,,,,,0.7525567000266165
60,Cplus3F,16,16,16,8693.308,392,16,1,27,5930.500536966874,6268.307534367201,3822.5005369668756,2445.8069974003274,1960.0,385.0,80.0,0,0,B,0,0,,,,,0.6590396999963559
60,DG_k1_t0,16,16,16,8292.633,467,16,1,29,5654.198250739264,5421.632770451811,3361.198250739263,2060.4345197125485,2335.0,456.0,80.0,0,0,C,255,116,C,1,,,0.9862220000068191
60,DG2_k3_t1_R,16,16,16,8292.633,467,16,1,29,5654.198250739264,5421.632770451811,3361.198250739263,2060.4345197125485,2335.0,456.0,80.0,0,0,C,255,116,C,2,,,1.0010374000121374
60,C3FDirect,16,16,16,8292.633,467,16,1,29,5654.198250739264,5421.632770451811,3361.198250739263,2060.4345197125485,2335.0,456.0,80.0,0,0,C,255,116,,,,,1.0066066999861505
61,Cplus3F,16,16,16,10589.594,517,16,1,27,6244.068312679032,7425.593757548215,3932.068312679034,3493.5254448691835,2585.0,499.0,80.0,0,0,B,0,0,,,,,1.27004879998276
61,DG_k1_t0,16,16,16,10851.589,537,16,1,27,6506.06349665947,7567.588941528654,4074.063496659472,3493.5254448691835,2685.0,519.0,80.0,0,0,B,0,0,B,0,,,1.2867582000035327
61,DG2_k3_t1_R,16,16,16,11083.02,580,16,1,29,5642.908136459299,7533.020486608632,3283.9081364592994,4249.112350149337,2900.0,570.0,80.0,0,0,C,364,187,C,2,,,0.7562601999961771
61,C3FDirect,16,16,16,11083.02,580,16,1,29,5642.908136459299,7533.020486608632,3283.9081364592994,4249.112350149337,2900.0,570.0,80.0,0,0,C,364,187,,,,,0.7607865000027232
62,Cplus3F,16,16,16,8368.914,354,16,1,27,5588.327622619291,6185.914434625337,3618.327622619292,2567.586812006047,1770.0,333.0,80.0,0,0,B,0,0,,,,,0.8794579999812413
62,DG_k1_t0,16,16,16,8630.91,374,16,1,27,5850.322806599729,6327.909618605775,3760.32280659973,2567.586812006047,1870.0,353.0,80.0,0,0,B,0,0,B,0,,,0.8739013999875169
62,DG2_k3_t1_R,16,16,16,10508.8,619,16,1,29,5971.046961594297,6721.8004580825345,3534.046961594298,3187.753496488235,3095.0,612.0,80.0,0,0,C,378,204,C,3,,,1.1742565000022296
62,C3FDirect,16,16,16,10508.8,619,16,1,29,5971.046961594297,6721.8004580825345,3534.046961594298,3187.753496488235,3095.0,612.0,80.0,0,0,C,378,204,,,,,1.1687496000085957
63,Cplus3F,16,16,16,10113.687,522,16,1,27,6091.729866564118,6905.686615712276,3810.7298665641188,3094.9567491481553,2610.0,518.0,80.0,0,0,B,0,0,,,,,0.8406758999917656
63,DG_k1_t0,16,16,16,10375.682,542,16,1,27,6353.725050544557,7047.681799692714,3952.725050544557,3094.9567491481553,2710.0,538.0,80.0,0,0,B,0,0,B,0,,,0.8375021999818273
63,DG2_k3_t1_R,16,16,16,10441.846,534,16,1,27,6748.0692135692225,7171.845786475501,4168.069213569223,3003.776572906274,2670.0,520.0,80.0,0,0,B,0,1,B,1,235.5167982314916,20015.301068666482,0.708116699999664
63,C3FDirect,16,16,16,11292.293,624,16,1,29,6238.140003728905,7483.293012767248,3675.140003728905,3808.153009038345,3120.0,609.0,80.0,0,0,C,368,193,,,,,0.9115179999789689
64,Cplus3F,16,16,16,8878.632,444,16,1,27,6142.144730132974,6149.632029943842,3768.1447301329754,2381.4872998108685,2220.0,429.0,80.0,0,0,B,0,0,,,,,0.9420255000004545
64,DG_k1_t0,16,16,16,7856.538,417,16,1,29,5023.922523026094,5286.53767203356,3030.922523026092,2255.615149007466,2085.0,405.0,80.0,0,0,C,238,111,C,1,,,0.7601960999891162
64,DG2_k3_t1_R,16,16,16,8614.821,421,16,1,27,6338.07658596522,6019.82106676752,3912.076585965221,2107.744480802298,2105.0,410.0,80.0,0,0,B,0,2,B,1,235.5167982314916,20015.301068666482,0.7928621000028215
64,C3FDirect,16,16,16,7856.538,417,16,1,29,5023.922523026094,5286.53767203356,3030.922523026092,2255.615149007466,2085.0,405.0,80.0,0,0,C,238,111,,,,,0.7502389999863226
65,Cplus3F,16,16,16,9254.893,468,16,1,27,6100.62029120958,6383.892962326113,3764.6202912095814,2619.272671116533,2340.0,451.0,80.0,0,0,B,0,0,,,,,0.605831599998055
65,DG_k1_t0,16,16,16,9516.888,488,16,1,27,6362.6154751900185,6525.888146306551,3906.6154751900194,2619.272671116533,2440.0,471.0,80.0,0,0,B,0,0,B,0,,,0.6143951999838464
65,DG2_k3_t1_R,16,16,16,10862.807,583,16,1,27,6332.678888709965,7292.806665958916,3899.6788887099656,3393.127777248946,2915.0,575.0,80.0,0,0,B,0,0,B,1,235.5167982314916,20015.301068666482,1.036244999995688
65,C3FDirect,16,16,16,12147.589,672,16,1,29,5486.23344968132,8045.588729876984,3186.233449681321,4859.355280195664,3360.0,662.0,80.0,0,0,C,362,278,,,,,0.9450787000241689
66,Cplus3F,16,16,16,7310.83,293,16,1,27,4557.607819593815,5495.8299038788,3061.607819593817,2434.2220842849833,1465.0,270.0,80.0,0,0,B,0,0,,,,,0.8840743000037037
66,DG_k1_t0,16,16,16,9788.053,526,16,1,29,5957.5161841586805,6581.053342214608,3514.5161841586796,3066.537158055934,2630.0,497.0,80.0,0,0,C,309,136,C,2,,,0.7610134999849834
66,DG2_k3_t1_R,16,16,16,9788.053,526,16,1,29,5957.5161841586805,6581.053342214608,3514.5161841586796,3066.537158055934,2630.0,497.0,80.0,0,0,C,309,136,C,4,,,0.750349300011294
66,C3FDirect,16,16,16,9788.053,526,16,1,29,5957.5161841586805,6581.053342214608,3514.5161841586796,3066.537158055934,2630.0,497.0,80.0,0,0,C,309,136,,,,,0.7699461999873165
67,Cplus3F,16,16,16,9586.208,477,16,1,27,5902.518304459798,6658.208361005327,3758.5183044598007,2899.6900565455267,2385.0,463.0,80.0,0,0,B,0,0,,,,,0.975303300016094
67,DG_k1_t0,16,16,16,9848.204,497,16,1,27,6164.513488440237,6800.203544985764,3900.5134884402387,2899.6900565455267,2485.0,483.0,80.0,0,0,B,0,0,B,0,,,0.9662647999939509
67,DG2_k3_t1_R,16,16,16,12401.792,671,16,1,29,6055.535793886131,8315.791845343563,3468.5357938861303,4847.256051457435,3355.0,651.0,80.0,0,0,C,445,202,C,2,,,1.1754950000031386
67,C3FDirect,16,16,16,12401.792,671,16,1,29,6055.535793886131,8315.791845343563,3468.5357938861303,4847.256051457435,3355.0,651.0,80.0,0,0,C,445,202,,,,,1.168435600004159
68,Cplus3F,16,16,16,8871.491,362,16,1,27,5549.567863598137,6652.49117392347,3603.567863598137,3048.923310325334,1810.0,329.0,80.0,0,0,B,0,0,,,,,1.1139552000095136
68,DG_k1_t0,16,16,16,9133.486,382,16,1,27,5811.563047578575,6794.486357903909,3745.563047578575,3048.923310325334,1910.0,349.0,80.0,0,0,B,0,0,B,0,,,1.1237493000226095
68,DG2_k3_t1_R,16,16,16,10875.939,491,16,1,27,6263.795752861732,7877.938818238661,4083.7957528617326,3794.1430653769303,2455.0,463.0,80.0,0,0,B,0,0,B,1,235.5167982314916,20015.301068666482,1.4295006000029389
68,C3FDirect,16,16,16,10160.774,532,16,1,29,6278.853635253378,6914.77368733513,3697.8536352533756,3216.920052081756,2660.0,506.0,80.0,0,0,C,357,116,,,,,0.6580460999975912
69,Cplus3F,16,16,16,10710.177,556,16,1,27,6390.690481394275,7307.177267198973,3926.690481394276,3380.4867858047,2780.0,543.0,80.0,0,0,B,0,0,,,,,1.114580699999351
69,DG_k1_t0,16,16,16,10972.172,576,16,1,27,6652.685665374714,7449.172451179413,4068.685665374714,3380.4867858047,2880.0,563.0,80.0,0,0,B,0,0,B,0,,,1.1214990000007674
69,DG2_k3_t1_R,16,16,16,11636.462,592,16,1,27,6880.219678370032,8031.461821015724,4230.219678370032,3801.2421426456967,2960.0,565.0,80.0,0,0,B,0,0,B,1,235.5167982314916,20015.301068666482,1.1263891000126023
69,C3FDirect,16,16,16,12150.055,639,16,1,29,6209.467238289709,8244.055380150116,3633.467238289708,4610.588141860408,3195.0,631.0,80.0,0,0,C,348,206,,,,,1.0613649000006262
70,Cplus3F,16,16,16,8422.067,353,16,1,27,5658.099655155094,6243.067247565426,3674.0996551550957,2568.96759241033,1765.0,334.0,80.0,0,0,B,0,0,,,,,0.6457722999912221
70,DG_k1_t0,16,16,16,8684.062,373,16,1,27,5920.094839135533,6385.0624315458645,3816.0948391355337,2568.96759241033,1865.0,354.0,80.0,0,0,B,0,0,B,0,,,0.6402703000057954
70,DG2_k3_t1_R,16,16,16,9775.625,558,16,1,29,6030.434803426648,6354.624532013845,3610.4348034266463,2744.1897285871974,2790.0,551.0,80.0,0,0,C,285,166,C,2,,,0.9196364000090398
70,C3FDirect,16,16,16,9775.625,558,16,1,29,6030.434803426648,6354.624532013845,3610.4348034266463,2744.1897285871974,2790.0,551.0,80.0,0,0,C,285,166,,,,,0.9163886999886017
71,Cplus3F,16,16,16,10805.567,624,16,1,27,6199.5119836250515,6983.566610196135,3773.511983625054,3210.0546265710827,3120.0,622.0,80.0,0,0,B,0,0,,,,,0.7435206999944057
71,DG_k1_t0,16,16,16,11327.925,586,16,1,29,6275.757032601169,7750.925441585467,3658.757032601169,4092.168408984298,2930.0,567.0,80.0,0,0,C,356,151,C,1,,,0.8921612999984063
71,DG2_k3_t1_R,16,16,16,9272.234,471,16,1,27,6310.710089304155,6381.234108940188,3908.710089304155,2472.5240196360323,2355.0,456.0,80.0,0,0,B,0,2,B,1,235.5167982314916,20015.301068666482,0.6287556999886874
71,C3FDirect,16,16,16,11327.925,586,16,1,29,6275.757032601169,7750.925441585467,3658.757032601169,4092.168408984298,2930.0,567.0,80.0,0,0,C,356,151,,,,,0.895584100013366
72,Cplus3F,16,16,16,8978.502,444,16,1,27,5975.90151945965,6238.501505357031,3766.9015194596527,2471.5999858973782,2220.0,440.0,80.0,0,0,B,0,0,,,,,0.8122271000174806
72,DG_k1_t0,16,16,16,10705.911,569,16,1,29,5559.594283734634,7244.9107233991635,3343.5942837346324,3901.316439664534,2845.0,536.0,80.0,0,0,C,384,188,C,1,,,0.9528791000193451
72,DG2_k3_t1_R,16,16,16,9520.526,458,16,1,27,6503.963746230567,6715.526427254202,4073.963746230568,2641.5626810236326,2290.0,435.0,80.0,0,0,B,0,2,B,1,235.5167982314916,20015.301068666482,0.9460208999807946
72,C3FDirect,16,16,16,10705.911,569,16,1,29,5559.594283734634,7244.9107233991635,3343.5942837346324,3901.316439664534,2845.0,536.0,80.0,0,0,C,384,188,,,,,0.9596422000031453
73,Cplus3F,16,16,16,9100.047,405,16,1,27,6173.9308076125935,6614.0474187969385,3938.9308076125953,2675.1166111843436,2025.0,381.0,80.0,0,0,B,0,0,,,,,0.9775071000040043
73,DG_k1_t0,16,16,16,9362.043,425,16,1,27,6435.925991593032,6756.0426027773765,4080.9259915930334,2675.1166111843436,2125.0,401.0,80.0,0,0,B,0,0,B,0,,,0.9798577000037767
73,DG2_k3_t1_R,16,16,16,9574.717,488,16,1,27,6682.703429139956,6577.717221374296,4069.703429139956,2508.01379223434,2440.0,477.0,80.0,0,0,B,0,0,B,1,235.5167982314916,20015.301068666482,0.8450038000009954
73,C3FDirect,16,16,16,13297.235,763,16,1,29,6193.907704616368,8651.234702017822,3660.907704616367,4990.3269974014565,3815.0,751.0,80.0,0,0,C,579,313,,,,,1.331244400003925
74,Cplus3F,16,16,16,9862.889,497,16,1,27,5663.417366176239,6826.88926580278,3590.4173661762406,3236.47189962654,2485.0,471.0,80.0,0,0,B,0,0,,,,,1.2257286999956705
74,DG_k1_t0,16,16,16,10124.884,517,16,1,27,5925.412550156678,6968.884449783219,3732.4125501566787,3236.47189962654,2585.0,491.0,80.0,0,0,B,0,0,B,0,,,1.2269594999961555
74,DG2_k3_t1_R,16,16,16,9425.066,512,16,1,29,5530.214998917498,6281.065587687981,3283.2149989174964,2997.850588770487,2560.0,504.0,80.0,0,0,C,332,146,C,2,,,0.8536549000127707
74,C3FDirect,16,16,16,9425.066,512,16,1,29,5530.214998917498,6281.065587687981,3283.2149989174964,2997.850588770487,2560.0,504.0,80.0,0,0,C,332,146,,,,,0.8336315000196919
75,Cplus3F,16,16,16,10112.315,476,16,1,27,6207.151396962517,7201.315499012522,3825.151396962518,3376.164102050008,2380.0,451.0,80.0,0,0,B,0,0,,,,,0.7169032000238076
75,DG_k1_t0,16,16,16,12274.672,680,16,1,29,6304.4885137350675,8132.671625668516,3633.4885137350675,4499.18311193345,3400.0,662.0,80.0,0,0,C,284,221,C,1,,,1.5233006999769714
75,DG2_k3_t1_R,16,16,16,12274.672,680,16,1,29,6304.4885137350675,8132.671625668516,3633.4885137350675,4499.18311193345,3400.0,662.0,80.0,0,0,C,284,221,C,2,,,1.494433299987577
75,C3FDirect,16,16,16,12274.672,680,16,1,29,6304.4885137350675,8132.671625668516,3633.4885137350675,4499.18311193345,3400.0,662.0,80.0,0,0,C,284,221,,,,,1.5104655000031926
76,Cplus3F,16,16,16,8571.443,413,16,1,27,6025.317088285599,6029.44306548388,3784.317088285601,2245.125977198277,2065.0,397.0,80.0,0,0,B,0,0,,,,,0.7481228999968152
76,DG_k1_t0,16,16,16,8833.438,433,16,1,27,6287.312272266038,6171.438249464317,3926.312272266039,2245.125977198277,2165.0,417.0,80.0,0,0,B,0,0,B,0,,,0.7524101000162773
76,DG2_k3_t1_R,16,16,16,8140.396,354,16,1,27,5157.222205326981,5954.396025300352,3282.2222053269816,2672.17381997337,1770.0,336.0,80.0,0,0,B,0,0,B,1,235.5167982314916,20015.301068666482,0.7127187000005506
76,C3FDirect,16,16,16,9894.512,553,16,1,29,6275.376892522783,6522.5123890458535,3651.3768925227823,2871.135496523074,2765.0,527.0,80.0,0,0,C,337,129,,,,,0.7501875000016298
77,Cplus3F,16,16,16,11496.743,583,16,1,27,6076.249578900677,7937.742966583248,3769.249578900679,4168.493387682573,2915.0,564.0,80.0,0,0,B,0,0,,,,,1.3304711999953724
77,DG_k1_t0,16,16,16,11758.738,603,16,1,27,6338.244762881115,8079.738150563686,3911.244762881117,4168.493387682573,3015.0,584.0,80.0,0,0,B,0,0,B,0,,,1.3373005000175908
77,DG2_k3_t1_R,16,16,16,11009.172,574,16,1,29,6053.335190598544,7495.172447286295,3538.3351905985446,3956.8372566877515,2870.0,564.0,80.0,0,0,C,380,159,C,2,,,0.8112230999977328
77,C3FDirect,16,16,16,11009.172,574,16,1,29,6053.335190598544,7495.172447286295,3538.3351905985446,3956.8372566877515,2870.0,564.0,80.0,0,0,C,380,159,,,,,0.8202070000115782
78,Cplus3F,16,16,16,9522.171,466,16,1,27,6150.924089022796,6652.17077445674,3839.924089022796,2812.2466854339414,2330.0,460.0,80.0,0,0,B,0,0,,,,,0.7918231000076048
78,DG_k1_t0,16,16,16,9784.166,486,16,1,27,6412.919273003235,6794.165958437178,3981.919273003234,2812.2466854339414,2430.0,480.0,80.0,0,0,B,0,0,B,0,,,0.7896367000066675
78,DG2_k3_t1_R,16,16,16,9094.309,416,16,1,27,6163.8199387423865,6538.30931634941,3929.819938742386,2608.489377607022,2080.0,396.0,80.0,0,0,B,0,1,B,1,235.5167982314916,20015.301068666482,0.8014886000019033
78,C3FDirect,16,16,16,10799.404,566,16,1,29,5982.796752810338,7349.403812294842,3478.796752810336,3870.607059484511,2830.0,540.0,80.0,0,0,C,360,136,,,,,1.0333873000054155
79,Cplus3F,16,16,16,12522.42,731,16,1,27,6371.60028174737,8060.419748057904,3958.600281747372,4101.819466310535,3655.0,727.0,80.0,0,0,B,0,0,,,,,1.683843800012255
79,DG_k1_t0,16,16,16,12784.415,751,16,1,27,6633.595465727809,8202.414932038342,4100.59546572781,4101.819466310535,3755.0,747.0,80.0,0,0,B,0,0,B,0,,,1.6860556000028737
79,DG2_k3_t1_R,16,16,16,12162.363,652,16,1,29,5890.595511361208,8196.363465111905,3464.5955113612067,4731.7679537507,3260.0,626.0,80.0,0,0,C,532,230,C,2,,,1.269847400020808
79,C3FDirect,16,16,16,12162.363,652,16,1,29,5890.595511361208,8196.363465111905,3464.5955113612067,4731.7679537507,3260.0,626.0,80.0,0,0,C,532,230,,,,,1.2675679000094533
80,Cplus3F,16,16,16,8602.852,367,16,1,27,5676.881405752806,6336.851909521615,3828.881405752807,2507.9705037688113,1835.0,351.0,80.0,0,0,B,0,0,,,,,0.8601307999924757
80,DG_k1_t0,16,16,16,9059.538,606,16,1,29,5246.996621122894,5351.537857929607,2952.9966211228925,2398.541236806714,3030.0,598.0,80.0,0,0,C,225,232,C,1,,,1.2022167000104673
80,DG2_k3_t1_R,16,16,16,9059.538,606,16,1,29,5246.996621122894,5351.537857929607,2952.9966211228925,2398.541236806714,3030.0,598.0,80.0,0,0,C,225,232,C,4,,,1.1983265999879222
80,C3FDirect,16,16,16,9059.538,606,16,1,29,5246.996621122894,5351.537857929607,2952.9966211228925,2398.541236806714,3030.0,598.0,80.0,0,0,C,225,232,,,,,1.1940215000067838
81,Cplus3F,16,16,16,9517.165,482,16,1,27,6060.105310372347,6548.164568969956,3839.1053103723484,2709.059258597612,2410.0,479.0,80.0,0,0,B,0,0,,,,,0.7779072999837808
81,DG_k1_t0,16,16,16,9779.16,502,16,1,27,6322.100494352785,6690.159752950393,3981.100494352786,2709.059258597612,2510.0,499.0,80.0,0,0,B,0,0,B,0,,,0.783289999992121
81,DG2_k3_t1_R,16,16,16,9593.955,468,16,1,27,6726.155366444634,6714.955313795716,4235.155366444633,2479.7999473510868,2340.0,459.0,80.0,0,0,B,0,1,B,1,235.5167982314916,20015.301068666482,0.6547366000013426
81,C3FDirect,16,16,16,11057.705,657,16,1,29,6138.849830804073,7057.704561901597,3503.849830804071,3553.8547310975273,3285.0,635.0,80.0,0,0,C,301,220,,,,,0.99419399999897
82,Cplus3F,16,16,16,8863.287,427,16,1,27,4877.566614418967,6235.287426126114,3050.5666144189686,3184.7208117071464,2135.0,413.0,80.0,0,0,B,0,0,,,,,0.6893032999942079
82,DG_k1_t0,16,16,16,9347.056,505,16,1,29,6000.715247419144,6251.056096578829,3485.7152474191435,2765.340849159686,2525.0,491.0,80.0,0,0,C,256,120,C,2,,,0.5225623000005726
82,DG2_k3_t1_R,16,16,16,9347.056,505,16,1,29,6000.715247419144,6251.056096578829,3485.7152474191435,2765.340849159686,2525.0,491.0,80.0,0,0,C,256,120,C,2,,,0.5211748000001535
82,C3FDirect,16,16,16,9347.056,505,16,1,29,6000.715247419144,6251.056096578829,3485.7152474191435,2765.340849159686,2525.0,491.0,80.0,0,0,C,256,120,,,,,0.5253166000184137
83,Cplus3F,16,16,16,8556.152,379,16,1,27,5850.965628863078,6215.151644757359,3765.965628863079,2449.186015894276,1895.0,366.0,80.0,0,0,B,0,0,,,,,0.7412487999827135
83,DG_k1_t0,16,16,16,10729.034,555,16,1,29,6065.265311386277,7335.034101771997,3634.2653113862757,3700.768790385719,2775.0,539.0,80.0,0,0,C,376,160,C,1,,,0.7548067000170704
83,DG2_k3_t1_R,16,16,16,10729.034,555,16,1,29,6065.265311386277,7335.034101771997,3634.2653113862757,3700.768790385719,2775.0,539.0,80.0,0,0,C,376,160,C,2,,,0.7489917000057176
83,C3FDirect,16,16,16,10729.034,555,16,1,29,6065.265311386277,7335.034101771997,3634.2653113862757,3700.768790385719,2775.0,539.0,80.0,0,0,C,376,160,,,,,0.7650921999884304
84,Cplus3F,16,16,16,9600.774,479,16,1,27,6047.670562492225,6664.774351489237,3782.6705624922265,2882.1037889970103,2395.0,461.0,80.0,0,0,B,0,0,,,,,0.8754795000131708
84,DG_k1_t0,16,16,16,9862.77,499,16,1,27,6309.665746472664,6806.769535469675,3924.6657464726645,2882.1037889970103,2495.0,481.0,80.0,0,0,B,0,0,B,0,,,0.8815682000131346
84,DG2_k3_t1_R,16,16,16,9111.249,491,16,1,29,5716.67542016427,6095.248961084486,3334.675420164268,2760.5735409202175,2455.0,481.0,80.0,0,0,C,244,110,C,2,,,0.8553443999844603
84,C3FDirect,16,16,16,9111.249,491,16,1,29,5716.67542016427,6095.248961084486,3334.675420164268,2760.5735409202175,2455.0,481.0,80.0,0,0,C,244,110,,,,,0.8551713000051677
85,Cplus3F,16,16,16,8432.055,366,16,1,27,5815.2390643657345,6179.055325082594,3859.2390643657354,2319.8162607168606,1830.0,343.0,80.0,0,0,B,0,0,,,,,0.6617259999911766
85,DG_k1_t0,16,16,16,8694.051,386,16,1,27,6077.234248346172,6321.050509063032,4001.2342483461734,2319.8162607168606,1930.0,363.0,80.0,0,0,B,0,0,B,0,,,0.6646503999945708
85,DG2_k3_t1_R,16,16,16,9024.483,412,16,1,27,6480.797605410711,6492.48306651041,4164.79760541071,2327.6854610997016,2060.0,392.0,80.0,0,0,B,0,0,B,0,235.5167982314916,20015.301068666482,0.3397087999910582
85,C3FDirect,16,16,16,11354.12,634,16,1,29,5502.701684374269,7486.120296214544,3129.7016843742695,4356.4186118402795,3170.0,618.0,80.0,0,0,C,284,206,,,,,1.16839439998148
86,Cplus3F,16,16,16,8591.914,380,16,1,27,5702.716711385141,6252.914028533799,3655.7167113851424,2597.197317148658,1900.0,359.0,80.0,0,0,B,0,0,,,,,0.9674435000051744
86,DG_k1_t0,16,16,16,8853.909,400,16,1,27,5964.711895365579,6394.909212514236,3797.7118953655804,2597.197317148658,2000.0,379.0,80.0,0,0,B,0,0,B,0,,,0.9603179999976419
86,DG2_k3_t1_R,16,16,16,10274.139,555,16,1,29,6063.237673573009,6880.139219071516,3494.237673573009,3385.901545498512,2775.0,539.0,80.0,0,0,C,453,131,C,2,,,0.9195368000073358
86,C3FDirect,16,16,16,10274.139,555,16,1,29,6063.237673573009,6880.139219071516,3494.237673573009,3385.901545498512,2775.0,539.0,80.0,0,0,C,453,131,,,,,0.9202733999991324
87,Cplus3F,16,16,16,9416.444,473,16,1,27,6165.938073763251,6502.443991586571,3762.9380737632528,2739.505917823322,2365.0,469.0,80.0,0,0,B,0,0,,,,,0.6867650999920443
87,DG_k1_t0,16,16,16,9678.439,493,16,1,27,6427.933257743689,6644.439175567009,3904.933257743691,2739.505917823322,2465.0,489.0,80.0,0,0,B,0,0,B,0,,,0.6800405000103638
87,DG2_k3_t1_R,16,16,16,8978.519,420,16,1,27,5544.570824672749,6382.519468772023,3435.5708246727495,2946.9486440992773,2100.0,416.0,80.0,0,0,B,0,0,B,1,235.5167982314916,20015.301068666482,0.6328509000013582
87,C3FDirect,16,16,16,12296.226,741,16,1,29,6354.376127084173,7792.225553528957,3635.376127084171,4156.849426444786,3705.0,719.0,80.0,0,0,C,468,273,,,,,1.4537095999985468
88,Cplus3F,16,16,16,8321.827,388,16,1,27,5643.011794865765,5935.8272295051,3594.011794865767,2341.8154346393353,1940.0,366.0,80.0,0,0,B,0,0,,,,,0.6916744000045583
88,DG_k1_t0,16,16,16,11606.243,641,16,1,29,5958.40014741649,7703.243448348312,3464.400147416489,4238.843300931829,3205.0,618.0,80.0,0,0,C,475,211,C,1,,,1.6134898999880534
88,DG2_k3_t1_R,16,16,16,9677.095,469,16,1,27,6595.036838847333,6811.095479497455,4121.0368388473335,2690.0586406501207,2345.0,441.0,80.0,0,0,B,0,2,B,1,235.5167982314916,20015.301068666482,0.9666998999891803
88,C3FDirect,16,16,16,11606.243,641,16,1,29,5958.40014741649,7703.243448348312,3464.400147416489,4238.843300931829,3205.0,618.0,80.0,0,0,C,475,211,,,,,1.6011670000152662
89,Cplus3F,16,16,16,9070.613,429,16,1,27,6380.883010185492,6424.61324575152,4016.883010185493,2407.730235566025,2145.0,421.0,80.0,0,0,B,0,0,,,,,0.49567340000066906
89,DG_k1_t0,16,16,16,9332.608,449,16,1,27,6642.878194165931,6566.608429731958,4158.878194165931,2407.730235566025,2245.0,441.0,80.0,0,0,B,0,0,B,0,,,0.4982192000024952
89,DG2_k3_t1_R,16,16,16,10422.281,541,16,1,27,6588.15093439399,7108.280668293215,4133.15093439399,2975.1297338992263,2705.0,529.0,80.0,0,0,B,0,0,B,0,235.5167982314916,20015.301068666482,0.856575799989514
89,C3FDirect,16,16,16,9435.376,483,16,1,29,5654.763567151354,6468.376391019749,3300.7635671513535,3167.6128238683946,2415.0,472.0,80.0,0,0,C,291,104,,,,,0.5267422999895643
90,Cplus3F,16,16,16,8580.95,409,16,1,27,6063.4759233376635,6066.949803262502,3781.475923337664,2285.473879924839,2045.0,389.0,80.0,0,0,B,0,0,,,,,1.0529780999931972
90,DG_k1_t0,16,16,16,8842.945,429,16,1,27,6325.4711073181015,6208.944987242941,3923.471107318102,2285.473879924839,2145.0,409.0,80.0,0,0,B,0,0,B,0,,,1.0516810000117403
90,DG2_k3_t1_R,16,16,16,8904.369,447,16,1,27,5529.007034312707,6151.369319514257,3444.0070343127086,2707.362285201548,2235.0,438.0,80.0,0,0,B,0,1,B,1,235.5167982314916,20015.301068666482,1.0525570000172593
90,C3FDirect,16,16,16,9790.663,537,16,1,29,5994.69346485755,6500.663331879273,3496.6934648575484,3003.969867021725,2685.0,525.0,80.0,0,0,C,314,129,,,,,0.8333958000002895
91,Cplus3F,16,16,16,9360.828,469,16,1,27,5942.518425119471,6479.828052028658,3749.5184251194732,2730.3096269091884,2345.0,456.0,80.0,0,0,B,0,0,,,,,1.3067509999964386
91,DG_k1_t0,16,16,16,11477.823,664,16,1,29,6130.632847687312,7421.822717002738,3645.6328476873114,3776.189869315427,3320.0,656.0,80.0,0,0,C,380,250,C,2,,,1.3986638000060339
91,DG2_k3_t1_R,16,16,16,11477.823,664,16,1,29,6130.632847687312,7421.822717002738,3645.6328476873114,3776.189869315427,3320.0,656.0,80.0,0,0,C,380,250,C,2,,,1.3789395999920089
91,C3FDirect,16,16,16,11477.823,664,16,1,29,6130.632847687312,7421.822717002738,3645.6328476873114,3776.189869315427,3320.0,656.0,80.0,0,0,C,380,250,,,,,1.3703075000084937
92,Cplus3F,16,16,16,8492.502,399,16,1,27,5865.183230927344,6025.502321378329,3650.1832309273445,2375.3190904509843,1995.0,392.0,80.0,0,0,B,0,0,,,,,0.40159170000697486
92,DG_k1_t0,16,16,16,9294.2,492,16,1,29,6169.510512503445,6273.199584498757,3635.510512503445,2637.6890719953108,2460.0,481.0,80.0,0,0,C,207,105,C,1,,,0.8227408999809995
92,DG2_k3_t1_R,16,16,16,9294.2,492,16,1,29,6169.510512503445,6273.199584498757,3635.510512503445,2637.6890719953108,2460.0,481.0,80.0,0,0,C,207,105,C,2,,,0.8153051999979652
92,C3FDirect,16,16,16,9294.2,492,16,1,29,6169.510512503445,6273.199584498757,3635.510512503445,2637.6890719953108,2460.0,481.0,80.0,0,0,C,207,105,,,,,0.8259994999971241
93,Cplus3F,16,16,16,9015.996,429,16,1,27,6043.273674196929,6375.995794099639,3797.273674196931,2578.7221199027103,2145.0,415.0,80.0,0,0,B,0,0,,,,,0.5171050000062678
93,DG_k1_t0,16,16,16,9277.991,449,16,1,27,6305.268858177367,6517.990978080077,3939.268858177369,2578.7221199027103,2245.0,435.0,80.0,0,0,B,0,0,B,0,,,0.5210443999967538
93,DG2_k3_t1_R,16,16,16,9108.113,413,16,1,27,6450.642334207451,6565.112610878982,4120.642334207453,2444.47027667153,2065.0,398.0,80.0,0,0,B,0,0,B,1,235.5167982314916,20015.301068666482,0.46840460001840256
93,C3FDirect,16,16,16,11503.922,639,16,1,29,5491.191290020023,7602.92230311765,3190.191290020023,4412.731013097627,3195.0,626.0,80.0,0,0,C,473,240,,,,,1.462315699987812
94,Cplus3F,16,16,16,9069.841,442,16,1,27,6285.5832110945685,6360.841140789744,3824.58321109457,2536.257929695176,2210.0,419.0,80.0,0,0,B,0,0,,,,,0.9876059000089299
94,DG_k1_t0,16,16,16,9331.836,462,16,1,27,6547.5783950750065,6502.836324770182,3966.578395075008,2536.257929695176,2310.0,439.0,80.0,0,0,B,0,0,B,0,,,1.0120643000118434
94,DG2_k3_t1_R,16,16,16,9194.995,453,16,1,27,6618.639261372648,6424.995149739623,4085.63926137265,2339.3558883669766,2265.0,425.0,80.0,0,0,B,0,1,B,1,235.5167982314916,20015.301068666482,1.0890256999991834
94,C3FDirect,16,16,16,11298.977,606,16,1,29,6249.07584014095,7610.977435952171,3631.075840140949,3979.901595811228,3030.0,578.0,80.0,0,0,C,352,178,,,,,1.1208577000070363
95,Cplus3F,16,16,16,10605.276,585,16,1,27,5816.044318265184,7020.275857850482,3624.0443182651857,3396.231539585296,2925.0,580.0,80.0,0,0,B,0,0,,,,,1.1339301000116393
95,DG_k1_t0,16,16,16,11274.904,622,16,1,29,5804.405622003573,7481.904324759321,3313.405622003572,4168.498702755756,3110.0,603.0,80.0,0,0,C,325,185,C,1,,,1.1260024000075646
95,DG2_k3_t1_R,16,16,16,11274.904,622,16,1,29,5804.405622003573,7481.904324759321,3313.405622003572,4168.498702755756,3110.0,603.0,80.0,0,0,C,325,185,C,2,,,1.116280900023412
95,C3FDirect,16,16,16,11274.904,622,16,1,29,5804.405622003573,7481.904324759321,3313.405622003572,4168.498702755756,3110.0,603.0,80.0,0,0,C,325,185,,,,,1.1378491000214126
96,Cplus3F,16,16,16,9257.494,432,16,1,27,6038.097966798878,6608.493963273341,3705.097966798878,2903.395996474464,2160.0,409.0,80.0,0,0,B,0,0,,,,,0.6639939000015147
96,DG_k1_t0,16,16,16,9519.489,452,16,1,27,6300.093150779317,6750.489147253779,3847.093150779316,2903.395996474464,2260.0,429.0,80.0,0,0,B,0,0,B,0,,,0.6575920000032056
96,DG2_k3_t1_R,16,16,16,9313.517,428,16,1,27,6603.315491880182,6682.51656312626,4168.315491880183,2514.2010712460783,2140.0,411.0,80.0,0,0,B,0,0,B,0,235.5167982314916,20015.301068666482,0.617962099990109
96,C3FDirect,16,16,16,12190.248,690,16,1,29,6215.653665390891,7985.2483015905,3639.65366539089,4345.594636199613,3450.0,675.0,80.0,0,0,C,518,228,,,,,1.8503590999753214
97,Cplus3F,16,16,16,8909.063,370,16,1,27,6137.899252970012,6626.063369615552,4013.8992529700145,2612.16411664554,1850.0,353.0,80.0,0,0,B,0,0,,,,,0.6799790999793913
97,DG_k1_t0,16,16,16,12625.526,661,16,1,29,6252.09249357457,8613.526322924308,3635.0924935745684,4978.433829349742,3305.0,627.0,80.0,0,0,C,477,201,C,1,,,1.5946537000127137
97,DG2_k3_t1_R,16,16,16,9828.024,449,16,1,27,6553.475288210011,7071.024028754628,4092.4752882100115,2978.548740544615,2245.0,432.0,80.0,0,0,B,0,2,B,1,235.5167982314916,20015.301068666482,0.694713300006697
97,C3FDirect,16,16,16,12625.526,661,16,1,29,6252.09249357457,8613.526322924308,3635.0924935745684,4978.433829349742,3305.0,627.0,80.0,0,0,C,477,201,,,,,1.6059500999981537
98,Cplus3F,16,16,16,8168.294,344,16,1,27,5389.279279581305,6044.293912738448,3591.279279581306,2453.0146331571427,1720.0,324.0,80.0,0,0,B,0,0,,,,,1.3137452999944799
98,DG_k1_t0,16,16,16,8430.289,364,16,1,27,5651.274463561743,6186.289096718886,3733.274463561744,2453.0146331571427,1820.0,344.0,80.0,0,0,B,0,0,B,0,,,1.314420800015796
98,DG2_k3_t1_R,16,16,16,8843.74,467,16,1,29,5661.849912679183,5976.740368775885,3295.849912679182,2680.8904560967003,2335.0,452.0,80.0,0,0,C,299,91,C,3,,,0.7542087000038009
98,C3FDirect,16,16,16,8843.74,467,16,1,29,5661.849912679183,5976.740368775885,3295.849912679182,2680.8904560967003,2335.0,452.0,80.0,0,0,C,299,91,,,,,0.7448545999941416
99,Cplus3F,16,16,16,8349.576,408,16,1,27,6005.52702055107,5828.57605513975,3765.527020551071,2063.049034588679,2040.0,401.0,80.0,0,0,B,0,0,,,,,0.3555309000075795
99,DG_k1_t0,16,16,16,8611.571,428,16,1,27,6267.522204531509,5970.571239120187,3907.522204531509,2063.049034588679,2140.0,421.0,80.0,0,0,B,0,0,B,0,,,0.354938200005563
99,DG2_k3_t1_R,16,16,16,12735.989,716,16,1,29,6217.854002406428,8381.989176698926,3648.854002406426,4733.135174292502,3580.0,694.0,80.0,0,0,C,463,241,C,2,,,1.7038192999898456
99,C3FDirect,16,16,16,12735.989,716,16,1,29,6217.854002406428,8381.989176698926,3648.854002406426,4733.135174292502,3580.0,694.0,80.0,0,0,C,463,241,,,,,1.6945264999812935
100,Cplus3F,16,16,16,8695.963,407,16,1,27,5827.115136460571,6190.963223449913,3708.1151364605716,2482.848086989343,2035.0,390.0,80.0,0,0,B,0,0,,,,,1.1020969999954104
100,DG_k1_t0,16,16,16,8957.958,427,16,1,27,6089.11032044101,6332.958407430351,3850.1103204410097,2482.848086989343,2135.0,410.0,80.0,0,0,B,0,0,B,0,,,1.0980400000116788
100,DG2_k3_t1_R,16,16,16,9168.731,520,16,1,29,6099.80413906374,5982.730876437387,3637.804139063739,2344.9267373736466,2600.0,506.0,80.0,0,0,C,226,139,C,2,,,0.9247400999884121
100,C3FDirect,16,16,16,9168.731,520,16,1,29,6099.80413906374,5982.730876437387,3637.804139063739,2344.9267373736466,2600.0,506.0,80.0,0,0,C,226,139,,,,,0.9083565000037197
101,Cplus3F,16,16,16,10381.156,577,16,1,27,4943.187769568168,6852.15578275087,3050.1877695681683,3801.9680131827026,2885.0,564.0,80.0,0,0,B,0,0,,,,,1.198133300000336
101,DG_k1_t0,16,16,16,10643.151,597,16,1,27,5205.182953548606,6994.1509667313085,3192.1829535486063,3801.9680131827026,2985.0,584.0,80.0,0,0,B,0,0,B,0,,,1.1879114000184927
101,DG2_k3_t1_R,16,16,16,13040.105,726,16,1,29,6212.8370379320395,8615.104529267579,3655.8370379320386,4959.267491335543,3630.0,715.0,80.0,0,0,C,491,263,C,4,,,1.2554137000115588
101,C3FDirect,16,16,16,13040.105,726,16,1,29,6212.8370379320395,8615.104529267579,3655.8370379320386,4959.267491335543,3630.0,715.0,80.0,0,0,C,491,263,,,,,1.2792261999857146
102,Cplus3F,16,16,16,9932.943,510,16,1,27,5975.694305094492,6806.943121203377,3758.6943050944933,3048.2488161088822,2550.0,496.0,80.0,0,0,B,0,0,,,,,0.8590727999981027
102,DG_k1_t0,16,16,16,12537.649,711,16,1,29,6071.252971663413,8202.649236432362,3628.252971663413,4574.396264768954,3555.0,700.0,80.0,0,0,C,410,281,C,1,,,1.333500599983381
102,DG2_k3_t1_R,16,16,16,12537.649,711,16,1,29,6071.252971663413,8202.649236432362,3628.252971663413,4574.396264768954,3555.0,700.0,80.0,0,0,C,410,281,C,3,,,1.3423743000021204
102,C3FDirect,16,16,16,12537.649,711,16,1,29,6071.252971663413,8202.649236432362,3628.252971663413,4574.396264768954,3555.0,700.0,80.0,0,0,C,410,281,,,,,1.345182000019122
103,Cplus3F,16,16,16,10438.002,642,16,1,27,6701.499466729832,6515.00218957537,3986.4994667298342,2528.502722845537,3210.0,633.0,80.0,0,0,B,0,0,,,,,0.6854774999956135
103,DG_k1_t0,16,16,16,13159.144,748,16,1,29,6169.096540385954,8614.143659452238,3618.0965403859523,4996.047119066289,3740.0,725.0,80.0,0,0,C,636,289,C,1,,,1.8371994000044651
103,DG2_k3_t1_R,16,16,16,11576.714,754,16,1,27,6753.778011519138,6980.71423076367,3906.7780115191395,3073.936219244532,3770.0,746.0,80.0,0,0,B,0,2,B,1,235.5167982314916,20015.301068666482,0.8881241999915801
103,C3FDirect,16,16,16,13159.144,748,16,1,29,6169.096540385954,8614.143659452238,3618.0965403859523,4996.047119066289,3740.0,725.0,80.0,0,0,C,636,289,,,,,1.8909771000035107
104,Cplus3F,16,16,16,8532.186,352,16,1,27,5953.77074282984,6350.185782858634,3948.770742829841,2401.415040028794,1760.0,342.0,80.0,0,0,B,0,0,,,,,0.8258607999887317
104,DG_k1_t0,16,16,16,8794.181,372,16,1,27,6215.765926810278,6492.180966839072,4090.765926810279,2401.415040028794,1860.0,362.0,80.0,0,0,B,0,0,B,0,,,0.8367929999949411
104,DG2_k3_t1_R,16,16,16,11876.526,656,16,1,29,6060.445354529756,7878.526042595625,3639.4453545297542,4239.080688065874,3280.0,638.0,80.0,0,0,C,385,239,C,2,,,1.3527615000202786
104,C3FDirect,16,16,16,11876.526,656,16,1,29,6060.445354529756,7878.526042595625,3639.4453545297542,4239.080688065874,3280.0,638.0,80.0,0,0,C,385,239,,,,,1.3307541999965906
105,Cplus3F,16,16,16,8026.881,408,16,1,27,4932.6302826486535,5520.880612133696,3048.6302826486535,2472.250329485042,2040.0,386.0,80.0,0,0,B,0,0,,,,,0.9632148000237066
105,DG_k1_t0,16,16,16,8288.876,428,16,1,27,5194.6254666290915,5662.875796114134,3190.6254666290915,2472.250329485042,2140.0,406.0,80.0,0,0,B,0,0,B,0,,,0.9563723000173923
105,DG2_k3_t1_R,16,16,16,12881.127,728,16,1,29,6399.160569315275,8469.1265931616,3674.1605693152733,4794.966023846327,3640.0,692.0,80.0,0,0,C,520,233,C,2,,,1.9034587999922223
105,C3FDirect,16,16,16,12881.127,728,16,1,29,6399.160569315275,8469.1265931616,3674.1605693152733,4794.966023846327,3640.0,692.0,80.0,0,0,C,520,233,,,,,1.8861090999853332
106,Cplus3F,16,16,16,8449.182,365,16,1,27,5798.393488951726,6190.181973429476,3805.3934889517277,2384.7884844777504,1825.0,354.0,80.0,0,0,B,0,0,,,,,0.8619759999855887
106,DG_k1_t0,16,16,16,10782.603,595,16,1,29,5642.430152059483,7145.602760043819,3281.4301520594827,3864.17260798434,2975.0,582.0,80.0,0,0,C,524,176,C,1,,,1.6533215999952517
106,DG2_k3_t1_R,16,16,16,10782.603,595,16,1,29,5642.430152059483,7145.602760043819,3281.4301520594827,3864.17260798434,2975.0,582.0,80.0,0,0,C,524,176,C,3,,,1.649358900001971
106,C3FDirect,16,16,16,10782.603,595,16,1,29,5642.430152059483,7145.602760043819,3281.4301520594827,3864.17260798434,2975.0,582.0,80.0,0,0,C,524,176,,,,,1.6384642999910284
107,Cplus3F,16,16,16,8541.741,398,16,1,27,6025.546817194107,6082.741224967309,3926.5468171941084,2156.1944077731982,1990.0,389.0,80.0,0,0,B,0,0,,,,,0.5810254999960307
107,DG_k1_t0,16,16,16,14220.994,803,16,1,29,6109.208923179611,9349.993879656071,3468.2089231796094,5881.784956476462,4015.0,776.0,80.0,0,0,C,496,311,C,1,,,1.8712763000221457
107,DG2_k3_t1_R,16,16,16,14220.994,803,16,1,29,6109.208923179611,9349.993879656071,3468.2089231796094,5881.784956476462,4015.0,776.0,80.0,0,0,C,496,311,C,2,,,1.8733777000161353
107,C3FDirect,16,16,16,14220.994,803,16,1,29,6109.208923179611,9349.993879656071,3468.2089231796094,5881.784956476462,4015.0,776.0,80.0,0,0,C,496,311,,,,,1.860966299980646
108,Cplus3F,16,16,16,8469.771,381,16,1,27,4754.97744183185,6131.770805494899,3010.9774418318516,3120.7933636630482,1905.0,353.0,80.0,0,0,B,0,0,,,,,1.4004986000072677
108,DG_k1_t0,16,16,16,8731.766,401,16,1,27,5016.972625812288,6273.765989475337,3152.9726258122896,3120.7933636630482,2005.0,373.0,80.0,0,0,B,0,0,B,0,,,1.42565800002194
108,DG2_k3_t1_R,16,16,16,9947.41,456,16,1,27,6402.445076437076,7170.410009187105,4051.4450764370768,3118.9649327500283,2280.0,417.0,80.0,0,0,B,0,1,B,1,235.5167982314916,20015.301068666482,1.4906382999906782
108,C3FDirect,16,16,16,9163.382,512,16,1,29,5912.167897661195,6027.38237814152,3480.1678976611943,2547.2144804803306,2560.0,496.0,80.0,0,0,C,243,120,,,,,0.7578587000025436
109,Cplus3F,16,16,16,8868.711,368,16,1,27,5940.3541489249965,6604.710600822437,3939.354148924997,2665.3564518974395,1840.0,344.0,80.0,0,0,B,0,0,,,,,0.8944985000125598
109,DG_k1_t0,16,16,16,10656.827,542,16,1,29,6179.790107693828,7335.826531606151,3645.7901076938274,3690.036423912326,2710.0,531.0,80.0,0,0,C,254,144,C,2,,,0.6871133000240661
109,DG2_k3_t1_R,16,16,16,10656.827,542,16,1,29,6179.790107693828,7335.826531606151,3645.7901076938274,3690.036423912326,2710.0,531.0,80.0,0,0,C,254,144,C,2,,,0.6844859000120778
109,C3FDirect,16,16,16,10656.827,542,16,1,29,6179.790107693828,7335.826531606151,3645.7901076938274,3690.036423912326,2710.0,531.0,80.0,0,0,C,254,144,,,,,0.6981348000117578
110,Cplus3F,16,16,16,7817.839,381,16,1,27,4972.621352040974,5473.839438751589,3087.621352040975,2386.218086710617,1905.0,359.0,80.0,0,0,B,0,0,,,,,1.2013024000043515
110,DG_k1_t0,16,16,16,8079.835,401,16,1,27,5234.616536021413,5615.834622732028,3229.616536021413,2386.218086710617,2005.0,379.0,80.0,0,0,B,0,0,B,0,,,1.1863594000169542
110,DG2_k3_t1_R,16,16,16,9423.743,541,16,1,29,6414.559055358243,6108.743323487588,3684.5590553582415,2424.184268129344,2705.0,530.0,80.0,0,0,C,212,100,C,2,,,0.7208185000054073
110,C3FDirect,16,16,16,9423.743,541,16,1,29,6414.559055358243,6108.743323487588,3684.5590553582415,2424.184268129344,2705.0,530.0,80.0,0,0,C,212,100,,,,,0.715312799991807
111,Cplus3F,16,16,16,7796.258,350,16,1,27,5816.9065024530055,5627.2580880744845,3855.9065024530073,1771.3515856214751,1750.0,339.0,80.0,0,0,B,0,0,,,,,0.3465355000225827
111,DG_k1_t0,16,16,16,11903.449,712,16,1,29,6138.754819025709,7556.449379910351,3497.754819025709,4058.694560884643,3560.0,707.0,80.0,0,0,C,374,249,C,1,,,1.323959899978945
111,DG2_k3_t1_R,16,16,16,11903.449,712,16,1,29,6138.754819025709,7556.449379910351,3497.754819025709,4058.694560884643,3560.0,707.0,80.0,0,0,C,374,249,C,2,,,1.3232480000006035
111,C3FDirect,16,16,16,11903.449,712,16,1,29,6138.754819025709,7556.449379910351,3497.754819025709,4058.694560884643,3560.0,707.0,80.0,0,0,C,374,249,,,,,1.328542400005972
112,Cplus3F,16,16,16,7436.601,366,16,1,27,4942.088968759214,5171.601261395808,3087.0889687592157,2084.5122926365925,1830.0,355.0,80.0,0,0,B,0,0,,,,,1.016729499999201
112,DG_k1_t0,16,16,16,7698.596,386,16,1,27,5204.084152739652,5313.596445376246,3229.0841527396533,2084.5122926365925,1930.0,375.0,80.0,0,0,B,0,0,B,0,,,0.994595299998764
112,DG2_k3_t1_R,16,16,16,9637.092,480,16,1,27,6581.263793838182,6700.091506469394,4071.2637938381827,2628.827712631213,2400.0,457.0,80.0,0,0,B,0,1,B,1,235.5167982314916,20015.301068666482,0.9166941000148654
112,C3FDirect,16,16,16,9629.184,505,16,1,29,6357.731026795362,6532.184215281531,3698.7310267953612,2833.4531884861694,2525.0,492.0,80.0,0,0,C,184,78,,,,,0.5122269999992568
113,Cplus3F,16,16,16,8012.213,396,16,1,27,5047.962881692325,5587.213458684293,3091.962881692327,2495.250576991967,1980.0,365.0,80.0,0,0,B,0,0,,,,,0.8608822999813128
113,DG_k1_t0,16,16,16,8274.209,416,16,1,27,5309.958065672764,5729.208642664731,3233.958065672765,2495.250576991967,2080.0,385.0,80.0,0,0,B,0,0,B,0,,,0.8489587999938522
113,DG2_k3_t1_R,16,16,16,11031.867,628,16,1,29,6358.969195280107,7196.86667747442,3633.9691952801063,3562.897482194316,3140.0,615.0,80.0,0,0,C,219,168,C,3,,,0.7078609000018332
113,C3FDirect,16,16,16,11031.867,628,16,1,29,6358.969195280107,7196.86667747442,3633.9691952801063,3562.897482194316,3140.0,615.0,80.0,0,0,C,219,168,,,,,0.7195884000102524
114,Cplus3F,16,16,16,8181.958,364,16,1,27,5724.390610071286,5931.957537068231,3695.390610071287,2236.566926996944,1820.0,350.0,80.0,0,0,B,0,0,,,,,0.6850338999938685
114,DG_k1_t0,16,16,16,9793.513,524,16,1,29,5948.7029045652225,6589.512662669502,3467.7029045652216,3121.8097581042825,2620.0,504.0,80.0,0,0,C,297,119,C,1,,,0.8994811000011396
114,DG2_k3_t1_R,16,16,16,9793.513,524,16,1,29,5948.7029045652225,6589.512662669502,3467.7029045652216,3121.8097581042825,2620.0,504.0,80.0,0,0,C,297,119,C,2,,,0.9126364999974612
114,C3FDirect,16,16,16,9793.513,524,16,1,29,5948.7029045652225,6589.512662669502,3467.7029045652216,3121.8097581042825,2620.0,504.0,80.0,0,0,C,297,119,,,,,0.9192720999999437
115,Cplus3F,16,16,16,9759.133,468,16,1,27,6158.153231031187,6895.132835161896,3793.1532310311886,3101.9796041307063,2340.0,444.0,80.0,0,0,B,0,0,,,,,1.0253662999894004
115,DG_k1_t0,16,16,16,10021.128,488,16,1,27,6420.148415011626,7037.128019142335,3935.1484150116266,3101.9796041307063,2440.0,464.0,80.0,0,0,B,0,0,B,0,,,1.050160999991931
115,DG2_k3_t1_R,16,16,16,9175.847,432,16,1,27,6409.653486426666,6524.847196671463,4098.653486426667,2426.1937102447964,2160.0,411.0,80.0,0,0,B,0,0,B,0,235.5167982314916,20015.301068666482,0.6958105000085197
115,C3FDirect,16,16,16,13051.804,797,16,1,29,6148.316696532693,8202.803549388456,3656.316696532691,4546.486852855768,3985.0,784.0,80.0,0,0,C,524,314,,,,,1.7748524000053294
116,Cplus3F,16,16,16,8684.384,411,16,1,27,4874.964452172929,6144.384316391643,3041.964452172931,3102.4198642187116,2055.0,405.0,80.0,0,0,B,0,0,,,,,0.6055466999823693
116,DG_k1_t0,16,16,16,9306.574,521,16,1,29,6013.109275628143,6109.57433706109,3522.1092756281414,2587.46506143295,2605.0,512.0,80.0,0,0,C,258,126,C,1,,,0.8333412000210956
116,DG2_k3_t1_R,16,16,16,9306.574,521,16,1,29,6013.109275628143,6109.57433706109,3522.1092756281414,2587.46506143295,2605.0,512.0,80.0,0,0,C,258,126,C,4,,,0.819480600010138
116,C3FDirect,16,16,16,9306.574,521,16,1,29,6013.109275628143,6109.57433706109,3522.1092756281414,2587.46506143295,2605.0,512.0,80.0,0,0,C,258,126,,,,,0.8317510999913793
117,Cplus3F,16,16,16,8559.777,382,16,1,27,5409.760803616325,6206.777182486675,3458.760803616326,2748.01637887035,1910.0,363.0,80.0,0,0,B,0,0,,,,,0.6007247999950778
117,DG_k1_t0,16,16,16,8821.772,402,16,1,27,5671.755987596763,6348.772366467113,3600.755987596764,2748.01637887035,2010.0,383.0,80.0,0,0,B,0,0,B,0,,,0.594888899999205
117,DG2_k3_t1_R,16,16,16,11613.57,670,16,1,27,6776.847268411239,7530.570108551494,4092.84726841124,3437.722840140256,3350.0,653.0,80.0,0,0,B,0,1,B,1,235.5167982314916,20015.301068666482,0.9231418999843299
117,C3FDirect,16,16,16,13033.808,636,16,1,29,6330.230214029548,9166.808419630039,3677.230214029549,5489.578205600498,3180.0,607.0,80.0,0,0,C,384,160,,,,,0.9411453000211623
118,Cplus3F,16,16,16,8927.604,397,16,1,27,6002.138091977542,6487.603859136693,3848.138091977545,2639.4657671591467,1985.0,375.0,80.0,0,0,B,0,0,,,,,0.7924902999948245
118,DG_k1_t0,16,16,16,10296.899,512,16,1,29,5711.001245665847,7163.899439485122,3375.001245665845,3788.8981938192765,2560.0,493.0,80.0,0,0,C,298,129,C,1,,,1.0372656999970786
118,DG2_k3_t1_R,16,16,16,10296.899,512,16,1,29,5711.001245665847,7163.899439485122,3375.001245665845,3788.8981938192765,2560.0,493.0,80.0,0,0,C,298,129,C,2,,,1.0642817000043578
118,C3FDirect,16,16,16,10296.899,512,16,1,29,5711.001245665847,7163.899439485122,3375.001245665845,3788.8981938192765,2560.0,493.0,80.0,0,0,C,298,129,,,,,1.0463282999990042
119,Cplus3F,16,16,16,9035.048,380,16,1,27,5787.482013222907,6705.047556453672,3768.482013222909,2936.5655432307644,1900.0,350.0,80.0,0,0,B,0,0,,,,,1.0575750999851152
119,DG_k1_t0,16,16,16,11792.388,573,16,1,29,6249.244776545019,8302.387566633872,3680.244776545019,4622.142790088854,2865.0,545.0,80.0,0,0,C,374,146,C,1,,,1.1443193000159226
119,DG2_k3_t1_R,16,16,16,11792.388,573,16,1,29,6249.244776545019,8302.387566633872,3680.244776545019,4622.142790088854,2865.0,545.0,80.0,0,0,C,374,146,C,2,,,1.1484501999802887
119,C3FDirect,16,16,16,11792.388,573,16,1,29,6249.244776545019,8302.387566633872,3680.244776545019,4622.142790088854,2865.0,545.0,80.0,0,0,C,374,146,,,,,1.1609740999992937
120,Cplus3F,16,16,16,9241.931,457,16,1,27,5560.68881909732,6430.930772519861,3584.688819097322,2846.2419534225396,2285.0,446.0,80.0,0,0,B,0,0,,,,,1.4010204000223894
120,DG_k1_t0,16,16,16,9503.926,477,16,1,27,5822.6840030777585,6572.925956500298,3726.68400307776,2846.2419534225396,2385.0,466.0,80.0,0,0,B,0,0,B,0,,,1.4241850999824237
120,DG2_k3_t1_R,16,16,16,10374.446,579,16,1,29,5926.243689468831,6832.446163791895,3482.2436894688303,3350.2024743230677,2895.0,567.0,80.0,0,0,C,365,166,C,2,,,0.9801719000097364
120,C3FDirect,16,16,16,10374.446,579,16,1,29,5926.243689468831,6832.446163791895,3482.2436894688303,3350.2024743230677,2895.0,567.0,80.0,0,0,C,365,166,,,,,0.9873135999951046
121,Cplus3F,16,16,16,10131.141,545,16,1,27,6035.490223668141,6787.141290814128,3789.490223668143,2997.6510671459873,2725.0,539.0,80.0,0,0,B,0,0,,,,,0.7865044999925885
121,DG_k1_t0,16,16,16,10920.866,523,16,1,29,6223.6716423939615,7723.866100279331,3653.67164239396,4070.1944578853727,2615.0,502.0,80.0,0,0,C,321,107,C,1,,,0.5446286000078544
121,DG2_k3_t1_R,16,16,16,10920.866,523,16,1,29,6223.6716423939615,7723.866100279331,3653.67164239396,4070.1944578853727,2615.0,502.0,80.0,0,0,C,321,107,C,3,,,0.5406900999951176
121,C3FDirect,16,16,16,10920.866,523,16,1,29,6223.6716423939615,7723.866100279331,3653.67164239396,4070.1944578853727,2615.0,502.0,80.0,0,0,C,321,107,,,,,0.5433011999994051
122,Cplus3F,16,16,16,9231.346,360,16,1,27,5899.470559049802,7020.345940532245,3972.4705590498043,3047.8753814824386,1800.0,331.0,80.0,0,0,B,0,0,,,,,1.5486614000110421
122,DG_k1_t0,16,16,16,9493.341,380,16,1,27,6161.46574303024,7162.341124512683,4114.465743030241,3047.8753814824386,1900.0,351.0,80.0,0,0,B,0,0,B,0,,,1.5644314999808557
122,DG2_k3_t1_R,16,16,16,10284.603,543,16,1,29,6122.284373653453,6962.602508053773,3643.284373653452,3319.3181344003215,2715.0,527.0,80.0,0,0,C,421,146,C,3,,,1.1672295000171289
122,C3FDirect,16,16,16,10284.603,543,16,1,29,6122.284373653453,6962.602508053773,3643.284373653452,3319.3181344003215,2715.0,527.0,80.0,0,0,C,421,146,,,,,1.167304900009185
123,Cplus3F,16,16,16,9382.682,482,16,1,27,6220.544138757481,6427.681537568357,3771.544138757481,2656.1373988108753,2410.0,465.0,80.0,0,0,B,0,0,,,,,0.714264699985506
123,DG_k1_t0,16,16,16,9644.677,502,16,1,27,6482.53932273792,6569.676721548795,3913.539322737919,2656.1373988108753,2510.0,485.0,80.0,0,0,B,0,0,B,0,,,0.7073125999886543
123,DG2_k3_t1_R,16,16,16,10140.39,478,16,1,27,6350.039323282328,7217.389514253302,4068.0393232823276,3149.3501909709757,2390.0,453.0,80.0,0,0,B,0,0,B,1,235.5167982314916,20015.301068666482,0.946626799996011
123,C3FDirect,16,16,16,12626.404,674,16,1,29,6180.679774604421,8542.404063897742,3659.67977460442,4882.724289293325,3370.0,634.0,80.0,0,0,C,366,208,,,,,1.4080933000077493
124,Cplus3F,16,16,16,8185.83,347,16,1,27,5528.449266109558,6045.830141323294,3667.4492661095605,2378.3808752137334,1735.0,325.0,80.0,0,0,B,0,0,,,,,0.9098229999945033
124,DG_k1_t0,16,16,16,8447.825,367,16,1,27,5790.444450089996,6187.825325303731,3809.4444500899986,2378.3808752137334,1835.0,345.0,80.0,0,0,B,0,0,B,0,,,0.9090227000124287
124,DG2_k3_t1_R,16,16,16,9975.897,571,16,1,29,6262.54166428447,6486.897355729365,3686.5416642844684,2800.3556914448977,2855.0,554.0,80.0,0,0,C,305,151,C,2,,,0.7631542999879457
124,C3FDirect,16,16,16,9975.897,571,16,1,29,6262.54166428447,6486.897355729365,3686.5416642844684,2800.3556914448977,2855.0,554.0,80.0,0,0,C,305,151,,,,,0.7741608000069391
125,Cplus3F,16,16,16,8400.448,431,16,1,27,5185.171174255142,5750.448028218659,3078.171174255143,2672.276853963517,2155.0,415.0,80.0,0,0,B,0,0,,,,,0.6530334000126459
125,DG_k1_t0,16,16,16,8662.443,451,16,1,27,5447.166358235581,5892.443212199097,3220.166358235581,2672.276853963517,2255.0,435.0,80.0,0,0,B,0,0,B,0,,,0.6483539000037126
125,DG2_k3_t1_R,16,16,16,9865.493,527,16,1,27,6868.493387603653,6631.492554932669,4264.493387603653,2366.999167329019,2635.0,519.0,80.0,0,0,B,0,0,B,0,235.5167982314916,20015.301068666482,0.6538544000068214
125,C3FDirect,16,16,16,11672.676,629,16,1,29,6277.18319675693,7846.676199729814,3660.1831967569296,4186.493002972885,3145.0,601.0,80.0,0,0,C,291,180,,,,,1.0881298999884166
126,Cplus3F,16,16,16,8305.278,359,16,1,27,5813.136419645359,6078.277960925368,3751.1364196453605,2327.1415412800075,1795.0,352.0,80.0,0,0,B,0,0,,,,,0.6725333999784198
126,DG_k1_t0,16,16,16,8567.273,379,16,1,27,6075.131603625798,6220.2731449058065,3893.1316036257986,2327.1415412800075,1895.0,372.0,80.0,0,0,B,0,0,B,0,,,0.6579959999944549
126,DG2_k3_t1_R,16,16,16,9398.864,517,16,1,29,5978.6582600823485,6232.863917494732,3523.6582600823485,2709.205657412383,2585.0,501.0,80.0,0,0,C,317,120,C,3,,,0.9232860999763943
126,C3FDirect,16,16,16,9398.864,517,16,1,29,5978.6582600823485,6232.863917494732,3523.6582600823485,2709.205657412383,2585.0,501.0,80.0,0,0,C,317,120,,,,,0.9248713999986649
127,Cplus3F,16,16,16,8162.615,370,16,1,27,5794.419285584688,5870.615278960645,3806.4192855846895,2064.195993375956,1850.0,362.0,80.0,0,0,B,0,0,,,,,0.5279312999919057
127,DG_k1_t0,16,16,16,8424.61,390,16,1,27,6056.414469565127,6012.610462941083,3948.4144695651275,2064.195993375956,1950.0,382.0,80.0,0,0,B,0,0,B,0,,,0.5271556999941822
127,DG2_k3_t1_R,16,16,16,10211.297,551,16,1,29,5636.491172556623,6844.297275854353,3282.4911725566217,3561.8061032977325,2755.0,532.0,80.0,0,0,C,363,151,C,2,,,0.8777930000214837
127,C3FDirect,16,16,16,10211.297,551,16,1,29,5636.491172556623,6844.297275854353,3282.4911725566217,3561.8061032977325,2755.0,532.0,80.0,0,0,C,363,151,,,,,0.8855994000041392
128,Cplus3F,16,16,16,8366.279,370,16,1,27,5744.523261102076,6088.278683369941,3785.523261102076,2302.755422267866,1850.0,348.0,80.0,0,0,B,0,0,,,,,0.9013026000175159
128,DG_k1_t0,16,16,16,8628.274,390,16,1,27,6006.518445082514,6230.273867350377,3927.518445082514,2302.755422267866,1950.0,368.0,80.0,0,0,B,0,0,B,0,,,0.905104500008747
128,DG2_k3_t1_R,16,16,16,10623.908,618,16,1,29,5473.743895241641,6848.908479541577,3154.7438952416405,3694.1645842999383,3090.0,605.0,80.0,0,0,C,256,216,C,2,,,1.4148545999778435
128,C3FDirect,16,16,16,10623.908,618,16,1,29,5473.743895241641,6848.908479541577,3154.7438952416405,3694.1645842999383,3090.0,605.0,80.0,0,0,C,256,216,,,,,1.409793200000422
129,Cplus3F,16,16,16,9426.067,465,16,1,27,5927.613667041115,6571.067468722052,3796.613667041116,2774.453801680936,2325.0,450.0,80.0,0,0,B,0,0,,,,,0.8222214999841526
129,DG_k1_t0,16,16,16,9688.063,485,16,1,27,6189.608851021553,6713.06265270249,3938.608851021554,2774.453801680936,2425.0,470.0,80.0,0,0,B,0,0,B,0,,,0.8284588999813423
129,DG2_k3_t1_R,16,16,16,9922.095,511,16,1,27,6641.113922436594,6791.094506138405,4102.113922436594,2688.980583701811,2555.0,496.0,80.0,0,0,B,0,1,B,1,235.5167982314916,20015.301068666482,0.6930364000145346
129,C3FDirect,16,16,16,12231.3,597,16,1,29,6262.011385351347,8594.300088148693,3663.0113853513444,4931.288702797351,2985.0,572.0,80.0,0,0,C,452,151,,,,,1.030612000002293
130,Cplus3F,16,16,16,8921.788,375,16,1,27,5818.818545074858,6602.787981152037,3812.81854507486,2789.969436077177,1875.0,364.0,80.0,0,0,B,0,0,,,,,0.9729289000097197
130,DG_k1_t0,16,16,16,9183.783,395,16,1,27,6080.813729055297,6744.783165132475,3954.813729055298,2789.969436077177,1975.0,384.0,80.0,0,0,B,0,0,B,0,,,0.9809735000017099
130,DG2_k3_t1_R,16,16,16,9139.184,502,16,1,29,6068.473119078962,6062.184103822177,3524.473119078959,2537.710984743223,2510.0,487.0,80.0,0,0,C,292,85,C,2,,,0.8094406999880448
130,C3FDirect,16,16,16,9139.184,502,16,1,29,6068.473119078962,6062.184103822177,3524.473119078959,2537.710984743223,2510.0,487.0,80.0,0,0,C,292,85,,,,,0.8057969999790657
131,Cplus3F,16,16,16,9620.672,474,16,1,27,6249.7522726452,6720.672353165098,3763.752272645201,2956.9200805198966,2370.0,450.0,80.0,0,0,B,0,0,,,,,0.8163837000029162
131,DG_k1_t0,16,16,16,9882.668,494,16,1,27,6511.747456625639,6862.667537145535,3905.747456625639,2956.9200805198966,2470.0,470.0,80.0,0,0,B,0,0,B,0,,,0.8175346000061836
131,DG2_k3_t1_R,16,16,16,9926.227,466,16,1,27,6751.363276279644,7078.2267521975145,4235.363276279645,2842.86347591787,2330.0,438.0,80.0,0,0,B,0,0,B,1,235.5167982314916,20015.301068666482,0.6321347999910358
131,C3FDirect,16,16,16,12055.032,670,16,1,29,6255.6107697222005,7965.032185969354,3632.6107697222005,4332.421416247155,3350.0,660.0,80.0,0,0,C,369,214,,,,,1.132928000006359
132,Cplus3F,16,16,16,9242.425,399,16,1,27,5937.002052789798,6781.425494227466,3992.0020527898,2789.423441437665,1995.0,386.0,80.0,0,0,B,0,0,,,,,0.9963605999946594
132,DG_k1_t0,16,16,16,9834.285,562,16,1,29,5516.415738171015,6401.285230944017,3132.415738171013,3268.8694927730057,2810.0,543.0,80.0,0,0,C,297,170,C,1,,,1.0056634999928065
132,DG2_k3_t1_R,16,16,16,9834.285,562,16,1,29,5516.415738171015,6401.285230944017,3132.415738171013,3268.8694927730057,2810.0,543.0,80.0,0,0,C,297,170,C,2,,,1.0033762000093702
132,C3FDirect,16,16,16,9834.285,562,16,1,29,5516.415738171015,6401.285230944017,3132.415738171013,3268.8694927730057,2810.0,543.0,80.0,0,0,C,297,170,,,,,1.0221708999888506
133,Cplus3F,16,16,16,10020.177,508,16,1,27,6491.707291434475,6918.176619296857,4018.707291434478,2899.4693278623813,2540.0,482.0,80.0,0,0,B,0,0,,,,,0.9620601999922656
133,DG_k1_t0,16,16,16,10282.172,528,16,1,27,6753.702475414914,7060.171803277293,4160.702475414915,2899.4693278623813,2640.0,502.0,80.0,0,0,B,0,0,B,0,,,0.9635097000282258
133,DG2_k3_t1_R,16,16,16,9232.193,437,16,1,27,5606.522782271864,6556.193143240445,3504.5227822718653,3051.670360968583,2185.0,411.0,80.0,0,0,B,0,0,B,1,235.5167982314916,20015.301068666482,0.8918472999939695
133,C3FDirect,16,16,16,9424.071,538,16,1,29,5556.96599812227,6131.070808058583,3118.96599812227,3012.104809936313,2690.0,523.0,80.0,0,0,C,193,135,,,,,0.5741684999957215
134,Cplus3F,16,16,16,8789.042,486,16,1,27,5750.427986667183,5797.0423755934125,3586.427986667185,2210.614388926228,2430.0,482.0,80.0,0,0,B,0,0,,,,,0.924038199998904
134,DG_k1_t0,16,16,16,8647.617,479,16,1,29,5094.905452774298,5710.617451148868,2992.9054527742965,2717.711998374574,2395.0,462.0,80.0,0,0,C,331,137,C,1,,,0.9612751000095159
134,DG2_k3_t1_R,16,16,16,8647.617,479,16,1,29,5094.905452774298,5710.617451148868,2992.9054527742965,2717.711998374574,2395.0,462.0,80.0,0,0,C,331,137,C,3,,,0.9638327000138815
134,C3FDirect,16,16,16,8647.617,479,16,1,29,5094.905452774298,5710.617451148868,2992.9054527742965,2717.711998374574,2395.0,462.0,80.0,0,0,C,331,137,,,,,0.9497351000027265
135,Cplus3F,16,16,16,9307.677,464,16,1,27,6221.35262468423,6453.677141772568,3950.352624684232,2503.3245170883374,2320.0,454.0,80.0,0,0,B,0,0,,,,,0.8723333000089042
135,DG_k1_t0,16,16,16,9569.672,484,16,1,27,6483.347808664668,6595.672325753006,4092.3478086646696,2503.3245170883374,2420.0,474.0,80.0,0,0,B,0,0,B,0,,,0.8753995999868494
135,DG2_k3_t1_R,16,16,16,11573.937,638,16,1,29,6230.958009360379,7677.9365706092,3649.958009360379,4027.978561248824,3190.0,626.0,80.0,0,0,C,348,207,C,3,,,0.9746118999901228
135,C3FDirect,16,16,16,11573.937,638,16,1,29,6230.958009360379,7677.9365706092,3649.958009360379,4027.978561248824,3190.0,626.0,80.0,0,0,C,348,207,,,,,0.9804947999946307
136,Cplus3F,16,16,16,8637.834,380,16,1,27,5869.146557830923,6297.8342132913285,3840.146557830923,2457.687655460408,1900.0,360.0,80.0,0,0,B,0,0,,,,,1.2877187000121921
136,DG_k1_t0,16,16,16,10673.306,593,16,1,29,6136.425927655978,7045.306308742254,3605.4259276559787,3439.8803810862764,2965.0,583.0,80.0,0,0,C,289,175,C,1,,,0.9927464000065811
136,DG2_k3_t1_R,16,16,16,10673.306,593,16,1,29,6136.425927655978,7045.306308742254,3605.4259276559787,3439.8803810862764,2965.0,583.0,80.0,0,0,C,289,175,C,3,,,0.9936117000179365
136,C3FDirect,16,16,16,10673.306,593,16,1,29,6136.425927655978,7045.306308742254,3605.4259276559787,3439.8803810862764,2965.0,583.0,80.0,0,0,C,289,175,,,,,1.0015939000004437
137,Cplus3F,16,16,16,8823.129,424,16,1,27,6080.117563267565,6215.129029175363,3785.1175632675663,2430.0114659077994,2120.0,408.0,80.0,0,0,B,0,0,,,,,0.48332030000165105
137,DG_k1_t0,16,16,16,9085.124,444,16,1,27,6342.112747248004,6357.124213155801,3927.1127472480043,2430.0114659077994,2220.0,428.0,80.0,0,0,B,0,0,B,0,,,0.4783338000124786
137,DG2_k3_t1_R,16,16,16,11854.357,671,16,1,29,6265.587171805214,7762.356787281023,3635.587171805214,4126.7696154758105,3355.0,657.0,80.0,0,0,C,458,220,C,2,,,1.095734500006074
137,C3FDirect,16,16,16,11854.357,671,16,1,29,6265.587171805214,7762.356787281023,3635.587171805214,4126.7696154758105,3355.0,657.0,80.0,0,0,C,458,220,,,,,1.0916345000150613
138,Cplus3F,16,16,16,8946.954,415,16,1,27,6055.555658855954,6388.954481813635,3792.5556588559543,2596.3988229576803,2075.0,403.0,80.0,0,0,B,0,0,,,,,0.7552170999988448
138,DG_k1_t0,16,16,16,9208.95,435,16,1,27,6317.550842836393,6530.949665794073,3934.5508428363923,2596.3988229576803,2175.0,423.0,80.0,0,0,B,0,0,B,0,,,0.7665915999969002
138,DG2_k3_t1_R,16,16,16,8344.768,369,16,1,27,5530.188409765452,6068.768471183589,3465.1884097654515,2603.580061418139,1845.0,351.0,80.0,0,0,B,0,0,B,1,235.5167982314916,20015.301068666482,1.0807062999811023
138,C3FDirect,16,16,16,10930.193,592,16,1,29,6253.982269537053,7331.192803710041,3709.982269537055,3621.2105341729907,2960.0,559.0,80.0,0,0,C,362,152,,,,,1.3483690000139177
139,Cplus3F,16,16,16,8414.178,403,16,1,27,6328.203892538237,5929.178061616298,3970.2038925382394,1958.9741690780602,2015.0,390.0,80.0,0,0,B,0,0,,,,,0.27508559997659177
139,DG_k1_t0,16,16,16,8676.173,423,16,1,27,6590.199076518675,6071.173245596736,4112.199076518677,1958.9741690780602,2115.0,410.0,80.0,0,0,B,0,0,B,0,,,0.27569509999011643
139,DG2_k3_t1_R,16,16,16,7954.825,373,16,1,27,5588.13365087573,5650.824580410921,3463.133650875732,2187.69092953519,1865.0,359.0,80.0,0,0,B,0,0,B,0,235.5167982314916,20015.301068666482,0.3291300999990199
139,C3FDirect,16,16,16,10957.695,576,16,1,29,6270.700900016738,7431.695258356354,3689.7009000167386,3741.9943583396152,2880.0,566.0,80.0,0,0,C,329,156,,,,,0.6001470000192057
140,Cplus3F,16,16,16,8090.645,396,16,1,27,4989.136012074482,5658.645438361283,3047.1360120744835,2611.5094262867997,1980.0,372.0,80.0,0,0,B,0,0,,,,,0.8355593000014778
140,DG_k1_t0,16,16,16,8352.641,416,16,1,27,5251.131196054921,5800.640622341721,3189.1311960549215,2611.5094262867997,2080.0,392.0,80.0,0,0,B,0,0,B,0,,,0.7148510999977589
140,DG2_k3_t1_R,16,16,16,9695.251,445,16,1,27,6340.0683865885985,6967.250809251809,4057.068386588599,2910.182422663208,2225.0,423.0,80.0,0,0,B,0,0,B,1,235.5167982314916,20015.301068666482,0.591436499991687
140,C3FDirect,16,16,16,10691.431,556,16,1,29,6265.00209482183,7296.431321982239,3653.0020948218285,3643.4292271604177,2780.0,535.0,80.0,0,0,C,293,116,,,,,0.6924425000033807
141,Cplus3F,16,16,16,8921.266,443,16,1,27,5926.655730978969,6194.265713680707,3837.6557309789705,2356.6099827017397,2215.0,432.0,80.0,0,0,B,0,0,,,,,0.6309111999871675
141,DG_k1_t0,16,16,16,10905.943,627,16,1,29,5515.355612970031,7073.942896671572,3114.3556129700305,3959.5872837015427,3135.0,617.0,80.0,0,0,C,274,212,C,1,,,0.8528940999822225
141,DG2_k3_t1_R,16,16,16,10905.943,627,16,1,29,5515.355612970031,7073.942896671572,3114.3556129700305,3959.5872837015427,3135.0,617.0,80.0,0,0,C,274,212,C,2,,,0.8400565000192728
141,C3FDirect,16,16,16,10905.943,627,16,1,29,5515.355612970031,7073.942896671572,3114.3556129700305,3959.5872837015427,3135.0,617.0,80.0,0,0,C,274,212,,,,,0.8763574000040535
142,Cplus3F,16,16,16,9341.138,409,16,1,27,5758.158100050995,6824.138157152406,3775.1581000509964,3048.980057101407,2045.0,392.0,80.0,0,0,B,0,0,,,,,0.5959405000030529
142,DG_k1_t0,16,16,16,10315.896,582,16,1,29,5654.772472825436,6766.896035933093,3348.772472825436,3418.123563107662,2910.0,559.0,80.0,0,0,C,406,185,C,1,,,0.8764919999812264
142,DG2_k3_t1_R,16,16,16,10315.896,582,16,1,29,5654.772472825436,6766.896035933093,3348.772472825436,3418.123563107662,2910.0,559.0,80.0,0,0,C,406,185,C,2,,,0.9214852000004612
142,C3FDirect,16,16,16,10315.896,582,16,1,29,5654.772472825436,6766.896035933093,3348.772472825436,3418.123563107662,2910.0,559.0,80.0,0,0,C,406,185,,,,,0.7947202000068501
143,Cplus3F,16,16,16,9183.813,438,16,1,27,5820.1722215262,6502.812527206355,3773.1722215262016,2729.640305680156,2190.0,411.0,80.0,0,0,B,0,0,,,,,0.5548852999927476
143,DG_k1_t0,16,16,16,12380.178,670,16,1,29,6191.715741350965,8295.17835915618,3634.7157413509635,4660.462617805219,3350.0,655.0,80.0,0,0,C,417,233,C,1,,,0.6192377999832388
143,DG2_k3_t1_R,16,16,16,12380.178,670,16,1,29,6191.715741350965,8295.17835915618,3634.7157413509635,4660.462617805219,3350.0,655.0,80.0,0,0,C,417,233,C,2,,,0.5745508999971207
143,C3FDirect,16,16,16,12380.178,670,16,1,29,6191.715741350965,8295.17835915618,3634.7157413509635,4660.462617805219,3350.0,655.0,80.0,0,0,C,417,233,,,,,0.5870211999863386
144,Cplus3F,16,16,16,10556.432,604,16,1,27,5041.542527861725,6864.4323321429665,3051.5425278617263,3812.889804281244,3020.0,592.0,80.0,0,0,B,0,0,,,,,1.1292533000232652
144,DG_k1_t0,16,16,16,10818.428,624,16,1,27,5303.537711842164,7006.4275161234045,3193.5377118421643,3812.889804281244,3120.0,612.0,80.0,0,0,B,0,0,B,0,,,1.0353257000097074
144,DG2_k3_t1_R,16,16,16,9633.455,454,16,1,27,6145.970055974918,6855.455017254333,3886.970055974918,2968.48496127942,2270.0,428.0,80.0,0,0,B,0,0,B,1,235.5167982314916,20015.301068666482,0.7855221999925561
144,C3FDirect,16,16,16,10514.761,557,16,1,29,6101.201001878664,7105.760855826285,3628.2010018786627,3477.559853947623,2785.0,544.0,80.0,0,0,C,418,137,,,,,0.5637844000011683
145,Cplus3F,16,16,16,8488.745,424,16,1,27,6283.4403307758075,5884.745208426338,4047.440330775808,1837.3048776505293,2120.0,404.0,80.0,0,0,B,0,0,,,,,0.32332450000103563
145,DG_k1_t0,16,16,16,8750.74,444,16,1,27,6545.435514756245,6026.740392406774,4189.4355147562455,1837.3048776505293,2220.0,424.0,80.0,0,0,B,0,0,B,0,,,0.376502300001448
145,DG2_k3_t1_R,16,16,16,12227.022,663,16,1,29,6081.402218333488,8187.0215082607165,3644.4022183334882,4542.619289927227,3315.0,645.0,80.0,0,0,C,390,229,C,2,,,0.5605163000000175
145,C3FDirect,16,16,16,12227.022,663,16,1,29,6081.402218333488,8187.0215082607165,3644.4022183334882,4542.619289927227,3315.0,645.0,80.0,0,0,C,390,229,,,,,0.6095937000063714
146,Cplus3F,16,16,16,9003.699,367,16,1,27,5887.871370488962,6736.698513286451,3859.8713704889637,2876.8271427974873,1835.0,352.0,80.0,0,0,B,0,0,,,,,0.2662665000243578
146,DG_k1_t0,16,16,16,9527.212,535,16,1,29,6213.942701098121,6256.211697597175,3637.9427010981194,2618.268996499058,2675.0,516.0,80.0,0,0,C,290,114,C,1,,,0.45424319998710416
146,DG2_k3_t1_R,16,16,16,9527.212,535,16,1,29,6213.942701098121,6256.211697597175,3637.9427010981194,2618.268996499058,2675.0,516.0,80.0,0,0,C,290,114,C,4,,,0.48590580001473427
146,C3FDirect,16,16,16,9527.212,535,16,1,29,6213.942701098121,6256.211697597175,3637.9427010981194,2618.268996499058,2675.0,516.0,80.0,0,0,C,290,114,,,,,0.4360815999971237
147,Cplus3F,16,16,16,9886.603,517,16,1,27,5762.103685678883,6717.603348366167,3588.1036856788864,3129.4996626872817,2585.0,504.0,80.0,0,0,B,0,0,,,,,0.7362887999915984
147,DG_k1_t0,16,16,16,10148.599,537,16,1,27,6024.098869659322,6859.598532346605,3730.0988696593245,3129.4996626872817,2685.0,524.0,80.0,0,0,B,0,0,B,0,,,0.7189788999967277
147,DG2_k3_t1_R,16,16,16,12053.225,611,16,1,29,6277.029882399405,8334.225087734754,3635.0298823994062,4699.195205335347,3055.0,584.0,80.0,0,0,C,445,156,C,2,,,0.5823050999897532
147,C3FDirect,16,16,16,12053.225,611,16,1,29,6277.029882399405,8334.225087734754,3635.0298823994062,4699.195205335347,3055.0,584.0,80.0,0,0,C,445,156,,,,,0.5273598000057973
148,Cplus3F,16,16,16,8585.054,411,16,1,27,5778.772016725562,6042.054113318229,3630.772016725563,2411.2820965926658,2055.0,408.0,80.0,0,0,B,0,0,,,,,0.43118390001473017
148,DG_k1_t0,16,16,16,8847.049,431,16,1,27,6040.767200706,6184.049297298667,3772.767200706001,2411.2820965926658,2155.0,428.0,80.0,0,0,B,0,0,B,0,,,0.49216470000101253
148,DG2_k3_t1_R,16,16,16,9336.615,428,16,1,27,6484.4676348211615,6704.615437198089,4114.467634821162,2590.147802376928,2140.0,412.0,80.0,0,0,B,0,0,B,1,235.5167982314916,20015.301068666482,0.40310779999708757
148,C3FDirect,16,16,16,12150.364,680,16,1,29,6218.064907346704,8009.363753036927,3722.064907346703,4287.298845690226,3400.0,661.0,80.0,0,0,C,423,238,,,,,0.6102551999792922
149,Cplus3F,16,16,16,9968.362,491,16,1,27,6033.782932216292,6957.361712656782,3749.7829322162934,3207.5787804404913,2455.0,476.0,80.0,0,0,B,0,0,,,,,0.5912540999997873
149,DG_k1_t0,16,16,16,10230.357,511,16,1,27,6295.7781161967305,7099.356896637222,3891.7781161967314,3207.5787804404913,2555.0,496.0,80.0,0,0,B,0,0,B,0,,,0.5526455999934115
149,DG2_k3_t1_R,16,16,16,11527.086,611,16,1,29,5411.031484987278,7802.085859970146,3202.031484987279,4600.0543749828685,3055.0,590.0,80.0,0,0,C,449,212,C,2,,,0.5627390000154264
149,C3FDirect,16,16,16,11527.086,611,16,1,29,5411.031484987278,7802.085859970146,3202.031484987279,4600.0543749828685,3055.0,590.0,80.0,0,0,C,449,212,,,,,0.5622525000071619
150,Cplus3F,16,16,16,8894.051,376,16,1,27,6098.278029523399,6581.051269837702,4020.2780295233997,2560.7732403143036,1880.0,353.0,80.0,0,0,B,0,0,,,,,0.5892247000010684
150,DG_k1_t0,16,16,16,9156.046,396,16,1,27,6360.273213503838,6723.046453818141,4162.273213503838,2560.7732403143036,1980.0,373.0,80.0,0,0,B,0,0,B,0,,,0.5938679999962915
150,DG2_k3_t1_R,16,16,16,10083.943,517,16,1,29,5993.64718365891,6923.943134730438,3592.64718365891,3331.295951071529,2585.0,495.0,80.0,0,0,C,391,127,C,3,,,0.42842500002007
150,C3FDirect,16,16,16,10083.943,517,16,1,29,5993.64718365891,6923.943134730438,3592.64718365891,3331.295951071529,2585.0,495.0,80.0,0,0,C,391,127,,,,,0.48612169999978505
