case,strategy,source_count,detected_channels,cleared_channels,total_virtual_time_s,measure_actions,clear_actions,all_cleared,search_sites,search_end_time_s,movement_time_s,search_movement_time_s,post_search_movement_time_s,detection_time_s,switching_time_s,clearing_time_s,failed_clear_actions,origin_discoveries,selected_route,wall_time_s
1,C,14,14,14,7337.083,276,14,1,29,5164.5264323263955,5622.083234774975,3629.5264323263946,1992.556802448581,1380.0,265.0,70.0,0,,,0.37847450000117533
1,CAz3,14,14,14,7781.547,345,14,1,29,5609.224046854911,5652.546767664868,3631.22404685491,2021.322720809958,1725.0,334.0,70.0,0,,,0.41432340000756085
1,CAz4,14,14,14,7432.012,388,14,1,29,5995.806910120997,5039.01182739209,3684.806910120996,1354.2049172710947,1940.0,383.0,70.0,0,,,0.07412579999072477
2,C,11,11,11,7472.689,375,11,1,29,5806.180581584338,5173.688898731702,3630.1805815843372,1543.508317147365,1875.0,369.0,55.0,0,,,0.28039920001174323
2,CAz3,11,11,11,7633.272,426,11,1,29,6134.236745332904,5036.272426673676,3655.236745332904,1381.0356813407745,2130.0,412.0,55.0,0,,,0.25040059999446385
2,CAz4,11,11,11,7779.195,465,11,1,29,6368.364371507967,4949.194999880024,3655.364371507966,1293.8306283720583,2325.0,450.0,55.0,0,,,0.13681730002281256
3,C,16,16,16,5345.125,183,16,1,29,1420.1779453846982,4185.124911483899,839.1779453846982,3345.9469660992,915.0,165.0,80.0,0,,,0.6183970000129193
3,CAz3,16,16,16,6366.966,289,16,1,29,1526.3240373590138,4571.966180159039,874.324037359014,3697.642142800025,1445.0,270.0,80.0,0,,,0.6306603999983054
3,CAz4,16,16,16,6488.057,339,16,1,29,1556.3240373590138,4395.057291006124,874.324037359014,3520.733253647112,1695.0,318.0,80.0,0,,,0.6280519000138156
4,C,11,11,11,8524.691,367,11,1,29,5698.5264323263955,6280.690668184118,3629.5264323263946,2651.1642358577265,1835.0,354.0,55.0,0,,,0.28808420000132173
4,CAz3,11,11,11,7769.368,387,11,1,29,5937.56987000644,5393.36823345903,3629.5698700064395,1763.7983634525897,1935.0,386.0,55.0,0,,,0.09886899997945875
4,CAz4,11,11,11,8121.598,462,11,1,29,6335.459371714242,5296.597951076883,3632.4593717142398,1664.1385793626434,2310.0,460.0,55.0,0,,,0.037919300026260316
5,C,12,12,12,7945.68,407,12,1,29,5993.481813160234,5449.679956822873,3631.4818131602333,1818.1981436626397,2035.0,401.0,60.0,0,,,0.27451280000968836
5,CAz3,12,12,12,8125.906,459,12,1,29,6288.046970849469,5318.906039673876,3646.046970849468,1672.8590688244094,2295.0,452.0,60.0,0,,,0.25115460000233725
5,CAz4,12,12,12,8395.063,509,12,1,29,6557.886130040854,5283.062611493366,3645.886130040853,1637.176481452515,2545.0,507.0,60.0,0,,,0.06849330000113696
6,C,11,11,11,7652.726,383,11,1,29,5830.5264323263955,5308.725605808654,3629.5264323263946,1679.1991734822618,1915.0,374.0,55.0,0,,,0.23228080000262707
6,CAz3,11,11,11,7808.032,422,11,1,29,6080.367782706262,5233.0316080146395,3640.3677827062597,1592.6638253083804,2110.0,410.0,55.0,0,,,0.21770319997449405
6,CAz4,11,11,11,8105.528,501,11,1,29,6482.367782706262,5046.528129639708,3640.3677827062597,1406.1603469334486,2505.0,499.0,55.0,0,,,0.11579439998604357
7,C,11,11,11,7579.945,375,11,1,29,5857.156652830892,5276.944956215668,3663.156652830892,1613.788303384776,1875.0,373.0,55.0,0,,,0.1802472000126727
7,CAz3,11,11,11,8191.852,471,11,1,29,6494.21902800078,5324.8524336152705,3781.2190280007785,1543.6334056144924,2355.0,457.0,55.0,0,,,0.22773799998685718
7,CAz4,11,11,11,8129.999,491,11,1,29,6689.109794479123,5133.998882172841,3821.1097944791204,1312.8890876937214,2455.0,486.0,55.0,0,,,0.10514420000254177
8,C,12,12,12,7782.396,334,12,1,29,5548.5264323263955,5724.395628711958,3629.5264323263946,2094.8691963855645,1670.0,328.0,60.0,0,,,0.20818069999222644
8,CAz3,12,12,12,8145.545,419,12,1,29,6189.4794625992035,5574.545490186546,3708.479462599202,1866.0660275873422,2095.0,416.0,60.0,0,,,0.15131450002081692
8,CAz4,12,12,12,8178.215,426,12,1,29,6299.457159665574,5564.214976449619,3747.457159665573,1816.757816784046,2130.0,424.0,60.0,0,,,0.05111699999542907
9,C,15,15,15,7729.666,292,15,1,29,5266.5264323263955,5909.666285185348,3629.5264323263946,2280.139852858953,1460.0,285.0,75.0,0,,,0.36917729998822324
9,CAz3,15,15,15,7738.459,365,15,1,29,5859.754877222769,5475.459096953437,3668.754877222769,1806.7042197306664,1825.0,363.0,75.0,0,,,0.09932999999728054
9,CAz4,15,15,15,7953.777,400,15,1,29,5997.684864483281,5487.776902648608,3668.68486448328,1819.0920381653273,2000.0,391.0,75.0,0,,,0.13279560001683421
10,C,11,11,11,7544.983,345,11,1,29,5644.047984016964,5428.982523316471,3655.047984016963,1773.934539299508,1725.0,336.0,55.0,0,,,0.3249956000072416
10,CAz3,11,11,11,7792.463,439,11,1,29,6213.813953401547,5113.462841164342,3691.8139534015468,1421.6488877627942,2195.0,429.0,55.0,0,,,0.1537899999821093
10,CAz4,11,11,11,7935.419,469,11,1,29,6508.16467094621,5071.419171613773,3760.1646709462084,1311.2545006675643,2345.0,464.0,55.0,0,,,0.0762220999749843
11,C,16,16,16,7177.543,225,16,1,29,3163.589175510358,5764.543314923863,2072.589175510358,3691.954139413505,1125.0,208.0,80.0,0,,,0.6429790999973193
11,CAz3,16,16,16,6601.813,320,16,1,29,3530.3526326061506,4606.813394810918,2124.3526326061506,2482.4607622047674,1600.0,315.0,80.0,0,,,0.15188600000692531
11,CAz4,16,16,16,6392.309,335,16,1,29,3698.761841290165,4304.3090348896785,2131.7618412901656,2172.5471935995124,1675.0,333.0,80.0,0,,,0.118705000000773
12,C,12,12,12,7372.615,322,12,1,29,5540.7593643008795,5388.615116852155,3677.7593643008786,1710.8557525512767,1610.0,314.0,60.0,0,,,0.14745169997331686
12,CAz3,12,12,12,7429.631,364,12,1,29,5815.333430735382,5194.630705440057,3683.3334307353816,1511.2972747046758,1820.0,355.0,60.0,0,,,0.15265229999204166
12,CAz4,12,12,12,7227.109,383,12,1,29,6021.6186583989975,4871.109396638921,3710.6186583989966,1160.4907382399233,1915.0,381.0,60.0,0,,,0.01955730002373457
13,C,16,16,16,4702.019,172,16,1,29,1828.8865399969663,3599.018966639032,1157.8865399969663,2441.132426642065,860.0,163.0,80.0,0,,,0.4846710000128951
13,CAz3,16,16,16,5410.915,294,16,1,29,2012.3182464586819,3569.915125322352,1162.3182464586819,2407.596878863669,1470.0,291.0,80.0,0,,,0.35371230001328513
13,CAz4,16,16,16,5498.939,331,16,1,29,2109.6896269937206,3434.939091571176,1188.6896269937204,2246.249464577457,1655.0,329.0,80.0,0,,,0.247363000002224
14,C,10,10,10,7403.664,373,10,1,29,5836.162277188716,5120.664193283984,3661.162277188715,1459.5019160952695,1865.0,368.0,50.0,0,,,0.18895250000059605
14,CAz3,10,10,10,7587.435,421,10,1,29,6158.886507251264,5013.4351291256835,3659.886507251263,1353.5486218744213,2105.0,419.0,50.0,0,,,0.11295569999492727
14,CAz4,10,10,10,7634.025,435,10,1,29,6297.797259523585,4976.02526860181,3697.7972595235838,1278.228009078227,2175.0,433.0,50.0,0,,,0.08943739999085665
15,C,11,11,11,7559.6,377,11,1,29,5776.5264323263955,5253.599741697344,3629.5264323263946,1624.07330937095,1885.0,366.0,55.0,0,,,0.3526015999959782
15,CAz3,11,11,11,7597.134,407,11,1,29,5980.5264323263955,5107.134434337919,3629.5264323263946,1477.6080020115228,2035.0,400.0,55.0,0,,,0.3422433999949135
15,CAz4,11,11,11,8184.009,523,11,1,29,6645.192278078212,4999.00882500539,3641.1922780782106,1357.8165469271787,2615.0,515.0,55.0,0,,,0.12481899998965673
16,C,14,14,14,7550.677,310,14,1,29,5342.384811053255,5637.677207069704,3646.3848110532545,1991.292396016453,1550.0,293.0,70.0,0,,,0.6099830999737605
16,CAz3,14,14,14,7399.896,351,14,1,29,5812.424366087332,5227.895980061229,3729.42436608733,1498.4716139739007,1755.0,347.0,70.0,0,,,0.1562504000030458
16,CAz4,14,14,14,7459.154,386,14,1,29,6020.731131909768,5081.153902809162,3727.731131909767,1353.4227708993942,1930.0,378.0,70.0,0,,,0.020385900017572567
17,C,13,13,13,8244.75,311,13,1,29,5392.5264323263955,6320.750454070438,3629.5264323263946,2691.224021744043,1555.0,304.0,65.0,0,,,0.2601403000007849
17,CAz3,13,13,13,7800.592,381,13,1,29,5966.750940206075,5452.592072345712,3696.750940206073,1755.8411321396381,1905.0,378.0,65.0,0,,,0.0695261999790091
17,CAz4,13,13,13,7950.793,446,13,1,29,6336.112230618107,5212.792604103627,3701.1122306181046,1511.6803734855212,2230.0,443.0,65.0,0,,,0.03284999998868443
18,C,11,11,11,8652.19,394,11,1,29,5860.5264323263955,6247.1899570115675,3629.5264323263946,2617.663524685172,1970.0,380.0,55.0,0,,,0.3639734000025783
18,CAz3,11,11,11,7991.617,450,11,1,29,6358.449685092365,5246.616832929169,3721.4496850923642,1525.1671478368055,2250.0,440.0,55.0,0,,,0.0742589000146836
18,CAz4,11,11,11,8253.687,496,11,1,29,6542.620759928877,5224.686633565919,3719.6207599288764,1505.065873637042,2480.0,494.0,55.0,0,,,0.05093899997882545
19,C,12,12,12,8101.338,354,12,1,29,5524.5264323263955,5943.337808649242,3629.5264323263946,2313.8113763228475,1770.0,328.0,60.0,0,,,0.4066371999797411
19,CAz3,12,12,12,8130.243,399,12,1,29,5878.5264323263955,5696.243498004966,3629.5264323263946,2066.7170656785715,1995.0,379.0,60.0,0,,,0.302985800022725
19,CAz4,12,12,12,7971.453,426,12,1,29,6128.98699418108,5368.453372002894,3664.9869941810794,1703.4663778218128,2130.0,413.0,60.0,0,,,0.13277060000109486
20,C,13,13,13,9072.783,419,13,1,29,5865.27850056495,6532.783496882809,3641.2785005649484,2891.504996317865,2095.0,380.0,65.0,0,,,0.7763852000061888
20,CAz3,13,13,13,8540.923,438,13,1,29,6115.883281372696,5874.922570418404,3682.8832813726945,2192.039289045709,2190.0,411.0,65.0,0,,,0.4256460999895353
20,CAz4,13,13,13,8430.914,494,13,1,29,6403.883281372696,5405.913807027572,3682.8832813726945,1723.0305256548795,2470.0,490.0,65.0,0,,,0.3158727000118233
21,C,16,16,16,8345.636,339,16,1,29,3283.5891755103576,6266.635781717237,2072.589175510358,4194.046606206886,1695.0,304.0,80.0,0,,,0.7581467000127304
21,CAz3,16,16,16,7255.076,387,16,1,29,3597.1442866009347,4858.0760329929235,2076.144286600935,2781.9317463919865,1935.0,382.0,80.0,0,,,0.3935899999924004
21,CAz4,16,16,16,7335.204,432,16,1,29,3742.380118014096,4667.204102626051,2102.3801180140963,2564.823984611954,2160.0,428.0,80.0,0,,,0.44684800002141856
22,C,13,13,13,8113.443,292,13,1,29,5284.5264323263955,6302.442647289692,3629.5264323263946,2672.916214963298,1460.0,286.0,65.0,0,,,0.3134882999875117
22,CAz3,13,13,13,7493.581,363,13,1,29,5818.998351015508,5257.580760674532,3698.9983510155084,1558.5824096590252,1815.0,356.0,65.0,0,,,0.17429329999140464
22,CAz4,13,13,13,7949.981,439,13,1,29,6258.068154963033,5253.981276708673,3700.0681549630326,1553.9131217456406,2195.0,436.0,65.0,0,,,0.12685230001807213
23,C,10,10,10,8539.784,431,10,1,29,6136.526432326396,5909.7836849343885,3629.5264323263946,2280.2572526079925,2155.0,425.0,50.0,0,,,0.30241919998661615
23,CAz3,10,10,10,7971.689,436,10,1,29,6242.4708906496,5308.688892487873,3641.470890649599,1667.2180018382735,2180.0,433.0,50.0,0,,,0.08645100001012906
23,CAz4,10,10,10,8175.808,480,10,1,29,6470.4708906496,5247.807667164478,3641.470890649599,1606.3367765148787,2400.0,478.0,50.0,0,,,0.01402480000979267
24,C,12,12,12,8397.52,361,12,1,29,5681.683668427105,6187.520190716131,3655.683668427104,2531.8365222890266,1805.0,345.0,60.0,0,,,0.3701691000023857
24,CAz3,12,12,12,7719.221,372,12,1,29,5888.865442624908,5428.221375639231,3677.865442624906,1750.3559330143246,1860.0,371.0,60.0,0,,,0.14814609999302775
24,CAz4,12,12,12,7552.117,384,12,1,29,6027.099632457127,5190.116775171728,3728.0996324571242,1462.0171427146036,1920.0,382.0,60.0,0,,,0.07023429998662323
25,C,11,11,11,8364.912,358,11,1,29,5608.5264323263955,6181.911667210461,3629.5264323263946,2552.385234884065,1790.0,338.0,55.0,0,,,0.48853679999592714
25,CAz3,11,11,11,7986.434,442,11,1,29,6265.027664407091,5287.4344359607985,3670.027664407089,1617.4067715537071,2210.0,434.0,55.0,0,,,0.16657619999023154
25,CAz4,11,11,11,7912.046,461,11,1,29,6481.299367997659,5092.045639007153,3701.2993679976585,1390.7462710094958,2305.0,460.0,55.0,0,,,0.01872920000459999
26,C,16,16,16,7426.225,310,16,1,29,3422.4521802219606,5503.2246124727635,2217.4521802219606,3285.7724322508043,1550.0,293.0,80.0,0,,,0.4806819999939762
26,CAz3,16,16,16,7072.315,339,16,1,29,3620.45218022196,4969.315003096807,2217.4521802219606,2751.8628228748453,1695.0,328.0,80.0,0,,,0.40547820000210777
26,CAz4,16,16,16,7343.342,387,16,1,29,3806.45218022196,4947.341842894803,2217.4521802219606,2729.8896626728447,1935.0,381.0,80.0,0,,,0.2706217000086326
27,C,10,10,10,7618.551,348,10,1,29,5626.5264323263955,5487.551249290447,3629.5264323263946,1858.0248169640531,1740.0,341.0,50.0,0,,,0.1834378000057768
27,CAz3,10,10,10,7727.302,428,10,1,29,6102.9227860883575,5116.301690544154,3632.9227860883557,1483.3789044557982,2140.0,421.0,50.0,0,,,0.1283594999986235
27,CAz4,10,10,10,7499.996,454,10,1,29,6382.628493518931,4730.9958372353985,3675.62849351893,1055.3673437164678,2270.0,449.0,50.0,0,,,0.028637299983529374
28,C,10,10,10,7527.818,386,10,1,29,5907.093844150076,5166.81774461641,3659.0938441500757,1507.7239004663352,1930.0,381.0,50.0,0,,,0.22093139999196865
28,CAz3,10,10,10,7521.458,409,10,1,29,6175.49085260179,5019.458148828692,3731.490852601788,1287.9672962269049,2045.0,407.0,50.0,0,,,0.08302650001132861
28,CAz4,10,10,10,7330.35,439,10,1,29,6363.635956468096,4652.349539397765,3758.6359564680943,893.7135829296709,2195.0,433.0,50.0,0,,,0.04068320000078529
29,C,12,12,12,8241.176,336,12,1,29,5476.5264323263955,6182.176379835658,3629.5264323263946,2552.649947509262,1680.0,319.0,60.0,0,,,0.37369790000957437
29,CAz3,12,12,12,7379.74,377,12,1,29,5843.867098047137,5062.739908707927,3632.8670980471375,1429.8728106607878,1885.0,372.0,60.0,0,,,0.15128600000753067
29,CAz4,12,12,12,7464.929,406,12,1,29,6072.61963655773,4969.929484312217,3633.6196365577275,1336.3098477544893,2030.0,405.0,60.0,0,,,0.04100040000048466
30,C,11,11,11,7689.224,368,11,1,29,5754.3330650271355,5438.223629790723,3650.3330650271355,1787.8905647635877,1840.0,356.0,55.0,0,,,0.1704271000053268
30,CAz3,11,11,11,7491.369,399,11,1,29,6024.809917248078,5046.368722379874,3651.809917248076,1394.5588051317977,1995.0,395.0,55.0,0,,,0.0813616999948863
30,CAz4,11,11,11,7683.633,436,11,1,29,6198.956013693882,5015.633336714628,3651.95601369388,1363.6773230207482,2180.0,433.0,55.0,0,,,0.018236500007333234
31,C,13,13,13,7861.238,316,13,1,29,5494.613599048801,5911.237685897418,3709.6135990487996,2201.624086848617,1580.0,305.0,65.0,0,,,0.2945583999971859
31,CAz3,13,13,13,7343.358,338,13,1,29,5657.183876935085,5256.358152254472,3680.1838769350848,1576.174275319386,1690.0,332.0,65.0,0,,,0.20145849999971688
31,CAz4,13,13,13,7703.42,421,13,1,29,6190.635987872048,5121.4204281109005,3710.6359878720464,1410.784440238854,2105.0,412.0,65.0,0,,,0.058897399983834475
32,C,13,13,13,7222.321,311,13,1,29,5440.253787109715,5300.32100657971,3673.253787109714,1627.067219469994,1555.0,302.0,65.0,0,,,0.3142134000081569
32,CAz3,13,13,13,7578.743,390,13,1,29,6026.593953225711,5180.743433254705,3722.59395322571,1458.1494800289956,1950.0,383.0,65.0,0,,,0.09043750001001172
32,CAz4,13,13,13,7399.312,399,13,1,29,6203.12292176352,4947.312351758208,3811.122921763519,1136.1894299946891,1995.0,392.0,65.0,0,,,0.04114069999195635
33,C,14,14,14,7618.027,297,14,1,29,5302.5264323263955,5773.027424133307,3629.5264323263946,2143.5009918069127,1485.0,290.0,70.0,0,,,0.38293229998089373
33,CAz3,14,14,14,7503.054,365,14,1,29,5847.038390928685,5255.053789646598,3704.038390928684,1551.0153987179121,1825.0,353.0,70.0,0,,,0.035058499983279034
33,CAz4,14,14,14,8009.966,448,14,1,29,6273.231737326349,5255.966005510162,3704.231737326348,1551.7342681838136,2240.0,444.0,70.0,0,,,0.06888150001759641
34,C,11,11,11,8150.058,416,11,1,29,6022.526432326396,5607.058169074078,3629.5264323263946,1977.5317367476841,2080.0,408.0,55.0,0,,,0.27388880000216886
34,CAz3,11,11,11,8022.232,435,11,1,29,6209.754197159329,5363.232316181765,3637.7541971593273,1725.4781190224403,2175.0,429.0,55.0,0,,,0.11210460000438616
34,CAz4,11,11,11,8212.457,462,11,1,29,6418.557676430587,5392.4566137418715,3679.557676430586,1712.8989373112845,2310.0,455.0,55.0,0,,,0.11826610000571236
35,C,16,16,16,6527.751,224,16,1,29,3604.8505053334934,5128.7513635568985,2484.8505053334925,2643.9008582234105,1120.0,199.0,80.0,0,,,0.4792936000158079
35,CAz3,16,16,16,6431.551,289,16,1,29,3849.3548820812443,4626.551472487663,2441.3548820812443,2185.1965904064177,1445.0,280.0,80.0,0,,,0.40559729997767136
35,CAz4,16,16,16,6522.839,306,16,1,29,4084.7093803188914,4619.838523562747,2492.7093803188923,2127.1291432438543,1530.0,293.0,80.0,0,,,0.32433810000657104
36,C,14,14,14,7811.122,356,14,1,29,5602.5264323263955,5617.12189990202,3629.5264323263946,1987.5954675756277,1780.0,344.0,70.0,0,,,0.43905409998842515
36,CAz3,14,14,14,8460.966,451,14,1,29,6106.631107943307,5690.965511089789,3686.6311079433076,2004.3344031464815,2255.0,445.0,70.0,0,,,0.21156759999576025
36,CAz4,14,14,14,8947.563,534,14,1,29,6454.559265810305,5676.562545249272,3686.559265810305,1990.0032794389676,2670.0,531.0,70.0,0,,,0.20444899998256005
37,C,14,14,14,8242.41,310,14,1,29,5313.670558079451,6332.409726682598,3629.6705580794505,2702.739168603145,1550.0,290.0,70.0,0,,,0.5036627000081353
37,CAz3,14,14,14,8012.399,370,14,1,29,5774.459329904856,5743.399426867301,3715.459329904855,2027.9400969624462,1850.0,349.0,70.0,0,,,0.31475510000018403
37,CAz4,14,14,14,8365.025,434,14,1,29,6200.455854427355,5708.025292775081,3715.455854427353,1992.5694383477282,2170.0,417.0,70.0,0,,,0.24293670000042766
38,C,16,16,16,7487.691,273,16,1,29,3875.2016670813987,5783.690854924419,2485.2016670813987,3298.4891878430203,1365.0,259.0,80.0,0,,,0.2638874999829568
38,CAz3,16,16,16,6942.671,300,16,1,29,4134.108994562628,5070.671134299709,2531.108994562628,2539.562139737079,1500.0,292.0,80.0,0,,,0.22506029999931343
38,CAz4,16,16,16,7498.869,392,16,1,29,4356.482128610236,5072.868534571301,2531.482128610237,2541.3864059610623,1960.0,386.0,80.0,0,,,0.19422320000012405
39,C,16,16,16,7973.303,258,16,1,29,4616.551058281916,6367.303444618565,3279.5510582819156,3087.752386336649,1290.0,236.0,80.0,0,,,0.6152723000268452
39,CAz3,16,16,16,8070.956,377,16,1,29,5546.950813343814,5737.956082432004,3366.9508133438144,2371.00526908819,1885.0,368.0,80.0,0,,,0.18435799999861047
39,CAz4,16,16,16,7427.438,381,16,1,29,5665.673868794929,5062.438160834833,3402.6738687949287,1659.7642920399053,1905.0,380.0,80.0,0,,,0.05737239998416044
40,C,13,13,13,7675.022,346,13,1,29,5553.976828704113,5550.0222955917125,3629.9768287041124,1920.0454668876052,1730.0,330.0,65.0,0,,,0.3461152999952901
40,CAz3,13,13,13,7341.537,374,13,1,29,5897.044533629921,5035.537434626827,3699.044533629921,1336.4929009969067,1870.0,371.0,65.0,0,,,0.20900399997481145
40,CAz4,13,13,13,7457.269,410,13,1,29,6186.0686638453335,4934.269463269373,3744.0686638453326,1190.2007994240405,2050.0,408.0,65.0,0,,,0.10321230001864024
41,C,16,16,16,8044.153,339,16,1,29,4141.492630730622,5938.152804779179,2606.4926307306223,3331.660174048562,1695.0,331.0,80.0,0,,,0.4836899000220001
41,CAz3,16,16,16,9368.098,611,16,1,29,4767.058978940179,5629.0979967024405,2633.0589789401793,2996.0390177622594,3055.0,604.0,80.0,0,,,0.4519037999853026
41,CAz4,16,16,16,9513.786,636,16,1,29,4796.071315514111,5624.786285345926,2633.07131551411,2991.714969831815,3180.0,629.0,80.0,0,,,0.45067970000673085
42,C,16,16,16,6522.294,243,16,1,29,3284.4521802219606,5006.293614960249,2217.4521802219606,2788.8414347382873,1215.0,221.0,80.0,0,,,0.6266740999999456
42,CAz3,16,16,16,6456.738,335,16,1,29,3643.618748359442,4368.738379691456,2266.6187483594426,2102.1196313320133,1675.0,333.0,80.0,0,,,0.48832770000444725
42,CAz4,16,16,16,6368.173,350,16,1,29,3914.114887346903,4189.172764524966,2316.1148873469033,1873.0578771780624,1750.0,349.0,80.0,0,,,0.2180221999878995
43,C,12,12,12,7676.131,381,12,1,29,5859.868168122111,5335.130673703036,3635.8681681221096,1699.2625055809285,1905.0,376.0,60.0,0,,,0.2335509000113234
43,CAz3,12,12,12,7952.122,438,12,1,29,6273.011052377766,5268.121993820006,3655.0110523777635,1613.1109414422435,2190.0,434.0,60.0,0,,,0.15033360000234097
43,CAz4,12,12,12,8016.404,464,12,1,29,6410.330714556355,5178.404102168627,3654.3307145563535,1524.073387612272,2320.0,458.0,60.0,0,,,0.016295900015393272
44,C,15,15,15,7787.353,295,15,1,29,5248.5264323263955,5955.3533418958805,3629.5264323263946,2325.826909569486,1475.0,282.0,75.0,0,,,0.48146229999838397
44,CAz3,15,15,15,7925.872,355,15,1,29,5756.868637322253,5725.871534664229,3670.868637322252,2055.0028973419776,1775.0,350.0,75.0,0,,,0.19296939999912865
44,CAz4,15,15,15,8424.399,457,15,1,29,6319.688731776686,5608.399292798602,3670.6887317766846,1937.7105610219187,2285.0,456.0,75.0,0,,,0.057254199986346066
45,C,14,14,14,8615.973,346,14,1,29,5536.5264323263955,6487.97286026781,3629.5264323263946,2858.4464279414165,1730.0,328.0,70.0,0,,,0.3860185000230558
45,CAz3,14,14,14,7559.632,355,14,1,29,5745.496505431949,5365.632281619809,3655.496505431948,1710.1357761878608,1775.0,349.0,70.0,0,,,0.13607839998439886
45,CAz4,14,14,14,7645.578,398,14,1,29,6022.104075619441,5194.577586205522,3693.10407561944,1501.4735105860805,1990.0,391.0,70.0,0,,,0.07804240001132712
46,C,13,13,13,7779.103,318,13,1,29,5551.711985128057,5810.102729394665,3706.711985128056,2103.3907442666095,1590.0,314.0,65.0,0,,,0.1659491999889724
46,CAz3,13,13,13,7486.809,357,13,1,29,5842.610854110354,5283.808746101414,3729.610854110353,1554.1978919910587,1785.0,353.0,65.0,0,,,0.11513639998156577
46,CAz4,13,13,13,7633.088,389,13,1,29,6011.244477461215,5239.088125521716,3730.244477461214,1508.8436480605021,1945.0,384.0,65.0,0,,,0.10684550000587478
47,C,13,13,13,7913.898,304,13,1,29,5380.5264323263955,6028.897765038514,3629.5264323263946,2399.37133271212,1520.0,300.0,65.0,0,,,0.2845610000076704
47,CAz3,13,13,13,7567.056,383,13,1,29,5959.405597528765,5207.055959365598,3666.4055975287624,1540.650361836836,1915.0,380.0,65.0,0,,,0.04494709998834878
47,CAz4,13,13,13,7736.323,426,13,1,29,6214.1522084417575,5117.323312185755,3670.1522084417543,1447.1711037440007,2130.0,424.0,65.0,0,,,0.0370833000051789
48,C,11,11,11,8670.836,380,11,1,29,5794.52536368309,6350.836302963321,3654.5253636830903,2696.3109392802303,1900.0,365.0,55.0,0,,,0.44669519999297336
48,CAz3,11,11,11,7910.434,429,11,1,29,6186.849964007648,5285.434177930916,3657.849964007647,1627.5842139232686,2145.0,425.0,55.0,0,,,0.2244148000027053
48,CAz4,11,11,11,7494.945,458,11,1,29,6428.523393842051,4692.945188025155,3661.5233938420497,1031.4217941831062,2290.0,457.0,55.0,0,,,0.014567999984137714
49,C,14,14,14,8492.375,376,14,1,29,5764.58207914264,6182.375273629385,3678.5820791426395,2503.793194486747,1880.0,360.0,70.0,0,,,0.322961400001077
49,CAz3,14,14,14,9084.987,481,14,1,29,6320.215597938885,6138.986982003498,3762.2155979388854,2376.7713840646147,2405.0,471.0,70.0,0,,,0.4414254000002984
49,CAz4,14,14,14,9101.096,520,14,1,29,6627.497783887599,5912.095568553862,3733.4977838876,2178.597784666263,2600.0,519.0,70.0,0,,,0.14714899999671616
50,C,10,10,10,8011.379,374,10,1,29,5746.5264323263955,5730.3793428612635,3629.5264323263946,2100.8529105348684,1870.0,361.0,50.0,0,,,0.27392710000276566
50,CAz3,10,10,10,7975.986,422,10,1,29,6197.73034963364,5397.986435590001,3716.730349633639,1681.2560859563623,2110.0,418.0,50.0,0,,,0.17006850001052953
50,CAz4,10,10,10,7784.162,471,10,1,29,6639.054532930863,4912.161567154675,3819.0545329308625,1093.1070342238133,2355.0,467.0,50.0,0,,,0.040328700008103624
51,C,15,15,15,7983.282,306,15,1,29,5302.5264323263955,6086.282157328427,3629.5264323263946,2456.755725002033,1530.0,292.0,75.0,0,,,0.41776490001939237
51,CAz3,15,15,15,7883.763,365,15,1,29,5831.319790424234,5619.763103428657,3668.319790424234,1951.443313004423,1825.0,364.0,75.0,0,,,0.16483260001405142
51,CAz4,15,15,15,8312.445,445,15,1,29,6327.348162742935,5575.445083909256,3765.3481627429337,1810.096921166322,2225.0,437.0,75.0,0,,,0.11697350000031292
52,C,12,12,12,8520.359,410,12,1,29,5902.5264323263955,6018.359164601113,3629.5264323263946,2388.832732274718,2050.0,392.0,60.0,0,,,0.19519030000083148
52,CAz3,12,12,12,8523.943,446,12,1,29,6180.352152632769,5806.943106471612,3662.3521526327677,2144.5909538388446,2230.0,427.0,60.0,0,,,0.17162050001206808
52,CAz4,12,12,12,8604.337,474,12,1,29,6318.352152632769,5710.336719459036,3662.3521526327677,2047.9845668262692,2370.0,464.0,60.0,0,,,0.09107729999232106
53,C,10,10,10,8418.23,388,10,1,29,5931.1954928602345,6044.22951532566,3654.1954928602345,2390.0340224654256,1940.0,384.0,50.0,0,,,0.16976900000008754
53,CAz3,10,10,10,7835.908,436,10,1,29,6292.993036369221,5176.908426036627,3705.99303636922,1470.91538966741,2180.0,429.0,50.0,0,,,0.12484750000294298
53,CAz4,10,10,10,7473.333,436,10,1,29,6371.489514815149,4808.332627622627,3731.4895148151495,1076.8431128074774,2180.0,435.0,50.0,0,,,0.01792310000746511
54,C,13,13,13,7742.617,308,13,1,29,5349.996157147628,5840.61650367606,3629.996157147627,2210.620346528437,1540.0,297.0,65.0,0,,,0.42942130001029
54,CAz3,13,13,13,7723.354,391,13,1,29,5977.602210375984,5321.354458177406,3708.602210375983,1612.7522478014243,1955.0,382.0,65.0,0,,,0.21557369999936782
54,CAz4,13,13,13,7599.438,423,13,1,29,6204.538614550536,5001.438090568705,3708.5386145505345,1292.8994760181697,2115.0,418.0,65.0,0,,,0.07200680000823922
55,C,10,10,10,7882.276,401,10,1,29,5920.5264323263955,5436.276072130514,3629.5264323263946,1806.7496398041212,2005.0,391.0,50.0,0,,,0.3523709000146482
55,CAz3,10,10,10,8484.062,507,10,1,29,6484.526432326396,5411.0623823120995,3629.5264323263946,1781.535949985706,2535.0,488.0,50.0,0,,,0.35268450001603924
55,CAz4,10,10,10,8649.135,548,10,1,29,6767.140807488827,5325.1350101618145,3649.140807488827,1675.9942026729877,2740.0,534.0,50.0,0,,,0.2615098000096623
56,C,12,12,12,8068.888,357,12,1,29,5608.5264323263955,5882.887951057019,3629.5264323263946,2253.361518730625,1785.0,341.0,60.0,0,,,0.49278850000700913
56,CAz3,12,12,12,8383.355,437,12,1,29,6124.526432326396,5714.355122043006,3629.5264323263946,2084.8286897166104,2185.0,424.0,60.0,0,,,0.44742369998130016
56,CAz4,12,12,12,7483.595,459,12,1,29,6520.188387285594,4670.595436707279,3738.1883872855947,932.4070494216846,2295.0,458.0,60.0,0,,,0.029746800020802766
57,C,10,10,10,7734.764,408,10,1,29,6010.5264323263955,5240.763528877591,3629.5264323263946,1611.2370965511975,2040.0,404.0,50.0,0,,,0.23404440001468174
57,CAz3,10,10,10,7804.108,456,10,1,29,6335.226341088882,5025.107967191154,3723.22634108888,1301.881626102274,2280.0,449.0,50.0,0,,,0.1123074000061024
57,CAz4,10,10,10,7805.319,454,10,1,29,6399.572050125396,5038.318589029826,3752.5720501253936,1285.7465389044323,2270.0,447.0,50.0,0,,,0.11030649999156594
58,C,14,14,14,8065.202,312,14,1,29,5428.539432222424,6127.202093143857,3636.539432222422,2490.6626609214363,1560.0,308.0,70.0,0,,,0.23902879998786375
58,CAz3,14,14,14,7103.446,368,14,1,29,5860.19962492595,4834.445546923293,3700.19962492595,1134.245921997343,1840.0,359.0,70.0,0,,,0.06921169999986887
58,CAz4,14,14,14,7354.703,409,14,1,29,6075.3577237406735,4833.703000848794,3699.357723740673,1134.3452771081215,2045.0,406.0,70.0,0,,,0.032058400014648214
59,C,13,13,13,7431.944,312,13,1,29,5398.047818595392,5501.943712973466,3630.0478185953907,1871.8958943780735,1560.0,305.0,65.0,0,,,0.2635641999950167
59,CAz3,13,13,13,7202.041,358,13,1,29,5903.0274578351355,4990.041392737976,3755.0274578351336,1235.0139349028414,1790.0,357.0,65.0,0,,,0.0945730000094045
59,CAz4,13,13,13,7479.173,407,13,1,29,6185.3950729103035,4976.173442188745,3755.3950729103008,1220.7783692784428,2035.0,403.0,65.0,0,,,0.03911859999061562
60,C,11,11,11,8460.057,380,11,1,29,5709.327455696566,6152.057338396678,3641.3274556965644,2510.7298827001177,1900.0,353.0,55.0,0,,,0.4083092999935616
60,CAz3,11,11,11,7789.595,402,11,1,29,5998.952910513938,5333.594888463434,3650.9529105139386,1682.6419779494931,2010.0,391.0,55.0,0,,,0.30311610002536327
60,CAz4,11,11,11,7700.49,415,11,1,29,6130.952910513938,5159.490279326806,3650.9529105139386,1508.5373688128675,2075.0,411.0,55.0,0,,,0.03594380000140518
61,C,14,14,14,8095.453,299,14,1,29,5296.5264323263955,6240.452950495745,3629.5264323263946,2610.926518169351,1495.0,290.0,70.0,0,,,0.48386130001745187
61,CAz3,14,14,14,7658.011,363,14,1,29,5802.402320981316,5429.011158857291,3737.4023209813145,1691.6088378759794,1815.0,344.0,70.0,0,,,0.42829270000220276
61,CAz4,14,14,14,8028.318,440,14,1,29,6185.264876804016,5330.317681955309,3736.2648768040153,1594.0528051512947,2200.0,428.0,70.0,0,,,0.3051737999776378
62,C,14,14,14,7485.006,290,14,1,29,5266.5264323263955,5683.005725109617,3629.5264323263946,2053.479292783225,1450.0,282.0,70.0,0,,,0.27961040000081994
62,CAz3,14,14,14,7324.667,310,14,1,29,5564.593832846919,5397.666572890569,3744.5938328469183,1653.0727400436508,1550.0,307.0,70.0,0,,,0.24981960002332926
62,CAz4,14,14,14,7743.484,404,14,1,29,6091.253385109724,5254.484343531356,3750.253385109723,1504.2309584216339,2020.0,399.0,70.0,0,,,0.08817319999798201
63,C,15,15,15,7860.976,269,15,1,29,5140.943599699802,6184.975993738292,3673.9435996998013,2511.032394038491,1345.0,256.0,75.0,0,,,0.3667215000023134
63,CAz3,15,15,15,7144.032,304,15,1,29,5540.556800881274,5251.032380648723,3746.5568008812734,1504.4755797674513,1520.0,298.0,75.0,0,,,0.17250770001555793
63,CAz4,15,15,15,7776.407,410,15,1,29,6044.556800881274,5243.406554906568,3746.5568008812734,1496.8497540252956,2050.0,408.0,75.0,0,,,0.13407990001724102
64,C,12,12,12,8282.369,359,12,1,29,5710.249661200634,6076.369051882121,3648.2496612006335,2428.1193906814888,1795.0,351.0,60.0,0,,,0.22419570002239197
64,CAz3,12,12,12,7466.397,399,12,1,29,6069.486370131908,5017.396668859813,3704.4863701319064,1312.9102987279068,1995.0,394.0,60.0,0,,,0.11710269999457523
64,CAz4,12,12,12,7584.667,432,12,1,29,6267.486370131908,4938.667317565034,3704.4863701319064,1234.180947433127,2160.0,426.0,60.0,0,,,0.07512720001977868
65,C,14,14,14,8334.72,361,14,1,29,5673.543237025044,6116.719773119084,3677.543237025043,2439.1765360940367,1805.0,343.0,70.0,0,,,0.39954229997238144
65,CAz3,14,14,14,8604.886,428,14,1,29,6236.017687107545,5979.886357185783,3768.017687107543,2211.868670078238,2140.0,415.0,70.0,0,,,0.19825469999341294
65,CAz4,14,14,14,8620.741,502,14,1,29,6645.855303812978,5544.74118682269,3801.8553038129758,1742.885883009714,2510.0,496.0,70.0,0,,,0.07596570000168867
66,C,16,16,16,5044.988,166,16,1,29,2264.6192308270483,3977.988011172807,1510.6192308270483,2467.368780345758,830.0,157.0,80.0,0,,,0.3466965999978129
66,CAz3,16,16,16,5192.551,261,16,1,29,2556.7781206488135,3548.551404887671,1545.7781206488135,2002.7732842388575,1305.0,259.0,80.0,0,,,0.2361168999923393
66,CAz4,16,16,16,5317.332,290,16,1,29,2718.7781206488135,3500.332225262518,1545.7781206488135,1954.5541046137039,1450.0,287.0,80.0,0,,,0.14539479999803007
67,C,11,11,11,7670.829,387,11,1,29,5824.5264323263955,5305.828558453099,3629.5264323263946,1676.3021261267054,1935.0,375.0,55.0,0,,,0.3620554999797605
67,CAz3,11,11,11,7725.361,435,11,1,29,6179.0576975312915,5067.361385668118,3632.057697531291,1435.3036881368275,2175.0,428.0,55.0,0,,,0.3041588999913074
67,CAz4,11,11,11,7500.931,459,11,1,29,6500.197819997864,4693.931169010547,3723.197819997863,970.7333490126841,2295.0,457.0,55.0,0,,,0.01348700001835823
68,C,15,15,15,7998.031,253,15,1,29,4972.526432326395,6419.031000394312,3629.5264323263946,2789.5045680679186,1265.0,239.0,75.0,0,,,0.5721184999856632
68,CAz3,15,15,15,7045.393,284,15,1,29,5350.978775676571,5267.393326073169,3668.97877567657,1598.4145503966001,1420.0,283.0,75.0,0,,,0.1164643999945838
68,CAz4,15,15,15,7309.744,333,15,1,29,5669.33649195213,5237.743875820457,3669.3364919521296,1568.4073838683287,1665.0,332.0,75.0,0,,,0.06890240000211634
69,C,10,10,10,8501.257,380,10,1,29,5794.5264323263955,6183.257222208242,3629.5264323263946,2553.7307898818485,1900.0,368.0,50.0,0,,,0.22464680002303794
69,CAz3,10,10,10,7979.715,425,10,1,29,6148.526432326396,5382.714658843101,3629.5264323263946,1753.188226516705,2125.0,422.0,50.0,0,,,0.0752556000079494
69,CAz4,10,10,10,8272.6,475,10,1,29,6370.526432326396,5381.599682803317,3629.5264323263946,1752.0732504769212,2375.0,466.0,50.0,0,,,0.06120769999688491
70,C,11,11,11,7526.675,366,11,1,29,5770.5264323263955,5276.6751734532345,3629.5264323263946,1647.1487411268406,1830.0,365.0,55.0,0,,,0.17821820001699962
70,CAz3,11,11,11,7960.557,428,11,1,29,6183.971711463752,5338.556569824982,3629.9717114637506,1708.5848583612328,2140.0,427.0,55.0,0,,,0.09950350000872277
70,CAz4,11,11,11,8015.396,466,11,1,29,6458.874125739296,5168.396408560655,3684.874125739293,1483.5222828213607,2330.0,462.0,55.0,0,,,0.02065949997631833
71,C,15,15,15,7953.707,306,15,1,29,5338.5264323263955,6049.7066243466425,3629.5264323263946,2420.1801920202493,1530.0,299.0,75.0,0,,,0.35311060000094585
71,CAz3,15,15,15,8534.477,422,15,1,29,5867.999042342412,5940.476960342698,3674.9990423424115,2265.477918000289,2110.0,409.0,75.0,0,,,0.45064180000917986
71,CAz4,15,15,15,8612.18,447,15,1,29,6071.693794384813,5867.180282008424,3674.6937943848125,2192.4864876236143,2235.0,435.0,75.0,0,,,0.4318706000049133
72,C,16,16,16,6355.574,205,16,1,29,3507.1057540012184,5064.574315215589,2441.1057540012184,2623.4685612143694,1025.0,186.0,80.0,0,,,0.5817019999958575
72,CAz3,16,16,16,5946.774,265,16,1,29,4050.952806733701,4283.773692999351,2538.952806733702,1744.8208862656484,1325.0,258.0,80.0,0,,,0.21159110000007786
72,CAz4,16,16,16,5836.345,284,16,1,29,4212.361733153722,4053.345112589486,2545.361733153722,1507.9833794357637,1420.0,283.0,80.0,0,,,0.05028830000082962
73,C,16,16,16,6935.452,253,16,1,29,4745.931794646664,5342.4523180544975,3319.931794646663,2022.5205234078335,1265.0,248.0,80.0,0,,,0.3728752000024542
73,CAz3,16,16,16,7282.665,320,16,1,29,5178.429251088943,5284.665057433766,3320.429251088943,1964.2358063448228,1600.0,318.0,80.0,0,,,0.31110640001134016
73,CAz4,16,16,16,7703.771,403,16,1,29,5543.745277848963,5206.7708417051135,3381.7452778489637,1825.0255638561505,2015.0,402.0,80.0,0,,,0.10243579998495989
74,C,16,16,16,7423.48,249,16,1,29,4677.3442492701515,5866.479549824156,3342.344249270151,2524.1353005540077,1245.0,232.0,80.0,0,,,0.414182799984701
74,CAz3,16,16,16,7647.44,317,16,1,29,5145.3442492701515,5678.440281821509,3342.344249270151,2336.09603255136,1585.0,304.0,80.0,0,,,0.33191240002634004
74,CAz4,16,16,16,7597.907,342,16,1,29,5361.344249270152,5468.907353664234,3342.344249270151,2126.5631043940803,1710.0,339.0,80.0,0,,,0.16763640000135638
75,C,11,11,11,7972.032,332,11,1,29,5536.5264323263955,5930.031741231103,3629.5264323263946,2300.5053089047074,1660.0,327.0,55.0,0,,,0.22675299999536946
75,CAz3,11,11,11,7629.558,419,11,1,29,6153.813388868812,5063.557533365562,3678.8133888688103,1384.7441444967515,2095.0,416.0,55.0,0,,,0.10520710001583211
75,CAz4,11,11,11,7653.193,426,11,1,29,6235.825982841792,5045.19267622267,3677.8259828417904,1367.3666933808786,2130.0,423.0,55.0,0,,,0.015029799978947267
76,C,11,11,11,7643.903,356,11,1,29,5722.461336014668,5456.9033233124965,3648.4613360146677,1808.4419872978297,1780.0,352.0,55.0,0,,,0.164090500009479
76,CAz3,11,11,11,7920.58,413,11,1,29,6214.306221086704,5388.579560356273,3734.306221086703,1654.2733392695682,2065.0,412.0,55.0,0,,,0.07085600000573322
76,CAz4,11,11,11,7920.631,432,11,1,29,6345.088531514323,5274.630779915031,3740.088531514323,1534.5422484007079,2160.0,431.0,55.0,0,,,0.0315169999958016
77,C,15,15,15,8432.396,305,15,1,29,5284.5264323263955,6545.395863175427,3629.5264323263946,2915.869430849033,1525.0,287.0,75.0,0,,,0.5836285999976099
77,CAz3,15,15,15,7898.23,363,15,1,29,5877.907586981475,5650.230066729428,3733.907586981475,1916.322479747954,1815.0,358.0,75.0,0,,,0.1428645999985747
77,CAz4,15,15,15,7910.221,422,15,1,29,6189.27558266032,5308.22079888884,3740.275582660319,1567.945216228522,2110.0,417.0,75.0,0,,,0.12241589999757707
78,C,16,16,16,7499.029,311,16,1,29,4720.19930060834,5578.028705061684,3113.19930060834,2464.8294044533463,1555.0,286.0,80.0,0,,,0.7785622000228614
78,CAz3,16,16,16,7533.362,364,16,1,29,5060.519601405333,5283.362198523596,3145.519601405332,2137.8425971182637,1820.0,350.0,80.0,0,,,0.33987369999522343
78,CAz4,16,16,16,8039.51,451,16,1,29,5277.7202155904,5259.510420095204,3146.720215590399,2112.790204504803,2255.0,445.0,80.0,0,,,0.3197431000007782
79,C,11,11,11,7779.894,359,11,1,29,5676.501320747814,5581.894407347865,3632.501320747813,1949.3930866000535,1795.0,348.0,55.0,0,,,0.24519279997912236
79,CAz3,11,11,11,7589.305,368,11,1,29,5789.649079789831,5331.3045832959315,3632.6490797898314,1698.6555035061012,1840.0,363.0,55.0,0,,,0.13352719999966212
79,CAz4,11,11,11,7628.555,391,11,1,29,6009.112735139469,5228.55488165562,3655.112735139468,1573.4421465161515,1955.0,390.0,55.0,0,,,0.06678349999128841
80,C,13,13,13,7386.021,317,13,1,29,5440.5264323263955,5427.020989607045,3629.5264323263946,1797.4945572806487,1585.0,309.0,65.0,0,,,0.2967880000069272
80,CAz3,13,13,13,7345.246,402,13,1,29,6051.439001842341,4874.24584129591,3673.43900184234,1200.8068394535692,2010.0,396.0,65.0,0,,,0.051163700001779944
80,CAz4,13,13,13,7600.392,450,13,1,29,6339.9672578937225,4839.391846805628,3673.9672578937216,1165.4245889119074,2250.0,446.0,65.0,0,,,0.022568099986528978
81,C,14,14,14,8444.069,314,14,1,29,5355.953240406391,6514.068941206825,3677.953240406391,2836.115700800434,1570.0,290.0,70.0,0,,,0.6162485999811906
81,CAz3,14,14,14,7790.548,377,14,1,29,5843.26116835631,5468.547508693643,3680.261168356309,1788.2863403373344,1885.0,367.0,70.0,0,,,0.41132639997522347
81,CAz4,14,14,14,8491.293,504,14,1,29,6387.994715006501,5398.293490951551,3710.9947150064986,1687.2987759450548,2520.0,503.0,70.0,0,,,0.24699970000074245
82,C,14,14,14,7789.434,275,14,1,29,5152.5264323263955,6077.433959260395,3629.5264323263946,2447.9075269340005,1375.0,267.0,70.0,0,,,0.3031734999967739
82,CAz3,14,14,14,7721.095,361,14,1,29,5812.202602674776,5486.095489595385,3667.2026026747762,1818.8928869206077,1805.0,360.0,70.0,0,,,0.13845960001344793
82,CAz4,14,14,14,7818.358,425,14,1,29,6204.378995682892,5203.357913497145,3671.3789956828914,1531.9789178142528,2125.0,420.0,70.0,0,,,0.06322690000524744
83,C,13,13,13,7564.055,340,13,1,29,5578.5264323263955,5467.054880376318,3629.5264323263946,1837.5284480499236,1700.0,332.0,65.0,0,,,0.2577721000125166
83,CAz3,13,13,13,8065.28,430,13,1,29,5967.534476001539,5426.279565016905,3629.534476001537,1796.745089015366,2150.0,424.0,65.0,0,,,0.19503649999387562
83,CAz4,13,13,13,8104.809,445,13,1,29,6099.190135253651,5375.808612986596,3642.1901352536493,1733.6184777329477,2225.0,439.0,65.0,0,,,0.20883990000584163
84,C,10,10,10,7693.629,413,10,1,29,6058.526432326396,5167.629099695834,3629.5264323263946,1538.1026673694394,2065.0,411.0,50.0,0,,,0.21299080000608228
84,CAz3,10,10,10,7857.358,448,10,1,29,6286.526432326396,5121.3575044406725,3629.5264323263946,1491.8310721142789,2240.0,446.0,50.0,0,,,0.1945828000025358
84,CAz4,10,10,10,8151.69,498,10,1,29,6556.526432326396,5118.690019857622,3629.5264323263946,1489.1635875312272,2490.0,493.0,50.0,0,,,0.12267139999312349
85,C,14,14,14,8016.531,302,14,1,29,5284.5264323263955,6149.531329574935,3629.5264323263946,2520.0048972485415,1510.0,287.0,70.0,0,,,0.2725030000146944
85,CAz3,14,14,14,7799.164,409,14,1,29,6054.022246229486,5281.164316612495,3647.0222462294837,1634.142070383013,2045.0,403.0,70.0,0,,,0.1814312000060454
85,CAz4,14,14,14,7809.013,447,14,1,29,6375.091475039067,5060.013218018418,3730.0914750390666,1329.9217429793516,2235.0,444.0,70.0,0,,,0.02350559999467805
86,C,15,15,15,7939.84,333,15,1,29,5512.5264323263955,5871.84025607188,3629.5264323263946,2242.3138237454837,1665.0,328.0,75.0,0,,,0.29000929999165237
86,CAz3,15,15,15,7395.04,388,15,1,29,6032.714408877712,4995.039606014727,3733.7144088777113,1261.325197137015,1940.0,385.0,75.0,0,,,0.15669159998651594
86,CAz4,15,15,15,7568.203,414,15,1,29,6192.584524060823,5012.202835012796,3731.5845240608232,1280.6183109519727,2070.0,411.0,75.0,0,,,0.15235279998159967
87,C,14,14,14,7751.153,329,14,1,29,5488.5264323263955,5716.153200478644,3629.5264323263946,2086.626768152248,1645.0,320.0,70.0,0,,,0.29591989997425117
87,CAz3,14,14,14,7923.718,405,14,1,29,6077.869194142619,5424.718067090873,3716.869194142618,1707.8488729482567,2025.0,404.0,70.0,0,,,0.1359946000156924
87,CAz4,14,14,14,8271.765,468,14,1,29,6424.952234470009,5395.765493744758,3740.95223447001,1654.813259274748,2340.0,466.0,70.0,0,,,0.13626379999914207
88,C,12,12,12,8250.4,352,12,1,29,5512.5264323263955,6107.400106120768,3629.5264323263946,2477.8736737943736,1760.0,323.0,60.0,0,,,0.618365599977551
88,CAz3,12,12,12,7411.124,403,12,1,29,6060.453228379305,4943.124422217567,3713.4532283793037,1229.6711938382632,2015.0,393.0,60.0,0,,,0.24968499998794869
88,CAz4,12,12,12,7184.643,399,12,1,29,6115.771186046861,4733.6431860666,3714.7711860468603,1018.8720000197399,1995.0,396.0,60.0,0,,,0.014495800016447902
89,C,16,16,16,6476.457,214,16,1,29,3712.821741970936,5121.457296168991,2516.821741970936,2604.6355541980565,1070.0,205.0,80.0,0,,,0.3315530999971088
89,CAz3,16,16,16,6356.126,285,16,1,29,4012.559528618705,4570.1255856616945,2517.559528618705,2052.56605704299,1425.0,281.0,80.0,0,,,0.23441760000423528
89,CAz4,16,16,16,6570.372,315,16,1,29,4241.596993552716,4603.372479040277,2537.596993552716,2065.775485487561,1575.0,312.0,80.0,0,,,0.17243770000641234
90,C,10,10,10,8214.509,381,10,1,29,5836.5264323263955,5884.509421846695,3629.5264323263946,2254.9829895203006,1905.0,375.0,50.0,0,,,0.2759849000140093
90,CAz3,10,10,10,8114.813,439,10,1,29,6191.115932750833,5443.8130267915585,3644.1159327508312,1799.697094040729,2195.0,426.0,50.0,0,,,0.22882280001067556
90,CAz4,10,10,10,8091.846,472,10,1,29,6411.074752140584,5214.846036660508,3649.074752140582,1565.7712845199267,2360.0,467.0,50.0,0,,,0.06932370000868104
91,C,11,11,11,8402.276,407,11,1,29,5746.5264323263955,5920.2760521132805,3629.5264323263946,2290.7496197868873,2035.0,392.0,55.0,0,,,0.3465376000094693
91,CAz3,11,11,11,8174.901,449,11,1,29,6152.0415393261355,5439.9010020288315,3676.0415393261337,1763.859462702702,2245.0,435.0,55.0,0,,,0.2686552000232041
91,CAz4,11,11,11,8103.582,473,11,1,29,6403.77312696821,5226.581504232213,3675.7731269682085,1550.8083772640043,2365.0,457.0,55.0,0,,,0.12472620001062751
92,C,13,13,13,8642.597,403,13,1,29,5732.5469969997985,6172.596803735036,3670.5469969997985,2502.0498067352396,2015.0,390.0,65.0,0,,,0.4785723999957554
92,CAz3,13,13,13,7965.416,410,13,1,29,6082.369626957791,5448.416197630734,3686.3696269577904,1762.0465706729456,2050.0,402.0,65.0,0,,,0.1324146999977529
92,CAz4,13,13,13,8167.953,444,13,1,29,6252.3690333053655,5442.953388801974,3688.369033305365,1754.584355496611,2220.0,440.0,65.0,0,,,0.06484080001246184
93,C,12,12,12,8226.281,358,12,1,29,5614.5264323263955,6037.280889970489,3629.5264323263946,2407.754457644097,1790.0,339.0,60.0,0,,,0.5185235999815632
93,CAz3,12,12,12,7911.715,417,12,1,29,6075.446980768332,5357.714714256433,3647.4469807683304,1710.2677334881016,2085.0,409.0,60.0,0,,,0.11242210000636987
93,CAz4,12,12,12,7991.058,436,12,1,29,6253.637381533027,5317.058300660473,3664.6373815330267,1652.4209191274456,2180.0,434.0,60.0,0,,,0.05468289999407716
94,C,15,15,15,7454.014,274,15,1,29,5192.37972566337,5745.014095652529,3641.379725663369,2103.634369989159,1370.0,264.0,75.0,0,,,0.22045240001170896
94,CAz3,15,15,15,7090.093,328,15,1,29,5662.260791976461,5050.093037390741,3694.2607919764605,1355.8322454142797,1640.0,325.0,75.0,0,,,0.0730113000026904
94,CAz4,15,15,15,7534.434,403,15,1,29,6064.260791976462,5048.433817442816,3694.2607919764605,1354.1730254663541,2015.0,396.0,75.0,0,,,0.13270110002486035
95,C,12,12,12,8179.866,344,12,1,29,5566.5264323263955,6068.865541980988,3629.5264323263946,2439.339109654599,1720.0,331.0,60.0,0,,,0.30512539998744614
95,CAz3,12,12,12,8204.293,401,12,1,29,5933.774270734548,5751.292636122838,3631.774270734547,2119.5183653882928,2005.0,388.0,60.0,0,,,0.20624580001458526
95,CAz4,12,12,12,8192.571,452,12,1,29,6261.23970212624,5435.570618905893,3667.2397021262395,1768.3309167796542,2260.0,437.0,60.0,0,,,0.2489523999975063
96,C,12,12,12,7401.903,342,12,1,29,5660.689734908863,5295.903310385174,3671.689734908862,1624.2135754763115,1710.0,336.0,60.0,0,,,0.25768380000954494
96,CAz3,12,12,12,7500.529,361,12,1,29,5836.089370979959,5279.528763979442,3681.089370979958,1598.4393929994837,1805.0,356.0,60.0,0,,,0.03224369999952614
96,CAz4,12,12,12,7728.598,402,12,1,29,6070.025757033972,5258.598426134235,3681.0257570339704,1577.5726691002646,2010.0,400.0,60.0,0,,,0.029965099995024502
97,C,13,13,13,8568.196,319,13,1,29,5356.5264323263955,6611.195660276988,3629.5264323263946,2981.669227950593,1595.0,297.0,65.0,0,,,0.3093933999771252
97,CAz3,13,13,13,7115.932,326,13,1,29,5586.157512335172,5099.9324524759795,3663.1575123351713,1436.774940140808,1630.0,321.0,65.0,0,,,0.12109480000799522
97,CAz4,13,13,13,7492.366,390,13,1,29,5880.157512335172,5095.365618950337,3663.1575123351713,1432.2081066151652,1950.0,382.0,65.0,0,,,0.05782250000629574
98,C,11,11,11,9343.17,410,11,1,29,5902.5264323263955,6848.170211189894,3629.5264323263946,3218.6437788635003,2050.0,390.0,55.0,0,,,0.4176173000014387
98,CAz3,11,11,11,8115.978,407,11,1,29,6069.554193800686,5621.978063268895,3648.554193800686,1973.4238694682085,2035.0,404.0,55.0,0,,,0.0712255000253208
98,CAz4,11,11,11,8032.201,441,11,1,29,6249.554193800686,5335.200673074712,3648.554193800686,1686.6464792740244,2205.0,437.0,55.0,0,,,0.015593099989928305
99,C,13,13,13,7941.809,347,13,1,29,5572.5264323263955,5806.80869778611,3629.5264323263946,2177.2822654597176,1735.0,335.0,65.0,0,,,0.5702498000173364
99,CAz3,13,13,13,8116.703,400,13,1,29,5981.03418465354,5659.703203704221,3655.0341846535393,2004.6690190506818,2000.0,392.0,65.0,0,,,0.3669147999898996
99,CAz4,13,13,13,8058.855,450,13,1,29,6196.381953968872,5298.854827628812,3668.381953968871,1630.4728736599418,2250.0,445.0,65.0,0,,,0.22505089998594485
100,C,13,13,13,7223.741,318,13,1,29,5509.220677497625,5254.741458994719,3669.220677497624,1585.520781497094,1590.0,314.0,65.0,0,,,0.2881350000097882
100,CAz3,13,13,13,7213.714,345,13,1,29,5734.436746162517,5081.714224631313,3691.436746162516,1390.2774784687979,1725.0,342.0,65.0,0,,,0.13825180000276305
100,CAz4,13,13,13,7573.623,432,13,1,29,6342.828659349806,4917.622885048925,3736.828659349804,1180.7942256991205,2160.0,431.0,65.0,0,,,0.026183300011325628
101,C,12,12,12,7827.448,381,12,1,29,5851.213725239683,5488.44771234765,3657.2137252396824,1831.233987107968,1905.0,374.0,60.0,0,,,0.29699089998030104
101,CAz3,12,12,12,7717.898,401,12,1,29,6066.348253336365,5256.8982559079395,3695.348253336364,1561.5500025715742,2005.0,396.0,60.0,0,,,0.18466260001878254
101,CAz4,12,12,12,7880.21,436,12,1,29,6219.917844564873,5208.209654564922,3675.9178445648718,1532.2918100000509,2180.0,432.0,60.0,0,,,0.07635270000901073
102,C,12,12,12,7936.654,365,12,1,29,5680.5264323263955,5700.6535659878555,3629.5264323263946,2071.127133661463,1825.0,351.0,60.0,0,,,0.5925452999945264
102,CAz3,12,12,12,7740.521,377,12,1,29,5923.706279104045,5420.520545400984,3682.7062791040435,1737.8142662969406,1885.0,375.0,60.0,0,,,0.18439440001384355
102,CAz4,12,12,12,8146.676,474,12,1,29,6359.494979075674,5247.675700230217,3687.4949790756727,1560.1807211545445,2370.0,469.0,60.0,0,,,0.1317255000176374
103,C,14,14,14,7353.211,282,14,1,29,5182.5264323263955,5602.211125103153,3629.5264323263946,1972.6846927767592,1410.0,271.0,70.0,0,,,0.39537760001257993
103,CAz3,14,14,14,6934.625,289,14,1,29,5445.647586259863,5131.6248047258405,3709.6475862598627,1421.9772184659773,1445.0,288.0,70.0,0,,,0.08021929999813437
103,CAz4,14,14,14,7219.054,336,14,1,29,5739.86190952654,5134.0542953900585,3709.86190952654,1424.192385863519,1680.0,335.0,70.0,0,,,0.024249100009910762
104,C,13,13,13,7941.028,314,13,1,29,5447.475286129512,6000.027716214589,3673.475286129512,2326.5524300850793,1570.0,306.0,65.0,0,,,0.2990136000153143
104,CAz3,13,13,13,8060.199,418,13,1,29,6188.415308412158,5496.198875404835,3728.4153084121576,1767.7835669926794,2090.0,409.0,65.0,0,,,0.26798499998403713
104,CAz4,13,13,13,7626.766,431,13,1,29,6351.760009891641,4977.766049695268,3743.7600098916423,1234.0060398036255,2155.0,429.0,65.0,0,,,0.06377149999025278
105,C,13,13,13,8301.475,378,13,1,29,5572.5264323263955,5984.4749190404455,3629.5264323263946,2354.9484867140527,1890.0,362.0,65.0,0,,,0.3481216999934986
105,CAz3,13,13,13,8650.415,418,13,1,29,5959.0231545777215,6086.415254203366,3640.0231545777206,2446.3920996256484,2090.0,409.0,65.0,0,,,0.2812424000003375
105,CAz4,13,13,13,8988.228,493,13,1,29,6287.983164970904,5968.227614892851,3676.983164970903,2291.2444499219496,2465.0,490.0,65.0,0,,,0.12151060000178404
106,C,16,16,16,7355.289,297,16,1,29,4948.94439469198,5501.289364400581,3318.9443946919805,2182.3449697086,1485.0,289.0,80.0,0,,,0.27545099999406375
106,CAz3,16,16,16,7603.974,335,16,1,29,5298.424499926666,5518.973732278357,3364.424499926666,2154.5492323516905,1675.0,330.0,80.0,0,,,0.15025119998608716
106,CAz4,16,16,16,8042.769,403,16,1,29,5592.424499926667,5549.768874633235,3364.424499926666,2185.344374706569,2015.0,398.0,80.0,0,,,0.0822784999909345
107,C,12,12,12,6721.962,299,12,1,29,5400.217186691753,4875.961924939241,3674.2171866917524,1201.7447382474875,1495.0,291.0,60.0,0,,,0.2325704999966547
107,CAz3,12,12,12,6980.636,355,12,1,29,5856.181922140844,4797.635910317875,3755.181922140843,1042.4539881770324,1775.0,348.0,60.0,0,,,0.023312300007091835
107,CAz4,12,12,12,7455.551,435,12,1,29,6318.181922140845,4786.5506516191,3755.181922140843,1031.368729478257,2175.0,434.0,60.0,0,,,0.022962499991990626
108,C,16,16,16,3854.575,111,16,1,29,1330.2863488729986,3121.5750717011324,840.2863488729986,2281.2887228281343,555.0,98.0,80.0,0,,,0.5735340999963228
108,CAz3,16,16,16,4220.576,206,16,1,29,1485.0358556766212,2906.5757016214566,853.0358556766212,2053.5398459448356,1030.0,204.0,80.0,0,,,0.2086130000243429
108,CAz4,16,16,16,4489.768,240,16,1,29,1503.0358556766212,2971.768079818088,853.0358556766212,2118.7322241414668,1200.0,238.0,80.0,0,,,0.2286747999896761
109,C,15,15,15,7826.667,309,15,1,29,5369.965348319621,5905.667128181311,3631.96534831962,2273.7017798616935,1545.0,301.0,75.0,0,,,0.34767670001019724
109,CAz3,15,15,15,7771.674,382,15,1,29,5816.165780757073,5415.6740050323515,3660.165780757072,1755.50822427528,1910.0,371.0,75.0,0,,,0.30137470000772737
109,CAz4,15,15,15,7534.927,420,15,1,29,6102.54006862799,4942.927203573312,3745.540068627988,1197.3871349453225,2100.0,417.0,75.0,0,,,0.08926229999633506
110,C,11,11,11,8655.972,379,11,1,29,5746.5264323263955,6342.9723414954315,3629.5264323263946,2713.4459091690387,1895.0,363.0,55.0,0,,,0.34510159998899326
110,CAz3,11,11,11,7797.295,411,11,1,29,6169.993441285503,5279.295172767715,3714.993441285501,1564.3017314822137,2055.0,408.0,55.0,0,,,0.15903780001099221
110,CAz4,11,11,11,7827.857,435,11,1,29,6382.477063471772,5163.856715623831,3748.4770634717715,1415.3796521520599,2175.0,434.0,55.0,0,,,0.013555499986978248
111,C,12,12,12,7280.414,333,12,1,29,5547.862174395579,5230.413840230909,3629.862174395578,1600.5516658353338,1665.0,325.0,60.0,0,,,0.272431300021708
111,CAz3,12,12,12,7359.024,373,12,1,29,5879.522371295753,5064.0236828596635,3662.5223712957522,1401.5013115639103,1865.0,370.0,60.0,0,,,0.12137790000997484
111,CAz4,12,12,12,7663.761,450,12,1,29,6350.013786117592,4905.761363881575,3690.01378611759,1215.7475777639845,2250.0,448.0,60.0,0,,,0.017737000016495585
112,C,16,16,16,6781.795,245,16,1,29,3591.140873057046,5250.794943296476,2440.140873057046,2810.654070239429,1225.0,226.0,80.0,0,,,0.4583499999716878
112,CAz3,16,16,16,6343.426,252,16,1,29,3822.311766451275,4762.425958383066,2505.311766451275,2257.1141919317924,1260.0,241.0,80.0,0,,,0.22737239999696612
112,CAz4,16,16,16,6668.644,320,16,1,29,4086.311766451275,4673.644222893197,2505.311766451275,2168.3324564419217,1600.0,315.0,80.0,0,,,0.14136860001599416
113,C,11,11,11,7879.133,360,11,1,29,5774.336272901692,5668.13276964461,3670.3362729016912,1997.7964967429168,1800.0,356.0,55.0,0,,,0.18885649999720044
113,CAz3,11,11,11,7780.264,454,11,1,29,6436.523159989847,5003.264067214798,3716.5231599898466,1286.7409072249525,2270.0,452.0,55.0,0,,,0.08472809998784214
113,CAz4,11,11,11,7808.681,462,11,1,29,6502.1510480818915,4982.681046026694,3716.1510480818906,1266.5299979448032,2310.0,461.0,55.0,0,,,0.022327199985738844
114,C,13,13,13,9164.551,373,13,1,29,5728.5264323263955,6871.550972675402,3629.5264323263946,3242.024540349007,1865.0,363.0,65.0,0,,,0.3787671999889426
114,CAz3,13,13,13,8041.659,425,13,1,29,6144.030535554116,5431.659065887926,3640.030535554114,1791.628530333811,2125.0,420.0,65.0,0,,,0.19660580001072958
114,CAz4,13,13,13,7793.317,447,13,1,29,6312.679729950671,5054.317059191189,3672.6797299506693,1381.6373292405199,2235.0,439.0,65.0,0,,,0.10409949999302626
115,C,11,11,11,7832.329,353,11,1,29,5619.885877147044,5674.329354872485,3629.885877147043,2044.4434777254437,1765.0,338.0,55.0,0,,,0.4601332999882288
115,CAz3,11,11,11,7763.801,399,11,1,29,5997.885877147045,5318.800576355448,3629.885877147043,1688.914699208405,1995.0,395.0,55.0,0,,,0.07360350000089966
115,CAz4,11,11,11,8007.531,468,11,1,29,6406.131471900344,5151.530877859205,3667.131471900342,1484.3994059588624,2340.0,461.0,55.0,0,,,0.03149480000138283
116,C,11,11,11,7746.04,371,11,1,29,5779.637335090346,5472.03965913353,3633.637335090346,1838.4023240431832,1855.0,364.0,55.0,0,,,0.30377739999676123
116,CAz3,11,11,11,7810.099,419,11,1,29,6102.509768893497,5249.098840652381,3669.5097688934966,1579.5890717588857,2095.0,411.0,55.0,0,,,0.15024689998244867
116,CAz4,11,11,11,7992.082,442,11,1,29,6269.655925406402,5297.082485329319,3669.655925406402,1627.426559922917,2210.0,430.0,55.0,0,,,0.07504480000352487
117,C,11,11,11,7845.745,334,11,1,29,5554.5264323263955,5791.744602844735,3629.5264323263946,2162.2181705183416,1670.0,329.0,55.0,0,,,0.2021336999896448
117,CAz3,11,11,11,7702.914,381,11,1,29,5888.683452648753,5366.913634253192,3658.683452648752,1708.2301816044405,1905.0,376.0,55.0,0,,,0.16564829999697395
117,CAz4,11,11,11,7563.588,397,11,1,29,6085.8161032580765,5127.587865963613,3694.8161032580747,1432.7717627055379,1985.0,396.0,55.0,0,,,0.02721850000671111
118,C,16,16,16,7516.187,294,16,1,29,3823.4926307306223,5689.186832645583,2606.4926307306223,3082.694201914963,1470.0,277.0,80.0,0,,,0.786887399997795
118,CAz3,16,16,16,7734.697,368,16,1,29,4135.492630730622,5467.69698856875,2606.4926307306223,2861.2043578381326,1840.0,347.0,80.0,0,,,0.4462358999880962
118,CAz4,16,16,16,8126.274,435,16,1,29,4399.492630730622,5457.27384360751,2606.4926307306223,2850.781212876893,2175.0,414.0,80.0,0,,,0.44386759999906644
119,C,16,16,16,7596.434,264,16,1,29,4932.17467465282,5939.433527532105,3463.174674652819,2476.258852879285,1320.0,257.0,80.0,0,,,0.3768520999874454
119,CAz3,16,16,16,7764.295,390,16,1,29,5745.07759250087,5350.294837005856,3546.0775925008693,1804.2172445049869,1950.0,384.0,80.0,0,,,0.2243089000112377
119,CAz4,16,16,16,8423.385,475,16,1,29,6140.035916044978,5497.384575329516,3606.035916044977,1891.348659284539,2375.0,471.0,80.0,0,,,0.19008729999768548
120,C,16,16,16,6568.206,267,16,1,29,1852.8865399969663,4904.206329865951,1157.8865399969663,3746.319789868987,1335.0,249.0,80.0,0,,,0.7493141999875661
120,CAz3,16,16,16,5950.697,330,16,1,29,1992.6096610997597,3905.6973081624405,1166.6096610997597,2739.0876470626813,1650.0,315.0,80.0,0,,,0.6388351999921724
120,CAz4,16,16,16,6417.187,404,16,1,29,2058.6096610997597,3927.1870666895693,1166.6096610997597,2760.577405589809,2020.0,390.0,80.0,0,,,0.7355595999979414
121,C,11,11,11,8234.243,344,11,1,29,5608.5264323263955,6120.24343717344,3629.5264323263946,2490.717004847044,1720.0,339.0,55.0,0,,,0.2231420000025537
121,CAz3,11,11,11,8332.277,403,11,1,29,5986.5264323263955,5863.277220557127,3629.5264323263946,2233.750788230732,2015.0,399.0,55.0,0,,,0.22052679999615066
121,CAz4,11,11,11,7232.255,407,11,1,29,6132.062467124486,4739.254796066116,3689.062467124484,1050.1923289416316,2035.0,403.0,55.0,0,,,0.07051059999503195
122,C,14,14,14,7675.331,306,14,1,29,5350.5264323263955,5776.330721958082,3629.5264323263946,2146.8042896316865,1530.0,299.0,70.0,0,,,0.4336120000225492
122,CAz3,14,14,14,7977.094,373,14,1,29,5806.279812894515,5674.093954790855,3630.279812894514,2043.8141418963382,1865.0,368.0,70.0,0,,,0.3083628000167664
122,CAz4,14,14,14,8027.625,427,14,1,29,6106.550569337005,5404.624782578112,3644.5505693370046,1760.074213241108,2135.0,418.0,70.0,0,,,0.2265954999893438
123,C,16,16,16,6537.967,250,16,1,29,2833.991980991911,4977.9665177739535,1911.991980991911,3065.974536782045,1250.0,230.0,80.0,0,,,0.6496199000102933
123,CAz3,16,16,16,7412.118,428,16,1,29,3270.7453543825213,4772.117974082496,1917.7453543825213,2854.3726196999755,2140.0,420.0,80.0,0,,,0.7522203999978956
123,CAz4,16,16,16,7065.542,394,16,1,29,3342.7453543825213,4629.542463014279,1917.7453543825213,2711.797108631756,1970.0,386.0,80.0,0,,,0.4164617000205908
124,C,15,15,15,7529.601,280,15,1,29,5270.926386661461,5779.601401190387,3658.9263866614606,2120.675014528927,1400.0,275.0,75.0,0,,,0.17914409999502823
124,CAz3,15,15,15,7743.611,355,15,1,29,5688.330255350787,5550.610802127779,3663.330255350787,1887.2805467769922,1775.0,343.0,75.0,0,,,0.0690597000066191
124,CAz4,15,15,15,8042.131,407,15,1,29,5982.330255350788,5526.131351352903,3663.330255350787,1862.8010960021156,2035.0,406.0,75.0,0,,,0.020832300011534244
125,C,16,16,16,7585.111,254,16,1,29,4163.018030854491,5990.111343852024,2778.0180308544914,3212.0933129975333,1270.0,245.0,80.0,0,,,0.3162152999721002
125,CAz3,16,16,16,7198.499,311,16,1,29,4513.171128752527,5260.499266633178,2830.171128752527,2430.328137880651,1555.0,303.0,80.0,0,,,0.18020989999058656
125,CAz4,16,16,16,7281.635,357,16,1,29,4776.781441046169,5067.635402824717,2860.7814410461688,2206.853961778548,1785.0,349.0,80.0,0,,,0.10684069999842905
126,C,13,13,13,8169.293,298,13,1,29,5231.44253236477,6340.293173721816,3643.4425323647692,2696.8506413570494,1490.0,274.0,65.0,0,,,0.7427009999810252
126,CAz3,13,13,13,7472.107,341,13,1,29,5645.44253236477,5364.1070816164965,3643.4425323647692,1720.664549251725,1705.0,338.0,65.0,0,,,0.15622740000253543
126,CAz4,13,13,13,7635.392,379,13,1,29,5854.943877644712,5301.391750780948,3661.943877644711,1639.4478731362353,1895.0,374.0,65.0,0,,,0.0666205000015907
127,C,15,15,15,8072.909,306,15,1,29,5336.2361959814025,6178.9092325841075,3652.2361959814016,2526.673036602709,1530.0,289.0,75.0,0,,,0.5095316999941133
127,CAz3,15,15,15,7959.796,373,15,1,29,5707.491851852165,5655.795540651514,3652.4918518521645,2003.3036887993533,1865.0,364.0,75.0,0,,,0.35418059999938123
127,CAz4,15,15,15,8145.516,436,15,1,29,6121.491851852166,5456.516147564932,3652.4918518521645,1804.0242957127687,2180.0,434.0,75.0,0,,,0.13112949999049306
128,C,15,15,15,7517.585,265,15,1,29,5140.921013650324,5860.584825498155,3643.9210136503234,2216.663811847831,1325.0,257.0,75.0,0,,,0.3158565999765415
128,CAz3,15,15,15,8119.872,389,15,1,29,5884.894485207216,5723.872280189593,3668.8944852072163,2054.977794982377,1945.0,376.0,75.0,0,,,0.17541340002208017
128,CAz4,15,15,15,8007.864,447,15,1,29,6392.186896797197,5257.863651101861,3747.186896797192,1510.6767543046692,2235.0,440.0,75.0,0,,,0.07964649997302331
129,C,10,10,10,7658.615,373,10,1,29,5800.5264323263955,5375.61470465623,3629.5264323263946,1746.0882723298364,1865.0,368.0,50.0,0,,,0.1738875999872107
129,CAz3,10,10,10,8079.347,448,10,1,29,6280.852180658094,5347.347416710613,3636.852180658092,1710.495236052521,2240.0,442.0,50.0,0,,,0.1292849000019487
129,CAz4,10,10,10,7514.76,452,10,1,29,6354.740998562365,4754.759802074396,3645.7409985623653,1109.0188035120311,2260.0,450.0,50.0,0,,,0.0680313000048045
130,C,15,15,15,7865.433,294,15,1,29,5260.5264323263955,6035.433275609012,3629.5264323263946,2405.9068432826157,1470.0,285.0,75.0,0,,,0.4780308000044897
130,CAz3,15,15,15,7589.256,370,15,1,29,5896.850141956601,5298.256486174241,3689.8501419565996,1608.4063442176418,1850.0,366.0,75.0,0,,,0.1939350999891758
130,CAz4,15,15,15,7605.392,413,15,1,29,6111.925025615264,5056.39196072719,3689.9250256152623,1366.4669351119292,2065.0,409.0,75.0,0,,,0.08319699999992736
131,C,16,16,16,6220.97,225,16,1,29,4173.369788528068,4799.969605811379,2944.3697885280676,1855.5998172833101,1125.0,216.0,80.0,0,,,0.4502334000135306
131,CAz3,16,16,16,6375.009,262,16,1,29,4421.05545518622,4730.008513478398,2947.055455186219,1782.9530582921768,1310.0,255.0,80.0,0,,,0.30990200000815094
131,CAz4,16,16,16,6748.218,357,16,1,29,4874.065764464874,4532.217519567208,2958.065764464873,1574.151755102334,1785.0,351.0,80.0,0,,,0.20777569999336265
132,C,15,15,15,8521.208,308,15,1,29,5266.5264323263955,6622.207531381918,3629.5264323263946,2992.681099055524,1540.0,284.0,75.0,0,,,0.7920381000149064
132,CAz3,15,15,15,8002.219,380,15,1,29,5876.876103812384,5663.219047649242,3708.876103812383,1954.3429438368582,1900.0,364.0,75.0,0,,,0.32707810000283644
132,CAz4,15,15,15,7564.357,381,15,1,29,6028.871145306057,5209.3573064122775,3760.871145306056,1448.4861611062222,1905.0,375.0,75.0,0,,,0.0848456000094302
133,C,12,12,12,8645.881,358,12,1,29,5614.5264323263955,6452.881238802713,3629.5264323263946,2823.354806476319,1790.0,343.0,60.0,0,,,0.4655133000051137
133,CAz3,12,12,12,7956.645,400,12,1,29,5955.855026835801,5505.644965245832,3641.8550268358003,1863.789938410031,2000.0,391.0,60.0,0,,,0.31725819999701343
133,CAz4,12,12,12,7869.125,421,12,1,29,6105.8775884966735,5294.125146923212,3642.877588496673,1651.2475584265396,2105.0,410.0,60.0,0,,,0.13328929999261163
134,C,14,14,14,7681.648,265,14,1,29,5104.5264323263955,6030.648118902131,3629.5264323263946,2401.1216865757365,1325.0,256.0,70.0,0,,,0.3559256999869831
134,CAz3,14,14,14,7741.542,400,14,1,29,6003.754193667783,5274.542131624467,3629.754193667781,1644.7879379566878,2000.0,397.0,70.0,0,,,0.09425490000285208
134,CAz4,14,14,14,7957.869,432,14,1,29,6249.633129245057,5298.868559551667,3661.633129245056,1637.2354303066118,2160.0,429.0,70.0,0,,,0.04623809998156503
135,C,10,10,10,7802.986,407,10,1,29,5974.5264323263955,5319.986016177299,3629.5264323263946,1690.4595838509028,2035.0,398.0,50.0,0,,,0.32534390001092106
135,CAz3,10,10,10,7584.199,421,10,1,29,6210.413032826119,5010.198932666752,3705.4130328261167,1304.7858998406336,2105.0,419.0,50.0,0,,,0.12386939997668378
135,CAz4,10,10,10,7724.82,445,10,1,29,6384.350212475588,5005.820466715069,3705.3502124755855,1300.4702542394848,2225.0,444.0,50.0,0,,,0.024909400002798066
136,C,16,16,16,8475.424,382,16,1,29,4539.369788528068,6108.424028209931,2944.3697885280676,3164.054239681864,1910.0,377.0,80.0,0,,,0.4806094999948982
136,CAz3,16,16,16,7621.541,395,16,1,29,4925.828032396718,5176.541375872449,2960.828032396718,2215.7133434757307,1975.0,390.0,80.0,0,,,0.21507259999634698
136,CAz4,16,16,16,7326.272,372,16,1,29,5063.997175977482,5021.271723131028,2967.9971759774817,2053.274547153546,1860.0,365.0,80.0,0,,,0.14575759999570437
137,C,14,14,14,7944.892,305,14,1,29,5294.402048892574,6065.892348778008,3652.4020488925735,2413.4902998854377,1525.0,284.0,70.0,0,,,0.38731239998014644
137,CAz3,14,14,14,7454.362,330,14,1,29,5643.688635917268,5413.361845011492,3716.6886359172677,1696.6732090942257,1650.0,321.0,70.0,0,,,0.24441859999205917
137,CAz4,14,14,14,7319.802,386,14,1,29,6024.891787012792,4938.802216258796,3738.891787012792,1199.910429246005,1930.0,381.0,70.0,0,,,0.053427500010002404
138,C,12,12,12,7577.231,341,12,1,29,5662.509276643953,5483.230975182747,3710.509276643952,1772.7216985387945,1705.0,329.0,60.0,0,,,0.39184960001148283
138,CAz3,12,12,12,7818.839,392,12,1,29,5961.246890058975,5413.838645519798,3709.246890058973,1704.5917554608238,1960.0,385.0,60.0,0,,,0.3867200000095181
138,CAz4,12,12,12,7418.537,430,12,1,29,6321.026339280911,4782.536799598094,3765.0263392809097,1017.5104603171843,2150.0,426.0,60.0,0,,,0.02965160002349876
139,C,16,16,16,7125.894,301,16,1,29,4453.466946440433,5260.893878521846,2949.466946440433,2311.426932081414,1505.0,280.0,80.0,0,,,0.7735054999939166
139,CAz3,16,16,16,6929.477,328,16,1,29,4705.466946440433,4890.477465054638,2949.466946440433,1941.010518614203,1640.0,319.0,80.0,0,,,0.39967159999650903
139,CAz4,16,16,16,7332.15,408,16,1,29,5080.030469827807,4812.149887241868,2959.0304698278055,1853.1194174140621,2040.0,400.0,80.0,0,,,0.3325945000106003
140,C,11,11,11,7789.35,369,11,1,29,5698.672392389046,5539.350487744023,3630.672392389045,1908.6780953549778,1845.0,350.0,55.0,0,,,0.41732469998532906
140,CAz3,11,11,11,8029.617,423,11,1,29,6064.672392389047,5450.61684091266,3630.672392389045,1819.9444485236124,2115.0,409.0,55.0,0,,,0.2945266999886371
140,CAz4,11,11,11,8147.54,475,11,1,29,6370.672392389047,5249.5400526874,3630.672392389045,1618.8676602983564,2375.0,468.0,55.0,0,,,0.2559244000003673
141,C,10,10,10,8038.549,384,10,1,29,5740.5264323263955,5709.549117268882,3629.5264323263946,2080.0226849424885,1920.0,359.0,50.0,0,,,0.4861224000051152
141,CAz3,10,10,10,7931.36,410,10,1,29,5980.251952788053,5436.360254448855,3630.251952788052,1806.1083016608034,2050.0,395.0,50.0,0,,,0.2402107999951113
141,CAz4,10,10,10,7844.427,457,10,1,29,6302.766593095014,5055.4272825782045,3635.7665930950134,1419.6606894831914,2285.0,454.0,50.0,0,,,0.03911859999061562
142,C,10,10,10,8068.486,385,10,1,29,5824.5264323263955,5717.486181630781,3629.5264323263946,2087.9597493043852,1925.0,376.0,50.0,0,,,0.3250926999899093
142,CAz3,10,10,10,7857.684,443,10,1,29,6239.6325523811265,5154.683590806641,3649.6325523811256,1505.0510384255158,2215.0,438.0,50.0,0,,,0.1289483000000473
142,CAz4,10,10,10,7921.846,464,10,1,29,6406.461631577302,5095.846436014456,3667.461631577301,1428.3848044371555,2320.0,456.0,50.0,0,,,0.08797769999364391
143,C,16,16,16,8180.351,323,16,1,29,3853.4926307306223,6180.351486722281,2606.4926307306223,3573.85885599166,1615.0,305.0,80.0,0,,,0.5223684999800753
143,CAz3,16,16,16,8396.189,362,16,1,29,4105.993564383968,6159.18921477429,2619.993564383968,3539.195650390324,1810.0,347.0,80.0,0,,,0.3087914999923669
143,CAz4,16,16,16,8911.568,431,16,1,29,4424.986008374706,6250.5681049236255,2669.986008374706,3580.58209654892,2155.0,426.0,80.0,0,,,0.559807899990119
144,C,11,11,11,7578.386,364,11,1,29,5754.809887161907,5345.385786580678,3644.809887161906,1700.5758994187709,1820.0,358.0,55.0,0,,,0.20486339999479242
144,CAz3,11,11,11,7732.72,423,11,1,29,6156.809887161908,5142.719890956298,3644.809887161906,1497.9100037943915,2115.0,420.0,55.0,0,,,0.1553950000088662
144,CAz4,11,11,11,7807.907,444,11,1,29,6284.667828745366,5091.907335420464,3647.667828745365,1444.2395066750983,2220.0,441.0,55.0,0,,,0.039805700012948364
145,C,11,11,11,8943.7,412,11,1,29,5986.5264323263955,6427.700290547522,3629.5264323263946,2798.173858221128,2060.0,401.0,55.0,0,,,0.3227741999726277
145,CAz3,11,11,11,8184.781,447,11,1,29,6256.526432326396,5452.780930112119,3629.5264323263946,1823.254497785724,2235.0,442.0,55.0,0,,,0.12100590000045486
145,CAz4,11,11,11,8755.174,541,11,1,29,6708.867725833597,5458.17442640309,3662.867725833596,1795.3067005694936,2705.0,537.0,55.0,0,,,0.14427220000652596
146,C,12,12,12,8208.717,346,12,1,29,5578.5264323263955,6082.7171767118,3629.5264323263946,2453.1907443854084,1730.0,336.0,60.0,0,,,0.3853364000096917
146,CAz3,12,12,12,7387.886,367,12,1,29,5837.95129277808,5130.8862175444865,3674.95129277808,1455.9349247664063,1835.0,362.0,60.0,0,,,0.11680959997465834
146,CAz4,12,12,12,7659.94,423,12,1,29,6273.7484123397935,5062.940482567832,3753.748412339793,1309.1920702280395,2115.0,422.0,60.0,0,,,0.023222299991175532
147,C,10,10,10,7743.737,359,10,1,29,5714.5045992125815,5549.737165255293,3658.5045992125806,1891.2325660427123,1795.0,349.0,50.0,0,,,0.35683289999724366
147,CAz3,10,10,10,8051.482,444,10,1,29,6296.504599212582,5338.481974713249,3658.5045992125806,1679.977375500669,2220.0,443.0,50.0,0,,,0.14227980002760887
147,CAz4,10,10,10,7880.608,451,10,1,29,6382.991834689377,5127.608369906156,3680.991834689376,1446.6165352167798,2255.0,448.0,50.0,0,,,0.021387499989941716
148,C,15,15,15,7851.339,255,15,1,29,5085.902359117648,6254.339414464214,3671.9023591176474,2582.4370553465683,1275.0,247.0,75.0,0,,,0.292801600007806
148,CAz3,15,15,15,8182.369,376,15,1,29,5828.806512545365,5863.368865536524,3738.8065125453636,2124.562352991161,1880.0,364.0,75.0,0,,,0.301276299986057
148,CAz4,15,15,15,8428.699,441,15,1,29,6309.167584263834,5712.699453136568,3803.167584263834,1909.531868872732,2205.0,436.0,75.0,0,,,0.1795980999886524
149,C,14,14,14,8663.302,332,14,1,29,5512.5264323263955,6608.302485277434,3629.5264323263946,2978.7760529510406,1660.0,325.0,70.0,0,,,0.34458340000128374
149,CAz3,14,14,14,8487.279,395,14,1,29,5794.5264323263955,6054.278757689494,3629.5264323263946,2424.7523253631016,1975.0,388.0,70.0,0,,,0.3232597999740392
149,CAz4,14,14,14,8589.77,467,14,1,29,6233.289997145976,5724.770064683983,3656.289997145974,2068.4800675380093,2335.0,460.0,70.0,0,,,0.2151585999818053
150,C,13,13,13,7122.241,276,13,1,29,5259.316199881761,5406.2414790804905,3671.3161998817604,1734.9252791987294,1380.0,271.0,65.0,0,,,0.26018830001703463
150,CAz3,13,13,13,6946.102,326,13,1,29,5625.8311088149985,4927.102162356345,3679.8311088149976,1247.2710535413476,1630.0,324.0,65.0,0,,,0.11593519998132251
150,CAz4,13,13,13,6921.397,356,13,1,29,5817.876093335743,4721.39700095841,3680.8760933357416,1040.520907622669,1780.0,355.0,65.0,0,,,0.04994019999867305
151,C,14,14,14,7444.115,294,14,1,29,5286.76982995818,5618.115152368353,3632.76982995818,1985.3453224101725,1470.0,286.0,70.0,0,,,0.3127200999879278
151,CAz3,14,14,14,7604.851,332,14,1,29,5635.305795569518,5546.850597034227,3677.3057955695176,1869.544801464709,1660.0,328.0,70.0,0,,,0.24915129999862984
151,CAz4,14,14,14,7828.069,430,14,1,29,6007.200349716158,5187.068583400561,3690.2003497161563,1496.8682336844035,2150.0,421.0,70.0,0,,,0.19177589999162592
152,C,13,13,13,8461.643,333,13,1,29,5523.528715231145,6405.643498312211,3629.528715231144,2776.114783081066,1665.0,326.0,65.0,0,,,0.2833256000012625
152,CAz3,13,13,13,7580.794,402,13,1,29,6085.927546126183,5109.793666273976,3691.9275461261823,1417.866120147794,2010.0,396.0,65.0,0,,,0.12464600001112558
152,CAz4,13,13,13,7196.504,406,13,1,29,6171.931053358824,4697.504101433714,3712.9310533588227,984.5730480748911,2030.0,404.0,65.0,0,,,0.019922600011341274
153,C,10,10,10,7898.191,410,10,1,29,5998.5264323263955,5396.191254268167,3629.5264323263946,1766.6648219417714,2050.0,402.0,50.0,0,,,0.32104450001497753
153,CAz3,10,10,10,8071.451,465,10,1,29,6388.578995834833,5235.450941547867,3654.5789958348314,1580.871945713036,2325.0,461.0,50.0,0,,,0.22922539999126457
153,CAz4,10,10,10,8109.785,496,10,1,29,6569.3295106351825,5090.784803821241,3693.3295106351798,1397.4552931860621,2480.0,489.0,50.0,0,,,0.11867520000669174
154,C,16,16,16,6907.879,241,16,1,29,3904.6002966268634,5392.8790395343085,2723.6002966268634,2669.278742907444,1205.0,230.0,80.0,0,,,0.8005463999870699
154,CAz3,16,16,16,7380.696,380,16,1,29,4398.867756603406,5026.69600679777,2726.8677566034066,2299.8282501943636,1900.0,374.0,80.0,0,,,0.3862446999992244
154,CAz4,16,16,16,7722.048,438,16,1,29,4584.867756603407,5019.048390398745,2726.8677566034066,2292.180633795339,2190.0,433.0,80.0,0,,,0.3150542000075802
155,C,10,10,10,7526.798,359,10,1,29,5704.5264323263955,5328.798278916186,3629.5264323263946,1699.2718465897894,1795.0,353.0,50.0,0,,,0.2813482000201475
155,CAz3,10,10,10,7166.875,383,10,1,29,5914.1406344679135,4821.875203681023,3637.1406344679117,1184.7345692131123,1915.0,380.0,50.0,0,,,0.07359649997670203
155,CAz4,10,10,10,7617.711,466,10,1,29,6369.902057769689,4772.711461531027,3636.9020577696874,1135.8094037613396,2330.0,465.0,50.0,0,,,0.016634600004181266
156,C,16,16,16,7577.117,315,16,1,29,4467.369788528068,5623.116846270563,2944.3697885280676,2678.747057742494,1575.0,299.0,80.0,0,,,0.6996205000032205
156,CAz3,16,16,16,8148.551,424,16,1,29,5069.097704482802,5536.550561676839,3010.0977044828005,2526.452857194038,2120.0,412.0,80.0,0,,,0.6814150999998674
156,CAz4,16,16,16,7936.418,457,16,1,29,5256.792668442801,5120.417502137594,3067.7926684428,2052.624833694795,2285.0,451.0,80.0,0,,,0.45666919997893274
157,C,15,15,15,8367.711,363,15,1,29,5386.5264323263955,6128.710967682711,3629.5264323263946,2499.1845353563194,1815.0,349.0,75.0,0,,,0.6982067000062671
157,CAz3,15,15,15,7830.502,379,15,1,29,5821.050750625228,5492.501751283195,3673.050750625228,1819.4510006579658,1895.0,368.0,75.0,0,,,0.25512410001829267
157,CAz4,15,15,15,7780.709,400,15,1,29,5982.666279728516,5308.709428696948,3728.6662797285167,1580.0431489684313,2000.0,397.0,75.0,0,,,0.14047840001876466
158,C,16,16,16,6591.958,222,16,1,29,3645.140873057046,5185.95792220994,2440.140873057046,2745.817049152892,1110.0,216.0,80.0,0,,,0.3241940000152681
158,CAz3,16,16,16,6816.457,313,16,1,29,4086.0254189810184,4861.457173063122,2571.0254189810184,2290.431754082104,1565.0,310.0,80.0,0,,,0.19074630000977777
158,CAz4,16,16,16,6140.719,301,16,1,29,4246.6823238342595,4258.719343655,2582.6823238342586,1676.037019820741,1505.0,297.0,80.0,0,,,0.07685399998445064
159,C,12,12,12,8767.493,330,12,1,29,5501.783862145549,6739.49263547772,3649.7838621455485,3089.7087733321687,1650.0,318.0,60.0,0,,,0.2793878000229597
159,CAz3,12,12,12,7685.74,376,12,1,29,5747.493243549387,5379.739665926578,3674.4932435493865,1705.2464223771906,1880.0,366.0,60.0,0,,,0.26656719998572953
159,CAz4,12,12,12,7731.933,401,12,1,29,6001.031151895514,5273.932865143613,3720.0311518955123,1553.9017132481004,2005.0,393.0,60.0,0,,,0.13796290001482703
160,C,16,16,16,8354.822,337,16,1,29,2092.6674753930297,6269.821903241341,1356.6674753930297,4913.154427848314,1685.0,320.0,80.0,0,,,0.9456266999768559
160,CAz3,16,16,16,7960.461,497,16,1,29,2392.6674753930292,4899.460717206094,1356.6674753930297,3542.793241813063,2485.0,496.0,80.0,0,,,0.6412377000087872
160,CAz4,16,16,16,7378.93,480,16,1,29,2446.6674753930292,4419.929945561152,1356.6674753930297,3063.2624701681216,2400.0,479.0,80.0,0,,,0.5031077000021469
161,C,13,13,13,7594.441,298,13,1,29,5296.5264323263955,5755.441382535028,3629.5264323263946,2125.9149502086334,1490.0,284.0,65.0,0,,,0.30044760002056137
161,CAz3,13,13,13,7706.096,404,13,1,29,5902.850521606963,5223.0955724649675,3630.8505216069634,1592.2450508580046,2020.0,398.0,65.0,0,,,0.08222510002087802
161,CAz4,13,13,13,7773.417,418,13,1,29,6022.850521606963,5205.417479945563,3630.8505216069634,1574.5669583386,2090.0,413.0,65.0,0,,,0.03816359999473207
162,C,13,13,13,7968.568,327,13,1,29,5431.670781088174,5961.567557508549,3640.6707810881735,2320.8967764203753,1635.0,307.0,65.0,0,,,0.32382720001623966
162,CAz3,13,13,13,7307.986,353,13,1,29,5791.845300862715,5125.985618266432,3689.845300862715,1436.1403174037182,1765.0,352.0,65.0,0,,,0.1561688000219874
162,CAz4,13,13,13,7596.104,398,13,1,29,6080.607835490654,5146.104319306738,3692.607835490654,1453.4964838160854,1990.0,395.0,65.0,0,,,0.06961479998426512
163,C,15,15,15,8202.461,310,15,1,29,5374.5264323263955,6277.460612644128,3629.5264323263946,2647.9341803177326,1550.0,300.0,75.0,0,,,0.3670756999927107
163,CAz3,15,15,15,7851.224,382,15,1,29,5794.3759280809745,5500.224448230007,3679.3759280809745,1820.848520149031,1910.0,366.0,75.0,0,,,0.23695340001722798
163,CAz4,15,15,15,8004.131,426,15,1,29,6164.980280391571,5381.131039467446,3720.9802803915704,1660.1507590758754,2130.0,418.0,75.0,0,,,0.09242649999214336
164,C,12,12,12,8105.928,370,12,1,29,5749.590771201385,5838.9276272220295,3670.590771201386,2168.336856020644,1850.0,357.0,60.0,0,,,0.5374483000196051
164,CAz3,12,12,12,7740.951,435,12,1,29,6187.66143630659,5075.950715239584,3670.6614363065887,1405.2892789329942,2175.0,430.0,60.0,0,,,0.10449590001371689
164,CAz4,12,12,12,7830.578,484,12,1,29,6548.794144359178,4872.577745777756,3715.794144359178,1156.7836014185787,2420.0,478.0,60.0,0,,,0.06842199998209253
165,C,11,11,11,7804.242,366,11,1,29,5740.5264323263955,5560.242403442466,3629.5264323263946,1930.715971116073,1830.0,359.0,55.0,0,,,0.2058017999806907
165,CAz3,11,11,11,7587.724,421,11,1,29,6300.13925766925,5008.72357155972,3768.1392576692488,1240.584313890472,2105.0,419.0,55.0,0,,,0.046444599982351065
165,CAz4,11,11,11,7838.857,464,11,1,29,6541.5768295903,5001.857193673191,3769.576829590299,1232.280364082892,2320.0,462.0,55.0,0,,,0.013963899982627481
166,C,14,14,14,9268.696,342,14,1,29,5500.5264323263955,7164.696305720702,3629.5264323263946,3535.169873394309,1710.0,324.0,70.0,0,,,0.4603004999808036
166,CAz3,14,14,14,7994.241,374,14,1,29,5804.5404470695685,5686.241321172536,3634.5404470695676,2051.70087410297,1870.0,368.0,70.0,0,,,0.24620429999777116
166,CAz4,14,14,14,8324.742,445,14,1,29,6158.540447069569,5587.742371155007,3634.5404470695676,1953.2019240854386,2225.0,442.0,70.0,0,,,0.028214499994646758
167,C,16,16,16,5474.88,225,16,1,29,2017.1486841018698,4055.8802159941984,1263.1486841018698,2792.7315318923283,1125.0,214.0,80.0,0,,,0.8194775999872945
167,CAz3,16,16,16,6811.112,391,16,1,29,2172.8939804448764,4389.111618105879,1263.8939804448767,3125.2176376610023,1955.0,387.0,80.0,0,,,0.7625085999898147
167,CAz4,16,16,16,7237.848,423,16,1,29,2238.8939804448764,4629.847649228071,1263.8939804448767,3365.953668783196,2115.0,413.0,80.0,0,,,0.7498596999794245
168,C,16,16,16,5268.629,201,16,1,29,2182.790218209892,4004.6285773441386,1343.790218209892,2660.838359134247,1005.0,179.0,80.0,0,,,0.4731777000124566
168,CAz3,16,16,16,5803.698,317,16,1,29,2432.730193881769,3828.697571423554,1348.7301938817695,2479.9673775417855,1585.0,310.0,80.0,0,,,0.41542830000980757
168,CAz4,16,16,16,5949.056,324,16,1,29,2462.730193881769,3937.056436723352,1348.7301938817695,2588.326242841583,1620.0,312.0,80.0,0,,,0.42712269999901764
169,C,11,11,11,8038.582,376,11,1,29,5788.5264323263955,5738.581939893244,3629.5264323263946,2109.0555075668476,1880.0,365.0,55.0,0,,,0.2723190999822691
169,CAz3,11,11,11,8198.292,478,11,1,29,6410.479938795932,5283.292281259181,3701.4799387959315,1581.8123424632508,2390.0,470.0,55.0,0,,,0.26511690000188537
169,CAz4,11,11,11,8318.932,489,11,1,29,6486.2705029884455,5332.93165839867,3650.270502988444,1682.661155410227,2445.0,486.0,55.0,0,,,0.09631540000555106
170,C,14,14,14,7959.785,254,14,1,29,5083.972884548733,6371.78524778744,3652.9728845487325,2718.8123632387073,1270.0,248.0,70.0,0,,,0.23617509999894537
170,CAz3,14,14,14,7287.478,347,14,1,29,5688.186394175311,5142.478243010502,3708.18639417531,1434.291848835192,1735.0,340.0,70.0,0,,,0.1382677999790758
170,CAz4,14,14,14,7001.755,364,14,1,29,5961.722840853425,4752.754880026794,3762.722840853424,990.0320391733701,1820.0,359.0,70.0,0,,,0.015415500005474314
171,C,15,15,15,7003.29,276,15,1,29,5224.503435469161,5278.289544983481,3654.5034354691597,1623.7861095143214,1380.0,270.0,75.0,0,,,0.5121236999984831
171,CAz3,15,15,15,7385.305,375,15,1,29,5854.739818921037,5069.305294631974,3674.739818921036,1394.5654757109367,1875.0,366.0,75.0,0,,,0.08395569998538122
171,CAz4,15,15,15,7909.052,462,15,1,29,6262.739818921037,5063.051536869867,3674.739818921036,1388.3117179488293,2310.0,461.0,75.0,0,,,0.04546890000347048
172,C,14,14,14,8058.177,323,14,1,29,5485.351500502188,6063.17737663379,3676.351500502187,2386.8258761316033,1615.0,310.0,70.0,0,,,0.41470039999694563
172,CAz3,14,14,14,7558.83,396,14,1,29,6065.855347881698,5119.829807424384,3731.855347881696,1387.9744595426919,1980.0,389.0,70.0,0,,,0.2685557999939192
172,CAz4,14,14,14,7489.799,436,14,1,29,6365.690348457001,4806.799331214831,3738.690348456999,1068.108982757833,2180.0,433.0,70.0,0,,,0.05098659999202937
173,C,11,11,11,7904.388,382,11,1,29,5830.5264323263955,5563.388017187101,3629.5264323263946,1933.8615848607044,1910.0,376.0,55.0,0,,,0.2761192000180017
173,CAz3,11,11,11,7866.081,444,11,1,29,6332.0118735728365,5149.081263955445,3695.0118735728356,1454.0693903826086,2220.0,442.0,55.0,0,,,0.21685460000298917
173,CAz4,11,11,11,7777.767,462,11,1,29,6446.202442146216,4959.7668138131985,3703.202442146214,1256.5643716669833,2310.0,453.0,55.0,0,,,0.07805499999085441
174,C,10,10,10,8112.993,388,10,1,29,5812.5264323263955,5750.993466200386,3629.5264323263946,2121.467033873991,1940.0,372.0,50.0,0,,,0.3807939999969676
174,CAz3,10,10,10,7218.557,391,10,1,29,6032.6257952954675,4823.557245420042,3679.6257952954666,1143.9314501245742,1955.0,390.0,50.0,0,,,0.029785899998387322
174,CAz4,10,10,10,7390.525,422,10,1,29,6201.466827674193,4811.524717312866,3680.466827674192,1131.0578896386749,2110.0,419.0,50.0,0,,,0.03577749998657964
175,C,13,13,13,8035.195,343,13,1,29,5524.5264323263955,5928.194862560843,3629.5264323263946,2298.6684302344493,1715.0,327.0,65.0,0,,,0.5187351999920793
175,CAz3,13,13,13,7573.005,374,13,1,29,6097.819602842063,5265.00460122356,3837.8196028420616,1427.1849983814977,1870.0,373.0,65.0,0,,,0.05816019998746924
175,CAz4,13,13,13,7888.773,427,13,1,29,6401.348001416108,5267.772757215807,3841.3480014161055,1426.4247557997026,2135.0,421.0,65.0,0,,,0.05826980000711046
176,C,16,16,16,5534.411,212,16,1,29,1615.1709205370303,4201.411455296559,1010.1709205370303,3191.240534759529,1060.0,193.0,80.0,0,,,0.9641590999963228
176,CAz3,16,16,16,5634.047,267,16,1,29,1728.2121271632884,3965.0466510499236,1010.2121271632885,2954.834523886636,1335.0,254.0,80.0,0,,,0.5799986000056379
176,CAz4,16,16,16,5515.954,317,16,1,29,1782.2121271632884,3536.9537728968635,1010.2121271632885,2526.7416457335744,1585.0,314.0,80.0,0,,,0.4751996999839321
177,C,15,15,15,7796.316,290,15,1,29,5152.5264323263955,6002.315620622983,3629.5264323263946,2372.789188296589,1450.0,269.0,75.0,0,,,0.8569990999822039
177,CAz3,15,15,15,7748.005,379,15,1,29,5671.764484668705,5415.005439662651,3695.7644846687053,1719.240954993947,1895.0,363.0,75.0,0,,,0.4961794999835547
177,CAz4,15,15,15,7366.752,377,15,1,29,5872.7673300235,5044.751745247356,3706.7673300235006,1337.984415223857,1885.0,362.0,75.0,0,,,0.1495188999979291
178,C,11,11,11,8169.691,378,11,1,29,5746.5264323263955,5861.691040556895,3629.5264323263946,2232.1646082305024,1890.0,363.0,55.0,0,,,0.33734779999940656
178,CAz3,11,11,11,7937.771,397,11,1,29,6005.4933641231355,5505.7713650509595,3668.4933641231346,1837.2780009278226,1985.0,392.0,55.0,0,,,0.20271860001957975
178,CAz4,11,11,11,7803.865,480,11,1,29,6552.883329545401,4870.865212861617,3714.8833295454006,1155.9818833162165,2400.0,478.0,55.0,0,,,0.03661529999226332
179,C,14,14,14,8479.998,312,14,1,29,5254.5264323263955,6568.998477855653,3629.5264323263946,2939.4720455292622,1560.0,281.0,70.0,0,,,0.606605800014222
179,CAz3,14,14,14,7954.574,359,14,1,29,5856.025288294414,5732.573645338986,3718.0252882944137,2014.5483570445726,1795.0,357.0,70.0,0,,,0.1228932999947574
179,CAz4,14,14,14,8177.974,392,14,1,29,6119.499964964449,5756.974042344428,3754.4999649644474,2002.474077379981,1960.0,391.0,70.0,0,,,0.05461170000489801
180,C,10,10,10,7446.11,363,10,1,29,5710.5264323263955,5224.11007402903,3629.5264323263946,1594.583641702636,1815.0,357.0,50.0,0,,,0.28963220000150613
180,CAz3,10,10,10,7965.82,453,10,1,29,6219.938299196029,5208.820085787445,3665.9382991960283,1542.8817865914173,2265.0,442.0,50.0,0,,,0.22963289998006076
180,CAz4,10,10,10,7727.494,454,10,1,29,6360.152150735521,4956.494033357318,3670.15215073552,1286.3418826217976,2270.0,451.0,50.0,0,,,0.09041949998936616
181,C,13,13,13,7275.281,299,13,1,29,5383.692998928411,5420.280750857504,3657.69299892841,1762.587751929095,1495.0,295.0,65.0,0,,,0.28405889999703504
181,CAz3,13,13,13,7380.193,372,13,1,29,5890.31900368068,5086.1934585167555,3680.319003680679,1405.874454836076,1860.0,369.0,65.0,0,,,0.13618999999016523
181,CAz4,13,13,13,7580.905,427,13,1,29,6228.083499870492,4955.905292083411,3683.08349987049,1272.821792212921,2135.0,425.0,65.0,0,,,0.060788100003264844
182,C,16,16,16,8882.439,366,16,1,29,5292.17467465282,6633.438778948563,3463.174674652819,3170.2641042957453,1830.0,339.0,80.0,0,,,0.980245599988848
182,CAz3,16,16,16,8150.251,412,16,1,29,5855.668927575286,5615.251089923104,3532.668927575285,2082.5821623478187,2060.0,395.0,80.0,0,,,0.47229380000499077
182,CAz4,16,16,16,8274.862,480,16,1,29,6129.874794568071,5319.862087648767,3537.8747945680707,1781.987293080697,2400.0,475.0,80.0,0,,,0.35739960000501014
183,C,14,14,14,7534.759,316,14,1,29,5440.5264323263955,5573.758878569823,3629.5264323263946,1944.2324462434265,1580.0,311.0,70.0,0,,,0.33255150000331923
183,CAz3,14,14,14,7777.752,397,14,1,29,6056.349351139201,5326.7521574310895,3667.3493511391985,1659.402806291892,1985.0,396.0,70.0,0,,,0.08419829999911599
183,CAz4,14,14,14,8065.786,446,14,1,29,6284.349351139201,5321.786085959443,3667.3493511391985,1654.436734820247,2230.0,444.0,70.0,0,,,0.05946009999024682
184,C,10,10,10,7850.604,423,10,1,29,6035.141778182498,5281.603572311874,3643.1417781824966,1638.4617941293795,2115.0,404.0,50.0,0,,,0.4715608999831602
184,CAz3,10,10,10,7696.698,422,10,1,29,6124.379287192897,5127.697844578103,3679.3792871928963,1448.3185573852084,2110.0,409.0,50.0,0,,,0.31057859997963533
184,CAz4,10,10,10,7793.635,454,10,1,29,6354.600525615919,5033.634717777924,3695.600525615917,1338.034192162008,2270.0,440.0,50.0,0,,,0.21354580001207069
185,C,13,13,13,8474.394,303,13,1,29,5278.5264323263955,6608.393610420493,3629.5264323263946,2978.8671780941,1515.0,286.0,65.0,0,,,0.3761823999811895
185,CAz3,13,13,13,7534.248,347,13,1,29,5687.063502103812,5392.247613167494,3673.0635021038124,1719.1841110636792,1735.0,342.0,65.0,0,,,0.2194688000017777
185,CAz4,13,13,13,7713.041,395,13,1,29,6032.630399787533,5279.040547958757,3677.6303997875316,1601.4101481712248,1975.0,394.0,65.0,0,,,0.08282079998753034
186,C,13,13,13,8591.486,338,13,1,29,5500.5264323263955,6512.485876267076,3629.5264323263946,2882.959443940683,1690.0,324.0,65.0,0,,,0.5304708000039682
186,CAz3,13,13,13,8051.463,413,13,1,29,6016.526432326396,5516.462789822013,3629.5264323263946,1886.9363574956187,2065.0,405.0,65.0,0,,,0.22354569999151863
186,CAz4,13,13,13,7965.458,419,13,1,29,6119.70052474435,5394.457908142849,3656.700524744348,1737.7573833985023,2095.0,411.0,65.0,0,,,0.050329499994404614
187,C,14,14,14,7369.952,309,14,1,29,5404.5264323263955,5449.951590620729,3629.5264323263946,1820.4251582943366,1545.0,305.0,70.0,0,,,0.4074673999857623
187,CAz3,14,14,14,7932.439,435,14,1,29,6144.466275434579,5259.438738494081,3664.466275434577,1594.972463059506,2175.0,428.0,70.0,0,,,0.1466458000068087
187,CAz4,14,14,14,7994.234,457,14,1,29,6271.160506126261,5186.233796666696,3665.1605061262594,1521.0732905404386,2285.0,453.0,70.0,0,,,0.09654820000287145
188,C,13,13,13,8267.103,361,13,1,29,5644.5264323263955,6050.1029348588145,3629.5264323263946,2420.576502532421,1805.0,347.0,65.0,0,,,0.5825557000061963
188,CAz3,13,13,13,7734.329,411,13,1,29,6226.827386107566,5205.329465110337,3754.8273861075654,1450.5020790027722,2055.0,409.0,65.0,0,,,0.0891235000162851
188,CAz4,13,13,13,7707.925,418,13,1,29,6314.756202384127,5135.925157835577,3777.756202384126,1358.1689554514503,2090.0,417.0,65.0,0,,,0.0315419000107795
189,C,15,15,15,7269.76,295,15,1,29,5368.852931132663,5429.759603665574,3679.852931132663,1749.906672532911,1475.0,290.0,75.0,0,,,0.3295834000164177
189,CAz3,15,15,15,7648.553,339,15,1,29,5554.852931132663,5545.552625527767,3679.852931132663,1865.6996943951044,1695.0,333.0,75.0,0,,,0.5985737000009976
189,CAz4,15,15,15,8252.559,451,15,1,29,6097.278400392095,5479.5592592279,3720.278400392094,1759.280858835807,2255.0,443.0,75.0,0,,,0.3098250999755692
190,C,13,13,13,7884.954,345,13,1,29,5602.5264323263955,5755.954443335127,3629.5264323263946,2126.4280110087298,1725.0,339.0,65.0,0,,,0.26886159999412484
190,CAz3,13,13,13,7759.721,384,13,1,29,5969.405523989853,5403.721205135224,3742.405523989852,1661.3156811453725,1920.0,371.0,65.0,0,,,0.12269610000657849
190,CAz4,13,13,13,7729.992,409,13,1,29,6142.366457083125,5219.99214499406,3742.3664570831247,1477.6256879109362,2045.0,400.0,65.0,0,,,0.059262000024318695
191,C,15,15,15,8473.698,326,15,1,29,5434.5264323263955,6453.697791265404,3629.5264323263946,2824.1713589390124,1630.0,315.0,75.0,0,,,0.46637310000369325
191,CAz3,15,15,15,8167.086,423,15,1,29,6221.523403722584,5562.086114372388,3731.523403722584,1830.562710649805,2115.0,415.0,75.0,0,,,0.21906629999284633
191,CAz4,15,15,15,7929.785,435,15,1,29,6369.5898299577775,5245.784686775927,3742.589829957778,1503.1948568181492,2175.0,434.0,75.0,0,,,0.08929299999726936
192,C,10,10,10,8237.792,376,10,1,29,5734.5264323263955,5948.791973325312,3629.5264323263946,2319.265540998919,1880.0,359.0,50.0,0,,,0.5169386999914423
192,CAz3,10,10,10,7886.64,416,10,1,29,6081.652819554337,5350.639977664215,3665.6528195543356,1684.9871581098807,2080.0,406.0,50.0,0,,,0.3225027000007685
192,CAz4,10,10,10,7941.529,480,10,1,29,6521.772118617194,5015.529248004661,3723.7721186171934,1291.7571293874673,2400.0,476.0,50.0,0,,,0.20265089999884367
193,C,15,15,15,7663.007,333,15,1,29,5518.359973764103,5603.006507386544,3637.3599737641025,1965.6465336224417,1665.0,320.0,75.0,0,,,0.4308604999969248
193,CAz3,15,15,15,7958.295,414,15,1,29,5962.359973764104,5401.2947504707045,3637.3599737641025,1763.9347767066013,2070.0,412.0,75.0,0,,,0.16481789998942986
193,CAz4,15,15,15,7891.021,433,15,1,29,6126.820847075765,5222.020965166471,3653.820847075763,1568.2001180907066,2165.0,429.0,75.0,0,,,0.03182470001047477
194,C,13,13,13,7949.023,346,13,1,29,5567.480965546392,5825.02311437693,3643.480965546391,2181.542148830539,1730.0,329.0,65.0,0,,,0.44388470001285896
194,CAz3,13,13,13,7924.542,407,13,1,29,5887.959717598216,5432.541878025804,3653.9597175982167,1778.5821604275886,2035.0,392.0,65.0,0,,,0.3009127000113949
194,CAz4,13,13,13,7969.409,414,13,1,29,5929.959717598216,5433.409479211833,3653.9597175982167,1779.4497616136177,2070.0,401.0,65.0,0,,,0.3164194000128191
195,C,12,12,12,8411.256,350,12,1,29,5572.5264323263955,6270.256209501207,3629.5264323263946,2640.729777174814,1750.0,331.0,60.0,0,,,0.34270700000342913
195,CAz3,12,12,12,8174.3,422,12,1,29,6199.92971525433,5593.300461840738,3738.9297152543286,1854.3707465864115,2110.0,411.0,60.0,0,,,0.33197780000045896
195,CAz4,12,12,12,8218.029,448,12,1,29,6337.92971525433,5476.029387496398,3738.9297152543286,1737.0996722420716,2240.0,442.0,60.0,0,,,0.1609697999956552
196,C,11,11,11,7553.743,363,11,1,29,5698.5264323263955,5330.742776758186,3629.5264323263946,1701.2163444317896,1815.0,353.0,55.0,0,,,0.3133725000079721
196,CAz3,11,11,11,7289.086,405,11,1,29,6110.4822426324345,4810.086195971699,3708.482242632433,1101.6039533392652,2025.0,399.0,55.0,0,,,0.06035280000651255
196,CAz4,11,11,11,7409.883,434,11,1,29,6303.343329827925,4754.883288625696,3709.3433298279238,1045.5399587977727,2170.0,430.0,55.0,0,,,0.030803100002231076
197,C,15,15,15,7452.197,268,15,1,29,5137.591823589807,5777.197268469255,3633.591823589806,2143.605444879449,1340.0,260.0,75.0,0,,,0.39530249999370426
197,CAz3,15,15,15,7592.398,374,15,1,29,5899.896964990111,5274.398304699125,3672.8969649901087,1601.5013397090156,1870.0,373.0,75.0,0,,,0.14692530001048
197,CAz4,15,15,15,7729.014,416,15,1,29,6123.532645747296,5168.014374155258,3675.532645747295,1492.4817284079636,2080.0,406.0,75.0,0,,,0.062398600013693795
198,C,15,15,15,8441.383,323,15,1,29,5376.136286208063,6453.382528404344,3638.1362862080628,2815.246242196288,1615.0,298.0,75.0,0,,,0.5766072999977041
198,CAz3,15,15,15,7852.574,389,15,1,29,5982.8452498857005,5450.573815682857,3725.8452498857005,1724.7285657971554,1945.0,382.0,75.0,0,,,0.1045252000039909
198,CAz4,15,15,15,7728.754,415,15,1,29,6221.32898466601,5168.753703279464,3763.3289846660095,1405.4247186134548,2075.0,410.0,75.0,0,,,0.04942330002086237
199,C,14,14,14,8971.226,308,14,1,29,5267.469602115011,7076.226315786575,3631.4696021150103,3444.756713671563,1540.0,285.0,70.0,0,,,0.5227431999810506
199,CAz3,14,14,14,8005.57,382,14,1,29,5882.22823850002,5657.569797325939,3720.228238500019,1937.3415588259204,1910.0,368.0,70.0,0,,,0.22842890000902116
199,CAz4,14,14,14,8034.515,406,14,1,29,6059.15780822638,5539.5148257686715,3717.1578082263786,1822.357017542295,2030.0,395.0,70.0,0,,,0.12881249998463318
200,C,15,15,15,7687.515,268,15,1,29,5074.5264323263955,6021.514870337578,3629.5264323263946,2391.9884380111844,1340.0,251.0,75.0,0,,,0.5182311999960802
200,CAz3,15,15,15,7399.174,342,15,1,29,5746.0288004299355,5279.174493286872,3753.0288004299346,1526.1456928569373,1710.0,335.0,75.0,0,,,0.02342419998603873
200,CAz4,15,15,15,7866.642,419,15,1,29,6149.771554354609,5278.641824989217,3754.7715543546083,1523.870270634609,2095.0,418.0,75.0,0,,,0.022294599999440834
201,C,10,10,10,8101.265,386,10,1,29,5872.5264323263955,5741.265248371787,3629.5264323263946,2111.738816045392,1930.0,380.0,50.0,0,,,0.14038260001689196
201,CAz3,10,10,10,7723.802,432,10,1,29,6263.977327580932,5086.801797511194,3698.977327580931,1387.8244699302634,2160.0,427.0,50.0,0,,,0.039165399997727945
201,CAz4,10,10,10,7921.6,483,10,1,29,6606.957544001425,4975.600188742861,3742.9575440014255,1232.6426447414347,2415.0,481.0,50.0,0,,,0.026229500013869256
202,C,15,15,15,8406.731,264,15,1,29,4978.526432326395,6769.730753408867,3629.5264323263946,3140.204321082477,1320.0,242.0,75.0,0,,,0.5681730999785941
202,CAz3,15,15,15,7056.932,305,15,1,29,5430.476406523036,5153.932452571744,3632.4764065230356,1521.456046048709,1525.0,303.0,75.0,0,,,0.21590699997614138
202,CAz4,15,15,15,7473.879,376,15,1,29,5884.776926210273,5149.878564132661,3679.7769262102724,1470.1016379223893,1880.0,369.0,75.0,0,,,0.050215499999467283
203,C,10,10,10,8331.708,388,10,1,29,5824.5264323263955,5966.707974770288,3629.5264323263946,2337.181542443893,1940.0,375.0,50.0,0,,,0.35496820000116713
203,CAz3,10,10,10,8063.96,432,10,1,29,6130.526432326396,5431.959740804171,3629.5264323263946,1802.433308477777,2160.0,422.0,50.0,0,,,0.30253149999771267
203,CAz4,10,10,10,7942.189,455,10,1,29,6396.10339140767,5171.188682330291,3706.1033914076693,1465.0852909226235,2275.0,446.0,50.0,0,,,0.2264955000136979
204,C,15,15,15,8264.961,342,15,1,29,5424.678953888073,6171.960895460483,3650.678953888072,2521.28194157241,1710.0,308.0,75.0,0,,,0.9732985000009649
204,CAz3,15,15,15,7578.162,366,15,1,29,5906.447182601145,5312.161533401377,3739.4471826011445,1572.714350800233,1830.0,361.0,75.0,0,,,0.1305585000081919
204,CAz4,15,15,15,7571.794,389,15,1,29,6001.52435935925,5165.793552134339,3739.5243593592477,1426.2691927750907,1945.0,386.0,75.0,0,,,0.09812689997488633
205,C,12,12,12,8666.396,366,12,1,29,5617.185528030333,6438.395715222761,3633.1855280303325,2805.2101871924324,1830.0,338.0,60.0,0,,,0.5744879999838304
205,CAz3,12,12,12,8022.718,406,12,1,29,6009.917354178182,5539.7181642495425,3661.9173541781806,1877.8008100713616,2030.0,393.0,60.0,0,,,0.3949591999989934
205,CAz4,12,12,12,7921.392,411,12,1,29,6087.382655878769,5404.391579756106,3661.3826558787678,1743.0089238773373,2055.0,402.0,60.0,0,,,0.2627393000002485
206,C,14,14,14,7473.062,295,14,1,29,5201.859225095881,5654.062111251207,3637.85922509588,2016.2028861553276,1475.0,274.0,70.0,0,,,0.4662685000221245
206,CAz3,14,14,14,7686.851,350,14,1,29,5602.859319577261,5532.850918078459,3637.859319577261,1894.991598501201,1750.0,334.0,70.0,0,,,0.5615536000113934
206,CAz4,14,14,14,7651.614,394,14,1,29,5877.720696478807,5228.614155986363,3662.720696478807,1565.893459507557,1970.0,383.0,70.0,0,,,0.14659669998218305
207,C,15,15,15,7557.723,305,15,1,29,5244.614966861187,5679.722538881317,3633.614966861187,2046.1075720201325,1525.0,278.0,75.0,0,,,0.6168313999951351
207,CAz3,15,15,15,7585.76,340,15,1,29,5572.671536887964,5493.75962321173,3674.671536887964,1819.088086323768,1700.0,317.0,75.0,0,,,0.2308760000159964
207,CAz4,15,15,15,7482.648,401,15,1,29,5933.333041861253,5006.647972425706,3675.3330418612522,1331.3149305644538,2005.0,396.0,75.0,0,,,0.046822400006931275
208,C,15,15,15,8676.802,318,15,1,29,5405.608531522755,6710.801605881284,3667.6085315227538,3043.193074358531,1590.0,301.0,75.0,0,,,0.614341600012267
208,CAz3,15,15,15,7635.953,355,15,1,29,5854.941478989331,5432.953036909499,3735.94147898933,1697.0115579201686,1775.0,353.0,75.0,0,,,0.1570511999889277
208,CAz4,15,15,15,7724.913,367,15,1,29,6004.6126397436865,5448.912853427666,3784.612639743686,1664.3002136839793,1835.0,366.0,75.0,0,,,0.041637000016635284
209,C,14,14,14,9240.622,425,14,1,29,5911.974722968471,6637.6218450439355,3645.9747229684695,2991.647122075466,2125.0,408.0,70.0,0,,,0.38386510001146235
209,CAz3,14,14,14,8427.703,478,14,1,29,6430.3557283731925,5501.702591902411,3711.355728373193,1790.346863529217,2390.0,466.0,70.0,0,,,0.1420298000157345
209,CAz4,14,14,14,8397.409,484,14,1,29,6507.036988320242,5429.409454918048,3710.036988320243,1719.3724665978027,2420.0,478.0,70.0,0,,,0.046351099997991696
210,C,10,10,10,7866.077,387,10,1,29,5878.5264323263955,5498.077477877443,3629.5264323263946,1868.5510455510478,1935.0,383.0,50.0,0,,,0.24228950001997873
210,CAz3,10,10,10,8158.023,456,10,1,29,6274.909874269368,5383.023212900755,3642.909874269366,1740.1133386313888,2280.0,445.0,50.0,0,,,0.12215730000752956
210,CAz4,10,10,10,8370.051,496,10,1,29,6508.987610520076,5348.051101838239,3642.9876105200733,1705.0634913181668,2480.0,492.0,50.0,0,,,0.06087570000090636
211,C,10,10,10,8099.44,377,10,1,29,5790.893970709593,5797.440497055475,3632.8939707095924,2164.5465263458836,1885.0,367.0,50.0,0,,,0.2830788000137545
211,CAz3,10,10,10,8056.48,435,10,1,29,6231.372238352885,5406.4798675186175,3685.372238352885,1721.1076291657325,2175.0,425.0,50.0,0,,,0.334788700012723
211,CAz4,10,10,10,7893.04,500,10,1,29,6707.30699562595,4854.040417416902,3756.306995625948,1097.7334217909556,2500.0,489.0,50.0,0,,,0.20333650000975467
212,C,11,11,11,7694.838,333,11,1,29,5566.5264323263955,5644.837544814894,3629.5264323263946,2015.3111124884988,1665.0,330.0,55.0,0,,,0.13293309998698533
212,CAz3,11,11,11,7013.966,416,11,1,29,6145.937005659122,4472.966262908106,3696.9370056591206,776.0292572489844,2080.0,406.0,55.0,0,,,0.06155909999506548
212,CAz4,11,11,11,7315.863,466,11,1,29,6407.387079151594,4469.863230249204,3694.387079151592,775.4761510976138,2330.0,461.0,55.0,0,,,0.1030085000093095
213,C,16,16,16,5367.57,230,16,1,29,2044.3570454172489,3912.5701731794607,1235.3570454172489,2677.2131277622125,1150.0,225.0,80.0,0,,,0.43799040000885725
213,CAz3,16,16,16,6178.087,332,16,1,29,2226.2095639263457,4109.087184518639,1256.2095639263455,2852.877620592294,1660.0,329.0,80.0,0,,,0.4199078000092413
213,CAz4,16,16,16,6144.238,327,16,1,29,2262.2095639263457,4104.238208048397,1256.2095639263455,2848.0286441220496,1635.0,325.0,80.0,0,,,0.29581109998980537
214,C,11,11,11,8295.531,375,11,1,29,5844.616450169439,5996.530942126853,3662.6164501694384,2333.9144919574132,1875.0,369.0,55.0,0,,,0.15023430000292137
214,CAz3,11,11,11,7716.422,397,11,1,29,6049.461785607483,5280.422402305093,3664.461785607482,1615.9606166976096,1985.0,396.0,55.0,0,,,0.02484190001268871
214,CAz4,11,11,11,7979.061,448,11,1,29,6307.461785607483,5244.060629090067,3664.461785607482,1579.5988434825836,2240.0,440.0,55.0,0,,,0.008993499999633059
215,C,14,14,14,8713.207,329,14,1,29,5470.5264323263955,6678.2068161228335,3629.5264323263946,3048.6803837964408,1645.0,320.0,70.0,0,,,0.43177309999009594
215,CAz3,14,14,14,7714.002,388,14,1,29,5841.328276336249,5324.002428157562,3659.3282763362477,1664.6741518213134,1940.0,380.0,70.0,0,,,0.3300858000002336
215,CAz4,14,14,14,7946.913,442,14,1,29,6173.1607375828435,5233.912538946231,3712.1607375828435,1521.7518013633871,2210.0,433.0,70.0,0,,,0.19213670000317506
216,C,14,14,14,7789.013,311,14,1,29,5362.5264323263955,5868.013394442672,3629.5264323263946,2238.486962116278,1555.0,296.0,70.0,0,,,0.17831080002360977
216,CAz3,14,14,14,8202.202,419,14,1,29,6037.70560908824,5625.2022004475175,3639.705609088238,1985.4965913592805,2095.0,412.0,70.0,0,,,0.13057020000997
216,CAz4,14,14,14,8781.469,460,14,1,29,6320.295118434437,5961.469197985483,3665.2951184344356,2296.174079551046,2300.0,450.0,70.0,0,,,0.08133799998904578
217,C,10,10,10,8028.79,399,10,1,29,5943.538355144833,5590.789781929374,3629.538355144832,1961.2514267845418,1995.0,393.0,50.0,0,,,0.25591069998336025
217,CAz3,10,10,10,8311.545,470,10,1,29,6405.333193424746,5446.544735348721,3679.3331934247453,1767.211541923976,2350.0,465.0,50.0,0,,,0.1458615000010468
217,CAz4,10,10,10,8491.184,502,10,1,29,6530.6423484978695,5434.183845211641,3629.6423484978677,1804.5414967137735,2510.0,497.0,50.0,0,,,0.1528600000019651
218,C,11,11,11,7822.61,377,11,1,29,5785.879211086419,5519.609536109479,3645.8792110864188,1873.7303250230623,1885.0,363.0,55.0,0,,,0.4355883000243921
218,CAz3,11,11,11,7820.548,420,11,1,29,6122.079925611239,5255.548099776889,3666.0799256112387,1589.4681741656518,2100.0,410.0,55.0,0,,,0.2929424000030849
218,CAz4,11,11,11,7937.611,471,11,1,29,6393.459891133213,5058.611215723725,3667.459891133213,1391.1513245905126,2355.0,469.0,55.0,0,,,0.05791279999539256
219,C,12,12,12,8207.025,343,12,1,29,5602.5264323263955,6095.02466735311,3629.5264323263946,2465.498235026718,1715.0,337.0,60.0,0,,,0.2779177000047639
219,CAz3,12,12,12,8277.561,419,12,1,29,6168.393969558475,5712.5607354861395,3717.393969558474,1995.166765927666,2095.0,410.0,60.0,0,,,0.13220969997928478
219,CAz4,12,12,12,8298.816,464,12,1,29,6462.4245410207,5460.816005403647,3731.4245410206995,1729.391464382949,2320.0,458.0,60.0,0,,,0.06311029999051243
220,C,12,12,12,8488.27,372,12,1,29,5715.227343707167,6216.269689095268,3659.2273437071667,2557.0423453881035,1860.0,352.0,60.0,0,,,0.3653407999954652
220,CAz3,12,12,12,7796.559,411,12,1,29,6083.790369080313,5278.55871754928,3687.790369080312,1590.7683484689683,2055.0,403.0,60.0,0,,,0.22048819999326952
220,CAz4,12,12,12,7856.332,432,12,1,29,6252.149068658429,5209.33190759801,3688.149068658429,1521.1828389395807,2160.0,427.0,60.0,0,,,0.06783439998980612
221,C,13,13,13,8385.941,341,13,1,29,5619.865606008058,6283.941211659685,3677.8656060080575,2606.0756056516266,1705.0,332.0,65.0,0,,,0.3039647999976296
221,CAz3,13,13,13,8461.941,416,13,1,29,5947.20521245096,5907.941466048355,3700.205212450959,2207.736253597395,2080.0,409.0,65.0,0,,,0.15003240000805818
221,CAz4,13,13,13,8869.0,487,13,1,29,6307.205212450961,5887.000482506206,3700.205212450959,2186.7952700552482,2435.0,482.0,65.0,0,,,0.12591729999985546
222,C,10,10,10,7782.001,383,10,1,29,5836.5264323263955,5442.001222085427,3629.5264323263946,1812.4747897590323,1915.0,375.0,50.0,0,,,0.26200849999440834
222,CAz3,10,10,10,7963.168,456,10,1,29,6398.753832812585,5179.168188314568,3671.753832812584,1507.4143555019832,2280.0,454.0,50.0,0,,,0.07657050000852905
222,CAz4,10,10,10,8088.737,483,10,1,29,6548.753832812585,5142.736993777658,3671.753832812584,1470.9831609650737,2415.0,481.0,50.0,0,,,0.03840729998773895
223,C,12,12,12,7082.343,317,12,1,29,5459.923395173368,5132.342977256918,3662.9233951733668,1469.4195820835537,1585.0,305.0,60.0,0,,,0.4004238999914378
223,CAz3,12,12,12,7499.797,396,12,1,29,6001.673561690632,5080.796510237482,3714.67356169063,1366.1229485468534,1980.0,379.0,60.0,0,,,0.21781970001757145
223,CAz4,12,12,12,7897.319,460,12,1,29,6271.673561690632,5079.318736412466,3714.67356169063,1364.645174721837,2300.0,458.0,60.0,0,,,0.18942280000192113
224,C,16,16,16,5979.456,291,16,1,29,2748.9524030940115,4157.455778003464,1724.9524030940117,2432.5033749094523,1455.0,287.0,80.0,0,,,0.5612628000089899
224,CAz3,16,16,16,6240.85,333,16,1,29,2915.955101348969,4170.850204583508,1724.9551013489697,2445.895103234538,1665.0,325.0,80.0,0,,,0.4471882000216283
224,CAz4,16,16,16,6429.321,380,16,1,29,3041.955101348969,4074.321396535679,1724.9551013489697,2349.3662951867095,1900.0,375.0,80.0,0,,,0.4592885000165552
225,C,15,15,15,8520.006,317,15,1,29,5378.676115946536,6564.005629231192,3676.676115946536,2887.329513284657,1585.0,296.0,75.0,0,,,0.5747789999877568
225,CAz3,15,15,15,7851.515,393,15,1,29,6002.9448561829995,5428.515041208019,3732.944856182998,1695.5701850250216,1965.0,383.0,75.0,0,,,0.09028659999603406
225,CAz4,15,15,15,8051.463,443,15,1,29,6313.474466285174,5323.4634689440745,3756.474466285172,1566.9890026589012,2215.0,438.0,75.0,0,,,0.05639899999368936
226,C,14,14,14,7500.709,314,14,1,29,5416.5264323263955,5554.708614124202,3629.5264323263946,1925.182181797807,1570.0,306.0,70.0,0,,,0.25554689997807145
226,CAz3,14,14,14,7744.758,377,14,1,29,5799.104834339109,5422.758109566924,3635.1048343391076,1787.653275227817,1885.0,367.0,70.0,0,,,0.2088577999966219
226,CAz4,14,14,14,8268.772,470,14,1,29,6342.7257287804805,5381.772354800812,3675.7257287804787,1706.0466260203323,2350.0,467.0,70.0,0,,,0.11497070000041276
227,C,12,12,12,8069.105,307,12,1,29,5332.5264323263955,6182.105240000273,3629.5264323263946,2552.5788076738804,1535.0,292.0,60.0,0,,,0.33946769998874515
227,CAz3,12,12,12,7540.199,393,12,1,29,5982.08850829496,5126.198579524007,3670.088508294959,1456.110071229048,1965.0,389.0,60.0,0,,,0.12016130000120029
227,CAz4,12,12,12,7498.216,410,12,1,29,6252.221810027896,4981.215635673597,3787.2218100278956,1193.9938256457021,2050.0,407.0,60.0,0,,,0.034627199987880886
228,C,15,15,15,6897.552,222,15,1,29,4871.232859406392,5496.552418863599,3643.232859406392,1853.3195594572064,1110.0,216.0,75.0,0,,,0.38516549998894334
228,CAz3,15,15,15,7013.159,351,15,1,29,5687.5474475654155,4833.158696216479,3657.5474475654146,1175.6112486510638,1755.0,350.0,75.0,0,,,0.07571900001494214
228,CAz4,15,15,15,7437.549,422,15,1,29,6040.900610814146,4832.5487483261495,3656.900610814144,1175.6481375120056,2110.0,420.0,75.0,0,,,0.09033640002598986
229,C,15,15,15,8636.307,314,15,1,29,5266.5264323263955,6705.307109231023,3629.5264323263946,3075.78067690463,1570.0,286.0,75.0,0,,,0.6961364000162575
229,CAz3,15,15,15,8416.155,408,15,1,29,5855.425217453146,5901.154516750221,3631.425217453145,2269.729299297077,2040.0,400.0,75.0,0,,,0.5277485999977216
229,CAz4,15,15,15,8268.617,441,15,1,29,6197.219861471702,5553.617032895093,3645.219861471701,1908.3971714233926,2205.0,435.0,75.0,0,,,0.08705249999184161
230,C,13,13,13,8072.607,358,13,1,29,5638.5264323263955,5873.607262923962,3629.5264323263946,2244.080830597567,1790.0,344.0,65.0,0,,,0.4033734000113327
230,CAz3,13,13,13,7956.471,421,13,1,29,6212.01830067292,5370.470917415461,3715.0183006729194,1655.4526167425424,2105.0,416.0,65.0,0,,,0.2237946999957785
230,CAz4,13,13,13,7888.54,426,13,1,29,6265.1097442752025,5268.540015560444,3714.1097442752016,1554.4302712852425,2130.0,425.0,65.0,0,,,0.16847030000644736
231,C,11,11,11,8595.844,358,11,1,29,5690.484177908675,6401.843979763208,3652.4841779086746,2749.3598018545354,1790.0,349.0,55.0,0,,,0.23836909999954514
231,CAz3,11,11,11,7642.071,379,11,1,29,5906.114006683628,5315.0712183990545,3653.114006683626,1661.9572117154275,1895.0,377.0,55.0,0,,,0.12380279999342747
231,CAz4,11,11,11,7905.247,431,11,1,29,6229.605202999412,5269.246545804106,3683.60520299941,1585.6413428046956,2155.0,426.0,55.0,0,,,0.020286699989810586
232,C,11,11,11,7456.418,360,11,1,29,5712.074474274455,5249.417659359826,3644.0744742744537,1605.343185085372,1800.0,352.0,55.0,0,,,0.3526498000137508
232,CAz3,11,11,11,7838.132,442,11,1,29,6174.0744742744555,5140.132091590594,3644.0744742744537,1496.05761731614,2210.0,433.0,55.0,0,,,0.15395059998263605
232,CAz4,11,11,11,7757.374,439,11,1,29,6235.938485564788,5075.373797444385,3652.938485564786,1422.4353118795984,2195.0,432.0,55.0,0,,,0.09345990000292659
233,C,16,16,16,6782.122,213,16,1,29,3910.519467305252,5433.122366692193,2748.519467305252,2684.602899386941,1065.0,204.0,80.0,0,,,0.4464010999945458
233,CAz3,16,16,16,6719.272,305,16,1,29,4460.060395027837,4820.27238740293,2790.0603950278373,2030.211992375093,1525.0,294.0,80.0,0,,,0.16900009999517351
233,CAz4,16,16,16,7014.993,390,16,1,29,4838.435000565287,4596.992628368173,2804.4350005652873,1792.5576278028868,1950.0,388.0,80.0,0,,,0.08856239999295212
234,C,11,11,11,8069.3,409,11,1,29,5908.5264323263955,5581.300068945773,3629.5264323263946,1951.7736366193803,2045.0,388.0,55.0,0,,,0.30107200000202283
234,CAz3,11,11,11,8102.015,467,11,1,29,6291.849667465995,5255.0148955342875,3666.849667465993,1588.1652280682945,2335.0,457.0,55.0,0,,,0.18543399998452514
234,CAz4,11,11,11,8317.218,535,11,1,29,6697.860624776969,5056.218101043352,3690.86062477697,1365.3574762663818,2675.0,531.0,55.0,0,,,0.18497610001941212
235,C,11,11,11,7769.415,371,11,1,29,5752.5264323263955,5498.415068399652,3629.5264323263946,1868.888636073257,1855.0,361.0,55.0,0,,,0.3188527000020258
235,CAz3,11,11,11,7748.465,423,11,1,29,6058.764810040658,5167.465161987366,3631.764810040657,1535.7003519467087,2115.0,411.0,55.0,0,,,0.15204430001904257
235,CAz4,11,11,11,7950.092,459,11,1,29,6297.491976770112,5148.092412239557,3649.4919767701117,1498.6004354694453,2295.0,452.0,55.0,0,,,0.09477730002254248
236,C,13,13,13,8042.354,330,13,1,29,5554.5264323263955,6000.353988817045,3629.5264323263946,2370.82755649065,1650.0,327.0,65.0,0,,,0.17688120002276264
236,CAz3,13,13,13,7835.008,379,13,1,29,5902.952481091294,5499.008005548447,3672.952481091294,1826.0555244571547,1895.0,376.0,65.0,0,,,0.1404655999795068
236,CAz4,13,13,13,8129.973,461,13,1,29,6348.468980906001,5304.97349652065,3699.468980906001,1605.50451561465,2305.0,455.0,65.0,0,,,0.06997429998591542
237,C,15,15,15,8217.306,268,15,1,29,5062.5264323263955,6547.305812259136,3629.5264323263946,2917.7793799327433,1340.0,255.0,75.0,0,,,0.39510739999241196
237,CAz3,15,15,15,7507.491,321,15,1,29,5559.474434628948,5515.490788826282,3715.4744346289476,1800.0163541973345,1605.0,312.0,75.0,0,,,0.2893325999903027
237,CAz4,15,15,15,7848.083,407,15,1,29,6026.796888122003,5332.083071961786,3714.796888122002,1617.2861838397846,2035.0,406.0,75.0,0,,,0.06667790000210516
238,C,11,11,11,7658.797,381,11,1,29,5794.5264323263955,5329.796987663734,3629.5264323263946,1700.2705553373369,1905.0,369.0,55.0,0,,,0.2548260999901686
238,CAz3,11,11,11,7451.839,427,11,1,29,6216.994477024351,4841.839441971123,3695.99447702435,1145.8449649467723,2135.0,420.0,55.0,0,,,0.06371379998745397
238,CAz4,11,11,11,7542.971,443,11,1,29,6336.811414055375,4836.971478039746,3695.8114140553735,1141.1600639843734,2215.0,436.0,55.0,0,,,0.024011500005144626
239,C,11,11,11,7915.776,371,11,1,29,5679.741865229534,5656.776488250903,3629.741865229533,2027.0346230213727,1855.0,349.0,55.0,0,,,0.5069220000004862
239,CAz3,11,11,11,8155.725,429,11,1,29,5991.741865229534,5537.7249071977885,3629.741865229533,1907.983041968257,2145.0,418.0,55.0,0,,,0.2675739000260364
239,CAz4,11,11,11,7712.176,413,11,1,29,6085.8674372892165,5187.175527386047,3640.8674372892146,1546.3080900968337,2065.0,405.0,55.0,0,,,0.015606800006935373
240,C,11,11,11,7914.862,382,11,1,29,5818.5264323263955,5577.861976267386,3629.5264323263946,1948.3355439409922,1910.0,372.0,55.0,0,,,0.3425952999969013
240,CAz3,11,11,11,8159.706,453,11,1,29,6331.173011893485,5392.706284671474,3645.173011893483,1747.5332727779924,2265.0,447.0,55.0,0,,,0.15702449998934753
240,CAz4,11,11,11,8585.397,524,11,1,29,6691.256954188742,5393.3974053563115,3645.25695418874,1748.140451167572,2620.0,517.0,55.0,0,,,0.23628110002027825
241,C,12,12,12,7529.68,359,12,1,29,5759.60001475247,5318.679942877187,3655.60001475247,1663.0799281247182,1795.0,356.0,60.0,0,,,0.20705379999708384
241,CAz3,12,12,12,7277.18,372,12,1,29,5952.014723206383,4986.179577911948,3701.0147232063828,1285.1648547055656,1860.0,371.0,60.0,0,,,0.01152100000763312
241,CAz4,12,12,12,7635.465,432,12,1,29,6246.703806126062,4984.464707164437,3701.703806126061,1282.7609010383762,2160.0,431.0,60.0,0,,,0.026785599999129772
242,C,15,15,15,7592.458,240,15,1,29,4906.526432326395,6090.458476410068,3629.5264323263946,2460.9320440836746,1200.0,227.0,75.0,0,,,0.46271969997906126
242,CAz3,15,15,15,7670.37,336,15,1,29,5688.534743348197,5582.369986736337,3717.5347433481966,1864.83524338814,1680.0,333.0,75.0,0,,,0.3170203000190668
242,CAz4,15,15,15,7940.502,378,15,1,29,5930.360563851395,5606.501760442838,3720.3605638513955,1886.1411965914433,1890.0,369.0,75.0,0,,,0.09908359998371452
243,C,11,11,11,8058.753,396,11,1,29,5866.5264323263955,5641.75250268002,3629.5264323263946,2012.2260703536272,1980.0,382.0,55.0,0,,,0.6028556000092067
243,CAz3,11,11,11,7908.457,431,11,1,29,6191.687513623349,5279.457081323484,3680.6875136233475,1598.7695677001373,2155.0,419.0,55.0,0,,,0.2342689000070095
243,CAz4,11,11,11,7749.866,454,11,1,29,6370.812118285994,4982.866306507278,3704.8121182859923,1278.0541882212854,2270.0,442.0,55.0,0,,,0.2865356999973301
244,C,11,11,11,7828.846,329,11,1,29,5506.5264323263955,5806.8463277324745,3629.5264323263946,2177.3198954060786,1645.0,322.0,55.0,0,,,0.26867039999342524
244,CAz3,11,11,11,8054.852,435,11,1,29,6165.566491360067,5399.85189741553,3751.566491360065,1648.2854060554662,2175.0,425.0,55.0,0,,,0.26083199999993667
244,CAz4,11,11,11,7752.517,447,11,1,29,6440.242482377874,5023.517253402749,3799.2424823778733,1224.2747710248757,2235.0,439.0,55.0,0,,,0.09320199998910539
245,C,14,14,14,7550.92,321,14,1,29,5428.5264323263955,5563.920162056573,3629.5264323263946,1934.3937297301786,1605.0,312.0,70.0,0,,,0.3856268000090495
245,CAz3,14,14,14,7519.317,382,14,1,29,5889.141739556524,5166.317303213634,3656.141739556522,1510.175563657111,1910.0,373.0,70.0,0,,,0.0810007999825757
245,CAz4,14,14,14,7721.241,421,14,1,29,6146.322543213179,5129.240732057846,3711.322543213178,1417.9181888446667,2105.0,417.0,70.0,0,,,0.12191919999895617
246,C,14,14,14,7716.763,295,14,1,29,5206.5264323263955,5898.763222104521,3629.5264323263946,2269.236789778129,1475.0,273.0,70.0,0,,,0.5667145999905188
246,CAz3,14,14,14,8295.887,401,14,1,29,5814.847722119187,5841.887443441864,3681.847722119187,2160.0397213226815,2005.0,379.0,70.0,0,,,0.4168084999837447
246,CAz4,14,14,14,8428.924,479,14,1,29,6448.571450047173,5497.924138198471,3759.5714500471727,1738.3526881513017,2395.0,466.0,70.0,0,,,0.2874998999759555
247,C,11,11,11,7951.658,383,11,1,29,5788.5264323263955,5612.657933691109,3629.5264323263946,1983.1315013647147,1915.0,369.0,55.0,0,,,0.48723709999467246
247,CAz3,11,11,11,7382.587,391,11,1,29,5988.072582800237,4982.58684222024,3646.072582800236,1336.5142594200054,1955.0,390.0,55.0,0,,,0.1189748999895528
247,CAz4,11,11,11,7579.622,429,11,1,29,6210.072582800237,4955.621818971537,3646.072582800236,1309.5492361713004,2145.0,424.0,55.0,0,,,0.023438599979272112
248,C,11,11,11,8138.917,382,11,1,29,5854.440071744132,5798.917443094429,3631.4400717441313,2167.477371350296,1910.0,375.0,55.0,0,,,0.16839269999763928
248,CAz3,11,11,11,7396.489,395,11,1,29,6072.846383405771,4976.4886379793015,3733.8463834057698,1242.6422545735313,1975.0,390.0,55.0,0,,,0.058069199993042275
248,CAz4,11,11,11,7311.788,427,11,1,29,6268.664002893399,4695.787782152392,3738.664002893397,957.1237792589951,2135.0,426.0,55.0,0,,,0.054002300021238625
249,C,10,10,10,7920.495,371,10,1,29,5704.5264323263955,5660.495053250311,3629.5264323263946,2030.9686209239155,1855.0,355.0,50.0,0,,,0.421005200012587
249,CAz3,10,10,10,7622.715,406,10,1,29,5945.808872771345,5143.715142513901,3667.808872771344,1475.906269742556,2030.0,399.0,50.0,0,,,0.19398420001380146
249,CAz4,10,10,10,7445.36,400,10,1,29,6142.181369900582,5001.35973525553,3753.1813699005806,1248.1783653549487,2000.0,394.0,50.0,0,,,0.05837250000331551
250,C,10,10,10,8323.917,428,10,1,29,6112.526432326396,5712.917380421141,3629.5264323263946,2083.390948094749,2140.0,421.0,50.0,0,,,0.19123329999274574
250,CAz3,10,10,10,7911.668,460,10,1,29,6404.181039709105,5108.668014800107,3689.181039709104,1419.486975091005,2300.0,453.0,50.0,0,,,0.15762420001556166
250,CAz4,10,10,10,8063.503,523,10,1,29,6797.1920778625035,4878.502655918294,3723.1920778625035,1155.3105780557914,2615.0,520.0,50.0,0,,,0.036787399993045256
251,C,13,13,13,7718.446,312,13,1,29,5398.5264323263955,5789.445910794922,3629.5264323263946,2159.9194784685264,1560.0,304.0,65.0,0,,,0.3304589999897871
251,CAz3,13,13,13,7731.623,397,13,1,29,5945.0878500832905,5292.623132436312,3643.0878500832896,1649.5352823530231,1985.0,389.0,65.0,0,,,0.18748319998849183
251,CAz4,13,13,13,8054.559,453,13,1,29,6197.0878500832905,5280.558861376362,3643.0878500832896,1637.4710112930725,2265.0,444.0,65.0,0,,,0.216648699977668
252,C,11,11,11,7615.924,367,11,1,29,5770.5264323263955,5362.924074764701,3629.5264323263946,1733.3976424383063,1835.0,363.0,55.0,0,,,0.3021666999848094
252,CAz3,11,11,11,7757.332,427,11,1,29,6160.048127848179,5147.332284991155,3637.0481278481775,1510.2841571429763,2135.0,420.0,55.0,0,,,0.021668100001988932
252,CAz4,11,11,11,8184.745,498,11,1,29,6550.7464265209155,5144.744978981069,3637.7464265209146,1506.9985524601539,2490.0,495.0,55.0,0,,,0.017738299997290596
253,C,12,12,12,8118.662,371,12,1,29,5712.083376678251,5852.662176860022,3644.0833766782507,2208.57880018177,1855.0,351.0,60.0,0,,,0.5765059999830555
253,CAz3,12,12,12,8361.067,443,12,1,29,6186.393198887089,5662.066762687352,3675.3931988870886,1986.6735638002656,2215.0,424.0,60.0,0,,,0.6065494000213221
253,CAz4,12,12,12,8258.693,477,12,1,29,6480.393198887089,5341.692790093553,3675.3931988870886,1666.2995912064648,2385.0,472.0,60.0,0,,,0.024384999996982515
254,C,14,14,14,8640.823,344,14,1,29,5500.5264323263955,6530.823287271386,3629.5264323263946,2901.296854944991,1720.0,320.0,70.0,0,,,0.5487376000091899
254,CAz3,14,14,14,8921.779,438,14,1,29,5962.393201970353,6233.778668198733,3661.393201970352,2572.385466228382,2190.0,428.0,70.0,0,,,0.23203840001951903
254,CAz4,14,14,14,9256.713,513,14,1,29,6370.721859793352,6116.712667213749,3711.7218597933497,2404.9908074203972,2565.0,505.0,70.0,0,,,0.1760972999909427
255,C,13,13,13,8072.154,319,13,1,29,5404.5264323263955,6106.153611932377,3629.5264323263946,2476.6271796059827,1595.0,306.0,65.0,0,,,0.31466900001396425
255,CAz3,13,13,13,8110.432,387,13,1,29,5851.382551496496,5738.431898617399,3688.3825514964938,2050.049347120904,1935.0,372.0,65.0,0,,,0.17554500000551343
255,CAz4,13,13,13,8158.724,428,13,1,29,6337.238949225572,5532.723647473866,3842.2389492255697,1690.484698248296,2140.0,421.0,65.0,0,,,0.04664419998880476
256,C,11,11,11,7905.836,373,11,1,29,5758.5264323263955,5622.836145708059,3629.5264323263946,1993.3097133816666,1865.0,363.0,55.0,0,,,0.280197699990822
256,CAz3,11,11,11,7729.06,422,11,1,29,6152.913385704718,5143.060395632986,3629.9133857047163,1513.1470099282687,2110.0,421.0,55.0,0,,,0.04673739999998361
256,CAz4,11,11,11,8056.774,481,11,1,29,6440.913385704718,5121.773899111146,3629.9133857047163,1491.86051340643,2405.0,475.0,55.0,0,,,0.026724499999545515
257,C,13,13,13,7834.642,320,13,1,29,5386.5264323263955,5866.641736597455,3629.5264323263946,2237.1153042710607,1600.0,303.0,65.0,0,,,0.4549603999766987
257,CAz3,13,13,13,7523.794,356,13,1,29,5806.02353242878,5324.794330828971,3697.0235324287787,1627.7707984001931,1780.0,354.0,65.0,0,,,0.16031979999388568
257,CAz4,13,13,13,7568.678,400,13,1,29,6026.788921479597,5106.67768033012,3702.788921479596,1403.8887588505245,2000.0,397.0,65.0,0,,,0.033181500009959564
258,C,10,10,10,7550.53,388,10,1,29,5914.5264323263955,5175.530080678491,3629.5264323263946,1546.0036483520985,1940.0,385.0,50.0,0,,,0.11416789999930188
258,CAz3,10,10,10,8005.039,468,10,1,29,6399.623546329834,5151.038660436522,3635.6235463298335,1515.4151141066882,2340.0,464.0,50.0,0,,,0.0803077999735251
258,CAz4,10,10,10,8038.942,492,10,1,29,6558.352732306593,5037.9415780839245,3639.3527323065928,1398.5888457773315,2460.0,491.0,50.0,0,,,0.028265500004636124
259,C,10,10,10,8320.164,380,10,1,29,5740.5264323263955,6009.163897689549,3629.5264323263946,2379.6374653631556,1900.0,361.0,50.0,0,,,0.4719069999991916
259,CAz3,10,10,10,7686.515,428,10,1,29,6260.553841703064,5077.515248249731,3733.553841703062,1343.9614065466703,2140.0,419.0,50.0,0,,,0.18843410001136363
259,CAz4,10,10,10,7804.167,474,10,1,29,6610.015719368081,4915.166880370012,3766.015719368078,1149.1511610019347,2370.0,469.0,50.0,0,,,0.011535099998582155
260,C,10,10,10,8374.998,385,10,1,29,5830.5264323263955,6024.9980696822895,3629.5264323263946,2395.471637355895,1925.0,375.0,50.0,0,,,0.3344228000205476
260,CAz3,10,10,10,7805.811,446,10,1,29,6368.260710921635,5080.810943177262,3690.260710921633,1390.5502322556288,2230.0,445.0,50.0,0,,,0.052214100025594234
260,CAz4,10,10,10,7885.961,461,10,1,29,6459.567930502142,5072.960936388562,3691.5679305021413,1381.3930058864207,2305.0,458.0,50.0,0,,,0.016715899982955307
261,C,14,14,14,8102.162,339,14,1,29,5488.5264323263955,6016.1616230925165,3629.5264323263946,2386.6351907661224,1695.0,321.0,70.0,0,,,0.5750258999760263
261,CAz3,14,14,14,7818.932,384,14,1,29,5895.631346699252,5457.931598261562,3681.6313466992515,1776.3002515623116,1920.0,371.0,70.0,0,,,0.1846069000021089
261,CAz4,14,14,14,7611.416,405,14,1,29,6095.953470158212,5112.416361480927,3690.953470158212,1421.462891322715,2025.0,404.0,70.0,0,,,0.1094710000033956
262,C,11,11,11,7927.598,340,11,1,29,5590.5264323263955,5836.598274033189,3629.5264323263946,2207.071841706796,1700.0,336.0,55.0,0,,,0.25876970001263544
262,CAz3,11,11,11,7835.832,417,11,1,29,6142.32653875725,5281.831814479895,3661.3265387572505,1620.5052757226445,2085.0,414.0,55.0,0,,,0.15650399998412468
262,CAz4,11,11,11,7830.239,443,11,1,29,6288.085362283383,5125.238964222859,3682.0853622833815,1443.153601939477,2215.0,435.0,55.0,0,,,0.06976730001042597
263,C,13,13,13,7800.519,314,13,1,29,5326.5264323263955,5874.518650360748,3629.5264323263946,2244.9922180343556,1570.0,291.0,65.0,0,,,0.47484919999260455
263,CAz3,13,13,13,7396.407,353,13,1,29,5767.538732724481,5214.406794083398,3658.5387327244803,1555.8680613589195,1765.0,352.0,65.0,0,,,0.06268169998656958
263,CAz4,13,13,13,7526.024,376,13,1,29,5916.790774196629,5206.024229674585,3657.790774196628,1548.2334554779572,1880.0,375.0,65.0,0,,,0.04920439998386428
264,C,10,10,10,8227.555,421,10,1,29,5992.5264323263955,5670.554840488865,3629.5264323263946,2041.0284081624704,2105.0,402.0,50.0,0,,,0.3299674000008963
264,CAz3,10,10,10,7608.584,432,10,1,29,6199.056039095867,4968.583667396311,3639.056039095866,1329.527628300444,2160.0,430.0,50.0,0,,,0.10722619999432936
264,CAz4,10,10,10,7748.104,445,10,1,29,6259.056039095867,5035.104448206195,3639.056039095866,1396.0484091103287,2225.0,438.0,50.0,0,,,0.1147198999824468
265,C,11,11,11,7784.917,331,11,1,29,5526.201021417944,5749.91695682568,3632.2010214179427,2117.71593540774,1655.0,325.0,55.0,0,,,0.2185442000045441
265,CAz3,11,11,11,7544.821,407,11,1,29,5982.201021417944,5053.821333617622,3632.2010214179427,1421.6203121996798,2035.0,401.0,55.0,0,,,0.13629799999762326
265,CAz4,11,11,11,7653.504,426,11,1,29,6060.201021417944,5046.503761437691,3632.2010214179427,1414.3027400197468,2130.0,422.0,55.0,0,,,0.11537939999834634
266,C,10,10,10,8585.877,419,10,1,29,5913.571056590885,6054.877089271197,3629.571056590884,2425.306032680316,2095.0,386.0,50.0,0,,,0.5921732000133488
266,CAz3,10,10,10,7897.576,425,10,1,29,6105.571056590886,5307.576178014771,3629.571056590884,1678.005121423887,2125.0,415.0,50.0,0,,,0.22565710000344552
266,CAz4,10,10,10,7972.918,447,10,1,29,6207.571056590886,5249.917959917984,3629.571056590884,1620.3469033271008,2235.0,438.0,50.0,0,,,0.20513560000108555
267,C,12,12,12,8132.115,367,12,1,29,5671.304920061619,5890.115243550112,3651.304920061618,2238.8103234884934,1835.0,347.0,60.0,0,,,0.5314464000111911
267,CAz3,12,12,12,8218.693,446,12,1,29,6195.949491105721,5487.693245492707,3715.94949110572,1771.7437543869873,2230.0,441.0,60.0,0,,,0.4465839999902528
267,CAz4,12,12,12,8450.852,497,12,1,29,6502.837086983855,5414.852432324106,3753.8370869838536,1661.0153453402536,2485.0,491.0,60.0,0,,,0.3385738999932073
268,C,12,12,12,7870.271,338,12,1,29,5500.5264323263955,5798.271043687551,3629.5264323263946,2168.744611361159,1690.0,322.0,60.0,0,,,0.5505021999997552
268,CAz3,12,12,12,7894.69,444,12,1,29,6306.286604515807,5178.690403093972,3700.2866045158066,1478.4037985781665,2220.0,436.0,60.0,0,,,0.17281700001331046
268,CAz4,12,12,12,8062.553,485,12,1,29,6543.271821522888,5095.552819928189,3746.271821522887,1349.2809984053026,2425.0,482.0,60.0,0,,,0.09418889999506064
269,C,16,16,16,7010.4,229,16,1,29,3844.6002966268634,5578.400446333963,2723.6002966268634,2854.8001497071014,1145.0,207.0,80.0,0,,,0.5747224999940954
269,CAz3,16,16,16,6327.111,296,16,1,29,4385.385325305474,4474.111308730372,2769.385325305474,1704.725983424898,1480.0,293.0,80.0,0,,,0.23360110001522116
269,CAz4,16,16,16,6523.525,326,16,1,29,4618.211953830818,4490.525371921742,2799.211953830817,1691.313418090925,1630.0,323.0,80.0,0,,,0.17295829998329282
270,C,14,14,14,8500.15,337,14,1,29,5563.867916704301,6419.149624521254,3664.8679167043006,2754.2817078169546,1685.0,326.0,70.0,0,,,0.400913399993442
270,CAz3,14,14,14,7753.386,379,14,1,29,5988.731859114575,5412.385851371346,3731.731859114573,1680.6539922567722,1895.0,376.0,70.0,0,,,0.13672909999149852
270,CAz4,14,14,14,7629.819,386,14,1,29,6095.320791829831,5244.8187526201045,3761.3207918298303,1483.4979607902737,1930.0,385.0,70.0,0,,,0.06566429999656975
271,C,14,14,14,7892.142,310,14,1,29,5338.5264323263955,5975.142231632574,3629.5264323263946,2345.6157993061806,1550.0,297.0,70.0,0,,,0.5460779000131879
271,CAz3,14,14,14,7668.747,365,14,1,29,5901.630127845624,5413.74679731845,3758.630127845624,1655.1166694728274,1825.0,360.0,70.0,0,,,0.3710193000151776
271,CAz4,14,14,14,7957.335,412,14,1,29,6184.662357437496,5427.334601567695,3790.6623574374953,1636.672244130199,2060.0,400.0,70.0,0,,,0.3125137999886647
272,C,15,15,15,8085.936,298,15,1,29,5254.5264323263955,6239.93638287145,3629.5264323263946,2610.4099505450595,1490.0,281.0,75.0,0,,,0.40310550000867806
272,CAz3,15,15,15,7677.475,387,15,1,29,5872.4492348333215,5285.475226987593,3704.4492348333215,1581.0259921542697,1935.0,382.0,75.0,0,,,0.1593222999945283
272,CAz4,15,15,15,8134.361,466,15,1,29,6232.161193441291,5267.361493114124,3704.16119344129,1563.2002996728327,2330.0,462.0,75.0,0,,,0.12990670002182014
273,C,16,16,16,6254.193,214,16,1,29,3103.589175510358,4912.192797087521,2072.589175510358,2839.603621577165,1070.0,192.0,80.0,0,,,0.49506829999154434
273,CAz3,16,16,16,6419.894,290,16,1,29,3512.257782796655,4608.894249211324,2105.2577827966556,2503.6364664146686,1450.0,281.0,80.0,0,,,0.306757500016829
273,CAz4,16,16,16,6747.874,343,16,1,29,3650.257782796655,4613.873919401626,2105.2577827966556,2508.6161366049682,1715.0,339.0,80.0,0,,,0.1793852999981027
274,C,15,15,15,8131.816,285,15,1,29,5170.5264323263955,6364.816119197215,3629.5264323263946,2735.289686870825,1425.0,267.0,75.0,0,,,0.42871269999886863
274,CAz3,15,15,15,7770.535,323,15,1,29,5498.383069925979,5764.535428717696,3640.383069925979,2124.152358791721,1615.0,316.0,75.0,0,,,0.3104812999954447
274,CAz4,15,15,15,7609.999,367,15,1,29,5876.5519958150235,5334.9994803465715,3678.551995815023,1656.4474845315488,1835.0,365.0,75.0,0,,,0.1157142999873031
275,C,14,14,14,7858.331,321,14,1,29,5404.074968650803,5877.3309708517645,3630.0749686508025,2247.2560022009598,1605.0,306.0,70.0,0,,,0.7167756999842823
275,CAz3,14,14,14,7718.175,366,14,1,29,5831.214358685958,5460.174700936728,3688.214358685957,1771.9603422507716,1830.0,358.0,70.0,0,,,0.31652339998981915
275,CAz4,14,14,14,8201.273,459,14,1,29,6248.800804366239,5379.272606476077,3692.800804366238,1686.4718021098397,2295.0,457.0,70.0,0,,,0.28837080000084825
276,C,12,12,12,7767.989,324,12,1,29,5458.5264323263955,5772.988882366069,3629.5264323263946,2143.4624500396767,1620.0,315.0,60.0,0,,,0.40981640000245534
276,CAz3,12,12,12,7908.937,391,12,1,29,5922.168011430798,5509.9366598674105,3651.1680114307974,1858.7686484366145,1955.0,384.0,60.0,0,,,0.395435099984752
276,CAz4,12,12,12,7726.691,442,12,1,29,6350.759495767536,5023.691352873279,3729.7594957675356,1293.9318571057443,2210.0,433.0,60.0,0,,,0.17311490001156926
277,C,14,14,14,7647.655,310,14,1,29,5397.83439909423,5724.655409437944,3629.8343990942294,2094.8210103437164,1550.0,303.0,70.0,0,,,0.32973389999824576
277,CAz3,14,14,14,7767.986,378,14,1,29,5901.526515612336,5434.985749140268,3680.526515612335,1754.4592335279356,1890.0,373.0,70.0,0,,,0.11312230001203716
277,CAz4,14,14,14,7827.676,388,14,1,29,5961.526515612336,5434.675792481284,3680.526515612335,1754.1492768689493,1940.0,383.0,70.0,0,,,0.10637890000361949
278,C,12,12,12,8370.866,368,12,1,29,5660.147589539148,6127.866162374903,3647.1475895391463,2480.718572835757,1840.0,343.0,60.0,0,,,0.46591940001235344
278,CAz3,12,12,12,7437.444,371,12,1,29,5948.055526275432,5152.444046456296,3722.0555262754297,1430.3885201808666,1855.0,370.0,60.0,0,,,0.07279139998718165
278,CAz4,12,12,12,7282.619,399,12,1,29,6134.694740052912,4829.619249553314,3723.694740052909,1105.9245095004057,1995.0,398.0,60.0,0,,,0.042223500000545755
279,C,13,13,13,7954.191,358,13,1,29,5679.734789274142,5749.190915217327,3629.734789274142,2119.456125943185,1790.0,350.0,65.0,0,,,0.3460735999979079
279,CAz3,13,13,13,8122.27,415,13,1,29,6073.3618654801285,5579.270097456901,3689.3618654801276,1889.9082319767735,2075.0,403.0,65.0,0,,,0.20345080000697635
279,CAz4,13,13,13,8077.449,448,13,1,29,6374.5602115409765,5328.448581002054,3740.560211540975,1587.8883694610795,2240.0,444.0,65.0,0,,,0.07556319999275729
280,C,13,13,13,7844.739,333,13,1,29,5575.822310187572,5787.739085068162,3657.8223101875715,2129.91677488059,1665.0,327.0,65.0,0,,,0.38544199999887496
280,CAz3,13,13,13,7941.131,398,13,1,29,6081.537487349468,5497.130983048494,3741.5374873494675,1755.5934956990266,1990.0,389.0,65.0,0,,,0.24115729998447932
280,CAz4,13,13,13,7994.975,433,13,1,29,6370.401691287269,5339.9746829705455,3791.4016912872685,1548.572991683277,2165.0,425.0,65.0,0,,,0.13220570000703447
281,C,14,14,14,8577.583,314,14,1,29,5362.5264323263955,6636.583448495873,3629.5264323263946,3007.057016169478,1570.0,301.0,70.0,0,,,0.4044160999765154
281,CAz3,14,14,14,8074.554,382,14,1,29,5936.386125050956,5722.554389074237,3721.386125050956,2001.1682640232807,1910.0,372.0,70.0,0,,,0.18682270002318546
281,CAz4,14,14,14,7914.519,423,14,1,29,6253.901057479078,5310.519311382606,3807.901057479076,1502.6182539035299,2115.0,419.0,70.0,0,,,0.057877999992342666
282,C,15,15,15,7994.029,262,15,1,29,5098.5264323263955,6351.028839880174,3629.5264323263946,2721.5024075537804,1310.0,258.0,75.0,0,,,0.37784990001819097
282,CAz3,15,15,15,7593.635,328,15,1,29,5639.819136727003,5553.635387664799,3681.8191367270024,1871.816250937795,1640.0,325.0,75.0,0,,,0.09098540002014488
282,CAz4,15,15,15,8083.473,418,15,1,29,6088.010297780742,5504.472865970793,3680.0102977807414,1824.4625681900511,2090.0,414.0,75.0,0,,,0.06735470000421628
283,C,13,13,13,7014.751,317,13,1,29,5462.065284940979,5060.751285596756,3672.065284940979,1388.686000655776,1585.0,304.0,65.0,0,,,0.3865191000222694
283,CAz3,13,13,13,6999.984,344,13,1,29,5677.065719670661,4878.983545085092,3672.0657196706597,1206.9178254144326,1720.0,336.0,65.0,0,,,0.21344319998752326
283,CAz4,13,13,13,7309.391,401,13,1,29,6124.820696535217,4842.390738977552,3719.8206965352165,1122.5700424423358,2005.0,397.0,65.0,0,,,0.0962946999934502
284,C,10,10,10,7490.749,364,10,1,29,5734.5264323263955,5264.748831050479,3629.5264323263946,1635.2223987240852,1820.0,356.0,50.0,0,,,0.2527774999907706
284,CAz3,10,10,10,7719.553,429,10,1,29,6065.584219470577,5103.553492946344,3631.5842194705765,1471.9692734757666,2145.0,421.0,50.0,0,,,0.12552359999972396
284,CAz4,10,10,10,7879.211,455,10,1,29,6251.584219470577,5107.211211800579,3631.5842194705765,1475.6269923300028,2275.0,447.0,50.0,0,,,0.08976510001230054
285,C,10,10,10,7592.037,355,10,1,29,5644.5264323263955,5424.03662836148,3629.5264323263946,1794.5101960350864,1775.0,343.0,50.0,0,,,0.5338015999877825
285,CAz3,10,10,10,7725.506,423,10,1,29,6082.526432326396,5144.506407726459,3629.5264323263946,1514.9799754000633,2115.0,416.0,50.0,0,,,0.173423800006276
285,CAz4,10,10,10,7705.469,453,10,1,29,6309.9670245294965,4939.469223995913,3648.9670245294947,1290.5021994664187,2265.0,451.0,50.0,0,,,0.07342599998810329
286,C,16,16,16,6451.453,209,16,1,29,2473.89621889711,5139.452919585165,1604.89621889711,3534.556700688059,1045.0,187.0,80.0,0,,,0.702856400021119
286,CAz3,16,16,16,7405.645,459,16,1,29,2893.059340359077,4586.644534788166,1647.0593403590776,2939.5851944290916,2295.0,444.0,80.0,0,,,0.5764510000008158
286,CAz4,16,16,16,8469.363,617,16,1,29,3025.60589671968,4704.362945192559,1647.6058967196805,3056.757048472882,3085.0,600.0,80.0,0,,,0.5911339999875054
287,C,12,12,12,7609.774,360,12,1,29,5626.5264323263955,5408.773649431409,3629.5264323263946,1779.247217105013,1800.0,341.0,60.0,0,,,0.6294088999857195
287,CAz3,12,12,12,7480.494,392,12,1,29,5964.138204196833,5074.493996040612,3668.138204196831,1406.35579184378,1960.0,386.0,60.0,0,,,0.248546399991028
287,CAz4,12,12,12,7247.384,437,12,1,29,6378.873181651871,4569.3837972639285,3756.87318165187,812.510615612058,2185.0,433.0,60.0,0,,,0.015382700017653406
288,C,13,13,13,8292.518,349,13,1,29,5644.5264323263955,6137.517975623949,3629.5264323263946,2507.9915432975517,1745.0,345.0,65.0,0,,,0.24755300002289005
288,CAz3,13,13,13,8105.992,395,13,1,29,6088.351042356767,5671.99214654545,3722.351042356766,1949.6411041886827,1975.0,394.0,65.0,0,,,0.0753827000153251
288,CAz4,13,13,13,8128.107,455,13,1,29,6344.260994949298,5342.1071000138845,3685.260994949298,1656.8461050645867,2275.0,446.0,65.0,0,,,0.1994387999875471
289,C,15,15,15,6956.298,259,15,1,29,5122.41551139549,5328.297575592976,3630.4155113954894,1697.8820641974887,1295.0,258.0,75.0,0,,,0.31460660000448115
289,CAz3,15,15,15,7380.703,334,15,1,29,5609.00613664771,5303.7032725923555,3632.0061366477103,1671.697135944647,1670.0,332.0,75.0,0,,,0.18696749999071471
289,CAz4,15,15,15,7667.373,388,15,1,29,5970.604440257857,5268.372756143732,3677.6044402578564,1590.7683158858758,1940.0,384.0,75.0,0,,,0.025355699995998293
290,C,11,11,11,8320.861,392,11,1,29,5884.660127915569,5921.86065322616,3630.6601279155684,2291.200525310593,1960.0,384.0,55.0,0,,,0.2524610999971628
290,CAz3,11,11,11,7611.792,427,11,1,29,6204.520787074164,5001.792074895189,3683.5207870741633,1318.2712878210275,2135.0,420.0,55.0,0,,,0.19473459999426268
290,CAz4,11,11,11,7481.674,429,11,1,29,6270.802034181207,4853.673760460476,3683.8020341812066,1169.871726279269,2145.0,428.0,55.0,0,,,0.04258770000888035
291,C,12,12,12,7355.863,332,12,1,29,5530.5264323263955,5308.863020540654,3629.5264323263946,1679.3365882142598,1660.0,327.0,60.0,0,,,0.2586332999926526
291,CAz3,12,12,12,7423.507,372,12,1,29,5830.5264323263955,5132.506723218941,3629.5264323263946,1502.9802908925487,1860.0,371.0,60.0,0,,,0.15312730000005104
291,CAz4,12,12,12,7797.532,438,12,1,29,6210.712514122155,5114.531589498819,3632.7125141221536,1481.8190753766662,2190.0,433.0,60.0,0,,,0.053409599990118295
292,C,11,11,11,7961.693,389,11,1,29,5788.5264323263955,5595.692672605199,3629.5264323263946,1966.1662402788088,1945.0,366.0,55.0,0,,,0.5815065999922808
292,CAz3,11,11,11,8213.394,442,11,1,29,6166.380237158205,5531.393782087835,3672.380237158204,1859.0135449296336,2210.0,417.0,55.0,0,,,0.44229019997874275
292,CAz4,11,11,11,7777.832,460,11,1,29,6440.104737020344,4969.832487078964,3707.1047370203432,1262.7277500586213,2300.0,453.0,55.0,0,,,0.015806499985046685
293,C,14,14,14,7968.204,307,14,1,29,5332.5264323263955,6069.204185817139,3629.5264323263946,2439.6777534907433,1535.0,294.0,70.0,0,,,0.45705480000469834
293,CAz3,14,14,14,7523.776,346,14,1,29,5584.954373725019,5390.775533798864,3636.9543737250183,1753.8211600738448,1730.0,333.0,70.0,0,,,0.147884999983944
293,CAz4,14,14,14,7736.892,388,14,1,29,5907.938290699997,5344.892463564918,3654.938290699996,1689.9541728649217,1940.0,382.0,70.0,0,,,0.1114157999982126
294,C,15,15,15,7918.995,285,15,1,29,5206.5264323263955,6144.994913118568,3629.5264323263946,2515.4684807921726,1425.0,274.0,75.0,0,,,0.4743716999946628
294,CAz3,15,15,15,7450.977,327,15,1,29,5648.809974065459,5416.976704904414,3714.809974065457,1702.1667308389583,1635.0,324.0,75.0,0,,,0.11450450000120327
294,CAz4,15,15,15,7951.627,442,15,1,29,6303.667082087705,5226.62697771606,3741.6670820877016,1484.9598956283576,2210.0,440.0,75.0,0,,,0.03736649997881614
295,C,14,14,14,8033.308,309,14,1,29,5368.5264323263955,6118.308074454421,3629.5264323263946,2488.7816421280254,1545.0,300.0,70.0,0,,,0.3768924000032712
295,CAz3,14,14,14,7981.041,372,14,1,29,5890.052186732399,5697.040580177148,3760.052186732399,1936.9883934447507,1860.0,354.0,70.0,0,,,0.27939470001729205
295,CAz4,14,14,14,7937.708,402,14,1,29,6123.5069175120625,5463.708179447578,3759.5069175120616,1704.2012619355182,2010.0,394.0,70.0,0,,,0.12738890000036918
296,C,10,10,10,7480.781,380,10,1,29,5806.5264323263955,5160.780711046705,3629.5264323263946,1531.2542787203095,1900.0,370.0,50.0,0,,,0.2563660999876447
296,CAz3,10,10,10,7267.951,404,10,1,29,6135.418314149664,4794.950767018437,3709.418314149663,1085.5324528687738,2020.0,403.0,50.0,0,,,0.04655379999894649
296,CAz4,10,10,10,7572.731,454,10,1,29,6435.903331002475,4800.731326680156,3734.9033310024743,1065.8279956776814,2270.0,452.0,50.0,0,,,0.024431099998764694
297,C,11,11,11,7454.115,347,11,1,29,5608.5264323263955,5326.114612345271,3629.5264323263946,1696.5881800188777,1735.0,338.0,55.0,0,,,0.32315749998087995
297,CAz3,11,11,11,7825.574,433,11,1,29,6118.108475092223,5182.574021640951,3642.108475092221,1540.4655465487297,2165.0,423.0,55.0,0,,,0.12062949998653494
297,CAz4,11,11,11,7713.157,443,11,1,29,6209.199916015813,5002.15717112671,3663.199916015812,1338.9572551108965,2215.0,441.0,55.0,0,,,0.12329680001130328
298,C,14,14,14,6991.077,284,14,1,29,5266.5264323263955,5221.077331899621,3629.5264323263946,1591.5508995732264,1420.0,280.0,70.0,0,,,0.25624320001224987
298,CAz3,14,14,14,7554.128,399,14,1,29,6029.195249411623,5092.127831942812,3656.195249411622,1435.9325825311892,1995.0,397.0,70.0,0,,,0.06687239999882877
298,CAz4,14,14,14,7972.873,469,14,1,29,6425.195249411623,5091.8726766630725,3656.195249411622,1435.6774272514494,2345.0,466.0,70.0,0,,,0.04092739999759942
299,C,14,14,14,8188.966,311,14,1,29,5434.122761756982,6260.965655828764,3672.122761756981,2588.8428940717827,1555.0,303.0,70.0,0,,,0.25446029999875464
299,CAz3,14,14,14,7258.269,352,14,1,29,5855.580750733677,5083.2685481179215,3785.580750733675,1297.687797384246,1760.0,345.0,70.0,0,,,0.07257389998994768
299,CAz4,14,14,14,7511.916,401,14,1,29,6177.946879523228,5039.915854671882,3802.946879523226,1236.9689751486558,2005.0,397.0,70.0,0,,,0.05304270001943223
300,C,16,16,16,4283.891,168,16,1,29,1378.1779453846982,3207.8906040755332,839.1779453846982,2368.7126586908353,840.0,156.0,80.0,0,,,0.31145559999276884
300,CAz3,16,16,16,4078.667,178,16,1,29,1579.618659720745,2936.667302013131,934.618659720745,2002.0486422923868,890.0,172.0,80.0,0,,,0.182339300023159
300,CAz4,16,16,16,3981.173,202,16,1,29,1603.618659720745,2695.17301632966,934.618659720745,1760.554356608915,1010.0,196.0,80.0,0,,,0.147437900013756
