seed,case,model,source_count,all_cleared,total_time_per_source_s,movement_time_per_source_s,detection_switch_time_per_source_s,clear_action_time_per_source_s,measure_actions_per_source,channel_switches_per_source,last_discovery_time_per_source_s,search_end_time_per_source_s,unfinished_after_search_rate,not_clear_ready_after_search_rate,active_measurements_per_source,co_measurements_per_source,coverage_insertions_per_source,decomposition_error_s
161803,1,C+,11,1,385.5456363636364,304.45474525065777,76.0909090909091,5.0,12.727272727272727,12.454545454545455,166.45454545454547,205.54545454545453,1.0,0.8181818181818182,1.1818181818181819,0.6363636363636364,0.0,0.00019775723512793775
161803,1,F_fixed_no_insert,11,1,391.31427272727274,324.58698971387435,61.72727272727273,5.0,10.363636363636363,9.909090909090908,155.54545454545453,189.72727272727272,1.0,0.8181818181818182,2.3636363636363638,1.3636363636363635,0.0,0.00011314738276269054
161803,1,F_dynamic_no_insert,11,1,377.46063636363635,305.1879378883878,67.27272727272727,5.0,11.272727272727273,10.909090909090908,165.9090909090909,195.72727272727272,1.0,0.8181818181818182,2.4545454545454546,1.7272727272727273,0.0,0.0003167722657053673
161803,1,F_fixed_insert,11,1,341.53,275.8027246026238,60.72727272727273,5.0,10.181818181818182,9.818181818181818,163.89481136363636,202.89692774335302,0.7272727272727273,0.6363636363636364,2.1818181818181817,0.8181818181818182,0.7272727272727273,2.937113777079503e-05
161803,1,F,11,1,332.79663636363637,260.79666750272315,67.0,5.0,11.181818181818182,11.090909090909092,177.31409036363635,215.09241545666157,0.6363636363636364,0.36363636363636365,2.3636363636363638,1.5454545454545454,0.5454545454545454,0.00034252995465067215
161803,2,C+,12,1,365.1164166666667,286.28305023896024,73.83333333333333,5.0,12.333333333333334,12.166666666666666,132.25,192.41666666666666,1.0,0.9166666666666666,1.0833333333333333,0.5,0.0,0.00039713247679173946
161803,2,F_fixed_no_insert,12,1,350.24875,287.16545679487814,58.083333333333336,5.0,9.75,9.333333333333334,121.75,174.41666666666666,1.0,1.0,2.1666666666666665,1.3333333333333333,0.0,0.0004815385377696657
161803,2,F_dynamic_no_insert,12,1,352.55341666666664,288.05338682275357,59.5,5.0,10.0,9.5,149.58333333333334,175.91666666666666,1.0,1.0,2.0,1.1666666666666667,0.0,0.00035812695659842575
161803,2,F_fixed_insert,12,1,346.18875,284.1054451423937,57.083333333333336,5.0,9.583333333333334,9.166666666666666,130.57759616666667,186.7472961106965,0.9166666666666666,0.5,2.0,0.9166666666666666,0.6666666666666666,0.00034170872413596953
161803,2,F,12,1,352.42650000000003,285.2598548472687,62.166666666666664,5.0,10.416666666666666,10.083333333333334,152.922612,190.2096103077039,0.8333333333333334,0.5833333333333334,2.4166666666666665,1.25,0.5833333333333334,0.0002581672238193278
161803,3,C+,10,1,423.8196,328.71961159550625,90.1,5.0,15.1,14.6,230.9,231.5,1.0,0.9,1.5,0.7,0.0,0.00011595506248340826
161803,3,F_fixed_no_insert,10,1,407.6196,328.7196153770806,73.9,5.0,12.4,11.9,212.9,215.3,1.0,0.9,2.2,1.4,0.0,0.00015377080580947222
161803,3,F_dynamic_no_insert,10,1,395.98159999999996,319.18163179631364,71.8,5.0,12.1,11.3,179.5,213.5,1.0,0.9,2.1,1.2,0.0,0.0003179631366947433
161803,3,F_fixed_insert,10,1,415.1286,335.1285666603552,75.0,5.0,12.6,12.0,235.76993510000003,236.96993509933395,0.7,0.5,2.4,0.8,0.8,0.00033339644824081915
161803,3,F,10,1,398.96930000000003,322.3692611051826,71.6,5.0,12.0,11.6,195.8715375,229.2942369307012,0.7,0.5,2.0,0.8,0.7,0.00038894817407708615
161803,4,C+,15,1,328.9543333333333,264.5543638118284,59.4,5.0,9.933333333333334,9.733333333333333,127.9195938,155.38626048751448,0.9333333333333333,0.9333333333333333,1.2666666666666666,0.4666666666666667,0.0,0.00045717742659689975
161803,4,F_fixed_no_insert,15,1,315.80173333333335,267.1350428683659,43.666666666666664,5.0,7.333333333333333,7.0,114.06666666666666,135.93333333333334,1.0,1.0,2.0,1.0666666666666667,0.0,0.0003569745117601997
161803,4,F_dynamic_no_insert,15,1,315.80173333333335,267.1350428683659,43.666666666666664,5.0,7.333333333333333,7.0,114.06666666666666,135.93333333333334,1.0,1.0,2.0,1.0666666666666667,0.0,0.0003569745117601997
161803,4,F_fixed_insert,15,1,309.6571333333333,258.85712543621315,45.8,5.0,7.666666666666667,7.466666666666667,127.5291334,151.2762777685545,0.8666666666666667,0.4,2.3333333333333335,1.4666666666666666,0.5333333333333333,0.00011845680228361744
161803,4,F,15,1,343.9279333333333,291.4612548821053,47.46666666666667,5.0,8.0,7.466666666666667,127.5127428,152.76388076839882,0.8666666666666667,0.3333333333333333,2.6,1.4,0.5333333333333333,0.00017676841980573954
161803,5,C+,13,1,322.29538461538465,252.44922318101686,64.84615384615384,5.0,10.846153846153847,10.615384615384615,169.76923076923077,173.0,1.0,0.8461538461538461,1.2307692307692308,0.5384615384615384,0.0,9.864678077065037e-05
161803,5,F_fixed_no_insert,13,1,339.0436923076923,283.42828998933356,50.61538461538461,5.0,8.461538461538462,8.307692307692308,152.69230769230768,155.92307692307693,1.0,0.8461538461538461,2.5384615384615383,1.6923076923076923,0.0,0.0002301386639373959
161803,5,F_dynamic_no_insert,13,1,339.0436923076923,283.42828998933356,50.61538461538461,5.0,8.461538461538462,8.307692307692308,152.69230769230768,155.92307692307693,1.0,0.8461538461538461,2.5384615384615383,1.6923076923076923,0.0,0.0002301386639373959
161803,5,F_fixed_insert,13,1,292.6532307692308,238.6532470653644,49.0,5.0,8.23076923076923,7.846153846153846,171.73834546153847,174.0460377341314,0.7692307692307693,0.38461538461538464,2.3076923076923075,1.1538461538461537,0.6153846153846154,0.00021184973729759804
161803,5,F,13,1,312.8058461538462,258.57508134205807,49.23076923076923,5.0,8.23076923076923,8.076923076923077,92.27582123076922,165.5808477636878,0.8461538461538461,0.6153846153846154,2.6923076923076925,1.5384615384615385,0.6153846153846154,5.744675490859663e-05
161803,6,C+,11,1,423.41472727272725,333.323823289724,85.0909090909091,5.0,14.272727272727273,13.727272727272727,177.36363636363637,211.54545454545453,1.0,1.0,1.7272727272727273,0.6363636363636364,0.0,5.618696377496235e-05
161803,6,F_fixed_no_insert,11,1,375.9203636363636,305.8294458782039,65.0909090909091,5.0,10.909090909090908,10.545454545454545,160.45454545454547,190.27272727272728,1.0,1.0,2.5454545454545454,1.4545454545454546,0.0,9.53397570810921e-05
161803,6,F_dynamic_no_insert,11,1,352.52672727272727,280.34491606145605,67.18181818181819,5.0,11.272727272727273,10.818181818181818,191.9090909090909,192.45454545454547,1.0,1.0,2.5454545454545454,1.6363636363636365,0.0,7.667601676075719e-05
161803,6,F_fixed_insert,11,1,386.5132727272727,316.4223758387347,65.0909090909091,5.0,10.909090909090908,10.545454545454545,177.64900854545454,206.92173577563244,0.9090909090909091,0.6363636363636364,2.5454545454545454,1.0909090909090908,0.7272727272727273,0.00013422608162727556
161803,6,F,11,1,338.0388181818182,266.9478830416274,66.0909090909091,5.0,11.090909090909092,10.636363636363637,206.7489440909091,211.65803498073421,0.7272727272727273,0.36363636363636365,2.0,0.9090909090909091,0.6363636363636364,0.000286542098820064
161803,7,C+,11,1,411.7188181818182,324.8096938311205,81.9090909090909,5.0,13.727272727272727,13.272727272727273,169.72727272727272,209.9090909090909,1.0,1.0,1.4545454545454546,0.6363636363636364,0.0,0.0003678576745187456
161803,7,F_fixed_no_insert,11,1,375.60281818181824,307.3301123271757,63.27272727272727,5.0,10.636363636363637,10.090909090909092,156.0909090909091,190.8181818181818,1.0,1.0,2.3636363636363638,1.5454545454545454,0.0,0.00023559893224955886
161803,7,F_dynamic_no_insert,11,1,387.39209090909094,317.9375172330906,64.45454545454545,5.0,10.818181818181818,10.363636363636363,126.27272727272727,191.36363636363637,1.0,1.0,2.5454545454545454,1.7272727272727273,0.0,0.0003104360034740239
161803,7,F_fixed_insert,11,1,384.1207272727273,311.6661955696469,67.45454545454545,5.0,11.363636363636363,10.636363636363637,170.79467336363635,204.9764915217386,0.9090909090909091,0.6363636363636364,3.090909090909091,1.6363636363636365,0.7272727272727273,0.0001512661156084505
161803,7,F,11,1,361.2481818181818,293.3390897940025,62.90909090909091,5.0,10.545454545454545,10.181818181818182,126.82145245454545,195.86297654708306,0.9090909090909091,0.6363636363636364,2.272727272727273,1.5454545454545454,0.18181818181818182,1.2265972600289388e-05
161803,8,C+,10,1,442.86080000000004,352.26084840791765,85.6,5.0,14.3,14.1,187.9,230.3,1.0,0.7,0.9,0.2,0.0,0.00048407917620352237
161803,8,F_fixed_no_insert,10,1,423.32120000000003,349.02123403174033,69.3,5.0,11.6,11.3,174.7,211.1,1.0,0.8,2.3,1.5,0.0,0.00034031740278805955
161803,8,F_dynamic_no_insert,10,1,424.1508,347.0507921699955,72.1,5.0,12.1,11.6,180.1,215.9,1.0,0.8,2.0,1.2,0.0,7.83000450610416e-05
161803,8,F_fixed_insert,10,1,399.2142,323.4142100906974,70.8,5.0,11.9,11.3,187.1479508,225.80873225563906,0.8,0.4,2.6,1.4,0.5,0.00010090697423947859
161803,8,F,10,1,408.8044,328.9043985463428,74.9,5.0,12.6,11.9,194.8791492,230.07914920447647,0.8,0.6,2.5,0.9,0.6,1.4536572052747943e-05
161803,9,C+,14,1,348.02,279.8057136350911,63.214285714285715,5.0,10.571428571428571,10.357142857142858,131.64285714285714,162.78571428571428,1.0,1.0,1.2857142857142858,0.6428571428571429,0.0,9.10872495296644e-06
161803,9,F_fixed_no_insert,14,1,395.0802857142857,338.15172899204197,51.92857142857143,5.0,8.785714285714286,8.0,123.5,147.35714285714286,1.0,1.0,2.642857142857143,1.3571428571428572,0.0,0.0002058885875158012
161803,9,F_dynamic_no_insert,14,1,347.6257142857143,289.98282970487816,52.642857142857146,5.0,8.857142857142858,8.357142857142858,145.64285714285714,148.64285714285714,1.0,1.0,2.4285714285714284,1.2857142857142858,0.0,0.00038413170568674104
161803,9,F_fixed_insert,14,1,329.2807142857143,274.066453984568,50.214285714285715,5.0,8.428571428571429,8.071428571428571,140.73686657142858,168.17998971800577,0.7142857142857143,0.5,2.2857142857142856,1.2142857142857142,0.5714285714285714,0.0003557839518180117
161803,9,F,14,1,357.4997142857143,299.7854128002512,52.714285714285715,5.0,8.857142857142858,8.428571428571429,150.25321557142857,152.82464415252025,1.0,0.8571428571428571,2.4285714285714284,1.0,0.35714285714285715,0.00022079648351791548
161803,10,C+,10,1,473.1698,376.8697959212402,91.3,5.0,15.3,14.8,156.3,232.1,1.0,1.0,1.6,0.5,0.0,4.078759820913547e-05
161803,10,F_fixed_no_insert,10,1,439.54560000000004,362.4455898623292,72.1,5.0,12.2,11.1,144.9,211.1,1.0,1.0,2.7,1.1,0.0,0.00010137670824406086
161803,10,F_dynamic_no_insert,10,1,439.54560000000004,362.4455898623292,72.1,5.0,12.2,11.1,144.9,211.1,1.0,1.0,2.7,1.1,0.0,0.00010137670824406086
161803,10,F_fixed_insert,10,1,410.9116,336.81162214272285,69.1,5.0,11.6,11.1,149.9146475,222.83185132017442,0.8,0.7,2.1,0.8,0.4,0.00022142722855278407
161803,10,F,10,1,410.9116,336.81162214272285,69.1,5.0,11.6,11.1,149.9146475,222.83185132017442,0.8,0.7,2.1,0.8,0.4,0.00022142722855278407
161803,11,C+,15,1,286.9506,226.81727485716814,55.13333333333333,5.0,9.2,9.133333333333333,103.8,149.13333333333333,1.0,0.8,1.0,0.6,0.0,0.00012285752200114075
161803,11,F_fixed_no_insert,15,1,268.45619999999997,222.92284098715808,40.53333333333333,5.0,6.8,6.533333333333333,91.0,133.93333333333334,1.0,0.8666666666666667,2.4,2.0,0.0,0.00038519262852787506
161803,11,F_dynamic_no_insert,15,1,275.4408,228.97411545690085,41.46666666666667,5.0,6.933333333333334,6.8,131.53333333333333,134.73333333333335,1.0,0.8,2.2666666666666666,1.8,0.0,0.00026814648754225345
161803,11,F_fixed_insert,15,1,271.3827333333333,223.1827461565746,43.2,5.0,7.266666666666667,6.866666666666666,101.79713646666667,143.5304698095225,0.8666666666666667,0.6,2.8666666666666667,1.8,0.5333333333333333,0.00019234861929362523
161803,11,F,15,1,255.47926666666666,207.61259126684843,42.86666666666667,5.0,7.2,6.866666666666666,142.70550353333334,144.7055035333333,0.7333333333333333,0.4666666666666667,2.533333333333333,1.7333333333333334,0.5333333333333333,0.00013099727357257507
161803,12,C+,15,1,312.2469333333333,247.98025549789674,59.266666666666666,5.0,9.933333333333334,9.6,128.86666666666667,153.13333333333333,1.0,0.8,1.0666666666666667,0.4666666666666667,0.0,0.0001675315488682827
161803,12,F_fixed_no_insert,15,1,317.18446666666665,266.5844929230145,45.6,5.0,7.666666666666667,7.266666666666667,114.06666666666666,136.33333333333334,1.0,0.9333333333333333,2.533333333333333,1.7333333333333334,0.0,0.0003938452177862928
161803,12,F_dynamic_no_insert,15,1,317.18446666666665,266.5844929230145,45.6,5.0,7.666666666666667,7.266666666666667,114.06666666666666,136.33333333333334,1.0,0.9333333333333333,2.533333333333333,1.7333333333333334,0.0,0.0003938452177862928
161803,12,F_fixed_insert,15,1,290.0549333333333,239.254943860547,45.8,5.0,7.666666666666667,7.466666666666667,129.4587318,152.11706779187006,0.8,0.4666666666666667,2.533333333333333,1.6,0.5333333333333333,0.00015790820543770678
161803,12,F,15,1,308.3462666666667,254.41291126167079,48.93333333333333,5.0,8.2,7.933333333333334,145.8323958,147.43239579493877,0.8666666666666667,0.6,2.8666666666666667,1.7333333333333334,0.5333333333333333,0.0003310749384581868
161803,13,C+,15,1,292.4536,229.1202363569395,58.333333333333336,5.0,9.8,9.333333333333334,149.13333333333333,151.13333333333333,1.0,0.8666666666666667,1.2666666666666666,0.5333333333333333,0.0,0.00045464590766641777
161803,13,F_fixed_no_insert,15,1,281.74653333333333,231.87988978766148,44.86666666666667,5.0,7.533333333333333,7.2,134.33333333333334,136.73333333333332,1.0,0.8666666666666667,2.6,1.8666666666666667,0.0,0.0003468149220680061
161803,13,F_dynamic_no_insert,15,1,285.87153333333333,237.53818926345704,43.333333333333336,5.0,7.266666666666667,7.0,113.66666666666667,136.33333333333334,1.0,0.8666666666666667,2.2666666666666666,1.6,0.0,0.0001610481444913603
161803,13,F_fixed_insert,15,1,273.83046666666667,226.6304567514502,42.2,5.0,7.066666666666666,6.866666666666666,145.19002853333333,146.39002851176775,0.8666666666666667,0.5333333333333333,2.1333333333333333,1.1333333333333333,0.5333333333333333,0.00014872824749545543
161803,13,F,15,1,257.47313333333335,212.20646968010334,40.266666666666666,5.0,6.733333333333333,6.6,126.1844298,148.4510964668325,0.6666666666666666,0.3333333333333333,2.066666666666667,1.2666666666666666,0.5333333333333333,4.5201549710327527e-05
161803,14,C+,16,1,234.0984375,186.66091600271935,42.4375,5.0,7.125,6.8125,91.3125,104.3240948935439,0.9375,0.875,1.5,0.75,0.0,0.00034395649026919273
161803,14,F_fixed_no_insert,16,1,226.336625,189.46164747719388,31.875,5.0,5.375,5.0,82.3125,84.5625,1.0,0.9375,2.25,1.375,0.0,0.0003596351020860311
161803,14,F_dynamic_no_insert,16,1,260.4089375,220.03393338757948,35.375,5.0,5.9375,5.6875,102.4375,103.1875,1.0,0.9375,2.3125,1.5,0.0,6.579872797374264e-05
161803,14,F_fixed_insert,16,1,233.7840625,195.2840442735057,33.5,5.0,5.625,5.375,90.321769125,92.57176913135304,0.9375,0.75,2.5,1.375,0.5,0.00029162390865167254
161803,14,F,16,1,245.51375,203.57627808728313,36.9375,5.0,6.1875,6.0,110.8358548125,111.5858547830728,1.0,0.8125,2.5625,1.4375,0.5,0.0004493965302572178
161803,15,C+,15,1,298.8004,232.0670607040249,61.733333333333334,5.0,10.333333333333334,10.066666666666666,130.86666666666667,155.13333333333333,1.0,0.9333333333333333,1.1333333333333333,0.5333333333333333,0.0,8.943962666307925e-05
161803,15,F_fixed_no_insert,15,1,286.0149333333333,233.34825783630035,47.666666666666664,5.0,8.0,7.666666666666667,118.46666666666667,139.13333333333333,1.0,1.0,2.0,1.2666666666666666,0.0,0.0001324554950770107
161803,15,F_dynamic_no_insert,15,1,286.0149333333333,233.34825783630035,47.666666666666664,5.0,8.0,7.666666666666667,118.46666666666667,139.13333333333333,1.0,1.0,2.0,1.2666666666666666,0.0,0.0001324554950770107
161803,15,F_fixed_insert,15,1,276.5871333333333,223.72047562493165,47.86666666666667,5.0,8.0,7.866666666666666,135.1866818,155.45334846500427,0.8666666666666667,0.5333333333333333,2.0,1.2,0.5333333333333333,0.0001343739750154782
161803,15,F,15,1,276.5871333333333,223.72047562493165,47.86666666666667,5.0,8.0,7.866666666666666,135.1866818,155.45334846500427,0.8666666666666667,0.5333333333333333,2.0,1.2,0.5333333333333333,0.0001343739750154782
161803,16,C+,15,1,290.1502,226.61689000120663,58.53333333333333,5.0,9.8,9.533333333333333,150.33333333333334,151.93333333333334,1.0,0.8,1.1333333333333333,0.5333333333333333,0.0,0.00035001809965251596
161803,16,F_fixed_no_insert,15,1,273.83813333333336,226.77146746078634,42.06666666666667,5.0,7.066666666666666,6.733333333333333,131.53333333333333,133.93333333333334,1.0,0.9333333333333333,2.466666666666667,1.8666666666666667,0.0,1.191179489978822e-05
161803,16,F_dynamic_no_insert,15,1,302.4767333333333,255.01008209483018,42.46666666666667,5.0,7.133333333333334,6.8,113.26666666666667,133.53333333333336,1.0,0.9333333333333333,2.533333333333333,1.6,0.0,0.00023142245299823117
161803,16,F_fixed_insert,15,1,274.348,225.5479773687821,43.8,5.0,7.333333333333333,7.133333333333334,142.88123286666666,144.4812328550083,0.9333333333333333,0.6,2.7333333333333334,1.7333333333333334,0.5333333333333333,0.0003394682685211592
161803,16,F,15,1,308.919,256.3856669139836,47.53333333333333,5.0,8.0,7.533333333333333,125.78039486666667,145.6470615291295,1.0,0.6666666666666666,3.4,2.1333333333333333,0.5333333333333333,3.709753855218878e-06
161803,17,C+,15,1,292.2299333333333,231.0299552757013,56.2,5.0,9.4,9.2,146.33333333333334,147.53333333333333,1.0,0.8666666666666667,1.4666666666666666,0.8666666666666667,0.0,0.00032913551967794774
161803,17,F_fixed_no_insert,15,1,281.72926666666666,235.32924741075536,41.4,5.0,6.933333333333334,6.733333333333333,130.33333333333334,132.33333333333334,1.0,0.8666666666666667,2.466666666666667,1.7333333333333334,0.0,0.00028883866980322637
161803,17,F_dynamic_no_insert,15,1,303.96433333333334,257.0310061717245,41.93333333333333,5.0,7.066666666666666,6.6,130.33333333333334,132.73333333333335,1.0,0.8666666666666667,2.4,1.6,0.0,9.25758681660227e-05
161803,17,F_fixed_insert,15,1,282.33886666666666,236.60554240026167,40.733333333333334,5.0,6.8,6.733333333333333,143.02063053333333,143.8206305568581,0.8666666666666667,0.4,2.3333333333333335,1.3333333333333333,0.5333333333333333,0.0001360039254905132
161803,17,F,15,1,260.425,211.02500349898554,44.4,5.0,7.466666666666667,7.066666666666666,144.58755446666666,147.38755446698815,0.8666666666666667,0.4666666666666667,2.2666666666666666,1.3333333333333333,0.4666666666666667,5.2484783282125136e-05
161803,18,C+,15,1,281.79740000000004,224.26404174369569,52.53333333333333,5.0,8.8,8.533333333333333,123.26666666666667,145.53333333333333,1.0,0.6666666666666666,1.2,0.4666666666666667,0.0,0.00037384456481959205
161803,18,F_fixed_no_insert,15,1,271.5636,223.23025004873503,43.333333333333336,5.0,7.266666666666667,7.0,112.46666666666667,133.93333333333334,1.0,0.8666666666666667,2.533333333333333,1.8666666666666667,0.0,0.000249268974584993
161803,18,F_dynamic_no_insert,15,1,294.49306666666666,248.15974887109144,41.333333333333336,5.0,6.933333333333334,6.666666666666667,109.26666666666667,133.53333333333336,1.0,0.8,2.2666666666666666,1.5333333333333334,0.0,0.00023306637194764335
161803,18,F_fixed_insert,15,1,296.63553333333334,246.36887819149783,45.266666666666666,5.0,7.6,7.266666666666667,123.8385662,144.505232897595,0.9333333333333333,0.6,2.8666666666666667,1.7333333333333334,0.5333333333333333,0.0001728724669192161
161803,18,F,15,1,290.2642666666667,241.930958486006,43.333333333333336,5.0,7.266666666666667,7.0,122.05796986666665,145.52463656247147,0.9333333333333333,0.5333333333333333,2.6,1.6,0.5333333333333333,0.0003772900900003151
161803,19,C+,15,1,289.7506,227.01724607297496,57.733333333333334,5.0,9.666666666666666,9.4,122.86666666666666,151.13333333333333,1.0,0.8,1.1333333333333333,0.4666666666666667,0.0,0.00030890537573213805
161803,19,F_fixed_no_insert,15,1,280.36466666666666,232.1646970826319,43.2,5.0,7.266666666666667,6.866666666666666,111.66666666666667,133.93333333333334,1.0,0.9333333333333333,2.2666666666666666,1.4666666666666666,0.0,0.00045623947835338186
161803,19,F_dynamic_no_insert,15,1,287.5464666666667,238.87979120719348,43.666666666666664,5.0,7.333333333333333,7.0,113.66666666666667,135.53333333333336,1.0,0.8666666666666667,2.2,1.4666666666666666,0.0,0.0001318920981248084
161803,19,F_fixed_insert,15,1,278.26486666666665,231.13152855927976,42.13333333333333,5.0,7.066666666666666,6.8,126.58138086666666,148.44804755820076,0.8666666666666667,0.4666666666666667,2.066666666666667,1.2666666666666666,0.4,7.161080338846659e-05
161803,19,F,15,1,290.8110666666667,240.4777376411398,45.333333333333336,5.0,7.6,7.333333333333333,145.42024406666667,147.82024406838232,0.8,0.4,2.2666666666666666,1.4,0.4666666666666667,6.461709699578932e-05
161803,20,C+,11,1,386.8111818181818,305.72031557429557,76.0909090909091,5.0,12.727272727272727,12.454545454545455,176.27272727272728,207.72727272727272,1.0,0.36363636363636365,0.8181818181818182,0.18181818181818182,0.0,0.0004713172515948827
161803,20,F_fixed_no_insert,11,1,377.8972727272727,312.7154255155988,60.18181818181818,5.0,10.090909090909092,9.727272727272727,156.63636363636363,188.0909090909091,1.0,0.5454545454545454,2.5454545454545454,1.6363636363636365,0.0,0.00031932841329762596
161803,20,F_dynamic_no_insert,11,1,351.30427272727275,289.2133946902158,57.09090909090909,5.0,9.545454545454545,9.363636363636363,156.63636363636363,188.0909090909091,1.0,0.6363636363636364,2.0,1.5454545454545454,0.0,0.0003415923738430138
161803,20,F_fixed_insert,11,1,344.0950909090909,279.0950652500386,60.0,5.0,10.090909090909092,9.545454545454545,185.58646154545454,214.8591887940186,0.5454545454545454,0.18181818181818182,2.5454545454545454,1.2727272727272727,0.7272727272727273,0.0002822495753207477
161803,20,F,11,1,320.8438181818182,254.5710523977954,61.27272727272727,5.0,10.272727272727273,9.909090909090908,167.82855463636363,211.35622388141994,0.6363636363636364,0.36363636363636365,2.727272727272727,1.5454545454545454,0.7272727272727273,0.0004236242507431598
161803,21,C+,15,1,289.6390666666667,233.97243088931742,50.666666666666664,5.0,8.466666666666667,8.333333333333334,123.26666666666667,146.33333333333334,1.0,0.6666666666666666,0.7333333333333333,0.26666666666666666,0.0,0.0004633397611542023
161803,21,F_fixed_no_insert,15,1,285.78793333333334,243.05458101939155,37.733333333333334,5.0,6.333333333333333,6.066666666666666,111.66666666666667,131.13333333333335,1.0,0.8,2.066666666666667,1.4666666666666666,0.0,0.0002847091272997204
161803,21,F_dynamic_no_insert,15,1,277.14459999999997,233.211252587637,38.93333333333333,5.0,6.533333333333333,6.266666666666667,131.93333333333334,132.33333333333334,1.0,0.8,1.9333333333333333,1.2666666666666666,0.0,0.00021118544464115985
161803,21,F_fixed_insert,15,1,282.4884666666667,236.48846481708142,41.0,5.0,6.866666666666666,6.666666666666667,127.35402380000001,146.82069048576776,0.7333333333333333,0.6,2.6,1.5333333333333334,0.5333333333333333,2.774377890091273e-05
161803,21,F,15,1,277.58046666666667,232.38044070565792,40.2,5.0,6.733333333333333,6.533333333333333,149.84933613333334,150.24933612629147,0.6666666666666666,0.26666666666666666,2.1333333333333333,1.2666666666666666,0.5333333333333333,0.0003894151313943439
161803,22,C+,13,1,322.2033846153846,251.28032460444982,65.92307692307692,5.0,11.076923076923077,10.538461538461538,147.76923076923077,173.0,1.0,0.7692307692307693,1.4615384615384615,0.5384615384615384,0.0,0.0002198578472416557
161803,22,F_fixed_no_insert,13,1,337.2407692307692,281.6253656898672,50.61538461538461,5.0,8.538461538461538,7.923076923076923,130.23076923076923,156.84615384615387,1.0,0.8461538461538461,2.6153846153846154,1.5384615384615385,0.0,0.0002460317268742074
161803,22,F_dynamic_no_insert,13,1,306.21215384615385,252.05830332278677,49.15384615384615,5.0,8.23076923076923,8.0,130.23076923076923,156.84615384615387,1.0,0.8461538461538461,2.230769230769231,1.3846153846153846,0.0,5.680377171302098e-05
161803,22,F_fixed_insert,13,1,292.8596923076923,238.47507612598685,49.38461538461539,5.0,8.307692307692308,7.846153846153846,149.95088715384617,176.04652464943572,0.6923076923076923,0.23076923076923078,2.3846153846153846,1.3846153846153846,0.5384615384615384,1.0362170996813802e-05
161803,22,F,13,1,295.96215384615385,242.42365687255017,48.53846153846154,5.0,8.153846153846153,7.769230769230769,148.76131584615385,176.99690286700695,0.6923076923076923,0.23076923076923078,2.1538461538461537,1.1538461538461537,0.5384615384615384,0.0004606568477356632
161803,23,C+,11,1,388.9673636363636,306.24012415174684,77.72727272727273,5.0,13.0,12.727272727272727,171.9090909090909,208.27272727272728,1.0,0.8181818181818182,1.0,0.36363636363636365,0.0,0.00036566921562553034
161803,23,F_fixed_no_insert,11,1,380.836,312.1996336328565,63.63636363636363,5.0,10.636363636363637,10.454545454545455,161.0,191.36363636363637,1.0,0.9090909090909091,2.272727272727273,1.4545454545454546,0.0,3.003857864314341e-05
161803,23,F_dynamic_no_insert,11,1,380.836,312.1996336328565,63.63636363636363,5.0,10.636363636363637,10.454545454545455,161.0,191.36363636363637,1.0,0.9090909090909091,2.272727272727273,1.4545454545454546,0.0,3.003857864314341e-05
161803,23,F_fixed_insert,11,1,375.1264545454545,305.58103680289105,64.54545454545455,5.0,10.818181818181818,10.454545454545455,172.92994045454546,203.29357684233995,0.8181818181818182,0.45454545454545453,2.4545454545454546,1.2727272727272727,0.7272727272727273,0.00040483180191586143
161803,23,F,11,1,366.1486363636364,295.05770888587114,66.0909090909091,5.0,11.090909090909092,10.636363636363637,172.63087009090907,202.44905191922243,0.9090909090909091,0.5454545454545454,2.3636363636363638,1.0909090909090908,0.7272727272727273,0.0002022554176619451
161803,24,C+,15,1,301.8982666666667,238.16493657792725,58.733333333333334,5.0,9.866666666666667,9.4,126.86666666666666,150.33333333333334,1.0,0.9333333333333333,1.4666666666666666,0.6666666666666666,0.0,4.866890867560869e-05
161803,24,F_fixed_no_insert,15,1,343.0688,291.80213049403324,46.266666666666666,5.0,7.8,7.266666666666667,115.66666666666667,135.13333333333335,1.0,0.9333333333333333,2.6666666666666665,1.5333333333333334,0.0,4.2589501390466467e-05
161803,24,F_dynamic_no_insert,15,1,294.68506666666667,246.35170132079838,43.333333333333336,5.0,7.266666666666667,7.0,112.86666666666666,134.33333333333334,1.0,0.9333333333333333,2.3333333333333335,1.6,0.0,0.00048018802408478223
161803,24,F_fixed_insert,15,1,307.1376,255.80425927617046,46.333333333333336,5.0,7.8,7.333333333333333,125.84186233333334,145.30852903251642,0.9333333333333333,0.6666666666666666,2.6666666666666665,1.3333333333333333,0.5333333333333333,0.00011085744336014614
161803,24,F,15,1,291.1244666666667,240.85783249046065,45.266666666666666,5.0,7.6,7.266666666666667,123.42793333333334,148.81441018944454,0.8,0.4666666666666667,2.6666666666666665,1.5333333333333334,0.4666666666666667,0.00048735690961621003
161803,25,C+,15,1,310.6542,249.187529035046,56.46666666666667,5.0,9.466666666666667,9.133333333333333,150.33333333333334,150.33333333333334,1.0,0.8,1.0666666666666667,0.26666666666666666,0.0,6.447430996558978e-05
161803,25,F_fixed_no_insert,15,1,285.2516,237.78492952178078,42.46666666666667,5.0,7.133333333333334,6.8,133.13333333333333,134.33333333333334,1.0,0.8666666666666667,1.9333333333333333,1.0666666666666667,0.0,5.71732884964149e-05
161803,25,F_dynamic_no_insert,15,1,313.9644666666666,265.09778041724195,43.86666666666667,5.0,7.4,6.866666666666666,133.13333333333333,133.53333333333336,1.0,0.8666666666666667,2.4,1.3333333333333333,0.0,0.00029374137011473067
161803,25,F_fixed_insert,15,1,276.66546666666665,228.19878469870497,43.46666666666667,5.0,7.266666666666667,7.133333333333334,146.52287653333332,146.9228765451895,0.8666666666666667,0.4666666666666667,2.066666666666667,1.0,0.5333333333333333,0.0002295194253747468
161803,25,F,15,1,287.5138666666666,242.31384493787039,40.2,5.0,6.733333333333333,6.533333333333333,124.12897926666666,142.79564592558825,0.9333333333333333,0.4666666666666667,1.9333333333333333,0.9333333333333333,0.5333333333333333,0.00032593194373475853
161803,26,C+,15,1,271.7638,215.4304538708807,51.333333333333336,5.0,8.6,8.333333333333334,99.0,144.33333333333334,1.0,1.0,1.2,0.6666666666666666,0.0,0.00019193678917872603
161803,26,F_fixed_no_insert,15,1,259.8023333333333,218.202351024609,36.6,5.0,6.133333333333334,5.933333333333334,87.8,129.53333333333336,1.0,0.9333333333333333,2.2666666666666666,1.6666666666666667,0.0,0.00026536913492236636
161803,26,F_dynamic_no_insert,15,1,259.8023333333333,218.202351024609,36.6,5.0,6.133333333333334,5.933333333333334,87.8,129.53333333333336,1.0,0.9333333333333333,2.2666666666666666,1.6666666666666667,0.0,0.00026536913492236636
161803,26,F_fixed_insert,15,1,277.1220666666667,235.188709153652,36.93333333333333,5.0,6.2,5.933333333333334,105.46634053333334,148.6267119265417,0.6,0.3333333333333333,2.3333333333333335,1.4,0.5333333333333333,0.00036269521979193087
161803,26,F,15,1,281.79893333333337,237.53226352605088,39.266666666666666,5.0,6.6,6.266666666666667,125.9790148,147.44568145016834,0.8,0.5333333333333333,2.6,1.4666666666666666,0.5333333333333333,4.710923712991644e-05
161803,27,C+,10,1,393.9711,301.9710965398838,87.0,5.0,14.6,14.0,186.1,229.1,1.0,0.9,1.4,0.4,0.0,3.4601162042235956e-05
161803,27,F_fixed_no_insert,10,1,387.8491,308.4490709398822,74.4,5.0,12.5,11.9,179.5,216.5,1.0,0.9,2.1,1.0,0.0,0.00029060117822155007
161803,27,F_dynamic_no_insert,10,1,417.9238,334.1237935008981,78.8,5.0,13.2,12.8,217.7,219.5,1.0,0.9,2.3,1.2,0.0,6.499101937151863e-05
161803,27,F_fixed_insert,10,1,392.5007,311.40074412270366,76.1,5.0,12.8,12.1,190.63306419999998,230.76186984522283,0.9,0.7,2.4,0.9,0.8,0.0004412270363900461
161803,27,F,10,1,387.6485,302.1485084861052,80.5,5.0,13.5,13.0,236.8473383,238.04733834563777,0.8,0.5,2.6,1.2,0.8,8.486105161864543e-05
161803,28,C+,15,1,326.90026666666665,266.4336072855222,55.46666666666667,5.0,9.266666666666667,9.133333333333333,103.8,151.13333333333333,1.0,0.6666666666666666,0.7333333333333333,0.2,0.0,0.00010928283336397726
161803,28,F_fixed_no_insert,15,1,307.76213333333334,263.29549085446024,39.46666666666667,5.0,6.6,6.466666666666667,92.6,133.53333333333336,1.0,0.8,1.9333333333333333,1.3333333333333333,0.0,0.00036281690381656517
161803,28,F_dynamic_no_insert,15,1,328.79946666666666,280.46610078760466,43.333333333333336,5.0,7.266666666666667,7.0,133.53333333333333,135.53333333333336,1.0,0.8,2.1333333333333333,1.3333333333333333,0.0,0.0004881859304077807
161803,28,F_fixed_insert,15,1,294.58206666666666,247.98207642986915,41.6,5.0,7.0,6.6,110.15857066666668,150.2919039927859,0.8,0.6,2.3333333333333335,1.1333333333333333,0.5333333333333333,0.00014644803741248325
161803,28,F,15,1,331.6237333333333,281.75703668786815,44.86666666666667,5.0,7.533333333333333,7.2,129.50540173333334,150.57206840894176,0.8666666666666667,0.4,2.8,1.6,0.5333333333333333,0.000449681977443106
161803,29,C+,16,1,263.4665,206.46647685154056,52.0,5.0,8.6875,8.5625,119.3125,120.4375,1.0,0.9375,1.625,0.875,0.0,0.0003703753509398666
161803,29,F_fixed_no_insert,16,1,247.3003125,203.92528996446595,38.375,5.0,6.4375,6.1875,106.9375,108.4375,1.0,0.9375,2.25,1.5625,0.0,0.0003605685446927964
161803,29,F_dynamic_no_insert,16,1,263.205875,218.26838395350543,39.9375,5.0,6.6875,6.5,124.8125,126.68750000000001,1.0,0.875,2.0625,1.5,0.0,0.00014325608708531945
161803,29,F_fixed_insert,16,1,242.34025,200.84023314110846,36.5,5.0,6.125,5.875,123.5012176875,135.79406653091777,0.6875,0.5625,1.9375,1.0,0.5,0.00026974226466336404
161803,29,F,16,1,228.0406875,188.72820567286,34.3125,5.0,5.75,5.5625,97.7736291875,98.52362916629261,0.875,0.625,2.125,1.3125,0.4375,0.0002907657603827829
161803,30,C+,10,1,420.01480000000004,327.1148188866599,87.9,5.0,14.7,14.4,222.5,229.1,1.0,0.9,1.5,0.5,0.0,0.0001888665992737515
161803,30,F_fixed_no_insert,10,1,411.80460000000005,330.9045865230057,75.9,5.0,12.8,11.9,208.1,212.9,1.0,1.0,3.0,1.5,0.0,0.00013476994308803114
161803,30,F_dynamic_no_insert,10,1,425.6952,345.7951685157674,74.9,5.0,12.6,11.9,178.3,213.5,1.0,1.0,2.8,1.4,0.0,0.00031484232658840483
161803,30,F_fixed_insert,10,1,381.34090000000003,304.0408945229649,72.3,5.0,12.1,11.8,228.73910540000003,232.93910544149009,0.6,0.4,2.3,0.9,0.8,5.477035119838547e-05
161803,30,F,10,1,406.47130000000004,327.971347422387,73.5,5.0,12.3,12.0,192.42886040000002,232.61237393385812,0.6,0.5,2.5,1.2,0.8,0.00047422386978723807
161803,31,C+,11,1,355.74163636363636,275.5598349554684,75.18181818181819,5.0,12.545454545454545,12.454545454545455,137.1818181818182,208.2156246848381,0.9090909090909091,0.7272727272727273,0.8181818181818182,0.45454545454545453,0.0,0.00018451015239406843
161803,31,F_fixed_no_insert,11,1,360.2312727272727,295.04941202876864,60.18181818181818,5.0,10.090909090909092,9.727272727272727,127.36363636363636,188.63636363636363,1.0,0.9090909090909091,2.090909090909091,1.0909090909090908,0.0,0.0004676835446844052
161803,31,F_dynamic_no_insert,11,1,356.4092727272727,288.31839640366223,63.09090909090909,5.0,10.545454545454545,10.363636363636363,188.0909090909091,193.0,1.0,0.8181818181818182,2.0,1.1818181818181819,0.0,0.00036044028456672095
161803,31,F_fixed_insert,11,1,360.4109090909091,287.13816111724594,68.27272727272727,5.0,11.454545454545455,11.0,149.54963763636363,210.85204109047953,0.8181818181818182,0.7272727272727273,3.4545454545454546,1.9090909090909092,0.7272727272727273,0.0002277102944390208
161803,31,F,11,1,349.61927272727274,281.52832983916255,63.09090909090909,5.0,10.545454545454545,10.363636363636363,199.15595027272727,204.06504114013694,0.8181818181818182,0.36363636363636365,2.0,1.0909090909090908,0.5454545454545454,0.0003717692120517313
161803,32,C+,14,1,303.5615714285714,237.84725867595267,60.714285714285715,5.0,10.142857142857142,10.0,132.92857142857142,163.21428571428572,1.0,0.7142857142857143,0.7857142857142857,0.42857142857142855,0.0,0.0003785366625379538
161803,32,F_fixed_no_insert,14,1,289.03664285714285,239.46523853936782,44.57142857142857,5.0,7.5,7.071428571428571,117.92857142857143,144.35714285714286,1.0,0.7857142857142857,2.2857142857142856,1.6428571428571428,0.0,0.0003395511494090897
161803,32,F_dynamic_no_insert,14,1,286.358,237.28656429650303,44.07142857142857,5.0,7.428571428571429,6.928571428571429,100.07142857142857,143.07142857142858,1.0,0.7857142857142857,2.2142857142857144,1.4285714285714286,0.0,9.984895768866409e-05
161803,32,F_fixed_insert,14,1,288.3165,237.45938142050335,45.857142857142854,5.0,7.714285714285714,7.285714285714286,130.87581842857142,157.7756805003472,0.7142857142857143,0.6428571428571429,2.5,1.4285714285714286,0.5714285714285714,0.0003398870467208326
161803,32,F,14,1,278.055,227.98355214041126,45.07142857142857,5.0,7.571428571428571,7.214285714285714,114.11919014285715,157.5477615581714,0.8571428571428571,0.5714285714285714,2.357142857142857,1.2857142857142858,0.5714285714285714,0.0002700342424759583
161803,33,C+,12,1,335.79316666666665,264.4598334598327,66.33333333333333,5.0,11.083333333333334,10.916666666666666,125.75,185.41666666666666,1.0,0.6666666666666666,1.0,0.5,0.0,1.5179921319941059e-06
161803,33,F_fixed_no_insert,12,1,321.18241666666665,261.9324027119978,54.25,5.0,9.083333333333334,8.833333333333334,116.25,172.41666666666666,1.0,0.6666666666666666,2.4166666666666665,1.9166666666666667,0.0,0.00016745602624723688
161803,33,F_dynamic_no_insert,12,1,317.92016666666666,259.1701768948428,53.75,5.0,9.0,8.75,115.75,172.91666666666666,1.0,0.6666666666666666,2.25,1.75,0.0,0.00012273811398699763
161803,33,F_fixed_insert,12,1,310.0885,250.25520570587025,54.833333333333336,5.0,9.166666666666666,9.0,129.83457983333332,186.00124648359346,0.75,0.4166666666666667,2.5,1.4166666666666667,0.6666666666666666,0.00046847044313835795
161803,33,F,12,1,290.20225,231.4522307757513,53.75,5.0,9.0,8.75,133.34568075,192.9748812464728,0.6666666666666666,0.5,2.25,1.1666666666666667,0.6666666666666666,0.00023069098460837267
161803,34,C+,11,1,384.58,303.4890883322326,76.0909090909091,5.0,12.727272727272727,12.454545454545455,109.0,206.63636363636363,1.0,0.7272727272727273,1.0,0.45454545454545453,0.0,2.8345441478450084e-05
161803,34,F_fixed_no_insert,11,1,390.37399999999997,326.55578144532967,58.81818181818182,5.0,9.909090909090908,9.272727272727273,100.27272727272727,187.54545454545453,1.0,0.8181818181818182,2.4545454545454546,1.6363636363636365,0.0,0.00040410137307844707
161803,34,F_dynamic_no_insert,11,1,354.5658181818182,290.3839616559316,59.18181818181818,5.0,9.909090909090908,9.636363636363637,125.72727272727273,188.0909090909091,1.0,0.8181818181818182,2.1818181818181817,1.2727272727272727,0.0,0.0004217847526888363
161803,34,F_fixed_insert,11,1,367.52727272727276,302.16361072144264,60.36363636363637,5.0,10.090909090909092,9.909090909090908,111.02689436363636,200.94699730578003,0.8181818181818182,0.2727272727272727,2.6363636363636362,1.6363636363636365,0.7272727272727273,0.0002820641311700456
161803,34,F,11,1,382.78972727272725,310.51697698701696,67.27272727272727,5.0,11.272727272727273,10.909090909090908,198.6665978181818,204.12114325561114,1.0,0.8181818181818182,3.1818181818181817,1.6363636363636365,0.7272727272727273,0.0002531428131078428
161803,35,C+,13,1,342.6745384615385,270.59761957985035,67.07692307692308,5.0,11.23076923076923,10.923076923076923,143.15384615384616,176.69230769230768,1.0,0.7692307692307693,1.0,0.3076923076923077,0.0,5.453805442812154e-05
161803,35,F_fixed_no_insert,13,1,342.127923076923,288.74327209408654,48.38461538461539,5.0,8.153846153846153,7.615384615384615,129.30769230769232,157.30769230769232,1.0,0.7692307692307693,2.076923076923077,1.1538461538461537,0.0,0.00046277687442852766
161803,35,F_dynamic_no_insert,13,1,351.5813846153846,296.65833385419114,49.92307692307692,5.0,8.384615384615385,8.0,106.38461538461539,156.38461538461542,1.0,0.7692307692307693,2.4615384615384617,1.3846153846153846,0.0,0.0003401044846214063
161803,35,F_fixed_insert,13,1,353.06115384615384,297.8303523016688,50.23076923076923,5.0,8.461538461538462,7.923076923076923,145.77429453846153,173.3127560689049,0.8461538461538461,0.5384615384615384,2.3846153846153846,1.0,0.6153846153846154,0.00042007830506918253
161803,35,F,13,1,324.5984615384615,268.2138199851507,51.38461538461539,5.0,8.615384615384615,8.307692307692308,142.36483315384615,170.89904893595104,0.8461538461538461,0.38461538461538464,2.230769230769231,1.1538461538461537,0.5384615384615384,0.0003401930407562759
161803,36,C+,10,1,380.4618,301.361805376622,74.1,5.0,12.4,12.1,150.3,219.5,1.0,0.6,0.8,0.3,0.0,5.376621993491426e-05
161803,36,F_fixed_no_insert,10,1,414.4621,340.9620790092964,68.5,5.0,11.5,11.0,142.5,208.7,1.0,0.8,2.4,1.2,0.0,0.00020990703615098028
161803,36,F_dynamic_no_insert,10,1,383.2683,310.36831280175636,67.9,5.0,11.4,10.9,139.5,209.9,1.0,0.8,2.3,1.4,0.0,0.00012801756338376435
161803,36,F_fixed_insert,10,1,362.3429,288.54285700256605,68.8,5.0,11.5,11.3,158.7183704,224.91837038696357,0.7,0.5,2.4,1.1,0.8,0.0004299743395677069
161803,36,F,10,1,365.83939999999996,289.9394416586218,70.9,5.0,11.9,11.4,150.4576898,220.85768983143416,1.0,0.5,2.8,1.5,0.8,0.00041658621785245487
161803,37,C+,15,1,294.4384,237.37176605077659,52.06666666666667,5.0,8.733333333333333,8.4,56.46666666666667,143.93333333333334,1.0,0.8,1.4,0.6666666666666666,0.0,0.0004907616489617794
161803,37,F_fixed_no_insert,15,1,283.9148666666667,238.84817896151745,40.06666666666667,5.0,6.733333333333333,6.4,48.46666666666667,129.13333333333335,1.0,0.8,2.8666666666666667,2.1333333333333333,0.0,0.00031557723832520423
161803,37,F_dynamic_no_insert,15,1,276.3199333333333,229.38656971617726,41.93333333333333,5.0,7.0,6.933333333333334,130.73333333333332,133.13333333333333,1.0,0.8666666666666667,2.466666666666667,1.9333333333333333,0.0,0.00045425734106174787
161803,37,F_fixed_insert,15,1,259.6925333333333,214.42584189300538,40.266666666666666,5.0,6.8,6.266666666666667,60.2612148,142.3419851908259,0.8,0.5333333333333333,2.933333333333333,1.7333333333333334,0.5333333333333333,0.00037160491910981364
161803,37,F,15,1,288.9164666666667,239.1831323219244,44.733333333333334,5.0,7.466666666666667,7.4,141.0456508,143.0456508096668,0.9333333333333333,0.5333333333333333,2.933333333333333,2.0,0.5333333333333333,1.517113423687988e-05
161803,38,C+,10,1,381.6565,292.75652711131596,83.9,5.0,14.0,13.9,192.1,226.7,1.0,0.8,1.2,0.6,0.0,0.0002711131596697669
161803,38,F_fixed_no_insert,10,1,390.8306,317.23055364906816,68.6,5.0,11.5,11.1,177.1,209.9,1.0,0.9,2.2,1.3,0.0,0.00046350931870620116
161803,38,F_dynamic_no_insert,10,1,366.0013,293.30132286915523,67.7,5.0,11.3,11.2,175.9,209.3,1.0,0.9,2.1,1.5,0.0,0.00022869155236548977
161803,38,F_fixed_insert,10,1,346.0377,269.93774298675925,71.1,5.0,11.9,11.6,195.3540564,227.55405636997358,1.0,0.3,2.6,1.4,0.8,0.0004298675926293072
161803,38,F,10,1,356.5016,285.10160581881706,66.4,5.0,11.1,10.9,179.746676,215.90416927209603,1.0,0.5,1.9,1.1,0.5,5.818817044200841e-05
161803,39,C+,10,1,411.5656,325.8655580126787,80.7,5.0,13.5,13.2,186.1,221.3,1.0,0.8,1.6,0.7,0.0,0.0004198732126496907
161803,39,F_fixed_no_insert,10,1,417.71279999999996,341.1128025208653,71.6,5.0,12.0,11.6,175.9,208.7,1.0,0.9,2.8,1.7,0.0,2.520865291444352e-05
161803,39,F_dynamic_no_insert,10,1,368.60810000000004,296.90813765296394,66.7,5.0,11.2,10.7,112.7,206.9,1.0,0.8,2.2,1.2,0.0,0.00037652963919754256
161803,39,F_fixed_insert,10,1,372.8969,296.4969230710326,71.4,5.0,12.0,11.4,199.5131049,232.31310486846715,0.5,0.4,2.8,1.5,0.6,0.00023071032592270058
161803,39,F,10,1,362.1317,290.8317100612323,66.3,5.0,11.1,10.8,128.5437038,224.53115534466173,0.7,0.4,2.1,0.9,0.7,0.00010061232296720846
161803,40,C+,15,1,300.3724,235.83906513556906,59.53333333333333,5.0,9.933333333333334,9.866666666666667,130.06666666666666,153.53333333333333,1.0,1.0,1.0,0.4666666666666667,0.0,2.2966464257478947e-05
161803,40,F_fixed_no_insert,15,1,288.4465333333334,237.97987010238174,45.46666666666667,5.0,7.666666666666667,7.133333333333334,116.86666666666666,136.73333333333332,1.0,1.0,1.8666666666666667,1.0,0.0,5.1535725560825085e-05
161803,40,F_dynamic_no_insert,15,1,302.7468,250.41347742242695,47.333333333333336,5.0,7.933333333333334,7.666666666666667,118.06666666666666,137.93333333333334,1.0,1.0,2.066666666666667,1.2666666666666666,0.0,0.00016133640383486636
161803,40,F_fixed_insert,15,1,288.8366,237.70327589624983,46.13333333333333,5.0,7.733333333333333,7.466666666666667,128.93131686666666,147.9979835468099,0.8666666666666667,0.6666666666666666,1.9333333333333333,0.9333333333333333,0.5333333333333333,0.00013844374734617304
161803,40,F,15,1,305.60526666666664,253.47195040932098,47.13333333333333,5.0,7.866666666666666,7.8,126.66115013333334,150.93149528193018,0.8666666666666667,0.5333333333333333,2.0,1.0666666666666667,0.4666666666666667,0.000256139815064671
161803,41,C+,10,1,451.64340000000004,360.14342497476486,86.5,5.0,14.5,14.0,228.5,228.5,1.0,1.0,1.4,0.3,0.0,0.00024974764846774633
161803,41,F_fixed_no_insert,10,1,464.9397,386.1397480867288,73.8,5.0,12.4,11.8,214.7,214.7,1.0,1.0,2.0,0.8,0.0,0.0004808672879335063
161803,41,F_dynamic_no_insert,10,1,436.1139,358.51387852143307,72.6,5.0,12.2,11.6,149.1,212.9,1.0,1.0,2.2,0.9,0.0,0.00021478566941368626
161803,41,F_fixed_insert,10,1,441.06000000000006,361.65996881741546,74.4,5.0,12.5,11.9,227.7359783,227.7359782779942,0.8,0.6,2.1,0.9,0.5,0.00031182584552880144
161803,41,F,10,1,412.33270000000005,335.3327167328511,72.0,5.0,12.1,11.5,190.06018509999998,223.46018509516253,0.9,0.8,2.2,0.9,0.4,0.00016732851099732216
161803,42,C+,11,1,365.6850909090909,285.68509088463946,75.0,5.0,12.545454545454545,12.272727272727273,200.55665827272725,204.37484008941954,0.9090909090909091,0.9090909090909091,1.2727272727272727,0.5454545454545454,0.0,2.6896623239736073e-07
161803,42,F_fixed_no_insert,11,1,358.8276363636364,289.8276265442477,64.0,5.0,10.727272727272727,10.363636363636363,186.45454545454547,190.27272727272728,1.0,1.0,2.5454545454545454,1.6363636363636365,0.0,0.00010801327471199329
161803,42,F_dynamic_no_insert,11,1,342.1670909090909,275.8943827587919,61.27272727272727,5.0,10.272727272727273,9.909090909090908,95.36363636363636,187.0,1.0,1.0,2.727272727272727,1.8181818181818181,0.0,0.0002103467109009216
161803,42,F_fixed_insert,11,1,325.0723636363636,257.43596817173375,62.63636363636363,5.0,10.454545454545455,10.363636363636363,203.43582754545457,206.7085548553578,0.5454545454545454,0.45454545454545453,2.272727272727273,1.1818181818181819,0.7272727272727273,0.00035011092859349446
161803,42,F,11,1,362.9698181818182,298.1516034079919,59.81818181818182,5.0,10.0,9.818181818181818,78.95228518181818,204.5147735376786,0.8181818181818182,0.5454545454545454,2.727272727272727,1.5454545454545454,0.7272727272727273,0.00036251208894100273
161803,43,C+,15,1,312.20813333333336,247.94148785011643,59.266666666666666,5.0,9.933333333333334,9.6,146.68327833333333,151.0832783037222,0.9333333333333333,0.8,1.4666666666666666,0.6,0.0,0.00031775174602444167
161803,43,F_fixed_no_insert,15,1,302.89866666666666,252.2986443837611,45.6,5.0,7.666666666666667,7.266666666666667,131.93333333333334,134.73333333333335,1.0,0.9333333333333333,2.533333333333333,1.6666666666666667,0.0,0.000334243583438365
161803,43,F_dynamic_no_insert,15,1,302.89866666666666,252.2986443837611,45.6,5.0,7.666666666666667,7.266666666666667,131.93333333333334,134.73333333333335,1.0,0.9333333333333333,2.533333333333333,1.6666666666666667,0.0,0.000334243583438365
161803,43,F_fixed_insert,15,1,279.01500000000004,228.34834377227696,45.666666666666664,5.0,7.666666666666667,7.333333333333333,145.59782086666667,148.3978208792342,0.7333333333333333,0.5333333333333333,2.533333333333333,1.4666666666666666,0.5333333333333333,0.00015658415395591874
161803,43,F,15,1,305.2330666666667,255.29974146340538,44.93333333333333,5.0,7.533333333333333,7.266666666666667,131.31185680000002,150.77852349955376,0.7333333333333333,0.4666666666666667,2.066666666666667,1.1333333333333333,0.5333333333333333,0.00012195108047308167
161803,44,C+,11,1,392.05454545454546,308.0545813774724,79.0,5.0,13.181818181818182,13.090909090909092,172.45454545454547,209.36363636363637,1.0,0.9090909090909091,1.0,0.36363636363636365,0.0,0.0003951521957787918
161803,44,F_fixed_no_insert,11,1,395.1807272727273,326.36253322772774,63.81818181818182,5.0,10.727272727272727,10.181818181818182,161.0,193.0,1.0,0.9090909090909091,2.0,1.0,0.0,0.00013449499510898022
161803,44,F_dynamic_no_insert,11,1,389.0605454545455,320.9696315995602,63.09090909090909,5.0,10.636363636363637,9.909090909090908,185.9090909090909,189.72727272727272,1.0,0.9090909090909091,2.4545454545454546,1.0909090909090908,0.0,5.2404837788344594e-05
161803,44,F_fixed_insert,11,1,350.20099999999996,280.2010141747244,65.0,5.0,10.909090909090908,10.454545454545455,181.49911,214.24724000508277,0.6363636363636364,0.45454545454545453,2.1818181818181817,1.0,0.7272727272727273,0.00015592196859870455
161803,44,F,11,1,345.2066363636364,274.2066343922122,66.0,5.0,11.090909090909092,10.545454545454545,205.69251536363637,209.51069715769808,0.6363636363636364,0.5454545454545454,2.909090909090909,1.4545454545454546,0.7272727272727273,2.1685666069970466e-05
161803,45,C+,12,1,373.7805,299.5305131437316,69.25,5.0,11.583333333333334,11.333333333333334,157.58333333333334,187.41666666666666,1.0,0.75,1.1666666666666667,0.16666666666666666,0.0,0.00015772477900100057
161803,45,F_fixed_no_insert,12,1,380.904,317.57069119453786,58.333333333333336,5.0,9.833333333333334,9.166666666666666,147.08333333333334,173.91666666666666,1.0,0.8333333333333334,2.6666666666666665,1.3333333333333333,0.0,0.0002943344543382409
161803,45,F_dynamic_no_insert,12,1,410.00075,345.2507866902226,59.75,5.0,10.0,9.75,171.91666666666666,175.91666666666666,1.0,0.8333333333333334,2.5,1.4166666666666667,0.0,0.0004402826707519125
161803,45,F_fixed_insert,12,1,380.2550833333333,318.5884078908585,56.666666666666664,5.0,9.5,9.166666666666666,161.60340616666667,191.46951205672983,0.8333333333333334,0.5833333333333334,2.3333333333333335,1.0833333333333333,0.5833333333333334,0.00010530969802857726
161803,45,F,12,1,353.80916666666667,289.7258524118202,59.083333333333336,5.0,9.916666666666666,9.5,186.93035208333333,189.9303520792602,0.8333333333333334,0.5,2.4166666666666665,1.25,0.5,0.00022894184257893357
161803,46,C+,10,1,414.5701,321.0701052462486,88.5,5.0,14.8,14.5,228.5,230.3,1.0,0.9,1.4,0.6,0.0,5.246248611001647e-05
161803,46,F_fixed_no_insert,10,1,422.6094,340.6094153639692,77.0,5.0,12.9,12.5,213.5,216.5,1.0,0.9,2.5,1.4,0.0,0.00015363969214376993
161803,46,F_dynamic_no_insert,10,1,410.8438,332.2438373496664,73.6,5.0,12.3,12.1,178.3,213.5,1.0,1.0,2.5,1.6,0.0,0.00037349666399677517
161803,46,F_fixed_insert,10,1,401.7885,320.3884566212676,76.4,5.0,12.8,12.4,221.73033909999998,223.5303390927239,0.9,0.8,2.4,1.2,0.3,0.0004337873242548085
161803,46,F,10,1,401.7885,320.3884566212676,76.4,5.0,12.8,12.4,221.73033909999998,223.5303390927239,0.9,0.8,2.4,1.2,0.3,0.0004337873242548085
161803,47,C+,12,1,346.4095,276.6595367000323,64.75,5.0,10.833333333333334,10.583333333333334,122.75,185.41666666666666,1.0,0.5,0.75,0.08333333333333333,0.0,0.0004404003875606577
161803,47,F_fixed_no_insert,12,1,328.30741666666665,271.05744606086637,52.25,5.0,8.75,8.5,113.25,169.41666666666669,1.0,0.75,2.3333333333333335,1.5,0.0,0.0003527303965711326
161803,47,F_dynamic_no_insert,12,1,328.30741666666665,271.05744606086637,52.25,5.0,8.75,8.5,113.25,169.41666666666669,1.0,0.75,2.3333333333333335,1.5,0.0,0.0003527303965711326
161803,47,F_fixed_insert,12,1,372.8153333333333,313.73198124459606,54.083333333333336,5.0,9.083333333333334,8.666666666666666,130.68761441666666,186.4904981190249,0.8333333333333334,0.4166666666666667,2.6666666666666665,1.25,0.6666666666666666,0.00022506484719997388
161803,47,F,12,1,372.8153333333333,313.73198124459606,54.083333333333336,5.0,9.083333333333334,8.666666666666666,130.68761441666666,186.4904981190249,0.8333333333333334,0.4166666666666667,2.6666666666666665,1.25,0.6666666666666666,0.00022506484719997388
161803,48,C+,13,1,301.3913076923077,226.6221116279694,69.76923076923077,5.0,11.692307692307692,11.307692307692308,148.69230769230768,176.69230769230768,1.0,0.8461538461538461,1.4615384615384615,0.6923076923076923,0.0,0.00045116360206520767
161803,48,F_fixed_no_insert,13,1,296.8227692307692,235.05355714630494,56.76923076923077,5.0,9.538461538461538,9.076923076923077,132.53846153846155,159.6153846153846,1.0,0.9230769230769231,3.076923076923077,2.1538461538461537,0.0,0.000242901964156772
161803,48,F_dynamic_no_insert,13,1,304.38046153846153,245.45740576973236,53.92307692307692,5.0,9.076923076923077,8.538461538461538,158.23076923076923,160.53846153846155,1.0,0.9230769230769231,2.5384615384615383,1.6923076923076923,0.0,0.00027500652095113765
161803,48,F_fixed_insert,13,1,334.5729230769231,275.4959787231478,54.07692307692308,5.0,9.076923076923077,8.692307692307692,146.57695476923078,172.73080090032258,0.8461538461538461,0.6153846153846154,2.6153846153846154,1.1538461538461537,0.6153846153846154,0.0002765990789157513
161803,48,F,13,1,294.2293076923077,232.7677633167464,56.46153846153846,5.0,9.461538461538462,9.153846153846153,176.23961569230772,178.5473080039448,0.6923076923076923,0.5384615384615384,2.923076923076923,1.8461538461538463,0.6153846153846154,7.688229698032956e-05
161803,49,C+,15,1,314.45006666666666,249.78337684170734,59.666666666666664,5.0,10.0,9.666666666666666,128.06666666666666,151.53333333333333,1.0,1.0,1.4,0.6,0.0,0.0003473743900030968
161803,49,F_fixed_no_insert,15,1,312.4432666666667,261.243295117614,46.2,5.0,7.8,7.2,117.26666666666667,137.13333333333333,1.0,1.0,2.3333333333333335,1.2666666666666666,0.0,0.00042676420980569674
161803,49,F_dynamic_no_insert,15,1,299.29293333333334,247.0929036963951,47.2,5.0,7.933333333333334,7.533333333333333,116.86666666666666,138.33333333333334,1.0,1.0,2.4,1.5333333333333334,0.0,0.00044455407396526425
161803,49,F_fixed_insert,15,1,294.88666666666666,242.08663911022683,47.8,5.0,8.066666666666666,7.466666666666667,128.71820166666666,148.1848683379688,0.7333333333333333,0.5333333333333333,2.6,1.2666666666666666,0.5333333333333333,0.0004133465977247397
161803,49,F,15,1,314.6938666666667,260.56053648979645,49.13333333333333,5.0,8.266666666666667,7.8,126.43559626666666,148.23783449814152,0.9333333333333333,0.7333333333333333,2.7333333333333334,1.5333333333333334,0.5333333333333333,4.7346946303150617e-05
161803,50,C+,10,1,409.20169999999996,324.70170068649657,79.5,5.0,13.3,13.0,222.5,223.7,1.0,0.7,1.0,0.3,0.0,6.8649655986519065e-06
161803,50,F_fixed_no_insert,10,1,404.79630000000003,329.4963195645514,70.3,5.0,11.8,11.3,209.3,211.1,1.0,0.8,2.6,1.6,0.0,0.00019564551394068985
161803,50,F_dynamic_no_insert,10,1,384.6011,312.10111882639023,67.5,5.0,11.3,11.0,171.1,209.9,1.0,0.9,2.1,1.5,0.0,0.00018826390260073822
161803,50,F_fixed_insert,10,1,357.8953,283.49529365749345,69.4,5.0,11.6,11.4,233.4705096,235.27050964748128,0.6,0.2,2.4,1.4,0.8,6.342506549117388e-05
161803,50,F,10,1,409.2857,335.98566735809294,68.3,5.0,11.5,10.8,186.87766249999999,226.22554886932676,0.7,0.4,2.3,0.7,0.8,0.00032641907046127017
161803,51,C+,10,1,430.06719999999996,342.1672010087733,82.9,5.0,13.9,13.4,181.9,224.9,1.0,1.0,1.4,0.4,0.0,1.0087733244290575e-05
161803,51,F_fixed_no_insert,10,1,417.582,343.8820025858845,68.7,5.0,11.5,11.2,170.5,209.3,1.0,1.0,2.3,1.3,0.0,2.5858845219772775e-05
161803,51,F_dynamic_no_insert,10,1,398.7302,326.7301829323211,67.0,5.0,11.2,11.0,206.3,209.9,1.0,1.0,1.9,1.1,0.0,0.0001706767889118055
161803,51,F_fixed_insert,10,1,428.3089,356.7089012164096,66.6,5.0,11.2,10.6,194.0957699,231.6957699253055,0.7,0.4,2.0,0.5,0.8,1.2164096006017644e-05
161803,51,F,10,1,348.6002,278.00016073506947,65.6,5.0,11.0,10.6,186.628592,232.60348529857373,0.6,0.3,2.0,0.9,0.7,0.00039264930546778487
161803,52,C+,10,1,403.6448,311.2448435152428,87.4,5.0,14.6,14.4,119.3,230.9,1.0,0.8,1.1,0.5,0.0,0.0004351524280536978
161803,52,F_fixed_no_insert,10,1,369.8837,298.0836759368032,66.8,5.0,11.2,10.8,109.1,208.1,1.0,0.9,2.3,1.5,0.0,0.00024063196769930073
161803,52,F_dynamic_no_insert,10,1,367.2407,292.9406570448465,69.3,5.0,11.6,11.3,141.9,209.9,1.0,0.9,2.3,1.4,0.0,0.0004295515354897361
161803,52,F_fixed_insert,10,1,344.1545,271.6545167302967,67.5,5.0,11.3,11.0,127.2690537,234.6740642355663,0.6,0.5,2.4,1.3,0.8,0.00016730296692912816
161803,52,F,10,1,422.0853,342.08534061090546,75.0,5.0,12.6,12.0,186.9271389,223.3271388905453,1.0,0.7,2.8,1.2,0.8,0.00040610905443827505
161803,53,C+,12,1,365.2545,288.0045240838375,72.25,5.0,12.083333333333334,11.833333333333334,187.99032041666666,192.99032037832652,0.9166666666666666,0.75,0.9166666666666666,0.25,0.0,0.0002890060500249092
161803,53,F_fixed_no_insert,12,1,372.0034166666667,310.50344194858286,56.5,5.0,9.5,9.0,170.91666666666666,174.41666666666666,1.0,0.8333333333333334,2.1666666666666665,1.25,0.0,0.0003033829943888122
161803,53,F_dynamic_no_insert,12,1,409.51624999999996,349.26626005301836,55.25,5.0,9.333333333333334,8.583333333333334,119.25,171.41666666666666,1.0,0.8333333333333334,2.4166666666666665,1.25,0.0,0.00012063622034474974
161803,53,F_fixed_insert,12,1,399.55916666666667,334.2258541841081,60.333333333333336,5.0,10.166666666666666,9.5,190.41611883333334,192.91611886016122,0.8333333333333334,0.6666666666666666,2.8333333333333335,1.0833333333333333,0.6666666666666666,0.0002502092966096825
161803,53,F,12,1,395.00908333333336,332.8423851960246,57.166666666666664,5.0,9.583333333333334,9.25,137.6771355,189.3438021289678,0.8333333333333334,0.6666666666666666,2.6666666666666665,1.1666666666666667,0.6666666666666666,0.0003776477051360416
161803,54,C+,16,1,271.15025,215.02522498466348,51.125,5.0,8.5625,8.3125,140.0100579375,140.76005791592118,0.9375,0.5,0.8125,0.25,0.0,0.0004002453847533616
161803,54,F_fixed_no_insert,16,1,272.0113125,231.2613299906025,35.75,5.0,6.0,5.75,121.4375,122.93750000000001,1.0,0.6875,2.125,1.4375,0.0,0.0002798496402647288
161803,54,F_dynamic_no_insert,16,1,272.0113125,231.2613299906025,35.75,5.0,6.0,5.75,121.4375,122.93750000000001,1.0,0.6875,2.125,1.4375,0.0,0.0002798496402647288
161803,54,F_fixed_insert,16,1,294.0926875,251.59268952732185,37.5,5.0,6.3125,5.9375,130.5833030625,130.95830304540354,0.9375,0.5,2.4375,1.1875,0.5,3.2437149457109626e-05
161803,54,F,16,1,283.715375,241.21535890494619,37.5,5.0,6.3125,5.9375,134.55680525,136.05680526355937,0.75,0.4375,2.375,1.3125,0.5,0.00025752086094144033
161803,55,C+,12,1,345.9095,268.1594848093186,72.75,5.0,12.166666666666666,11.916666666666666,159.58333333333334,189.41666666666666,1.0,0.8333333333333334,1.4166666666666667,0.6666666666666666,0.0,0.0001822881768021034
161803,55,F_fixed_no_insert,12,1,352.56300000000005,287.47962515370665,60.083333333333336,5.0,10.083333333333334,9.666666666666666,150.08333333333334,176.41666666666666,1.0,1.0,2.1666666666666665,1.4166666666666667,0.0,0.000498155520290311
161803,55,F_dynamic_no_insert,12,1,368.81708333333336,304.48377819971546,59.333333333333336,5.0,10.0,9.333333333333334,144.58333333333334,173.91666666666666,1.0,1.0,2.4166666666666665,1.3333333333333333,0.0,0.0003383965854482085
161803,55,F_fixed_insert,12,1,334.2125833333333,269.46259277529606,59.75,5.0,10.0,9.75,168.63545341666665,194.9687867280461,0.75,0.5833333333333334,2.0833333333333335,1.0833333333333333,0.6666666666666666,0.00011330355300742667
161803,55,F,12,1,335.3105,272.64381779422916,57.666666666666664,5.0,9.666666666666666,9.333333333333334,155.24083166666665,184.07416503673417,0.9166666666666666,0.5,2.0833333333333335,1.0833333333333333,0.4166666666666667,0.00018646924991116975
161803,56,C+,10,1,449.151,360.25100173133404,83.9,5.0,14.0,13.9,187.9,226.99602549089894,0.9,0.7,1.3,0.6,0.0,1.731334032228915e-05
161803,56,F_fixed_no_insert,10,1,420.2189,346.0188593957965,69.2,5.0,11.6,11.2,174.7,208.7,1.0,0.9,2.5,1.3,0.0,0.0004060420355926908
161803,56,F_dynamic_no_insert,10,1,420.2189,346.0188593957965,69.2,5.0,11.6,11.2,174.7,208.7,1.0,0.9,2.5,1.3,0.0,0.0004060420355926908
161803,56,F_fixed_insert,10,1,420.2993,347.3992857793921,67.9,5.0,11.4,10.9,189.6217329,224.66320768065899,0.7,0.4,2.3,1.0,0.8,0.00014220607954484876
161803,56,F,10,1,395.86199999999997,319.26198891642764,71.6,5.0,12.0,11.6,223.9364066,226.93640655703152,0.8,0.4,2.6,1.3,0.8,0.0001108357237171731
161803,57,C+,11,1,385.9644545454546,305.4189615554536,75.54545454545455,5.0,12.636363636363637,12.363636363636363,140.45454545454547,205.54545454545453,1.0,0.6363636363636364,1.0909090909090908,0.2727272727272727,0.0,0.00042289001066819765
161803,57,F_fixed_no_insert,11,1,374.06245454545456,308.3351764712649,60.72727272727273,5.0,10.181818181818182,9.818181818181818,130.0909090909091,190.27272727272728,1.0,0.7272727272727273,2.5454545454545454,1.6363636363636365,0.0,5.8816086038859794e-05
161803,57,F_dynamic_no_insert,11,1,379.93372727272725,315.751890591669,59.18181818181818,5.0,9.909090909090908,9.636363636363637,129.0,189.1818181818182,1.0,0.7272727272727273,2.4545454545454546,1.7272727272727273,0.0,0.00020349164105937234
161803,57,F_fixed_insert,11,1,357.3148181818182,291.3147906013775,61.0,5.0,10.181818181818182,10.090909090909092,142.12213209090908,211.75193324972858,0.5454545454545454,0.2727272727272727,2.5454545454545454,1.5454545454545454,0.7272727272727273,0.0003033848474842671
161803,57,F,11,1,357.68018181818184,292.3165340736853,60.36363636363637,5.0,10.090909090909092,9.909090909090908,148.07065745454545,210.17636569952026,0.5454545454545454,0.36363636363636365,2.6363636363636362,1.6363636363636365,0.5454545454545454,0.00012518946141426568
161803,58,C+,12,1,344.65775,266.8243754276228,72.83333333333333,5.0,12.166666666666666,12.0,187.41666666666666,189.41666666666666,1.0,0.9166666666666666,1.4166666666666667,0.75,0.0,0.0004948685268573172
161803,58,F_fixed_no_insert,12,1,334.1048333333333,268.1881483230067,60.916666666666664,5.0,10.25,9.666666666666666,171.91666666666666,174.91666666666666,1.0,1.0,2.8333333333333335,1.8333333333333333,0.0,0.00022012391900716466
161803,58,F_dynamic_no_insert,12,1,325.83033333333333,261.0803658703592,59.75,5.0,10.0,9.75,145.58333333333334,174.41666666666666,1.0,1.0,2.5833333333333335,1.9166666666666667,0.0,0.00039044431014190195
161803,58,F_fixed_insert,12,1,334.29858333333334,271.04855838472656,58.25,5.0,9.75,9.5,184.77152658333333,187.27152655390066,0.8333333333333334,0.5833333333333334,2.3333333333333335,1.1666666666666667,0.6666666666666666,0.00029938328134448966
161803,58,F,12,1,318.16991666666667,253.91992492549858,59.25,5.0,9.916666666666666,9.666666666666666,168.92550041666667,196.7588337601037,0.5833333333333334,0.3333333333333333,2.75,1.75,0.6666666666666666,9.910598282658611e-05
161803,59,C+,13,1,340.39292307692307,273.5467693069748,61.84615384615385,5.0,10.384615384615385,9.923076923076923,140.3846153846154,171.15384615384616,1.0,0.6923076923076923,1.0769230769230769,0.3076923076923077,0.0,9.906721061270218e-07
161803,59,F_fixed_no_insert,13,1,314.07961538461535,261.61806387239636,47.46153846153846,5.0,8.0,7.461538461538462,128.84615384615384,155.46153846153848,1.0,0.8461538461538461,2.3076923076923075,1.4615384615384615,0.0,0.00016965884697128786
161803,59,F_dynamic_no_insert,13,1,319.15,267.45768910916263,46.69230769230769,5.0,7.846153846153846,7.461538461538462,105.92307692307692,155.46153846153848,1.0,0.8461538461538461,2.1538461538461537,1.4615384615384615,0.0,4.1580885408620816e-05
161803,59,F_fixed_insert,13,1,311.9561538461538,258.3407829890229,48.61538461538461,5.0,8.153846153846153,7.846153846153846,142.84491861538461,168.53722630361807,0.7692307692307693,0.6153846153846154,2.4615384615384617,1.1538461538461537,0.6153846153846154,0.0001788572981240577
161803,59,F,13,1,343.007,288.39164280078836,49.61538461538461,5.0,8.307692307692308,8.076923076923077,121.24778246153846,174.87205601397818,0.7692307692307693,0.46153846153846156,2.6153846153846154,1.4615384615384615,0.6153846153846154,0.0003564102480595466
161803,60,C+,15,1,298.4449333333333,238.44490489064194,55.0,5.0,9.2,9.0,125.26666666666667,149.53333333333333,1.0,0.7333333333333333,0.9333333333333333,0.4666666666666667,0.0,0.0004266403707333666
161803,60,F_fixed_no_insert,15,1,336.4264,287.95975086750553,43.46666666666667,5.0,7.333333333333333,6.8,111.66666666666667,133.93333333333334,1.0,0.8,2.533333333333333,1.4,0.0,0.00026301258367311675
161803,60,F_dynamic_no_insert,15,1,283.68986666666666,235.75654264753663,42.93333333333333,5.0,7.2,6.933333333333334,135.53333333333333,135.93333333333334,1.0,0.8,2.066666666666667,1.4,0.0,0.0001397130495206511
161803,60,F_fixed_insert,15,1,324.0698,276.2698060392874,42.8,5.0,7.2,6.8,121.39561866666666,143.66228533056076,0.9333333333333333,0.5333333333333333,2.4,1.0666666666666667,0.5333333333333333,9.058931118488545e-05
161803,60,F,15,1,294.2372,244.30384018752676,44.93333333333333,5.0,7.533333333333333,7.266666666666667,143.83035606666667,143.83035608497727,1.0,0.4,2.4,1.4666666666666666,0.5333333333333333,0.0003971870987697912
161803,61,C+,14,1,325.2484285714286,258.3198794558954,61.92857142857143,5.0,10.357142857142858,10.142857142857142,137.21428571428572,162.35714285714286,1.0,0.8571428571428571,1.1428571428571428,0.5714285714285714,0.0,0.0003123825349575782
161803,61,F_fixed_no_insert,14,1,327.38357142857143,273.52642890803753,48.857142857142854,5.0,8.285714285714286,7.428571428571429,122.21428571428571,145.64285714285717,1.0,0.9285714285714286,2.7857142857142856,1.7857142857142858,0.0,4.712525424110936e-06
161803,61,F_dynamic_no_insert,14,1,313.59607142857146,259.95320819302543,48.642857142857146,5.0,8.142857142857142,7.928571428571429,123.07142857142857,147.78571428571428,1.0,0.9285714285714286,2.357142857142857,1.6428571428571428,0.0,8.529764409104246e-05
161803,61,F_fixed_insert,14,1,301.13592857142856,249.3501832675319,46.785714285714285,5.0,7.857142857142857,7.5,140.1865227142857,162.3293798457666,0.7142857142857143,0.42857142857142855,2.357142857142857,1.2857142857142858,0.5714285714285714,0.00043425455396572943
161803,61,F,14,1,311.88135714285715,259.2384958811833,47.642857142857146,5.0,8.0,7.642857142857143,132.98279271428572,163.5498872948615,0.7857142857142857,0.14285714285714285,2.2142857142857144,1.4285714285714286,0.42857142857142855,5.7663433381094364e-05
161803,62,C+,16,1,268.847625,212.6601305160435,51.1875,5.0,8.5625,8.375,133.4375,137.9375,1.0,0.9375,1.1875,0.625,0.0,8.82566960171971e-05
161803,62,F_fixed_no_insert,16,1,251.5705625,207.32058602295697,39.25,5.0,6.5625,6.4375,122.9375,125.93750000000001,1.0,0.9375,1.9375,1.375,0.0,0.00037636731167367543
161803,62,F_dynamic_no_insert,16,1,241.744625,202.11965476537412,34.625,5.0,5.8125,5.5625,102.4375,104.31250000000001,1.0,1.0,2.0,1.375,0.0,0.0004762459857374779
161803,62,F_fixed_insert,16,1,254.0401875,209.91515671586214,39.125,5.0,6.5625,6.3125,142.828249,145.4532489850659,0.6875,0.5,1.9375,1.125,0.5,0.0004925462058054109
161803,62,F,16,1,250.051125,210.6761128552933,34.375,5.0,5.75,5.625,114.175862125,128.7013885568736,0.875,0.4375,1.9375,1.125,0.5,0.00019431530745350756
161803,63,C+,11,1,350.2286363636363,271.7741093566389,73.45454545454545,5.0,12.272727272727273,12.090909090909092,109.54545454545455,204.45454545454547,1.0,0.7272727272727273,0.9090909090909091,0.45454545454545453,0.0,0.00020292302815505536
161803,63,F_fixed_no_insert,11,1,362.99845454545454,298.54387430684056,59.45454545454545,5.0,10.0,9.454545454545455,99.72727272727273,187.54545454545453,1.0,0.8181818181818182,2.4545454545454546,1.3636363636363635,0.0,0.00038262475391093176
161803,63,F_dynamic_no_insert,11,1,348.66354545454544,282.11805917930997,61.54545454545455,5.0,10.272727272727273,10.181818181818182,188.0909090909091,189.72727272727272,1.0,0.8181818181818182,2.3636363636363638,1.8181818181818181,0.0,0.00034902759034594055
161803,63,F_fixed_insert,11,1,347.00890909090907,282.73616062643976,59.27272727272727,5.0,9.909090909090908,9.727272727272727,117.08955172727273,203.8168244372747,0.9090909090909091,0.36363636363636365,2.3636363636363638,1.2727272727272727,0.7272727272727273,0.00023310916276386706
161803,63,F,11,1,336.415,271.14229882354,60.27272727272727,5.0,10.090909090909092,9.818181818181818,209.34399054545455,210.43489965127657,0.7272727272727273,0.2727272727272727,2.1818181818181817,1.2727272727272727,0.7272727272727273,0.00028705893964797724
161803,64,C+,11,1,382.9099090909091,297.00077443512043,80.9090909090909,5.0,13.545454545454545,13.181818181818182,177.16122372727273,210.25213282496796,0.9090909090909091,0.8181818181818182,1.5454545454545454,0.6363636363636364,0.0,0.00048121367535713944
161803,64,F_fixed_no_insert,11,1,381.6200909090909,315.256492311858,61.36363636363637,5.0,10.272727272727273,10.0,156.0909090909091,187.54545454545453,1.0,1.0,2.727272727272727,1.9090909090909092,0.0,0.0004154304378971574
161803,64,F_dynamic_no_insert,11,1,380.52645454545456,314.3445951742273,61.18181818181818,5.0,10.272727272727273,9.818181818181818,156.0909090909091,187.54545454545453,1.0,1.0,2.727272727272727,1.9090909090909092,0.0,0.00045308349990591523
161803,64,F_fixed_insert,11,1,385.73172727272726,319.4589557946778,61.27272727272727,5.0,10.272727272727273,9.909090909090908,175.93354054545455,205.66178843320748,0.8181818181818182,0.2727272727272727,2.727272727272727,1.5454545454545454,0.7272727272727273,0.0004862585437876987
161803,64,F,11,1,376.0250909090909,307.5705558918617,63.45454545454545,5.0,10.636363636363637,10.272727272727273,207.32837945454546,209.51019760775043,0.8181818181818182,0.45454545454545453,2.8181818181818183,1.6363636363636365,0.6363636363636364,0.0001148104793173843
161803,65,C+,10,1,393.48130000000003,306.4813148609845,82.0,5.0,13.7,13.5,155.1,227.3,1.0,0.7,0.8,0.2,0.0,0.00014860984492770513
161803,65,F_fixed_no_insert,10,1,374.4495,302.1494904141285,67.3,5.0,11.3,10.8,139.5,208.1,1.0,0.8,2.4,1.5,0.0,9.585871521267109e-05
161803,65,F_dynamic_no_insert,10,1,402.1375,327.9374649174196,69.2,5.0,11.6,11.2,140.7,208.1,1.0,0.8,2.8,1.7,0.0,0.00035082580370726646
161803,65,F_fixed_insert,10,1,384.356,314.0559635703385,65.3,5.0,10.9,10.8,161.0533212,229.05332115297924,0.9,0.3,2.0,1.0,0.8,0.0003642966148618143
161803,65,F,10,1,410.30330000000004,334.90329994235424,70.4,5.0,11.8,11.4,200.7991847,235.39918471573682,0.8,0.5,2.6,1.2,0.8,5.764577508671209e-07
161803,66,C+,12,1,377.51666666666665,301.85003775958893,70.66666666666667,5.0,11.833333333333334,11.5,182.91666666666666,187.91666666666666,1.0,0.8333333333333334,1.3333333333333333,0.5,0.0,0.00045311506755751907
161803,66,F_fixed_no_insert,12,1,341.6095833333333,278.85960884267246,57.75,5.0,9.666666666666666,9.416666666666666,171.41666666666666,175.91666666666666,1.0,0.9166666666666666,2.1666666666666665,1.3333333333333333,0.0,0.0003061120701204345
161803,66,F_dynamic_no_insert,12,1,341.6095833333333,278.85960884267246,57.75,5.0,9.666666666666666,9.416666666666666,171.41666666666666,175.91666666666666,1.0,0.9166666666666666,2.1666666666666665,1.3333333333333333,0.0,0.0003061120701204345
161803,66,F_fixed_insert,12,1,338.515,275.8483342288665,57.666666666666664,5.0,9.666666666666666,9.333333333333334,185.73823191666668,189.7382318798246,0.75,0.4166666666666667,2.1666666666666665,1.3333333333333333,0.4166666666666667,1.0746398402261548e-05
161803,66,F,12,1,311.88666666666666,249.5533298507412,57.333333333333336,5.0,9.583333333333334,9.416666666666666,183.650612,186.6506120309217,0.6666666666666666,0.25,2.1666666666666665,1.4166666666666667,0.4166666666666667,4.179110555924126e-05
161803,67,C+,15,1,285.21633333333335,222.68297753843984,57.53333333333333,5.0,9.6,9.533333333333333,126.86666666666666,149.53333333333333,1.0,0.9333333333333333,1.3333333333333333,0.7333333333333333,0.0,0.00033692340230118134
161803,67,F_fixed_no_insert,15,1,284.60873333333336,239.6087459575967,40.0,5.0,6.733333333333333,6.333333333333333,108.86666666666666,129.13333333333335,1.0,1.0,2.6,1.6666666666666667,0.0,0.00018936395053970045
161803,67,F_dynamic_no_insert,15,1,274.0253333333333,223.69198267523717,45.333333333333336,5.0,7.6,7.333333333333333,130.33333333333334,133.53333333333336,1.0,1.0,2.6666666666666665,1.6666666666666667,0.0,0.00025987144272221485
161803,67,F_fixed_insert,15,1,276.0407333333333,230.30742819595417,40.733333333333334,5.0,6.866666666666666,6.4,125.29802926666666,146.39163711128901,0.7333333333333333,0.5333333333333333,2.7333333333333334,1.6,0.5333333333333333,0.00042293931255699135
161803,67,F,15,1,261.9582,218.0915503450892,38.86666666666667,5.0,6.533333333333333,6.2,59.84549633333334,138.1121629733145,0.9333333333333333,0.5333333333333333,2.6,1.4666666666666666,0.5333333333333333,0.0002551763377596217
161803,68,C+,12,1,364.2729166666666,287.106275459285,72.16666666666667,5.0,12.083333333333334,11.75,157.08333333333334,188.41666666666666,1.0,1.0,1.5,0.75,0.0,0.0003055114202652476
161803,68,F_fixed_no_insert,12,1,350.42249999999996,291.00580337613,54.416666666666664,5.0,9.166666666666666,8.583333333333334,143.08333333333334,170.91666666666666,1.0,0.9166666666666666,2.0,1.0,0.0,0.00035948643926531076
161803,68,F_dynamic_no_insert,12,1,340.44141666666667,283.3580862832851,52.083333333333336,5.0,8.75,8.333333333333334,115.75,168.91666666666669,1.0,0.9166666666666666,2.0,0.9166666666666666,0.0,3.5399420994508546e-05
161803,68,F_fixed_insert,12,1,329.0785,269.4118487711506,54.666666666666664,5.0,9.166666666666666,8.833333333333334,164.0508495,191.44081754939066,0.5833333333333334,0.4166666666666667,2.0,0.9166666666666666,0.5833333333333334,0.00018525380710343597
161803,68,F,12,1,371.4961666666666,314.32948931044535,52.166666666666664,5.0,8.75,8.416666666666666,129.50374791666667,181.7270493096246,0.75,0.5,2.0,0.75,0.6666666666666666,0.00012827465525333537
161803,69,C+,12,1,322.22166666666664,247.88832284204747,69.33333333333333,5.0,11.583333333333334,11.416666666666666,157.58333333333334,186.91666666666666,1.0,1.0,1.25,0.75,0.0,0.00012589543030117056
161803,69,F_fixed_no_insert,12,1,344.968,282.3846953090698,57.583333333333336,5.0,9.666666666666666,9.25,144.08333333333334,169.41666666666669,1.0,1.0,2.6666666666666665,1.5833333333333333,0.0,0.00034370883759038406
161803,69,F_dynamic_no_insert,12,1,320.1334166666667,256.7167690441721,58.416666666666664,5.0,9.833333333333334,9.25,166.91666666666666,168.91666666666669,1.0,1.0,3.0,1.6666666666666667,0.0,0.00022853006521472707
161803,69,F_fixed_insert,12,1,312.1705,250.087203385244,57.083333333333336,5.0,9.583333333333334,9.166666666666666,159.52549025,184.8588236233535,0.8333333333333334,0.4166666666666667,2.5833333333333335,1.4166666666666667,0.6666666666666666,0.0004406229281812557
161803,69,F,12,1,345.83891666666665,281.50561621075457,59.333333333333336,5.0,10.0,9.333333333333334,177.03847975,179.03847971370533,0.8333333333333334,0.75,3.1666666666666665,1.3333333333333333,0.6666666666666666,0.0003945290550291247
161803,70,C+,16,1,287.819125,224.8191313610803,58.0,5.0,9.6875,9.5625,138.6875,145.0625,1.0,0.875,1.125,0.5625,0.0,0.00010177728518101503
161803,70,F_fixed_no_insert,16,1,273.4310625,225.11854286003992,43.3125,5.0,7.25,7.0625,125.9375,129.3125,1.0,0.875,2.125,1.5,0.0,0.0003142393611597072
161803,70,F_dynamic_no_insert,16,1,281.827625,233.07761489459335,43.75,5.0,7.3125,7.1875,127.8125,130.8125,1.0,0.875,1.875,1.375,0.0,0.00016168650654435623
161803,70,F_fixed_insert,16,1,275.766625,228.07915183287753,42.6875,5.0,7.125,7.0625,145.799096125,148.42409613125474,0.75,0.5,2.0,1.125,0.5,0.00042932604083034676
161803,70,F,16,1,273.3085625,221.30859343889244,47.0,5.0,7.875,7.625,145.4437770625,147.31877707651438,0.8125,0.5,2.4375,1.5,0.5,0.0004950222792103887
161803,71,C+,16,1,311.6563125,247.093832628677,59.5625,5.0,10.0,9.5625,138.6875,143.5625,1.0,0.9375,1.6875,0.6875,0.0,0.0003220588318981754
161803,71,F_fixed_no_insert,16,1,292.6610625,243.91106755535844,43.75,5.0,7.375,6.875,125.1875,127.06250000000001,1.0,1.0,2.625,1.5625,0.0,8.088573486020323e-05
161803,71,F_dynamic_no_insert,16,1,290.1404375,244.57795929628813,40.5625,5.0,6.8125,6.5,121.0625,123.31250000000001,1.0,1.0,2.625,1.6875,0.0,0.0003487406097519852
161803,71,F_fixed_insert,16,1,278.29025,231.2902726522666,42.0,5.0,7.0625,6.6875,133.5665769375,135.4415769164331,0.8125,0.6875,2.3125,1.125,0.5,0.0003624362652772106
161803,71,F,16,1,275.5099375,232.82241074307075,37.6875,5.0,6.3125,6.125,135.9709885,137.84598847466575,0.9375,0.375,2.125,1.1875,0.5,0.00042811086768779205
161803,72,C+,11,1,380.57000000000005,299.84276044902185,75.72727272727273,5.0,12.636363636363637,12.545454545454545,170.27272727272728,206.0909090909091,1.0,0.8181818181818182,1.0,0.36363636363636365,0.0,0.0003649392401712248
161803,72,F_fixed_no_insert,11,1,370.4935454545455,303.5844823443136,61.90909090909091,5.0,10.363636363636363,10.090909090909092,159.9090909090909,191.9090909090909,1.0,0.8181818181818182,2.090909090909091,1.4545454545454546,0.0,0.00030578744917875156
161803,72,F_dynamic_no_insert,11,1,361.63654545454546,291.2728932180741,65.36363636363636,5.0,10.909090909090908,10.818181818181818,190.27272727272728,195.1818181818182,1.0,0.8181818181818182,2.1818181818181817,1.5454545454545454,0.0,0.00017460118488088483
161803,72,F_fixed_insert,11,1,380.07354545454547,313.25532198632555,61.81818181818182,5.0,10.363636363636363,10.0,180.04576409090907,210.95485500908728,0.6363636363636364,0.45454545454545453,2.090909090909091,0.9090909090909091,0.7272727272727273,0.000458150419035519
161803,72,F,11,1,352.00399999999996,281.45853077040573,65.54545454545455,5.0,11.0,10.545454545454545,207.42802427272727,211.791660665516,0.7272727272727273,0.45454545454545453,2.272727272727273,1.0909090909090908,0.7272727272727273,0.00016152553689607885
161803,73,C+,10,1,408.2428,317.54278477045665,85.7,5.0,14.3,14.2,183.1,225.5,1.0,0.8,1.7,0.8,0.0,0.0001522954335086979
161803,73,F_fixed_no_insert,10,1,394.74940000000004,320.04935185719637,69.7,5.0,11.7,11.2,170.5,209.3,1.0,0.8,2.4,1.3,0.0,0.00048142803643713705
161803,73,F_dynamic_no_insert,10,1,386.4817,309.5817332108162,71.9,5.0,12.1,11.4,209.9,212.9,1.0,0.8,2.3,1.2,0.0,0.000332108162183431
161803,73,F_fixed_insert,10,1,385.96930000000003,310.4693052676619,70.5,5.0,11.8,11.5,192.9943104,231.7943104082131,0.9,0.5,2.5,1.4,0.8,5.267661890684394e-05
161803,73,F,10,1,345.0933,268.8932625205316,71.2,5.0,11.9,11.7,231.1348238,237.134823771229,0.7,0.3,2.2,1.2,0.7,0.00037479468392120907
161803,74,C+,12,1,347.4849166666667,270.1515575936179,72.33333333333333,5.0,12.083333333333334,11.916666666666666,160.58333333333334,191.91666666666666,1.0,0.6666666666666666,0.9166666666666666,0.3333333333333333,0.0,0.00030887658567735343
161803,74,F_fixed_no_insert,12,1,329.4495,270.7828640278499,53.666666666666664,5.0,9.0,8.666666666666666,142.58333333333334,171.41666666666666,1.0,0.8333333333333334,2.25,1.4166666666666667,0.0,0.00036833419881077134
161803,74,F_dynamic_no_insert,12,1,336.92058333333335,277.25390444132876,54.666666666666664,5.0,9.166666666666666,8.833333333333334,146.58333333333334,172.91666666666666,1.0,0.8333333333333334,2.0833333333333335,1.3333333333333333,0.0,0.00014670405516881146
161803,74,F_fixed_insert,12,1,337.4633333333333,276.71336156310497,55.75,5.0,9.333333333333334,9.083333333333334,162.46141208333333,196.18007722227568,0.5833333333333334,0.5,2.5833333333333335,1.5,0.6666666666666666,0.00033875725966936443
161803,74,F,12,1,346.3478333333333,282.09786193768633,59.25,5.0,9.916666666666666,9.666666666666666,163.242005,189.07533831312116,1.0,0.3333333333333333,2.8333333333333335,1.75,0.6666666666666666,0.0003432522357798007
161803,75,C+,12,1,360.35100000000006,282.85096896212355,72.5,5.0,12.166666666666666,11.666666666666666,155.08333333333334,190.41666666666666,1.0,0.75,1.25,0.3333333333333333,0.0,0.0003724545181285066
161803,75,F_fixed_no_insert,12,1,359.20883333333336,298.3754956088603,55.833333333333336,5.0,9.416666666666666,8.75,143.08333333333334,171.91666666666666,1.0,0.9166666666666666,2.25,1.0833333333333333,0.0,5.269367647997569e-05
161803,75,F_dynamic_no_insert,12,1,337.54041666666666,278.4571031520024,54.083333333333336,5.0,9.083333333333334,8.666666666666666,144.58333333333334,171.91666666666666,1.0,0.9166666666666666,2.0,1.1666666666666667,0.0,0.00023782402831784566
161803,75,F_fixed_insert,12,1,339.3006666666667,279.21732866244247,55.083333333333336,5.0,9.25,8.833333333333334,158.23467041666666,186.56800375625653,0.8333333333333334,0.5833333333333334,2.0833333333333335,1.0,0.5,5.6050690545816906e-05
161803,75,F,12,1,335.28125,274.8645629586575,55.416666666666664,5.0,9.333333333333334,8.75,159.17343083333333,185.506764136055,0.8333333333333334,0.5833333333333334,2.1666666666666665,1.0,0.5,0.00024449611009913497
161803,76,C+,11,1,358.89163636363634,278.43710284224414,75.45454545454545,5.0,12.636363636363637,12.272727272727273,203.81652518181818,207.08925244382007,0.9090909090909091,0.9090909090909091,1.1818181818181819,0.45454545454545453,0.0,0.0001312646854785271
161803,76,F_fixed_no_insert,11,1,350.54145454545454,282.6323363279152,62.90909090909091,5.0,10.545454545454545,10.181818181818182,189.72727272727272,191.9090909090909,1.0,0.9090909090909091,2.1818181818181817,1.3636363636363635,0.0,0.00030039293324080063
161803,76,F_dynamic_no_insert,11,1,361.3931818181818,294.0295586728115,62.36363636363637,5.0,10.454545454545455,10.090909090909092,159.9090909090909,190.8181818181818,1.0,0.9090909090909091,2.1818181818181817,1.4545454545454546,0.0,0.0001454009266126377
161803,76,F_fixed_insert,11,1,338.6287272727273,270.7196614989361,62.90909090909091,5.0,10.545454545454545,10.181818181818182,205.18987718181816,207.37169537644274,0.8181818181818182,0.45454545454545453,2.1818181818181817,1.1818181818181819,0.7272727272727273,0.00027648829700410715
161803,76,F,11,1,317.0605454545455,250.96966811650856,61.09090909090909,5.0,10.272727272727273,9.727272727272727,174.75545636363634,206.75552168873136,0.7272727272727273,0.2727272727272727,2.0,1.0909090909090908,0.7272727272727273,0.0003492815940262517
161803,77,C+,10,1,402.51840000000004,308.3184036439512,89.2,5.0,14.9,14.7,192.1,232.7,1.0,0.8,1.1,0.5,0.0,3.643951185949845e-05
161803,77,F_fixed_no_insert,10,1,382.8923,301.09229232082583,76.8,5.0,12.9,12.3,181.3,218.3,1.0,0.8,2.4,1.6,0.0,7.679174132135813e-05
161803,77,F_dynamic_no_insert,10,1,384.9098,304.8098384831215,75.1,5.0,12.6,12.1,185.5,218.9,1.0,0.8,1.9,1.2,0.0,0.0003848312148875266
161803,77,F_fixed_insert,10,1,372.3496,286.3495728519438,81.0,5.0,13.6,13.0,197.9592749,234.95927489360565,0.9,0.7,3.1,1.5,0.8,0.00027148056233272655
161803,77,F,10,1,349.3283,267.6283436367692,76.7,5.0,12.9,12.2,205.02973189999997,237.82973191055726,0.8,0.6,2.2,1.0,0.8,0.0004363676921457227
161803,78,C+,10,1,427.25699999999995,330.95704193429617,91.3,5.0,15.3,14.8,196.9,233.9,1.0,0.9,1.3,0.3,0.0,0.00041934296177714714
161803,78,F_fixed_no_insert,10,1,409.9995,331.09945705082174,73.9,5.0,12.4,11.9,183.1,215.9,1.0,1.0,1.9,0.9,0.0,0.00042949178259732435
161803,78,F_dynamic_no_insert,10,1,414.19120000000004,335.6912166210514,73.5,5.0,12.3,12.0,211.1,216.5,1.0,1.0,1.9,1.0,0.0,0.00016621051372567308
161803,78,F_fixed_insert,10,1,416.82849999999996,335.6285460691298,76.2,5.0,12.8,12.2,194.04202479999998,226.2420248039346,1.0,0.8,2.3,0.9,0.5,0.00046069129848547163
161803,78,F,10,1,414.9525,332.75245109173676,77.2,5.0,12.9,12.7,221.672163,226.47216298200482,0.9,0.8,2.5,1.2,0.5,0.0004890826321570785
161803,79,C+,10,1,440.41229999999996,347.11231642147385,88.3,5.0,14.8,14.3,193.3,227.9,1.0,0.8,1.8,0.7,0.0,0.00016421473901573336
161803,79,F_fixed_no_insert,10,1,391.4918,312.6917689587609,73.8,5.0,12.4,11.8,183.1,215.3,1.0,0.8,2.2,1.3,0.0,0.00031041239117257646
161803,79,F_dynamic_no_insert,10,1,391.4918,312.6917689587609,73.8,5.0,12.4,11.8,183.1,215.3,1.0,0.8,2.2,1.3,0.0,0.00031041239117257646
161803,79,F_fixed_insert,10,1,399.9969,320.29690136504735,74.7,5.0,12.5,12.2,201.4815331,233.6815331371293,0.8,0.5,2.3,1.0,0.8,1.3650473647430772e-05
161803,79,F,10,1,402.73220000000003,322.93222598432345,74.8,5.0,12.5,12.3,204.5173184,236.71731841605975,0.8,0.4,2.3,1.0,0.8,0.000259843234289292
161803,80,C+,10,1,394.7907,304.49065045109535,85.3,5.0,14.3,13.8,192.1,226.7,1.0,0.8,1.5,0.5,0.0,0.0004954890464432538
161803,80,F_fixed_no_insert,10,1,386.8082,308.008228627351,73.8,5.0,12.4,11.8,183.1,215.9,1.0,0.8,2.3,1.3,0.0,0.00028627351002796786
161803,80,F_dynamic_no_insert,10,1,386.8082,308.008228627351,73.8,5.0,12.4,11.8,183.1,215.9,1.0,0.8,2.3,1.3,0.0,0.00028627351002796786
161803,80,F_fixed_insert,10,1,388.697,310.8969929750248,72.8,5.0,12.2,11.8,204.01571080000002,236.21571080668633,0.6,0.4,2.1,0.8,0.8,7.024975229796837e-05
161803,80,F,10,1,375.87420000000003,297.5741730603638,73.3,5.0,12.3,11.8,196.3628587,231.96640703855627,0.8,0.4,2.6,1.3,0.8,0.00026939636200040695
161803,81,C+,12,1,357.4748333333334,283.97486200405257,68.5,5.0,11.5,11.0,159.08333333333334,187.41666666666666,1.0,0.6666666666666666,1.0833333333333333,0.25,0.0,0.000344048630722682
161803,81,F_fixed_no_insert,12,1,348.8788333333334,289.7955242497136,54.083333333333336,5.0,9.083333333333334,8.666666666666666,145.58333333333334,172.41666666666666,1.0,0.6666666666666666,2.1666666666666665,1.1666666666666667,0.0,0.0002909965628532518
161803,81,F_dynamic_no_insert,12,1,349.5018333333333,289.0018233094127,55.5,5.0,9.333333333333334,8.833333333333334,167.91666666666666,172.41666666666666,1.0,0.6666666666666666,2.3333333333333335,1.4166666666666667,0.0,0.00012028704713884508
161803,81,F_fixed_insert,12,1,324.3875,266.30416368845243,53.083333333333336,5.0,8.916666666666666,8.5,160.28052549999998,186.113858845174,0.6666666666666666,0.25,2.0,0.8333333333333334,0.6666666666666666,3.573857065930497e-05
161803,81,F,12,1,324.81025,265.5602371690284,54.25,5.0,9.083333333333334,8.833333333333334,130.296873,181.96353968941358,0.8333333333333334,0.5,2.5,1.3333333333333333,0.6666666666666666,0.00015397165861941176
161803,82,C+,13,1,308.93476923076923,240.4732592618689,63.46153846153846,5.0,10.615384615384615,10.384615384615385,167.46153846153845,172.53846153846155,1.0,0.8461538461538461,1.0769230769230769,0.5384615384615384,0.0,0.00037040429560875054
161803,82,F_fixed_no_insert,13,1,289.49815384615385,231.80586642137374,52.69230769230769,5.0,8.846153846153847,8.461538461538462,155.92307692307693,158.69230769230768,1.0,1.0,2.230769230769231,1.5384615384615385,0.0,0.00026347785842517624
161803,82,F_dynamic_no_insert,13,1,330.8191538461539,269.5114313396101,56.30769230769231,5.0,9.461538461538462,9.0,134.84615384615384,162.3846153846154,1.0,1.0,2.230769230769231,1.3076923076923077,0.0,0.00039258506876649335
161803,82,F_fixed_insert,13,1,289.27953846153844,233.66418409334113,50.61538461538461,5.0,8.461538461538462,8.307692307692308,165.577206,168.34643677696025,0.8461538461538461,0.6923076923076923,1.8461538461538463,1.0769230769230769,0.3076923076923077,0.0003932134345632221
161803,82,F,13,1,301.08315384615383,247.00624104222894,49.07692307692308,5.0,8.23076923076923,7.923076923076923,139.25199961538462,166.34687073163988,0.7692307692307693,0.6153846153846154,2.0,0.9230769230769231,0.5384615384615384,0.0001335489760094788
161803,83,C+,16,1,258.980875,209.355844307986,44.625,5.0,7.5,7.125,93.5625,96.9375,1.0,0.75,1.75,1.0,0.0,0.0004910722245767829
161803,83,F_fixed_no_insert,16,1,242.289375,203.66436010487058,33.625,5.0,5.6875,5.1875,84.5625,86.8125,1.0,0.75,2.5,1.625,0.0,0.00023832207079976797
161803,83,F_dynamic_no_insert,16,1,234.691625,201.5666051373052,28.125,5.0,4.75,4.375,45.4375,46.5625,1.0,1.0,2.5625,1.4375,0.0,0.00031780311655893456
161803,83,F_fixed_insert,16,1,239.943875,199.9439042253797,35.0,5.0,5.875,5.625,90.458841,92.70884097444991,0.875,0.75,2.6875,1.5625,0.5,0.00046760607528995024
161803,83,F,16,1,212.734,179.0465083976276,28.6875,5.0,4.8125,4.625,55.9447134375,56.319713449511596,0.875,0.8125,2.625,1.25,0.5,0.00013436204153549625
161803,84,C+,15,1,297.44846666666666,233.44849515125176,59.0,5.0,9.866666666666667,9.666666666666666,125.26666666666667,151.53333333333333,1.0,0.8666666666666667,1.2666666666666666,0.6,0.0,0.0004272687765478622
161803,84,F_fixed_no_insert,15,1,280.96486666666664,234.43151087213204,41.53333333333333,5.0,6.933333333333334,6.866666666666666,111.26666666666667,133.13333333333335,1.0,0.8666666666666667,2.2666666666666666,1.5333333333333334,0.0,0.0003369180194567889
161803,84,F_dynamic_no_insert,15,1,271.1028,223.10279414267671,43.0,5.0,7.2,7.0,114.46666666666667,134.33333333333334,1.0,0.9333333333333333,2.3333333333333335,1.7333333333333334,0.0,8.785984937276226e-05
161803,84,F_fixed_insert,15,1,281.887,235.55369151477413,41.333333333333336,5.0,6.933333333333334,6.666666666666667,122.51470466666666,143.58137132881936,0.8666666666666667,0.5333333333333333,2.2666666666666666,1.1333333333333333,0.5333333333333333,0.000372721611711313
161803,84,F,15,1,303.0509333333333,251.45096583016672,46.6,5.0,7.8,7.6,151.23801693333334,153.23801691390446,0.7333333333333333,0.4,2.2666666666666666,1.3333333333333333,0.5333333333333333,0.0004874525006925978
161803,85,C+,11,1,368.77563636363635,287.68473733164933,76.0909090909091,5.0,12.727272727272727,12.454545454545455,170.8181818181818,206.63636363636363,1.0,0.8181818181818182,1.0,0.36363636363636365,0.0,0.00011064814270866918
161803,85,F_fixed_no_insert,11,1,386.1169090909091,319.48057594634815,61.63636363636363,5.0,10.363636363636363,9.818181818181818,156.63636363636363,189.1818181818182,1.0,0.9090909090909091,2.090909090909091,1.0909090909090908,0.0,0.00033540982940394315
161803,85,F_dynamic_no_insert,11,1,363.9083636363637,296.7265288105625,62.18181818181818,5.0,10.454545454545455,9.909090909090908,156.63636363636363,188.0909090909091,1.0,0.9090909090909091,2.4545454545454546,1.3636363636363635,0.0,0.00018308381231690873
161803,85,F_fixed_insert,11,1,365.12509090909094,296.488760424563,63.63636363636363,5.0,10.636363636363637,10.454545454545455,175.35558036363636,210.19712599493323,0.7272727272727273,0.2727272727272727,2.3636363636363638,1.2727272727272727,0.7272727272727273,0.000364670192993799
161803,85,F,11,1,387.95418181818184,319.59057796995495,63.36363636363637,5.0,10.636363636363637,10.181818181818182,170.3386940909091,202.3386940549212,0.9090909090909091,0.5454545454545454,2.6363636363636362,1.1818181818181819,0.6363636363636364,0.0003576695044102962
161803,86,C+,10,1,403.7614,320.46136489385964,78.3,5.0,13.1,12.8,156.7732266,228.9732265867771,0.8,0.7,1.0,0.4,0.0,0.00035106140376228723
161803,86,F_fixed_no_insert,10,1,435.9925,362.6924830138465,68.3,5.0,11.5,10.8,140.7,208.1,1.0,0.9,2.7,1.8,0.0,0.00016986153468678822
161803,86,F_dynamic_no_insert,10,1,394.331,319.6310130615293,69.7,5.0,11.7,11.2,169.9,209.3,1.0,0.9,2.7,1.7,0.0,0.00013061529307378805
161803,86,F_fixed_insert,10,1,378.4906,306.590558444952,66.9,5.0,11.2,10.9,162.7473307,230.62681527240528,0.6,0.3,2.4,1.3,0.8,0.00041555047982910764
161803,86,F,10,1,385.7359,311.3359143840829,69.4,5.0,11.6,11.4,180.845667,225.28441271775552,0.8,0.2,2.6,1.5,0.8,0.00014384082942342502
161803,87,C+,14,1,359.21064285714283,292.7820796132888,61.42857142857143,5.0,10.285714285714286,10.0,159.78571428571428,160.64285714285714,1.0,0.8571428571428571,1.3571428571428572,0.5714285714285714,0.0,0.0001145860433098278
161803,87,F_fixed_no_insert,14,1,333.22992857142856,274.2299261662201,54.0,5.0,9.071428571428571,8.642857142857142,149.07142857142858,149.92857142857142,1.0,1.0,2.7857142857142856,1.7857142857142858,0.0,3.367291856193333e-05
161803,87,F_dynamic_no_insert,14,1,315.8977142857143,262.75487757518033,48.142857142857146,5.0,8.071428571428571,7.785714285714286,123.5,146.07142857142858,1.0,0.9285714285714286,2.4285714285714284,1.5714285714285714,0.0,0.0002860525246433099
161803,87,F_fixed_insert,14,1,328.5437857142857,271.1152024026744,52.42857142857143,5.0,8.785714285714286,8.5,163.68570942857144,164.11428084227217,0.7857142857142857,0.6428571428571429,2.5,1.1428571428571428,0.5714285714285714,0.00016636255850244197
161803,87,F,14,1,324.5062857142857,270.5777274882098,48.92857142857143,5.0,8.214285714285714,7.857142857142857,135.64041714285716,166.44054184041465,0.7857142857142857,0.35714285714285715,2.5714285714285716,1.5714285714285714,0.5714285714285714,0.00018483493749954505
161803,88,C+,13,1,309.2073076923077,244.2842320181909,59.92307692307692,5.0,10.0,9.923076923076923,169.76923076923077,170.23076923076923,1.0,0.8461538461538461,0.8461538461538461,0.46153846153846156,0.0,1.623648131499067e-05
161803,88,F_fixed_no_insert,13,1,321.817,267.43241671755163,49.38461538461539,5.0,8.307692307692308,7.846153846153846,155.46153846153845,156.38461538461542,1.0,0.7692307692307693,2.3846153846153846,1.5384615384615385,0.0,0.00041732817135198275
161803,88,F_dynamic_no_insert,13,1,327.87423076923073,273.48963785476775,49.38461538461539,5.0,8.307692307692308,7.846153846153846,130.23076923076923,156.38461538461542,1.0,0.7692307692307693,2.3076923076923075,1.2307692307692308,0.0,0.00029211198079792666
161803,88,F_fixed_insert,13,1,293.85923076923075,240.5515111481932,48.30769230769231,5.0,8.076923076923077,7.923076923076923,177.66244984615383,178.58552674309024,0.6923076923076923,0.3076923076923077,2.1538461538461537,1.3846153846153846,0.5384615384615384,0.00035507348820829066
161803,88,F,13,1,361.80884615384616,304.03958256699616,52.76923076923077,5.0,8.846153846153847,8.538461538461538,148.2006263846154,172.9698571856111,0.8461538461538461,0.5384615384615384,2.8461538461538463,1.5384615384615385,0.6153846153846154,0.0004266290502528136
161803,89,C+,16,1,265.9035625,209.21606804079917,51.6875,5.0,8.625,8.5625,120.8125,121.1875,1.0,0.9375,1.4375,0.8125,0.0,8.865278641678742e-05
161803,89,F_fixed_no_insert,16,1,252.1376875,210.63770939043164,36.5,5.0,6.125,5.875,104.3125,104.6875,1.0,0.9375,2.4375,1.625,0.0,0.00035024690623686183
161803,89,F_dynamic_no_insert,16,1,252.1376875,210.63770939043164,36.5,5.0,6.125,5.875,104.3125,104.6875,1.0,0.9375,2.4375,1.625,0.0,0.00035024690623686183
161803,89,F_fixed_insert,16,1,256.671625,214.7341214403605,36.9375,5.0,6.1875,6.0,114.0788318125,114.45383183361794,0.875,0.6875,2.5,1.3125,0.5,5.695423215001938e-05
161803,89,F,16,1,291.1479375,249.21043039354745,36.9375,5.0,6.25,5.6875,112.947453,127.33756311838422,0.8125,0.4375,2.375,1.0,0.5,0.00011370324091330986
161803,90,C+,15,1,309.0480666666666,249.51475850225924,54.53333333333333,5.0,9.133333333333333,8.866666666666667,144.73333333333332,148.73333333333332,1.0,0.8,1.0,0.4,0.0,0.00037753388915007235
161803,90,F_fixed_no_insert,15,1,331.5951333333333,282.99511942762143,43.6,5.0,7.333333333333333,6.933333333333334,133.53333333333333,135.13333333333335,1.0,0.8666666666666667,2.2,1.4,0.0,0.00020858567859249888
161803,90,F_dynamic_no_insert,15,1,319.64419999999996,270.64422763548856,44.0,5.0,7.4,7.0,112.06666666666666,134.73333333333335,1.0,0.8666666666666667,2.533333333333333,1.6,0.0,0.0004145323287048086
161803,90,F_fixed_insert,15,1,306.8913333333333,257.82467482745847,44.06666666666667,5.0,7.4,7.066666666666666,144.66863786666667,146.26863786506237,0.8666666666666667,0.6,2.2666666666666666,1.2666666666666666,0.5333333333333333,0.00012241187732797698
161803,90,F,15,1,292.17353333333335,244.64023121898947,42.53333333333333,5.0,7.133333333333334,6.866666666666666,123.25504626666667,145.52171292450439,0.8666666666666667,0.6666666666666666,2.2666666666666666,1.4,0.5333333333333333,0.0004682848420998198
161803,91,C+,16,1,288.5500625,234.30007424411335,49.25,5.0,8.25,8.0,117.4375,118.1875,1.0,0.875,1.5625,0.75,0.0,0.00018790581316352473
161803,91,F_fixed_no_insert,16,1,273.9344375,229.3719141583306,39.5625,5.0,6.625,6.4375,105.0625,106.9375,1.0,0.9375,2.8125,2.0,0.0,0.00037346671024351963
161803,91,F_dynamic_no_insert,16,1,261.7815625,221.0940440759928,35.6875,5.0,6.0,5.6875,103.1875,105.43750000000001,1.0,0.875,2.25,1.4375,0.0,0.0002947841153400077
161803,91,F_fixed_insert,16,1,244.727625,202.47760574344034,37.25,5.0,6.25,6.0,128.4399890625,133.62645962893396,0.5625,0.3125,2.4375,1.5,0.5,0.000308104954456212
161803,91,F,16,1,236.6520625,195.71454599784659,35.9375,5.0,6.0625,5.625,104.246339375,105.37133937378123,0.75,0.5625,2.9375,1.8125,0.4375,0.00026403445463074604
161803,92,C+,10,1,456.57280000000003,361.6727610731097,89.9,5.0,15.0,14.9,227.9,231.5,1.0,1.0,1.4,0.6,0.0,0.00038926890283619286
161803,92,F_fixed_no_insert,10,1,441.06270000000006,365.16274957020084,70.9,5.0,11.9,11.4,209.9,212.9,1.0,1.0,1.8,0.8,0.0,0.0004957020078109053
161803,92,F_dynamic_no_insert,10,1,434.90330000000006,358.4033228824638,71.5,5.0,12.0,11.5,177.7,212.9,1.0,0.9,2.3,1.1,0.0,0.00022882463736095815
161803,92,F_fixed_insert,10,1,465.9178,389.41784322623965,71.5,5.0,12.0,11.5,217.3497413,219.74974128920925,0.9,0.5,1.9,0.6,0.5,0.000432262396770966
161803,92,F,10,1,478.2865,400.48649221204016,72.8,5.0,12.3,11.3,182.3439619,219.41694943459188,0.9,0.7,2.4,0.6,0.6,7.787959793859045e-05
161803,93,C+,11,1,372.7569090909091,289.48419016689473,78.27272727272727,5.0,13.090909090909092,12.818181818181818,169.1818181818182,207.1818181818182,1.0,0.9090909090909091,1.2727272727272727,0.45454545454545453,0.0,9.183584234051523e-05
161803,93,F_fixed_no_insert,11,1,358.42081818181816,293.78447287135737,59.63636363636363,5.0,10.0,9.636363636363637,157.1818181818182,189.1818181818182,1.0,0.8181818181818182,2.0,1.2727272727272727,0.0,0.00020158493134658784
161803,93,F_dynamic_no_insert,11,1,358.42081818181816,293.78447287135737,59.63636363636363,5.0,10.0,9.636363636363637,157.1818181818182,189.1818181818182,1.0,0.8181818181818182,2.0,1.2727272727272727,0.0,0.00020158493134658784
161803,93,F_fixed_insert,11,1,348.61745454545456,282.79925781962805,60.81818181818182,5.0,10.181818181818182,9.909090909090908,181.35654063636363,212.8110860793855,0.7272727272727273,0.45454545454545453,2.1818181818181817,1.1818181818181819,0.6363636363636364,0.0001639840916141111
161803,93,F,11,1,348.61745454545456,282.79925781962805,60.81818181818182,5.0,10.181818181818182,9.909090909090908,181.35654063636363,212.8110860793855,0.7272727272727273,0.45454545454545453,2.1818181818181817,1.1818181818181819,0.6363636363636364,0.0001639840916141111
161803,94,C+,12,1,346.76258333333334,269.09587993691486,72.66666666666667,5.0,12.166666666666666,11.833333333333334,128.75,189.41666666666666,1.0,0.8333333333333334,1.4166666666666667,0.6666666666666666,0.0,0.00044075702180634835
161803,94,F_fixed_no_insert,12,1,346.2370833333334,281.73711729840244,59.5,5.0,10.0,9.5,117.25,169.41666666666669,1.0,0.9166666666666666,3.1666666666666665,1.9166666666666667,0.0,0.0004075808292327565
161803,94,F_dynamic_no_insert,12,1,340.5609166666667,280.144216724458,55.416666666666664,5.0,9.333333333333334,8.75,141.58333333333334,168.91666666666669,1.0,0.8333333333333334,2.6666666666666665,1.5,0.0,0.0003993065047325217
161803,94,F_fixed_insert,12,1,377.08116666666666,312.9978014182737,59.083333333333336,5.0,9.916666666666666,9.5,130.81631841666666,182.4829850881474,0.8333333333333334,0.5,3.0833333333333335,1.5833333333333333,0.6666666666666666,0.0003829807160400378
161803,94,F,12,1,344.77608333333336,283.77609670544444,56.0,5.0,9.416666666666666,8.916666666666666,157.66326583333333,184.99659912823324,0.75,0.4166666666666667,2.75,1.3333333333333333,0.6666666666666666,0.00016046533301050658
161803,95,C+,13,1,301.7936923076923,231.79372292848316,65.0,5.0,10.846153846153847,10.76923076923077,142.58176153846154,176.58176155490713,0.9230769230769231,0.8461538461538461,0.9230769230769231,0.46153846153846156,0.0,0.0003980702808803471
161803,95,F_fixed_no_insert,13,1,305.8533076923077,249.93025797049327,50.92307692307692,5.0,8.538461538461538,8.23076923076923,130.23076923076923,159.15384615384616,1.0,1.0,2.3076923076923075,1.6923076923076923,0.0,0.00035361641266717925
161803,95,F_dynamic_no_insert,13,1,292.6569230769231,232.2722820574442,55.38461538461539,5.0,9.307692307692308,8.846153846153847,134.84615384615384,160.53846153846155,1.0,1.0,2.769230769230769,1.9230769230769231,0.0,0.00033325322556265746
161803,95,F_fixed_insert,13,1,292.33653846153845,236.33653946526854,51.0,5.0,8.538461538461538,8.307692307692308,143.9371896923077,172.39872815584633,0.7692307692307693,0.5384615384615384,2.3076923076923075,1.3076923076923077,0.6153846153846154,1.3048490927758394e-05
161803,95,F,13,1,292.2273076923077,234.3042412040512,52.92307692307692,5.0,8.846153846153847,8.692307692307692,151.72200915384616,177.41431684732288,0.6923076923076923,0.46153846153846156,2.3076923076923075,1.3076923076923077,0.6153846153846154,0.00013565266590376268
161803,96,C+,16,1,268.507875,211.25788905260742,52.25,5.0,8.75,8.5,138.3125,140.1875,1.0,0.6875,1.0,0.5625,0.0,0.00022484171859105118
161803,96,F_fixed_no_insert,16,1,253.852625,210.7901004445964,38.0625,5.0,6.375,6.1875,123.3125,124.43750000000001,1.0,0.875,2.125,1.625,0.0,0.0003928864575755142
161803,96,F_dynamic_no_insert,16,1,266.84425,224.094267313218,37.75,5.0,6.3125,6.1875,120.3125,123.31250000000001,1.0,0.8125,2.25,1.6875,0.0,0.00027701148837877554
161803,96,F_fixed_insert,16,1,262.3940625,220.08155995116326,37.3125,5.0,6.25,6.0625,140.9214983125,142.04649829084104,0.8125,0.4375,2.0,1.1875,0.5,4.078138817931176e-05
161803,96,F,16,1,266.4513125,222.32631294703472,39.125,5.0,6.5625,6.3125,135.0339409375,137.65894095534128,0.875,0.625,2.5,1.625,0.5,7.152556008804822e-06
161803,97,C+,10,1,401.9569,314.65685667370803,82.3,5.0,13.8,13.3,189.7,224.3,1.0,0.8,1.4,0.4,0.0,0.00043326291961420793
161803,97,F_fixed_no_insert,10,1,443.0466,364.64657675949667,73.4,5.0,12.3,11.9,182.5,215.9,1.0,0.7,2.3,1.3,0.0,0.00023240503378474386
161803,97,F_dynamic_no_insert,10,1,397.24789999999996,320.54792762008566,71.7,5.0,12.0,11.7,181.9,214.7,1.0,0.8,2.1,1.3,0.0,0.00027620085666058003
161803,97,F_fixed_insert,10,1,404.89459999999997,321.09455797162616,78.8,5.0,13.2,12.8,197.4644241,231.4644241349784,0.9,0.8,3.2,1.5,0.8,0.00042028373854918755
161803,97,F,10,1,383.0872,306.9872220334295,71.1,5.0,11.9,11.6,191.1365164,225.73651639779564,0.9,0.3,2.3,1.3,0.7,0.00022033429513612646
161803,98,C+,12,1,349.05424999999997,274.30427394296703,69.75,5.0,11.666666666666666,11.416666666666666,124.75,189.5679281164582,0.9166666666666666,0.6666666666666666,1.0,0.4166666666666667,0.0,0.00028731560450978577
161803,98,F_fixed_no_insert,12,1,357.5353333333333,295.2853353627069,57.25,5.0,9.583333333333334,9.333333333333334,116.25,171.91666666666666,1.0,0.9166666666666666,2.5833333333333335,1.75,0.0,2.435248325127759e-05
161803,98,F_dynamic_no_insert,12,1,333.61516666666665,274.5318035272171,54.083333333333336,5.0,9.083333333333334,8.666666666666666,113.75,169.41666666666669,1.0,0.9166666666666666,2.4166666666666665,1.4166666666666667,0.0,0.00035767339477388305
161803,98,F_fixed_insert,12,1,340.8175,278.3175051557982,57.5,5.0,9.666666666666666,9.166666666666666,131.88871108333333,186.60092630417515,0.8333333333333334,0.5,2.6666666666666665,1.3333333333333333,0.6666666666666666,6.186957853060449e-05
161803,98,F,12,1,321.88141666666667,261.7147317592161,55.166666666666664,5.0,9.25,8.916666666666666,151.55945758333334,183.89312329870052,0.8333333333333334,0.5,2.5833333333333335,1.4166666666666667,0.6666666666666666,0.00021888940727876616
161803,99,C+,15,1,311.707,250.10701931682732,56.6,5.0,9.466666666666667,9.266666666666667,147.54201366666666,151.94201369292205,0.9333333333333333,0.6666666666666666,1.1333333333333333,0.4666666666666667,0.0,0.00028975241002626717
161803,99,F_fixed_no_insert,15,1,313.2122,267.7455215802112,40.46666666666667,5.0,6.8,6.466666666666667,128.33333333333334,130.73333333333335,1.0,0.8666666666666667,2.3333333333333335,1.4,0.0,0.00017629683225095505
161803,99,F_dynamic_no_insert,15,1,313.2122,267.7455215802112,40.46666666666667,5.0,6.8,6.466666666666667,128.33333333333334,130.73333333333335,1.0,0.8666666666666667,2.3333333333333335,1.4,0.0,0.00017629683225095505
161803,99,F_fixed_insert,15,1,304.5232,257.6565340468507,41.86666666666667,5.0,7.0,6.866666666666666,138.77658373333333,141.57658373082342,0.8666666666666667,0.7333333333333333,2.533333333333333,1.4,0.5333333333333333,1.0702760391723132e-05
161803,99,F,15,1,304.5232,257.6565340468507,41.86666666666667,5.0,7.0,6.866666666666666,138.77658373333333,141.57658373082342,0.8666666666666667,0.7333333333333333,2.533333333333333,1.4,0.5333333333333333,1.0702760391723132e-05
161803,100,C+,10,1,386.6972,298.7972213017558,82.9,5.0,13.9,13.4,150.9,225.5,1.0,0.9,1.3,0.4,0.0,0.0002130175580532523
161803,100,F_fixed_no_insert,10,1,378.0208,306.8208071519279,66.2,5.0,11.1,10.7,139.5,208.1,1.0,0.9,2.4,1.4,0.0,7.151927911763778e-05
161803,100,F_dynamic_no_insert,10,1,378.0208,306.8208071519279,66.2,5.0,11.1,10.7,139.5,208.1,1.0,0.9,2.4,1.4,0.0,7.151927911763778e-05
161803,100,F_fixed_insert,10,1,359.5317,288.4316877783514,66.1,5.0,11.1,10.6,149.6007437,217.00074369363944,0.8,0.5,2.4,1.1,0.7,0.00012221648648846895
161803,100,F,10,1,350.3239,281.02392711529967,64.3,5.0,10.8,10.3,155.5108706,224.11087056427542,0.9,0.3,2.1,0.9,0.8,0.00027115299644719926
161803,101,C+,15,1,303.53273333333334,246.3327322919945,52.2,5.0,8.733333333333333,8.533333333333333,126.69254433333334,150.5592110105784,0.9333333333333333,0.6666666666666666,0.8,0.26666666666666666,0.0,1.562008264954784e-05
161803,101,F_fixed_no_insert,15,1,292.01326666666665,247.74659822237578,39.266666666666666,5.0,6.6,6.266666666666667,110.86666666666666,132.33333333333334,1.0,0.8,2.066666666666667,1.3333333333333333,0.0,2.6664362849260215e-05
161803,101,F_dynamic_no_insert,15,1,289.72526666666664,242.65857585408764,42.06666666666667,5.0,7.066666666666666,6.733333333333333,132.33333333333334,134.33333333333334,1.0,0.8,2.3333333333333335,1.6666666666666667,0.0,0.0003621886853579781
161803,101,F_fixed_insert,15,1,279.4371333333333,234.30382852549081,40.13333333333333,5.0,6.733333333333333,6.466666666666667,120.26737293333333,143.5771704238012,0.8,0.4,2.2,1.2666666666666666,0.5333333333333333,0.0004278823626009398
161803,101,F,15,1,304.5276666666667,258.1943160268458,41.333333333333336,5.0,6.933333333333334,6.666666666666667,145.34876993333333,147.34876993449498,0.8,0.4,2.2,1.2,0.5333333333333333,0.0002595973132883955
161803,102,C+,11,1,410.2607272727273,323.98798798212346,81.27272727272727,5.0,13.636363636363637,13.090909090909092,171.9090909090909,208.8181818181818,1.0,1.0,1.5454545454545454,0.5454545454545454,0.0,0.00013219664242569706
161803,102,F_fixed_no_insert,11,1,364.0209090909091,293.0209104933353,66.0,5.0,11.090909090909092,10.545454545454545,161.54545454545453,192.45454545454547,1.0,1.0,2.1818181818181817,1.1818181818181819,0.0,1.5426688150910195e-05
161803,102,F_dynamic_no_insert,11,1,396.02154545454545,323.56700297376307,67.45454545454545,5.0,11.272727272727273,11.090909090909092,187.0,192.45454545454547,1.0,1.0,2.3636363636363638,1.3636363636363635,0.0,3.2711393942008726e-05
161803,102,F_fixed_insert,11,1,406.2622727272728,335.53499247580623,65.72727272727273,5.0,11.0,10.727272727272727,177.39968263636362,208.30877353053756,0.8181818181818182,0.6363636363636364,2.090909090909091,0.8181818181818182,0.6363636363636364,8.276613152702339e-05
161803,102,F,11,1,376.8720909090909,307.1447768753043,64.72727272727273,5.0,10.818181818181818,10.636363636363637,201.22037836363634,202.85674198242614,0.9090909090909091,0.6363636363636364,1.7272727272727273,0.7272727272727273,0.45454545454545453,0.0004543716527223296
161803,103,C+,12,1,370.752,292.5853685632259,73.16666666666667,5.0,12.25,11.916666666666666,158.58333333333334,191.91666666666666,1.0,0.8333333333333334,1.0833333333333333,0.3333333333333333,0.0,0.00042275871101082885
161803,103,F_fixed_no_insert,12,1,364.5640833333334,304.4807543605801,55.083333333333336,5.0,9.25,8.833333333333334,143.58333333333334,172.41666666666666,1.0,0.9166666666666666,2.25,1.3333333333333333,0.0,5.2326960940263234e-05
161803,103,F_dynamic_no_insert,12,1,406.9755,342.892191333296,59.083333333333336,5.0,9.916666666666666,9.5,147.08333333333334,175.41666666666666,1.0,0.9166666666666666,2.1666666666666665,1.0,0.0,0.00029599955178127857
161803,103,F_fixed_insert,12,1,375.63533333333334,316.05196535738645,54.583333333333336,5.0,9.166666666666666,8.75,159.84435125000002,188.67768460919555,1.0,0.3333333333333333,2.1666666666666665,1.0,0.6666666666666666,0.000415711362620641
161803,103,F,12,1,371.05441666666667,306.3044571378775,59.75,5.0,10.0,9.75,161.76627341666668,190.09960673096194,0.9166666666666666,0.4166666666666667,2.25,1.0,0.6666666666666666,0.0004856545292568626
161803,104,C+,16,1,287.905875,233.9683762892629,48.9375,5.0,8.1875,8.0,139.652693375,141.52769339855232,0.875,0.5625,0.9375,0.375,0.0,2.0628206584660802e-05
161803,104,F_fixed_no_insert,16,1,304.2033125,262.7033426520585,36.5,5.0,6.125,5.875,120.3125,121.81250000000001,1.0,0.8125,2.375,1.5625,0.0,0.00048243293622363126
161803,104,F_dynamic_no_insert,16,1,264.9376875,225.43769589138466,34.5,5.0,5.8125,5.4375,101.3125,103.1875,1.0,0.9375,2.4375,1.5625,0.0,0.00013426215491563198
161803,104,F_fixed_insert,16,1,281.2391875,238.4266974330141,37.8125,5.0,6.375,5.9375,140.904822625,142.02982263289604,0.6875,0.375,2.625,1.4375,0.5,0.00015892822557361796
161803,104,F,16,1,262.0460625,223.85856259004422,33.1875,5.0,5.625,5.0625,96.971393,98.84639302634831,0.75,0.5625,2.75,1.5,0.5,1.4407073649636004e-06
161803,105,C+,10,1,379.8504,290.3503758880609,84.5,5.0,14.1,14.0,48.9,229.7,1.0,0.8,0.8,0.2,0.0,0.00024111939092108514
161803,105,F_fixed_no_insert,10,1,365.8535,297.753455152965,63.1,5.0,10.6,10.1,43.5,205.1,1.0,0.8,2.5,1.5,0.0,0.00044847034996564616
161803,105,F_dynamic_no_insert,10,1,380.4591,312.25906147732854,63.2,5.0,10.6,10.2,43.5,205.7,1.0,0.9,2.5,1.7,0.0,0.0003852267145703081
161803,105,F_fixed_insert,10,1,352.0337,284.93368964585886,62.1,5.0,10.4,10.1,62.5673775,228.46157627654142,0.6,0.1,2.3,1.4,0.8,0.00010354141113566584
161803,105,F,10,1,368.0892,297.9891838569654,65.1,5.0,10.9,10.6,55.719136400000004,226.8181295791901,0.8,0.3,2.8,1.8,0.8,0.00016143034599735984
161803,106,C+,10,1,379.049,288.14900755128355,85.9,5.0,14.4,13.9,193.3,228.55035368237196,0.9,0.9,1.5,0.6,0.0,7.551283579232404e-05
161803,106,F_fixed_no_insert,10,1,386.0907,309.6907048812939,71.4,5.0,12.0,11.4,178.9,212.3,1.0,0.9,2.4,1.3,0.0,4.881293898506556e-05
161803,106,F_dynamic_no_insert,10,1,386.0907,309.6907048812939,71.4,5.0,12.0,11.4,178.9,212.3,1.0,0.9,2.4,1.3,0.0,4.881293898506556e-05
161803,106,F_fixed_insert,10,1,349.5075,275.207524779993,69.3,5.0,11.6,11.3,196.49728439999998,229.35301434233278,0.6,0.3,2.0,0.7,0.8,0.00024779993009360624
161803,106,F,10,1,359.2083,284.0082553371536,70.2,5.0,11.8,11.2,198.2723842,231.67238424301513,0.6,0.4,2.3,1.1,0.8,0.0004466284635782358
161803,107,C+,10,1,430.8182,336.61819173058643,89.2,5.0,14.9,14.7,195.1,232.1,1.0,0.8,1.2,0.5,0.0,8.26941354716837e-05
161803,107,F_fixed_no_insert,10,1,459.7515,381.6514703227192,73.1,5.0,12.2,12.1,178.9,212.9,1.0,0.9,2.4,1.3,0.0,0.00029677280826945207
161803,107,F_dynamic_no_insert,10,1,459.7515,381.6514703227192,73.1,5.0,12.2,12.1,178.9,212.9,1.0,0.9,2.4,1.3,0.0,0.00029677280826945207
161803,107,F_fixed_insert,10,1,379.92220000000003,303.4222074645121,71.5,5.0,12.0,11.5,188.19078689999998,221.59078685735227,0.9,0.5,2.2,1.2,0.5,7.46451210034138e-05
161803,107,F,10,1,379.92220000000003,303.4222074645121,71.5,5.0,12.0,11.5,188.19078689999998,221.59078685735227,0.9,0.5,2.2,1.2,0.5,7.46451210034138e-05
161803,108,C+,12,1,338.03908333333334,264.1224013306845,68.91666666666667,5.0,11.5,11.416666666666666,155.58333333333334,187.41666666666666,1.0,0.75,1.0833333333333333,0.5833333333333334,0.0,0.00018403178592052427
161803,108,F_fixed_no_insert,12,1,326.21141666666665,268.8780906718417,52.333333333333336,5.0,8.75,8.583333333333334,140.08333333333334,171.41666666666666,1.0,0.8333333333333334,2.0,1.5,0.0,8.806210053080576e-05
161803,108,F_dynamic_no_insert,12,1,329.37,272.1200354648113,52.25,5.0,8.75,8.5,113.75,169.91666666666669,1.0,0.8333333333333334,2.25,1.6666666666666667,0.0,0.0004255777353137091
161803,108,F_fixed_insert,12,1,324.90816666666666,265.1581731818001,54.75,5.0,9.166666666666666,8.916666666666666,157.25610658333332,196.23715791542728,0.6666666666666666,0.25,2.4166666666666665,1.5,0.6666666666666666,7.818160111128236e-05
161803,108,F,12,1,311.4619166666667,250.21191450089358,56.25,5.0,9.416666666666666,9.166666666666666,134.16001216666666,189.46008593584557,0.8333333333333334,0.4166666666666667,3.0,1.9166666666666667,0.6666666666666666,2.5989277219196083e-05
161803,109,C+,16,1,267.1260625,213.6885857448248,48.4375,5.0,8.125,7.8125,116.296217,117.79621700935431,0.9375,0.8125,1.5625,0.75,0.0,0.0003719171968441515
161803,109,F_fixed_no_insert,16,1,285.936875,242.12434540566784,38.8125,5.0,6.5625,6.0,105.0625,106.5625,1.0,0.875,2.625,1.5625,0.0,0.00047350931436085375
161803,109,F_dynamic_no_insert,16,1,245.287125,203.53712112743733,36.75,5.0,6.1875,5.8125,105.0625,105.43750000000001,1.0,0.9375,2.375,1.5,0.0,6.19610027570161e-05
161803,109,F_fixed_insert,16,1,244.766,201.39097758431052,38.375,5.0,6.4375,6.1875,117.0463386875,118.54633866311347,0.8125,0.5,2.5,1.5625,0.5,0.0003586510315471969
161803,109,F,16,1,235.3074375,191.99493325306256,38.3125,5.0,6.4375,6.125,119.4406410625,119.8156410338482,0.8125,0.5,2.625,1.625,0.5,6.795099898226908e-05
161803,110,C+,11,1,406.57154545454546,323.8442951453009,77.72727272727273,5.0,13.0,12.727272727272727,205.4674538181818,210.9219992987106,0.9090909090909091,0.8181818181818182,1.1818181818181819,0.45454545454545453,0.0,0.00024659830978635
161803,110,F_fixed_no_insert,11,1,366.6889090909091,298.9616638382506,62.72727272727273,5.0,10.545454545454545,10.0,187.54545454545453,191.36363636363637,1.0,0.9090909090909091,2.0,1.1818181818181819,0.0,0.00030222075702113216
161803,110,F_dynamic_no_insert,11,1,369.2420909090909,302.1511443239071,62.09090909090909,5.0,10.363636363636363,10.272727272727273,129.0,189.1818181818182,1.0,0.9090909090909091,2.3636363636363638,1.6363636363636365,0.0,0.0004124370220779383
161803,110,F_fixed_insert,11,1,320.00172727272724,248.09267191927594,66.9090909090909,5.0,11.181818181818182,11.0,214.1613706363636,217.97955245737887,0.5454545454545454,0.2727272727272727,2.6363636363636362,1.7272727272727273,0.7272727272727273,0.000391112035686092
161803,110,F,11,1,355.8450909090909,287.1178155151526,63.72727272727273,5.0,10.636363636363637,10.545454545454545,142.32516972727274,202.5069878948423,0.9090909090909091,0.6363636363636364,2.6363636363636362,1.2727272727272727,0.7272727272727273,2.9333321435842663e-05
161803,111,C+,10,1,431.7016,341.6015789753533,85.1,5.0,14.2,14.1,220.7,229.1,1.0,0.9,1.0,0.2,0.0,0.00021024646684963955
161803,111,F_fixed_no_insert,10,1,397.1424,325.2423770716002,66.9,5.0,11.2,10.9,204.5,209.9,1.0,0.9,1.8,0.9,0.0,0.00022928399812371936
161803,111,F_dynamic_no_insert,10,1,400.1429,323.9428838240598,71.2,5.0,11.9,11.7,177.7,214.1,1.0,0.9,1.9,1.1,0.0,0.00016175940254470333
161803,111,F_fixed_insert,10,1,376.2754,303.3753656453018,67.9,5.0,11.4,10.9,218.30362879999998,223.10362878400514,0.8,0.5,2.0,0.7,0.8,0.0003435469816395198
161803,111,F,10,1,422.6889,346.1889124181429,71.5,5.0,12.0,11.5,192.9601269,234.16417082688272,0.6,0.6,2.0,0.7,0.5,0.00012418142841852386
161803,112,C+,10,1,388.9249,299.42485271517205,84.5,5.0,14.1,14.0,150.3,230.9697537235491,0.9,0.9,1.0,0.3,0.0,0.0004728482795144373
161803,112,F_fixed_no_insert,10,1,381.9588,307.0588332927119,69.9,5.0,11.7,11.4,140.1,210.5,1.0,0.9,2.6,1.7,0.0,0.0003329271185066318
161803,112,F_dynamic_no_insert,10,1,390.29110000000003,318.39107398781846,66.9,5.0,11.3,10.4,111.5,206.9,1.0,0.9,2.6,1.3,0.0,0.0002601218156996765
161803,112,F_fixed_insert,10,1,380.7561,307.1560562350181,68.6,5.0,11.5,11.1,153.3866893,224.00341006059188,0.8,0.5,2.4,1.5,0.4,0.00043764981910499046
161803,112,F,10,1,378.8045,302.5045057147982,71.3,5.0,12.0,11.3,131.0341848,232.28342618994907,0.9,0.5,3.3,2.0,0.8,5.7147981806338066e-05
161803,113,C+,16,1,275.4243125,215.48681767190354,54.9375,5.0,9.1875,9.0,135.6875,139.8125,1.0,0.9375,1.5,0.8125,0.0,8.275045684058568e-05
161803,113,F_fixed_no_insert,16,1,260.7993125,215.42429075507388,40.375,5.0,6.75,6.625,123.3125,125.56250000000001,1.0,0.9375,2.4375,1.8125,0.0,0.0003479188176243042
161803,113,F_dynamic_no_insert,16,1,255.5958125,214.0333264532478,36.5625,5.0,6.1875,5.625,102.4375,105.06250000000001,1.0,0.9375,2.4375,1.4375,0.0,0.00022325196505335043
161803,113,F_fixed_insert,16,1,260.54125,215.41625604662033,40.125,5.0,6.75,6.375,134.399907375,136.27490734763686,0.75,0.5625,2.4375,1.3125,0.4375,9.674592547526117e-05
161803,113,F,16,1,277.094375,230.46940601270276,41.625,5.0,7.0,6.625,139.61650925,141.11650926725451,0.8125,0.375,2.5625,1.5625,0.5,0.0004962032439834729
161803,114,C+,12,1,357.73766666666666,281.4876681692333,71.25,5.0,11.916666666666666,11.666666666666666,189.41666666666666,190.41666666666666,1.0,0.75,1.0,0.4166666666666667,0.0,1.8030799765256234e-05
161803,114,F_fixed_no_insert,12,1,344.032,282.19862612258186,56.833333333333336,5.0,9.5,9.333333333333334,173.41666666666666,174.91666666666666,1.0,0.8333333333333334,2.0,1.25,0.0,0.0004865290175075643
161803,114,F_dynamic_no_insert,12,1,353.55933333333337,294.8093116374093,53.75,5.0,9.0,8.75,145.58333333333334,172.91666666666666,1.0,0.75,1.8333333333333333,1.0833333333333333,0.0,0.00026035108930955175
161803,114,F_fixed_insert,12,1,347.44725,284.280576650549,58.166666666666664,5.0,9.75,9.416666666666666,179.66340891666667,181.1634089562385,1.0,0.5833333333333334,2.25,1.4166666666666667,0.25,8.019341203180375e-05
161803,114,F,12,1,353.66266666666667,292.5793476834934,56.083333333333336,5.0,9.416666666666666,9.0,153.89975433333333,182.30386251900904,0.9166666666666666,0.6666666666666666,2.3333333333333335,1.0833333333333333,0.5,0.0001722019205772085
161803,115,C+,11,1,375.7800909090909,301.23464391558196,69.54545454545455,5.0,11.636363636363637,11.363636363636363,105.72727272727273,201.1818181818182,1.0,0.6363636363636364,0.8181818181818182,0.2727272727272727,0.0,8.307140160468407e-05
161803,115,F_fixed_no_insert,11,1,369.84945454545453,306.8494567534121,58.0,5.0,9.727272727272727,9.363636363636363,98.63636363636364,186.45454545454547,1.0,0.8181818181818182,2.272727272727273,1.5454545454545454,0.0,2.428753305139253e-05
161803,115,F_dynamic_no_insert,11,1,357.1914545454546,292.46418451726123,59.72727272727273,5.0,10.0,9.727272727272727,155.0,187.54545454545453,1.0,0.8181818181818182,2.4545454545454546,1.8181818181818181,0.0,2.968987337226281e-05
161803,115,F_fixed_insert,11,1,328.4108181818182,268.1381128313217,55.27272727272727,5.0,9.272727272727273,8.909090909090908,116.89191172727273,203.96170623503895,0.45454545454545453,0.2727272727272727,1.8181818181818181,0.7272727272727273,0.7272727272727273,0.00024114453844958916
161803,115,F,11,1,292.6868181818182,229.86867719024391,57.81818181818182,5.0,9.727272727272727,9.181818181818182,164.8036289090909,199.8310073904745,0.6363636363636364,0.2727272727272727,2.1818181818181817,1.3636363636363635,0.5454545454545454,0.00044909268308401806
161803,116,C+,15,1,294.34366666666665,234.67697865319073,54.666666666666664,5.0,9.133333333333333,9.0,147.93333333333334,150.33333333333334,1.0,0.6666666666666666,0.7333333333333333,0.26666666666666666,0.0,0.0003202021389370202
161803,116,F_fixed_no_insert,15,1,283.5756,235.90894062651898,42.666666666666664,5.0,7.133333333333334,7.0,133.93333333333334,136.33333333333334,1.0,0.8,2.0,1.4666666666666666,0.0,0.00010939778485408169
161803,116,F_dynamic_no_insert,15,1,310.2884,262.9550419950986,42.333333333333336,5.0,7.066666666666666,7.0,131.93333333333334,135.53333333333336,1.0,0.7333333333333333,2.1333333333333333,1.5333333333333334,0.0,0.00037007352057116805
161803,116,F_fixed_insert,15,1,263.2466,215.11323778213728,43.13333333333333,5.0,7.2,7.133333333333334,148.86472946666666,150.8647294799205,0.8,0.6,2.066666666666667,1.2,0.5333333333333333,0.0004332679409344564
161803,116,F,15,1,272.26213333333334,225.92882334381812,41.333333333333336,5.0,6.933333333333334,6.666666666666667,124.2489322,146.1155988932042,0.8,0.4666666666666667,2.466666666666667,1.5333333333333334,0.5333333333333333,0.0003501572718960233
161803,117,C+,11,1,375.0539090909091,296.5084326422716,73.54545454545455,5.0,12.272727272727273,12.181818181818182,107.36363636363636,203.9090909090909,1.0,0.8181818181818182,1.0,0.36363636363636365,0.0,0.00024093501224342617
161803,117,F_fixed_no_insert,11,1,360.8685454545455,296.68676307578454,59.18181818181818,5.0,9.909090909090908,9.636363636363637,99.18181818181819,188.63636363636363,1.0,0.9090909090909091,2.4545454545454546,1.8181818181818181,0.0,0.0003938336299142975
161803,117,F_dynamic_no_insert,11,1,418.61790909090905,350.4360853474922,63.18181818181818,5.0,10.636363636363637,10.0,158.8181818181818,188.63636363636363,1.0,0.9090909090909091,3.090909090909091,1.9090909090909092,0.0,6.117758493928704e-05
161803,117,F_fixed_insert,11,1,338.18045454545455,274.5441260047948,58.63636363636363,5.0,9.818181818181818,9.545454545454545,115.11338227272726,204.59950082837602,0.7272727272727273,0.2727272727272727,2.3636363636363638,1.4545454545454546,0.7272727272727273,0.0003860527426695626
161803,117,F,11,1,336.7651818181818,272.6742295398499,59.09090909090909,5.0,9.909090909090908,9.545454545454545,178.264375,207.53710227202603,0.7272727272727273,0.2727272727272727,2.3636363636363638,1.4545454545454546,0.5454545454545454,0.00047506165128652356
161803,118,C+,16,1,266.2848125,210.0972982208254,51.1875,5.0,8.5625,8.375,135.6875,136.8125,1.0,0.8125,1.375,0.6875,0.0,0.00022846679348731413
161803,118,F_fixed_no_insert,16,1,268.3375625,227.40005779462757,35.9375,5.0,6.0625,5.625,118.4375,119.18750000000001,1.0,0.875,2.625,1.6875,0.0,7.528595870098798e-05
161803,118,F_dynamic_no_insert,16,1,237.50625,198.443757694031,34.0625,5.0,5.75,5.3125,82.3125,83.4375,1.0,1.0,2.6875,1.6875,0.0,0.0001231044961969019
161803,118,F_fixed_insert,16,1,274.32425,234.07422509189644,35.25,5.0,5.9375,5.5625,130.8107824375,131.56078243345314,0.75,0.375,2.5,1.4375,0.5,0.00039852965710451826
161803,118,F,16,1,266.6570625,222.2820623430499,39.375,5.0,6.625,6.25,114.3757735,115.12577347847837,0.8125,0.75,2.9375,1.6875,0.5,2.511201728339074e-06
161803,119,C+,16,1,227.2790625,180.96653955686384,41.3125,5.0,6.9375,6.625,96.7784186875,98.2784187074372,0.9375,0.875,1.1875,0.625,0.0,0.00036709017877001315
161803,119,F_fixed_no_insert,16,1,238.346125,200.03360365394224,33.3125,5.0,5.625,5.1875,85.6875,86.8125,1.0,0.9375,2.375,1.5625,0.0,0.00034153692422478343
161803,119,F_dynamic_no_insert,16,1,241.310125,201.2476075806294,35.0625,5.0,5.875,5.6875,83.8125,85.3125,1.0,0.9375,2.75,1.875,0.0,0.0002787099297165696
161803,119,F_fixed_insert,16,1,214.0038125,175.94129454762492,33.0625,5.0,5.5625,5.25,103.3433810625,104.09338107280568,0.6875,0.3125,2.3125,1.3125,0.5,0.00028723800141960965
161803,119,F,16,1,230.3035625,189.5535915139764,35.75,5.0,6.0,5.75,96.4014915,97.90149152715577,0.75,0.625,2.875,1.75,0.4375,0.0004642236222025531
161803,120,C+,16,1,283.211,233.21101254905872,45.0,5.0,7.5625,7.1875,96.1875,98.4375,1.0,0.9375,1.5625,0.75,0.0,0.00020078493935216102
161803,120,F_fixed_no_insert,16,1,248.225625,211.9131078369731,31.3125,5.0,5.25,5.0625,81.9375,83.4375,1.0,0.9375,2.4375,1.6875,0.0,0.0002746084305726981
161803,120,F_dynamic_no_insert,16,1,251.7041875,211.57921159319247,35.125,5.0,5.875,5.75,103.1875,104.3125,1.0,0.875,2.5,1.75,0.0,0.0003854910796690092
161803,120,F_fixed_insert,16,1,226.42625,188.3012531941602,33.125,5.0,5.5625,5.3125,92.011052875,101.5282676538645,0.75,0.625,2.75,1.5625,0.5,5.1106563205394195e-05
161803,120,F,16,1,280.3921875,240.26718733393733,35.125,5.0,5.9375,5.4375,86.8673803125,89.86738032995217,1.0,0.75,3.0625,1.5625,0.5,2.6570023692329414e-06
161803,121,C+,12,1,349.7513333333333,275.1679915421573,69.58333333333333,5.0,11.666666666666666,11.25,182.91666666666666,187.91666666666666,1.0,0.75,1.1666666666666667,0.4166666666666667,0.0,0.00010149411173188128
161803,121,F_fixed_no_insert,12,1,343.0105833333334,278.7605812542674,59.25,5.0,10.0,9.25,172.91666666666666,176.41666666666666,1.0,0.8333333333333334,2.0833333333333335,1.1666666666666667,0.0,2.4948791633505607e-05
161803,121,F_dynamic_no_insert,12,1,338.30108333333334,273.13440949162555,60.166666666666664,5.0,10.083333333333334,9.75,173.41666666666666,177.91666666666666,1.0,0.8333333333333334,2.0833333333333335,1.25,0.0,8.61004932630749e-05
161803,121,F_fixed_insert,12,1,358.3126666666667,293.2293426091584,60.083333333333336,5.0,10.083333333333334,9.666666666666666,184.60000941666667,188.10000939458573,0.8333333333333334,0.5,2.1666666666666665,0.9166666666666666,0.5833333333333334,0.00011130990014862618
161803,121,F,12,1,358.3126666666667,293.2293426091584,60.083333333333336,5.0,10.083333333333334,9.666666666666666,184.60000941666667,188.10000939458573,0.8333333333333334,0.5,2.1666666666666665,0.9166666666666666,0.5833333333333334,0.00011130990014862618
161803,122,C+,12,1,358.45625,279.78957614728,73.66666666666667,5.0,12.333333333333334,12.0,155.08333333333334,190.41666666666666,1.0,1.0,1.4166666666666667,0.5833333333333334,0.0,8.62326401147584e-05
161803,122,F_fixed_no_insert,12,1,364.5545833333333,300.47128044651237,59.083333333333336,5.0,9.916666666666666,9.5,147.08333333333334,175.41666666666666,1.0,1.0,2.25,1.4166666666666667,0.0,0.00036535814842864056
161803,122,F_dynamic_no_insert,12,1,380.02808333333337,317.8614210387951,57.166666666666664,5.0,9.583333333333334,9.25,146.08333333333334,173.91666666666666,1.0,1.0,2.0833333333333335,1.0833333333333333,0.0,5.2465540193225024e-05
161803,122,F_fixed_insert,12,1,341.08508333333333,276.8350639998906,59.25,5.0,9.916666666666666,9.666666666666666,167.92088041666668,195.75421371874447,0.75,0.4166666666666667,2.25,1.1666666666666667,0.5833333333333334,0.00023200131272460567
161803,122,F,12,1,342.2060833333333,278.8727891753192,58.333333333333336,5.0,9.75,9.583333333333334,159.74611366666667,191.60747249412358,0.8333333333333334,0.3333333333333333,2.25,1.3333333333333333,0.6666666666666666,0.00047010383059387095
161803,123,C+,15,1,279.5640666666667,221.49742990613535,53.06666666666667,5.0,8.866666666666667,8.733333333333333,123.66666666666667,146.33333333333334,1.0,0.8666666666666667,1.1333333333333333,0.6,0.0,0.0004485920298975543
161803,123,F_fixed_no_insert,15,1,266.6682666666667,219.4682439548496,42.2,5.0,7.066666666666666,6.866666666666666,110.86666666666666,133.93333333333334,1.0,0.8666666666666667,2.933333333333333,2.3333333333333335,0.0,0.0003406772557354998
161803,123,F_dynamic_no_insert,15,1,271.41540000000003,225.08207812030957,41.333333333333336,5.0,6.933333333333334,6.666666666666667,109.66666666666667,132.33333333333334,1.0,0.8666666666666667,2.933333333333333,2.1333333333333333,0.0,0.00017180464328703238
161803,123,F_fixed_insert,15,1,251.19173333333336,208.65843212049546,37.53333333333333,5.0,6.266666666666667,6.2,123.5207694,145.39705941390602,0.7333333333333333,0.2,2.1333333333333333,1.4666666666666666,0.5333333333333333,0.0004818074316972343
161803,123,F,15,1,272.1105333333333,224.51053952177847,42.6,5.0,7.133333333333334,6.933333333333334,116.84799426666667,139.51466090096116,1.0,0.6666666666666666,3.1333333333333333,2.066666666666667,0.5333333333333333,9.282667724619387e-05
161803,124,C+,14,1,313.41664285714285,247.34520845899607,61.07142857142857,5.0,10.214285714285714,10.0,136.35714285714286,161.5,1.0,0.8571428571428571,1.1428571428571428,0.5,0.0,8.157405454767286e-05
161803,124,F_fixed_no_insert,14,1,301.69121428571424,251.26263324731238,45.42857142857143,5.0,7.642857142857143,7.214285714285714,123.07142857142857,146.07142857142858,1.0,0.8571428571428571,2.0,1.2857142857142858,0.0,0.00013453762630888377
161803,124,F_dynamic_no_insert,14,1,301.18199999999996,245.53913302155053,50.642857142857146,5.0,8.5,8.142857142857142,146.5,148.64285714285714,1.0,0.8571428571428571,2.5714285714285716,1.7857142857142858,0.0,0.00013769829229204333
161803,124,F_fixed_insert,14,1,297.10485714285716,244.0334127096081,48.07142857142857,5.0,8.071428571428571,7.714285714285714,135.93934078571428,158.93934080592862,0.7857142857142857,0.5714285714285714,2.4285714285714284,1.3571428571428572,0.5714285714285714,0.00022206548646863666
161803,124,F,14,1,293.01807142857143,239.44664712682047,48.57142857142857,5.0,8.142857142857142,7.857142857142857,157.78317021428572,160.35459879952342,0.7142857142857143,0.35714285714285715,2.2142857142857144,1.3571428571428572,0.5714285714285714,5.977548698865576e-05
161803,125,C+,14,1,310.5367142857143,247.89384053984068,57.642857142857146,5.0,9.642857142857142,9.428571428571429,135.5,158.92857142857142,1.0,0.7142857142857143,1.0,0.35714285714285715,0.0,0.00023244223075380432
161803,125,F_fixed_no_insert,14,1,283.29457142857143,234.5803171290076,43.714285714285715,5.0,7.357142857142857,6.928571428571429,119.64285714285714,141.7857142857143,1.0,0.8571428571428571,2.4285714285714284,1.6428571428571428,0.0,0.0004398061064421199
161803,125,F_dynamic_no_insert,14,1,272.76714285714286,228.55285715796595,39.214285714285715,5.0,6.571428571428571,6.357142857142857,52.785714285714285,139.64285714285714,1.0,0.8571428571428571,2.0714285714285716,1.5,0.0,2.1152345652808435e-07
161803,125,F_fixed_insert,14,1,288.50635714285715,237.0777995582328,46.42857142857143,5.0,7.785714285714286,7.5,140.4953032857143,165.82611568478143,0.7857142857142857,0.42857142857142855,2.857142857142857,1.7857142857142858,0.5714285714285714,0.00019381525953576784
161803,125,F,14,1,274.0960714285714,224.8817864546643,44.214285714285715,5.0,7.428571428571429,7.071428571428571,126.40430028571429,150.2614431429278,0.8571428571428571,0.6428571428571429,2.7857142857142856,1.5,0.5714285714285714,1.0365300568082603e-05
161803,126,C+,14,1,313.70757142857144,248.921829684227,59.785714285714285,5.0,10.0,9.785714285714286,135.92857142857142,159.78571428571428,1.0,0.7857142857142857,1.2142857142857142,0.35714285714285715,0.0,0.00038442082222900353
161803,126,F_fixed_no_insert,14,1,309.5365714285714,257.39367865448014,47.142857142857146,5.0,7.928571428571429,7.5,122.64285714285714,143.92857142857144,1.0,0.8571428571428571,2.2857142857142856,1.1428571428571428,0.0,0.0004988372779735073
161803,126,F_dynamic_no_insert,14,1,303.5099285714286,248.65276677615375,49.857142857142854,5.0,8.357142857142858,8.071428571428571,145.21428571428572,146.5,1.0,0.8571428571428571,2.357142857142857,1.4285714285714286,0.0,0.000265133847733523
161803,126,F_fixed_insert,14,1,306.29278571428574,251.22132538501253,50.07142857142857,5.0,8.428571428571429,7.928571428571429,142.83966364285715,164.1253779002293,0.6428571428571429,0.5,2.7857142857142856,1.4285714285714286,0.5714285714285714,0.0004446098246262409
161803,126,F,14,1,304.038,247.96655650863107,51.07142857142857,5.0,8.571428571428571,8.214285714285714,160.94986635714284,161.80700924042847,0.8571428571428571,0.6428571428571429,2.5714285714285716,1.1428571428571428,0.5714285714285714,0.0002088791652568034
161803,127,C+,13,1,303.9800769230769,237.7493179624501,61.23076923076923,5.0,10.23076923076923,10.076923076923077,117.92307692307692,172.53846153846155,1.0,0.6153846153846154,0.6923076923076923,0.3076923076923077,0.0,0.00013351185134524712
161803,127,F_fixed_no_insert,13,1,293.2181538461538,239.14126758325335,49.07692307692308,5.0,8.23076923076923,7.923076923076923,107.76923076923077,158.69230769230768,1.0,0.7692307692307693,2.076923076923077,1.5384615384615385,0.0,0.0004785822939084028
161803,127,F_dynamic_no_insert,13,1,301.50961538461536,243.66345783000892,52.84615384615385,5.0,8.846153846153847,8.615384615384615,158.23076923076923,161.46153846153845,1.0,0.7692307692307693,2.1538461538461537,1.5384615384615385,0.0,4.820988397113979e-05
161803,127,F_fixed_insert,13,1,298.15023076923075,238.76561015761507,54.38461538461539,5.0,9.076923076923077,9.0,124.040051,178.85279940701022,0.7692307692307693,0.38461538461538464,2.923076923076923,1.9230769230769231,0.6153846153846154,6.795100398448994e-05
161803,127,F,13,1,297.66984615384615,238.28526659041486,54.38461538461539,5.0,9.076923076923077,9.0,148.94308361538464,175.55846825675692,0.9230769230769231,0.46153846153846156,2.8461538461538463,1.7692307692307692,0.6153846153846154,0.0004656753931158164
161803,128,C+,14,1,302.1493571428572,241.2207804008652,55.92857142857143,5.0,9.357142857142858,9.142857142857142,136.35714285714286,159.78571428571428,1.0,0.5,0.5714285714285714,0.21428571428571427,0.0,7.438788725266932e-05
161803,128,F_fixed_no_insert,14,1,288.30764285714287,241.16476698178067,42.142857142857146,5.0,7.071428571428571,6.785714285714286,121.78571428571429,145.21428571428572,1.0,0.5714285714285714,2.142857142857143,1.7142857142857142,0.0,0.00026225507053823094
161803,128,F_dynamic_no_insert,14,1,300.91335714285714,250.05621699270162,45.857142857142854,5.0,7.714285714285714,7.285714285714286,123.07142857142857,146.5,1.0,0.6428571428571429,2.357142857142857,1.7142857142857142,0.0,3.789782249441487e-05
161803,128,F_fixed_insert,14,1,276.88692857142854,228.45833497178816,43.42857142857143,5.0,7.285714285714286,7.0,135.46522,158.03664853732135,0.7857142857142857,0.35714285714285715,2.357142857142857,1.5,0.5714285714285714,0.00031039496570883784
161803,128,F,14,1,309.631,258.05956032242995,46.57142857142857,5.0,7.785714285714286,7.642857142857143,135.74755478571427,159.17612619918006,0.8571428571428571,0.5,2.4285714285714284,1.5,0.5714285714285714,0.00015548598048553686
161803,129,C+,10,1,383.7571,296.85709790023145,81.9,5.0,13.7,13.4,190.9,224.3,1.0,0.9,1.3,0.6,0.0,2.0997685169277247e-05
161803,129,F_fixed_no_insert,10,1,382.9158,308.21581897829356,69.7,5.0,11.7,11.2,178.9,211.7,1.0,1.0,2.2,1.3,0.0,0.0001897829356494185
161803,129,F_dynamic_no_insert,10,1,382.9158,308.21581897829356,69.7,5.0,11.7,11.2,178.9,211.7,1.0,1.0,2.2,1.3,0.0,0.0001897829356494185
161803,129,F_fixed_insert,10,1,421.22020000000003,345.3202210319217,70.9,5.0,11.9,11.4,192.1257808,224.3257808406757,0.9,0.4,2.4,0.9,0.8,0.00021031921642133966
161803,129,F,10,1,421.22020000000003,345.3202210319217,70.9,5.0,11.9,11.4,192.1257808,224.3257808406757,0.9,0.4,2.4,0.9,0.8,0.00021031921642133966
161803,130,C+,14,1,312.23028571428574,240.94454540569544,66.28571428571429,5.0,11.071428571428571,10.928571428571429,161.92857142857142,165.35714285714286,1.0,0.9285714285714286,1.3571428571428572,0.7142857142857143,0.0,0.00036432026399779716
161803,130,F_fixed_no_insert,14,1,311.0868571428572,251.5154162835629,54.57142857142857,5.0,9.142857142857142,8.857142857142858,150.35714285714286,153.35714285714286,1.0,1.0,2.142857142857143,1.5,0.0,0.0001720301197565277
161803,130,F_dynamic_no_insert,14,1,311.0868571428572,251.5154162835629,54.57142857142857,5.0,9.142857142857142,8.857142857142858,150.35714285714286,153.35714285714286,1.0,1.0,2.142857142857143,1.5,0.0,0.0001720301197565277
161803,130,F_fixed_insert,14,1,308.59621428571427,248.66761069937917,54.92857142857143,5.0,9.214285714285714,8.857142857142858,158.00806135714285,161.00806133342283,0.9285714285714286,0.5,2.2142857142857144,1.2857142857142858,0.5714285714285714,0.00045020869129075436
161803,130,F,14,1,308.59621428571427,248.66761069937917,54.92857142857143,5.0,9.214285714285714,8.857142857142858,158.00806135714285,161.00806133342283,0.9285714285714286,0.5,2.2142857142857144,1.2857142857142858,0.5714285714285714,0.00045020869129075436
161803,131,C+,16,1,256.71775,203.59274480273731,48.125,5.0,8.0625,7.8125,116.3125,119.6875,1.0,0.75,1.125,0.5625,0.0,8.315620334542473e-05
161803,131,F_fixed_no_insert,16,1,240.935625,202.43562293622833,33.5,5.0,5.625,5.375,102.4375,104.6875,1.0,0.8125,2.0,1.375,0.0,3.3020346563716885e-05
161803,131,F_dynamic_no_insert,16,1,262.1896875,219.06471711234875,38.125,5.0,6.4375,5.9375,105.8125,107.31250000000001,1.0,0.875,2.3125,1.5625,0.0,0.00047379758007082273
161803,131,F_fixed_insert,16,1,233.146625,193.7716284082948,34.375,5.0,5.75,5.625,116.1647854375,117.66478543317918,0.75,0.4375,2.125,1.25,0.5,5.4532716603716835e-05
161803,131,F,16,1,246.4383125,205.00081563145008,36.4375,5.0,6.125,5.8125,98.207109625,100.4571096472846,0.875,0.8125,2.8125,1.6875,0.5,5.010320137444069e-05
161803,132,C+,16,1,292.9945,230.43199906144937,57.5625,5.0,9.625,9.4375,142.0625,143.9375,1.0,0.875,1.25,0.5625,0.0,1.5016810266388347e-05
161803,132,F_fixed_no_insert,16,1,298.9834375,255.48343570343278,38.5,5.0,6.5,6.0,122.1875,122.93750000000001,1.0,1.0,2.125,1.3125,0.0,2.8745075269398512e-05
161803,132,F_dynamic_no_insert,16,1,298.9834375,255.48343570343278,38.5,5.0,6.5,6.0,122.1875,122.93750000000001,1.0,1.0,2.125,1.3125,0.0,2.8745075269398512e-05
161803,132,F_fixed_insert,16,1,281.997875,235.24785390303146,41.75,5.0,7.0,6.75,131.917539625,133.0425396313524,1.0,0.75,2.625,1.5,0.5,0.00033755149706848897
161803,132,F,16,1,284.481,235.54352028542166,43.9375,5.0,7.375,7.0625,140.3198095625,141.06980954830794,0.8125,0.625,2.5,1.375,0.5,0.0003245667467126623
161803,133,C+,11,1,347.50345454545453,267.9579823485562,74.54545454545455,5.0,12.454545454545455,12.272727272727273,171.36363636363637,205.54545454545453,1.0,0.8181818181818182,0.9090909090909091,0.36363636363636365,0.0,0.00019416588202147977
161803,133,F_fixed_no_insert,11,1,341.607,276.97064326401147,59.63636363636363,5.0,10.0,9.636363636363637,157.72727272727272,188.63636363636363,1.0,1.0,2.090909090909091,1.3636363636363635,0.0,7.59041258788784e-05
161803,133,F_dynamic_no_insert,11,1,372.79209090909086,308.1557278912089,59.63636363636363,5.0,10.0,9.636363636363637,155.54545454545453,186.45454545454547,1.0,1.0,2.272727272727273,1.2727272727272727,0.0,6.803298219892895e-06
161803,133,F_fixed_insert,11,1,336.6123636363636,271.703233620514,59.90909090909091,5.0,10.0,9.909090909090908,172.80151072727273,203.71060164292922,0.8181818181818182,0.36363636363636365,2.090909090909091,1.0909090909090908,0.7272727272727273,0.0004301743456380791
161803,133,F,11,1,352.51709090909094,287.2443869061107,60.27272727272727,5.0,10.090909090909092,9.818181818181818,172.189364,203.09845487851905,0.9090909090909091,0.45454545454545453,2.3636363636363638,1.1818181818181819,0.7272727272727273,0.0002559672179813788
161803,134,C+,16,1,284.65125,230.4637794414171,49.1875,5.0,8.25,7.9375,115.1875,136.16582846748327,0.8125,0.6875,1.125,0.3125,0.0,0.0004710626735686674
161803,134,F_fixed_no_insert,16,1,242.7445625,203.30706145059472,34.4375,5.0,5.8125,5.375,102.4375,103.5625,1.0,0.9375,1.875,1.125,0.0,1.679048455116572e-05
161803,134,F_dynamic_no_insert,16,1,242.7445625,203.30706145059472,34.4375,5.0,5.8125,5.375,102.4375,103.5625,1.0,0.9375,1.875,1.125,0.0,1.679048455116572e-05
161803,134,F_fixed_insert,16,1,229.7533125,189.1282825365448,35.625,5.0,6.0,5.625,112.597944125,114.0979440983629,0.8125,0.6875,2.0625,1.125,0.375,0.00047941528328010463
161803,134,F,16,1,229.7533125,189.1282825365448,35.625,5.0,6.0,5.625,112.597944125,114.0979440983629,0.8125,0.6875,2.0625,1.125,0.375,0.00047941528328010463
161803,135,C+,15,1,321.1482,257.0148571006445,59.13333333333333,5.0,9.866666666666667,9.8,125.23500933333334,154.30167597050385,0.9333333333333333,0.8666666666666667,1.1333333333333333,0.5333333333333333,0.0,0.00014349033244798193
161803,135,F_fixed_no_insert,15,1,322.54426666666666,275.47758394161787,42.06666666666667,5.0,7.066666666666666,6.733333333333333,112.06666666666666,134.33333333333334,1.0,0.8666666666666667,2.066666666666667,1.2666666666666666,0.0,0.00024087573183351196
161803,135,F_dynamic_no_insert,15,1,330.03933333333333,280.1059883505128,44.93333333333333,5.0,7.533333333333333,7.266666666666667,134.33333333333334,135.93333333333334,1.0,0.9333333333333333,2.2,1.4,0.0,0.00017474230844527483
161803,135,F_fixed_insert,15,1,330.83700000000005,282.7703242756137,43.06666666666667,5.0,7.266666666666667,6.733333333333333,128.96943573333334,150.4361024291842,0.8,0.6,2.2666666666666666,1.0666666666666667,0.5333333333333333,0.0001358657946184394
161803,135,F,15,1,326.02293333333336,275.08962750326356,45.93333333333333,5.0,7.733333333333333,7.266666666666667,150.08263166666666,151.6826316446736,0.8,0.4666666666666667,2.4,1.2,0.5333333333333333,0.00041254895313613815
161803,136,C+,16,1,267.727125,211.35211946545354,51.375,5.0,8.625,8.25,114.8125,120.0625,1.0,1.0,1.625,0.75,0.0,8.855274336383445e-05
161803,136,F_fixed_no_insert,16,1,258.1955,214.38298679499343,38.8125,5.0,6.5625,6.0,105.0625,106.5625,1.0,1.0,2.375,1.4375,0.0,0.00021128010484972037
161803,136,F_dynamic_no_insert,16,1,258.1955,214.38298679499343,38.8125,5.0,6.5625,6.0,105.0625,106.5625,1.0,1.0,2.375,1.4375,0.0,0.00021128010484972037
161803,136,F_fixed_insert,16,1,254.8221875,209.50967288866735,40.3125,5.0,6.8125,6.25,116.020057125,117.520057138497,0.875,0.6875,2.625,1.25,0.5,0.0002337813225494756
161803,136,F,16,1,254.8221875,209.50967288866735,40.3125,5.0,6.8125,6.25,116.020057125,117.520057138497,0.875,0.6875,2.625,1.25,0.5,0.0002337813225494756
161803,137,C+,11,1,373.92881818181814,290.5651470218675,78.36363636363636,5.0,13.090909090909092,12.909090909090908,139.9090909090909,207.72727272727272,1.0,0.6363636363636364,1.1818181818181819,0.6363636363636364,0.0,0.0003827594568974746
161803,137,F_fixed_no_insert,11,1,356.33190909090905,291.15010502934496,60.18181818181818,5.0,10.090909090909092,9.727272727272727,129.0,188.63636363636363,1.0,0.7272727272727273,2.272727272727273,1.5454545454545454,0.0,0.0001553227948534186
161803,137,F_dynamic_no_insert,11,1,355.1545454545454,289.336324512965,60.81818181818182,5.0,10.181818181818182,9.909090909090908,159.36363636363637,191.36363636363637,1.0,0.7272727272727273,2.0,1.4545454545454546,0.0,0.00043035738463004236
161803,137,F_fixed_insert,11,1,363.9335454545454,298.6608430653461,60.27272727272727,5.0,10.090909090909092,9.818181818181818,146.1968730909091,208.45164882668013,0.7272727272727273,0.45454545454545453,2.272727272727273,1.0909090909090908,0.7272727272727273,0.00027371880742066423
161803,137,F,11,1,369.59999999999997,295.05457347416547,69.54545454545455,5.0,11.636363636363637,11.363636363636363,210.810214,211.35566856141713,0.8181818181818182,0.5454545454545454,2.3636363636363638,1.2727272727272727,0.5454545454545454,0.00030821582049611607
161803,138,C+,13,1,334.6066923076923,266.52977898288003,63.07692307692308,5.0,10.538461538461538,10.384615384615385,146.3846153846154,172.53846153846155,1.0,0.9230769230769231,1.0,0.46153846153846156,0.0,0.00012677744052780326
161803,138,F_fixed_no_insert,13,1,322.3608461538461,269.2839210534721,48.07692307692308,5.0,8.076923076923077,7.6923076923076925,130.23076923076923,154.53846153846155,1.0,1.0,2.3846153846153846,1.4615384615384615,0.0,2.630486233101692e-05
161803,138,F_dynamic_no_insert,13,1,313.47769230769234,260.70842403431493,47.76923076923077,5.0,8.0,7.769230769230769,106.38461538461539,154.0769230769231,1.0,1.0,2.3076923076923075,1.6923076923076923,0.0,0.00048755390616861405
161803,138,F_fixed_insert,13,1,302.4142307692308,249.64503241071844,47.76923076923077,5.0,8.0,7.769230769230769,149.93502815384616,177.33140593726554,0.6923076923076923,0.3076923076923077,2.3076923076923075,1.3846153846153846,0.6153846153846154,0.00042133933948207414
161803,138,F,13,1,313.3765384615385,260.6072951641702,47.76923076923077,5.0,8.0,7.769230769230769,113.37738476923076,161.53123091317678,0.9230769230769231,0.6153846153846154,2.3076923076923075,1.2307692307692308,0.6153846153846154,0.00016286578784274752
161803,139,C+,13,1,331.1044615384616,262.1813520915203,63.92307692307692,5.0,10.692307692307692,10.461538461538462,172.53846153846155,173.92307692307693,1.0,0.7692307692307693,0.9230769230769231,0.3076923076923077,0.0,0.0004228102366141684
161803,139,F_fixed_no_insert,13,1,309.70853846153847,252.7085408736939,52.0,5.0,8.692307692307692,8.538461538461538,157.76923076923077,160.07692307692307,1.0,0.9230769230769231,1.7692307692307692,1.0,0.0,3.135802080578287e-05
161803,139,F_dynamic_no_insert,13,1,309.70853846153847,252.7085408736939,52.0,5.0,8.692307692307692,8.538461538461538,157.76923076923077,160.07692307692307,1.0,0.9230769230769231,1.7692307692307692,1.0,0.0,3.135802080578287e-05
161803,139,F_fixed_insert,13,1,313.93353846153843,255.3181494694869,53.61538461538461,5.0,9.0,8.615384615384615,166.98499253846154,168.8311463545629,0.8461538461538461,0.5384615384615384,2.076923076923077,0.8461538461538461,0.6153846153846154,5.689667023034417e-05
161803,139,F,13,1,306.29923076923075,252.9915762734654,48.30769230769231,5.0,8.076923076923077,7.923076923076923,98.29693800000001,168.91232260152307,0.9230769230769231,0.5384615384615384,2.230769230769231,1.3076923076923077,0.6153846153846154,0.0004915550503028498
161803,140,C+,11,1,363.029,282.48350060943847,75.54545454545455,5.0,12.636363636363637,12.363636363636363,200.0909090909091,207.1818181818182,1.0,0.6363636363636364,0.8181818181818182,0.2727272727272727,0.0,0.0004932961769554822
161803,140,F_fixed_no_insert,11,1,353.4186363636364,285.50955857526554,62.90909090909091,5.0,10.545454545454545,10.181818181818182,188.63636363636363,194.0909090909091,1.0,0.6363636363636364,2.0,1.3636363636363635,0.0,0.00014432792067964328
161803,140,F_dynamic_no_insert,11,1,358.8299090909091,293.7390073729688,60.09090909090909,5.0,10.090909090909092,9.636363636363637,157.1818181818182,190.8181818181818,1.0,0.7272727272727273,2.0,1.1818181818181819,0.0,8.110265662253369e-05
161803,140,F_fixed_insert,11,1,341.1600909090909,271.0691513905479,65.0909090909091,5.0,10.909090909090908,10.545454545454545,204.12365163636366,208.48728797906452,0.8181818181818182,0.5454545454545454,2.3636363636363638,1.1818181818181819,0.7272727272727273,0.00033470397283963393
161803,140,F,11,1,357.94336363636364,289.216114999981,63.72727272727273,5.0,10.636363636363637,10.545454545454545,173.3263090909091,207.79372512390444,0.8181818181818182,0.36363636363636365,2.5454545454545454,1.5454545454545454,0.7272727272727273,0.0002649997909429658
161803,141,C+,14,1,293.52014285714284,226.02013487919913,62.5,5.0,10.428571428571429,10.357142857142858,160.64285714285714,161.5,1.0,0.8571428571428571,1.3571428571428572,0.7857142857142857,0.0,0.0001116912121688074
161803,141,F_fixed_no_insert,14,1,284.33342857142856,226.7620341062151,52.57142857142857,5.0,8.785714285714286,8.642857142857142,146.07142857142858,147.78571428571428,1.0,0.9285714285714286,3.142857142857143,2.2857142857142856,0.0,0.0004774870112669305
161803,141,F_dynamic_no_insert,14,1,318.2562857142857,264.75627956823024,48.5,5.0,8.214285714285714,7.428571428571429,120.92857142857143,146.5,1.0,0.8571428571428571,2.7142857142857144,1.7142857142857142,0.0,8.604477625340223e-05
161803,141,F_fixed_insert,14,1,270.2475714285714,217.1761379960399,48.07142857142857,5.0,8.071428571428571,7.714285714285714,163.08200428571428,163.93914712541437,0.7142857142857143,0.5714285714285714,2.4285714285714284,1.3571428571428572,0.5714285714285714,6.805544126109453e-05
161803,141,F,14,1,298.99142857142857,245.9199800756797,48.07142857142857,5.0,8.071428571428571,7.714285714285714,133.7881762142857,156.7881762451355,0.9285714285714286,0.5,2.857142857142857,1.7142857142857142,0.5714285714285714,0.0002789404843497323
161803,142,C+,15,1,283.3762,222.10951494750253,56.266666666666666,5.0,9.4,9.266666666666667,100.2,150.73333333333332,1.0,0.8666666666666667,0.9333333333333333,0.4666666666666667,0.0,0.0002757874622147938
161803,142,F_fixed_no_insert,15,1,288.5443333333333,242.1443619100132,41.4,5.0,6.933333333333334,6.733333333333333,92.2,134.73333333333335,1.0,0.8666666666666667,2.1333333333333333,1.6666666666666667,0.0,0.0004286501980459434
161803,142,F_dynamic_no_insert,15,1,292.44426666666664,244.57760443004256,42.86666666666667,5.0,7.2,6.866666666666666,129.93333333333334,133.53333333333336,1.0,0.9333333333333333,2.533333333333333,1.8666666666666667,0.0,6.64506387693109e-05
161803,142,F_fixed_insert,15,1,270.24833333333333,223.91499612092775,41.333333333333336,5.0,6.933333333333334,6.666666666666667,103.52210353333334,145.2153376311423,0.8,0.3333333333333333,2.1333333333333333,1.2,0.5333333333333333,5.8186083606415195e-05
161803,142,F,15,1,258.327,213.26030336325732,40.06666666666667,5.0,6.733333333333333,6.4,103.79557580000001,144.32890913169996,0.8,0.4666666666666667,2.533333333333333,1.4666666666666666,0.5333333333333333,0.00044955114026379306
161803,143,C+,15,1,288.73466666666667,225.66797138468414,58.06666666666667,5.0,9.733333333333333,9.4,150.28214359999998,152.28214358862655,0.9333333333333333,0.8666666666666667,1.5333333333333334,0.8,0.0,0.0004292297385291022
161803,143,F_fixed_no_insert,15,1,282.68126666666666,231.34796309513453,46.333333333333336,5.0,7.8,7.333333333333333,133.13333333333333,134.73333333333335,1.0,0.9333333333333333,2.7333333333333334,1.8666666666666667,0.0,0.00044642701777775073
161803,143,F_dynamic_no_insert,15,1,286.2760666666666,235.7427355594972,45.53333333333333,5.0,7.666666666666667,7.2,132.73333333333332,134.33333333333334,1.0,0.9333333333333333,2.6666666666666665,1.8,0.0,3.339245813549496e-05
161803,143,F_fixed_insert,15,1,277.7442,226.14419269702938,46.6,5.0,7.8,7.6,144.69595280000001,146.2959528333327,0.8666666666666667,0.5333333333333333,2.7333333333333334,1.6666666666666667,0.5333333333333333,0.00010954455865430646
161803,143,F,15,1,266.3754666666667,220.97546979778062,40.4,5.0,6.8,6.4,102.29712880000001,142.6144785267789,0.8,0.3333333333333333,2.3333333333333335,1.3333333333333333,0.5333333333333333,4.69667093057069e-05
161803,144,C+,11,1,415.7933636363636,331.97513911769306,78.81818181818181,5.0,13.181818181818182,12.909090909090908,175.1818181818182,209.36363636363637,1.0,0.8181818181818182,1.0,0.09090909090909091,0.0,0.0004697053759628034
161803,144,F_fixed_no_insert,11,1,420.82954545454544,354.1932206157008,61.63636363636363,5.0,10.363636363636363,9.818181818181818,160.45454545454547,191.36363636363637,1.0,0.8181818181818182,2.090909090909091,1.0,0.0,0.00042677270857893745
161803,144,F_dynamic_no_insert,11,1,397.48518181818184,331.75790242559606,60.72727272727273,5.0,10.181818181818182,9.818181818181818,158.27272727272728,190.27272727272728,1.0,0.8181818181818182,2.0,1.0,0.0,7.331844381042174e-05
161803,144,F_fixed_insert,11,1,395.75636363636363,328.2108691412326,62.54545454545455,5.0,10.454545454545455,10.272727272727273,180.856464,211.76555491287647,0.8181818181818182,0.2727272727272727,2.1818181818181817,1.1818181818181819,0.7272727272727273,0.0004394464413053356
161803,144,F,11,1,396.1668181818182,327.7122571220588,63.45454545454545,5.0,10.636363636363637,10.272727272727273,179.07233372727273,211.6177883165158,0.8181818181818182,0.45454545454545453,2.4545454545454546,1.0909090909090908,0.7272727272727273,0.00017165735334856436
161803,145,C+,16,1,286.8300625,228.14257221050954,53.6875,5.0,9.0,8.6875,137.1875,140.1875,1.0,0.8125,1.25,0.5625,0.0,0.00015536815271843807
161803,145,F_fixed_no_insert,16,1,275.574375,229.01184946795533,41.5625,5.0,7.0,6.5625,123.3125,125.18750000000001,1.0,0.875,2.5625,1.625,0.0,0.00040851271432984504
161803,145,F_dynamic_no_insert,16,1,255.4813125,214.16881535338126,36.3125,5.0,6.125,5.6875,102.4375,104.31250000000001,1.0,0.875,2.4375,1.4375,0.0,4.565410017676186e-05
161803,145,F_fixed_insert,16,1,257.126,211.50098128378653,40.625,5.0,6.8125,6.5625,135.4434261875,136.943426195077,0.8125,0.5,2.375,1.4375,0.5,0.00029945941514597507
161803,145,F,16,1,270.157625,224.22011159545903,40.9375,5.0,6.875,6.5625,134.7445323125,135.86953230091956,0.8125,0.5625,2.625,1.625,0.5,0.00021447265544338734
161803,146,C+,14,1,276.9643571428572,217.32151212316646,54.642857142857146,5.0,9.142857142857142,8.928571428571429,86.92857142857143,158.07142857142858,1.0,0.42857142857142855,0.6428571428571429,0.21428571428571427,0.0,0.00016972433013506816
161803,146,F_fixed_no_insert,14,1,268.87892857142856,223.59319446304022,40.285714285714285,5.0,6.785714285714286,6.357142857142857,74.5,142.21428571428572,1.0,0.5714285714285714,2.2857142857142856,1.6428571428571428,0.0,0.000277517436643393
161803,146,F_dynamic_no_insert,14,1,285.3254285714286,237.03970950830666,43.285714285714285,5.0,7.285714285714286,6.857142857142857,143.07142857142858,144.78571428571428,1.0,0.5714285714285714,2.142857142857143,1.4285714285714286,0.0,6.688370694973855e-05
161803,146,F_fixed_insert,14,1,263.11949999999996,217.61953563205094,40.5,5.0,6.785714285714286,6.571428571428571,82.46830057142857,158.3031045598309,0.7142857142857143,0.2857142857142857,2.2857142857142856,1.4285714285714286,0.5714285714285714,0.00049884871350514
161803,146,F,14,1,263.265,212.69360150582133,45.57142857142857,5.0,7.642857142857143,7.357142857142857,161.217973,162.5036872907176,0.7142857142857143,0.5,2.5,1.4285714285714286,0.5714285714285714,0.0004210814986436162
161803,147,C+,12,1,333.2839166666667,261.033952941964,67.25,5.0,11.25,11.0,181.41666666666666,185.91666666666666,1.0,0.75,1.0833333333333333,0.3333333333333333,0.0,0.00043530356788323843
161803,147,F_fixed_no_insert,12,1,377.336,314.5859856306415,57.75,5.0,9.666666666666666,9.416666666666666,167.91666666666666,171.91666666666666,1.0,0.9166666666666666,2.5833333333333335,1.5833333333333333,0.0,0.0001724323019516305
161803,147,F_dynamic_no_insert,12,1,353.48575,293.81912210665445,54.666666666666664,5.0,9.166666666666666,8.833333333333334,143.58333333333334,171.91666666666666,1.0,0.8333333333333334,2.1666666666666665,1.5,0.0,0.00046527985387001536
161803,147,F_fixed_insert,12,1,309.04091666666665,249.2908950018228,54.75,5.0,9.166666666666666,8.916666666666666,181.72779158333333,185.72779157578591,0.6666666666666666,0.5833333333333334,2.0833333333333335,1.25,0.25,0.0002599781264507328
161803,147,F,12,1,306.07783333333333,246.4945176349145,54.583333333333336,5.0,9.166666666666666,8.75,182.56042,183.06041997484,0.8333333333333334,0.5,2.0,0.75,0.5833333333333334,0.0002116189739354013
161803,148,C+,13,1,303.56107692307694,235.94572684151183,62.61538461538461,5.0,10.461538461538462,10.307692307692308,145.6723386923077,172.2877233431699,0.9230769230769231,0.7692307692307693,1.0769230769230769,0.6153846153846154,0.0,0.0004489396537792345
161803,148,F_fixed_no_insert,13,1,293.4253076923077,238.271470563155,50.15384615384615,5.0,8.384615384615385,8.23076923076923,133.0,158.23076923076923,1.0,0.9230769230769231,2.4615384615384617,1.9230769230769231,0.0,0.00011732101484085433
161803,148,F_dynamic_no_insert,13,1,325.4773846153846,270.47737149482936,50.0,5.0,8.384615384615385,8.076923076923077,107.76923076923077,156.38461538461542,1.0,0.9230769230769231,2.769230769230769,2.076923076923077,0.0,0.0001705672184471041
161803,148,F_fixed_insert,13,1,296.90430769230767,239.59660129941489,52.30769230769231,5.0,8.76923076923077,8.461538461538462,149.83565907692306,174.60488983979187,0.6923076923076923,0.38461538461538464,2.8461538461538463,1.9230769230769231,0.6153846153846154,0.00018310760651729652
161803,148,F,13,1,285.9046153846154,232.28923127439722,48.61538461538461,5.0,8.153846153846153,7.846153846153846,122.18275184615385,170.33659798149708,0.6923076923076923,0.46153846153846156,2.5384615384615383,1.5384615384615385,0.6153846153846154,6.567163836734835e-06
161803,149,C+,15,1,285.76613333333336,221.6328056818958,59.13333333333333,5.0,9.866666666666667,9.8,126.86666666666666,151.53333333333333,1.0,0.7333333333333333,1.2666666666666666,0.6,0.0,8.522843700120575e-05
161803,149,F_fixed_no_insert,15,1,296.02726666666666,251.02725934106667,40.0,5.0,6.733333333333333,6.333333333333333,108.86666666666666,132.73333333333335,1.0,0.7333333333333333,2.533333333333333,1.8,0.0,0.0001098839998121548
161803,149,F_dynamic_no_insert,15,1,296.02726666666666,251.02725934106667,40.0,5.0,6.733333333333333,6.333333333333333,108.86666666666666,132.73333333333335,1.0,0.7333333333333333,2.533333333333333,1.8,0.0,0.0001098839998121548
161803,149,F_fixed_insert,15,1,270.3127333333333,224.2460368209876,41.06666666666667,5.0,6.866666666666666,6.733333333333333,120.7563976,143.8230642540573,0.9333333333333333,0.4,2.6666666666666665,1.6666666666666667,0.5333333333333333,0.0004476851859180897
161803,149,F,15,1,270.3127333333333,224.2460368209876,41.06666666666667,5.0,6.866666666666666,6.733333333333333,120.7563976,143.8230642540573,0.9333333333333333,0.4,2.6666666666666665,1.6666666666666667,0.5333333333333333,0.0004476851859180897
161803,150,C+,14,1,302.5256428571429,238.66850313106087,58.857142857142854,5.0,9.857142857142858,9.571428571428571,129.5,159.35714285714286,1.0,0.8571428571428571,1.1428571428571428,0.5,0.0,4.383485202197335e-05
161803,150,F_fixed_no_insert,14,1,287.7144285714286,238.8572927537345,43.857142857142854,5.0,7.357142857142857,7.071428571428571,118.35714285714286,143.50000000000003,1.0,0.9285714285714286,2.4285714285714284,1.7857142857142858,0.0,9.85522829068941e-05
161803,150,F_dynamic_no_insert,14,1,303.15785714285715,252.9435872532719,45.214285714285715,5.0,7.642857142857143,7.0,120.92857142857143,143.50000000000003,1.0,0.9285714285714286,2.5714285714285716,1.6428571428571428,0.0,0.00022154580619826447
161803,150,F_fixed_insert,14,1,293.3375714285714,242.69469644119312,45.642857142857146,5.0,7.642857142857143,7.428571428571429,129.86620214285713,154.5804878419967,0.9285714285714286,0.5,2.7142857142857144,1.6428571428571428,0.5714285714285714,0.00024982329614431364
161803,150,F,14,1,305.1477142857143,255.36199751766648,44.785714285714285,5.0,7.5,7.285714285714286,139.391789,162.88549422189496,0.7142857142857143,0.5,2.2142857142857144,1.2857142857142858,0.5714285714285714,3.47526693076361e-05
161803,151,C+,15,1,320.8340666666667,256.96736681660775,58.86666666666667,5.0,9.866666666666667,9.533333333333333,127.26666666666667,150.33333333333334,1.0,0.8666666666666667,1.4666666666666666,0.6,0.0,0.0004977508842785028
161803,151,F_fixed_no_insert,15,1,327.14113333333336,279.20782603893423,42.93333333333333,5.0,7.2,6.933333333333334,112.86666666666666,133.13333333333335,1.0,0.8666666666666667,2.4,1.5333333333333334,0.0,0.0003905840130755678
161803,151,F_dynamic_no_insert,15,1,303.1970666666667,254.39705838416478,43.8,5.0,7.333333333333333,7.133333333333334,133.13333333333333,134.73333333333335,1.0,0.8666666666666667,2.2,1.3333333333333333,0.0,0.00012423752832546597
161803,151,F_fixed_insert,15,1,302.3498666666666,255.21652866572634,42.13333333333333,5.0,7.066666666666666,6.8,136.4690668,155.93573347594048,0.6666666666666666,0.4666666666666667,2.2666666666666666,1.1333333333333333,0.5333333333333333,7.001410449447576e-05
161803,151,F,15,1,322.17713333333336,271.2438110028888,45.93333333333333,5.0,7.733333333333333,7.266666666666667,148.0588084,149.25880837927846,0.8666666666666667,0.6,2.6,1.4666666666666666,0.3333333333333333,0.00016504333143529948
161803,152,C+,15,1,288.1632,227.3632069880682,55.8,5.0,9.333333333333334,9.133333333333333,148.73333333333332,149.93333333333334,1.0,0.8,1.0,0.4666666666666667,0.0,0.00010482102288733586
161803,152,F_fixed_no_insert,15,1,282.3554666666667,237.28881226499047,40.06666666666667,5.0,6.733333333333333,6.4,131.53333333333333,132.73333333333335,1.0,0.8,2.2666666666666666,1.4666666666666666,0.0,0.00018397485655441415
161803,152,F_dynamic_no_insert,15,1,285.5982666666667,238.6649005825974,41.93333333333333,5.0,7.066666666666666,6.6,111.66666666666667,133.53333333333336,1.0,0.8,2.6,1.8666666666666667,0.0,0.0004912610393148498
161803,152,F_fixed_insert,15,1,295.06126666666665,246.32795087238677,43.733333333333334,5.0,7.333333333333333,7.066666666666666,147.5550462,149.15504616874748,0.8666666666666667,0.4666666666666667,2.8666666666666667,1.7333333333333334,0.5333333333333333,0.0002630858016345883
161803,152,F,15,1,320.5566,271.88991551888915,43.666666666666664,5.0,7.333333333333333,7.0,124.861791,146.72845769243952,0.8666666666666667,0.4,2.8666666666666667,1.8,0.5333333333333333,0.00026721666245066444
161803,153,C+,15,1,323.4782666666667,255.61161360497866,62.86666666666667,5.0,10.533333333333333,10.2,148.73333333333332,153.93333333333334,1.0,0.9333333333333333,1.5333333333333334,0.6666666666666666,0.0,0.0002040746799139015
161803,153,F_fixed_no_insert,15,1,305.20393333333334,255.67059655790212,44.53333333333333,5.0,7.466666666666667,7.2,131.93333333333334,135.13333333333335,1.0,0.9333333333333333,2.533333333333333,1.6666666666666667,0.0,5.163146852282807e-05
161803,153,F_dynamic_no_insert,15,1,305.20393333333334,255.67059655790212,44.53333333333333,5.0,7.466666666666667,7.2,131.93333333333334,135.13333333333335,1.0,0.9333333333333333,2.533333333333333,1.6666666666666667,0.0,5.163146852282807e-05
161803,153,F_fixed_insert,15,1,284.97333333333336,237.3733392453816,42.6,5.0,7.133333333333334,6.933333333333334,140.68046193333333,143.08046190431514,0.9333333333333333,0.6,2.2,1.1333333333333333,0.5333333333333333,8.868072382028913e-05
161803,153,F,15,1,284.97333333333336,237.3733392453816,42.6,5.0,7.133333333333334,6.933333333333334,140.68046193333333,143.08046190431514,0.9333333333333333,0.6,2.2,1.1333333333333333,0.5333333333333333,8.868072382028913e-05
161803,154,C+,16,1,249.45675,197.39422355115002,47.0625,5.0,7.875,7.6875,116.3125,116.6875,1.0,0.8125,1.4375,0.75,0.0,0.0004231815996718069
161803,154,F_fixed_no_insert,16,1,257.805375,216.18036882155332,36.625,5.0,6.1875,5.6875,103.9375,104.6875,1.0,0.75,2.5625,1.5625,0.0,9.88551473710686e-05
161803,154,F_dynamic_no_insert,16,1,257.805375,216.18036882155332,36.625,5.0,6.1875,5.6875,103.9375,104.6875,1.0,0.75,2.5625,1.5625,0.0,9.88551473710686e-05
161803,154,F_fixed_insert,16,1,245.4306875,203.4306715766479,37.0,5.0,6.1875,6.0625,116.6802001875,117.43020020597353,0.875,0.5625,2.5625,1.5,0.5,0.00025477363351456006
161803,154,F,16,1,222.26925,182.01926633430784,35.25,5.0,5.9375,5.5625,97.99598175,98.74598174058103,0.8125,0.6875,2.8125,1.625,0.5,0.00026134892550544464
161803,155,C+,15,1,307.2817333333333,246.61507241799865,55.666666666666664,5.0,9.333333333333334,9.0,146.33333333333334,147.53333333333333,1.0,0.9333333333333333,1.4,0.6666666666666666,0.0,8.626997987448703e-05
161803,155,F_fixed_no_insert,15,1,309.0550666666667,259.65503549507173,44.4,5.0,7.466666666666667,7.066666666666666,134.33333333333334,135.13333333333335,1.0,1.0,2.4,1.6,0.0,0.00046757392374274787
161803,155,F_dynamic_no_insert,15,1,290.71293333333335,242.11295865235402,43.6,5.0,7.333333333333333,6.933333333333334,112.86666666666666,133.13333333333335,1.0,1.0,2.466666666666667,1.4666666666666666,0.0,0.0003797853100877546
161803,155,F_fixed_insert,15,1,309.31613333333337,258.6494909171828,45.666666666666664,5.0,7.666666666666667,7.333333333333333,146.14071773333333,146.94071773050004,0.8666666666666667,0.6,2.6,1.4,0.5333333333333333,0.00036375774197949795
161803,155,F,15,1,298.1902,251.45686324321457,41.733333333333334,5.0,7.0,6.733333333333333,128.52573153333333,148.79239821249794,0.7333333333333333,0.4,2.4,1.4,0.5333333333333333,5.135178162163356e-05
161803,156,C+,13,1,326.84046153846157,254.68664224942904,67.15384615384616,5.0,11.23076923076923,11.0,146.84615384615384,174.84615384615384,1.0,0.8461538461538461,1.3076923076923077,0.6153846153846154,0.0,0.000349242577158293
161803,156,F_fixed_no_insert,13,1,306.7430769230769,250.6661764015226,51.07692307692308,5.0,8.538461538461538,8.384615384615385,134.3846153846154,161.0,1.0,0.7692307692307693,1.7692307692307692,1.3076923076923077,0.0,0.00029321979400265263
161803,156,F_dynamic_no_insert,13,1,295.33215384615386,241.56289371775372,48.76923076923077,5.0,8.153846153846153,8.0,154.53846153846155,158.23076923076923,1.0,0.7692307692307693,1.9230769230769231,1.4615384615384615,0.0,0.0003816692019427137
161803,156,F_fixed_insert,13,1,314.09069230769234,253.5522222878512,55.53846153846154,5.0,9.307692307692308,9.0,149.44497353846154,176.2990426888628,0.8461538461538461,0.5384615384615384,2.5384615384615383,1.3076923076923077,0.6153846153846154,0.00011025793446606258
161803,156,F,13,1,294.1278461538461,239.82013807107336,49.30769230769231,5.0,8.23076923076923,8.153846153846153,166.22065153846154,168.98988233681513,0.9230769230769231,0.38461538461538464,2.0,1.3076923076923077,0.38461538461538464,0.0002050760463134793
161803,157,C+,14,1,328.92107142857145,268.4210937151684,55.5,5.0,9.285714285714286,9.071428571428571,153.35714285714286,156.78571428571428,1.0,0.7857142857142857,1.0,0.42857142857142855,0.0,0.0003120123574262834
161803,157,F_fixed_no_insert,14,1,320.03014285714283,267.24441621691346,47.785714285714285,5.0,8.0,7.785714285714286,143.5,144.7857142857143,1.0,0.8571428571428571,2.4285714285714284,1.5714285714285714,0.0,0.00017296321129833814
161803,157,F_dynamic_no_insert,14,1,314.39257142857144,261.8211230949927,47.57142857142857,5.0,8.0,7.571428571428571,143.92857142857142,145.64285714285717,1.0,0.8571428571428571,2.2857142857142856,1.2857142857142858,0.0,0.0002766701027212548
161803,157,F_fixed_insert,14,1,294.7465,240.175056113151,49.57142857142857,5.0,8.285714285714286,8.142857142857142,166.92729692857142,168.21301118590048,0.7142857142857143,0.42857142857142855,2.7142857142857144,1.6428571428571428,0.5714285714285714,0.00021441588614834473
161803,157,F,14,1,296.56228571428574,242.13373756379292,49.42857142857143,5.0,8.285714285714286,8.0,159.33159992857142,161.0458856343951,0.8571428571428571,0.6428571428571429,2.5714285714285716,1.5,0.5714285714285714,0.00032589310058028786
161803,158,C+,12,1,326.5081666666667,255.17481604133465,66.33333333333333,5.0,11.083333333333334,10.916666666666666,182.41666666666666,187.41666666666666,1.0,0.5833333333333334,0.6666666666666666,0.16666666666666666,0.0,0.00020750398425661842
161803,158,F_fixed_no_insert,12,1,341.5325,281.94917747888286,54.583333333333336,5.0,9.166666666666666,8.75,168.41666666666666,171.91666666666666,1.0,0.6666666666666666,2.25,1.3333333333333333,0.0,0.0001297465942116105
161803,158,F_dynamic_no_insert,12,1,341.5325,281.94917747888286,54.583333333333336,5.0,9.166666666666666,8.75,168.41666666666666,171.91666666666666,1.0,0.6666666666666666,2.25,1.3333333333333333,0.0,0.0001297465942116105
161803,158,F_fixed_insert,12,1,325.9591666666667,262.2091274737117,58.75,5.0,9.833333333333334,9.583333333333334,185.68442825,189.18442825919354,0.9166666666666666,0.5,2.9166666666666665,1.6666666666666667,0.6666666666666666,0.00047031545955178444
161803,158,F,12,1,334.84891666666664,274.1822248157236,55.666666666666664,5.0,9.333333333333334,9.0,160.25008208333333,189.58341545666713,0.8333333333333334,0.5,2.6666666666666665,1.5,0.6666666666666666,0.00030221131646612776
161803,159,C+,10,1,377.81039999999996,285.01042836536874,87.8,5.0,14.7,14.3,192.7,229.7,1.0,1.0,1.4,0.7,0.0,0.00028365368734739604
161803,159,F_fixed_no_insert,10,1,367.0063,285.00630390145454,77.0,5.0,12.9,12.5,183.7,218.9,1.0,1.0,2.6,1.9,0.0,3.901454556398676e-05
161803,159,F_dynamic_no_insert,10,1,342.6503,264.35032837194615,73.3,5.0,12.3,11.8,147.9,215.9,1.0,1.0,2.5,1.9,0.0,0.0002837194615494809
161803,159,F_fixed_insert,10,1,360.15680000000003,279.6567779914161,75.5,5.0,12.7,12.0,194.6888866,228.68888664420606,0.7,0.5,2.4,1.2,0.8,0.00022008583891874878
161803,159,F,10,1,339.2879,262.3879078268696,71.9,5.0,12.1,11.4,162.9878175,230.2904572151834,0.7,0.5,2.3,1.2,0.8,7.826869614291354e-05
161803,160,C+,11,1,345.93572727272726,266.39029018771913,74.54545454545455,5.0,12.454545454545455,12.272727272727273,67.72727272727273,205.0,1.0,0.7272727272727273,1.0,0.45454545454545453,0.0,0.00019206491060685948
161803,160,F_fixed_no_insert,11,1,335.0196363636364,272.4741438960507,57.54545454545455,5.0,9.636363636363637,9.363636363636363,64.45454545454545,185.90909090909093,1.0,0.8181818181818182,2.6363636363636362,1.9090909090909092,0.0,0.0004171434425188636
161803,160,F_dynamic_no_insert,11,1,335.0196363636364,272.4741438960507,57.54545454545455,5.0,9.636363636363637,9.363636363636363,64.45454545454545,185.90909090909093,1.0,0.8181818181818182,2.6363636363636362,1.9090909090909092,0.0,0.0004171434425188636
161803,160,F_fixed_insert,11,1,313.565,252.11043723977247,56.45454545454545,5.0,9.454545454545455,9.181818181818182,78.74497209090909,203.29095967316877,0.6363636363636364,0.2727272727272727,2.4545454545454546,1.3636363636363635,0.7272727272727273,0.000190362502962671
161803,160,F,11,1,313.565,252.11043723977247,56.45454545454545,5.0,9.454545454545455,9.181818181818182,78.74497209090909,203.29095967316877,0.6363636363636364,0.2727272727272727,2.4545454545454546,1.3636363636363635,0.7272727272727273,0.000190362502962671
161803,161,C+,10,1,420.5076,327.00755357576145,88.5,5.0,14.8,14.5,226.1,228.5,1.0,1.0,1.7,0.7,0.0,0.000464242385532998
161803,161,F_fixed_no_insert,10,1,409.2872,328.68722965562057,75.6,5.0,12.7,12.1,211.7,214.1,1.0,1.0,2.3,1.1,0.0,0.00029655620573976194
161803,161,F_dynamic_no_insert,10,1,405.4819,330.081905998518,70.4,5.0,11.8,11.4,177.1,211.1,1.0,1.0,1.8,0.9,0.0,5.9985180087096523e-05
161803,161,F_fixed_insert,10,1,413.2177,331.2177153159989,77.0,5.0,12.9,12.5,232.6818695,235.0818694807071,0.8,0.6,2.5,1.1,0.8,0.00015315998916776152
161803,161,F,10,1,424.10959999999994,346.2095646067005,72.9,5.0,12.2,11.9,188.7993559,225.79935591605607,0.9,0.8,2.4,1.3,0.5,0.00035393299458519323
161803,162,C+,11,1,354.8085454545454,276.8085783216886,73.0,5.0,12.181818181818182,12.090909090909092,134.45454545454547,203.9090909090909,1.0,0.8181818181818182,0.9090909090909091,0.5454545454545454,0.0,0.000361538574907172
161803,162,F_fixed_no_insert,11,1,355.5070909090909,290.87071976963904,59.63636363636363,5.0,10.0,9.636363636363637,126.27272727272727,188.0909090909091,1.0,0.8181818181818182,2.272727272727273,1.3636363636363635,0.0,8.253397027147003e-05
161803,162,F_dynamic_no_insert,11,1,346.524,278.70578722861325,62.81818181818182,5.0,10.545454545454545,10.090909090909092,185.36363636363637,189.1818181818182,1.0,0.8181818181818182,2.6363636363636362,1.8181818181818181,0.0,0.0003404852541279979
161803,162,F_fixed_insert,11,1,335.9020909090909,272.0839287678505,58.81818181818182,5.0,9.818181818181818,9.727272727272727,142.4804000909091,206.4070451943718,0.7272727272727273,0.2727272727272727,2.090909090909091,1.0909090909090908,0.7272727272727273,0.00021644635580742033
161803,162,F,11,1,362.79381818181815,293.06653822537635,64.72727272727273,5.0,10.818181818181818,10.636363636363637,199.6283510909091,201.81016928535993,0.9090909090909091,0.5454545454545454,2.909090909090909,1.4545454545454546,0.7272727272727273,7.952086025397875e-05
161803,163,C+,14,1,342.2327142857143,272.7327249192438,64.5,5.0,10.785714285714286,10.571428571428571,134.64285714285714,164.92857142857142,1.0,0.8571428571428571,1.1428571428571428,0.42857142857142855,0.0,0.00014886941380609642
161803,163,F_fixed_no_insert,14,1,328.62392857142856,274.6953307473606,48.92857142857143,5.0,8.214285714285714,7.857142857142857,124.78571428571429,148.21428571428572,1.0,0.9285714285714286,2.142857142857143,1.2857142857142858,0.0,0.0003695369514389313
161803,163,F_dynamic_no_insert,14,1,328.62392857142856,274.6953307473606,48.92857142857143,5.0,8.214285714285714,7.857142857142857,124.78571428571429,148.21428571428572,1.0,0.9285714285714286,2.142857142857143,1.2857142857142858,0.0,0.0003695369514389313
161803,163,F_fixed_insert,14,1,317.67807142857146,264.10667224676274,48.57142857142857,5.0,8.142857142857142,7.857142857142857,142.0249125714286,167.05101800753636,0.7857142857142857,0.35714285714285715,2.0714285714285716,1.3571428571428572,0.42857142857142855,0.00041145467776004807
161803,163,F,14,1,317.67807142857146,264.10667224676274,48.57142857142857,5.0,8.142857142857142,7.857142857142857,142.0249125714286,167.05101800753636,0.7857142857142857,0.35714285714285715,2.0714285714285716,1.3571428571428572,0.42857142857142855,0.00041145467776004807
161803,164,C+,16,1,281.5715,225.75902694869592,50.8125,5.0,8.5,8.3125,136.8125,137.5625,1.0,0.875,1.1875,0.5,0.0,0.0004311791344662197
161803,164,F_fixed_no_insert,16,1,320.6743125,272.36181927064814,43.3125,5.0,7.3125,6.75,125.1875,127.06250000000001,1.0,0.75,2.8125,1.6875,0.0,0.00010833037049451377
161803,164,F_dynamic_no_insert,16,1,271.7939375,227.91895575546184,38.875,5.0,6.5625,6.0625,104.6875,106.56250000000001,1.0,0.875,2.5625,1.625,0.0,0.0002920873889706854
161803,164,F_fixed_insert,16,1,259.22375,212.78622792628872,41.4375,5.0,6.9375,6.75,139.440229625,140.56522962229874,0.6875,0.4375,2.4375,1.5,0.5,0.0003531793804540939
161803,164,F,16,1,244.772625,201.7101055479337,38.0625,5.0,6.375,6.1875,124.9666368125,136.930625707921,0.625,0.3125,2.375,1.6875,0.5,0.00031123306098379544
161803,165,C+,11,1,357.81827272727276,281.5455279798546,71.27272727272727,5.0,11.909090909090908,11.727272727272727,141.0,203.36363636363637,1.0,0.5454545454545454,0.7272727272727273,0.18181818181818182,0.0,0.00019222159926357563
161803,165,F_fixed_no_insert,11,1,377.67663636363636,315.313016406557,57.36363636363637,5.0,9.636363636363637,9.181818181818182,126.81818181818181,187.0,1.0,0.6363636363636364,2.1818181818181817,1.2727272727272727,0.0,0.00018047212688543368
161803,165,F_dynamic_no_insert,11,1,375.1478181818182,312.87505357611457,57.27272727272727,5.0,9.636363636363637,9.090909090909092,124.0909090909091,185.90909090909093,1.0,0.6363636363636364,2.272727272727273,1.2727272727272727,0.0,0.0004106627397959528
161803,165,F_fixed_insert,11,1,333.88300000000004,270.97392435560226,57.90909090909091,5.0,9.727272727272727,9.272727272727273,165.018146,227.17422476699846,0.36363636363636365,0.2727272727272727,2.272727272727273,1.0,0.7272727272727273,0.00016791162443041685
161803,165,F,11,1,366.175,299.9022544121099,61.27272727272727,5.0,10.272727272727273,9.909090909090908,209.8643668181818,212.5916395641007,0.5454545454545454,0.36363636363636365,2.6363636363636362,1.3636363636363635,0.6363636363636364,0.000201466791168059
161803,166,C+,16,1,286.8575625,228.29506872131287,53.5625,5.0,8.9375,8.875,139.8125,140.5625,1.0,0.8125,1.125,0.5625,0.0,9.954100642062258e-05
161803,166,F_fixed_no_insert,16,1,295.7585,251.57096980146224,39.1875,5.0,6.5625,6.375,122.5625,124.43750000000001,1.0,0.8125,2.625,1.8125,0.0,0.00048317660457541933
161803,166,F_dynamic_no_insert,16,1,283.2779375,238.84042848806823,39.4375,5.0,6.625,6.3125,105.4375,106.18750000000001,1.0,0.9375,2.9375,1.9375,0.0,0.00014419090848605265
161803,166,F_fixed_insert,16,1,269.262625,224.57514949993322,39.6875,5.0,6.625,6.5625,133.0719195,133.4469194819011,0.875,0.3125,2.6875,1.8125,0.5,0.00039199893126351526
161803,166,F,16,1,236.756,197.06850469719132,34.6875,5.0,5.8125,5.625,96.4566585625,97.20665854703135,0.875,0.375,2.6875,1.625,0.5,7.515506104027736e-05
161803,167,C+,14,1,311.86485714285715,249.5791245360867,57.285714285714285,5.0,9.571428571428571,9.428571428571429,135.92857142857142,159.35714285714286,1.0,0.7142857142857143,0.8571428571428571,0.2857142857142857,0.0,0.00025649478629929945
161803,167,F_fixed_no_insert,14,1,298.4511428571428,251.6654281859684,41.785714285714285,5.0,7.0,6.785714285714286,118.78571428571429,140.92857142857144,1.0,0.7857142857142857,2.2142857142857144,1.4285714285714286,0.0,5.396442247729283e-06
161803,167,F_dynamic_no_insert,14,1,298.4511428571428,251.6654281859684,41.785714285714285,5.0,7.0,6.785714285714286,118.78571428571429,140.92857142857144,1.0,0.7857142857142857,2.2142857142857144,1.4285714285714286,0.0,5.396442247729283e-06
161803,167,F_fixed_insert,14,1,304.1750714285714,254.0322149283586,45.142857142857146,5.0,7.571428571428571,7.285714285714286,131.11568328571428,153.25854042693908,0.9285714285714286,0.6428571428571429,2.7857142857142856,1.6428571428571428,0.5714285714285714,8.997020358947339e-06
161803,167,F,14,1,304.1750714285714,254.0322149283586,45.142857142857146,5.0,7.571428571428571,7.285714285714286,131.11568328571428,153.25854042693908,0.9285714285714286,0.6428571428571429,2.7857142857142856,1.6428571428571428,0.5714285714285714,8.997020358947339e-06
161803,168,C+,15,1,306.10766666666666,245.040993240699,56.06666666666667,5.0,9.4,9.066666666666666,147.93333333333334,148.73333333333332,1.0,0.8666666666666667,1.2666666666666666,0.5333333333333333,0.0,0.00010138951483895653
161803,168,F_fixed_no_insert,15,1,297.83259999999996,250.2992452574088,42.53333333333333,5.0,7.133333333333334,6.866666666666666,132.73333333333332,134.33333333333334,1.0,0.9333333333333333,2.0,1.2666666666666666,0.0,0.000321138867548143
161803,168,F_dynamic_no_insert,15,1,314.9466,266.01326824085635,43.93333333333333,5.0,7.4,6.933333333333334,112.86666666666666,135.13333333333335,1.0,0.9333333333333333,2.4,1.6,0.0,2.3612845780007774e-05
161803,168,F_fixed_insert,15,1,286.85833333333335,237.99168574819805,43.86666666666667,5.0,7.4,6.866666666666666,143.53183086666667,144.7318308448845,0.7333333333333333,0.6666666666666666,2.2666666666666666,1.0,0.5333333333333333,0.0002862229707716324
161803,168,F,15,1,303.0063333333334,253.00633653766684,45.0,5.0,7.6,7.0,124.8865952,145.15326186896866,0.9333333333333333,0.8,2.6,1.2,0.5333333333333333,4.806500237464206e-05
161803,169,C+,11,1,359.7710909090909,271.5892478492295,83.18181818181819,5.0,13.909090909090908,13.636363636363637,137.1818181818182,208.27272727272728,1.0,1.0,1.9090909090909092,1.0909090909090908,0.0,0.0002736584756348748
161803,169,F_fixed_no_insert,11,1,354.9563636363636,292.1382170231739,57.81818181818182,5.0,9.727272727272727,9.181818181818182,123.54545454545455,184.81818181818184,1.0,0.9090909090909091,2.272727272727273,1.3636363636363635,0.0,0.0003872549132211134
161803,169,F_dynamic_no_insert,11,1,354.9563636363636,292.1382170231739,57.81818181818182,5.0,9.727272727272727,9.181818181818182,123.54545454545455,184.81818181818184,1.0,0.9090909090909091,2.272727272727273,1.3636363636363635,0.0,0.0003872549132211134
161803,169,F_fixed_insert,11,1,390.3163636363636,323.58904872903173,61.72727272727273,5.0,10.363636363636363,9.909090909090908,137.97294863636364,199.24567593181354,0.9090909090909091,0.6363636363636364,2.909090909090909,1.3636363636363635,0.7272727272727273,0.0004639806502382271
161803,169,F,11,1,390.3163636363636,323.58904872903173,61.72727272727273,5.0,10.363636363636363,9.909090909090908,137.97294863636364,199.24567593181354,0.9090909090909091,0.6363636363636364,2.909090909090909,1.3636363636363635,0.7272727272727273,0.0004639806502382271
161803,170,C+,14,1,304.21292857142856,238.14151395830507,61.07142857142857,5.0,10.214285714285714,10.0,136.78571428571428,161.92857142857142,1.0,0.7857142857142857,1.0714285714285714,0.35714285714285715,0.0,0.00019541627125363448
161803,170,F_fixed_no_insert,14,1,293.0906428571429,242.01918308017622,46.07142857142857,5.0,7.714285714285714,7.5,121.35714285714286,145.21428571428572,1.0,0.9285714285714286,2.357142857142857,1.5,0.0,0.00043687753304766375
161803,170,F_dynamic_no_insert,14,1,297.27628571428573,247.34774667987736,44.92857142857143,5.0,7.571428571428571,7.071428571428571,120.07142857142857,143.92857142857144,1.0,1.0,2.2142857142857144,1.3571428571428572,0.0,0.00045351828248385573
161803,170,F_fixed_insert,14,1,289.83635714285714,238.26491716575288,46.57142857142857,5.0,7.857142857142857,7.285714285714286,131.63040992857142,156.9520907434394,0.8571428571428571,0.5,2.5,1.2857142857142858,0.5714285714285714,0.00015967945955708274
161803,170,F,14,1,290.79407142857144,240.00836407126786,45.785714285714285,5.0,7.714285714285714,7.214285714285714,133.09399121428572,156.89265936552974,0.7857142857142857,0.5,2.357142857142857,1.1428571428571428,0.5714285714285714,9.699775000626687e-05
161803,171,C+,13,1,355.2811538461538,279.5119047970629,70.76923076923077,5.0,11.846153846153847,11.538461538461538,149.6153846153846,178.53846153846155,1.0,0.9230769230769231,1.3076923076923077,0.5384615384615384,0.0,0.00023763818171573803
161803,171,F_fixed_no_insert,13,1,340.3920769230769,280.54592258676035,54.84615384615385,5.0,9.23076923076923,8.692307692307692,134.84615384615384,160.53846153846155,1.0,0.9230769230769231,2.6153846153846154,1.6153846153846154,0.0,6.3721149672346655e-06
161803,171,F_dynamic_no_insert,13,1,337.84084615384614,278.0716333913769,54.76923076923077,5.0,9.23076923076923,8.615384615384615,157.76923076923077,160.53846153846155,1.0,0.9230769230769231,2.5384615384615383,1.4615384615384615,0.0,0.00023408790048051742
161803,171,F_fixed_insert,13,1,320.0984615384615,261.4831078980838,53.61538461538461,5.0,9.0,8.615384615384615,151.76129215384614,176.59324321067854,0.7692307692307693,0.23076923076923078,2.3846153846153846,1.3076923076923077,0.6153846153846154,0.00040267508984470624
161803,171,F,13,1,339.49484615384614,279.64865763156797,54.84615384615385,5.0,9.23076923076923,8.692307692307692,172.71417684615383,175.02186915988915,0.8461538461538461,0.46153846153846156,2.5384615384615383,1.3846153846153846,0.6153846153846154,0.00045078961602484924
161803,172,C+,16,1,282.9798125,226.4798130756798,51.5,5.0,8.625,8.375,119.6875,121.5625,1.0,0.875,1.375,0.6875,0.0,9.210877124132821e-06
161803,172,F_fixed_no_insert,16,1,270.932,227.1820201006984,38.75,5.0,6.5,6.25,107.3125,108.0625,1.0,0.9375,2.0625,1.25,0.0,0.00032161117405848927
161803,172,F_dynamic_no_insert,16,1,289.29625,241.85874876899726,42.4375,5.0,7.125,6.8125,108.8125,109.56250000000001,1.0,1.0,2.375,1.4375,0.0,1.9696043636940885e-05
161803,172,F_fixed_insert,16,1,267.794125,221.54413191053686,41.25,5.0,6.9375,6.5625,117.3644550625,118.1144550418938,0.9375,0.6875,2.5,1.3125,0.5,0.00011056858966185246
161803,172,F,16,1,298.141875,247.5168701498655,45.625,5.0,7.6875,7.1875,120.1995419375,120.94954193125695,1.0,0.75,2.9375,1.5625,0.5,7.760215248708846e-05
161803,173,C+,10,1,408.4908,322.79083233082383,80.7,5.0,13.5,13.2,222.5,225.5,1.0,0.7,0.9,0.1,0.0,0.00032330823842130485
161803,173,F_fixed_no_insert,10,1,380.496,306.9959937789664,68.5,5.0,11.5,11.0,208.7,212.3,1.0,0.8,2.0,1.1,0.0,6.221033618203364e-05
161803,173,F_dynamic_no_insert,10,1,372.9012,301.50123786112283,66.4,5.0,11.1,10.9,145.5,209.9,1.0,0.8,2.1,1.4,0.0,0.000378611227915826
161803,173,F_fixed_insert,10,1,380.1263,304.32629522459973,70.8,5.0,11.9,11.3,235.0968271,238.0968270934897,0.7,0.3,2.4,1.0,0.8,4.7754002480360214e-05
161803,173,F,10,1,394.0306,319.3306165465466,69.7,5.0,11.7,11.2,159.9358442,224.9358442384013,0.8,0.5,2.7,1.2,0.8,0.00016546546612516977
161803,174,C+,13,1,360.8677692307692,286.56010383730177,69.3076923076923,5.0,11.615384615384615,11.23076923076923,148.69230769230768,177.15384615384616,1.0,0.8461538461538461,1.3076923076923077,0.46153846153846156,0.0,0.0003498849227980827
161803,174,F_fixed_no_insert,13,1,353.8899230769231,298.12066683969744,50.76923076923077,5.0,8.538461538461538,8.076923076923077,133.46153846153845,158.69230769230768,1.0,0.8461538461538461,2.076923076923077,1.0769230769230769,0.0,0.0003310839338155347
161803,174,F_dynamic_no_insert,13,1,318.4066153846154,258.7142989480836,54.69230769230769,5.0,9.153846153846153,8.923076923076923,158.69230769230768,161.92307692307693,1.0,0.8461538461538461,2.0,1.0769230769230769,0.0,0.00011367491379132844
161803,174,F_fixed_insert,13,1,352.18261538461536,295.49034116257354,51.69230769230769,5.0,8.692307692307692,8.23076923076923,144.5408116923077,171.87846183742087,0.8461538461538461,0.46153846153846156,2.230769230769231,0.9230769230769231,0.6153846153846154,0.00043511345620572683
161803,174,F,13,1,313.8219230769231,252.66807921949516,56.15384615384615,5.0,9.384615384615385,9.23076923076923,183.21137530769232,186.9036829784915,0.6923076923076923,0.3076923076923077,2.230769230769231,1.3846153846153846,0.6153846153846154,2.9853436899429653e-05
161803,175,C+,15,1,309.43553333333335,242.76887453800282,61.666666666666664,5.0,10.333333333333334,10.0,147.93333333333334,152.33333333333334,1.0,0.9333333333333333,1.6,0.6,0.0,0.00011807004193542525
161803,175,F_fixed_no_insert,15,1,321.8422,266.7755058673399,50.06666666666667,5.0,8.4,8.066666666666666,135.93333333333334,139.13333333333333,1.0,0.9333333333333333,2.8666666666666667,1.8666666666666667,0.0,0.0004119899008401262
161803,175,F_dynamic_no_insert,15,1,291.5448666666667,241.27822829576317,45.266666666666666,5.0,7.6,7.266666666666667,112.46666666666667,135.53333333333336,1.0,0.9333333333333333,2.6,1.7333333333333334,0.0,0.00042443644770173705
161803,175,F_fixed_insert,15,1,302.95886666666667,248.15886116293092,49.8,5.0,8.333333333333334,8.133333333333333,154.49082746666667,156.4908274663586,0.8666666666666667,0.4666666666666667,2.8,1.6666666666666667,0.5333333333333333,8.255603597717709e-05
161803,175,F,15,1,288.5356,237.66891590814927,45.86666666666667,5.0,7.733333333333333,7.2,127.01820826666668,150.6802667758649,0.8,0.4666666666666667,2.7333333333333334,1.6666666666666667,0.5333333333333333,0.000261377760580217
161803,176,C+,14,1,340.89757142857144,277.3261632526584,58.57142857142857,5.0,9.785714285714286,9.642857142857142,134.64285714285714,160.64285714285714,1.0,0.6428571428571429,0.8571428571428571,0.21428571428571427,0.0,0.0002855372172234638
161803,176,F_fixed_no_insert,14,1,309.6410714285715,260.4267917474951,44.214285714285715,5.0,7.428571428571429,7.071428571428571,121.35714285714286,144.7857142857143,1.0,0.7142857142857143,2.2142857142857144,1.4285714285714286,0.0,8.44649307509826e-05
161803,176,F_dynamic_no_insert,14,1,336.29578571428567,284.8672465287303,46.42857142857143,5.0,7.785714285714286,7.5,143.07142857142858,146.5,1.0,0.7857142857142857,2.2142857142857144,1.4285714285714286,0.0,0.0004514022239163751
161803,176,F_fixed_insert,14,1,313.5371428571429,262.89431133946255,45.642857142857146,5.0,7.642857142857143,7.428571428571429,132.77304285714285,155.34447142428712,0.8571428571428571,0.35714285714285715,2.4285714285714284,1.5,0.5714285714285714,0.0003587524752219906
161803,176,F,14,1,319.73692857142856,268.3083839968839,46.42857142857143,5.0,7.785714285714286,7.5,154.3721585,156.94358709825516,0.7857142857142857,0.2857142857142857,2.2142857142857144,1.2142857142857142,0.5714285714285714,0.00037595637468257337
161803,177,C+,11,1,371.678,286.9507087649711,79.72727272727273,5.0,13.363636363636363,12.909090909090908,176.27272727272728,208.27272727272728,1.0,0.9090909090909091,1.3636363636363635,0.5454545454545454,0.0,0.0002035853176494129
161803,177,F_fixed_no_insert,11,1,357.77672727272727,287.2312333377078,65.54545454545455,5.0,11.0,10.545454545454545,164.27272727272728,193.54545454545453,1.0,0.9090909090909091,2.3636363636363638,1.5454545454545454,0.0,0.0004332852140578325
161803,177,F_dynamic_no_insert,11,1,388.3949090909091,314.66759805870055,68.72727272727273,5.0,11.545454545454545,11.0,164.8181818181818,195.72727272727272,1.0,0.9090909090909091,2.5454545454545454,1.4545454545454546,0.0,0.0004213542943034554
161803,177,F_fixed_insert,11,1,362.5178181818182,290.24507895409954,67.27272727272727,5.0,11.272727272727273,10.909090909090908,176.86562263636364,205.59289537792168,0.7272727272727273,0.6363636363636364,2.6363636363636362,1.2727272727272727,0.7272727272727273,0.00013150490485713817
161803,177,F,11,1,382.5380909090909,308.9926644207996,68.54545454545455,5.0,11.545454545454545,10.818181818181818,182.6049511818182,212.42313302114837,0.8181818181818182,0.36363636363636365,2.5454545454545454,1.1818181818181819,0.7272727272727273,0.0003086287956648448
161803,178,C+,10,1,385.7116,298.7116090821333,82.0,5.0,13.7,13.5,152.1,226.7,1.0,0.8,0.9,0.3,0.0,9.082133283300209e-05
161803,178,F_fixed_no_insert,10,1,378.45390000000003,304.3539431809974,69.1,5.0,11.6,11.1,143.7,211.1,1.0,0.8,2.3,1.3,0.0,0.0004318099740885373
161803,178,F_dynamic_no_insert,10,1,378.45390000000003,304.3539431809974,69.1,5.0,11.6,11.1,143.7,211.1,1.0,0.8,2.3,1.3,0.0,0.0004318099740885373
161803,178,F_fixed_insert,10,1,430.3436,352.0436207427541,73.3,5.0,12.3,11.8,156.25436259999998,223.0543626243858,1.0,0.7,3.0,1.2,0.8,0.00020742754168168176
161803,178,F,10,1,430.3436,352.0436207427541,73.3,5.0,12.3,11.8,156.25436259999998,223.0543626243858,1.0,0.7,3.0,1.2,0.8,0.00020742754168168176
161803,179,C+,16,1,299.538625,239.97609840108453,54.5625,5.0,9.125,8.9375,141.675228875,143.1752289010575,0.9375,0.8125,1.1875,0.5625,0.0,0.00042558264794934075
161803,179,F_fixed_no_insert,16,1,278.675125,233.9250994943053,39.75,5.0,6.6875,6.3125,123.3125,125.18750000000001,1.0,0.875,2.25,1.5,0.0,0.00040809111487760674
161803,179,F_dynamic_no_insert,16,1,264.78075,220.96825453489222,38.8125,5.0,6.5,6.3125,122.9375,124.43750000000001,1.0,0.875,2.125,1.5,0.0,7.25582754057541e-05
161803,179,F_fixed_insert,16,1,256.3913125,212.82883591297158,38.5625,5.0,6.4375,6.375,144.52914875,145.65414874552712,0.5625,0.3125,2.0,1.25,0.4375,0.0003746075449271302
161803,179,F,16,1,269.330125,221.01765038124157,43.3125,5.0,7.25,7.0625,133.3024409375,134.80244095184707,0.9375,0.8125,2.875,1.6875,0.5,0.00040609986490380834
161803,180,C+,15,1,326.67606666666666,262.6093984305504,59.06666666666667,5.0,9.866666666666667,9.733333333333333,125.66666666666667,152.33333333333334,1.0,0.8,1.1333333333333333,0.5333333333333333,0.0,2.354174330321257e-05
161803,180,F_fixed_no_insert,15,1,349.6884,301.9550727757329,42.733333333333334,5.0,7.2,6.733333333333333,108.86666666666666,131.13333333333335,1.0,0.8666666666666667,2.7333333333333334,1.4666666666666666,0.0,9.16359931579791e-05
161803,180,F_dynamic_no_insert,15,1,309.3541333333333,261.08748686528025,43.266666666666666,5.0,7.266666666666667,6.933333333333334,108.86666666666666,131.53333333333336,1.0,0.8666666666666667,2.6666666666666665,1.7333333333333334,0.0,0.00030297920375232934
161803,180,F_fixed_insert,15,1,287.58866666666665,240.25533656855478,42.333333333333336,5.0,7.066666666666666,7.0,119.36045306666666,142.006768417741,0.8666666666666667,0.6,2.6,1.6,0.5333333333333333,4.852832171309274e-05
161803,180,F,15,1,342.1804,292.4470768254138,44.733333333333334,5.0,7.533333333333333,7.066666666666666,117.88078213333333,140.54744877061538,0.9333333333333333,0.7333333333333333,2.8,1.2666666666666666,0.5333333333333333,0.0001523812061350327
161803,181,C+,12,1,342.08975000000004,267.83971830842825,69.25,5.0,11.583333333333334,11.333333333333334,94.91666666666667,186.41666666666666,1.0,0.8333333333333334,1.3333333333333333,0.6666666666666666,0.0,0.00038029886127333157
161803,181,F_fixed_no_insert,12,1,333.64241666666663,276.1424415761915,52.5,5.0,8.833333333333334,8.333333333333334,87.91666666666667,169.91666666666669,1.0,0.8333333333333334,2.4166666666666665,1.5833333333333333,0.0,0.00029891429858253105
161803,181,F_dynamic_no_insert,12,1,317.91,262.74335347034565,50.166666666666664,5.0,8.416666666666666,8.083333333333334,64.58333333333333,168.91666666666669,1.0,0.8333333333333334,2.0833333333333335,1.5,0.0,0.00024164414753613528
161803,181,F_fixed_insert,12,1,330.399,270.81568497972756,54.583333333333336,5.0,9.166666666666666,8.75,105.68144241666666,187.93144983377772,0.8333333333333334,0.16666666666666666,2.75,1.6666666666666667,0.6666666666666666,0.00021975673053020728
161803,181,F,12,1,338.86483333333337,280.9481794380777,52.916666666666664,5.0,8.916666666666666,8.333333333333334,70.46831983333333,181.39129695745012,0.8333333333333334,0.16666666666666666,2.5833333333333335,1.5,0.6666666666666666,0.00015325693266277085
161803,182,C+,13,1,353.497076923077,282.4970594383506,66.0,5.0,11.076923076923077,10.615384615384615,144.53846153846155,173.92307692307693,1.0,0.9230769230769231,1.3076923076923077,0.46153846153846156,0.0,0.00022730144246452255
161803,182,F_fixed_no_insert,13,1,320.8729230769231,265.48834118850516,50.38461538461539,5.0,8.461538461538462,8.076923076923077,131.15384615384616,157.30769230769232,1.0,1.0,2.076923076923077,1.2307692307692308,0.0,0.0004354505667834019
161803,182,F_dynamic_no_insert,13,1,306.8656923076923,251.01951239969773,50.84615384615385,5.0,8.538461538461538,8.153846153846153,130.69230769230768,157.30769230769232,1.0,1.0,2.1538461538461537,1.3846153846153846,0.0,0.0003388039294804912
161803,182,F_fixed_insert,13,1,321.7851538461539,264.8621113229635,51.92307692307692,5.0,8.692307692307692,8.461538461538462,147.2541733076923,172.48494255964005,0.8461538461538461,0.46153846153846156,2.3076923076923075,1.3076923076923077,0.5384615384615384,0.0004471985248528654
161803,182,F,13,1,337.6426153846154,282.5657247829297,50.07692307692308,5.0,8.384615384615385,8.153846153846153,146.68831707692308,176.2763483595493,0.7692307692307693,0.5384615384615384,2.0,0.9230769230769231,0.5384615384615384,0.0004221780859552382
161803,183,C+,12,1,351.771,271.52096770257714,75.25,5.0,12.583333333333334,12.333333333333334,162.08333333333334,191.91666666666666,1.0,0.8333333333333334,1.4166666666666667,0.75,0.0,0.0003875690745189786
161803,183,F_fixed_no_insert,12,1,357.44175,287.9417436132074,64.5,5.0,10.833333333333334,10.333333333333334,152.58333333333334,179.91666666666666,1.0,0.8333333333333334,2.5,1.5833333333333333,0.0,7.664151144126663e-05
161803,183,F_dynamic_no_insert,12,1,367.41799999999995,302.83470248874386,59.583333333333336,5.0,10.0,9.583333333333334,175.41666666666666,176.91666666666666,1.0,0.8333333333333334,2.0,1.0833333333333333,0.0,0.0004298649269003363
161803,183,F_fixed_insert,12,1,338.53475,268.4514339263519,65.08333333333333,5.0,10.916666666666666,10.5,164.13791799999998,198.22825814335525,0.75,0.4166666666666667,2.5833333333333335,1.5,0.6666666666666666,0.00020711622300950694
161803,183,F,12,1,333.09441666666663,267.9277708921919,60.166666666666664,5.0,10.083333333333334,9.75,193.28416533333333,194.2841653466281,0.6666666666666666,0.5,2.0833333333333335,1.1666666666666667,0.4166666666666667,0.0002507063031771395
161803,184,C+,10,1,390.05010000000004,308.25009520307333,76.8,5.0,12.9,12.3,145.5,220.7,1.0,0.6,1.1,0.4,0.0,4.796926668859669e-05
161803,184,F_fixed_no_insert,10,1,425.32439999999997,352.72441800969466,67.6,5.0,11.3,11.1,136.5,205.7,1.0,0.8,2.8,1.8,0.0,0.00018009694667853182
161803,184,F_dynamic_no_insert,10,1,360.0858,292.38582367613895,62.7,5.0,10.5,10.2,169.3,206.9,1.0,0.8,1.8,1.2,0.0,0.0002367613892602094
161803,184,F_fixed_insert,10,1,408.1717,333.5716803433182,69.6,5.0,11.7,11.1,166.3255069,234.9255069294095,0.6,0.5,3.2,1.6,0.8,0.0001965668184311653
161803,184,F,10,1,355.3847,281.68467892761146,68.7,5.0,11.5,11.2,186.5971303,224.19713028934385,0.6,0.4,2.8,1.5,0.8,0.00021072388562970445
161803,185,C+,11,1,375.52236363636365,292.34050401616395,78.18181818181819,5.0,13.090909090909092,12.727272727272727,170.27272727272728,207.72727272727272,1.0,0.9090909090909091,1.1818181818181819,0.45454545454545453,0.0,0.0004558221967272402
161803,185,F_fixed_no_insert,11,1,361.29254545454546,294.74710309330743,61.54545454545455,5.0,10.363636363636363,9.727272727272727,157.1818181818182,190.27272727272728,1.0,0.9090909090909091,2.1818181818181817,1.1818181818181819,0.0,0.00013402638160187053
161803,185,F_dynamic_no_insert,11,1,363.16463636363636,296.25551845855813,61.90909090909091,5.0,10.363636363636363,10.090909090909092,156.0909090909091,190.27272727272728,1.0,0.9090909090909091,2.272727272727273,1.3636363636363635,0.0,0.00029695586090383586
161803,185,F_fixed_insert,11,1,362.0606363636364,294.60609093942986,62.45454545454545,5.0,10.454545454545455,10.181818181818182,174.2658271818182,209.18216145543832,0.8181818181818182,0.2727272727272727,2.272727272727273,1.2727272727272727,0.7272727272727273,3.3372862162650563e-07
161803,185,F,11,1,354.19754545454543,286.9248108658325,62.27272727272727,5.0,10.454545454545455,10.0,171.42049981818184,208.7425547975861,0.7272727272727273,0.2727272727272727,2.1818181818181817,1.1818181818181819,0.6363636363636364,8.04758419690188e-05
161803,186,C+,14,1,305.4695714285714,240.61240041828736,59.857142857142854,5.0,10.0,9.857142857142858,111.64285714285714,161.07142857142858,1.0,0.9285714285714286,1.0,0.5,0.0,0.0003941439763366361
161803,186,F_fixed_no_insert,14,1,307.8507142857143,257.7078528060978,45.142857142857146,5.0,7.571428571428571,7.285714285714286,100.5,144.7857142857143,1.0,1.0,2.142857142857143,1.3571428571428572,0.0,6.071463076295913e-05
161803,186,F_dynamic_no_insert,14,1,307.13771428571425,256.13772846167313,46.0,5.0,7.714285714285714,7.428571428571429,100.07142857142857,144.35714285714286,1.0,1.0,2.2857142857142856,1.5714285714285714,0.0,0.0001984634236578131
161803,186,F_fixed_insert,14,1,282.3323571428571,230.83232879888402,46.5,5.0,7.785714285714286,7.571428571428571,109.99153449999999,160.09315646808633,0.7857142857142857,0.21428571428571427,2.357142857142857,1.5714285714285714,0.5714285714285714,0.000396815623389557
161803,186,F,14,1,274.76814285714283,222.6967106685688,47.07142857142857,5.0,7.928571428571429,7.428571428571429,111.01596892857143,154.4445403794677,0.7142857142857143,0.6428571428571429,2.5,1.3571428571428572,0.5714285714285714,5.064003653387772e-05
161803,187,C+,15,1,295.5914,233.59142338332842,57.0,5.0,9.533333333333333,9.333333333333334,128.8580106,151.1246772704288,0.9333333333333333,0.8,1.2666666666666666,0.5333333333333333,0.0,0.00035074992638328695
161803,187,F_fixed_no_insert,15,1,280.42473333333334,232.22474853747562,43.2,5.0,7.266666666666667,6.866666666666666,115.66666666666667,135.13333333333335,1.0,0.8666666666666667,2.3333333333333335,1.6,0.0,0.00022806213428339106
161803,187,F_dynamic_no_insert,15,1,299.70939999999996,250.04272265264052,44.666666666666664,5.0,7.533333333333333,7.0,114.06666666666666,134.73333333333335,1.0,0.8666666666666667,2.6,1.4666666666666666,0.0,0.0001602103916411579
161803,187,F_fixed_insert,15,1,277.0280666666667,227.6280766922373,44.4,5.0,7.466666666666667,7.066666666666666,128.35668326666666,147.8233499534601,0.6666666666666666,0.5333333333333333,2.533333333333333,1.4666666666666666,0.5333333333333333,0.00015038355923024938
161803,187,F,15,1,303.3675333333333,254.967542007263,43.4,5.0,7.266666666666667,7.066666666666666,123.92902026666667,145.4539502088951,0.8,0.4,2.3333333333333335,1.3333333333333333,0.4666666666666667,0.00013010894508624915
161803,188,C+,15,1,280.28493333333336,223.4182587121536,51.86666666666667,5.0,8.666666666666666,8.533333333333333,145.99824613333334,149.99824614088882,0.8666666666666667,0.7333333333333333,0.9333333333333333,0.4,0.0,0.00011931769631701172
161803,188,F_fixed_no_insert,15,1,278.6244,233.55772683228165,40.06666666666667,5.0,6.733333333333333,6.4,127.93333333333334,130.33333333333334,1.0,0.9333333333333333,2.6,1.9333333333333333,0.0,9.751577545102919e-05
161803,188,F_dynamic_no_insert,15,1,283.4646,239.1979313315009,39.266666666666666,5.0,6.6,6.266666666666667,108.06666666666666,130.33333333333334,1.0,0.8666666666666667,2.6,1.8666666666666667,0.0,3.0027486445760587e-05
161803,188,F_fixed_insert,15,1,279.24986666666666,234.84987832937625,39.4,5.0,6.6,6.4,140.90990566666667,143.30990563839535,0.8666666666666667,0.4,2.466666666666667,1.4666666666666666,0.5333333333333333,0.0001749406442286272
161803,188,F,15,1,269.448,227.04798385640635,37.4,5.0,6.266666666666667,6.066666666666666,117.25661266666665,147.18967366324563,0.6,0.26666666666666666,2.2666666666666666,1.6,0.4,0.00024215390476456378
161803,189,C+,11,1,335.7490909090909,258.93087157130503,71.81818181818181,5.0,12.0,11.818181818181818,171.8193629090909,203.27390833584334,0.9090909090909091,0.6363636363636364,0.9090909090909091,0.5454545454545454,0.0,0.0004127156444155844
161803,189,F_fixed_no_insert,11,1,334.53463636363637,266.0801116474847,63.45454545454545,5.0,10.636363636363637,10.272727272727273,158.27272727272728,189.72727272727272,1.0,0.8181818181818182,2.727272727272727,1.9090909090909092,0.0,0.00022812233237345936
161803,189,F_dynamic_no_insert,11,1,362.94509090909094,297.2178416117961,60.72727272727273,5.0,10.181818181818182,9.818181818181818,155.54545454545453,188.63636363636363,1.0,0.8181818181818182,2.4545454545454546,1.7272727272727273,0.0,0.000257729756867775
161803,189,F_fixed_insert,11,1,321.23436363636364,253.2343244041139,63.0,5.0,10.545454545454545,10.272727272727273,174.01401627272728,205.4685617372255,0.7272727272727273,0.2727272727272727,2.6363636363636362,1.7272727272727273,0.7272727272727273,0.00043155474713785225
161803,189,F,11,1,358.5995454545454,291.2359436298551,62.36363636363637,5.0,10.454545454545455,10.090909090909092,177.73851672727272,211.28695437089408,0.7272727272727273,0.36363636363636365,2.727272727272727,1.7272727272727273,0.5454545454545454,0.00037992840634615277
161803,190,C+,11,1,397.2892727272727,316.74380125479905,75.54545454545455,5.0,12.636363636363637,12.363636363636363,143.1818181818182,207.1818181818182,1.0,0.6363636363636364,0.8181818181818182,0.18181818181818182,0.0,0.0001861972104961751
161803,190,F_fixed_no_insert,11,1,385.46472727272726,322.82836354156,57.63636363636363,5.0,9.636363636363637,9.454545454545455,129.54545454545453,187.54545454545453,1.0,0.8181818181818182,1.9090909090909092,1.0909090909090908,0.0,1.0428398127260152e-06
161803,190,F_dynamic_no_insert,11,1,370.90354545454545,306.2671385793529,59.63636363636363,5.0,10.0,9.636363636363637,189.72727272727272,189.72727272727272,1.0,0.7272727272727273,2.0,1.0909090909090908,0.0,0.00047562711779391975
161803,190,F_fixed_insert,11,1,385.30581818181815,319.85129556343855,60.45454545454545,5.0,10.090909090909092,10.0,150.89304563636364,207.80213653213204,0.8181818181818182,0.5454545454545454,2.3636363636363638,1.1818181818181819,0.7272727272727273,0.0002511978245820501
161803,190,F,11,1,378.405,308.5867845443851,64.81818181818181,5.0,10.909090909090908,10.272727272727273,206.5399838181818,207.08543839240403,0.7272727272727273,0.6363636363636364,2.727272727272727,1.2727272727272727,0.6363636363636364,0.0003700117636071809
161803,191,C+,15,1,278.9749333333333,220.90828209208618,53.06666666666667,5.0,8.866666666666667,8.733333333333333,126.46666666666667,147.93333333333334,1.0,0.7333333333333333,0.8666666666666667,0.3333333333333333,0.0,0.00023138129290600773
161803,191,F_fixed_no_insert,15,1,289.07620000000003,242.60955729520893,41.46666666666667,5.0,6.933333333333334,6.8,112.06666666666666,133.53333333333336,1.0,0.8666666666666667,2.3333333333333335,1.8666666666666667,0.0,0.00035942813383371686
161803,191,F_dynamic_no_insert,15,1,286.37033333333335,238.43697957134424,42.93333333333333,5.0,7.2,6.933333333333334,112.06666666666666,132.33333333333334,1.0,0.8666666666666667,2.6666666666666665,1.7333333333333334,0.0,0.00030642983665529755
161803,191,F_fixed_insert,15,1,288.79560000000004,242.3289142734524,41.46666666666667,5.0,6.933333333333334,6.8,119.2155616,145.40464499313555,0.8666666666666667,0.26666666666666666,2.3333333333333335,1.6,0.4666666666666667,0.0002858982143152389
161803,191,F,15,1,270.9884666666667,222.9884728098276,43.0,5.0,7.2,7.0,102.7211952,143.65452853285507,0.9333333333333333,0.6,2.6666666666666665,1.7333333333333334,0.5333333333333333,9.214741385221714e-05
161803,192,C+,14,1,313.8190714285714,250.53333346125902,58.285714285714285,5.0,9.785714285714286,9.357142857142858,134.21428571428572,158.5,1.0,0.8571428571428571,1.2142857142857142,0.5714285714285714,0.0,0.000331542373260163
161803,192,F_fixed_no_insert,14,1,291.14142857142855,242.28428886716483,43.857142857142854,5.0,7.357142857142857,7.071428571428571,120.07142857142857,143.07142857142858,1.0,0.9285714285714286,2.5714285714285716,1.8571428571428572,0.0,4.414030763655319e-05
161803,192,F_dynamic_no_insert,14,1,291.14142857142855,242.28428886716483,43.857142857142854,5.0,7.357142857142857,7.071428571428571,120.07142857142857,143.07142857142858,1.0,0.9285714285714286,2.5714285714285716,1.8571428571428572,0.0,4.414030763655319e-05
161803,192,F_fixed_insert,14,1,287.87964285714287,238.52248714098113,44.357142857142854,5.0,7.428571428571429,7.214285714285714,130.72532457142856,153.296753153686,0.9285714285714286,0.5,2.642857142857143,1.5714285714285714,0.5714285714285714,0.00018002626438828884
161803,192,F,14,1,287.87964285714287,238.52248714098113,44.357142857142854,5.0,7.428571428571429,7.214285714285714,130.72532457142856,153.296753153686,0.9285714285714286,0.5,2.642857142857143,1.5714285714285714,0.5714285714285714,0.00018002626438828884
161803,193,C+,11,1,385.4177272727273,297.9631421293953,82.45454545454545,5.0,13.818181818181818,13.363636363636363,209.36363636363637,209.9090909090909,1.0,0.9090909090909091,1.5454545454545454,0.5454545454545454,0.0,0.00043657665173668647
161803,193,F_fixed_no_insert,11,1,346.5010909090909,271.04650208052857,70.45454545454545,5.0,11.818181818181818,11.363636363636363,197.9090909090909,198.45454545454547,1.0,0.9090909090909091,2.090909090909091,1.1818181818181819,0.0,0.0004771141857418115
161803,193,F_dynamic_no_insert,11,1,359.52127272727273,285.06669261864107,69.45454545454545,5.0,11.636363636363637,11.272727272727273,166.45454545454547,196.27272727272728,1.0,0.9090909090909091,2.3636363636363638,1.4545454545454546,0.0,0.00038119494820421096
161803,193,F_fixed_insert,11,1,374.9472727272727,299.8563464198719,70.0909090909091,5.0,11.818181818181818,11.0,208.78460736363638,208.78460739075788,0.7272727272727273,0.5454545454545454,2.090909090909091,0.7272727272727273,0.5454545454545454,0.0001893814091999957
161803,193,F,11,1,339.4750909090909,265.29323759363865,69.18181818181819,5.0,11.545454545454545,11.454545454545455,177.64449854545455,212.34385121159093,0.9090909090909091,0.45454545454545453,2.272727272727273,1.4545454545454546,0.45454545454545453,0.00038646997472824296
161803,194,C+,16,1,240.985375,188.86035910107586,47.125,5.0,7.875,7.75,119.6875,120.8125,1.0,0.6875,0.75,0.375,0.0,0.00025438278635192546
161803,194,F_fixed_no_insert,16,1,237.096875,198.159369241015,33.9375,5.0,5.6875,5.5,104.3125,105.8125,1.0,0.75,1.8125,1.3125,0.0,9.214375995725277e-05
161803,194,F_dynamic_no_insert,16,1,244.6191875,204.1817183742805,35.4375,5.0,5.9375,5.75,122.9375,124.43750000000001,1.0,0.6875,1.8125,1.375,0.0,0.0004939884879604506
161803,194,F_fixed_insert,16,1,243.4756875,203.3506976745634,35.125,5.0,5.875,5.75,120.513259,124.36799111917058,0.8125,0.375,2.0,1.25,0.5,0.00016279301462418516
161803,194,F,16,1,255.88275,213.19523942005196,37.6875,5.0,6.3125,6.125,138.5235623125,139.27356229125883,0.8125,0.5,2.1875,1.3125,0.5,0.00016927916840359103
161803,195,C+,11,1,379.19190909090906,302.46466138481554,71.72727272727273,5.0,12.0,11.727272727272727,136.63636363636363,203.49237299922189,0.9090909090909091,0.7272727272727273,1.0,0.36363636363636365,0.0,0.0002752329710347112
161803,195,F_fixed_no_insert,11,1,369.12945454545456,303.9476575252747,60.18181818181818,5.0,10.090909090909092,9.727272727272727,129.0,188.63636363636363,1.0,0.8181818181818182,2.3636363636363638,1.5454545454545454,0.0,0.0002327780216546671
161803,195,F_dynamic_no_insert,11,1,349.75009090909094,284.8409691966203,59.90909090909091,5.0,10.090909090909092,9.454545454545455,127.36363636363636,185.36363636363637,1.0,0.8181818181818182,2.6363636363636362,1.4545454545454546,0.0,0.00033883717742355657
161803,195,F_fixed_insert,11,1,365.8689090909091,300.7780194442197,60.09090909090909,5.0,10.090909090909092,9.636363636363637,149.15720036363635,208.24810946774858,0.5454545454545454,0.45454545454545453,2.3636363636363638,1.0,0.7272727272727273,0.00021388641653175
161803,195,F,11,1,365.27163636363633,301.08978742416645,59.18181818181818,5.0,9.909090909090908,9.636363636363637,209.26210254545455,209.80755712554293,0.7272727272727273,0.5454545454545454,2.090909090909091,0.9090909090909091,0.7272727272727273,0.0003383341686458152
161803,196,C+,11,1,371.5730909090909,295.39125520116505,71.18181818181819,5.0,11.909090909090908,11.636363636363637,109.0,202.27272727272728,1.0,0.7272727272727273,0.9090909090909091,0.36363636363636365,0.0,0.0001927871844600304
161803,196,F_fixed_no_insert,11,1,356.96654545454544,293.96658836243347,58.0,5.0,9.727272727272727,9.363636363636363,99.72727272727273,187.0,1.0,0.8181818181818182,2.3636363636363638,1.6363636363636365,0.0,0.0004719867679341405
161803,196,F_dynamic_no_insert,11,1,356.96654545454544,293.96658836243347,58.0,5.0,9.727272727272727,9.363636363636363,99.72727272727273,187.0,1.0,0.8181818181818182,2.3636363636363638,1.6363636363636365,0.0,0.0004719867679341405
161803,196,F_fixed_insert,11,1,350.5941818181818,285.230548501412,60.36363636363637,5.0,10.181818181818182,9.454545454545455,117.06706027272729,202.70342393037308,0.7272727272727273,0.5454545454545454,2.8181818181818183,1.4545454545454546,0.7272727272727273,3.351553186803358e-05
161803,196,F,11,1,321.2549090909091,254.16402080401113,62.09090909090909,5.0,10.454545454545455,9.818181818181818,176.37815627272727,206.74179261242236,0.6363636363636364,0.45454545454545453,2.727272727272727,1.5454545454545454,0.7272727272727273,0.00022884412237544893
161803,197,C+,11,1,377.42972727272723,295.7933774399904,76.63636363636364,5.0,12.818181818181818,12.545454545454545,107.36363636363636,206.63636363636363,1.0,0.8181818181818182,1.0909090909090908,0.36363636363636365,0.0,0.0001518398948974209
161803,197,F_fixed_no_insert,11,1,367.1979090909091,301.19789609959054,61.0,5.0,10.272727272727273,9.636363636363637,98.63636363636364,187.54545454545453,1.0,0.8181818181818182,2.4545454545454546,1.3636363636363635,0.0,0.00014290450417320244
161803,197,F_dynamic_no_insert,11,1,375.1151818181818,311.4788209677643,58.63636363636363,5.0,9.818181818181818,9.545454545454545,101.36363636363636,187.0,1.0,0.8181818181818182,2.1818181818181817,1.3636363636363635,0.0,3.0645407605334185e-05
161803,197,F_fixed_insert,11,1,337.4039090909091,270.7675375756217,61.63636363636363,5.0,10.363636363636363,9.818181818181818,118.82631936363636,211.3466815331025,0.7272727272727273,0.2727272727272727,2.5454545454545454,1.5454545454545454,0.7272727272727273,8.666816165714408e-05
161803,197,F,11,1,344.2001818181818,274.47287436968196,64.72727272727273,5.0,10.818181818181818,10.636363636363637,200.4632568181818,203.73598406220074,0.8181818181818182,0.5454545454545454,2.5454545454545454,1.2727272727272727,0.7272727272727273,0.0003819334983745648
161803,198,C+,15,1,310.2178,248.35115013384612,56.86666666666667,5.0,9.533333333333333,9.2,126.06666666666666,149.53333333333333,1.0,0.8666666666666667,1.2666666666666666,0.4666666666666667,0.0,0.00025200769186994876
161803,198,F_fixed_no_insert,15,1,279.07053333333334,234.13722281805238,39.93333333333333,5.0,6.733333333333333,6.266666666666667,110.46666666666667,132.33333333333334,1.0,0.9333333333333333,2.2,1.4,0.0,0.0003422707854952023
161803,198,F_dynamic_no_insert,15,1,279.07053333333334,234.13722281805238,39.93333333333333,5.0,6.733333333333333,6.266666666666667,110.46666666666667,132.33333333333334,1.0,0.9333333333333333,2.2,1.4,0.0,0.0003422707854952023
161803,198,F_fixed_insert,15,1,281.0790666666666,234.54570656328312,41.53333333333333,5.0,7.0,6.533333333333333,122.92623780000001,143.99290443589732,0.8666666666666667,0.6,2.466666666666667,1.2666666666666666,0.5333333333333333,0.00040155075294023845
161803,198,F,15,1,287.3178,236.11781859212763,46.2,5.0,7.733333333333333,7.533333333333333,147.34325679999998,149.74325676813265,0.8666666666666667,0.4666666666666667,2.4,1.4666666666666666,0.5333333333333333,0.0002788819147099275
161803,199,C+,11,1,388.42972727272723,309.6115043744014,73.81818181818181,5.0,12.363636363636363,12.0,201.72727272727272,203.36363636363637,1.0,0.8181818181818182,1.1818181818181819,0.2727272727272727,0.0,0.0004518815840128809
161803,199,F_fixed_no_insert,11,1,397.6691818181818,331.03285274834974,61.63636363636363,5.0,10.363636363636363,9.818181818181818,189.1818181818182,190.8181818181818,1.0,0.8181818181818182,2.0,0.9090909090909091,0.0,0.00038023184697522083
161803,199,F_dynamic_no_insert,11,1,396.22763636363635,330.0458402704724,61.18181818181818,5.0,10.272727272727273,9.818181818181818,187.54545454545453,190.8181818181818,1.0,0.8181818181818182,1.8181818181818181,0.8181818181818182,0.0,0.00024297519667015877
161803,199,F_fixed_insert,11,1,370.5848181818182,301.58478272565594,64.0,5.0,10.727272727272727,10.363636363636363,206.95084536363638,208.0417544844993,0.7272727272727273,0.45454545454545453,2.3636363636363638,1.0,0.7272727272727273,0.00039001778486635885
161803,199,F,11,1,364.15763636363636,297.1576533114439,62.0,5.0,10.363636363636363,10.181818181818182,200.42577154545452,203.15304426939136,0.8181818181818182,0.36363636363636365,1.9090909090909092,0.7272727272727273,0.7272727272727273,0.00018642588247530512
161803,200,C+,14,1,294.64342857142856,231.00055685797082,58.642857142857146,5.0,9.785714285714286,9.714285714285714,112.07142857142857,161.07142857142858,1.0,0.5714285714285714,0.7857142857142857,0.42857142857142855,0.0,0.00020398840842972277
161803,200,F_fixed_no_insert,14,1,278.6475,230.93323815362947,42.714285714285715,5.0,7.142857142857143,7.0,97.07142857142857,142.64285714285717,1.0,0.8571428571428571,2.2142857142857144,1.7142857142857142,0.0,0.00033415081270504743
161803,200,F_dynamic_no_insert,14,1,273.50550000000004,222.0769250254689,46.42857142857143,5.0,7.785714285714286,7.5,143.92857142857142,145.21428571428572,1.0,0.8571428571428571,2.4285714285714284,1.7857142857142858,0.0,4.964343543178984e-05
161803,200,F_fixed_insert,14,1,269.11407142857144,219.8283825206206,44.285714285714285,5.0,7.428571428571429,7.142857142857143,106.93391214285714,153.93164755065092,0.7857142857142857,0.5,2.5,1.5714285714285714,0.5714285714285714,0.00035528868829715066
161803,200,F,14,1,265.69678571428574,212.48247830128307,48.214285714285715,5.0,8.071428571428571,7.857142857142857,154.4973802142857,156.21166596204512,0.7857142857142857,0.35714285714285715,2.7142857142857144,1.7857142857142858,0.5714285714285714,0.0003037820370082045
