case,strategy,source_count,detected_channels,cleared_channels,total_virtual_time_s,measure_actions,clear_actions,all_cleared,search_sites,search_end_time_s,movement_time_s,search_movement_time_s,post_search_movement_time_s,detection_time_s,switching_time_s,clearing_time_s,failed_clear_actions,origin_discoveries,selected_route,pruned_observations,coobservations,delayed_decision,probe_new,connection_m,b_order_m,wall_time_s
1,Cplus3F,16,16,16,10507.411,525,16,1,27,6493.420263644547,7299.4110729408985,3994.420263644549,3304.9908092963483,2625.0,503.0,80.0,0,0,B,0,0,,,,,0.4227948999905493
1,C3FDirect,16,16,16,12624.667,687,16,1,29,6148.618991402316,8450.666732151845,3633.618991402317,4817.047740749532,3435.0,659.0,80.0,0,0,C,512,248,,,,,0.6820191000006162
1,DG2_k1_t0_R,16,16,16,11222.848,556,16,1,27,6793.509529813596,7824.8480807207725,4385.509529813595,3439.3385509071813,2780.0,538.0,80.0,0,0,B,0,0,B,0,508.3736382682878,21385.38184761184,0.6093179999734275
1,DG2_k2_t0_R,16,16,16,12624.667,687,16,1,29,6148.618991402316,8450.666732151845,3633.618991402317,4817.047740749532,3435.0,659.0,80.0,0,0,C,512,248,C,1,,,0.6863633000175469
1,DG2_k2_t1_R,16,16,16,9797.58,502,16,1,27,7247.764877914211,6709.580325675967,4466.76487791421,2242.8154477617554,2510.0,498.0,80.0,0,0,B,0,0,B,1,288.47307916059424,20422.27694531244,0.3133407999994233
1,DG2_k3_t0_R,16,16,16,12624.667,687,16,1,29,6148.618991402316,8450.666732151845,3633.618991402317,4817.047740749532,3435.0,659.0,80.0,0,0,C,512,248,C,2,,,0.7216481000068597
1,DG2_k3_t1_R,16,16,16,12624.667,687,16,1,29,6148.618991402316,8450.666732151845,3633.618991402317,4817.047740749532,3435.0,659.0,80.0,0,0,C,512,248,C,2,,,0.677985099988291
1,DG2_k5_t0_R,16,16,16,12624.667,687,16,1,29,6148.618991402316,8450.666732151845,3633.618991402317,4817.047740749532,3435.0,659.0,80.0,0,0,C,512,248,C,3,,,0.6867157000233419
1,DG2_k2_t0_F,16,16,16,12624.667,687,16,1,29,6148.618991402316,8450.666732151845,3633.618991402317,4817.047740749532,3435.0,659.0,80.0,0,0,C,512,248,C,1,,,0.7240600000077393
1,DG2_k3_t0_F,16,16,16,12624.667,687,16,1,29,6148.618991402316,8450.666732151845,3633.618991402317,4817.047740749532,3435.0,659.0,80.0,0,0,C,512,248,C,2,,,0.7025601000059396
2,Cplus3F,16,16,16,8364.92,334,16,1,27,5497.264298830264,6302.9196151216365,3706.2642988302664,2596.655316291372,1670.0,312.0,80.0,0,0,B,0,0,,,,,0.3656685999885667
2,C3FDirect,16,16,16,10670.775,558,16,1,29,6133.715673097168,7277.774818401303,3633.7156730971674,3644.0591453041384,2790.0,523.0,80.0,0,0,C,353,134,,,,,0.7113207999791484
2,DG2_k1_t0_R,16,16,16,10670.775,558,16,1,29,6133.715673097168,7277.774818401303,3633.7156730971674,3644.0591453041384,2790.0,523.0,80.0,0,0,C,353,134,C,1,,,0.6808121999783907
2,DG2_k2_t0_R,16,16,16,10670.775,558,16,1,29,6133.715673097168,7277.774818401303,3633.7156730971674,3644.0591453041384,2790.0,523.0,80.0,0,0,C,353,134,C,2,,,0.7167740000004414
2,DG2_k2_t1_R,16,16,16,10670.775,558,16,1,29,6133.715673097168,7277.774818401303,3633.7156730971674,3644.0591453041384,2790.0,523.0,80.0,0,0,C,353,134,C,2,,,0.730935400002636
2,DG2_k3_t0_R,16,16,16,10670.775,558,16,1,29,6133.715673097168,7277.774818401303,3633.7156730971674,3644.0591453041384,2790.0,523.0,80.0,0,0,C,353,134,C,2,,,0.6904813000001013
2,DG2_k3_t1_R,16,16,16,10670.775,558,16,1,29,6133.715673097168,7277.774818401303,3633.7156730971674,3644.0591453041384,2790.0,523.0,80.0,0,0,C,353,134,C,2,,,0.6793429999961518
2,DG2_k5_t0_R,16,16,16,10670.775,558,16,1,29,6133.715673097168,7277.774818401303,3633.7156730971674,3644.0591453041384,2790.0,523.0,80.0,0,0,C,353,134,C,2,,,0.7289620999945328
2,DG2_k2_t0_F,16,16,16,10670.775,558,16,1,29,6133.715673097168,7277.774818401303,3633.7156730971674,3644.0591453041384,2790.0,523.0,80.0,0,0,C,353,134,C,2,,,0.8096391999861225
2,DG2_k3_t0_F,16,16,16,10670.775,558,16,1,29,6133.715673097168,7277.774818401303,3633.7156730971674,3644.0591453041384,2790.0,523.0,80.0,0,0,C,353,134,C,2,,,0.68440530000953
3,Cplus3F,16,16,16,9160.74,448,16,1,27,5807.532448440248,6394.74007087061,3621.5324484402477,2773.207622430362,2240.0,446.0,80.0,0,0,B,0,0,,,,,0.26696030001039617
3,C3FDirect,16,16,16,12192.242,725,16,1,29,6384.020179470273,7780.242367159064,3640.0201794702725,4140.222187688795,3625.0,707.0,80.0,0,0,C,334,254,,,,,0.8235028999915812
3,DG2_k1_t0_R,16,16,16,12192.242,725,16,1,29,6384.020179470273,7780.242367159064,3640.0201794702725,4140.222187688795,3625.0,707.0,80.0,0,0,C,334,254,C,1,,,0.8079990000114776
3,DG2_k2_t0_R,16,16,16,12192.242,725,16,1,29,6384.020179470273,7780.242367159064,3640.0201794702725,4140.222187688795,3625.0,707.0,80.0,0,0,C,334,254,C,1,,,0.6881085000059102
3,DG2_k2_t1_R,16,16,16,9776.845,458,16,1,27,7019.891377588158,6963.844605381975,4417.891377588158,2545.95322779382,2290.0,443.0,80.0,0,0,B,0,1,B,1,288.47307916059424,20422.27694531244,0.45216719998279586
3,DG2_k3_t0_R,16,16,16,12192.242,725,16,1,29,6384.020179470273,7780.242367159064,3640.0201794702725,4140.222187688795,3625.0,707.0,80.0,0,0,C,334,254,C,1,,,0.6796521999931429
3,DG2_k3_t1_R,16,16,16,8721.269,478,16,1,27,5155.437565481629,5775.2693114843505,3119.437565481628,2655.8317460027247,2390.0,476.0,80.0,0,0,B,0,2,B,1,235.5167982314916,20015.301068666482,0.31696130000636913
3,DG2_k5_t0_R,16,16,16,12192.242,725,16,1,29,6384.020179470273,7780.242367159064,3640.0201794702725,4140.222187688795,3625.0,707.0,80.0,0,0,C,334,254,C,3,,,0.8286370999994688
3,DG2_k2_t0_F,16,16,16,12192.242,725,16,1,29,6384.020179470273,7780.242367159064,3640.0201794702725,4140.222187688795,3625.0,707.0,80.0,0,0,C,334,254,C,1,,,0.7927302000171039
3,DG2_k3_t0_F,16,16,16,12192.242,725,16,1,29,6384.020179470273,7780.242367159064,3640.0201794702725,4140.222187688795,3625.0,707.0,80.0,0,0,C,334,254,C,1,,,0.7792018000036478
4,Cplus3F,16,16,16,8485.343,428,16,1,27,6391.842908426244,5845.343045675831,3960.8429084262466,1884.5001372495838,2140.0,420.0,80.0,0,0,B,0,0,,,,,0.35836439998820424
4,C3FDirect,16,16,16,10720.097,577,16,1,29,5972.408884973576,7204.097323413977,3499.4088849735763,3704.6884384404057,2885.0,551.0,80.0,0,0,C,293,151,,,,,0.7487088000052609
4,DG2_k1_t0_R,16,16,16,10934.884,526,16,1,27,6684.122216863089,7714.884382837103,4287.122216863089,3427.7621659740125,2630.0,510.0,80.0,0,0,B,0,0,B,0,508.3736382682878,21385.38184761184,0.7886857000121381
4,DG2_k2_t0_R,16,16,16,11597.667,632,16,1,27,7004.259694086178,7732.666907878597,4304.259694086178,3428.407213792422,3160.0,625.0,80.0,0,0,B,0,0,B,0,288.47307916059424,20422.27694531244,0.8270256000105292
4,DG2_k2_t1_R,16,16,16,11597.667,632,16,1,27,7004.259694086178,7732.666907878597,4304.259694086178,3428.407213792422,3160.0,625.0,80.0,0,0,B,0,0,B,0,288.47307916059424,20422.27694531244,0.8093081999977585
4,DG2_k3_t0_R,16,16,16,10720.097,577,16,1,29,5972.408884973576,7204.097323413977,3499.4088849735763,3704.6884384404057,2885.0,551.0,80.0,0,0,C,293,151,C,2,,,0.8231562999717426
4,DG2_k3_t1_R,16,16,16,10720.097,577,16,1,29,5972.408884973576,7204.097323413977,3499.4088849735763,3704.6884384404057,2885.0,551.0,80.0,0,0,C,293,151,C,2,,,0.8284392999776173
4,DG2_k5_t0_R,16,16,16,10720.097,577,16,1,29,5972.408884973576,7204.097323413977,3499.4088849735763,3704.6884384404057,2885.0,551.0,80.0,0,0,C,293,151,C,3,,,0.7917392000090331
4,DG2_k2_t0_F,16,16,16,8998.365,468,16,1,27,6904.864918335188,6118.365055584774,4233.86491833519,1884.5001372495838,2340.0,460.0,80.0,0,0,B,0,0,B,0,403.20336688065873,20157.04592963063,0.4615353000117466
4,DG2_k3_t0_F,16,16,16,10720.097,577,16,1,29,5972.408884973576,7204.097323413977,3499.4088849735763,3704.6884384404057,2885.0,551.0,80.0,0,0,C,293,151,C,2,,,0.7622106999915559
5,Cplus3F,16,16,16,9752.697,472,16,1,27,5879.121411606982,6858.6971513184335,3633.1214116069837,3225.5757397114494,2360.0,454.0,80.0,0,0,B,0,0,,,,,0.40196279998053797
5,C3FDirect,16,16,16,10694.583,591,16,1,29,5897.31451256019,7074.582852995511,3484.3145125601886,3590.2683404353274,2955.0,585.0,80.0,0,0,C,386,198,,,,,0.467473999975482
5,DG2_k1_t0_R,16,16,16,12517.643,736,16,1,27,5973.256897951138,8027.643111913083,3641.256897951138,4386.386213961948,3680.0,730.0,80.0,0,0,B,0,0,B,0,508.3736382682878,21385.38184761184,0.6078421999991406
5,DG2_k2_t0_R,16,16,16,11186.301,614,16,1,27,6729.5566386921055,7435.301364854809,4142.556638692105,3292.7447261627076,3070.0,601.0,80.0,0,0,B,0,0,B,0,288.47307916059424,20422.27694531244,0.6101956000202335
5,DG2_k2_t1_R,16,16,16,11186.301,614,16,1,27,6729.5566386921055,7435.301364854809,4142.556638692105,3292.7447261627076,3070.0,601.0,80.0,0,0,B,0,0,B,0,288.47307916059424,20422.27694531244,0.598846400011098
5,DG2_k3_t0_R,16,16,16,10694.583,591,16,1,29,5897.31451256019,7074.582852995511,3484.3145125601886,3590.2683404353274,2955.0,585.0,80.0,0,0,C,386,198,C,2,,,0.4407855999888852
5,DG2_k3_t1_R,16,16,16,10694.583,591,16,1,29,5897.31451256019,7074.582852995511,3484.3145125601886,3590.2683404353274,2955.0,585.0,80.0,0,0,C,386,198,C,2,,,0.4747893000021577
5,DG2_k5_t0_R,16,16,16,10694.583,591,16,1,29,5897.31451256019,7074.582852995511,3484.3145125601886,3590.2683404353274,2955.0,585.0,80.0,0,0,C,386,198,C,4,,,0.405776200001128
5,DG2_k2_t0_F,16,16,16,10265.719,512,16,1,27,6392.143421515926,7131.7191612273755,3906.1434215159265,3225.5757397114494,2560.0,494.0,80.0,0,0,B,0,0,B,0,403.20336688065873,20157.04592963063,0.38268979999702424
5,DG2_k3_t0_F,16,16,16,10694.583,591,16,1,29,5897.31451256019,7074.582852995511,3484.3145125601886,3590.2683404353274,2955.0,585.0,80.0,0,0,C,386,198,C,2,,,0.4624809000233654
6,Cplus3F,16,16,16,8999.715,417,16,1,27,6222.840101539174,6442.714878973555,3920.8401015391746,2521.874777434379,2085.0,392.0,80.0,0,0,B,0,0,,,,,0.9952422000060324
6,C3FDirect,16,16,16,10706.619,539,16,1,29,5657.580911771832,7409.619040310738,3310.580911771831,4099.038128538911,2695.0,522.0,80.0,0,0,C,395,146,,,,,0.5680720999953337
6,DG2_k1_t0_R,16,16,16,9416.277,443,16,1,27,5831.495597819356,6703.276595109321,3656.4955978193548,3046.7809972899727,2215.0,418.0,80.0,0,0,B,0,0,B,0,508.3736382682878,21385.38184761184,1.0019155999762006
6,DG2_k2_t0_R,16,16,16,10706.619,539,16,1,29,5657.580911771832,7409.619040310738,3310.580911771831,4099.038128538911,2695.0,522.0,80.0,0,0,C,395,146,C,1,,,0.6126867000130005
6,DG2_k2_t1_R,16,16,16,10904.822,538,16,1,27,6540.542754017931,7622.822078392874,4058.54275401793,3564.2793243749443,2690.0,512.0,80.0,0,0,B,0,0,B,1,288.47307916059424,20422.27694531244,0.755489499977557
6,DG2_k3_t0_R,16,16,16,10706.619,539,16,1,29,5657.580911771832,7409.619040310738,3310.580911771831,4099.038128538911,2695.0,522.0,80.0,0,0,C,395,146,C,1,,,0.7144980000157375
6,DG2_k3_t1_R,16,16,16,10426.569,495,16,1,27,5690.745218580554,7400.568996196696,3418.745218580555,3981.8237776161436,2475.0,471.0,80.0,0,0,B,0,1,B,1,235.5167982314916,20015.301068666482,0.9264172000112012
6,DG2_k5_t0_R,16,16,16,10706.619,539,16,1,29,5657.580911771832,7409.619040310738,3310.580911771831,4099.038128538911,2695.0,522.0,80.0,0,0,C,395,146,C,3,,,0.7113121000002138
6,DG2_k2_t0_F,16,16,16,10706.619,539,16,1,29,5657.580911771832,7409.619040310738,3310.580911771831,4099.038128538911,2695.0,522.0,80.0,0,0,C,395,146,C,1,,,0.7004297999956179
6,DG2_k3_t0_F,16,16,16,10706.619,539,16,1,29,5657.580911771832,7409.619040310738,3310.580911771831,4099.038128538911,2695.0,522.0,80.0,0,0,C,395,146,C,1,,,0.7097405000240542
7,Cplus3F,16,16,16,8536.048,426,16,1,27,5694.343773084888,5920.048005199722,3653.3437730848905,2266.704232114835,2130.0,406.0,80.0,0,0,B,0,0,,,,,0.5537005999940448
7,C3FDirect,16,16,16,11322.896,611,16,1,29,6185.9262455561975,7586.895829151877,3682.9262455561984,3903.969583595683,3055.0,601.0,80.0,0,0,C,418,190,,,,,0.8604313999821898
7,DG2_k1_t0_R,16,16,16,9881.938,479,16,1,27,7061.293649027118,6942.938134837764,4489.293649027118,2453.644485810645,2395.0,464.0,80.0,0,0,B,0,0,B,0,508.3736382682878,21385.38184761184,0.5686064000183251
7,DG2_k2_t0_R,16,16,16,11322.896,611,16,1,29,6185.9262455561975,7586.895829151877,3682.9262455561984,3903.969583595683,3055.0,601.0,80.0,0,0,C,418,190,C,1,,,0.8655949000094552
7,DG2_k2_t1_R,16,16,16,10153.561,477,16,1,27,6611.442812911488,7232.560653199249,4274.4428129114885,2958.1178402877663,2385.0,456.0,80.0,0,0,B,0,0,B,1,288.47307916059424,20422.27694531244,0.7054669999924954
7,DG2_k3_t0_R,16,16,16,11322.896,611,16,1,29,6185.9262455561975,7586.895829151877,3682.9262455561984,3903.969583595683,3055.0,601.0,80.0,0,0,C,418,190,C,2,,,0.8233525000105146
7,DG2_k3_t1_R,16,16,16,11322.896,611,16,1,29,6185.9262455561975,7586.895829151877,3682.9262455561984,3903.969583595683,3055.0,601.0,80.0,0,0,C,418,190,C,2,,,0.8239990000147372
7,DG2_k5_t0_R,16,16,16,11322.896,611,16,1,29,6185.9262455561975,7586.895829151877,3682.9262455561984,3903.969583595683,3055.0,601.0,80.0,0,0,C,418,190,C,3,,,0.7913688000116963
7,DG2_k2_t0_F,16,16,16,11322.896,611,16,1,29,6185.9262455561975,7586.895829151877,3682.9262455561984,3903.969583595683,3055.0,601.0,80.0,0,0,C,418,190,C,1,,,0.8214963999926113
7,DG2_k3_t0_F,16,16,16,11322.896,611,16,1,29,6185.9262455561975,7586.895829151877,3682.9262455561984,3903.969583595683,3055.0,601.0,80.0,0,0,C,418,190,C,2,,,0.8204820000100881
8,Cplus3F,16,16,16,9032.498,374,16,1,27,5518.241124731796,6728.497899146955,3583.2411247317973,3145.256774415155,1870.0,354.0,80.0,0,0,B,0,0,,,,,0.548258299997542
8,C3FDirect,16,16,16,10507.501,549,16,1,29,6173.089390771327,7145.50115137839,3688.089390771328,3457.411760607063,2745.0,537.0,80.0,0,0,C,298,148,,,,,0.4365834000054747
8,DG2_k1_t0_R,16,16,16,10507.501,549,16,1,29,6173.089390771327,7145.50115137839,3688.089390771328,3457.411760607063,2745.0,537.0,80.0,0,0,C,298,148,C,1,,,0.43684350000694394
8,DG2_k2_t0_R,16,16,16,10507.501,549,16,1,29,6173.089390771327,7145.50115137839,3688.089390771328,3457.411760607063,2745.0,537.0,80.0,0,0,C,298,148,C,2,,,0.41961840001749806
8,DG2_k2_t1_R,16,16,16,10507.501,549,16,1,29,6173.089390771327,7145.50115137839,3688.089390771328,3457.411760607063,2745.0,537.0,80.0,0,0,C,298,148,C,2,,,0.3994937000097707
8,DG2_k3_t0_R,16,16,16,10507.501,549,16,1,29,6173.089390771327,7145.50115137839,3688.089390771328,3457.411760607063,2745.0,537.0,80.0,0,0,C,298,148,C,3,,,0.3754256999818608
8,DG2_k3_t1_R,16,16,16,10507.501,549,16,1,29,6173.089390771327,7145.50115137839,3688.089390771328,3457.411760607063,2745.0,537.0,80.0,0,0,C,298,148,C,3,,,0.4072920000180602
8,DG2_k5_t0_R,16,16,16,10507.501,549,16,1,29,6173.089390771327,7145.50115137839,3688.089390771328,3457.411760607063,2745.0,537.0,80.0,0,0,C,298,148,C,4,,,0.39609399999608286
8,DG2_k2_t0_F,16,16,16,10507.501,549,16,1,29,6173.089390771327,7145.50115137839,3688.089390771328,3457.411760607063,2745.0,537.0,80.0,0,0,C,298,148,C,2,,,0.4173350000055507
8,DG2_k3_t0_F,16,16,16,10507.501,549,16,1,29,6173.089390771327,7145.50115137839,3688.089390771328,3457.411760607063,2745.0,537.0,80.0,0,0,C,298,148,C,3,,,0.3964274000027217
9,Cplus3F,16,16,16,9413.587,425,16,1,27,6133.606043197296,6805.58745074465,3934.6060431972974,2870.9814075473514,2125.0,403.0,80.0,0,0,B,0,0,,,,,0.29412110001430847
9,C3FDirect,16,16,16,12045.663,662,16,1,29,6082.283705474814,8008.6632324944485,3519.2837054748134,4489.379527019635,3310.0,647.0,80.0,0,0,C,491,230,,,,,0.778342400008114
9,DG2_k1_t0_R,16,16,16,12045.663,662,16,1,29,6082.283705474814,8008.6632324944485,3519.2837054748134,4489.379527019635,3310.0,647.0,80.0,0,0,C,491,230,C,1,,,0.7900075999787077
9,DG2_k2_t0_R,16,16,16,12045.663,662,16,1,29,6082.283705474814,8008.6632324944485,3519.2837054748134,4489.379527019635,3310.0,647.0,80.0,0,0,C,491,230,C,1,,,0.796530099993106
9,DG2_k2_t1_R,16,16,16,10108.335,464,16,1,27,6920.750872255681,7249.335068891811,4451.75087225568,2797.58419663613,2320.0,459.0,80.0,0,0,B,0,1,B,1,288.47307916059424,20422.27694531244,0.36252049999893643
9,DG2_k3_t0_R,16,16,16,12045.663,662,16,1,29,6082.283705474814,8008.6632324944485,3519.2837054748134,4489.379527019635,3310.0,647.0,80.0,0,0,C,491,230,C,1,,,0.795862600003602
9,DG2_k3_t1_R,16,16,16,13768.372,717,16,1,27,6750.378664724658,9412.372086608555,4065.378664724659,5346.993421883903,3585.0,691.0,80.0,0,0,B,0,2,B,1,235.5167982314916,20015.301068666482,0.6857162999804132
9,DG2_k5_t0_R,16,16,16,12045.663,662,16,1,29,6082.283705474814,8008.6632324944485,3519.2837054748134,4489.379527019635,3310.0,647.0,80.0,0,0,C,491,230,C,1,,,0.7903102000127546
9,DG2_k2_t0_F,16,16,16,12045.663,662,16,1,29,6082.283705474814,8008.6632324944485,3519.2837054748134,4489.379527019635,3310.0,647.0,80.0,0,0,C,491,230,C,1,,,0.7963223000115249
9,DG2_k3_t0_F,16,16,16,12045.663,662,16,1,29,6082.283705474814,8008.6632324944485,3519.2837054748134,4489.379527019635,3310.0,647.0,80.0,0,0,C,491,230,C,1,,,0.7763149999955203
10,Cplus3F,16,16,16,9030.464,408,16,1,27,5951.711859147494,6533.464495324379,3820.711859147494,2712.7526361768864,2040.0,377.0,80.0,0,0,B,0,0,,,,,0.8409923000144772
10,C3FDirect,16,16,16,10996.519,574,16,1,29,5786.527406094479,7485.518685169443,3354.5274060944776,4130.9912790749695,2870.0,561.0,80.0,0,0,C,482,155,,,,,0.9168671000225004
10,DG2_k1_t0_R,16,16,16,9643.548,436,16,1,27,6789.949111311068,6977.548390305115,4387.949111311067,2589.599278994049,2180.0,406.0,80.0,0,0,B,0,0,B,0,508.3736382682878,21385.38184761184,0.7143657999986317
10,DG2_k2_t0_R,16,16,16,10355.856,533,16,1,27,6046.655563022344,7102.85574997062,3728.655563022344,3374.2001869482783,2665.0,508.0,80.0,0,0,B,0,0,B,0,288.47307916059424,20422.27694531244,0.9504174000176135
10,DG2_k2_t1_R,16,16,16,10355.856,533,16,1,27,6046.655563022344,7102.85574997062,3728.655563022344,3374.2001869482783,2665.0,508.0,80.0,0,0,B,0,0,B,0,288.47307916059424,20422.27694531244,0.8782559999963269
10,DG2_k3_t0_R,16,16,16,10996.519,574,16,1,29,5786.527406094479,7485.518685169443,3354.5274060944776,4130.9912790749695,2870.0,561.0,80.0,0,0,C,482,155,C,1,,,0.8001592000073288
10,DG2_k3_t1_R,16,16,16,10701.999,523,16,1,27,6275.382674476028,7486.999420311149,4070.3826744760286,3416.616745835124,2615.0,520.0,80.0,0,0,B,0,0,B,1,235.5167982314916,20015.301068666482,0.9449259999964852
10,DG2_k5_t0_R,16,16,16,10996.519,574,16,1,29,5786.527406094479,7485.518685169443,3354.5274060944776,4130.9912790749695,2870.0,561.0,80.0,0,0,C,482,155,C,2,,,0.7449468999984674
10,DG2_k2_t0_F,16,16,16,9543.487,448,16,1,27,6464.733869056438,6806.4865052333225,4093.733869056438,2712.7526361768864,2240.0,417.0,80.0,0,0,B,0,0,B,0,403.20336688065873,20157.04592963063,0.7225551000155974
10,DG2_k3_t0_F,16,16,16,10996.519,574,16,1,29,5786.527406094479,7485.518685169443,3354.5274060944776,4130.9912790749695,2870.0,561.0,80.0,0,0,C,482,155,C,1,,,0.7734334999986459
11,Cplus3F,16,16,16,9681.112,502,16,1,27,5599.521025545142,6596.11236908149,3599.5210255451443,2996.5913435363473,2510.0,495.0,80.0,0,0,B,0,0,,,,,0.7397133999911603
11,C3FDirect,16,16,16,10479.272,593,16,1,29,5575.299353075078,6864.272246236876,3299.299353075077,3564.9728931617965,2965.0,570.0,80.0,0,0,C,334,218,,,,,0.47133599998778664
11,DG2_k1_t0_R,16,16,16,9986.399,506,16,1,27,5741.576550103716,6886.398596571701,3705.5765501037154,3180.822046467985,2530.0,490.0,80.0,0,0,B,0,0,B,0,508.3736382682878,21385.38184761184,0.6891755000106059
11,DG2_k2_t0_R,16,16,16,9085.142,442,16,1,27,6374.242872189763,6367.141898001549,4067.2428721897645,2299.899025811785,2210.0,428.0,80.0,0,0,B,0,0,B,0,288.47307916059424,20422.27694531244,0.4921774000104051
11,DG2_k2_t1_R,16,16,16,9085.142,442,16,1,27,6374.242872189763,6367.141898001549,4067.2428721897645,2299.899025811785,2210.0,428.0,80.0,0,0,B,0,0,B,0,288.47307916059424,20422.27694531244,0.5044608999742195
11,DG2_k3_t0_R,16,16,16,10479.272,593,16,1,29,5575.299353075078,6864.272246236876,3299.299353075077,3564.9728931617965,2965.0,570.0,80.0,0,0,C,334,218,C,1,,,0.42818099999567494
11,DG2_k3_t1_R,16,16,16,10275.48,512,16,1,27,6971.743481971467,7135.480066509014,4287.743481971468,2847.736584537549,2560.0,500.0,80.0,0,0,B,0,0,B,1,235.5167982314916,20015.301068666482,0.4555792000028305
11,DG2_k5_t0_R,16,16,16,10479.272,593,16,1,29,5575.299353075078,6864.272246236876,3299.299353075077,3564.9728931617965,2965.0,570.0,80.0,0,0,C,334,218,C,3,,,0.47465320001356304
11,DG2_k2_t0_F,16,16,16,10194.134,542,16,1,27,6112.543035454085,6869.134378990432,3872.543035454087,2996.5913435363473,2710.0,535.0,80.0,0,0,B,0,0,B,0,403.20336688065873,20157.04592963063,0.6822793000028469
11,DG2_k3_t0_F,16,16,16,10479.272,593,16,1,29,5575.299353075078,6864.272246236876,3299.299353075077,3564.9728931617965,2965.0,570.0,80.0,0,0,C,334,218,C,1,,,0.41973729999153875
12,Cplus3F,16,16,16,7993.447,341,16,1,27,5660.529612598998,5879.446870038451,3703.5296125989994,2175.9172574394515,1705.0,329.0,80.0,0,0,B,0,0,,,,,0.2912833000009414
12,C3FDirect,16,16,16,10681.961,641,16,1,29,6356.6418263823725,6771.961111424968,3666.6418263823703,3105.319285042601,3205.0,625.0,80.0,0,0,C,465,190,,,,,0.8720855999854393
12,DG2_k1_t0_R,16,16,16,10681.961,641,16,1,29,6356.6418263823725,6771.961111424968,3666.6418263823703,3105.319285042601,3205.0,625.0,80.0,0,0,C,465,190,C,1,,,0.9110767999954987
12,DG2_k2_t0_R,16,16,16,10681.961,641,16,1,29,6356.6418263823725,6771.961111424968,3666.6418263823703,3105.319285042601,3205.0,625.0,80.0,0,0,C,465,190,C,1,,,0.9436332999903243
12,DG2_k2_t1_R,16,16,16,9610.33,438,16,1,27,6679.543959483185,6916.330255376743,4320.543959483185,2595.786295893557,2190.0,424.0,80.0,0,0,B,0,1,B,1,288.47307916059424,20422.27694531244,0.34609969999291934
12,DG2_k3_t0_R,16,16,16,10681.961,641,16,1,29,6356.6418263823725,6771.961111424968,3666.6418263823703,3105.319285042601,3205.0,625.0,80.0,0,0,C,465,190,C,2,,,0.8641475999902468
12,DG2_k3_t1_R,16,16,16,10681.961,641,16,1,29,6356.6418263823725,6771.961111424968,3666.6418263823703,3105.319285042601,3205.0,625.0,80.0,0,0,C,465,190,C,2,,,0.9167125000094529
12,DG2_k5_t0_R,16,16,16,10681.961,641,16,1,29,6356.6418263823725,6771.961111424968,3666.6418263823703,3105.319285042601,3205.0,625.0,80.0,0,0,C,465,190,C,2,,,0.8355118000181392
12,DG2_k2_t0_F,16,16,16,10681.961,641,16,1,29,6356.6418263823725,6771.961111424968,3666.6418263823703,3105.319285042601,3205.0,625.0,80.0,0,0,C,465,190,C,1,,,0.8827954000153113
12,DG2_k3_t0_F,16,16,16,10681.961,641,16,1,29,6356.6418263823725,6771.961111424968,3666.6418263823703,3105.319285042601,3205.0,625.0,80.0,0,0,C,465,190,C,2,,,0.9618667000031564
13,Cplus3F,16,16,16,8915.429,418,16,1,27,6112.0095178803695,6348.428897484439,3946.0095178803717,2402.4193796040686,2090.0,397.0,80.0,0,0,B,0,0,,,,,0.37997599999653175
13,C3FDirect,16,16,16,12584.445,681,25,1,29,6213.927391987869,8404.445117478057,3638.927391987868,4765.517725490195,3405.0,668.0,107.0,9,0,C,601,222,,,,,0.9075981000205502
13,DG2_k1_t0_R,16,16,16,12584.445,681,25,1,29,6213.927391987869,8404.445117478057,3638.927391987868,4765.517725490195,3405.0,668.0,107.0,9,0,C,601,222,C,1,,,0.8969213000091258
13,DG2_k2_t0_R,16,16,16,12584.445,681,25,1,29,6213.927391987869,8404.445117478057,3638.927391987868,4765.517725490195,3405.0,668.0,107.0,9,0,C,601,222,C,3,,,0.9791884000005666
13,DG2_k2_t1_R,16,16,16,12584.445,681,25,1,29,6213.927391987869,8404.445117478057,3638.927391987868,4765.517725490195,3405.0,668.0,107.0,9,0,C,601,222,C,3,,,1.0545982000185177
13,DG2_k3_t0_R,16,16,16,12584.445,681,25,1,29,6213.927391987869,8404.445117478057,3638.927391987868,4765.517725490195,3405.0,668.0,107.0,9,0,C,601,222,C,4,,,1.002575499995146
13,DG2_k3_t1_R,16,16,16,12584.445,681,25,1,29,6213.927391987869,8404.445117478057,3638.927391987868,4765.517725490195,3405.0,668.0,107.0,9,0,C,601,222,C,4,,,1.0510983999993186
13,DG2_k5_t0_R,16,16,16,12584.445,681,25,1,29,6213.927391987869,8404.445117478057,3638.927391987868,4765.517725490195,3405.0,668.0,107.0,9,0,C,601,222,C,4,,,1.0389589999977034
13,DG2_k2_t0_F,16,16,16,12584.445,681,25,1,29,6213.927391987869,8404.445117478057,3638.927391987868,4765.517725490195,3405.0,668.0,107.0,9,0,C,601,222,C,3,,,0.9760440000100061
13,DG2_k3_t0_F,16,16,16,12584.445,681,25,1,29,6213.927391987869,8404.445117478057,3638.927391987868,4765.517725490195,3405.0,668.0,107.0,9,0,C,601,222,C,4,,,1.011434799991548
14,Cplus3F,16,16,16,8437.883,396,16,1,27,6001.704747775708,5995.882802110826,3766.7047477757105,2229.1780543351147,1980.0,382.0,80.0,0,0,B,0,0,,,,,0.4755802999716252
14,C3FDirect,16,16,16,11277.255,607,16,1,29,5980.751554340479,7572.25472560368,3469.751554340478,4102.503171263205,3035.0,590.0,80.0,0,0,C,416,174,,,,,0.8135108999849763
14,DG2_k1_t0_R,16,16,16,11277.255,607,16,1,29,5980.751554340479,7572.25472560368,3469.751554340478,4102.503171263205,3035.0,590.0,80.0,0,0,C,416,174,C,1,,,0.815460100013297
14,DG2_k2_t0_R,16,16,16,11277.255,607,16,1,29,5980.751554340479,7572.25472560368,3469.751554340478,4102.503171263205,3035.0,590.0,80.0,0,0,C,416,174,C,1,,,0.8132709999918006
14,DG2_k2_t1_R,16,16,16,9687.964,459,16,1,27,6765.5069594917195,6877.963760894633,4273.5069594917195,2604.4568014029132,2295.0,435.0,80.0,0,0,B,0,1,B,1,288.47307916059424,20422.27694531244,0.43531739999889396
14,DG2_k3_t0_R,16,16,16,11277.255,607,16,1,29,5980.751554340479,7572.25472560368,3469.751554340478,4102.503171263205,3035.0,590.0,80.0,0,0,C,416,174,C,1,,,0.7725731999962591
14,DG2_k3_t1_R,16,16,16,9565.373,521,16,1,27,5686.337498685206,6369.372552293021,3439.3374986852077,2930.0350536078126,2605.0,511.0,80.0,0,0,B,0,2,B,1,235.5167982314916,20015.301068666482,0.6968217999965418
14,DG2_k5_t0_R,16,16,16,11277.255,607,16,1,29,5980.751554340479,7572.25472560368,3469.751554340478,4102.503171263205,3035.0,590.0,80.0,0,0,C,416,174,C,1,,,0.8178487000113819
14,DG2_k2_t0_F,16,16,16,11277.255,607,16,1,29,5980.751554340479,7572.25472560368,3469.751554340478,4102.503171263205,3035.0,590.0,80.0,0,0,C,416,174,C,1,,,0.7817587000026833
14,DG2_k3_t0_F,16,16,16,11277.255,607,16,1,29,5980.751554340479,7572.25472560368,3469.751554340478,4102.503171263205,3035.0,590.0,80.0,0,0,C,416,174,C,1,,,0.7654382000037003
15,Cplus3F,16,16,16,10394.386,506,16,1,27,5983.964677413021,7302.386187514998,3834.9646774130224,3467.4215101019745,2530.0,482.0,80.0,0,0,B,0,0,,,,,0.7574100999918301
15,C3FDirect,16,16,16,10155.354,602,16,1,29,6140.298260151045,6470.353918918177,3480.2982601510444,2990.055658767134,3010.0,595.0,80.0,0,0,C,248,174,,,,,0.2892023999884259
15,DG2_k1_t0_R,16,16,16,10255.404,514,16,1,27,7243.530705199507,7118.403824452789,4500.530705199508,2617.87311925328,2570.0,487.0,80.0,0,0,B,0,0,B,0,508.3736382682878,21385.38184761184,0.45129490000545047
15,DG2_k2_t0_R,16,16,16,10347.117,532,16,1,27,6746.95206347213,7086.11723534418,4279.95206347213,2806.1651718720505,2660.0,521.0,80.0,0,0,B,0,0,B,0,288.47307916059424,20422.27694531244,0.5011765999952331
15,DG2_k2_t1_R,16,16,16,10347.117,532,16,1,27,6746.95206347213,7086.11723534418,4279.95206347213,2806.1651718720505,2660.0,521.0,80.0,0,0,B,0,0,B,0,288.47307916059424,20422.27694531244,0.5022196999925654
15,DG2_k3_t0_R,16,16,16,10155.354,602,16,1,29,6140.298260151045,6470.353918918177,3480.2982601510444,2990.055658767134,3010.0,595.0,80.0,0,0,C,248,174,C,1,,,0.34330139998928644
15,DG2_k3_t1_R,16,16,16,10421.62,578,16,1,27,6188.449820906013,6885.619737771614,3791.449820906013,3094.169916865605,2890.0,566.0,80.0,0,0,B,0,0,B,1,235.5167982314916,20015.301068666482,0.5464923999970779
15,DG2_k5_t0_R,16,16,16,10155.354,602,16,1,29,6140.298260151045,6470.353918918177,3480.2982601510444,2990.055658767134,3010.0,595.0,80.0,0,0,C,248,174,C,2,,,0.3128108999808319
15,DG2_k2_t0_F,16,16,16,10907.408,546,16,1,27,6496.986687321964,7575.408197423942,4107.986687321965,3467.4215101019745,2730.0,522.0,80.0,0,0,B,0,0,B,0,403.20336688065873,20157.04592963063,0.7224325999850407
15,DG2_k3_t0_F,16,16,16,10155.354,602,16,1,29,6140.298260151045,6470.353918918177,3480.2982601510444,2990.055658767134,3010.0,595.0,80.0,0,0,C,248,174,C,1,,,0.3536671999900136
16,Cplus3F,16,16,16,8327.79,406,16,1,27,6104.752756593174,5827.789590439682,3822.752756593175,2005.0368338465069,2030.0,390.0,80.0,0,0,B,0,0,,,,,0.7230670000135433
16,C3FDirect,16,16,16,8516.778,426,16,1,29,5052.275881225391,5891.777660985092,2954.27588122539,2937.501779759702,2130.0,415.0,80.0,0,0,C,265,89,,,,,0.5351441000238992
16,DG2_k1_t0_R,16,16,16,9761.779,425,16,1,27,6622.161914538001,7147.779224666839,4321.161914538002,2826.6173101288373,2125.0,409.0,80.0,0,0,B,0,0,B,0,508.3736382682878,21385.38184761184,0.7561482000164688
16,DG2_k2_t0_R,16,16,16,9995.855,499,16,1,27,6187.812665839987,6940.8553868018,3773.8126658399874,3167.0427209618115,2495.0,480.0,80.0,0,0,B,0,0,B,0,288.47307916059424,20422.27694531244,0.9111907999904361
16,DG2_k2_t1_R,16,16,16,9995.855,499,16,1,27,6187.812665839987,6940.8553868018,3773.8126658399874,3167.0427209618115,2495.0,480.0,80.0,0,0,B,0,0,B,0,288.47307916059424,20422.27694531244,0.9279497999814339
16,DG2_k3_t0_R,16,16,16,9189.82,441,16,1,27,6251.950862272276,6483.820382873178,3957.950862272276,2525.869520600901,2205.0,421.0,80.0,0,0,B,0,0,B,0,235.5167982314916,20015.301068666482,0.9781184000021312
16,DG2_k3_t1_R,16,16,16,9189.82,441,16,1,27,6251.950862272276,6483.820382873178,3957.950862272276,2525.869520600901,2205.0,421.0,80.0,0,0,B,0,0,B,0,235.5167982314916,20015.301068666482,0.9427693999896292
16,DG2_k5_t0_R,16,16,16,8516.778,426,16,1,29,5052.275881225391,5891.777660985092,2954.27588122539,2937.501779759702,2130.0,415.0,80.0,0,0,C,265,89,C,2,,,0.45761909999419004
16,DG2_k2_t0_F,16,16,16,8840.812,446,16,1,27,6617.774766502118,6100.811600348624,4095.774766502118,2005.0368338465069,2230.0,430.0,80.0,0,0,B,0,0,B,0,403.20336688065873,20157.04592963063,0.7139663000125438
16,DG2_k3_t0_F,16,16,16,9239.483,466,16,1,27,7016.446365967265,6379.4831998137715,4374.446365967265,2005.0368338465069,2330.0,450.0,80.0,0,0,B,0,0,B,0,893.750999492464,20647.593562242437,0.7768167000031099
17,Cplus3F,16,16,16,9467.932,516,16,1,27,6379.177916220831,6314.9317652242025,3768.177916220834,2546.75384900337,2580.0,493.0,80.0,0,0,B,0,0,,,,,0.5006796999950893
17,C3FDirect,16,16,16,11906.519,741,16,1,29,6312.564781161215,7398.519473223239,3634.564781161215,3763.954692062023,3705.0,723.0,80.0,0,0,C,339,293,,,,,0.7747596999979578
17,DG2_k1_t0_R,16,16,16,8577.116,422,16,1,27,5585.072775965589,5996.116409917635,3481.0727759655892,2515.0436339520465,2110.0,391.0,80.0,0,0,B,0,0,B,0,508.3736382682878,21385.38184761184,0.43976959999417886
17,DG2_k2_t0_R,16,16,16,11440.318,687,16,1,27,7289.214077449467,7262.318351702101,4280.214077449469,2982.104274252633,3435.0,663.0,80.0,0,0,B,0,0,B,0,288.47307916059424,20422.27694531244,0.8750044000043999
17,DG2_k2_t1_R,16,16,16,11440.318,687,16,1,27,7289.214077449467,7262.318351702101,4280.214077449469,2982.104274252633,3435.0,663.0,80.0,0,0,B,0,0,B,0,288.47307916059424,20422.27694531244,0.8589654000243172
17,DG2_k3_t0_R,16,16,16,8968.455,435,16,1,27,6719.434747064706,6292.455394885138,4246.434747064707,2046.0206478204311,2175.0,421.0,80.0,0,0,B,0,0,B,0,235.5167982314916,20015.301068666482,0.24960459998692386
17,DG2_k3_t1_R,16,16,16,8968.455,435,16,1,27,6719.434747064706,6292.455394885138,4246.434747064707,2046.0206478204311,2175.0,421.0,80.0,0,0,B,0,0,B,0,235.5167982314916,20015.301068666482,0.2668736999912653
17,DG2_k5_t0_R,16,16,16,11906.519,741,16,1,29,6312.564781161215,7398.519473223239,3634.564781161215,3763.954692062023,3705.0,723.0,80.0,0,0,C,339,293,C,2,,,0.7723644000070635
17,DG2_k2_t0_F,16,16,16,9980.954,556,16,1,27,6892.199926129775,6587.9537751331445,4041.199926129777,2546.75384900337,2780.0,533.0,80.0,0,0,B,0,0,B,0,403.20336688065873,20157.04592963063,0.48512870000558905
17,DG2_k3_t0_F,16,16,16,10379.625,576,16,1,27,7290.871525594922,6866.62537459829,4319.871525594923,2546.75384900337,2880.0,553.0,80.0,0,0,B,0,0,B,0,893.750999492464,20647.593562242437,0.47490629999083467
18,Cplus3F,16,16,16,9264.093,475,16,1,27,5977.6932653989315,6339.092891586696,3797.693265398934,2541.3996261877614,2375.0,470.0,80.0,0,0,B,0,0,,,,,0.31646589998854324
18,C3FDirect,16,16,16,8109.869,458,16,1,29,5117.862209286115,5292.869196678906,3021.862209286115,2271.0069873927896,2290.0,447.0,80.0,0,0,C,258,135,,,,,0.4310215000004973
18,DG2_k1_t0_R,16,16,16,9341.032,395,16,1,27,6281.356556307192,6901.032430444253,4240.356556307192,2660.675874137065,1975.0,385.0,80.0,0,0,B,0,0,B,0,508.3736382682878,21385.38184761184,0.6875870999938343
18,DG2_k2_t0_R,16,16,16,9203.151,452,16,1,27,6011.4918158424,6425.151393172735,3709.4918158424002,2715.659577330337,2260.0,438.0,80.0,0,0,B,0,0,B,0,288.47307916059424,20422.27694531244,0.4581524000095669
18,DG2_k2_t1_R,16,16,16,9203.151,452,16,1,27,6011.4918158424,6425.151393172735,3709.4918158424002,2715.659577330337,2260.0,438.0,80.0,0,0,B,0,0,B,0,288.47307916059424,20422.27694531244,0.4894501999951899
18,DG2_k3_t0_R,16,16,16,8109.869,458,16,1,29,5117.862209286115,5292.869196678906,3021.862209286115,2271.0069873927896,2290.0,447.0,80.0,0,0,C,258,135,C,1,,,0.38446959998691455
18,DG2_k3_t1_R,16,16,16,9254.898,424,16,1,27,6523.1338111247915,6639.897568758838,4085.1338111247915,2554.7637576340494,2120.0,415.0,80.0,0,0,B,0,0,B,1,235.5167982314916,20015.301068666482,0.5168079000141006
18,DG2_k5_t0_R,16,16,16,8109.869,458,16,1,29,5117.862209286115,5292.869196678906,3021.862209286115,2271.0069873927896,2290.0,447.0,80.0,0,0,C,258,135,C,2,,,0.3899332000000868
18,DG2_k2_t0_F,16,16,16,9777.115,515,16,1,27,6490.715275307876,6612.11490149564,4070.7152753078767,2541.3996261877614,2575.0,510.0,80.0,0,0,B,0,0,B,0,403.20336688065873,20157.04592963063,0.2808691000100225
18,DG2_k3_t0_F,16,16,16,8109.869,458,16,1,29,5117.862209286115,5292.869196678906,3021.862209286115,2271.0069873927896,2290.0,447.0,80.0,0,0,C,258,135,C,1,,,0.4493175999959931
19,Cplus3F,16,16,16,9847.126,479,16,1,27,6417.845441950957,6919.126010446719,3987.845441950958,2931.280568495761,2395.0,453.0,80.0,0,0,B,0,0,,,,,0.38328249999904074
19,C3FDirect,16,16,16,12741.581,728,16,1,29,6396.842555011764,8337.580839810822,3701.842555011763,4635.738284799062,3640.0,684.0,80.0,0,0,C,417,231,,,,,1.2347615999751724
19,DG2_k1_t0_R,16,16,16,10011.098,484,16,1,27,6996.904377158687,7029.0980134513975,4475.904377158688,2553.1936362927113,2420.0,482.0,80.0,0,0,B,0,0,B,0,508.3736382682878,21385.38184761184,0.29133089998504147
19,DG2_k2_t0_R,16,16,16,11283.917,614,16,1,27,7096.0136966389455,7541.916869870236,4325.013696638947,3216.903173231289,3070.0,592.0,80.0,0,0,B,0,0,B,0,288.47307916059424,20422.27694531244,0.47720369999296963
19,DG2_k2_t1_R,16,16,16,11283.917,614,16,1,27,7096.0136966389455,7541.916869870236,4325.013696638947,3216.903173231289,3070.0,592.0,80.0,0,0,B,0,0,B,0,288.47307916059424,20422.27694531244,0.45531170000322163
19,DG2_k3_t0_R,16,16,16,12741.581,728,16,1,29,6396.842555011764,8337.580839810822,3701.842555011763,4635.738284799062,3640.0,684.0,80.0,0,0,C,417,231,C,2,,,1.2200078999740072
19,DG2_k3_t1_R,16,16,16,12741.581,728,16,1,29,6396.842555011764,8337.580839810822,3701.842555011763,4635.738284799062,3640.0,684.0,80.0,0,0,C,417,231,C,2,,,1.2282657000178006
19,DG2_k5_t0_R,16,16,16,12741.581,728,16,1,29,6396.842555011764,8337.580839810822,3701.842555011763,4635.738284799062,3640.0,684.0,80.0,0,0,C,417,231,C,2,,,1.188912799989339
19,DG2_k2_t0_F,16,16,16,10360.148,519,16,1,27,6930.867451859902,7192.148020355661,4260.867451859901,2931.280568495761,2595.0,493.0,80.0,0,0,B,0,0,B,0,403.20336688065873,20157.04592963063,0.33103919998393394
19,DG2_k3_t0_F,16,16,16,12741.581,728,16,1,29,6396.842555011764,8337.580839810822,3701.842555011763,4635.738284799062,3640.0,684.0,80.0,0,0,C,417,231,C,2,,,1.219029200001387
20,Cplus3F,16,16,16,9161.329,420,16,1,27,6039.085719929155,6580.3288925920415,3824.0857199291568,2756.2431726628884,2100.0,401.0,80.0,0,0,B,0,0,,,,,0.7833095999958459
20,C3FDirect,16,16,16,11571.159,666,16,1,29,5757.136017064311,7507.159061273824,3343.136017064311,4164.023044209517,3330.0,654.0,80.0,0,0,C,396,217,,,,,0.9560376000008546
20,DG2_k1_t0_R,16,16,16,9331.265,446,16,1,27,6690.7278763434815,6589.265190244438,4305.727876343483,2283.5373139009534,2230.0,432.0,80.0,0,0,B,0,0,B,0,508.3736382682878,21385.38184761184,0.6449831000063568
20,DG2_k2_t0_R,16,16,16,11571.159,666,16,1,29,5757.136017064311,7507.159061273824,3343.136017064311,4164.023044209517,3330.0,654.0,80.0,0,0,C,396,217,C,1,,,0.9518017999944277
20,DG2_k2_t1_R,16,16,16,9401.221,447,16,1,27,6585.184805274478,6665.221332286992,4129.184805274478,2536.036527012512,2235.0,421.0,80.0,0,0,B,0,0,B,1,288.47307916059424,20422.27694531244,0.82170679999399
20,DG2_k3_t0_R,16,16,16,11571.159,666,16,1,29,5757.136017064311,7507.159061273824,3343.136017064311,4164.023044209517,3330.0,654.0,80.0,0,0,C,396,217,C,1,,,1.0037083000061102
20,DG2_k3_t1_R,16,16,16,8151.261,366,16,1,27,5507.277452523319,5890.260995727746,3489.27745252332,2400.98354320443,1830.0,351.0,80.0,0,0,B,0,1,B,1,235.5167982314916,20015.301068666482,0.8346788000199012
20,DG2_k5_t0_R,16,16,16,11571.159,666,16,1,29,5757.136017064311,7507.159061273824,3343.136017064311,4164.023044209517,3330.0,654.0,80.0,0,0,C,396,217,C,3,,,0.9531663999950979
20,DG2_k2_t0_F,16,16,16,11571.159,666,16,1,29,5757.136017064311,7507.159061273824,3343.136017064311,4164.023044209517,3330.0,654.0,80.0,0,0,C,396,217,C,1,,,0.8910548000130802
20,DG2_k3_t0_F,16,16,16,11571.159,666,16,1,29,5757.136017064311,7507.159061273824,3343.136017064311,4164.023044209517,3330.0,654.0,80.0,0,0,C,396,217,C,1,,,1.0627064000000246
21,Cplus3F,16,16,16,9964.666,497,16,1,27,6121.2449825309295,6910.666281009063,3798.2449825309304,3112.4212984781325,2485.0,489.0,80.0,0,0,B,0,0,,,,,0.4874454000091646
21,C3FDirect,16,16,16,10830.842,601,16,1,29,6130.324146058563,7169.842121744646,3482.324146058561,3687.5179756860857,3005.0,576.0,80.0,0,0,C,400,163,,,,,0.7944970999960788
21,DG2_k1_t0_R,16,16,16,10015.28,528,16,1,27,5969.1715383977225,6777.279647688492,3686.1715383977207,3091.1081092907702,2640.0,518.0,80.0,0,0,B,0,0,B,0,508.3736382682878,21385.38184761184,0.5271705000195652
21,DG2_k2_t0_R,16,16,16,10236.514,523,16,1,27,7249.551103620472,7023.5139112553,4481.551103620473,2541.962807634826,2615.0,518.0,80.0,0,0,B,0,0,B,0,288.47307916059424,20422.27694531244,0.4223000000056345
21,DG2_k2_t1_R,16,16,16,10236.514,523,16,1,27,7249.551103620472,7023.5139112553,4481.551103620473,2541.962807634826,2615.0,518.0,80.0,0,0,B,0,0,B,0,288.47307916059424,20422.27694531244,0.3774853000068106
21,DG2_k3_t0_R,16,16,16,10830.842,601,16,1,29,6130.324146058563,7169.842121744646,3482.324146058561,3687.5179756860857,3005.0,576.0,80.0,0,0,C,400,163,C,1,,,0.8091229999845382
21,DG2_k3_t1_R,16,16,16,9671.137,468,16,1,27,6416.233028555803,6793.137234552216,4098.233028555803,2694.9042059964127,2340.0,458.0,80.0,0,0,B,0,0,B,1,235.5167982314916,20015.301068666482,0.29209570001694374
21,DG2_k5_t0_R,16,16,16,10830.842,601,16,1,29,6130.324146058563,7169.842121744646,3482.324146058561,3687.5179756860857,3005.0,576.0,80.0,0,0,C,400,163,C,2,,,0.7456428000004962
21,DG2_k2_t0_F,16,16,16,10477.688,537,16,1,27,6634.266992439872,7183.688290918007,4071.266992439874,3112.4212984781325,2685.0,529.0,80.0,0,0,B,0,0,B,0,403.20336688065873,20157.04592963063,0.5852893999835942
21,DG2_k3_t0_F,16,16,16,10830.842,601,16,1,29,6130.324146058563,7169.842121744646,3482.324146058561,3687.5179756860857,3005.0,576.0,80.0,0,0,C,400,163,C,1,,,0.8092515000025742
22,Cplus3F,16,16,16,8334.132,339,16,1,27,5679.274400951306,6237.131762392118,3781.2744009513085,2455.8573614408065,1695.0,322.0,80.0,0,0,B,0,0,,,,,0.47239889999036677
22,C3FDirect,16,16,16,11136.654,591,16,1,29,5713.418595018312,7528.654490580783,3299.418595018312,4229.235895562474,2955.0,573.0,80.0,0,0,C,265,185,,,,,0.5620498000062071
22,DG2_k1_t0_R,16,16,16,11136.654,591,16,1,29,5713.418595018312,7528.654490580783,3299.418595018312,4229.235895562474,2955.0,573.0,80.0,0,0,C,265,185,C,1,,,0.5343148000247311
22,DG2_k2_t0_R,16,16,16,11136.654,591,16,1,29,5713.418595018312,7528.654490580783,3299.418595018312,4229.235895562474,2955.0,573.0,80.0,0,0,C,265,185,C,2,,,0.5287718999898061
22,DG2_k2_t1_R,16,16,16,11136.654,591,16,1,29,5713.418595018312,7528.654490580783,3299.418595018312,4229.235895562474,2955.0,573.0,80.0,0,0,C,265,185,C,2,,,0.5439925999962725
22,DG2_k3_t0_R,16,16,16,11136.654,591,16,1,29,5713.418595018312,7528.654490580783,3299.418595018312,4229.235895562474,2955.0,573.0,80.0,0,0,C,265,185,C,2,,,0.5727986000129022
22,DG2_k3_t1_R,16,16,16,11136.654,591,16,1,29,5713.418595018312,7528.654490580783,3299.418595018312,4229.235895562474,2955.0,573.0,80.0,0,0,C,265,185,C,2,,,0.5455093999917153
22,DG2_k5_t0_R,16,16,16,11136.654,591,16,1,29,5713.418595018312,7528.654490580783,3299.418595018312,4229.235895562474,2955.0,573.0,80.0,0,0,C,265,185,C,3,,,0.5663816999876872
22,DG2_k2_t0_F,16,16,16,11136.654,591,16,1,29,5713.418595018312,7528.654490580783,3299.418595018312,4229.235895562474,2955.0,573.0,80.0,0,0,C,265,185,C,2,,,0.5192894000210799
22,DG2_k3_t0_F,16,16,16,11136.654,591,16,1,29,5713.418595018312,7528.654490580783,3299.418595018312,4229.235895562474,2955.0,573.0,80.0,0,0,C,265,185,C,2,,,0.5485971000161953
23,Cplus3F,16,16,16,8744.088,458,16,1,27,5937.1456139826305,5930.087684591996,3612.1456139826323,2317.9420706093647,2290.0,444.0,80.0,0,0,B,0,0,,,,,0.20960349999950267
23,C3FDirect,16,16,16,12485.904,825,16,1,29,5923.5630189193635,7470.904109588709,3468.563018919363,4002.341090669346,4125.0,810.0,80.0,0,0,C,363,393,,,,,0.8708546999841928
23,DG2_k1_t0_R,16,16,16,9091.765,464,16,1,27,5933.997559924591,6245.764938697305,3736.9975599245904,2508.767378772715,2320.0,446.0,80.0,0,0,B,0,0,B,0,508.3736382682878,21385.38184761184,0.5254783000273164
23,DG2_k2_t0_R,16,16,16,12485.904,825,16,1,29,5923.5630189193635,7470.904109588709,3468.563018919363,4002.341090669346,4125.0,810.0,80.0,0,0,C,363,393,C,1,,,0.8631729999906383
23,DG2_k2_t1_R,16,16,16,9771.018,506,16,1,27,7261.734345989186,6674.01844074033,4462.734345989186,2211.2840947511413,2530.0,487.0,80.0,0,0,B,0,0,B,1,288.47307916059424,20422.27694531244,0.2177631999948062
23,DG2_k3_t0_R,16,16,16,12485.904,825,16,1,29,5923.5630189193635,7470.904109588709,3468.563018919363,4002.341090669346,4125.0,810.0,80.0,0,0,C,363,393,C,2,,,0.8968864000053145
23,DG2_k3_t1_R,16,16,16,12485.904,825,16,1,29,5923.5630189193635,7470.904109588709,3468.563018919363,4002.341090669346,4125.0,810.0,80.0,0,0,C,363,393,C,2,,,0.8830161000078078
23,DG2_k5_t0_R,16,16,16,12485.904,825,16,1,29,5923.5630189193635,7470.904109588709,3468.563018919363,4002.341090669346,4125.0,810.0,80.0,0,0,C,363,393,C,3,,,0.9245497999945655
23,DG2_k2_t0_F,16,16,16,12485.904,825,16,1,29,5923.5630189193635,7470.904109588709,3468.563018919363,4002.341090669346,4125.0,810.0,80.0,0,0,C,363,393,C,1,,,0.8746088999905623
23,DG2_k3_t0_F,16,16,16,12485.904,825,16,1,29,5923.5630189193635,7470.904109588709,3468.563018919363,4002.341090669346,4125.0,810.0,80.0,0,0,C,363,393,C,2,,,0.8325066000106744
24,Cplus3F,16,16,16,9178.234,437,16,1,27,6037.81795941711,6488.233733395741,3760.817959417112,2727.4157739786274,2185.0,425.0,80.0,0,0,B,0,0,,,,,0.3244127999932971
24,C3FDirect,16,16,16,9273.468,522,16,1,29,5924.6537582791125,6068.4679497334355,3468.653758279112,2599.8141914543226,2610.0,515.0,80.0,0,0,C,259,139,,,,,0.5851012999773957
24,DG2_k1_t0_R,16,16,16,9273.468,522,16,1,29,5924.6537582791125,6068.4679497334355,3468.653758279112,2599.8141914543226,2610.0,515.0,80.0,0,0,C,259,139,C,1,,,0.5282814000092912
24,DG2_k2_t0_R,16,16,16,9273.468,522,16,1,29,5924.6537582791125,6068.4679497334355,3468.653758279112,2599.8141914543226,2610.0,515.0,80.0,0,0,C,259,139,C,2,,,0.5508754000184126
24,DG2_k2_t1_R,16,16,16,9273.468,522,16,1,29,5924.6537582791125,6068.4679497334355,3468.653758279112,2599.8141914543226,2610.0,515.0,80.0,0,0,C,259,139,C,2,,,0.5383476999995764
24,DG2_k3_t0_R,16,16,16,9273.468,522,16,1,29,5924.6537582791125,6068.4679497334355,3468.653758279112,2599.8141914543226,2610.0,515.0,80.0,0,0,C,259,139,C,2,,,0.47266130000934936
24,DG2_k3_t1_R,16,16,16,9273.468,522,16,1,29,5924.6537582791125,6068.4679497334355,3468.653758279112,2599.8141914543226,2610.0,515.0,80.0,0,0,C,259,139,C,2,,,0.5776760999870021
24,DG2_k5_t0_R,16,16,16,9273.468,522,16,1,29,5924.6537582791125,6068.4679497334355,3468.653758279112,2599.8141914543226,2610.0,515.0,80.0,0,0,C,259,139,C,3,,,0.4769302000058815
24,DG2_k2_t0_F,16,16,16,9273.468,522,16,1,29,5924.6537582791125,6068.4679497334355,3468.653758279112,2599.8141914543226,2610.0,515.0,80.0,0,0,C,259,139,C,2,,,0.4360378999845125
24,DG2_k3_t0_F,16,16,16,9273.468,522,16,1,29,5924.6537582791125,6068.4679497334355,3468.653758279112,2599.8141914543226,2610.0,515.0,80.0,0,0,C,259,139,C,2,,,0.5437138999986928
25,Cplus3F,16,16,16,10279.441,565,16,1,27,6332.068088649617,6820.440941426097,3922.0680886496175,2898.372852776478,2825.0,554.0,80.0,0,0,B,0,0,,,,,0.6970562000060454
25,C3FDirect,16,16,16,11739.316,614,16,1,29,6312.9044535820385,7994.315877048924,3635.904453582039,4358.411423466886,3070.0,595.0,80.0,0,0,C,276,171,,,,,0.4185441999870818
25,DG2_k1_t0_R,16,16,16,11739.316,614,16,1,29,6312.9044535820385,7994.315877048924,3635.904453582039,4358.411423466886,3070.0,595.0,80.0,0,0,C,276,171,C,1,,,0.321361500013154
25,DG2_k2_t0_R,16,16,16,11739.316,614,16,1,29,6312.9044535820385,7994.315877048924,3635.904453582039,4358.411423466886,3070.0,595.0,80.0,0,0,C,276,171,C,1,,,0.3455067000177223
25,DG2_k2_t1_R,16,16,16,9884.875,492,16,1,27,7125.577777654307,6855.874942699896,4435.577777654306,2420.297165045588,2460.0,489.0,80.0,0,0,B,0,1,B,1,288.47307916059424,20422.27694531244,0.2599177999945823
25,DG2_k3_t0_R,16,16,16,11739.316,614,16,1,29,6312.9044535820385,7994.315877048924,3635.904453582039,4358.411423466886,3070.0,595.0,80.0,0,0,C,276,171,C,1,,,0.41748479998204857
25,DG2_k3_t1_R,16,16,16,11456.301,667,16,1,27,5703.973205690998,7383.300697514736,3419.973205690998,3963.3274918237375,3335.0,658.0,80.0,0,0,B,0,2,B,1,235.5167982314916,20015.301068666482,0.9223198999825399
25,DG2_k5_t0_R,16,16,16,11739.316,614,16,1,29,6312.9044535820385,7994.315877048924,3635.904453582039,4358.411423466886,3070.0,595.0,80.0,0,0,C,276,171,C,2,,,0.4250017999729607
25,DG2_k2_t0_F,16,16,16,11739.316,614,16,1,29,6312.9044535820385,7994.315877048924,3635.904453582039,4358.411423466886,3070.0,595.0,80.0,0,0,C,276,171,C,1,,,0.49099109999951907
25,DG2_k3_t0_F,16,16,16,11739.316,614,16,1,29,6312.9044535820385,7994.315877048924,3635.904453582039,4358.411423466886,3070.0,595.0,80.0,0,0,C,276,171,C,1,,,0.47897919997922145
26,Cplus3F,16,16,16,8277.602,361,16,1,27,5822.042503605892,6045.6023388507565,3769.042503605893,2276.559835244865,1805.0,347.0,80.0,0,0,B,0,0,,,,,0.6059757000184618
26,C3FDirect,16,16,16,9800.048,543,16,1,29,5873.652956969915,6479.048434236331,3367.652956969914,3111.39547726642,2715.0,526.0,80.0,0,0,C,201,128,,,,,0.6119602000107989
26,DG2_k1_t0_R,16,16,16,10739.374,485,16,1,27,6648.325515062852,7757.373523440184,4274.325515062852,3483.0480083773336,2425.0,477.0,80.0,0,0,B,0,0,B,0,508.3736382682878,21385.38184761184,0.6188757999916561
26,DG2_k2_t0_R,16,16,16,9427.138,515,16,1,27,5814.908292675917,6263.138125604575,3567.908292675917,2695.229832928658,2575.0,509.0,80.0,0,0,B,0,0,B,0,288.47307916059424,20422.27694531244,0.7047202000103425
26,DG2_k2_t1_R,16,16,16,9427.138,515,16,1,27,5814.908292675917,6263.138125604575,3567.908292675917,2695.229832928658,2575.0,509.0,80.0,0,0,B,0,0,B,0,288.47307916059424,20422.27694531244,0.7035120999789797
26,DG2_k3_t0_R,16,16,16,8770.517,404,16,1,27,6100.391540657692,6284.516987172683,3903.3915406576925,2381.1254465149923,2020.0,386.0,80.0,0,0,B,0,0,B,0,235.5167982314916,20015.301068666482,0.5619439999863971
26,DG2_k3_t1_R,16,16,16,8770.517,404,16,1,27,6100.391540657692,6284.516987172683,3903.3915406576925,2381.1254465149923,2020.0,386.0,80.0,0,0,B,0,0,B,0,235.5167982314916,20015.301068666482,0.5636949999898206
26,DG2_k5_t0_R,16,16,16,9800.048,543,16,1,29,5873.652956969915,6479.048434236331,3367.652956969914,3111.39547726642,2715.0,526.0,80.0,0,0,C,201,128,C,1,,,0.5832349000265822
26,DG2_k2_t0_F,16,16,16,8790.624,401,16,1,27,6335.064513514837,6318.624348759699,4042.064513514836,2276.559835244865,2005.0,387.0,80.0,0,0,B,0,0,B,0,403.20336688065873,20157.04592963063,0.7262428000103682
26,DG2_k3_t0_F,16,16,16,9189.296,421,16,1,27,6733.736112979983,6597.295948224846,4320.736112979983,2276.559835244865,2105.0,407.0,80.0,0,0,B,0,0,B,0,893.750999492464,20647.593562242437,0.6499677000101656
27,Cplus3F,16,16,16,9101.072,395,16,1,27,5830.381898319361,6677.072036441892,3806.3818983193632,2870.6901381225316,1975.0,369.0,80.0,0,0,B,0,0,,,,,0.47296769998501986
27,C3FDirect,16,16,16,11087.577,633,16,1,29,5703.214475182416,7223.577017494282,3332.214475182417,3891.3625423118697,3165.0,619.0,80.0,0,0,C,440,205,,,,,0.8913880000181962
27,DG2_k1_t0_R,16,16,16,11087.577,633,16,1,29,5703.214475182416,7223.577017494282,3332.214475182417,3891.3625423118697,3165.0,619.0,80.0,0,0,C,440,205,C,1,,,0.908811200002674
27,DG2_k2_t0_R,16,16,16,11087.577,633,16,1,29,5703.214475182416,7223.577017494282,3332.214475182417,3891.3625423118697,3165.0,619.0,80.0,0,0,C,440,205,C,1,,,0.9029269000166096
27,DG2_k2_t1_R,16,16,16,9211.663,430,16,1,27,6385.7870087097035,6570.662920880467,4110.7870087097035,2459.8759121707644,2150.0,411.0,80.0,0,0,B,0,1,B,1,288.47307916059424,20422.27694531244,0.45024870001361705
27,DG2_k3_t0_R,16,16,16,11087.577,633,16,1,29,5703.214475182416,7223.577017494282,3332.214475182417,3891.3625423118697,3165.0,619.0,80.0,0,0,C,440,205,C,4,,,0.883656299993163
27,DG2_k3_t1_R,16,16,16,11087.577,633,16,1,29,5703.214475182416,7223.577017494282,3332.214475182417,3891.3625423118697,3165.0,619.0,80.0,0,0,C,440,205,C,4,,,0.9390234999882523
27,DG2_k5_t0_R,16,16,16,11087.577,633,16,1,29,5703.214475182416,7223.577017494282,3332.214475182417,3891.3625423118697,3165.0,619.0,80.0,0,0,C,440,205,C,4,,,0.9171948000148404
27,DG2_k2_t0_F,16,16,16,11087.577,633,16,1,29,5703.214475182416,7223.577017494282,3332.214475182417,3891.3625423118697,3165.0,619.0,80.0,0,0,C,440,205,C,1,,,0.9329252000025008
27,DG2_k3_t0_F,16,16,16,11087.577,633,16,1,29,5703.214475182416,7223.577017494282,3332.214475182417,3891.3625423118697,3165.0,619.0,80.0,0,0,C,440,205,C,4,,,0.9139152999850921
28,Cplus3F,16,16,16,8643.894,411,16,1,27,5902.568472194869,6108.89415819947,3750.5684721948714,2358.325686004602,2055.0,400.0,80.0,0,0,B,0,0,,,,,0.6952090999984648
28,C3FDirect,16,16,16,11653.008,688,16,1,29,6290.620747996691,7454.008328390687,3648.620747996689,3805.387580394003,3440.0,679.0,80.0,0,0,C,332,229,,,,,0.8231827999989036
28,DG2_k1_t0_R,16,16,16,8816.922,405,16,1,27,6583.206535714126,6325.921709213694,4360.206535714127,1965.7151734995666,2025.0,386.0,80.0,0,0,B,0,0,B,0,508.3736382682878,21385.38184761184,0.525682700012112
28,DG2_k2_t0_R,16,16,16,9513.6,465,16,1,27,6523.484924702253,6659.600206006135,4058.484924702253,2601.115281303881,2325.0,449.0,80.0,0,0,B,0,0,B,0,288.47307916059424,20422.27694531244,0.8488665999902878
28,DG2_k2_t1_R,16,16,16,9513.6,465,16,1,27,6523.484924702253,6659.600206006135,4058.484924702253,2601.115281303881,2325.0,449.0,80.0,0,0,B,0,0,B,0,288.47307916059424,20422.27694531244,0.8069386999995913
28,DG2_k3_t0_R,16,16,16,8568.369,436,16,1,27,6477.083806155376,5882.368783316002,4069.0838061553777,1813.2849771606266,2180.0,426.0,80.0,0,0,B,0,0,B,0,235.5167982314916,20015.301068666482,0.496856999990996
28,DG2_k3_t1_R,16,16,16,8568.369,436,16,1,27,6477.083806155376,5882.368783316002,4069.0838061553777,1813.2849771606266,2180.0,426.0,80.0,0,0,B,0,0,B,0,235.5167982314916,20015.301068666482,0.5021805000142194
28,DG2_k5_t0_R,16,16,16,11653.008,688,16,1,29,6290.620747996691,7454.008328390687,3648.620747996689,3805.387580394003,3440.0,679.0,80.0,0,0,C,332,229,C,1,,,0.78384780001943
28,DG2_k2_t0_F,16,16,16,9156.916,451,16,1,27,6415.590482103813,6381.916168108413,4023.5904821038143,2358.325686004602,2255.0,440.0,80.0,0,0,B,0,0,B,0,403.20336688065873,20157.04592963063,0.6412808000168297
28,DG2_k3_t0_F,16,16,16,9555.588,471,16,1,27,6814.26208156896,6660.58776757356,4302.262081568962,2358.325686004602,2355.0,460.0,80.0,0,0,B,0,0,B,0,893.750999492464,20647.593562242437,0.6469281000026967
29,Cplus3F,16,16,16,8918.553,419,16,1,27,5828.239204840673,6354.553457296927,3748.2392048406746,2606.314252456254,2095.0,389.0,80.0,0,0,B,0,0,,,,,0.8699857000028715
29,C3FDirect,16,16,16,10651.719,656,16,1,29,4943.994243478275,6639.718947716139,2955.9942434782756,3683.724704237865,3280.0,652.0,80.0,0,0,C,398,303,,,,,1.2011223000008613
29,DG2_k1_t0_R,16,16,16,10651.719,656,16,1,29,4943.994243478275,6639.718947716139,2955.9942434782756,3683.724704237865,3280.0,652.0,80.0,0,0,C,398,303,C,1,,,1.1751755999866873
29,DG2_k2_t0_R,16,16,16,10651.719,656,16,1,29,4943.994243478275,6639.718947716139,2955.9942434782756,3683.724704237865,3280.0,652.0,80.0,0,0,C,398,303,C,1,,,1.174877200013725
29,DG2_k2_t1_R,16,16,16,8676.861,444,16,1,27,6397.484924702253,5945.8613113724905,4058.484924702253,1887.376386670236,2220.0,431.0,80.0,0,0,B,0,1,B,1,288.47307916059424,20422.27694531244,0.5475699999951757
29,DG2_k3_t0_R,16,16,16,10651.719,656,16,1,29,4943.994243478275,6639.718947716139,2955.9942434782756,3683.724704237865,3280.0,652.0,80.0,0,0,C,398,303,C,2,,,1.1169530000188388
29,DG2_k3_t1_R,16,16,16,10651.719,656,16,1,29,4943.994243478275,6639.718947716139,2955.9942434782756,3683.724704237865,3280.0,652.0,80.0,0,0,C,398,303,C,2,,,1.1143989999836776
29,DG2_k5_t0_R,16,16,16,10651.719,656,16,1,29,4943.994243478275,6639.718947716139,2955.9942434782756,3683.724704237865,3280.0,652.0,80.0,0,0,C,398,303,C,4,,,1.1144118000229355
29,DG2_k2_t0_F,16,16,16,10651.719,656,16,1,29,4943.994243478275,6639.718947716139,2955.9942434782756,3683.724704237865,3280.0,652.0,80.0,0,0,C,398,303,C,1,,,1.0748992000008002
29,DG2_k3_t0_F,16,16,16,10651.719,656,16,1,29,4943.994243478275,6639.718947716139,2955.9942434782756,3683.724704237865,3280.0,652.0,80.0,0,0,C,398,303,C,2,,,1.0757815999968443
30,Cplus3F,16,16,16,9876.511,434,16,1,27,6199.227757086294,7226.510953924875,4012.227757086296,3214.2831968385817,2170.0,400.0,80.0,0,0,B,0,0,,,,,0.8222436000069138
30,C3FDirect,16,16,16,9676.475,539,16,1,29,5737.784323965629,6385.474504558772,3361.7843239656268,3023.6901805931466,2695.0,516.0,80.0,0,0,C,263,150,,,,,0.6401249000045937
30,DG2_k1_t0_R,16,16,16,9676.475,539,16,1,29,5737.784323965629,6385.474504558772,3361.7843239656268,3023.6901805931466,2695.0,516.0,80.0,0,0,C,263,150,C,1,,,0.6340134999772999
30,DG2_k2_t0_R,16,16,16,9676.475,539,16,1,29,5737.784323965629,6385.474504558772,3361.7843239656268,3023.6901805931466,2695.0,516.0,80.0,0,0,C,263,150,C,2,,,0.6404763000027742
30,DG2_k2_t1_R,16,16,16,9676.475,539,16,1,29,5737.784323965629,6385.474504558772,3361.7843239656268,3023.6901805931466,2695.0,516.0,80.0,0,0,C,263,150,C,2,,,0.5675977999926545
30,DG2_k3_t0_R,16,16,16,9676.475,539,16,1,29,5737.784323965629,6385.474504558772,3361.7843239656268,3023.6901805931466,2695.0,516.0,80.0,0,0,C,263,150,C,2,,,0.5852021000173409
30,DG2_k3_t1_R,16,16,16,9676.475,539,16,1,29,5737.784323965629,6385.474504558772,3361.7843239656268,3023.6901805931466,2695.0,516.0,80.0,0,0,C,263,150,C,2,,,0.5727088999992702
30,DG2_k5_t0_R,16,16,16,9676.475,539,16,1,29,5737.784323965629,6385.474504558772,3361.7843239656268,3023.6901805931466,2695.0,516.0,80.0,0,0,C,263,150,C,4,,,0.6204383000149392
30,DG2_k2_t0_F,16,16,16,9676.475,539,16,1,29,5737.784323965629,6385.474504558772,3361.7843239656268,3023.6901805931466,2695.0,516.0,80.0,0,0,C,263,150,C,2,,,0.6148999000142794
30,DG2_k3_t0_F,16,16,16,9676.475,539,16,1,29,5737.784323965629,6385.474504558772,3361.7843239656268,3023.6901805931466,2695.0,516.0,80.0,0,0,C,263,150,C,2,,,0.6078773999761324
31,Cplus3F,16,16,16,9150.686,417,16,1,27,6294.157935178146,6593.685882542712,3965.1579351781465,2628.527947364566,2085.0,392.0,80.0,0,0,B,0,0,,,,,0.32715190001181327
31,C3FDirect,16,16,16,12282.221,648,16,1,29,6255.892414136735,8333.220958251028,3638.892414136736,4694.328544114291,3240.0,629.0,80.0,0,0,C,473,201,,,,,0.9153468000004068
31,DG2_k1_t0_R,16,16,16,10780.879,499,16,1,27,5800.201446859143,7722.878559970604,3685.2014468591437,4037.6771131114624,2495.0,483.0,80.0,0,0,B,0,0,B,0,508.3736382682878,21385.38184761184,0.6449645000102464
31,DG2_k2_t0_R,16,16,16,11864.841,658,16,1,27,6936.5306996590225,7846.840813948975,4239.530699659024,3607.3101142899486,3290.0,648.0,80.0,0,0,B,0,0,B,0,288.47307916059424,20422.27694531244,0.6006315000122413
31,DG2_k2_t1_R,16,16,16,11864.841,658,16,1,27,6936.5306996590225,7846.840813948975,4239.530699659024,3607.3101142899486,3290.0,648.0,80.0,0,0,B,0,0,B,0,288.47307916059424,20422.27694531244,0.6623545000038575
31,DG2_k3_t0_R,16,16,16,11538.19,597,16,1,27,6628.930556705508,7887.190061885874,4095.930556705508,3791.2595051803664,2985.0,586.0,80.0,0,0,B,0,0,B,0,235.5167982314916,20015.301068666482,0.7389580000017304
31,DG2_k3_t1_R,16,16,16,11538.19,597,16,1,27,6628.930556705508,7887.190061885874,4095.930556705508,3791.2595051803664,2985.0,586.0,80.0,0,0,B,0,0,B,0,235.5167982314916,20015.301068666482,0.77954960000352
31,DG2_k5_t0_R,16,16,16,12282.221,648,16,1,29,6255.892414136735,8333.220958251028,3638.892414136736,4694.328544114291,3240.0,629.0,80.0,0,0,C,473,201,C,2,,,1.0380156000028364
31,DG2_k2_t0_F,16,16,16,9663.708,457,16,1,27,6807.179945087089,6866.7078924516545,4238.179945087089,2628.527947364566,2285.0,432.0,80.0,0,0,B,0,0,B,0,403.20336688065873,20157.04592963063,0.44348480002372526
31,DG2_k3_t0_F,16,16,16,10062.379,477,16,1,27,7205.851544552236,7145.379491916801,4516.851544552236,2628.527947364566,2385.0,452.0,80.0,0,0,B,0,0,B,0,893.750999492464,20647.593562242437,0.43766739999409765
32,Cplus3F,16,16,16,8731.28,458,16,1,27,5010.68641005116,5919.279673223051,3119.686410051161,2799.593263171892,2290.0,442.0,80.0,0,0,B,0,0,,,,,0.6275151000008918
32,C3FDirect,16,16,16,10119.915,555,16,1,29,6259.883709254651,6731.91526276274,3642.88370925465,3089.0315535080936,2775.0,533.0,80.0,0,0,C,315,132,,,,,0.8846400000038557
32,DG2_k1_t0_R,16,16,16,10119.915,555,16,1,29,6259.883709254651,6731.91526276274,3642.88370925465,3089.0315535080936,2775.0,533.0,80.0,0,0,C,315,132,C,1,,,0.8870855999994092
32,DG2_k2_t0_R,16,16,16,10119.915,555,16,1,29,6259.883709254651,6731.91526276274,3642.88370925465,3089.0315535080936,2775.0,533.0,80.0,0,0,C,315,132,C,2,,,0.8544900999986567
32,DG2_k2_t1_R,16,16,16,10119.915,555,16,1,29,6259.883709254651,6731.91526276274,3642.88370925465,3089.0315535080936,2775.0,533.0,80.0,0,0,C,315,132,C,2,,,0.9013604999927338
32,DG2_k3_t0_R,16,16,16,10119.915,555,16,1,29,6259.883709254651,6731.91526276274,3642.88370925465,3089.0315535080936,2775.0,533.0,80.0,0,0,C,315,132,C,2,,,0.8912969000230078
32,DG2_k3_t1_R,16,16,16,10119.915,555,16,1,29,6259.883709254651,6731.91526276274,3642.88370925465,3089.0315535080936,2775.0,533.0,80.0,0,0,C,315,132,C,2,,,0.9104393000015989
32,DG2_k5_t0_R,16,16,16,10119.915,555,16,1,29,6259.883709254651,6731.91526276274,3642.88370925465,3089.0315535080936,2775.0,533.0,80.0,0,0,C,315,132,C,4,,,0.8818486999953166
32,DG2_k2_t0_F,16,16,16,10119.915,555,16,1,29,6259.883709254651,6731.91526276274,3642.88370925465,3089.0315535080936,2775.0,533.0,80.0,0,0,C,315,132,C,2,,,0.8927031999919564
32,DG2_k3_t0_F,16,16,16,10119.915,555,16,1,29,6259.883709254651,6731.91526276274,3642.88370925465,3089.0315535080936,2775.0,533.0,80.0,0,0,C,315,132,C,2,,,0.8779333000129554
33,Cplus3F,16,16,16,10037.26,515,16,1,27,6401.878248598208,6869.259636674033,3969.8782485982106,2899.381388075823,2575.0,513.0,80.0,0,0,B,0,0,,,,,0.7164238999830559
33,C3FDirect,16,16,16,10419.584,561,16,1,29,5826.402088219689,6999.584291894571,3485.4020882196887,3514.1822036748817,2805.0,535.0,80.0,0,0,C,304,173,,,,,0.7238868999993429
33,DG2_k1_t0_R,16,16,16,9647.013,438,16,1,27,6427.122653527577,6959.013313193022,4288.122653527577,2670.890659665447,2190.0,418.0,80.0,0,0,B,0,0,B,0,508.3736382682878,21385.38184761184,0.4736376999935601
33,DG2_k2_t0_R,16,16,16,10419.584,561,16,1,29,5826.402088219689,6999.584291894571,3485.4020882196887,3514.1822036748817,2805.0,535.0,80.0,0,0,C,304,173,C,2,,,0.7011433000152465
33,DG2_k2_t1_R,16,16,16,10419.584,561,16,1,29,5826.402088219689,6999.584291894571,3485.4020882196887,3514.1822036748817,2805.0,535.0,80.0,0,0,C,304,173,C,2,,,0.7172418000118341
33,DG2_k3_t0_R,16,16,16,10419.584,561,16,1,29,5826.402088219689,6999.584291894571,3485.4020882196887,3514.1822036748817,2805.0,535.0,80.0,0,0,C,304,173,C,3,,,0.6797638999996707
33,DG2_k3_t1_R,16,16,16,10419.584,561,16,1,29,5826.402088219689,6999.584291894571,3485.4020882196887,3514.1822036748817,2805.0,535.0,80.0,0,0,C,304,173,C,3,,,0.7382293000118807
33,DG2_k5_t0_R,16,16,16,10419.584,561,16,1,29,5826.402088219689,6999.584291894571,3485.4020882196887,3514.1822036748817,2805.0,535.0,80.0,0,0,C,304,173,C,3,,,0.711167800007388
33,DG2_k2_t0_F,16,16,16,10419.584,561,16,1,29,5826.402088219689,6999.584291894571,3485.4020882196887,3514.1822036748817,2805.0,535.0,80.0,0,0,C,304,173,C,2,,,0.6882701000140514
33,DG2_k3_t0_F,16,16,16,10419.584,561,16,1,29,5826.402088219689,6999.584291894571,3485.4020882196887,3514.1822036748817,2805.0,535.0,80.0,0,0,C,304,173,C,3,,,0.73806100001093
34,Cplus3F,16,16,16,9281.015,430,16,1,27,6379.009344669663,6645.014799079138,3960.009344669665,2685.005454409474,2150.0,406.0,80.0,0,0,B,0,0,,,,,0.5767595999932382
34,C3FDirect,16,16,16,11027.211,573,16,1,29,6201.202939345976,7535.211257897912,3650.202939345974,3885.0083185519434,2865.0,547.0,80.0,0,0,C,361,154,,,,,0.6897069000115152
34,DG2_k1_t0_R,16,16,16,9870.338,457,16,1,27,6725.404351559414,7066.337804287582,4353.404351559415,2712.933452728166,2285.0,439.0,80.0,0,0,B,0,0,B,0,508.3736382682878,21385.38184761184,0.7092981000023428
34,DG2_k2_t0_R,16,16,16,11835.586,673,16,1,27,6778.043750559792,7724.586493269227,4101.043750559793,3623.542742709438,3365.0,666.0,80.0,0,0,B,0,0,B,0,288.47307916059424,20422.27694531244,0.939715000014985
34,DG2_k2_t1_R,16,16,16,11835.586,673,16,1,27,6778.043750559792,7724.586493269227,4101.043750559793,3623.542742709438,3365.0,666.0,80.0,0,0,B,0,0,B,0,288.47307916059424,20422.27694531244,0.9037238000018988
34,DG2_k3_t0_R,16,16,16,10154.785,478,16,1,27,6443.781966197025,7225.785179660165,4090.781966197026,3135.003213463138,2390.0,459.0,80.0,0,0,B,0,0,B,0,235.5167982314916,20015.301068666482,0.7707335000159219
34,DG2_k3_t1_R,16,16,16,10154.785,478,16,1,27,6443.781966197025,7225.785179660165,4090.781966197026,3135.003213463138,2390.0,459.0,80.0,0,0,B,0,0,B,0,235.5167982314916,20015.301068666482,0.760459000011906
34,DG2_k5_t0_R,16,16,16,11027.211,573,16,1,29,6201.202939345976,7535.211257897912,3650.202939345974,3885.0083185519434,2865.0,547.0,80.0,0,0,C,361,154,C,2,,,0.7323909999977332
34,DG2_k2_t0_F,16,16,16,9794.037,470,16,1,27,6892.031354578606,6918.03680898808,4233.0313545786075,2685.005454409474,2350.0,446.0,80.0,0,0,B,0,0,B,0,403.20336688065873,20157.04592963063,0.5401092000247445
34,DG2_k3_t0_F,16,16,16,10192.708,490,16,1,27,7290.7029540437525,7196.708408453228,4511.702954043755,2685.005454409474,2450.0,466.0,80.0,0,0,B,0,0,B,0,893.750999492464,20647.593562242437,0.5761631999921519
35,Cplus3F,16,16,16,7567.697,380,16,1,27,4993.918091216218,5214.696705016316,3059.9180912162196,2154.7786138000965,1900.0,373.0,80.0,0,0,B,0,0,,,,,0.5487324999994598
35,C3FDirect,16,16,16,10464.762,556,16,1,29,6287.440348304063,7057.762334235976,3706.4403483040624,3351.3219859319142,2780.0,547.0,80.0,0,0,C,295,149,,,,,0.4096959999878891
35,DG2_k1_t0_R,16,16,16,9739.948,435,16,1,27,6563.8811519918845,7063.948431642145,4279.8811519918845,2784.0672796502595,2175.0,421.0,80.0,0,0,B,0,0,B,0,508.3736382682878,21385.38184761184,0.7478469000197947
35,DG2_k2_t0_R,16,16,16,10464.762,556,16,1,29,6287.440348304063,7057.762334235976,3706.4403483040624,3351.3219859319142,2780.0,547.0,80.0,0,0,C,295,149,C,1,,,0.3946963000053074
35,DG2_k2_t1_R,16,16,16,9243.081,471,16,1,27,6535.936969357973,6343.080878477738,4084.9369693579724,2258.1439091197662,2355.0,465.0,80.0,0,0,B,0,0,B,1,288.47307916059424,20422.27694531244,0.524313500005519
35,DG2_k3_t0_R,16,16,16,10464.762,556,16,1,29,6287.440348304063,7057.762334235976,3706.4403483040624,3351.3219859319142,2780.0,547.0,80.0,0,0,C,295,149,C,1,,,0.38819800000055693
35,DG2_k3_t1_R,16,16,16,9425.667,476,16,1,27,6647.846873344011,6497.666766778152,4179.846873344011,2317.819893434139,2380.0,468.0,80.0,0,0,B,0,1,B,1,235.5167982314916,20015.301068666482,0.6205524000106379
35,DG2_k5_t0_R,16,16,16,10464.762,556,16,1,29,6287.440348304063,7057.762334235976,3706.4403483040624,3351.3219859319142,2780.0,547.0,80.0,0,0,C,295,149,C,3,,,0.3771505000186153
35,DG2_k2_t0_F,16,16,16,10464.762,556,16,1,29,6287.440348304063,7057.762334235976,3706.4403483040624,3351.3219859319142,2780.0,547.0,80.0,0,0,C,295,149,C,1,,,0.35031109998817556
35,DG2_k3_t0_F,16,16,16,10464.762,556,16,1,29,6287.440348304063,7057.762334235976,3706.4403483040624,3351.3219859319142,2780.0,547.0,80.0,0,0,C,295,149,C,1,,,0.3385994000127539
36,Cplus3F,16,16,16,8223.079,375,16,1,27,5435.080495218666,5899.078557398284,3435.0804952186677,2463.998062179616,1875.0,369.0,80.0,0,0,B,0,0,,,,,0.5117910999979358
36,C3FDirect,16,16,16,9934.237,573,16,1,29,6260.06048750671,6428.237224346159,3637.0604875067106,2791.1767368394494,2865.0,561.0,80.0,0,0,C,294,148,,,,,0.656264099990949
36,DG2_k1_t0_R,16,16,16,8912.266,350,16,1,27,6317.189065695359,6743.265817966795,4334.189065695359,2409.076752271435,1750.0,339.0,80.0,0,0,B,0,0,B,0,508.3736382682878,21385.38184761184,0.670879999990575
36,DG2_k2_t0_R,16,16,16,9934.237,573,16,1,29,6260.06048750671,6428.237224346159,3637.0604875067106,2791.1767368394494,2865.0,561.0,80.0,0,0,C,294,148,C,1,,,0.6691626999818254
36,DG2_k2_t1_R,16,16,16,11376.589,583,16,1,27,6495.232881734878,7818.588928317982,4097.232881734877,3721.3560465831033,2915.0,563.0,80.0,0,0,B,0,0,B,1,288.47307916059424,20422.27694531244,0.6398858999891672
36,DG2_k3_t0_R,16,16,16,9934.237,573,16,1,29,6260.06048750671,6428.237224346159,3637.0604875067106,2791.1767368394494,2865.0,561.0,80.0,0,0,C,294,148,C,1,,,0.6801227999967523
36,DG2_k3_t1_R,16,16,16,9827.598,439,16,1,27,6523.922922897959,7134.597916169945,4060.9229228979593,3073.6749932719895,2195.0,418.0,80.0,0,0,B,0,1,B,1,235.5167982314916,20015.301068666482,0.5448646000004373
36,DG2_k5_t0_R,16,16,16,9934.237,573,16,1,29,6260.06048750671,6428.237224346159,3637.0604875067106,2791.1767368394494,2865.0,561.0,80.0,0,0,C,294,148,C,2,,,0.7140900999947917
36,DG2_k2_t0_F,16,16,16,9934.237,573,16,1,29,6260.06048750671,6428.237224346159,3637.0604875067106,2791.1767368394494,2865.0,561.0,80.0,0,0,C,294,148,C,1,,,0.7366483999940101
36,DG2_k3_t0_F,16,16,16,9934.237,573,16,1,29,6260.06048750671,6428.237224346159,3637.0604875067106,2791.1767368394494,2865.0,561.0,80.0,0,0,C,294,148,C,1,,,0.6988583000202198
37,Cplus3F,16,16,16,6903.73,331,16,1,27,4732.135608917474,4843.72963734563,3026.1356089174747,1817.5940284281571,1655.0,325.0,80.0,0,0,B,0,0,,,,,0.3353265000041574
37,C3FDirect,16,16,16,9758.439,564,16,1,29,6127.6926605624485,6302.439396207251,3630.6926605624467,2671.7467356448033,2820.0,556.0,80.0,0,0,C,298,166,,,,,0.3606584999943152
37,DG2_k1_t0_R,16,16,16,9758.439,564,16,1,29,6127.6926605624485,6302.439396207251,3630.6926605624467,2671.7467356448033,2820.0,556.0,80.0,0,0,C,298,166,C,1,,,0.3412156000267714
37,DG2_k2_t0_R,16,16,16,9758.439,564,16,1,29,6127.6926605624485,6302.439396207251,3630.6926605624467,2671.7467356448033,2820.0,556.0,80.0,0,0,C,298,166,C,1,,,0.36605889999191277
37,DG2_k2_t1_R,16,16,16,8673.263,387,16,1,27,6651.414912485647,6280.263171499178,4422.414912485648,1857.8482590135318,1935.0,378.0,80.0,0,0,B,0,1,B,1,288.47307916059424,20422.27694531244,0.3626409000135027
37,DG2_k3_t0_R,16,16,16,9758.439,564,16,1,29,6127.6926605624485,6302.439396207251,3630.6926605624467,2671.7467356448033,2820.0,556.0,80.0,0,0,C,298,166,C,3,,,0.31882049998966977
37,DG2_k3_t1_R,16,16,16,9758.439,564,16,1,29,6127.6926605624485,6302.439396207251,3630.6926605624467,2671.7467356448033,2820.0,556.0,80.0,0,0,C,298,166,C,3,,,0.35193919998710044
37,DG2_k5_t0_R,16,16,16,9758.439,564,16,1,29,6127.6926605624485,6302.439396207251,3630.6926605624467,2671.7467356448033,2820.0,556.0,80.0,0,0,C,298,166,C,4,,,0.36759860001620837
37,DG2_k2_t0_F,16,16,16,9758.439,564,16,1,29,6127.6926605624485,6302.439396207251,3630.6926605624467,2671.7467356448033,2820.0,556.0,80.0,0,0,C,298,166,C,1,,,0.35064459999557585
37,DG2_k3_t0_F,16,16,16,9758.439,564,16,1,29,6127.6926605624485,6302.439396207251,3630.6926605624467,2671.7467356448033,2820.0,556.0,80.0,0,0,C,298,166,C,3,,,0.30540909999399446
38,Cplus3F,16,16,16,7208.262,354,16,1,27,4800.050693783206,5023.262227227341,2929.0506937832065,2094.2115334441373,1770.0,335.0,80.0,0,0,B,0,0,,,,,0.5123604999971576
38,C3FDirect,16,16,16,10141.637,583,16,1,29,6282.652301866417,6587.636609657593,3570.652301866415,3016.984307791178,2915.0,559.0,80.0,0,0,C,250,138,,,,,0.6616321000037715
38,DG2_k1_t0_R,16,16,16,9743.56,469,16,1,27,6788.209086226748,6861.56035494928,4320.209086226748,2541.3512687225325,2345.0,457.0,80.0,0,0,B,0,0,B,0,508.3736382682878,21385.38184761184,0.6201008000061847
38,DG2_k2_t0_R,16,16,16,10067.571,478,16,1,27,6645.162525990451,7139.571037087467,4249.162525990451,2890.4085110970204,2390.0,458.0,80.0,0,0,B,0,0,B,0,288.47307916059424,20422.27694531244,0.7178073999821208
38,DG2_k2_t1_R,16,16,16,10067.571,478,16,1,27,6645.162525990451,7139.571037087467,4249.162525990451,2890.4085110970204,2390.0,458.0,80.0,0,0,B,0,0,B,0,288.47307916059424,20422.27694531244,0.7248870999901555
38,DG2_k3_t0_R,16,16,16,10141.637,583,16,1,29,6282.652301866417,6587.636609657593,3570.652301866415,3016.984307791178,2915.0,559.0,80.0,0,0,C,250,138,C,1,,,0.6198183000087738
38,DG2_k3_t1_R,16,16,16,8871.429,394,16,1,27,6272.9412151306415,6449.428695610123,4137.941215130641,2311.487480479484,1970.0,372.0,80.0,0,0,B,0,0,B,1,235.5167982314916,20015.301068666482,0.7214546999894083
38,DG2_k5_t0_R,16,16,16,10141.637,583,16,1,29,6282.652301866417,6587.636609657593,3570.652301866415,3016.984307791178,2915.0,559.0,80.0,0,0,C,250,138,C,3,,,0.6431497000157833
38,DG2_k2_t0_F,16,16,16,7721.284,394,16,1,27,5313.072703692151,5296.284237136284,3202.0727036921494,2094.2115334441373,1970.0,375.0,80.0,0,0,B,0,0,B,0,403.20336688065873,20157.04592963063,0.5145589999738149
38,DG2_k3_t0_F,16,16,16,10141.637,583,16,1,29,6282.652301866417,6587.636609657593,3570.652301866415,3016.984307791178,2915.0,559.0,80.0,0,0,C,250,138,C,1,,,0.6349999999802094
39,Cplus3F,16,16,16,9171.4,441,16,1,27,6088.149747735134,6447.399644146325,3824.149747735137,2623.2498964111874,2205.0,439.0,80.0,0,0,B,0,0,,,,,0.3807290999975521
39,C3FDirect,16,16,16,11810.726,606,16,1,29,6074.91700626391,8121.726478477052,3481.917006263909,4639.809472213142,3030.0,579.0,80.0,0,0,C,226,161,,,,,1.0944767000037245
39,DG2_k1_t0_R,16,16,16,11810.726,606,16,1,29,6074.91700626391,8121.726478477052,3481.917006263909,4639.809472213142,3030.0,579.0,80.0,0,0,C,226,161,C,1,,,1.0289484999957494
39,DG2_k2_t0_R,16,16,16,11810.726,606,16,1,29,6074.91700626391,8121.726478477052,3481.917006263909,4639.809472213142,3030.0,579.0,80.0,0,0,C,226,161,C,2,,,1.1228990000090562
39,DG2_k2_t1_R,16,16,16,11810.726,606,16,1,29,6074.91700626391,8121.726478477052,3481.917006263909,4639.809472213142,3030.0,579.0,80.0,0,0,C,226,161,C,2,,,1.0267107000108808
39,DG2_k3_t0_R,16,16,16,11810.726,606,16,1,29,6074.91700626391,8121.726478477052,3481.917006263909,4639.809472213142,3030.0,579.0,80.0,0,0,C,226,161,C,3,,,1.0573967000236735
39,DG2_k3_t1_R,16,16,16,11810.726,606,16,1,29,6074.91700626391,8121.726478477052,3481.917006263909,4639.809472213142,3030.0,579.0,80.0,0,0,C,226,161,C,3,,,1.0590564000012819
39,DG2_k5_t0_R,16,16,16,11810.726,606,16,1,29,6074.91700626391,8121.726478477052,3481.917006263909,4639.809472213142,3030.0,579.0,80.0,0,0,C,226,161,C,3,,,1.0481604000087827
39,DG2_k2_t0_F,16,16,16,11810.726,606,16,1,29,6074.91700626391,8121.726478477052,3481.917006263909,4639.809472213142,3030.0,579.0,80.0,0,0,C,226,161,C,2,,,0.9993026000156533
39,DG2_k3_t0_F,16,16,16,11810.726,606,16,1,29,6074.91700626391,8121.726478477052,3481.917006263909,4639.809472213142,3030.0,579.0,80.0,0,0,C,226,161,C,3,,,0.9853098000166938
40,Cplus3F,16,16,16,8750.121,425,16,1,27,6419.505645742197,6134.120793930107,3976.505645742199,2157.615148187907,2125.0,411.0,80.0,0,0,B,0,0,,,,,0.55476989998715
40,C3FDirect,16,16,16,10224.2,558,16,1,29,5749.355077960928,6816.199833103549,3503.3550779609263,3312.8447551426248,2790.0,538.0,80.0,0,0,C,310,193,,,,,0.7602693999942858
40,DG2_k1_t0_R,16,16,16,10224.2,558,16,1,29,5749.355077960928,6816.199833103549,3503.3550779609263,3312.8447551426248,2790.0,538.0,80.0,0,0,C,310,193,C,1,,,0.7499399999796879
40,DG2_k2_t0_R,16,16,16,10224.2,558,16,1,29,5749.355077960928,6816.199833103549,3503.3550779609263,3312.8447551426248,2790.0,538.0,80.0,0,0,C,310,193,C,2,,,0.6898715000133961
40,DG2_k2_t1_R,16,16,16,10224.2,558,16,1,29,5749.355077960928,6816.199833103549,3503.3550779609263,3312.8447551426248,2790.0,538.0,80.0,0,0,C,310,193,C,2,,,0.7528636000060942
40,DG2_k3_t0_R,16,16,16,10224.2,558,16,1,29,5749.355077960928,6816.199833103549,3503.3550779609263,3312.8447551426248,2790.0,538.0,80.0,0,0,C,310,193,C,2,,,0.7567073000245728
40,DG2_k3_t1_R,16,16,16,10224.2,558,16,1,29,5749.355077960928,6816.199833103549,3503.3550779609263,3312.8447551426248,2790.0,538.0,80.0,0,0,C,310,193,C,2,,,0.7006001999834552
40,DG2_k5_t0_R,16,16,16,10224.2,558,16,1,29,5749.355077960928,6816.199833103549,3503.3550779609263,3312.8447551426248,2790.0,538.0,80.0,0,0,C,310,193,C,3,,,0.6320556999999098
40,DG2_k2_t0_F,16,16,16,10224.2,558,16,1,29,5749.355077960928,6816.199833103549,3503.3550779609263,3312.8447551426248,2790.0,538.0,80.0,0,0,C,310,193,C,2,,,0.7097097000223584
40,DG2_k3_t0_F,16,16,16,10224.2,558,16,1,29,5749.355077960928,6816.199833103549,3503.3550779609263,3312.8447551426248,2790.0,538.0,80.0,0,0,C,310,193,C,2,,,0.715653299994301
41,Cplus3F,16,16,16,8050.46,329,16,1,27,5541.704361020832,6009.460433507109,3781.7043610208334,2227.756072486273,1645.0,316.0,80.0,0,0,B,0,0,,,,,0.4299048999964725
41,C3FDirect,16,16,16,11557.374,636,16,1,29,6204.006963735846,7675.3744804001735,3665.0069637358456,4010.367516664331,3180.0,622.0,80.0,0,0,C,457,215,,,,,0.9544808999926317
41,DG2_k1_t0_R,16,16,16,11557.374,636,16,1,29,6204.006963735846,7675.3744804001735,3665.0069637358456,4010.367516664331,3180.0,622.0,80.0,0,0,C,457,215,C,2,,,1.0768027000012808
41,DG2_k2_t0_R,16,16,16,11557.374,636,16,1,29,6204.006963735846,7675.3744804001735,3665.0069637358456,4010.367516664331,3180.0,622.0,80.0,0,0,C,457,215,C,2,,,0.9946098999935202
41,DG2_k2_t1_R,16,16,16,11557.374,636,16,1,29,6204.006963735846,7675.3744804001735,3665.0069637358456,4010.367516664331,3180.0,622.0,80.0,0,0,C,457,215,C,2,,,0.992355199996382
41,DG2_k3_t0_R,16,16,16,11557.374,636,16,1,29,6204.006963735846,7675.3744804001735,3665.0069637358456,4010.367516664331,3180.0,622.0,80.0,0,0,C,457,215,C,4,,,0.9817199000099208
41,DG2_k3_t1_R,16,16,16,11557.374,636,16,1,29,6204.006963735846,7675.3744804001735,3665.0069637358456,4010.367516664331,3180.0,622.0,80.0,0,0,C,457,215,C,4,,,0.9562395999964792
41,DG2_k5_t0_R,16,16,16,11557.374,636,16,1,29,6204.006963735846,7675.3744804001735,3665.0069637358456,4010.367516664331,3180.0,622.0,80.0,0,0,C,457,215,C,4,,,1.052283199998783
41,DG2_k2_t0_F,16,16,16,11557.374,636,16,1,29,6204.006963735846,7675.3744804001735,3665.0069637358456,4010.367516664331,3180.0,622.0,80.0,0,0,C,457,215,C,2,,,1.0269482999865431
41,DG2_k3_t0_F,16,16,16,11557.374,636,16,1,29,6204.006963735846,7675.3744804001735,3665.0069637358456,4010.367516664331,3180.0,622.0,80.0,0,0,C,457,215,C,4,,,1.0480104999733157
42,Cplus3F,16,16,16,7729.065,349,16,1,27,5400.3582297000385,5572.064980927067,3435.3582297000407,2136.7067512270282,1745.0,332.0,80.0,0,0,B,0,0,,,,,0.6611442999856081
42,C3FDirect,16,16,16,10491.28,630,16,1,29,6286.89159151199,6661.280111179103,3544.8915915119887,3116.388519667117,3150.0,600.0,80.0,0,0,C,281,157,,,,,0.6880643999902532
42,DG2_k1_t0_R,16,16,16,9113.165,479,16,1,27,6951.016594450961,6167.1646514672275,4370.016594450961,1797.1480570162664,2395.0,471.0,80.0,0,0,B,0,0,B,0,508.3736382682878,21385.38184761184,0.3051680999924429
42,DG2_k2_t0_R,16,16,16,8391.774,403,16,1,27,5625.458634735067,5907.774274729447,3469.4586347350673,2438.315639994381,2015.0,389.0,80.0,0,0,B,0,0,B,0,288.47307916059424,20422.27694531244,0.6856439000112005
42,DG2_k2_t1_R,16,16,16,8391.774,403,16,1,27,5625.458634735067,5907.774274729447,3469.4586347350673,2438.315639994381,2015.0,389.0,80.0,0,0,B,0,0,B,0,288.47307916059424,20422.27694531244,0.6940714999800548
42,DG2_k3_t0_R,16,16,16,10491.28,630,16,1,29,6286.89159151199,6661.280111179103,3544.8915915119887,3116.388519667117,3150.0,600.0,80.0,0,0,C,281,157,C,1,,,0.7758858999877702
42,DG2_k3_t1_R,16,16,16,9014.693,434,16,1,27,4684.692129855745,6344.69306132992,2915.6921298557468,3429.0009314741756,2170.0,420.0,80.0,0,0,B,0,0,B,1,235.5167982314916,20015.301068666482,1.0046546999947168
42,DG2_k5_t0_R,16,16,16,10491.28,630,16,1,29,6286.89159151199,6661.280111179103,3544.8915915119887,3116.388519667117,3150.0,600.0,80.0,0,0,C,281,157,C,2,,,0.7506400999845937
42,DG2_k2_t0_F,16,16,16,8242.087,389,16,1,27,5913.380239608982,5845.08699083601,3708.3802396089836,2136.7067512270282,1945.0,372.0,80.0,0,0,B,0,0,B,0,403.20336688065873,20157.04592963063,0.706748399999924
42,DG2_k3_t0_F,16,16,16,10491.28,630,16,1,29,6286.89159151199,6661.280111179103,3544.8915915119887,3116.388519667117,3150.0,600.0,80.0,0,0,C,281,157,C,1,,,0.7262340000015683
43,Cplus3F,16,16,16,8479.089,385,16,1,27,5733.762227434523,6106.088572876491,3745.7622274345254,2360.326345441966,1925.0,368.0,80.0,0,0,B,0,0,,,,,0.5508624999783933
43,C3FDirect,16,16,16,11181.051,548,16,1,29,6134.891323882909,7833.051040999363,3643.8913238829077,4189.159717116458,2740.0,528.0,80.0,0,0,C,346,137,,,,,0.7300154000113253
43,DG2_k1_t0_R,16,16,16,10721.602,534,16,1,27,6699.671260507964,7443.602371888492,4297.671260507964,3145.931111380528,2670.0,528.0,80.0,0,0,B,0,0,B,0,508.3736382682878,21385.38184761184,0.7572876999911387
43,DG2_k2_t0_R,16,16,16,11181.051,548,16,1,29,6134.891323882909,7833.051040999363,3643.8913238829077,4189.159717116458,2740.0,528.0,80.0,0,0,C,346,137,C,2,,,0.6504296000057366
43,DG2_k2_t1_R,16,16,16,11181.051,548,16,1,29,6134.891323882909,7833.051040999363,3643.8913238829077,4189.159717116458,2740.0,528.0,80.0,0,0,C,346,137,C,2,,,0.7212994000001345
43,DG2_k3_t0_R,16,16,16,11181.051,548,16,1,29,6134.891323882909,7833.051040999363,3643.8913238829077,4189.159717116458,2740.0,528.0,80.0,0,0,C,346,137,C,2,,,0.6996662000019569
43,DG2_k3_t1_R,16,16,16,11181.051,548,16,1,29,6134.891323882909,7833.051040999363,3643.8913238829077,4189.159717116458,2740.0,528.0,80.0,0,0,C,346,137,C,2,,,0.6696296999871265
43,DG2_k5_t0_R,16,16,16,11181.051,548,16,1,29,6134.891323882909,7833.051040999363,3643.8913238829077,4189.159717116458,2740.0,528.0,80.0,0,0,C,346,137,C,3,,,0.644151199987391
43,DG2_k2_t0_F,16,16,16,11181.051,548,16,1,29,6134.891323882909,7833.051040999363,3643.8913238829077,4189.159717116458,2740.0,528.0,80.0,0,0,C,346,137,C,2,,,0.65339990000939
43,DG2_k3_t0_F,16,16,16,11181.051,548,16,1,29,6134.891323882909,7833.051040999363,3643.8913238829077,4189.159717116458,2740.0,528.0,80.0,0,0,C,346,137,C,2,,,0.7132661000068765
44,Cplus3F,16,16,16,9600.203,482,16,1,27,5761.498377868693,6635.20341910065,3754.4983778686947,2880.705041231953,2410.0,475.0,80.0,0,0,B,0,0,,,,,0.7183892999892123
44,C3FDirect,16,16,16,12333.497,662,16,1,29,6043.838511720156,8302.496590641036,3636.838511720157,4665.658078920883,3310.0,641.0,80.0,0,0,C,677,228,,,,,1.164776300021913
44,DG2_k1_t0_R,16,16,16,11813.292,713,16,1,27,6645.048847964995,7460.292056110973,4313.048847964995,3147.2432081459783,3565.0,708.0,80.0,0,0,B,0,0,B,0,508.3736382682878,21385.38184761184,0.8371886999811977
44,DG2_k2_t0_R,16,16,16,12333.497,662,16,1,29,6043.838511720156,8302.496590641036,3636.838511720157,4665.658078920883,3310.0,641.0,80.0,0,0,C,677,228,C,3,,,1.191677199996775
44,DG2_k2_t1_R,16,16,16,12333.497,662,16,1,29,6043.838511720156,8302.496590641036,3636.838511720157,4665.658078920883,3310.0,641.0,80.0,0,0,C,677,228,C,3,,,1.1796656000078656
44,DG2_k3_t0_R,16,16,16,12333.497,662,16,1,29,6043.838511720156,8302.496590641036,3636.838511720157,4665.658078920883,3310.0,641.0,80.0,0,0,C,677,228,C,4,,,1.2450779000064358
44,DG2_k3_t1_R,16,16,16,12333.497,662,16,1,29,6043.838511720156,8302.496590641036,3636.838511720157,4665.658078920883,3310.0,641.0,80.0,0,0,C,677,228,C,4,,,1.1452517000143416
44,DG2_k5_t0_R,16,16,16,12333.497,662,16,1,29,6043.838511720156,8302.496590641036,3636.838511720157,4665.658078920883,3310.0,641.0,80.0,0,0,C,677,228,C,4,,,1.1447421000048053
44,DG2_k2_t0_F,16,16,16,12333.497,662,16,1,29,6043.838511720156,8302.496590641036,3636.838511720157,4665.658078920883,3310.0,641.0,80.0,0,0,C,677,228,C,3,,,1.2015493999933824
44,DG2_k3_t0_F,16,16,16,12333.497,662,16,1,29,6043.838511720156,8302.496590641036,3636.838511720157,4665.658078920883,3310.0,641.0,80.0,0,0,C,677,228,C,4,,,1.1837840999942273
45,Cplus3F,16,16,16,7961.463,418,16,1,27,5010.571805655866,5381.462919430943,3051.5718056558676,2329.8911137750774,2090.0,410.0,80.0,0,0,B,0,0,,,,,0.41058900000643916
45,C3FDirect,16,16,16,11767.966,671,16,1,29,5804.005743836066,7676.965706532876,3328.005743836066,4348.959962696817,3355.0,656.0,80.0,0,0,C,409,246,,,,,0.7418787000060547
45,DG2_k1_t0_R,16,16,16,8885.039,417,16,1,27,5897.1652057535675,6316.038790927027,3717.1652057535666,2598.8735851734623,2085.0,404.0,80.0,0,0,B,0,0,B,0,508.3736382682878,21385.38184761184,0.3381263999908697
45,DG2_k2_t0_R,16,16,16,11767.966,671,16,1,29,5804.005743836066,7676.965706532876,3328.005743836066,4348.959962696817,3355.0,656.0,80.0,0,0,C,409,246,C,1,,,0.7335369999927934
45,DG2_k2_t1_R,16,16,16,10415.29,573,16,1,27,6666.496636894765,6904.290268324818,4154.496636894765,2749.7936314300578,2865.0,566.0,80.0,0,0,B,0,0,B,1,288.47307916059424,20422.27694531244,0.527728399989428
45,DG2_k3_t0_R,16,16,16,11767.966,671,16,1,29,5804.005743836066,7676.965706532876,3328.005743836066,4348.959962696817,3355.0,656.0,80.0,0,0,C,409,246,C,1,,,0.7248518000124022
45,DG2_k3_t1_R,16,16,16,9611.717,481,16,1,27,6941.235333581907,6661.716629647808,4274.235333581907,2387.481296065903,2405.0,465.0,80.0,0,0,B,0,1,B,1,235.5167982314916,20015.301068666482,0.3063222000200767
45,DG2_k5_t0_R,16,16,16,11767.966,671,16,1,29,5804.005743836066,7676.965706532876,3328.005743836066,4348.959962696817,3355.0,656.0,80.0,0,0,C,409,246,C,1,,,0.7236093999817967
45,DG2_k2_t0_F,16,16,16,11767.966,671,16,1,29,5804.005743836066,7676.965706532876,3328.005743836066,4348.959962696817,3355.0,656.0,80.0,0,0,C,409,246,C,1,,,0.7066934999893419
45,DG2_k3_t0_F,16,16,16,11767.966,671,16,1,29,5804.005743836066,7676.965706532876,3328.005743836066,4348.959962696817,3355.0,656.0,80.0,0,0,C,409,246,C,1,,,0.728452199982712
46,Cplus3F,16,16,16,8998.495,409,16,1,27,6261.025849735254,6485.4951760900785,3950.025849735256,2535.4693263548206,2045.0,388.0,80.0,0,0,B,0,0,,,,,0.32424210000317544
46,C3FDirect,16,16,16,12261.431,708,16,1,29,5894.340955950483,7954.430932768516,3510.3409559504803,4444.08997681804,3540.0,687.0,80.0,0,0,C,444,274,,,,,0.9790859000058845
46,DG2_k1_t0_R,16,16,16,10132.492,489,16,1,27,6690.447863620121,7127.492118247542,4323.447863620122,2804.0442546274185,2445.0,480.0,80.0,0,0,B,0,0,B,0,508.3736382682878,21385.38184761184,0.5030306999979075
46,DG2_k2_t0_R,16,16,16,10468.699,520,16,1,27,6872.510794856432,7286.699392993644,4297.510794856433,2989.1885981372143,2600.0,502.0,80.0,0,0,B,0,0,B,0,288.47307916059424,20422.27694531244,0.500055100012105
46,DG2_k2_t1_R,16,16,16,10468.699,520,16,1,27,6872.510794856432,7286.699392993644,4297.510794856433,2989.1885981372143,2600.0,502.0,80.0,0,0,B,0,0,B,0,288.47307916059424,20422.27694531244,0.4801809000200592
46,DG2_k3_t0_R,16,16,16,9825.329,492,16,1,27,6581.845313103902,6810.32916435922,4077.8453131039023,2732.483851255317,2460.0,475.0,80.0,0,0,B,0,0,B,0,235.5167982314916,20015.301068666482,0.4384800000116229
46,DG2_k3_t1_R,16,16,16,9825.329,492,16,1,27,6581.845313103902,6810.32916435922,4077.8453131039023,2732.483851255317,2460.0,475.0,80.0,0,0,B,0,0,B,0,235.5167982314916,20015.301068666482,0.41633559999172576
46,DG2_k5_t0_R,16,16,16,12261.431,708,16,1,29,5894.340955950483,7954.430932768516,3510.3409559504803,4444.08997681804,3540.0,687.0,80.0,0,0,C,444,274,C,2,,,1.029629999975441
46,DG2_k2_t0_F,16,16,16,9511.517,449,16,1,27,6774.047859644197,6758.517185999022,4223.0478596442,2535.4693263548206,2245.0,428.0,80.0,0,0,B,0,0,B,0,403.20336688065873,20157.04592963063,0.32652349999989383
46,DG2_k3_t0_F,16,16,16,9910.189,469,16,1,27,7172.719459109344,7037.188785464168,4501.719459109346,2535.4693263548206,2345.0,448.0,80.0,0,0,B,0,0,B,0,893.750999492464,20647.593562242437,0.30464990000473335
47,Cplus3F,16,16,16,10904.166,631,16,1,27,6152.284287490942,7046.16586713068,3935.2842874909434,3110.8815796397375,3155.0,623.0,80.0,0,0,B,0,0,,,,,0.6161194000160322
47,C3FDirect,16,16,16,11707.458,683,16,1,29,6137.213326796341,7534.457975891711,3502.213326796341,4032.2446490953703,3415.0,678.0,80.0,0,0,C,242,243,,,,,0.5023192999942694
47,DG2_k1_t0_R,16,16,16,10349.632,550,16,1,27,7079.271214358113,6978.632366803615,4467.271214358113,2511.361152445504,2750.0,541.0,80.0,0,0,B,0,0,B,0,508.3736382682878,21385.38184761184,0.32153630000539124
47,DG2_k2_t0_R,16,16,16,11707.458,683,16,1,29,6137.213326796341,7534.457975891711,3502.213326796341,4032.2446490953703,3415.0,678.0,80.0,0,0,C,242,243,C,3,,,0.5327937999973074
47,DG2_k2_t1_R,16,16,16,11707.458,683,16,1,29,6137.213326796341,7534.457975891711,3502.213326796341,4032.2446490953703,3415.0,678.0,80.0,0,0,C,242,243,C,3,,,0.510637700004736
47,DG2_k3_t0_R,16,16,16,11707.458,683,16,1,29,6137.213326796341,7534.457975891711,3502.213326796341,4032.2446490953703,3415.0,678.0,80.0,0,0,C,242,243,C,3,,,0.4992787000082899
47,DG2_k3_t1_R,16,16,16,11707.458,683,16,1,29,6137.213326796341,7534.457975891711,3502.213326796341,4032.2446490953703,3415.0,678.0,80.0,0,0,C,242,243,C,3,,,0.5298106999834999
47,DG2_k5_t0_R,16,16,16,11707.458,683,16,1,29,6137.213326796341,7534.457975891711,3502.213326796341,4032.2446490953703,3415.0,678.0,80.0,0,0,C,242,243,C,4,,,0.5219268999935593
47,DG2_k2_t0_F,16,16,16,11707.458,683,16,1,29,6137.213326796341,7534.457975891711,3502.213326796341,4032.2446490953703,3415.0,678.0,80.0,0,0,C,242,243,C,3,,,0.5458055000053719
47,DG2_k3_t0_F,16,16,16,11707.458,683,16,1,29,6137.213326796341,7534.457975891711,3502.213326796341,4032.2446490953703,3415.0,678.0,80.0,0,0,C,242,243,C,3,,,0.5187807000183966
48,Cplus3F,16,16,16,8241.053,346,16,1,27,5550.77720615411,6107.053050568664,3646.777206154112,2460.2758444145506,1730.0,324.0,80.0,0,0,B,0,0,,,,,0.7652697000012267
48,C3FDirect,16,16,16,10602.462,627,16,1,29,5874.31672768744,6772.4616338697115,3472.3167276874387,3300.144906182275,3135.0,615.0,80.0,0,0,C,349,221,,,,,0.5631325999856927
48,DG2_k1_t0_R,16,16,16,8544.026,359,16,1,27,6311.182183660159,6324.026420992691,4291.182183660159,2032.844237332532,1795.0,345.0,80.0,0,0,B,0,0,B,0,508.3736382682878,21385.38184761184,0.48460190001060255
48,DG2_k2_t0_R,16,16,16,10602.462,627,16,1,29,5874.31672768744,6772.4616338697115,3472.3167276874387,3300.144906182275,3135.0,615.0,80.0,0,0,C,349,221,C,1,,,0.568266299989773
48,DG2_k2_t1_R,16,16,16,9871.329,449,16,1,27,6594.968643497902,7114.329047474,4276.968643497901,2837.360403976098,2245.0,432.0,80.0,0,0,B,0,0,B,1,288.47307916059424,20422.27694531244,0.517796800006181
48,DG2_k3_t0_R,16,16,16,10602.462,627,16,1,29,5874.31672768744,6772.4616338697115,3472.3167276874387,3300.144906182275,3135.0,615.0,80.0,0,0,C,349,221,C,3,,,0.5304998000210617
48,DG2_k3_t1_R,16,16,16,10602.462,627,16,1,29,5874.31672768744,6772.4616338697115,3472.3167276874387,3300.144906182275,3135.0,615.0,80.0,0,0,C,349,221,C,3,,,0.5754921000043396
48,DG2_k5_t0_R,16,16,16,10602.462,627,16,1,29,5874.31672768744,6772.4616338697115,3472.3167276874387,3300.144906182275,3135.0,615.0,80.0,0,0,C,349,221,C,4,,,0.578813000000082
48,DG2_k2_t0_F,16,16,16,10602.462,627,16,1,29,5874.31672768744,6772.4616338697115,3472.3167276874387,3300.144906182275,3135.0,615.0,80.0,0,0,C,349,221,C,1,,,0.60496329999296
48,DG2_k3_t0_F,16,16,16,10602.462,627,16,1,29,5874.31672768744,6772.4616338697115,3472.3167276874387,3300.144906182275,3135.0,615.0,80.0,0,0,C,349,221,C,3,,,0.6075308999861591
49,Cplus3F,16,16,16,9481.729,464,16,1,27,5829.0316601678,6639.728889620362,3620.0316601678005,3019.6972294525617,2320.0,442.0,80.0,0,0,B,0,0,,,,,0.5993180999939796
49,C3FDirect,16,16,16,12520.954,750,16,1,29,6221.6041984011445,7950.954322592191,3682.604198401143,4268.350124191047,3750.0,740.0,80.0,0,0,C,463,310,,,,,0.9903171999903861
49,DG2_k1_t0_R,16,16,16,12520.954,750,16,1,29,6221.6041984011445,7950.954322592191,3682.604198401143,4268.350124191047,3750.0,740.0,80.0,0,0,C,463,310,C,1,,,0.9820863000059035
49,DG2_k2_t0_R,16,16,16,12520.954,750,16,1,29,6221.6041984011445,7950.954322592191,3682.604198401143,4268.350124191047,3750.0,740.0,80.0,0,0,C,463,310,C,1,,,0.9449778000125661
49,DG2_k2_t1_R,16,16,16,10588.941,560,16,1,27,6891.365348549134,7162.941446621548,4235.365348549133,2927.5760980724144,2800.0,546.0,80.0,0,0,B,0,1,B,1,288.47307916059424,20422.27694531244,0.571909999998752
49,DG2_k3_t0_R,16,16,16,12520.954,750,16,1,29,6221.6041984011445,7950.954322592191,3682.604198401143,4268.350124191047,3750.0,740.0,80.0,0,0,C,463,310,C,2,,,0.9559045000059996
49,DG2_k3_t1_R,16,16,16,12520.954,750,16,1,29,6221.6041984011445,7950.954322592191,3682.604198401143,4268.350124191047,3750.0,740.0,80.0,0,0,C,463,310,C,2,,,0.982314499997301
49,DG2_k5_t0_R,16,16,16,12520.954,750,16,1,29,6221.6041984011445,7950.954322592191,3682.604198401143,4268.350124191047,3750.0,740.0,80.0,0,0,C,463,310,C,3,,,1.05214790001628
49,DG2_k2_t0_F,16,16,16,12520.954,750,16,1,29,6221.6041984011445,7950.954322592191,3682.604198401143,4268.350124191047,3750.0,740.0,80.0,0,0,C,463,310,C,1,,,0.9907763999945018
49,DG2_k3_t0_F,16,16,16,12520.954,750,16,1,29,6221.6041984011445,7950.954322592191,3682.604198401143,4268.350124191047,3750.0,740.0,80.0,0,0,C,463,310,C,2,,,0.9624942000082228
50,Cplus3F,16,16,16,10478.995,461,16,1,27,6056.986475241723,7639.9953840450535,3836.986475241724,3803.0089088033296,2305.0,454.0,80.0,0,0,B,0,0,,,,,0.5149462999834213
50,C3FDirect,16,16,16,10340.645,586,16,1,29,5968.32176599844,6762.645414705731,3512.321765998438,3250.3236487072977,2930.0,568.0,80.0,0,0,C,299,182,,,,,0.5018415999948047
50,DG2_k1_t0_R,16,16,16,10340.645,586,16,1,29,5968.32176599844,6762.645414705731,3512.321765998438,3250.3236487072977,2930.0,568.0,80.0,0,0,C,299,182,C,2,,,0.5389987999806181
50,DG2_k2_t0_R,16,16,16,10340.645,586,16,1,29,5968.32176599844,6762.645414705731,3512.321765998438,3250.3236487072977,2930.0,568.0,80.0,0,0,C,299,182,C,2,,,0.5220116999989841
50,DG2_k2_t1_R,16,16,16,10340.645,586,16,1,29,5968.32176599844,6762.645414705731,3512.321765998438,3250.3236487072977,2930.0,568.0,80.0,0,0,C,299,182,C,2,,,0.49711469997419044
50,DG2_k3_t0_R,16,16,16,10340.645,586,16,1,29,5968.32176599844,6762.645414705731,3512.321765998438,3250.3236487072977,2930.0,568.0,80.0,0,0,C,299,182,C,2,,,0.5098094000131823
50,DG2_k3_t1_R,16,16,16,10340.645,586,16,1,29,5968.32176599844,6762.645414705731,3512.321765998438,3250.3236487072977,2930.0,568.0,80.0,0,0,C,299,182,C,2,,,0.48555410001426935
50,DG2_k5_t0_R,16,16,16,10340.645,586,16,1,29,5968.32176599844,6762.645414705731,3512.321765998438,3250.3236487072977,2930.0,568.0,80.0,0,0,C,299,182,C,3,,,0.48422489999211393
50,DG2_k2_t0_F,16,16,16,10340.645,586,16,1,29,5968.32176599844,6762.645414705731,3512.321765998438,3250.3236487072977,2930.0,568.0,80.0,0,0,C,299,182,C,2,,,0.5307835999992676
50,DG2_k3_t0_F,16,16,16,10340.645,586,16,1,29,5968.32176599844,6762.645414705731,3512.321765998438,3250.3236487072977,2930.0,568.0,80.0,0,0,C,299,182,C,2,,,0.59258639998734
51,Cplus3F,16,16,16,9018.991,400,16,1,27,5977.548873017589,6552.991005720142,3773.54887301759,2779.442132702548,2000.0,386.0,80.0,0,0,B,0,0,,,,,0.4708340000070166
51,C3FDirect,16,16,16,11990.463,623,16,1,29,6101.115154102717,8193.463224031751,3604.1151541027157,4589.348069929035,3115.0,602.0,80.0,0,0,C,481,188,,,,,0.6327686000149697
51,DG2_k1_t0_R,16,16,16,11990.463,623,16,1,29,6101.115154102717,8193.463224031751,3604.1151541027157,4589.348069929035,3115.0,602.0,80.0,0,0,C,481,188,C,1,,,0.5801901000086218
51,DG2_k2_t0_R,16,16,16,11990.463,623,16,1,29,6101.115154102717,8193.463224031751,3604.1151541027157,4589.348069929035,3115.0,602.0,80.0,0,0,C,481,188,C,1,,,0.5987529999983963
51,DG2_k2_t1_R,16,16,16,9765.741,499,16,1,27,6621.212247565581,6705.74122113212,4104.21224756558,2601.5289735665397,2495.0,485.0,80.0,0,0,B,0,1,B,1,288.47307916059424,20422.27694531244,0.49981839998508804
51,DG2_k3_t0_R,16,16,16,11990.463,623,16,1,29,6101.115154102717,8193.463224031751,3604.1151541027157,4589.348069929035,3115.0,602.0,80.0,0,0,C,481,188,C,2,,,0.6130279000208247
51,DG2_k3_t1_R,16,16,16,11990.463,623,16,1,29,6101.115154102717,8193.463224031751,3604.1151541027157,4589.348069929035,3115.0,602.0,80.0,0,0,C,481,188,C,2,,,0.6538674000184983
51,DG2_k5_t0_R,16,16,16,11990.463,623,16,1,29,6101.115154102717,8193.463224031751,3604.1151541027157,4589.348069929035,3115.0,602.0,80.0,0,0,C,481,188,C,2,,,0.6739296000159811
51,DG2_k2_t0_F,16,16,16,11990.463,623,16,1,29,6101.115154102717,8193.463224031751,3604.1151541027157,4589.348069929035,3115.0,602.0,80.0,0,0,C,481,188,C,1,,,0.6369467000185978
51,DG2_k3_t0_F,16,16,16,11990.463,623,16,1,29,6101.115154102717,8193.463224031751,3604.1151541027157,4589.348069929035,3115.0,602.0,80.0,0,0,C,481,188,C,2,,,0.6780358999967575
52,Cplus3F,16,16,16,8252.888,389,16,1,27,5652.21718717348,5865.888493107381,3571.2171871734818,2294.6713059339,1945.0,362.0,80.0,0,0,B,0,0,,,,,0.8773182000149973
52,C3FDirect,16,16,16,9846.357,492,16,1,29,6125.207109258007,6837.357132222966,3676.207109258005,3161.150022964962,2460.0,469.0,80.0,0,0,C,277,109,,,,,0.5150167999963742
52,DG2_k1_t0_R,16,16,16,9642.674,462,16,1,27,5656.771848538566,6805.673924301576,3691.771848538566,3113.902075763013,2310.0,447.0,80.0,0,0,B,0,0,B,0,508.3736382682878,21385.38184761184,0.7988252000068314
52,DG2_k2_t0_R,16,16,16,9846.357,492,16,1,29,6125.207109258007,6837.357132222966,3676.207109258005,3161.150022964962,2460.0,469.0,80.0,0,0,C,277,109,C,1,,,0.5549030999827664
52,DG2_k2_t1_R,16,16,16,10979.569,493,16,1,27,6440.637736618285,7966.569290356417,4078.6377366182855,3887.9315537381326,2465.0,468.0,80.0,0,0,B,0,0,B,1,288.47307916059424,20422.27694531244,1.064369399973657
52,DG2_k3_t0_R,16,16,16,9846.357,492,16,1,29,6125.207109258007,6837.357132222966,3676.207109258005,3161.150022964962,2460.0,469.0,80.0,0,0,C,277,109,C,2,,,0.5465179999882821
52,DG2_k3_t1_R,16,16,16,9846.357,492,16,1,29,6125.207109258007,6837.357132222966,3676.207109258005,3161.150022964962,2460.0,469.0,80.0,0,0,C,277,109,C,2,,,0.5394360999925993
52,DG2_k5_t0_R,16,16,16,9846.357,492,16,1,29,6125.207109258007,6837.357132222966,3676.207109258005,3161.150022964962,2460.0,469.0,80.0,0,0,C,277,109,C,3,,,0.5513441000075545
52,DG2_k2_t0_F,16,16,16,9846.357,492,16,1,29,6125.207109258007,6837.357132222966,3676.207109258005,3161.150022964962,2460.0,469.0,80.0,0,0,C,277,109,C,1,,,0.542952099989634
52,DG2_k3_t0_F,16,16,16,9846.357,492,16,1,29,6125.207109258007,6837.357132222966,3676.207109258005,3161.150022964962,2460.0,469.0,80.0,0,0,C,277,109,C,2,,,0.5058764000132214
53,Cplus3F,16,16,16,9378.587,450,16,1,27,6481.969873062245,6608.586744699829,4082.969873062246,2525.6168716375837,2250.0,440.0,80.0,0,0,B,0,0,,,,,0.49675040002330206
53,C3FDirect,16,16,16,12310.309,633,16,1,29,5946.455284587607,8454.308662173107,3471.455284587606,4982.853377585499,3165.0,611.0,80.0,0,0,C,319,185,,,,,0.6886922000267077
53,DG2_k1_t0_R,16,16,16,10974.295,531,16,1,27,6537.854483656604,7722.2947671530665,4319.854483656605,3402.440283496463,2655.0,517.0,80.0,0,0,B,0,0,B,0,508.3736382682878,21385.38184761184,1.0571547000145074
53,DG2_k2_t0_R,16,16,16,12310.309,633,16,1,29,5946.455284587607,8454.308662173107,3471.455284587606,4982.853377585499,3165.0,611.0,80.0,0,0,C,319,185,C,1,,,0.7051189000194427
53,DG2_k2_t1_R,16,16,16,10337.042,551,16,1,27,6963.08765234402,6969.042073634827,4242.08765234402,2726.9544212908036,2755.0,533.0,80.0,0,0,B,0,0,B,1,288.47307916059424,20422.27694531244,0.6000314999837428
53,DG2_k3_t0_R,16,16,16,12310.309,633,16,1,29,5946.455284587607,8454.308662173107,3471.455284587606,4982.853377585499,3165.0,611.0,80.0,0,0,C,319,185,C,1,,,0.6788357000041287
53,DG2_k3_t1_R,16,16,16,10204.735,528,16,1,27,6812.061620484298,6970.7352097547155,4172.061620484299,2798.6735892704137,2640.0,514.0,80.0,0,0,B,0,1,B,1,235.5167982314916,20015.301068666482,0.5404763999977149
53,DG2_k5_t0_R,16,16,16,12310.309,633,16,1,29,5946.455284587607,8454.308662173107,3471.455284587606,4982.853377585499,3165.0,611.0,80.0,0,0,C,319,185,C,1,,,0.6915892999968491
53,DG2_k2_t0_F,16,16,16,12310.309,633,16,1,29,5946.455284587607,8454.308662173107,3471.455284587606,4982.853377585499,3165.0,611.0,80.0,0,0,C,319,185,C,1,,,0.6748030000017025
53,DG2_k3_t0_F,16,16,16,12310.309,633,16,1,29,5946.455284587607,8454.308662173107,3471.455284587606,4982.853377585499,3165.0,611.0,80.0,0,0,C,319,185,C,1,,,0.7114988999965135
54,Cplus3F,16,16,16,8497.38,404,16,1,27,6348.15718605366,6005.379896399229,4020.1571860536615,1985.2227103455673,2020.0,392.0,80.0,0,0,B,0,0,,,,,0.4891678999993019
54,C3FDirect,16,16,16,10586.718,552,16,1,29,4997.739644918404,7200.717992564464,2947.7396449184034,4252.978347646063,2760.0,546.0,80.0,0,0,C,342,201,,,,,0.7711112000106368
54,DG2_k1_t0_R,16,16,16,10586.718,552,16,1,29,4997.739644918404,7200.717992564464,2947.7396449184034,4252.978347646063,2760.0,546.0,80.0,0,0,C,342,201,C,1,,,0.7655080999829806
54,DG2_k2_t0_R,16,16,16,10586.718,552,16,1,29,4997.739644918404,7200.717992564464,2947.7396449184034,4252.978347646063,2760.0,546.0,80.0,0,0,C,342,201,C,1,,,0.7616973000112921
54,DG2_k2_t1_R,16,16,16,9186.864,456,16,1,27,6639.844767611441,6381.864215233347,4148.844767611442,2233.019447621905,2280.0,445.0,80.0,0,0,B,0,1,B,1,288.47307916059424,20422.27694531244,0.5990447000076529
54,DG2_k3_t0_R,16,16,16,10586.718,552,16,1,29,4997.739644918404,7200.717992564464,2947.7396449184034,4252.978347646063,2760.0,546.0,80.0,0,0,C,342,201,C,2,,,0.7286345000029542
54,DG2_k3_t1_R,16,16,16,10586.718,552,16,1,29,4997.739644918404,7200.717992564464,2947.7396449184034,4252.978347646063,2760.0,546.0,80.0,0,0,C,342,201,C,2,,,0.7297391000029165
54,DG2_k5_t0_R,16,16,16,10586.718,552,16,1,29,4997.739644918404,7200.717992564464,2947.7396449184034,4252.978347646063,2760.0,546.0,80.0,0,0,C,342,201,C,3,,,0.7134188000054564
54,DG2_k2_t0_F,16,16,16,10586.718,552,16,1,29,4997.739644918404,7200.717992564464,2947.7396449184034,4252.978347646063,2760.0,546.0,80.0,0,0,C,342,201,C,1,,,0.7357256000104826
54,DG2_k3_t0_F,16,16,16,10586.718,552,16,1,29,4997.739644918404,7200.717992564464,2947.7396449184034,4252.978347646063,2760.0,546.0,80.0,0,0,C,342,201,C,2,,,0.7311861999914981
55,Cplus3F,16,16,16,9125.335,449,16,1,27,6217.207784364946,6366.335384133426,3784.207784364947,2582.127599768478,2245.0,434.0,80.0,0,0,B,0,0,,,,,0.31039749999763444
55,C3FDirect,16,16,16,11341.549,607,16,1,29,6128.022921640068,7637.548938727743,3636.022921640065,4001.5260170876845,3035.0,589.0,80.0,0,0,C,481,188,,,,,0.7119306999957189
55,DG2_k1_t0_R,16,16,16,9581.456,483,16,1,27,6593.610054875534,6610.456260420545,4292.610054875535,2317.8462055450113,2415.0,476.0,80.0,0,0,B,0,0,B,0,508.3736382682878,21385.38184761184,0.4908812000066973
55,DG2_k2_t0_R,16,16,16,11341.549,607,16,1,29,6128.022921640068,7637.548938727743,3636.022921640065,4001.5260170876845,3035.0,589.0,80.0,0,0,C,481,188,C,1,,,0.7557246999931522
55,DG2_k2_t1_R,16,16,16,10439.417,547,16,1,27,7181.382062045761,7081.4172644204355,4408.382062045761,2673.035202374675,2735.0,543.0,80.0,0,0,B,0,0,B,1,288.47307916059424,20422.27694531244,0.36146450001979247
55,DG2_k3_t0_R,16,16,16,11341.549,607,16,1,29,6128.022921640068,7637.548938727743,3636.022921640065,4001.5260170876845,3035.0,589.0,80.0,0,0,C,481,188,C,1,,,0.7529823000077158
55,DG2_k3_t1_R,16,16,16,10148.128,535,16,1,27,5801.092717763162,6871.127676768139,3526.092717763163,3345.0349590049773,2675.0,522.0,80.0,0,0,B,0,1,B,1,235.5167982314916,20015.301068666482,0.7048578999820165
55,DG2_k5_t0_R,16,16,16,11341.549,607,16,1,29,6128.022921640068,7637.548938727743,3636.022921640065,4001.5260170876845,3035.0,589.0,80.0,0,0,C,481,188,C,1,,,0.7661045000131708
55,DG2_k2_t0_F,16,16,16,11341.549,607,16,1,29,6128.022921640068,7637.548938727743,3636.022921640065,4001.5260170876845,3035.0,589.0,80.0,0,0,C,481,188,C,1,,,0.7248068999906536
55,DG2_k3_t0_F,16,16,16,11341.549,607,16,1,29,6128.022921640068,7637.548938727743,3636.022921640065,4001.5260170876845,3035.0,589.0,80.0,0,0,C,481,188,C,1,,,0.7567563000193331
56,Cplus3F,16,16,16,8493.458,410,16,1,27,5652.539586238646,5973.458232672613,3653.539586238648,2319.918646433966,2050.0,390.0,80.0,0,0,B,0,0,,,,,0.7290992999915034
56,C3FDirect,16,16,16,9605.092,573,16,1,29,5623.105609180012,6098.092116366416,3234.1056091800106,2863.986507186405,2865.0,562.0,80.0,0,0,C,316,188,,,,,0.7434351999836508
56,DG2_k1_t0_R,16,16,16,9605.092,573,16,1,29,5623.105609180012,6098.092116366416,3234.1056091800106,2863.986507186405,2865.0,562.0,80.0,0,0,C,316,188,C,2,,,0.7229958999960218
56,DG2_k2_t0_R,16,16,16,9605.092,573,16,1,29,5623.105609180012,6098.092116366416,3234.1056091800106,2863.986507186405,2865.0,562.0,80.0,0,0,C,316,188,C,2,,,0.7114951999974437
56,DG2_k2_t1_R,16,16,16,9605.092,573,16,1,29,5623.105609180012,6098.092116366416,3234.1056091800106,2863.986507186405,2865.0,562.0,80.0,0,0,C,316,188,C,2,,,0.7251547999912873
56,DG2_k3_t0_R,16,16,16,9605.092,573,16,1,29,5623.105609180012,6098.092116366416,3234.1056091800106,2863.986507186405,2865.0,562.0,80.0,0,0,C,316,188,C,2,,,0.6974316000123508
56,DG2_k3_t1_R,16,16,16,9605.092,573,16,1,29,5623.105609180012,6098.092116366416,3234.1056091800106,2863.986507186405,2865.0,562.0,80.0,0,0,C,316,188,C,2,,,0.7317501000070479
56,DG2_k5_t0_R,16,16,16,9605.092,573,16,1,29,5623.105609180012,6098.092116366416,3234.1056091800106,2863.986507186405,2865.0,562.0,80.0,0,0,C,316,188,C,4,,,0.7775558000139426
56,DG2_k2_t0_F,16,16,16,9605.092,573,16,1,29,5623.105609180012,6098.092116366416,3234.1056091800106,2863.986507186405,2865.0,562.0,80.0,0,0,C,316,188,C,2,,,0.7650900000007823
56,DG2_k3_t0_F,16,16,16,9605.092,573,16,1,29,5623.105609180012,6098.092116366416,3234.1056091800106,2863.986507186405,2865.0,562.0,80.0,0,0,C,316,188,C,2,,,0.6727748999837786
57,Cplus3F,16,16,16,13952.664,891,16,1,27,6340.387177246381,8539.66398440539,3764.387177246382,4775.276807159004,4455.0,878.0,80.0,0,0,B,0,0,,,,,0.9807916000136174
57,C3FDirect,16,16,16,12009.22,678,16,1,29,6305.2565208706055,7896.220027873945,3652.2565208706037,4243.9635070033455,3390.0,643.0,80.0,0,0,C,491,206,,,,,1.0405343000020366
57,DG2_k1_t0_R,16,16,16,12565.243,730,16,1,27,7045.354465708873,8123.242982428023,4468.354465708873,3654.888516719153,3650.0,712.0,80.0,0,0,B,0,0,B,0,508.3736382682878,21385.38184761184,0.8711492999864276
57,DG2_k2_t0_R,16,16,16,11841.643,743,16,1,27,7165.608570146407,7314.643234542079,4272.608570146408,3042.034664395672,3715.0,732.0,80.0,0,0,B,0,0,B,0,288.47307916059424,20422.27694531244,0.5786721000040416
57,DG2_k2_t1_R,16,16,16,11841.643,743,16,1,27,7165.608570146407,7314.643234542079,4272.608570146408,3042.034664395672,3715.0,732.0,80.0,0,0,B,0,0,B,0,288.47307916059424,20422.27694531244,0.683482799999183
57,DG2_k3_t0_R,16,16,16,12009.22,678,16,1,29,6305.2565208706055,7896.220027873945,3652.2565208706037,4243.9635070033455,3390.0,643.0,80.0,0,0,C,491,206,C,1,,,1.0415732999972533
57,DG2_k3_t1_R,16,16,16,12028.503,717,16,1,27,6801.88743264186,7664.502514935134,4069.887432641861,3594.615082293277,3585.0,699.0,80.0,0,0,B,0,0,B,1,235.5167982314916,20015.301068666482,0.8077608000021428
57,DG2_k5_t0_R,16,16,16,12009.22,678,16,1,29,6305.2565208706055,7896.220027873945,3652.2565208706037,4243.9635070033455,3390.0,643.0,80.0,0,0,C,491,206,C,2,,,1.0623944000108168
57,DG2_k2_t0_F,16,16,16,14465.686,931,16,1,27,6853.409187155325,8812.685994314332,4037.409187155325,4775.276807159004,4655.0,918.0,80.0,0,0,B,0,0,B,0,403.20336688065873,20157.04592963063,0.982457100006286
57,DG2_k3_t0_F,16,16,16,12009.22,678,16,1,29,6305.2565208706055,7896.220027873945,3652.2565208706037,4243.9635070033455,3390.0,643.0,80.0,0,0,C,491,206,C,1,,,1.0108867000089958
58,Cplus3F,16,16,16,9372.256,453,16,1,27,5783.939771556948,6595.256278825488,3639.93977155695,2955.3165072685374,2265.0,432.0,80.0,0,0,B,0,0,,,,,0.6399058999959379
58,C3FDirect,16,16,16,10349.079,618,16,1,29,6118.089825120878,6569.078927466401,3476.0898251208782,3092.989102345523,3090.0,610.0,80.0,0,0,C,277,189,,,,,0.7274615000060294
58,DG2_k1_t0_R,16,16,16,10349.079,618,16,1,29,6118.089825120878,6569.078927466401,3476.0898251208782,3092.989102345523,3090.0,610.0,80.0,0,0,C,277,189,C,1,,,0.7517679999873508
58,DG2_k2_t0_R,16,16,16,10349.079,618,16,1,29,6118.089825120878,6569.078927466401,3476.0898251208782,3092.989102345523,3090.0,610.0,80.0,0,0,C,277,189,C,1,,,0.6600935000169557
58,DG2_k2_t1_R,16,16,16,10616.361,507,16,1,27,6845.436671988055,7521.360680272353,4304.436671988056,3216.924008284298,2535.0,480.0,80.0,0,0,B,0,1,B,1,288.47307916059424,20422.27694531244,0.5990073999855667
58,DG2_k3_t0_R,16,16,16,10349.079,618,16,1,29,6118.089825120878,6569.078927466401,3476.0898251208782,3092.989102345523,3090.0,610.0,80.0,0,0,C,277,189,C,1,,,0.5981256999948528
58,DG2_k3_t1_R,16,16,16,10099.76,444,16,1,27,6348.5620689116995,7392.759990772359,4107.5620689116995,3285.1979218606616,2220.0,407.0,80.0,0,0,B,0,2,B,1,235.5167982314916,20015.301068666482,0.7362500999879558
58,DG2_k5_t0_R,16,16,16,10349.079,618,16,1,29,6118.089825120878,6569.078927466401,3476.0898251208782,3092.989102345523,3090.0,610.0,80.0,0,0,C,277,189,C,3,,,0.6841072000097483
58,DG2_k2_t0_F,16,16,16,10349.079,618,16,1,29,6118.089825120878,6569.078927466401,3476.0898251208782,3092.989102345523,3090.0,610.0,80.0,0,0,C,277,189,C,1,,,0.6642807000025641
58,DG2_k3_t0_F,16,16,16,10349.079,618,16,1,29,6118.089825120878,6569.078927466401,3476.0898251208782,3092.989102345523,3090.0,610.0,80.0,0,0,C,277,189,C,1,,,0.6504338000086136
59,Cplus3F,16,16,16,8787.248,397,16,1,27,5856.701505899281,6333.248363165809,3758.7015058992833,2574.5468572665272,1985.0,389.0,80.0,0,0,B,0,0,,,,,0.48420019997865893
59,C3FDirect,16,16,16,12067.849,671,16,1,29,6303.25499636876,7995.8492671046415,3601.254996368758,4394.594270735884,3355.0,637.0,80.0,0,0,C,280,192,,,,,0.6514182000246365
59,DG2_k1_t0_R,16,16,16,12067.849,671,16,1,29,6303.25499636876,7995.8492671046415,3601.254996368758,4394.594270735884,3355.0,637.0,80.0,0,0,C,280,192,C,1,,,0.7137213000096381
59,DG2_k2_t0_R,16,16,16,12067.849,671,16,1,29,6303.25499636876,7995.8492671046415,3601.254996368758,4394.594270735884,3355.0,637.0,80.0,0,0,C,280,192,C,1,,,0.7616811000043526
59,DG2_k2_t1_R,16,16,16,10571.99,534,16,1,27,6851.9548420323335,7310.989559018947,4318.9548420323335,2992.0347169866154,2670.0,511.0,80.0,0,0,B,0,1,B,1,288.47307916059424,20422.27694531244,0.4900576999934856
59,DG2_k3_t0_R,16,16,16,12067.849,671,16,1,29,6303.25499636876,7995.8492671046415,3601.254996368758,4394.594270735884,3355.0,637.0,80.0,0,0,C,280,192,C,2,,,0.7390374999959022
59,DG2_k3_t1_R,16,16,16,12067.849,671,16,1,29,6303.25499636876,7995.8492671046415,3601.254996368758,4394.594270735884,3355.0,637.0,80.0,0,0,C,280,192,C,2,,,0.6727942999859806
59,DG2_k5_t0_R,16,16,16,12067.849,671,16,1,29,6303.25499636876,7995.8492671046415,3601.254996368758,4394.594270735884,3355.0,637.0,80.0,0,0,C,280,192,C,2,,,0.70821739998064
59,DG2_k2_t0_F,16,16,16,12067.849,671,16,1,29,6303.25499636876,7995.8492671046415,3601.254996368758,4394.594270735884,3355.0,637.0,80.0,0,0,C,280,192,C,1,,,0.6873110999877099
59,DG2_k3_t0_F,16,16,16,12067.849,671,16,1,29,6303.25499636876,7995.8492671046415,3601.254996368758,4394.594270735884,3355.0,637.0,80.0,0,0,C,280,192,C,2,,,0.7271056000026874
60,Cplus3F,16,16,16,8263.887,356,16,1,27,5737.577702476008,6058.886631486584,3766.57770247601,2292.308929010576,1780.0,345.0,80.0,0,0,B,0,0,,,,,0.467762300017057
60,C3FDirect,16,16,16,11768.711,688,16,1,29,5938.460194448628,7578.71090976708,3489.460194448627,4089.250715318454,3440.0,670.0,80.0,0,0,C,403,262,,,,,0.8826138000003994
60,DG2_k1_t0_R,16,16,16,11768.711,688,16,1,29,5938.460194448628,7578.71090976708,3489.460194448627,4089.250715318454,3440.0,670.0,80.0,0,0,C,403,262,C,1,,,0.8866055999824312
60,DG2_k2_t0_R,16,16,16,11768.711,688,16,1,29,5938.460194448628,7578.71090976708,3489.460194448627,4089.250715318454,3440.0,670.0,80.0,0,0,C,403,262,C,1,,,0.7829360000032466
60,DG2_k2_t1_R,16,16,16,9310.354,396,16,1,27,6552.117969776321,6868.354194461501,4299.117969776321,2569.2362246851817,1980.0,382.0,80.0,0,0,B,0,1,B,1,288.47307916059424,20422.27694531244,0.55355939999572
60,DG2_k3_t0_R,16,16,16,11768.711,688,16,1,29,5938.460194448628,7578.71090976708,3489.460194448627,4089.250715318454,3440.0,670.0,80.0,0,0,C,403,262,C,1,,,0.7631762999808416
60,DG2_k3_t1_R,16,16,16,8901.723,446,16,1,27,6672.395749600013,6151.72276513123,4078.395749600013,2073.3270155312152,2230.0,440.0,80.0,0,0,B,0,2,B,1,235.5167982314916,20015.301068666482,0.41146970001864247
60,DG2_k5_t0_R,16,16,16,11768.711,688,16,1,29,5938.460194448628,7578.71090976708,3489.460194448627,4089.250715318454,3440.0,670.0,80.0,0,0,C,403,262,C,3,,,0.8855838000017684
60,DG2_k2_t0_F,16,16,16,11768.711,688,16,1,29,5938.460194448628,7578.71090976708,3489.460194448627,4089.250715318454,3440.0,670.0,80.0,0,0,C,403,262,C,1,,,0.8413405000173952
60,DG2_k3_t0_F,16,16,16,11768.711,688,16,1,29,5938.460194448628,7578.71090976708,3489.460194448627,4089.250715318454,3440.0,670.0,80.0,0,0,C,403,262,C,1,,,0.8886845000088215
61,Cplus3F,16,16,16,8820.723,427,16,1,27,6472.723153828962,6196.7227406446755,4054.7231538289625,2141.9995868157125,2135.0,409.0,80.0,0,0,B,0,0,,,,,0.166231000010157
61,C3FDirect,16,16,16,10780.377,589,16,1,29,6104.908560845294,7195.37692113988,3636.908560845293,3558.468360294589,2945.0,560.0,80.0,0,0,C,411,169,,,,,0.4936753000074532
61,DG2_k1_t0_R,16,16,16,9541.95,497,16,1,27,6618.463066984874,6492.950228177811,4198.463066984874,2294.4871611929393,2485.0,484.0,80.0,0,0,B,0,0,B,0,508.3736382682878,21385.38184761184,0.22067640000022948
61,DG2_k2_t0_R,16,16,16,9999.384,535,16,1,27,6996.462390576999,6711.383721482402,4330.462390576999,2380.9213309054035,2675.0,533.0,80.0,0,0,B,0,0,B,0,288.47307916059424,20422.27694531244,0.26308120001340285
61,DG2_k2_t1_R,16,16,16,9999.384,535,16,1,27,6996.462390576999,6711.383721482402,4330.462390576999,2380.9213309054035,2675.0,533.0,80.0,0,0,B,0,0,B,0,288.47307916059424,20422.27694531244,0.2758377999998629
61,DG2_k3_t0_R,16,16,16,10780.377,589,16,1,29,6104.908560845294,7195.37692113988,3636.908560845293,3558.468360294589,2945.0,560.0,80.0,0,0,C,411,169,C,2,,,0.5853454000025522
61,DG2_k3_t1_R,16,16,16,10780.377,589,16,1,29,6104.908560845294,7195.37692113988,3636.908560845293,3558.468360294589,2945.0,560.0,80.0,0,0,C,411,169,C,2,,,0.4955158999946434
61,DG2_k5_t0_R,16,16,16,10780.377,589,16,1,29,6104.908560845294,7195.37692113988,3636.908560845293,3558.468360294589,2945.0,560.0,80.0,0,0,C,411,169,C,3,,,0.48679639998590574
61,DG2_k2_t0_F,16,16,16,9333.745,467,16,1,27,6985.745163737905,6469.744750553618,4327.745163737905,2141.9995868157125,2335.0,449.0,80.0,0,0,B,0,0,B,0,403.20336688065873,20157.04592963063,0.18601469998247921
61,DG2_k3_t0_F,16,16,16,10780.377,589,16,1,29,6104.908560845294,7195.37692113988,3636.908560845293,3558.468360294589,2945.0,560.0,80.0,0,0,C,411,169,C,2,,,0.5360207000048831
62,Cplus3F,16,16,16,7660.429,325,16,1,27,5332.390936609677,5640.428918027749,3459.390936609678,2181.03798141807,1625.0,315.0,80.0,0,0,B,0,0,,,,,0.33072489997721277
62,C3FDirect,16,16,16,9589.281,522,16,1,29,6427.323375671281,6386.281485290812,3714.3233756712807,2671.9581096195325,2610.0,513.0,80.0,0,0,C,192,94,,,,,0.4352739999885671
62,DG2_k1_t0_R,16,16,16,9043.49,390,16,1,27,6604.00037689306,6642.489905135116,4409.000376893059,2233.4895282420557,1950.0,371.0,80.0,0,0,B,0,0,B,0,508.3736382682878,21385.38184761184,0.353103999979794
62,DG2_k2_t0_R,16,16,16,9589.281,522,16,1,29,6427.323375671281,6386.281485290812,3714.3233756712807,2671.9581096195325,2610.0,513.0,80.0,0,0,C,192,94,C,1,,,0.34887779998825863
62,DG2_k2_t1_R,16,16,16,10200.708,438,16,1,27,6614.921706139221,7509.708383125231,4283.921706139222,3225.7866769860066,2190.0,421.0,80.0,0,0,B,0,0,B,1,288.47307916059424,20422.27694531244,0.45864689999143593
62,DG2_k3_t0_R,16,16,16,9589.281,522,16,1,29,6427.323375671281,6386.281485290812,3714.3233756712807,2671.9581096195325,2610.0,513.0,80.0,0,0,C,192,94,C,2,,,0.41010649999952875
62,DG2_k3_t1_R,16,16,16,9589.281,522,16,1,29,6427.323375671281,6386.281485290812,3714.3233756712807,2671.9581096195325,2610.0,513.0,80.0,0,0,C,192,94,C,2,,,0.4219495999859646
62,DG2_k5_t0_R,16,16,16,9589.281,522,16,1,29,6427.323375671281,6386.281485290812,3714.3233756712807,2671.9581096195325,2610.0,513.0,80.0,0,0,C,192,94,C,2,,,0.45067780002136715
62,DG2_k2_t0_F,16,16,16,9589.281,522,16,1,29,6427.323375671281,6386.281485290812,3714.3233756712807,2671.9581096195325,2610.0,513.0,80.0,0,0,C,192,94,C,1,,,0.41602839998085983
62,DG2_k3_t0_F,16,16,16,9589.281,522,16,1,29,6427.323375671281,6386.281485290812,3714.3233756712807,2671.9581096195325,2610.0,513.0,80.0,0,0,C,192,94,C,2,,,0.4795139000052586
63,Cplus3F,16,16,16,9916.855,507,16,1,27,5774.860838637898,6808.85485704592,3574.8608386379005,3233.994018408022,2535.0,493.0,80.0,0,0,B,0,0,,,,,0.5328842999879271
63,C3FDirect,16,16,16,12995.017,667,16,1,29,6212.700417579889,8932.016744300516,3636.7004175798884,5295.316326720631,3335.0,648.0,80.0,0,0,C,493,200,,,,,0.9219046000216622
63,DG2_k1_t0_R,16,16,16,10261.699,535,16,1,27,5891.301035905693,6990.69928388421,3692.301035905692,3298.3982479785195,2675.0,516.0,80.0,0,0,B,0,0,B,0,508.3736382682878,21385.38184761184,0.8851524000056088
63,DG2_k2_t0_R,16,16,16,10553.705,555,16,1,27,6850.787731390965,7154.704532161986,4236.787731390966,2917.9168007710214,2775.0,544.0,80.0,0,0,B,0,0,B,0,288.47307916059424,20422.27694531244,0.41737549999379553
63,DG2_k2_t1_R,16,16,16,10553.705,555,16,1,27,6850.787731390965,7154.704532161986,4236.787731390966,2917.9168007710214,2775.0,544.0,80.0,0,0,B,0,0,B,0,288.47307916059424,20422.27694531244,0.45347310000215657
63,DG2_k3_t0_R,16,16,16,9600.071,465,16,1,27,6417.088727901494,6751.0713213138215,4055.0887279014955,2695.9825934123273,2325.0,444.0,80.0,0,0,B,0,0,B,0,235.5167982314916,20015.301068666482,0.6207727000000887
63,DG2_k3_t1_R,16,16,16,9600.071,465,16,1,27,6417.088727901494,6751.0713213138215,4055.0887279014955,2695.9825934123273,2325.0,444.0,80.0,0,0,B,0,0,B,0,235.5167982314916,20015.301068666482,0.6504175000009127
63,DG2_k5_t0_R,16,16,16,12995.017,667,16,1,29,6212.700417579889,8932.016744300516,3636.7004175798884,5295.316326720631,3335.0,648.0,80.0,0,0,C,493,200,C,2,,,0.9041216000041459
63,DG2_k2_t0_F,16,16,16,10429.877,547,16,1,27,6287.882848546842,7081.876866954862,3847.8828485468434,3233.994018408022,2735.0,533.0,80.0,0,0,B,0,0,B,0,403.20336688065873,20157.04592963063,0.6082775999966543
63,DG2_k3_t0_F,16,16,16,10828.548,567,16,1,27,6686.554448011989,7360.548466420009,4126.554448011991,3233.994018408022,2835.0,553.0,80.0,0,0,B,0,0,B,0,893.750999492464,20647.593562242437,0.5830613000143785
64,Cplus3F,16,16,16,8810.095,400,16,1,27,5396.144512188132,6341.095180406652,3580.1445121881334,2760.950668218519,2000.0,389.0,80.0,0,0,B,0,0,,,,,0.5546875
64,C3FDirect,16,16,16,9466.872,545,16,1,29,5610.588922387936,6126.872362624413,3286.5889223879353,2840.2834402364806,2725.0,535.0,80.0,0,0,C,289,172,,,,,0.5304775000258815
64,DG2_k1_t0_R,16,16,16,9466.872,545,16,1,29,5610.588922387936,6126.872362624413,3286.5889223879353,2840.2834402364806,2725.0,535.0,80.0,0,0,C,289,172,C,1,,,0.586385300004622
64,DG2_k2_t0_R,16,16,16,9466.872,545,16,1,29,5610.588922387936,6126.872362624413,3286.5889223879353,2840.2834402364806,2725.0,535.0,80.0,0,0,C,289,172,C,3,,,0.5530687000136822
64,DG2_k2_t1_R,16,16,16,9466.872,545,16,1,29,5610.588922387936,6126.872362624413,3286.5889223879353,2840.2834402364806,2725.0,535.0,80.0,0,0,C,289,172,C,3,,,0.5316828000068199
64,DG2_k3_t0_R,16,16,16,9466.872,545,16,1,29,5610.588922387936,6126.872362624413,3286.5889223879353,2840.2834402364806,2725.0,535.0,80.0,0,0,C,289,172,C,3,,,0.5304170000017621
64,DG2_k3_t1_R,16,16,16,9466.872,545,16,1,29,5610.588922387936,6126.872362624413,3286.5889223879353,2840.2834402364806,2725.0,535.0,80.0,0,0,C,289,172,C,3,,,0.5550828000123147
64,DG2_k5_t0_R,16,16,16,9466.872,545,16,1,29,5610.588922387936,6126.872362624413,3286.5889223879353,2840.2834402364806,2725.0,535.0,80.0,0,0,C,289,172,C,3,,,0.5455173999944236
64,DG2_k2_t0_F,16,16,16,9466.872,545,16,1,29,5610.588922387936,6126.872362624413,3286.5889223879353,2840.2834402364806,2725.0,535.0,80.0,0,0,C,289,172,C,3,,,0.544752999994671
64,DG2_k3_t0_F,16,16,16,9466.872,545,16,1,29,5610.588922387936,6126.872362624413,3286.5889223879353,2840.2834402364806,2725.0,535.0,80.0,0,0,C,289,172,C,3,,,0.5850151000195183
65,Cplus3F,16,16,16,9468.419,456,16,1,27,6392.662921912256,6674.418633135304,4017.6629219122574,2656.7557112230465,2280.0,434.0,80.0,0,0,B,0,0,,,,,0.5097309999982826
65,C3FDirect,16,16,16,11678.094,647,16,1,29,5876.057963760321,7742.094113679152,3288.05796376032,4454.036149918831,3235.0,621.0,80.0,0,0,C,312,196,,,,,0.5778898000135086
65,DG2_k1_t0_R,16,16,16,10234.418,494,16,1,27,6721.723628840399,7212.417722686509,4319.7236288404,2892.69409384611,2470.0,472.0,80.0,0,0,B,0,0,B,0,508.3736382682878,21385.38184761184,0.5550248999788892
65,DG2_k2_t0_R,16,16,16,9512.836,458,16,1,27,6240.908414781764,6704.83613836907,3787.908414781764,2916.9277235873064,2290.0,438.0,80.0,0,0,B,0,0,B,0,288.47307916059424,20422.27694531244,0.5456277999910526
65,DG2_k2_t1_R,16,16,16,9512.836,458,16,1,27,6240.908414781764,6704.83613836907,3787.908414781764,2916.9277235873064,2290.0,438.0,80.0,0,0,B,0,0,B,0,288.47307916059424,20422.27694531244,0.5690456999873277
65,DG2_k3_t0_R,16,16,16,9446.926,449,16,1,27,6423.182674397769,6679.9259645544835,4108.182674397769,2571.743290156716,2245.0,442.0,80.0,0,0,B,0,0,B,0,235.5167982314916,20015.301068666482,0.5095327000017278
65,DG2_k3_t1_R,16,16,16,9446.926,449,16,1,27,6423.182674397769,6679.9259645544835,4108.182674397769,2571.743290156716,2245.0,442.0,80.0,0,0,B,0,0,B,0,235.5167982314916,20015.301068666482,0.541231000010157
65,DG2_k5_t0_R,16,16,16,11678.094,647,16,1,29,5876.057963760321,7742.094113679152,3288.05796376032,4454.036149918831,3235.0,621.0,80.0,0,0,C,312,196,C,1,,,0.6507113999978174
65,DG2_k2_t0_F,16,16,16,9981.441,496,16,1,27,6905.684931821199,6947.440643044247,4290.6849318212,2656.7557112230465,2480.0,474.0,80.0,0,0,B,0,0,B,0,403.20336688065873,20157.04592963063,0.6211798000149429
65,DG2_k3_t0_F,16,16,16,10380.112,516,16,1,27,7304.356531286346,7226.1122425093945,4569.3565312863475,2656.7557112230465,2580.0,494.0,80.0,0,0,B,0,0,B,0,893.750999492464,20647.593562242437,0.5996956000162754
66,Cplus3F,16,16,16,8030.941,370,16,1,27,5734.353658693745,5745.941492929585,3622.353658693746,2123.5878342358396,1850.0,355.0,80.0,0,0,B,0,0,,,,,0.4868871999788098
66,C3FDirect,16,16,16,10991.357,567,16,1,29,6128.8860087931835,7551.356775196284,3467.8860087931826,4083.470766403106,2835.0,525.0,80.0,0,0,C,264,120,,,,,0.6349119999795221
66,DG2_k1_t0_R,16,16,16,7861.692,354,16,1,27,5351.267671185295,5675.691551634165,3400.267671185294,2275.4238804488705,1770.0,336.0,80.0,0,0,B,0,0,B,0,508.3736382682878,21385.38184761184,0.23314560001017526
66,DG2_k2_t0_R,16,16,16,10991.357,567,16,1,29,6128.8860087931835,7551.356775196284,3467.8860087931826,4083.470766403106,2835.0,525.0,80.0,0,0,C,264,120,C,2,,,0.6107466999965254
66,DG2_k2_t1_R,16,16,16,10991.357,567,16,1,29,6128.8860087931835,7551.356775196284,3467.8860087931826,4083.470766403106,2835.0,525.0,80.0,0,0,C,264,120,C,2,,,0.639267699996708
66,DG2_k3_t0_R,16,16,16,10991.357,567,16,1,29,6128.8860087931835,7551.356775196284,3467.8860087931826,4083.470766403106,2835.0,525.0,80.0,0,0,C,264,120,C,2,,,0.619042799982708
66,DG2_k3_t1_R,16,16,16,10991.357,567,16,1,29,6128.8860087931835,7551.356775196284,3467.8860087931826,4083.470766403106,2835.0,525.0,80.0,0,0,C,264,120,C,2,,,0.5961409000155982
66,DG2_k5_t0_R,16,16,16,10991.357,567,16,1,29,6128.8860087931835,7551.356775196284,3467.8860087931826,4083.470766403106,2835.0,525.0,80.0,0,0,C,264,120,C,3,,,0.6270438000210561
66,DG2_k2_t0_F,16,16,16,10991.357,567,16,1,29,6128.8860087931835,7551.356775196284,3467.8860087931826,4083.470766403106,2835.0,525.0,80.0,0,0,C,264,120,C,2,,,0.5735948999936227
66,DG2_k3_t0_F,16,16,16,10991.357,567,16,1,29,6128.8860087931835,7551.356775196284,3467.8860087931826,4083.470766403106,2835.0,525.0,80.0,0,0,C,264,120,C,2,,,0.641607199999271
67,Cplus3F,16,16,16,8638.232,425,16,1,27,4897.753538580645,6014.2317451338195,3040.753538580647,2973.478206553172,2125.0,419.0,80.0,0,0,B,0,0,,,,,0.7517100000113714
67,C3FDirect,16,16,16,13676.288,781,16,1,29,6280.832844622169,8920.287783396525,3681.832844622169,5238.454938774359,3905.0,771.0,80.0,0,0,C,505,304,,,,,0.9752434999973048
67,DG2_k1_t0_R,16,16,16,10806.022,547,16,1,27,6806.427654162123,7455.021659451914,4313.427654162124,3141.5940052897936,2735.0,536.0,80.0,0,0,B,0,0,B,0,508.3736382682878,21385.38184761184,0.5272879999829456
67,DG2_k2_t0_R,16,16,16,13676.288,781,16,1,29,6280.832844622169,8920.287783396525,3681.832844622169,5238.454938774359,3905.0,771.0,80.0,0,0,C,505,304,C,1,,,0.9100474999868311
67,DG2_k2_t1_R,16,16,16,9822.865,491,16,1,27,6691.432196084425,6805.864501118483,4294.4321960844245,2511.4323050340577,2455.0,482.0,80.0,0,0,B,0,0,B,1,288.47307916059424,20422.27694531244,0.6307209999940824
67,DG2_k3_t0_R,16,16,16,13676.288,781,16,1,29,6280.832844622169,8920.287783396525,3681.832844622169,5238.454938774359,3905.0,771.0,80.0,0,0,C,505,304,C,1,,,0.8520742999971844
67,DG2_k3_t1_R,16,16,16,9462.257,485,16,1,27,6619.521083158293,6477.257393372428,4144.521083158293,2332.7363102141376,2425.0,480.0,80.0,0,0,B,0,1,B,1,235.5167982314916,20015.301068666482,0.46985330001916736
67,DG2_k5_t0_R,16,16,16,13676.288,781,16,1,29,6280.832844622169,8920.287783396525,3681.832844622169,5238.454938774359,3905.0,771.0,80.0,0,0,C,505,304,C,3,,,0.9153407999838237
67,DG2_k2_t0_F,16,16,16,13676.288,781,16,1,29,6280.832844622169,8920.287783396525,3681.832844622169,5238.454938774359,3905.0,771.0,80.0,0,0,C,505,304,C,1,,,0.8379917999845929
67,DG2_k3_t0_F,16,16,16,13676.288,781,16,1,29,6280.832844622169,8920.287783396525,3681.832844622169,5238.454938774359,3905.0,771.0,80.0,0,0,C,505,304,C,1,,,0.9097843000199646
68,Cplus3F,16,16,16,8424.38,360,16,1,27,6085.990458937046,6195.379792427463,4048.9904589370476,2146.389333490418,1800.0,349.0,80.0,0,0,B,0,0,,,,,0.5937419000256341
68,C3FDirect,16,16,16,9713.466,510,16,1,29,5733.206292281141,6596.465673344056,3308.2062922811406,3288.2593810629164,2550.0,487.0,80.0,0,0,C,264,115,,,,,0.5216235999832861
68,DG2_k1_t0_R,16,16,16,9713.466,510,16,1,29,5733.206292281141,6596.465673344056,3308.2062922811406,3288.2593810629164,2550.0,487.0,80.0,0,0,C,264,115,C,2,,,0.5745125999965239
68,DG2_k2_t0_R,16,16,16,9713.466,510,16,1,29,5733.206292281141,6596.465673344056,3308.2062922811406,3288.2593810629164,2550.0,487.0,80.0,0,0,C,264,115,C,2,,,0.5084692999953404
68,DG2_k2_t1_R,16,16,16,9713.466,510,16,1,29,5733.206292281141,6596.465673344056,3308.2062922811406,3288.2593810629164,2550.0,487.0,80.0,0,0,C,264,115,C,2,,,0.5990935000008903
68,DG2_k3_t0_R,16,16,16,9713.466,510,16,1,29,5733.206292281141,6596.465673344056,3308.2062922811406,3288.2593810629164,2550.0,487.0,80.0,0,0,C,264,115,C,2,,,0.6314915000111796
68,DG2_k3_t1_R,16,16,16,9713.466,510,16,1,29,5733.206292281141,6596.465673344056,3308.2062922811406,3288.2593810629164,2550.0,487.0,80.0,0,0,C,264,115,C,2,,,0.6179126000206452
68,DG2_k5_t0_R,16,16,16,9713.466,510,16,1,29,5733.206292281141,6596.465673344056,3308.2062922811406,3288.2593810629164,2550.0,487.0,80.0,0,0,C,264,115,C,3,,,0.6076078999903984
68,DG2_k2_t0_F,16,16,16,9713.466,510,16,1,29,5733.206292281141,6596.465673344056,3308.2062922811406,3288.2593810629164,2550.0,487.0,80.0,0,0,C,264,115,C,2,,,0.5413911000068765
68,DG2_k3_t0_F,16,16,16,9713.466,510,16,1,29,5733.206292281141,6596.465673344056,3308.2062922811406,3288.2593810629164,2550.0,487.0,80.0,0,0,C,264,115,C,2,,,0.599787599989213
69,Cplus3F,16,16,16,9938.119,464,16,1,27,6023.779282780921,7102.119288199145,3806.779282780922,3295.340005418222,2320.0,436.0,80.0,0,0,B,0,0,,,,,0.7279617999738548
69,C3FDirect,16,16,16,12530.176,647,16,1,29,6028.550002388431,8597.17606164996,3507.5500023884306,5089.626059261529,3235.0,618.0,80.0,0,0,C,448,207,,,,,0.7647196000034455
69,DG2_k1_t0_R,16,16,16,12530.176,647,16,1,29,6028.550002388431,8597.17606164996,3507.5500023884306,5089.626059261529,3235.0,618.0,80.0,0,0,C,448,207,C,1,,,0.79956910002511
69,DG2_k2_t0_R,16,16,16,12530.176,647,16,1,29,6028.550002388431,8597.17606164996,3507.5500023884306,5089.626059261529,3235.0,618.0,80.0,0,0,C,448,207,C,1,,,0.8142644999898039
69,DG2_k2_t1_R,16,16,16,9182.478,424,16,1,27,6960.699665815288,6563.477682971919,4464.6996658152875,2098.778017156631,2120.0,419.0,80.0,0,0,B,0,1,B,1,288.47307916059424,20422.27694531244,0.3674980000068899
69,DG2_k3_t0_R,16,16,16,12530.176,647,16,1,29,6028.550002388431,8597.17606164996,3507.5500023884306,5089.626059261529,3235.0,618.0,80.0,0,0,C,448,207,C,3,,,0.7495333999977447
69,DG2_k3_t1_R,16,16,16,12530.176,647,16,1,29,6028.550002388431,8597.17606164996,3507.5500023884306,5089.626059261529,3235.0,618.0,80.0,0,0,C,448,207,C,3,,,0.7468884999980219
69,DG2_k5_t0_R,16,16,16,12530.176,647,16,1,29,6028.550002388431,8597.17606164996,3507.5500023884306,5089.626059261529,3235.0,618.0,80.0,0,0,C,448,207,C,3,,,0.7342543000122532
69,DG2_k2_t0_F,16,16,16,12530.176,647,16,1,29,6028.550002388431,8597.17606164996,3507.5500023884306,5089.626059261529,3235.0,618.0,80.0,0,0,C,448,207,C,1,,,0.7769190999970306
69,DG2_k3_t0_F,16,16,16,12530.176,647,16,1,29,6028.550002388431,8597.17606164996,3507.5500023884306,5089.626059261529,3235.0,618.0,80.0,0,0,C,448,207,C,3,,,0.7227560000028461
70,Cplus3F,16,16,16,8705.98,358,16,1,27,5964.716742754519,6496.979938513481,3937.7167427545214,2559.2631957589642,1790.0,339.0,80.0,0,0,B,0,0,,,,,0.41834799997741356
70,C3FDirect,16,16,16,10260.869,552,16,1,29,5969.97159454612,6884.869274549245,3515.971594546119,3368.8976800031246,2760.0,536.0,80.0,0,0,C,233,165,,,,,0.360504399985075
70,DG2_k1_t0_R,16,16,16,10260.869,552,16,1,29,5969.97159454612,6884.869274549245,3515.971594546119,3368.8976800031246,2760.0,536.0,80.0,0,0,C,233,165,C,3,,,0.3685309000138659
70,DG2_k2_t0_R,16,16,16,10260.869,552,16,1,29,5969.97159454612,6884.869274549245,3515.971594546119,3368.8976800031246,2760.0,536.0,80.0,0,0,C,233,165,C,3,,,0.3461562000156846
70,DG2_k2_t1_R,16,16,16,10260.869,552,16,1,29,5969.97159454612,6884.869274549245,3515.971594546119,3368.8976800031246,2760.0,536.0,80.0,0,0,C,233,165,C,3,,,0.34794659999897704
70,DG2_k3_t0_R,16,16,16,10260.869,552,16,1,29,5969.97159454612,6884.869274549245,3515.971594546119,3368.8976800031246,2760.0,536.0,80.0,0,0,C,233,165,C,3,,,0.307741900003748
70,DG2_k3_t1_R,16,16,16,10260.869,552,16,1,29,5969.97159454612,6884.869274549245,3515.971594546119,3368.8976800031246,2760.0,536.0,80.0,0,0,C,233,165,C,3,,,0.3286370999994688
70,DG2_k5_t0_R,16,16,16,10260.869,552,16,1,29,5969.97159454612,6884.869274549245,3515.971594546119,3368.8976800031246,2760.0,536.0,80.0,0,0,C,233,165,C,4,,,0.34447609999915585
70,DG2_k2_t0_F,16,16,16,10260.869,552,16,1,29,5969.97159454612,6884.869274549245,3515.971594546119,3368.8976800031246,2760.0,536.0,80.0,0,0,C,233,165,C,3,,,0.3155343999969773
70,DG2_k3_t0_F,16,16,16,10260.869,552,16,1,29,5969.97159454612,6884.869274549245,3515.971594546119,3368.8976800031246,2760.0,536.0,80.0,0,0,C,233,165,C,3,,,0.3445883000094909
71,Cplus3F,16,16,16,9023.561,431,16,1,27,6097.1862816848015,6368.56103319917,3753.1862816848034,2615.3747515143655,2155.0,420.0,80.0,0,0,B,0,0,,,,,0.42903269999078475
71,C3FDirect,16,16,16,11355.096,627,16,1,29,6333.619956142494,7531.095564652623,3630.6199561424924,3900.47560851013,3135.0,609.0,80.0,0,0,C,301,168,,,,,0.6301372000016272
71,DG2_k1_t0_R,16,16,16,9242.152,411,16,1,27,5634.281750794349,6724.152066899544,3680.281750794348,3043.8703161051967,2055.0,383.0,80.0,0,0,B,0,0,B,0,508.3736382682878,21385.38184761184,0.7032757999841124
71,DG2_k2_t0_R,16,16,16,11355.096,627,16,1,29,6333.619956142494,7531.095564652623,3630.6199561424924,3900.47560851013,3135.0,609.0,80.0,0,0,C,301,168,C,1,,,0.6109913999971468
71,DG2_k2_t1_R,16,16,16,11685.552,591,16,1,27,6960.404033660624,8086.552238861328,4245.404033660624,3841.148205200702,2955.0,564.0,80.0,0,0,B,0,0,B,1,288.47307916059424,20422.27694531244,0.6866026000061538
71,DG2_k3_t0_R,16,16,16,11355.096,627,16,1,29,6333.619956142494,7531.095564652623,3630.6199561424924,3900.47560851013,3135.0,609.0,80.0,0,0,C,301,168,C,2,,,0.6530854000011459
71,DG2_k3_t1_R,16,16,16,11355.096,627,16,1,29,6333.619956142494,7531.095564652623,3630.6199561424924,3900.47560851013,3135.0,609.0,80.0,0,0,C,301,168,C,2,,,0.6489571999991313
71,DG2_k5_t0_R,16,16,16,11355.096,627,16,1,29,6333.619956142494,7531.095564652623,3630.6199561424924,3900.47560851013,3135.0,609.0,80.0,0,0,C,301,168,C,2,,,0.6223375000117812
71,DG2_k2_t0_F,16,16,16,11355.096,627,16,1,29,6333.619956142494,7531.095564652623,3630.6199561424924,3900.47560851013,3135.0,609.0,80.0,0,0,C,301,168,C,1,,,0.6121324000123423
71,DG2_k3_t0_F,16,16,16,11355.096,627,16,1,29,6333.619956142494,7531.095564652623,3630.6199561424924,3900.47560851013,3135.0,609.0,80.0,0,0,C,301,168,C,2,,,0.6271489000064321
72,Cplus3F,16,16,16,8045.827,373,16,1,27,4551.902762479442,5741.827204448447,2844.9027624794426,2896.924441969003,1865.0,359.0,80.0,0,0,B,0,0,,,,,0.4328514999942854
72,C3FDirect,16,16,16,11579.341,690,16,1,29,6168.870847365766,7370.341336993534,3635.8708473657653,3734.470489627773,3450.0,679.0,80.0,0,0,C,670,244,,,,,0.950543100014329
72,DG2_k1_t0_R,16,16,16,11579.341,690,16,1,29,6168.870847365766,7370.341336993534,3635.8708473657653,3734.470489627773,3450.0,679.0,80.0,0,0,C,670,244,C,1,,,0.9715480000013486
72,DG2_k2_t0_R,16,16,16,11579.341,690,16,1,29,6168.870847365766,7370.341336993534,3635.8708473657653,3734.470489627773,3450.0,679.0,80.0,0,0,C,670,244,C,1,,,0.9124290999898221
72,DG2_k2_t1_R,16,16,16,8666.654,397,16,1,27,6377.590652475414,6210.65394438964,4118.5906524754155,2092.0632919142236,1985.0,391.0,80.0,0,0,B,0,1,B,1,288.47307916059424,20422.27694531244,0.2679420000058599
72,DG2_k3_t0_R,16,16,16,11579.341,690,16,1,29,6168.870847365766,7370.341336993534,3635.8708473657653,3734.470489627773,3450.0,679.0,80.0,0,0,C,670,244,C,2,,,0.9740911000117194
72,DG2_k3_t1_R,16,16,16,11579.341,690,16,1,29,6168.870847365766,7370.341336993534,3635.8708473657653,3734.470489627773,3450.0,679.0,80.0,0,0,C,670,244,C,2,,,0.9076143999991473
72,DG2_k5_t0_R,16,16,16,11579.341,690,16,1,29,6168.870847365766,7370.341336993534,3635.8708473657653,3734.470489627773,3450.0,679.0,80.0,0,0,C,670,244,C,3,,,0.9185871999943629
72,DG2_k2_t0_F,16,16,16,11579.341,690,16,1,29,6168.870847365766,7370.341336993534,3635.8708473657653,3734.470489627773,3450.0,679.0,80.0,0,0,C,670,244,C,1,,,0.9511197000101674
72,DG2_k3_t0_F,16,16,16,11579.341,690,16,1,29,6168.870847365766,7370.341336993534,3635.8708473657653,3734.470489627773,3450.0,679.0,80.0,0,0,C,670,244,C,2,,,0.9321939999936149
73,Cplus3F,16,16,16,8010.379,398,16,1,27,5019.3397378612,5559.378694027859,3104.3397378612017,2455.0389561666593,1990.0,381.0,80.0,0,0,B,0,0,,,,,0.5950690000026952
73,C3FDirect,16,16,16,11000.715,594,16,1,29,6218.6176738973745,7369.715421640813,3660.6176738973736,3709.09774774344,2970.0,581.0,80.0,0,0,C,297,174,,,,,0.5096754999831319
73,DG2_k1_t0_R,16,16,16,10404.653,501,16,1,27,6996.498107646334,7322.653056547942,4454.498107646334,2868.15494890161,2505.0,497.0,80.0,0,0,B,0,0,B,0,508.3736382682878,21385.38184761184,0.5230209000001196
73,DG2_k2_t0_R,16,16,16,9190.66,482,16,1,27,6815.32638715926,6223.65956655338,4305.32638715926,1918.3331793941197,2410.0,477.0,80.0,0,0,B,0,0,B,0,288.47307916059424,20422.27694531244,0.36870859999908134
73,DG2_k2_t1_R,16,16,16,9190.66,482,16,1,27,6815.32638715926,6223.65956655338,4305.32638715926,1918.3331793941197,2410.0,477.0,80.0,0,0,B,0,0,B,0,288.47307916059424,20422.27694531244,0.36538350000046194
73,DG2_k3_t0_R,16,16,16,11000.715,594,16,1,29,6218.6176738973745,7369.715421640813,3660.6176738973736,3709.09774774344,2970.0,581.0,80.0,0,0,C,297,174,C,1,,,0.44495229999301955
73,DG2_k3_t1_R,16,16,16,9084.514,410,16,1,27,6328.329664250901,6557.514233101309,4081.329664250902,2476.184568850406,2050.0,397.0,80.0,0,0,B,0,0,B,1,235.5167982314916,20015.301068666482,0.4151673000014853
73,DG2_k5_t0_R,16,16,16,11000.715,594,16,1,29,6218.6176738973745,7369.715421640813,3660.6176738973736,3709.09774774344,2970.0,581.0,80.0,0,0,C,297,174,C,3,,,0.43979989999206737
73,DG2_k2_t0_F,16,16,16,8523.401,438,16,1,27,5532.361747770144,5832.4007039368025,3377.361747770145,2455.0389561666593,2190.0,421.0,80.0,0,0,B,0,0,B,0,403.20336688065873,20157.04592963063,0.5815344000002369
73,DG2_k3_t0_F,16,16,16,11000.715,594,16,1,29,6218.6176738973745,7369.715421640813,3660.6176738973736,3709.09774774344,2970.0,581.0,80.0,0,0,C,297,174,C,1,,,0.49729369999840856
74,Cplus3F,16,16,16,8885.465,435,16,1,27,6129.982814834028,6212.465453121264,3830.98281483403,2381.4826382872347,2175.0,418.0,80.0,0,0,B,0,0,,,,,0.5958395999914501
74,C3FDirect,16,16,16,9221.373,508,16,1,29,5258.532799501759,6104.373334721241,3125.5327995017574,2978.8405352194854,2540.0,497.0,80.0,0,0,C,380,152,,,,,0.6170975000131875
74,DG2_k1_t0_R,16,16,16,8885.668,376,16,1,27,6420.772658824218,6555.668228069316,4273.772658824218,2281.895569245099,1880.0,370.0,80.0,0,0,B,0,0,B,0,508.3736382682878,21385.38184761184,0.5046164999948815
74,DG2_k2_t0_R,16,16,16,9221.373,508,16,1,29,5258.532799501759,6104.373334721241,3125.5327995017574,2978.8405352194854,2540.0,497.0,80.0,0,0,C,380,152,C,1,,,0.6633555000007618
74,DG2_k2_t1_R,16,16,16,9428.182,440,16,1,27,6614.907938011884,6722.181622911773,4133.907938011885,2588.273684899889,2200.0,426.0,80.0,0,0,B,0,0,B,1,288.47307916059424,20422.27694531244,0.5305828000127804
74,DG2_k3_t0_R,16,16,16,9221.373,508,16,1,29,5258.532799501759,6104.373334721241,3125.5327995017574,2978.8405352194854,2540.0,497.0,80.0,0,0,C,380,152,C,1,,,0.6598826999834273
74,DG2_k3_t1_R,16,16,16,9048.212,422,16,1,27,6327.035743966751,6454.211836593293,3974.0357439667514,2480.176092626542,2110.0,404.0,80.0,0,0,B,0,1,B,1,235.5167982314916,20015.301068666482,0.40839869997580536
74,DG2_k5_t0_R,16,16,16,9221.373,508,16,1,29,5258.532799501759,6104.373334721241,3125.5327995017574,2978.8405352194854,2540.0,497.0,80.0,0,0,C,380,152,C,2,,,0.6345195999892894
74,DG2_k2_t0_F,16,16,16,9221.373,508,16,1,29,5258.532799501759,6104.373334721241,3125.5327995017574,2978.8405352194854,2540.0,497.0,80.0,0,0,C,380,152,C,1,,,0.7706619999953546
74,DG2_k3_t0_F,16,16,16,9221.373,508,16,1,29,5258.532799501759,6104.373334721241,3125.5327995017574,2978.8405352194854,2540.0,497.0,80.0,0,0,C,380,152,C,1,,,0.6547955999849364
75,Cplus3F,16,16,16,8667.363,426,16,1,27,6295.535505309856,6043.3633179228555,4039.5355053098565,2003.8278126130028,2130.0,414.0,80.0,0,0,B,0,0,,,,,0.23480059998109937
75,C3FDirect,16,16,16,12345.323,679,16,1,29,6409.762102471473,8223.323107303613,3677.762102471472,4545.561004832146,3395.0,647.0,80.0,0,0,C,376,199,,,,,0.7743379999883473
75,DG2_k1_t0_R,16,16,16,12345.323,679,16,1,29,6409.762102471473,8223.323107303613,3677.762102471472,4545.561004832146,3395.0,647.0,80.0,0,0,C,376,199,C,1,,,0.8229514999839012
75,DG2_k2_t0_R,16,16,16,12345.323,679,16,1,29,6409.762102471473,8223.323107303613,3677.762102471472,4545.561004832146,3395.0,647.0,80.0,0,0,C,376,199,C,1,,,0.791191099997377
75,DG2_k2_t1_R,16,16,16,10242.189,513,16,1,27,6930.940884268939,7101.188684708945,4343.940884268938,2757.2478004400095,2565.0,496.0,80.0,0,0,B,0,1,B,1,288.47307916059424,20422.27694531244,0.3519285000220407
75,DG2_k3_t0_R,16,16,16,12345.323,679,16,1,29,6409.762102471473,8223.323107303613,3677.762102471472,4545.561004832146,3395.0,647.0,80.0,0,0,C,376,199,C,2,,,0.7943817999912426
75,DG2_k3_t1_R,16,16,16,12345.323,679,16,1,29,6409.762102471473,8223.323107303613,3677.762102471472,4545.561004832146,3395.0,647.0,80.0,0,0,C,376,199,C,2,,,0.8056976000079885
75,DG2_k5_t0_R,16,16,16,12345.323,679,16,1,29,6409.762102471473,8223.323107303613,3677.762102471472,4545.561004832146,3395.0,647.0,80.0,0,0,C,376,199,C,4,,,0.8032416999922134
75,DG2_k2_t0_F,16,16,16,12345.323,679,16,1,29,6409.762102471473,8223.323107303613,3677.762102471472,4545.561004832146,3395.0,647.0,80.0,0,0,C,376,199,C,1,,,0.7965942000155337
75,DG2_k3_t0_F,16,16,16,12345.323,679,16,1,29,6409.762102471473,8223.323107303613,3677.762102471472,4545.561004832146,3395.0,647.0,80.0,0,0,C,376,199,C,2,,,0.767979700001888
76,Cplus3F,16,16,16,8443.078,385,16,1,27,6254.697162148327,6061.077595690234,4014.697162148329,2046.3804335419043,1925.0,377.0,80.0,0,0,B,0,0,,,,,0.4040118999837432
76,C3FDirect,16,16,16,12699.647,663,16,1,29,6065.516505062628,8670.646683868365,3574.5165050626274,5096.130178805744,3315.0,634.0,80.0,0,0,C,573,200,,,,,1.3596947999903932
76,DG2_k1_t0_R,16,16,16,9098.334,425,16,1,27,5725.96787316904,6484.334107116876,3713.967873169039,2770.3662339478374,2125.0,409.0,80.0,0,0,B,0,0,B,0,508.3736382682878,21385.38184761184,0.5619048999797087
76,DG2_k2_t0_R,16,16,16,12699.647,663,16,1,29,6065.516505062628,8670.646683868365,3574.5165050626274,5096.130178805744,3315.0,634.0,80.0,0,0,C,573,200,C,2,,,1.390767600008985
76,DG2_k2_t1_R,16,16,16,12699.647,663,16,1,29,6065.516505062628,8670.646683868365,3574.5165050626274,5096.130178805744,3315.0,634.0,80.0,0,0,C,573,200,C,2,,,1.3541503000014927
76,DG2_k3_t0_R,16,16,16,12699.647,663,16,1,29,6065.516505062628,8670.646683868365,3574.5165050626274,5096.130178805744,3315.0,634.0,80.0,0,0,C,573,200,C,2,,,1.3646991999994498
76,DG2_k3_t1_R,16,16,16,12699.647,663,16,1,29,6065.516505062628,8670.646683868365,3574.5165050626274,5096.130178805744,3315.0,634.0,80.0,0,0,C,573,200,C,2,,,1.4510096999874804
76,DG2_k5_t0_R,16,16,16,12699.647,663,16,1,29,6065.516505062628,8670.646683868365,3574.5165050626274,5096.130178805744,3315.0,634.0,80.0,0,0,C,573,200,C,2,,,1.4436616000020877
76,DG2_k2_t0_F,16,16,16,12699.647,663,16,1,29,6065.516505062628,8670.646683868365,3574.5165050626274,5096.130178805744,3315.0,634.0,80.0,0,0,C,573,200,C,2,,,1.424194899998838
76,DG2_k3_t0_F,16,16,16,12699.647,663,16,1,29,6065.516505062628,8670.646683868365,3574.5165050626274,5096.130178805744,3315.0,634.0,80.0,0,0,C,573,200,C,2,,,1.4028345000115223
77,Cplus3F,16,16,16,8580.054,420,16,1,27,5926.500476065555,5986.05410563245,3777.5004760655556,2208.5536295668953,2100.0,414.0,80.0,0,0,B,0,0,,,,,0.26395490000140853
77,C3FDirect,16,16,16,13254.724,768,16,1,29,5629.195357298801,8575.723815444377,3280.195357298799,5295.528458145575,3840.0,759.0,80.0,0,0,C,596,339,,,,,1.217597199982265
77,DG2_k1_t0_R,16,16,16,10097.329,484,16,1,27,6815.808592309585,7141.328633728576,4305.808592309584,2835.520041418992,2420.0,456.0,80.0,0,0,B,0,0,B,0,508.3736382682878,21385.38184761184,0.45126520001213066
77,DG2_k2_t0_R,16,16,16,9176.027,434,16,1,27,6048.476664215021,6517.027095081154,3773.4766642150216,2743.55043086613,2170.0,409.0,80.0,0,0,B,0,0,B,0,288.47307916059424,20422.27694531244,0.4974909999873489
77,DG2_k2_t1_R,16,16,16,9176.027,434,16,1,27,6048.476664215021,6517.027095081154,3773.4766642150216,2743.55043086613,2170.0,409.0,80.0,0,0,B,0,0,B,0,288.47307916059424,20422.27694531244,0.4799018000194337
77,DG2_k3_t0_R,16,16,16,11351.03,647,16,1,27,6385.698581744657,7401.02991966656,3912.698581744656,3488.3313379219026,3235.0,635.0,80.0,0,0,B,0,0,B,0,235.5167982314916,20015.301068666482,0.8066192999831401
77,DG2_k3_t1_R,16,16,16,11351.03,647,16,1,27,6385.698581744657,7401.02991966656,3912.698581744656,3488.3313379219026,3235.0,635.0,80.0,0,0,B,0,0,B,0,235.5167982314916,20015.301068666482,0.7757862000144087
77,DG2_k5_t0_R,16,16,16,13254.724,768,16,1,29,5629.195357298801,8575.723815444377,3280.195357298799,5295.528458145575,3840.0,759.0,80.0,0,0,C,596,339,C,3,,,1.3122916000138503
77,DG2_k2_t0_F,16,16,16,9093.076,460,16,1,27,6439.522485974498,6259.076115541393,4050.522485974499,2208.5536295668953,2300.0,454.0,80.0,0,0,B,0,0,B,0,403.20336688065873,20157.04592963063,0.2744634000118822
77,DG2_k3_t0_F,16,16,16,9491.748,480,16,1,27,6838.194085439644,6537.74771500654,4329.194085439646,2208.5536295668953,2400.0,474.0,80.0,0,0,B,0,0,B,0,893.750999492464,20647.593562242437,0.2977307999972254
78,Cplus3F,16,16,16,9496.507,458,16,1,27,6107.465187097099,6686.50703148795,3796.465187097101,2890.0418443908516,2290.0,440.0,80.0,0,0,B,0,0,,,,,0.6823692999896593
78,C3FDirect,16,16,16,9841.22,503,16,1,29,6120.542188113187,6768.2196222522125,3690.5421881131856,3077.6774341390283,2515.0,478.0,80.0,0,0,C,243,116,,,,,0.4812961000134237
78,DG2_k1_t0_R,16,16,16,9841.22,503,16,1,29,6120.542188113187,6768.2196222522125,3690.5421881131856,3077.6774341390283,2515.0,478.0,80.0,0,0,C,243,116,C,1,,,0.4778267999936361
78,DG2_k2_t0_R,16,16,16,9841.22,503,16,1,29,6120.542188113187,6768.2196222522125,3690.5421881131856,3077.6774341390283,2515.0,478.0,80.0,0,0,C,243,116,C,2,,,0.5003091999969911
78,DG2_k2_t1_R,16,16,16,9841.22,503,16,1,29,6120.542188113187,6768.2196222522125,3690.5421881131856,3077.6774341390283,2515.0,478.0,80.0,0,0,C,243,116,C,2,,,0.4788303000095766
78,DG2_k3_t0_R,16,16,16,9841.22,503,16,1,29,6120.542188113187,6768.2196222522125,3690.5421881131856,3077.6774341390283,2515.0,478.0,80.0,0,0,C,243,116,C,3,,,0.4777942000073381
78,DG2_k3_t1_R,16,16,16,9841.22,503,16,1,29,6120.542188113187,6768.2196222522125,3690.5421881131856,3077.6774341390283,2515.0,478.0,80.0,0,0,C,243,116,C,3,,,0.4588559000112582
78,DG2_k5_t0_R,16,16,16,9841.22,503,16,1,29,6120.542188113187,6768.2196222522125,3690.5421881131856,3077.6774341390283,2515.0,478.0,80.0,0,0,C,243,116,C,3,,,0.4771030999836512
78,DG2_k2_t0_F,16,16,16,9841.22,503,16,1,29,6120.542188113187,6768.2196222522125,3690.5421881131856,3077.6774341390283,2515.0,478.0,80.0,0,0,C,243,116,C,2,,,0.4889811000030022
78,DG2_k3_t0_F,16,16,16,9841.22,503,16,1,29,6120.542188113187,6768.2196222522125,3690.5421881131856,3077.6774341390283,2515.0,478.0,80.0,0,0,C,243,116,C,3,,,0.4718935999844689
79,Cplus3F,16,16,16,8941.599,495,16,1,27,5167.936160361047,5895.598872034962,3084.936160361048,2810.662711673915,2475.0,491.0,80.0,0,0,B,0,0,,,,,0.6081210999982432
79,C3FDirect,16,16,16,10309.628,622,16,1,29,6498.013128032539,6503.627657920752,3689.013128032535,2814.614529888219,3110.0,616.0,80.0,0,0,C,230,177,,,,,0.5302354999876115
79,DG2_k1_t0_R,16,16,16,10309.628,622,16,1,29,6498.013128032539,6503.627657920752,3689.013128032535,2814.614529888219,3110.0,616.0,80.0,0,0,C,230,177,C,1,,,0.5435862999875098
79,DG2_k2_t0_R,16,16,16,10309.628,622,16,1,29,6498.013128032539,6503.627657920752,3689.013128032535,2814.614529888219,3110.0,616.0,80.0,0,0,C,230,177,C,1,,,0.5618932000070345
79,DG2_k2_t1_R,16,16,16,9269.638,474,16,1,27,6989.246117815337,6359.637887915763,4373.246117815337,1986.391770100427,2370.0,460.0,80.0,0,0,B,0,1,B,1,288.47307916059424,20422.27694531244,0.5683288000000175
79,DG2_k3_t0_R,16,16,16,10309.628,622,16,1,29,6498.013128032539,6503.627657920752,3689.013128032535,2814.614529888219,3110.0,616.0,80.0,0,0,C,230,177,C,1,,,0.5292068000126164
79,DG2_k3_t1_R,16,16,16,8280.099,399,16,1,27,5605.109523458643,5826.099202342651,3474.109523458643,2351.989678884007,1995.0,379.0,80.0,0,0,B,0,2,B,1,235.5167982314916,20015.301068666482,0.7374080999870785
79,DG2_k5_t0_R,16,16,16,10309.628,622,16,1,29,6498.013128032539,6503.627657920752,3689.013128032535,2814.614529888219,3110.0,616.0,80.0,0,0,C,230,177,C,3,,,0.5545764000271447
79,DG2_k2_t0_F,16,16,16,10309.628,622,16,1,29,6498.013128032539,6503.627657920752,3689.013128032535,2814.614529888219,3110.0,616.0,80.0,0,0,C,230,177,C,1,,,0.5764673000085168
79,DG2_k3_t0_F,16,16,16,10309.628,622,16,1,29,6498.013128032539,6503.627657920752,3689.013128032535,2814.614529888219,3110.0,616.0,80.0,0,0,C,230,177,C,1,,,0.5311868000135291
80,Cplus3F,16,16,16,9592.941,448,16,1,27,5825.548479006022,6840.941472520128,3609.548479006024,3231.3929935141027,2240.0,432.0,80.0,0,0,B,0,0,,,,,0.5586209000030067
80,C3FDirect,16,16,16,10457.53,554,16,1,29,5967.780302770441,7075.529906925847,3559.78030277044,3515.7496041554145,2770.0,532.0,80.0,0,0,C,381,149,,,,,0.898797600006219
80,DG2_k1_t0_R,16,16,16,8864.57,395,16,1,27,5813.506665552699,6440.56994431258,3704.5066655527,2736.063278759881,1975.0,369.0,80.0,0,0,B,0,0,B,0,508.3736382682878,21385.38184761184,0.9467200000071898
80,DG2_k2_t0_R,16,16,16,10157.988,476,16,1,27,6993.857282481891,7246.9881654555675,4357.857282481891,2889.130882973674,2380.0,451.0,80.0,0,0,B,0,0,B,0,288.47307916059424,20422.27694531244,1.0616204000252765
80,DG2_k2_t1_R,16,16,16,10157.988,476,16,1,27,6993.857282481891,7246.9881654555675,4357.857282481891,2889.130882973674,2380.0,451.0,80.0,0,0,B,0,0,B,0,288.47307916059424,20422.27694531244,1.046435400028713
80,DG2_k3_t0_R,16,16,16,9081.813,409,16,1,27,6407.776368269618,6561.813350269764,4089.7763682696186,2472.036982000147,2045.0,395.0,80.0,0,0,B,0,0,B,0,235.5167982314916,20015.301068666482,0.6625974999915343
80,DG2_k3_t1_R,16,16,16,9081.813,409,16,1,27,6407.776368269618,6561.813350269764,4089.7763682696186,2472.036982000147,2045.0,395.0,80.0,0,0,B,0,0,B,0,235.5167982314916,20015.301068666482,0.6195767000026535
80,DG2_k5_t0_R,16,16,16,10457.53,554,16,1,29,5967.780302770441,7075.529906925847,3559.78030277044,3515.7496041554145,2770.0,532.0,80.0,0,0,C,381,149,C,3,,,0.8307642999861855
80,DG2_k2_t0_F,16,16,16,10105.963,488,16,1,27,6338.5704889149665,7113.96348242907,3882.570488914967,3231.3929935141027,2440.0,472.0,80.0,0,0,B,0,0,B,0,403.20336688065873,20157.04592963063,0.542274700012058
80,DG2_k3_t0_F,16,16,16,10504.635,508,16,1,27,6737.242088380113,7392.635081894217,4161.242088380114,3231.3929935141027,2540.0,492.0,80.0,0,0,B,0,0,B,0,893.750999492464,20647.593562242437,0.48355880001327023
81,Cplus3F,16,16,16,8020.789,406,16,1,27,4711.158406224817,5522.788797722957,2861.158406224817,2661.6303914981386,2030.0,388.0,80.0,0,0,B,0,0,,,,,0.7701132000074722
81,C3FDirect,16,16,16,12053.677,666,16,1,29,6313.140514032506,7987.677426252761,3630.1405140325064,4357.536912220261,3330.0,656.0,80.0,0,0,C,452,196,,,,,0.6748700000171084
81,DG2_k1_t0_R,16,16,16,10037.342,459,16,1,27,6509.4895164997415,7211.342208069662,4298.489516499741,2912.852691569923,2295.0,451.0,80.0,0,0,B,0,0,B,0,508.3736382682878,21385.38184761184,0.5075868999992963
81,DG2_k2_t0_R,16,16,16,12053.677,666,16,1,29,6313.140514032506,7987.677426252761,3630.1405140325064,4357.536912220261,3330.0,656.0,80.0,0,0,C,452,196,C,1,,,0.5588546000071801
81,DG2_k2_t1_R,16,16,16,10041.505,451,16,1,27,6758.930027468196,7272.504842537293,4319.930027468196,2952.574815069096,2255.0,434.0,80.0,0,0,B,0,0,B,1,288.47307916059424,20422.27694531244,0.3989430999790784
81,DG2_k3_t0_R,16,16,16,12053.677,666,16,1,29,6313.140514032506,7987.677426252761,3630.1405140325064,4357.536912220261,3330.0,656.0,80.0,0,0,C,452,196,C,1,,,0.6365208000061102
81,DG2_k3_t1_R,16,16,16,9739.219,460,16,1,27,6322.366426368046,6906.219216802578,4064.3664263680466,2841.852790434532,2300.0,453.0,80.0,0,0,B,0,1,B,1,235.5167982314916,20015.301068666482,0.5536010999931023
81,DG2_k5_t0_R,16,16,16,12053.677,666,16,1,29,6313.140514032506,7987.677426252761,3630.1405140325064,4357.536912220261,3330.0,656.0,80.0,0,0,C,452,196,C,1,,,0.6868830000166781
81,DG2_k2_t0_F,16,16,16,12053.677,666,16,1,29,6313.140514032506,7987.677426252761,3630.1405140325064,4357.536912220261,3330.0,656.0,80.0,0,0,C,452,196,C,1,,,0.6719438000000082
81,DG2_k3_t0_F,16,16,16,12053.677,666,16,1,29,6313.140514032506,7987.677426252761,3630.1405140325064,4357.536912220261,3330.0,656.0,80.0,0,0,C,452,196,C,1,,,0.6791092999919783
82,Cplus3F,16,16,16,8092.328,383,16,1,27,5459.814684019916,5722.328376264471,3453.8146840199174,2268.513692244553,1915.0,375.0,80.0,0,0,B,0,0,,,,,0.5188678000122309
82,C3FDirect,16,16,16,10198.82,547,16,1,29,6279.611461745812,6844.81970735435,3758.6114617458106,3086.208245608541,2735.0,539.0,80.0,0,0,C,413,138,,,,,0.7736877999850549
82,DG2_k1_t0_R,16,16,16,10198.82,547,16,1,29,6279.611461745812,6844.81970735435,3758.6114617458106,3086.208245608541,2735.0,539.0,80.0,0,0,C,413,138,C,1,,,0.8093166000035126
82,DG2_k2_t0_R,16,16,16,10198.82,547,16,1,29,6279.611461745812,6844.81970735435,3758.6114617458106,3086.208245608541,2735.0,539.0,80.0,0,0,C,413,138,C,1,,,0.7837125999794807
82,DG2_k2_t1_R,16,16,16,8915.475,414,16,1,27,6455.852948787592,6374.474515179052,4149.852948787593,2224.6215663914577,2070.0,391.0,80.0,0,0,B,0,1,B,1,288.47307916059424,20422.27694531244,0.7155022999795619
82,DG2_k3_t0_R,16,16,16,10198.82,547,16,1,29,6279.611461745812,6844.81970735435,3758.6114617458106,3086.208245608541,2735.0,539.0,80.0,0,0,C,413,138,C,2,,,0.8168088999809697
82,DG2_k3_t1_R,16,16,16,10198.82,547,16,1,29,6279.611461745812,6844.81970735435,3758.6114617458106,3086.208245608541,2735.0,539.0,80.0,0,0,C,413,138,C,2,,,0.8321079000015743
82,DG2_k5_t0_R,16,16,16,10198.82,547,16,1,29,6279.611461745812,6844.81970735435,3758.6114617458106,3086.208245608541,2735.0,539.0,80.0,0,0,C,413,138,C,3,,,0.8153656999929808
82,DG2_k2_t0_F,16,16,16,10198.82,547,16,1,29,6279.611461745812,6844.81970735435,3758.6114617458106,3086.208245608541,2735.0,539.0,80.0,0,0,C,413,138,C,1,,,0.8264805999933742
82,DG2_k3_t0_F,16,16,16,10198.82,547,16,1,29,6279.611461745812,6844.81970735435,3758.6114617458106,3086.208245608541,2735.0,539.0,80.0,0,0,C,413,138,C,2,,,0.839572999975644
83,Cplus3F,16,16,16,8797.784,412,16,1,27,5740.019636162488,6266.7836170218825,3764.0196361624894,2502.7639808593976,2060.0,391.0,80.0,0,0,B,0,0,,,,,0.5433374000131153
83,C3FDirect,16,16,16,10096.289,611,16,1,29,5801.60960809289,6370.288821870391,3340.6096080928896,3029.6792137774983,3055.0,591.0,80.0,0,0,C,256,212,,,,,0.6590002999873832
83,DG2_k1_t0_R,16,16,16,11951.044,648,16,1,27,6910.846900470559,7998.043557247705,4323.84690047056,3674.1966567771447,3240.0,633.0,80.0,0,0,B,0,0,B,0,508.3736382682878,21385.38184761184,0.6191531000076793
83,DG2_k2_t0_R,16,16,16,10096.289,611,16,1,29,5801.60960809289,6370.288821870391,3340.6096080928896,3029.6792137774983,3055.0,591.0,80.0,0,0,C,256,212,C,1,,,0.669104000000516
83,DG2_k2_t1_R,16,16,16,8883.193,447,16,1,27,5844.933636379206,6130.1926237710695,3717.933636379207,2412.2589873918646,2235.0,438.0,80.0,0,0,B,0,0,B,1,288.47307916059424,20422.27694531244,0.44511339999735355
83,DG2_k3_t0_R,16,16,16,10096.289,611,16,1,29,5801.60960809289,6370.288821870391,3340.6096080928896,3029.6792137774983,3055.0,591.0,80.0,0,0,C,256,212,C,1,,,0.6664463999914005
83,DG2_k3_t1_R,16,16,16,10234.675,488,16,1,27,6698.4439513263305,7247.675410187248,4235.4439513263305,3012.2314588609183,2440.0,467.0,80.0,0,0,B,0,1,B,1,235.5167982314916,20015.301068666482,0.550750499998685
83,DG2_k5_t0_R,16,16,16,10096.289,611,16,1,29,5801.60960809289,6370.288821870391,3340.6096080928896,3029.6792137774983,3055.0,591.0,80.0,0,0,C,256,212,C,4,,,0.6161542999907397
83,DG2_k2_t0_F,16,16,16,10096.289,611,16,1,29,5801.60960809289,6370.288821870391,3340.6096080928896,3029.6792137774983,3055.0,591.0,80.0,0,0,C,256,212,C,1,,,0.676610000024084
83,DG2_k3_t0_F,16,16,16,10096.289,611,16,1,29,5801.60960809289,6370.288821870391,3340.6096080928896,3029.6792137774983,3055.0,591.0,80.0,0,0,C,256,212,C,1,,,0.6718408000015188
84,Cplus3F,16,16,16,9201.272,455,16,1,27,5784.218354504643,6410.271765277858,3603.218354504646,2807.0534107732155,2275.0,436.0,80.0,0,0,B,0,0,,,,,0.8651869999885093
84,C3FDirect,16,16,16,9198.891,509,16,1,29,6074.451162935123,6075.890742384492,3516.451162935122,2559.439579449368,2545.0,498.0,80.0,0,0,C,222,104,,,,,0.4518173999967985
84,DG2_k1_t0_R,16,16,16,9215.028,461,16,1,27,5771.823903891742,6397.028068928761,3636.823903891741,2760.2041650370206,2305.0,433.0,80.0,0,0,B,0,0,B,0,508.3736382682878,21385.38184761184,0.7047457000007853
84,DG2_k2_t0_R,16,16,16,10739.175,544,16,1,27,6859.322343570521,7415.17523034852,4263.322343570521,3151.8528867780005,2720.0,524.0,80.0,0,0,B,0,0,B,0,288.47307916059424,20422.27694531244,0.7681708000018261
84,DG2_k2_t1_R,16,16,16,10739.175,544,16,1,27,6859.322343570521,7415.17523034852,4263.322343570521,3151.8528867780005,2720.0,524.0,80.0,0,0,B,0,0,B,0,288.47307916059424,20422.27694531244,0.7216808999946807
84,DG2_k3_t0_R,16,16,16,9198.891,509,16,1,29,6074.451162935123,6075.890742384492,3516.451162935122,2559.439579449368,2545.0,498.0,80.0,0,0,C,222,104,C,1,,,0.44040469999890774
84,DG2_k3_t1_R,16,16,16,10051.297,493,16,1,27,6310.144094051861,7033.297132406428,3913.1440940518632,3120.1530383545655,2465.0,473.0,80.0,0,0,B,0,0,B,1,235.5167982314916,20015.301068666482,0.6783658000058495
84,DG2_k5_t0_R,16,16,16,9198.891,509,16,1,29,6074.451162935123,6075.890742384492,3516.451162935122,2559.439579449368,2545.0,498.0,80.0,0,0,C,222,104,C,1,,,0.4289743000117596
84,DG2_k2_t0_F,16,16,16,9714.294,495,16,1,27,6297.240364413587,6683.293775186801,3876.240364413589,2807.0534107732155,2475.0,476.0,80.0,0,0,B,0,0,B,0,403.20336688065873,20157.04592963063,0.7869484999973793
84,DG2_k3_t0_F,16,16,16,9198.891,509,16,1,29,6074.451162935123,6075.890742384492,3516.451162935122,2559.439579449368,2545.0,498.0,80.0,0,0,C,222,104,C,1,,,0.4007557999866549
85,Cplus3F,16,16,16,8868.319,438,16,1,27,6377.908832584489,6164.318726783796,3940.90883258449,2223.409894199306,2190.0,434.0,80.0,0,0,B,0,0,,,,,0.2647908999933861
85,C3FDirect,16,16,16,13790.94,792,16,1,29,5912.830369649948,8975.940239857286,3480.830369649945,5495.109870207341,3960.0,775.0,80.0,0,0,C,522,330,,,,,1.3706562999868765
85,DG2_k1_t0_R,16,16,16,10055.587,509,16,1,27,6924.637482853396,6925.586912461213,4360.637482853395,2564.9494296078187,2545.0,505.0,80.0,0,0,B,0,0,B,0,508.3736382682878,21385.38184761184,0.390021400002297
85,DG2_k2_t0_R,16,16,16,10790.557,566,16,1,27,7358.597801379903,7339.556545703302,4514.597801379903,2824.9587443234004,2830.0,541.0,80.0,0,0,B,0,0,B,0,288.47307916059424,20422.27694531244,0.40329769998788834
85,DG2_k2_t1_R,16,16,16,10790.557,566,16,1,27,7358.597801379903,7339.556545703302,4514.597801379903,2824.9587443234004,2830.0,541.0,80.0,0,0,B,0,0,B,0,288.47307916059424,20422.27694531244,0.41013949998887256
85,DG2_k3_t0_R,16,16,16,13790.94,792,16,1,29,5912.830369649948,8975.940239857286,3480.830369649945,5495.109870207341,3960.0,775.0,80.0,0,0,C,522,330,C,1,,,1.3377707000181545
85,DG2_k3_t1_R,16,16,16,11184.679,543,16,1,27,6369.196919371364,7851.678856890082,3895.1969193713644,3956.481937518718,2715.0,538.0,80.0,0,0,B,0,0,B,1,235.5167982314916,20015.301068666482,0.520777800003998
85,DG2_k5_t0_R,16,16,16,13790.94,792,16,1,29,5912.830369649948,8975.940239857286,3480.830369649945,5495.109870207341,3960.0,775.0,80.0,0,0,C,522,330,C,3,,,1.3271660000027623
85,DG2_k2_t0_F,16,16,16,9381.341,478,16,1,27,6890.930842493433,6437.340736692739,4213.9308424934325,2223.409894199306,2390.0,474.0,80.0,0,0,B,0,0,B,0,403.20336688065873,20157.04592963063,0.26152749999891967
85,DG2_k3_t0_F,16,16,16,13790.94,792,16,1,29,5912.830369649948,8975.940239857286,3480.830369649945,5495.109870207341,3960.0,775.0,80.0,0,0,C,522,330,C,1,,,1.27793089998886
86,Cplus3F,16,16,16,9265.739,393,16,1,27,5904.180560241304,6854.739455813421,3833.1805602413056,3021.5588955721178,1965.0,366.0,80.0,0,0,B,0,0,,,,,0.5179314999841154
86,C3FDirect,16,16,16,9678.972,578,16,1,29,5787.977716349296,6140.9720185990045,3318.9777163492968,2821.9943022497096,2890.0,568.0,80.0,0,0,C,259,175,,,,,0.565438699995866
86,DG2_k1_t0_R,16,16,16,9678.972,578,16,1,29,5787.977716349296,6140.9720185990045,3318.9777163492968,2821.9943022497096,2890.0,568.0,80.0,0,0,C,259,175,C,1,,,0.574288500007242
86,DG2_k2_t0_R,16,16,16,9678.972,578,16,1,29,5787.977716349296,6140.9720185990045,3318.9777163492968,2821.9943022497096,2890.0,568.0,80.0,0,0,C,259,175,C,1,,,0.5760677000216674
86,DG2_k2_t1_R,16,16,16,10641.687,521,16,1,27,5938.975780119448,7437.686977747856,3728.9757801194487,3708.711197628408,2605.0,519.0,80.0,0,0,B,0,1,B,1,288.47307916059424,20422.27694531244,0.6339813999948092
86,DG2_k3_t0_R,16,16,16,9678.972,578,16,1,29,5787.977716349296,6140.9720185990045,3318.9777163492968,2821.9943022497096,2890.0,568.0,80.0,0,0,C,259,175,C,1,,,0.5714841999870259
86,DG2_k3_t1_R,16,16,16,10521.364,490,16,1,27,6671.018640661471,7525.363952404991,4090.018640661472,3435.3453117435192,2450.0,466.0,80.0,0,0,B,0,2,B,1,235.5167982314916,20015.301068666482,0.6881980999896768
86,DG2_k5_t0_R,16,16,16,9678.972,578,16,1,29,5787.977716349296,6140.9720185990045,3318.9777163492968,2821.9943022497096,2890.0,568.0,80.0,0,0,C,259,175,C,1,,,0.6117373000015505
86,DG2_k2_t0_F,16,16,16,9678.972,578,16,1,29,5787.977716349296,6140.9720185990045,3318.9777163492968,2821.9943022497096,2890.0,568.0,80.0,0,0,C,259,175,C,1,,,0.5750001999840606
86,DG2_k3_t0_F,16,16,16,9678.972,578,16,1,29,5787.977716349296,6140.9720185990045,3318.9777163492968,2821.9943022497096,2890.0,568.0,80.0,0,0,C,259,175,C,1,,,0.5612208000093233
87,Cplus3F,16,16,16,8185.96,353,16,1,27,4867.046261682841,6023.959738333734,3041.046261682841,2982.9134766508923,1765.0,317.0,80.0,0,0,B,0,0,,,,,0.9258399999816902
87,C3FDirect,16,16,16,10960.413,634,16,1,29,6322.756159029436,7086.412965641307,3633.7561590294354,3452.6568066118757,3170.0,624.0,80.0,0,0,C,383,182,,,,,1.019915899989428
87,DG2_k1_t0_R,16,16,16,10960.413,634,16,1,29,6322.756159029436,7086.412965641307,3633.7561590294354,3452.6568066118757,3170.0,624.0,80.0,0,0,C,383,182,C,1,,,1.0010137000062969
87,DG2_k2_t0_R,16,16,16,10960.413,634,16,1,29,6322.756159029436,7086.412965641307,3633.7561590294354,3452.6568066118757,3170.0,624.0,80.0,0,0,C,383,182,C,1,,,1.0046117000165395
87,DG2_k2_t1_R,16,16,16,10056.431,480,16,1,27,6611.202381940317,7114.431402072702,4250.2023819403175,2864.2290201323867,2400.0,462.0,80.0,0,0,B,0,1,B,1,288.47307916059424,20422.27694531244,0.8509591000038199
87,DG2_k3_t0_R,16,16,16,10960.413,634,16,1,29,6322.756159029436,7086.412965641307,3633.7561590294354,3452.6568066118757,3170.0,624.0,80.0,0,0,C,383,182,C,2,,,0.9245100000116508
87,DG2_k3_t1_R,16,16,16,10960.413,634,16,1,29,6322.756159029436,7086.412965641307,3633.7561590294354,3452.6568066118757,3170.0,624.0,80.0,0,0,C,383,182,C,2,,,1.0245598999899812
87,DG2_k5_t0_R,16,16,16,10960.413,634,16,1,29,6322.756159029436,7086.412965641307,3633.7561590294354,3452.6568066118757,3170.0,624.0,80.0,0,0,C,383,182,C,2,,,0.9692741000035312
87,DG2_k2_t0_F,16,16,16,10960.413,634,16,1,29,6322.756159029436,7086.412965641307,3633.7561590294354,3452.6568066118757,3170.0,624.0,80.0,0,0,C,383,182,C,1,,,0.9455129999842029
87,DG2_k3_t0_F,16,16,16,10960.413,634,16,1,29,6322.756159029436,7086.412965641307,3633.7561590294354,3452.6568066118757,3170.0,624.0,80.0,0,0,C,383,182,C,2,,,1.0132785000023432
88,Cplus3F,16,16,16,7812.499,334,16,1,27,5719.0626416613,5739.4988380044415,3816.0626416613027,1923.4361963431406,1670.0,323.0,80.0,0,0,B,0,0,,,,,0.5006980000180192
88,C3FDirect,16,16,16,11563.089,654,16,1,29,5759.203215428979,7573.088966014961,3291.2032154289773,4281.885750585985,3270.0,640.0,80.0,0,0,C,328,215,,,,,0.8296489999920595
88,DG2_k1_t0_R,16,16,16,11563.089,654,16,1,29,5759.203215428979,7573.088966014961,3291.2032154289773,4281.885750585985,3270.0,640.0,80.0,0,0,C,328,215,C,1,,,0.7877586999966297
88,DG2_k2_t0_R,16,16,16,11563.089,654,16,1,29,5759.203215428979,7573.088966014961,3291.2032154289773,4281.885750585985,3270.0,640.0,80.0,0,0,C,328,215,C,2,,,0.8153651999891736
88,DG2_k2_t1_R,16,16,16,11563.089,654,16,1,29,5759.203215428979,7573.088966014961,3291.2032154289773,4281.885750585985,3270.0,640.0,80.0,0,0,C,328,215,C,2,,,0.8176154999819119
88,DG2_k3_t0_R,16,16,16,11563.089,654,16,1,29,5759.203215428979,7573.088966014961,3291.2032154289773,4281.885750585985,3270.0,640.0,80.0,0,0,C,328,215,C,2,,,0.801653400005307
88,DG2_k3_t1_R,16,16,16,11563.089,654,16,1,29,5759.203215428979,7573.088966014961,3291.2032154289773,4281.885750585985,3270.0,640.0,80.0,0,0,C,328,215,C,2,,,0.8111286000057589
88,DG2_k5_t0_R,16,16,16,11563.089,654,16,1,29,5759.203215428979,7573.088966014961,3291.2032154289773,4281.885750585985,3270.0,640.0,80.0,0,0,C,328,215,C,4,,,0.7520038000075147
88,DG2_k2_t0_F,16,16,16,11563.089,654,16,1,29,5759.203215428979,7573.088966014961,3291.2032154289773,4281.885750585985,3270.0,640.0,80.0,0,0,C,328,215,C,2,,,0.8291586000123061
88,DG2_k3_t0_F,16,16,16,11563.089,654,16,1,29,5759.203215428979,7573.088966014961,3291.2032154289773,4281.885750585985,3270.0,640.0,80.0,0,0,C,328,215,C,2,,,0.8064107999962289
89,Cplus3F,16,16,16,8069.648,357,16,1,27,5874.018623669459,5854.6476780781595,3795.0186236694612,2059.6290544086983,1785.0,350.0,80.0,0,0,B,0,0,,,,,0.30367110000224784
89,C3FDirect,16,16,16,11286.269,658,16,1,29,6240.140816994647,7277.269402435484,3645.140816994645,3632.1285854408443,3290.0,639.0,80.0,0,0,C,446,198,,,,,0.7547293000097852
89,DG2_k1_t0_R,16,16,16,10003.4,466,16,1,27,6662.537468157198,7142.400312033046,4289.5374681571975,2852.8628438758487,2330.0,451.0,80.0,0,0,B,0,0,B,0,508.3736382682878,21385.38184761184,0.42375230000470765
89,DG2_k2_t0_R,16,16,16,11286.269,658,16,1,29,6240.140816994647,7277.269402435484,3645.140816994645,3632.1285854408443,3290.0,639.0,80.0,0,0,C,446,198,C,1,,,0.7193528999923728
89,DG2_k2_t1_R,16,16,16,9327.527,418,16,1,27,6551.9338111720435,6761.526843467559,4204.933811172044,2556.5930322955164,2090.0,396.0,80.0,0,0,B,0,0,B,1,288.47307916059424,20422.27694531244,0.36729699998977594
89,DG2_k3_t0_R,16,16,16,11286.269,658,16,1,29,6240.140816994647,7277.269402435484,3645.140816994645,3632.1285854408443,3290.0,639.0,80.0,0,0,C,446,198,C,1,,,0.774988699995447
89,DG2_k3_t1_R,16,16,16,8999.936,431,16,1,27,6672.397721194064,6349.936463653781,4266.397721194064,2083.5387424597166,2155.0,415.0,80.0,0,0,B,0,1,B,1,235.5167982314916,20015.301068666482,0.3591774999804329
89,DG2_k5_t0_R,16,16,16,11286.269,658,16,1,29,6240.140816994647,7277.269402435484,3645.140816994645,3632.1285854408443,3290.0,639.0,80.0,0,0,C,446,198,C,2,,,0.7970096000062767
89,DG2_k2_t0_F,16,16,16,11286.269,658,16,1,29,6240.140816994647,7277.269402435484,3645.140816994645,3632.1285854408443,3290.0,639.0,80.0,0,0,C,446,198,C,1,,,0.8825346000085119
89,DG2_k3_t0_F,16,16,16,11286.269,658,16,1,29,6240.140816994647,7277.269402435484,3645.140816994645,3632.1285854408443,3290.0,639.0,80.0,0,0,C,446,198,C,1,,,0.7994631000037771
90,Cplus3F,16,16,16,9852.265,515,16,1,27,6267.556153045108,6687.264831727307,3823.5561530451096,2863.708678682198,2575.0,510.0,80.0,0,0,B,0,0,,,,,0.7173483000078704
90,C3FDirect,16,16,16,8157.25,471,16,1,29,4964.321003656894,5262.250126738288,2951.321003656894,2310.929123081393,2355.0,460.0,80.0,0,0,C,285,156,,,,,0.733084500010591
90,DG2_k1_t0_R,16,16,16,8157.25,471,16,1,29,4964.321003656894,5262.250126738288,2951.321003656894,2310.929123081393,2355.0,460.0,80.0,0,0,C,285,156,C,1,,,0.744638300006045
90,DG2_k2_t0_R,16,16,16,8157.25,471,16,1,29,4964.321003656894,5262.250126738288,2951.321003656894,2310.929123081393,2355.0,460.0,80.0,0,0,C,285,156,C,1,,,0.6355636999942362
90,DG2_k2_t1_R,16,16,16,10126.555,539,16,1,27,6715.263090824814,6823.555234428606,4066.263090824815,2757.292143603789,2695.0,528.0,80.0,0,0,B,0,1,B,1,288.47307916059424,20422.27694531244,0.6829239999933634
90,DG2_k3_t0_R,16,16,16,8157.25,471,16,1,29,4964.321003656894,5262.250126738288,2951.321003656894,2310.929123081393,2355.0,460.0,80.0,0,0,C,285,156,C,1,,,0.6661024000204634
90,DG2_k3_t1_R,16,16,16,9111.082,445,16,1,27,6493.827339087426,6383.0820618097405,3990.827339087427,2392.2547227223154,2225.0,423.0,80.0,0,0,B,0,2,B,1,235.5167982314916,20015.301068666482,0.756613000005018
90,DG2_k5_t0_R,16,16,16,8157.25,471,16,1,29,4964.321003656894,5262.250126738288,2951.321003656894,2310.929123081393,2355.0,460.0,80.0,0,0,C,285,156,C,2,,,0.6589742999931332
90,DG2_k2_t0_F,16,16,16,8157.25,471,16,1,29,4964.321003656894,5262.250126738288,2951.321003656894,2310.929123081393,2355.0,460.0,80.0,0,0,C,285,156,C,1,,,0.7372442000196315
90,DG2_k3_t0_F,16,16,16,8157.25,471,16,1,29,4964.321003656894,5262.250126738288,2951.321003656894,2310.929123081393,2355.0,460.0,80.0,0,0,C,285,156,C,1,,,0.683273900009226
91,Cplus3F,16,16,16,8349.102,373,16,1,27,5858.131456231549,6051.102355583643,3769.1314562315497,2281.970899352094,1865.0,353.0,80.0,0,0,B,0,0,,,,,0.3222912999917753
91,C3FDirect,16,16,16,12504.167,652,16,1,29,6398.486893114912,8539.167071399921,3685.486893114912,4853.68017828501,3260.0,625.0,80.0,0,0,C,511,181,,,,,0.7333335999865085
91,DG2_k1_t0_R,16,16,16,11398.091,555,16,1,27,6893.000356318894,8003.090522488696,4383.000356318896,3620.0901661698003,2775.0,540.0,80.0,0,0,B,0,0,B,0,508.3736382682878,21385.38184761184,0.7760969000228215
91,DG2_k2_t0_R,16,16,16,12504.167,652,16,1,29,6398.486893114912,8539.167071399921,3685.486893114912,4853.68017828501,3260.0,625.0,80.0,0,0,C,511,181,C,1,,,0.6972314000013284
91,DG2_k2_t1_R,16,16,16,9638.901,426,16,1,27,6876.093162247951,7023.900787179156,4457.093162247951,2566.8076249312053,2130.0,405.0,80.0,0,0,B,0,0,B,1,288.47307916059424,20422.27694531244,0.39973609999287874
91,DG2_k3_t0_R,16,16,16,12504.167,652,16,1,29,6398.486893114912,8539.167071399921,3685.486893114912,4853.68017828501,3260.0,625.0,80.0,0,0,C,511,181,C,2,,,0.7036716000002343
91,DG2_k3_t1_R,16,16,16,12504.167,652,16,1,29,6398.486893114912,8539.167071399921,3685.486893114912,4853.68017828501,3260.0,625.0,80.0,0,0,C,511,181,C,2,,,0.7424939000047743
91,DG2_k5_t0_R,16,16,16,12504.167,652,16,1,29,6398.486893114912,8539.167071399921,3685.486893114912,4853.68017828501,3260.0,625.0,80.0,0,0,C,511,181,C,3,,,0.7419371999858413
91,DG2_k2_t0_F,16,16,16,12504.167,652,16,1,29,6398.486893114912,8539.167071399921,3685.486893114912,4853.68017828501,3260.0,625.0,80.0,0,0,C,511,181,C,1,,,0.7648353999829851
91,DG2_k3_t0_F,16,16,16,12504.167,652,16,1,29,6398.486893114912,8539.167071399921,3685.486893114912,4853.68017828501,3260.0,625.0,80.0,0,0,C,511,181,C,2,,,0.7413809999998193
92,Cplus3F,16,16,16,7895.637,387,16,1,27,6261.930737333065,5495.636984733252,3956.930737333066,1538.7062474001843,1935.0,385.0,80.0,0,0,B,0,0,,,,,0.15080579998902977
92,C3FDirect,16,16,16,9389.917,532,16,1,29,5689.246315191858,6149.9167446933325,3281.2463151918573,2868.670429501478,2660.0,500.0,80.0,0,0,C,246,130,,,,,0.5414505999942776
92,DG2_k1_t0_R,16,16,16,9389.917,532,16,1,29,5689.246315191858,6149.9167446933325,3281.2463151918573,2868.670429501478,2660.0,500.0,80.0,0,0,C,246,130,C,1,,,0.542718300013803
92,DG2_k2_t0_R,16,16,16,9389.917,532,16,1,29,5689.246315191858,6149.9167446933325,3281.2463151918573,2868.670429501478,2660.0,500.0,80.0,0,0,C,246,130,C,2,,,0.5547498000087216
92,DG2_k2_t1_R,16,16,16,9389.917,532,16,1,29,5689.246315191858,6149.9167446933325,3281.2463151918573,2868.670429501478,2660.0,500.0,80.0,0,0,C,246,130,C,2,,,0.5224462000187486
92,DG2_k3_t0_R,16,16,16,9389.917,532,16,1,29,5689.246315191858,6149.9167446933325,3281.2463151918573,2868.670429501478,2660.0,500.0,80.0,0,0,C,246,130,C,2,,,0.5632203999848571
92,DG2_k3_t1_R,16,16,16,9389.917,532,16,1,29,5689.246315191858,6149.9167446933325,3281.2463151918573,2868.670429501478,2660.0,500.0,80.0,0,0,C,246,130,C,2,,,0.5273506999947131
92,DG2_k5_t0_R,16,16,16,9389.917,532,16,1,29,5689.246315191858,6149.9167446933325,3281.2463151918573,2868.670429501478,2660.0,500.0,80.0,0,0,C,246,130,C,3,,,0.5193710000021383
92,DG2_k2_t0_F,16,16,16,9389.917,532,16,1,29,5689.246315191858,6149.9167446933325,3281.2463151918573,2868.670429501478,2660.0,500.0,80.0,0,0,C,246,130,C,2,,,0.5633941999985836
92,DG2_k3_t0_F,16,16,16,9389.917,532,16,1,29,5689.246315191858,6149.9167446933325,3281.2463151918573,2868.670429501478,2660.0,500.0,80.0,0,0,C,246,130,C,2,,,0.5527883000031579
93,Cplus3F,16,16,16,7851.508,397,16,1,27,5901.864408692142,5398.5076416958655,3639.864408692145,1758.6432330037192,1985.0,388.0,80.0,0,0,B,0,0,,,,,0.3135271000210196
93,C3FDirect,16,16,16,10204.105,545,16,1,29,6191.5385124267805,6871.1047998239055,3484.538512426779,3386.5662873971296,2725.0,528.0,80.0,0,0,C,179,115,,,,,0.2115297999989707
93,DG2_k1_t0_R,16,16,16,9015.709,426,16,1,27,6737.551467636527,6390.709180203508,4285.551467636528,2105.15771256698,2130.0,415.0,80.0,0,0,B,0,0,B,0,508.3736382682878,21385.38184761184,0.43426930002169684
93,DG2_k2_t0_R,16,16,16,9561.37,509,16,1,27,6176.943094734303,6438.370327350833,3706.943094734303,2731.4272326165287,2545.0,498.0,80.0,0,0,B,0,0,B,0,288.47307916059424,20422.27694531244,0.7037569000094663
93,DG2_k2_t1_R,16,16,16,9561.37,509,16,1,27,6176.943094734303,6438.370327350833,3706.943094734303,2731.4272326165287,2545.0,498.0,80.0,0,0,B,0,0,B,0,288.47307916059424,20422.27694531244,0.6524833999865223
93,DG2_k3_t0_R,16,16,16,10204.105,545,16,1,29,6191.5385124267805,6871.1047998239055,3484.538512426779,3386.5662873971296,2725.0,528.0,80.0,0,0,C,179,115,C,1,,,0.21022400000947528
93,DG2_k3_t1_R,16,16,16,7287.377,339,16,1,27,5008.637330770829,5184.376842077537,3117.6373307708295,2066.739511306707,1695.0,328.0,80.0,0,0,B,0,0,B,1,235.5167982314916,20015.301068666482,0.3730740000028163
93,DG2_k5_t0_R,16,16,16,10204.105,545,16,1,29,6191.5385124267805,6871.1047998239055,3484.538512426779,3386.5662873971296,2725.0,528.0,80.0,0,0,C,179,115,C,3,,,0.22207019999041222
93,DG2_k2_t0_F,16,16,16,8364.53,437,16,1,27,6414.886418601086,5671.529651604808,3912.886418601088,1758.6432330037192,2185.0,428.0,80.0,0,0,B,0,0,B,0,403.20336688065873,20157.04592963063,0.29015260000596754
93,DG2_k3_t0_F,16,16,16,10204.105,545,16,1,29,6191.5385124267805,6871.1047998239055,3484.538512426779,3386.5662873971296,2725.0,528.0,80.0,0,0,C,179,115,C,1,,,0.22393340000417084
94,Cplus3F,16,16,16,8581.07,349,16,1,27,5752.030730010511,6417.069780273424,3770.0307300105133,2647.0390502629134,1745.0,339.0,80.0,0,0,B,0,0,,,,,0.3705056000035256
94,C3FDirect,16,16,16,10879.68,577,16,1,29,5803.6238499719875,7346.680263141821,3498.623849971986,3848.0564131698375,2885.0,568.0,80.0,0,0,C,399,188,,,,,0.7447026000008918
94,DG2_k1_t0_R,16,16,16,7993.213,330,16,1,27,5143.828445347749,5951.213288799386,3465.828445347748,2485.384843451639,1650.0,312.0,80.0,0,0,B,0,0,B,0,508.3736382682878,21385.38184761184,0.4588538999960292
94,DG2_k2_t0_R,16,16,16,10879.68,577,16,1,29,5803.6238499719875,7346.680263141821,3498.623849971986,3848.0564131698375,2885.0,568.0,80.0,0,0,C,399,188,C,2,,,0.8564949999854434
94,DG2_k2_t1_R,16,16,16,10879.68,577,16,1,29,5803.6238499719875,7346.680263141821,3498.623849971986,3848.0564131698375,2885.0,568.0,80.0,0,0,C,399,188,C,2,,,0.8880850999848917
94,DG2_k3_t0_R,16,16,16,10879.68,577,16,1,29,5803.6238499719875,7346.680263141821,3498.623849971986,3848.0564131698375,2885.0,568.0,80.0,0,0,C,399,188,C,3,,,0.7584463999955915
94,DG2_k3_t1_R,16,16,16,10879.68,577,16,1,29,5803.6238499719875,7346.680263141821,3498.623849971986,3848.0564131698375,2885.0,568.0,80.0,0,0,C,399,188,C,3,,,0.7526548999885563
94,DG2_k5_t0_R,16,16,16,10879.68,577,16,1,29,5803.6238499719875,7346.680263141821,3498.623849971986,3848.0564131698375,2885.0,568.0,80.0,0,0,C,399,188,C,4,,,0.8045470000070054
94,DG2_k2_t0_F,16,16,16,10879.68,577,16,1,29,5803.6238499719875,7346.680263141821,3498.623849971986,3848.0564131698375,2885.0,568.0,80.0,0,0,C,399,188,C,2,,,0.769711400003871
94,DG2_k3_t0_F,16,16,16,10879.68,577,16,1,29,5803.6238499719875,7346.680263141821,3498.623849971986,3848.0564131698375,2885.0,568.0,80.0,0,0,C,399,188,C,3,,,0.777356000005966
95,Cplus3F,16,16,16,10415.211,457,16,1,27,6218.304548649724,7618.2114891991905,3971.3045486497263,3646.906940549466,2285.0,432.0,80.0,0,0,B,0,0,,,,,0.6396832000173163
95,C3FDirect,16,16,16,11835.805,631,16,1,29,6110.602961520872,8004.8053916869385,3475.60296152087,4529.202430166066,3155.0,596.0,80.0,0,0,C,310,174,,,,,0.7044726999884006
95,DG2_k1_t0_R,16,16,16,11835.805,631,16,1,29,6110.602961520872,8004.8053916869385,3475.60296152087,4529.202430166066,3155.0,596.0,80.0,0,0,C,310,174,C,1,,,0.710326400003396
95,DG2_k2_t0_R,16,16,16,11835.805,631,16,1,29,6110.602961520872,8004.8053916869385,3475.60296152087,4529.202430166066,3155.0,596.0,80.0,0,0,C,310,174,C,1,,,0.6932840000081342
95,DG2_k2_t1_R,16,16,16,11301.648,598,16,1,27,6836.844652310381,7638.648435949601,4283.844652310381,3354.803783639221,2990.0,593.0,80.0,0,0,B,0,1,B,1,288.47307916059424,20422.27694531244,0.6177515000163112
95,DG2_k3_t0_R,16,16,16,11835.805,631,16,1,29,6110.602961520872,8004.8053916869385,3475.60296152087,4529.202430166066,3155.0,596.0,80.0,0,0,C,310,174,C,2,,,0.732549200009089
95,DG2_k3_t1_R,16,16,16,11835.805,631,16,1,29,6110.602961520872,8004.8053916869385,3475.60296152087,4529.202430166066,3155.0,596.0,80.0,0,0,C,310,174,C,2,,,0.721560900012264
95,DG2_k5_t0_R,16,16,16,11835.805,631,16,1,29,6110.602961520872,8004.8053916869385,3475.60296152087,4529.202430166066,3155.0,596.0,80.0,0,0,C,310,174,C,4,,,0.7519663000130095
95,DG2_k2_t0_F,16,16,16,11835.805,631,16,1,29,6110.602961520872,8004.8053916869385,3475.60296152087,4529.202430166066,3155.0,596.0,80.0,0,0,C,310,174,C,1,,,0.6640070000139531
95,DG2_k3_t0_F,16,16,16,11835.805,631,16,1,29,6110.602961520872,8004.8053916869385,3475.60296152087,4529.202430166066,3155.0,596.0,80.0,0,0,C,310,174,C,2,,,0.7335618000070099
96,Cplus3F,16,16,16,9449.73,412,16,1,27,6006.409628493886,6918.730126683366,3815.4096284938887,3103.320498189476,2060.0,391.0,80.0,0,0,B,0,0,,,,,0.49317810000502504
96,C3FDirect,16,16,16,9676.259,524,16,1,29,6022.230837320896,6481.2587807574455,3531.230837320894,2950.027943436558,2620.0,495.0,80.0,0,0,C,305,108,,,,,0.5332913000020199
96,DG2_k1_t0_R,16,16,16,9794.982,487,16,1,27,6669.383301516948,6793.981647157081,4339.383301516948,2454.5983456401354,2435.0,486.0,80.0,0,0,B,0,0,B,0,508.3736382682878,21385.38184761184,0.5710824999841861
96,DG2_k2_t0_R,16,16,16,9706.235,470,16,1,27,6638.32239569146,6820.234970289335,4104.32239569146,2715.9125745978768,2350.0,456.0,80.0,0,0,B,0,0,B,0,288.47307916059424,20422.27694531244,0.5201418999931775
96,DG2_k2_t1_R,16,16,16,9706.235,470,16,1,27,6638.32239569146,6820.234970289335,4104.32239569146,2715.9125745978768,2350.0,456.0,80.0,0,0,B,0,0,B,0,288.47307916059424,20422.27694531244,0.588148100010585
96,DG2_k3_t0_R,16,16,16,9676.259,524,16,1,29,6022.230837320896,6481.2587807574455,3531.230837320894,2950.027943436558,2620.0,495.0,80.0,0,0,C,305,108,C,1,,,0.554325200006133
96,DG2_k3_t1_R,16,16,16,9013.136,383,16,1,27,6335.6014828126235,6643.1357033290415,4101.601482812624,2541.5342205164175,1915.0,375.0,80.0,0,0,B,0,0,B,1,235.5167982314916,20015.301068666482,0.2550397999875713
96,DG2_k5_t0_R,16,16,16,9676.259,524,16,1,29,6022.230837320896,6481.2587807574455,3531.230837320894,2950.027943436558,2620.0,495.0,80.0,0,0,C,305,108,C,2,,,0.5760279000096489
96,DG2_k2_t0_F,16,16,16,9962.752,452,16,1,27,6519.431638402832,7191.7521365923085,4088.431638402832,3103.320498189476,2260.0,431.0,80.0,0,0,B,0,0,B,0,403.20336688065873,20157.04592963063,0.5322045999928378
96,DG2_k3_t0_F,16,16,16,9676.259,524,16,1,29,6022.230837320896,6481.2587807574455,3531.230837320894,2950.027943436558,2620.0,495.0,80.0,0,0,C,305,108,C,1,,,0.5719377000059467
97,Cplus3F,16,16,16,8889.077,469,16,1,27,6175.0298408772005,5997.076985430499,3810.0298408772014,2187.047144553296,2345.0,467.0,80.0,0,0,B,0,0,,,,,0.45504929998423904
97,C3FDirect,16,16,16,11851.06,731,16,1,29,6111.566506967648,7404.0598932525745,3660.5665069676465,3743.493386284927,3655.0,712.0,80.0,0,0,C,502,289,,,,,1.2107885000004899
97,DG2_k1_t0_R,16,16,16,8398.644,392,16,1,27,6583.84722518055,5972.64449706679,4357.84722518055,1614.7972718862393,1960.0,386.0,80.0,0,0,B,0,0,B,0,508.3736382682878,21385.38184761184,0.2952956999943126
97,DG2_k2_t0_R,16,16,16,10970.025,618,16,1,27,6980.22028708444,7184.025042348802,4296.220287084441,2887.8047552643648,3090.0,616.0,80.0,0,0,B,0,0,B,0,288.47307916059424,20422.27694531244,0.8072864999994636
97,DG2_k2_t1_R,16,16,16,10970.025,618,16,1,27,6980.22028708444,7184.025042348802,4296.220287084441,2887.8047552643648,3090.0,616.0,80.0,0,0,B,0,0,B,0,288.47307916059424,20422.27694531244,0.7916466000024229
97,DG2_k3_t0_R,16,16,16,9498.448,498,16,1,27,6695.352247647418,6440.447551433751,4072.352247647418,2368.0953037863305,2490.0,488.0,80.0,0,0,B,0,0,B,0,235.5167982314916,20015.301068666482,0.6876563999976497
97,DG2_k3_t1_R,16,16,16,9498.448,498,16,1,27,6695.352247647418,6440.447551433751,4072.352247647418,2368.0953037863305,2490.0,488.0,80.0,0,0,B,0,0,B,0,235.5167982314916,20015.301068666482,0.6111881000106223
97,DG2_k5_t0_R,16,16,16,8340.591,412,16,1,27,6112.734658215208,5798.591418148637,3819.7346582152063,1978.856759933429,2060.0,402.0,80.0,0,0,B,0,0,B,0,390.10818713052555,20185.356387354972,0.46589289998519234
97,DG2_k2_t0_F,16,16,16,9402.099,509,16,1,27,6688.051850786144,6270.098995339442,4083.0518507861443,2187.047144553296,2545.0,507.0,80.0,0,0,B,0,0,B,0,403.20336688065873,20157.04592963063,0.4369230000011157
97,DG2_k3_t0_F,16,16,16,9800.771,529,16,1,27,7086.723450251291,6548.77059480459,4361.723450251292,2187.047144553296,2645.0,527.0,80.0,0,0,B,0,0,B,0,893.750999492464,20647.593562242437,0.47233620000770316
98,Cplus3F,16,16,16,7790.84,351,16,1,27,5862.90886789899,5607.840478922102,3778.9088678989915,1828.93161102311,1755.0,348.0,80.0,0,0,B,0,0,,,,,0.21494380000513047
98,C3FDirect,16,16,16,11311.324,610,16,1,29,6177.27975894335,7588.324274747742,3638.2797589433494,3950.044515804394,3050.0,593.0,80.0,0,0,C,345,178,,,,,0.7942867999954615
98,DG2_k1_t0_R,16,16,16,9544.484,399,16,1,27,6503.623914761883,7085.484358851243,4324.623914761883,2760.86044408936,1995.0,384.0,80.0,0,0,B,0,0,B,0,508.3736382682878,21385.38184761184,0.5546749999921303
98,DG2_k2_t0_R,16,16,16,10147.683,471,16,1,27,6693.479039395478,7263.682859393672,4260.479039395479,3003.203819998194,2355.0,449.0,80.0,0,0,B,0,0,B,0,288.47307916059424,20422.27694531244,0.5683503999898676
98,DG2_k2_t1_R,16,16,16,10147.683,471,16,1,27,6693.479039395478,7263.682859393672,4260.479039395479,3003.203819998194,2355.0,449.0,80.0,0,0,B,0,0,B,0,288.47307916059424,20422.27694531244,0.52945770000224
98,DG2_k3_t0_R,16,16,16,9620.359,480,16,1,27,6292.106973578093,6677.3585518807495,3914.106973578092,2763.251578302658,2400.0,463.0,80.0,0,0,B,0,0,B,0,235.5167982314916,20015.301068666482,0.3887088999908883
98,DG2_k3_t1_R,16,16,16,9620.359,480,16,1,27,6292.106973578093,6677.3585518807495,3914.106973578092,2763.251578302658,2400.0,463.0,80.0,0,0,B,0,0,B,0,235.5167982314916,20015.301068666482,0.37730150000425056
98,DG2_k5_t0_R,16,16,16,11311.324,610,16,1,29,6177.27975894335,7588.324274747742,3638.2797589433494,3950.044515804394,3050.0,593.0,80.0,0,0,C,345,178,C,1,,,0.7858304000110365
98,DG2_k2_t0_F,16,16,16,8303.862,391,16,1,27,6375.930877807935,5880.862488831046,4051.9308778079344,1828.93161102311,1955.0,388.0,80.0,0,0,B,0,0,B,0,403.20336688065873,20157.04592963063,0.20200689998455346
98,DG2_k3_t0_F,16,16,16,8702.534,411,16,1,27,6774.602477273082,6159.534088296193,4330.602477273082,1828.93161102311,2055.0,408.0,80.0,0,0,B,0,0,B,0,893.750999492464,20647.593562242437,0.19081289999303408
99,Cplus3F,16,16,16,10491.101,556,16,1,27,6207.888836675845,7089.100916139157,3769.888836675846,3319.2120794633106,2780.0,542.0,80.0,0,0,B,0,0,,,,,0.713569199986523
99,C3FDirect,16,16,16,10357.967,565,16,1,29,5661.448074912597,6896.966771222014,3331.448074912596,3565.5186963094166,2825.0,556.0,80.0,0,0,C,360,175,,,,,0.47518069998477586
99,DG2_k1_t0_R,16,16,16,10612.442,549,16,1,27,6745.90032196423,7245.441572699424,4308.900321964231,2936.5412507351953,2745.0,542.0,80.0,0,0,B,0,0,B,0,508.3736382682878,21385.38184761184,0.6615155000181403
99,DG2_k2_t0_R,16,16,16,11355.54,666,16,1,27,6768.859082530208,7283.539559398699,4092.859082530209,3190.6804768684888,3330.0,662.0,80.0,0,0,B,0,0,B,0,288.47307916059424,20422.27694531244,0.7795837000012398
99,DG2_k2_t1_R,16,16,16,11355.54,666,16,1,27,6768.859082530208,7283.539559398699,4092.859082530209,3190.6804768684888,3330.0,662.0,80.0,0,0,B,0,0,B,0,288.47307916059424,20422.27694531244,0.7147699000197463
99,DG2_k3_t0_R,16,16,16,9610.42,480,16,1,27,6554.616579013059,6670.419549301892,4087.61657901306,2582.802970288833,2400.0,460.0,80.0,0,0,B,0,0,B,0,235.5167982314916,20015.301068666482,0.49036700002034195
99,DG2_k3_t1_R,16,16,16,9610.42,480,16,1,27,6554.616579013059,6670.419549301892,4087.61657901306,2582.802970288833,2400.0,460.0,80.0,0,0,B,0,0,B,0,235.5167982314916,20015.301068666482,0.5370825999998488
99,DG2_k5_t0_R,16,16,16,10357.967,565,16,1,29,5661.448074912597,6896.966771222014,3331.448074912596,3565.5186963094166,2825.0,556.0,80.0,0,0,C,360,175,C,2,,,0.48874450000585057
99,DG2_k2_t0_F,16,16,16,11004.123,596,16,1,27,6720.910846584788,7362.1229260481,4042.9108465847894,3319.2120794633106,2980.0,582.0,80.0,0,0,B,0,0,B,0,403.20336688065873,20157.04592963063,0.7012551999941934
99,DG2_k3_t0_F,16,16,16,11402.795,616,16,1,27,7119.582446049934,7640.794525513246,4321.582446049936,3319.2120794633106,3080.0,602.0,80.0,0,0,B,0,0,B,0,893.750999492464,20647.593562242437,0.6794326000090223
100,Cplus3F,16,16,16,9039.557,398,16,1,27,6181.17097281525,6587.55684397287,3983.170972815251,2604.385871157622,1990.0,382.0,80.0,0,0,B,0,0,,,,,0.4857524000108242
100,C3FDirect,16,16,16,10426.019,550,16,1,29,6068.388173215408,7064.019498872191,3547.388173215407,3516.6313256567873,2750.0,532.0,80.0,0,0,C,312,137,,,,,0.8317115000099875
100,DG2_k1_t0_R,16,16,16,10426.019,550,16,1,29,6068.388173215408,7064.019498872191,3547.388173215407,3516.6313256567873,2750.0,532.0,80.0,0,0,C,312,137,C,1,,,0.9315049999859184
100,DG2_k2_t0_R,16,16,16,10426.019,550,16,1,29,6068.388173215408,7064.019498872191,3547.388173215407,3516.6313256567873,2750.0,532.0,80.0,0,0,C,312,137,C,1,,,0.8732244000129867
100,DG2_k2_t1_R,16,16,16,9794.764,485,16,1,27,6776.472016300535,6811.763687813082,4283.472016300536,2528.2916715125475,2425.0,478.0,80.0,0,0,B,0,1,B,1,288.47307916059424,20422.27694531244,0.4240014999813866
100,DG2_k3_t0_R,16,16,16,10426.019,550,16,1,29,6068.388173215408,7064.019498872191,3547.388173215407,3516.6313256567873,2750.0,532.0,80.0,0,0,C,312,137,C,2,,,0.8882427999924403
100,DG2_k3_t1_R,16,16,16,10426.019,550,16,1,29,6068.388173215408,7064.019498872191,3547.388173215407,3516.6313256567873,2750.0,532.0,80.0,0,0,C,312,137,C,2,,,0.8945736000023317
100,DG2_k5_t0_R,16,16,16,10426.019,550,16,1,29,6068.388173215408,7064.019498872191,3547.388173215407,3516.6313256567873,2750.0,532.0,80.0,0,0,C,312,137,C,4,,,0.8782729000085965
100,DG2_k2_t0_F,16,16,16,10426.019,550,16,1,29,6068.388173215408,7064.019498872191,3547.388173215407,3516.6313256567873,2750.0,532.0,80.0,0,0,C,312,137,C,1,,,0.8909411999920849
100,DG2_k3_t0_F,16,16,16,10426.019,550,16,1,29,6068.388173215408,7064.019498872191,3547.388173215407,3516.6313256567873,2750.0,532.0,80.0,0,0,C,312,137,C,2,,,0.7758390999806579
101,Cplus3F,16,16,16,8544.209,403,16,1,27,4813.713379492574,6057.209137788022,3009.713379492575,3047.4957582954476,2015.0,392.0,80.0,0,0,B,0,0,,,,,0.7156440000107978
101,C3FDirect,16,16,16,11976.101,671,16,1,29,5684.268018650174,7889.101140773225,3280.268018650173,4608.8331221230565,3355.0,652.0,80.0,0,0,C,474,247,,,,,1.0720960999897216
101,DG2_k1_t0_R,16,16,16,7795.585,347,16,1,27,5394.3949213323385,5655.585262410943,3500.3949213323376,2155.1903410786053,1735.0,325.0,80.0,0,0,B,0,0,B,0,508.3736382682878,21385.38184761184,0.6406876999826636
101,DG2_k2_t0_R,16,16,16,8719.042,410,16,1,27,6453.578637031804,6185.041848343432,4169.578637031804,2015.4632113116259,2050.0,404.0,80.0,0,0,B,0,0,B,0,288.47307916059424,20422.27694531244,0.4873045000131242
101,DG2_k2_t1_R,16,16,16,8719.042,410,16,1,27,6453.578637031804,6185.041848343432,4169.578637031804,2015.4632113116259,2050.0,404.0,80.0,0,0,B,0,0,B,0,288.47307916059424,20422.27694531244,0.4406717999954708
101,DG2_k3_t0_R,16,16,16,9978.757,498,16,1,27,6600.445076437076,6929.75675345768,4051.4450764370768,2878.3116770206043,2490.0,479.0,80.0,0,0,B,0,0,B,0,235.5167982314916,20015.301068666482,0.3320722999924328
101,DG2_k3_t1_R,16,16,16,9978.757,498,16,1,27,6600.445076437076,6929.75675345768,4051.4450764370768,2878.3116770206043,2490.0,479.0,80.0,0,0,B,0,0,B,0,235.5167982314916,20015.301068666482,0.40575970002100803
101,DG2_k5_t0_R,16,16,16,11976.101,671,16,1,29,5684.268018650174,7889.101140773225,3280.268018650173,4608.8331221230565,3355.0,652.0,80.0,0,0,C,474,247,C,1,,,1.0677012999949511
101,DG2_k2_t0_F,16,16,16,9057.231,443,16,1,27,5326.735389401517,6330.231147696965,3282.7353894015178,3047.4957582954476,2215.0,432.0,80.0,0,0,B,0,0,B,0,403.20336688065873,20157.04592963063,0.6697950000234414
101,DG2_k3_t0_F,16,16,16,9455.903,463,16,1,27,5725.406988866664,6608.902747162112,3561.406988866664,3047.4957582954476,2315.0,452.0,80.0,0,0,B,0,0,B,0,893.750999492464,20647.593562242437,0.764845099998638
102,Cplus3F,16,16,16,8861.361,474,16,1,27,5101.900306940354,5953.360812583804,3090.9003069403534,2862.460505643453,2370.0,458.0,80.0,0,0,B,0,0,,,,,1.048447799985297
102,C3FDirect,16,16,16,11830.157,668,16,1,29,6363.680746383934,7753.156728617431,3660.680746383933,4092.475982233499,3340.0,657.0,80.0,0,0,C,313,194,,,,,0.987080299993977
102,DG2_k1_t0_R,16,16,16,11602.223,684,16,1,27,5705.74053234709,7445.2232180160645,3505.7405323470894,3939.482685668976,3420.0,657.0,80.0,0,0,B,0,0,B,0,508.3736382682878,21385.38184761184,0.9300488000153564
102,DG2_k2_t0_R,16,16,16,9988.403,562,16,1,27,6944.273677028979,6552.403269237364,4316.27367702898,2236.129592208385,2810.0,546.0,80.0,0,0,B,0,0,B,0,288.47307916059424,20422.27694531244,0.734837800002424
102,DG2_k2_t1_R,16,16,16,9988.403,562,16,1,27,6944.273677028979,6552.403269237364,4316.27367702898,2236.129592208385,2810.0,546.0,80.0,0,0,B,0,0,B,0,288.47307916059424,20422.27694531244,0.7169515999848954
102,DG2_k3_t0_R,16,16,16,11830.157,668,16,1,29,6363.680746383934,7753.156728617431,3660.680746383933,4092.475982233499,3340.0,657.0,80.0,0,0,C,313,194,C,1,,,1.006528800004162
102,DG2_k3_t1_R,16,16,16,9894.356,509,16,1,27,6557.316820370224,6770.355576797742,4059.3168203702244,2711.0387564275193,2545.0,499.0,80.0,0,0,B,0,0,B,1,235.5167982314916,20015.301068666482,0.7243020000169054
102,DG2_k5_t0_R,16,16,16,11830.157,668,16,1,29,6363.680746383934,7753.156728617431,3660.680746383933,4092.475982233499,3340.0,657.0,80.0,0,0,C,313,194,C,2,,,1.0385911999910604
102,DG2_k2_t0_F,16,16,16,9374.383,514,16,1,27,5614.922316849298,6226.3828224927465,3363.9223168492967,2862.460505643453,2570.0,498.0,80.0,0,0,B,0,0,B,0,403.20336688065873,20157.04592963063,1.046494200010784
102,DG2_k3_t0_F,16,16,16,11830.157,668,16,1,29,6363.680746383934,7753.156728617431,3660.680746383933,4092.475982233499,3340.0,657.0,80.0,0,0,C,313,194,C,1,,,0.9898461000120733
103,Cplus3F,16,16,16,9442.031,484,16,1,27,6177.912463549054,6464.031378047827,3806.9124635490543,2657.118914498773,2420.0,478.0,80.0,0,0,B,0,0,,,,,0.45197989998268895
103,C3FDirect,16,16,16,12754.345,684,16,1,29,6046.58986163344,8584.345485477723,3579.5898616334384,5004.755623844287,3420.0,670.0,80.0,0,0,C,496,247,,,,,0.9870426000270527
103,DG2_k1_t0_R,16,16,16,10037.588,485,16,1,27,5653.975669284527,7063.587808499519,3639.975669284526,3423.6121392149967,2425.0,469.0,80.0,0,0,B,0,0,B,0,508.3736382682878,21385.38184761184,1.243787000013981
103,DG2_k2_t0_R,16,16,16,12754.345,684,16,1,29,6046.58986163344,8584.345485477723,3579.5898616334384,5004.755623844287,3420.0,670.0,80.0,0,0,C,496,247,C,2,,,0.9984516999975313
103,DG2_k2_t1_R,16,16,16,12754.345,684,16,1,29,6046.58986163344,8584.345485477723,3579.5898616334384,5004.755623844287,3420.0,670.0,80.0,0,0,C,496,247,C,2,,,0.9720280999899842
103,DG2_k3_t0_R,16,16,16,12754.345,684,16,1,29,6046.58986163344,8584.345485477723,3579.5898616334384,5004.755623844287,3420.0,670.0,80.0,0,0,C,496,247,C,2,,,0.9876182999869343
103,DG2_k3_t1_R,16,16,16,12754.345,684,16,1,29,6046.58986163344,8584.345485477723,3579.5898616334384,5004.755623844287,3420.0,670.0,80.0,0,0,C,496,247,C,2,,,0.9668108000187203
103,DG2_k5_t0_R,16,16,16,12754.345,684,16,1,29,6046.58986163344,8584.345485477723,3579.5898616334384,5004.755623844287,3420.0,670.0,80.0,0,0,C,496,247,C,3,,,0.9746735999942757
103,DG2_k2_t0_F,16,16,16,12754.345,684,16,1,29,6046.58986163344,8584.345485477723,3579.5898616334384,5004.755623844287,3420.0,670.0,80.0,0,0,C,496,247,C,2,,,0.9235749999934342
103,DG2_k3_t0_F,16,16,16,12754.345,684,16,1,29,6046.58986163344,8584.345485477723,3579.5898616334384,5004.755623844287,3420.0,670.0,80.0,0,0,C,496,247,C,2,,,0.9397124999959487
104,Cplus3F,16,16,16,8861.61,435,16,1,27,6370.490288787908,6176.60977054114,4052.4902887879102,2124.119481753231,2175.0,430.0,80.0,0,0,B,0,0,,,,,0.5215325999888591
104,C3FDirect,16,16,16,9994.757,499,16,1,29,5370.898554571253,6935.756536426388,3116.898554571252,3818.8579818551357,2495.0,484.0,80.0,0,0,C,378,130,,,,,0.6038039000122808
104,DG2_k1_t0_R,16,16,16,10979.771,519,16,1,27,6747.917148539589,7799.770777990212,4375.917148539589,3423.853629450623,2595.0,505.0,80.0,0,0,B,0,0,B,0,508.3736382682878,21385.38184761184,0.7689058000105433
104,DG2_k2_t0_R,16,16,16,9994.757,499,16,1,29,5370.898554571253,6935.756536426388,3116.898554571252,3818.8579818551357,2495.0,484.0,80.0,0,0,C,378,130,C,1,,,0.5307266000017989
104,DG2_k2_t1_R,16,16,16,9666.061,511,16,1,27,6092.230770536148,6529.0609527351735,3743.2307705361486,2785.830182199027,2555.0,502.0,80.0,0,0,B,0,0,B,1,288.47307916059424,20422.27694531244,0.8049147000128869
104,DG2_k3_t0_R,16,16,16,9994.757,499,16,1,29,5370.898554571253,6935.756536426388,3116.898554571252,3818.8579818551357,2495.0,484.0,80.0,0,0,C,378,130,C,1,,,0.5264735000091605
104,DG2_k3_t1_R,16,16,16,9939.502,518,16,1,27,6313.693504279969,6756.502136496619,3958.6935042799687,2797.8086322166496,2590.0,513.0,80.0,0,0,B,0,1,B,1,235.5167982314916,20015.301068666482,0.6378989999939222
104,DG2_k5_t0_R,16,16,16,9994.757,499,16,1,29,5370.898554571253,6935.756536426388,3116.898554571252,3818.8579818551357,2495.0,484.0,80.0,0,0,C,378,130,C,1,,,0.5707838999805972
104,DG2_k2_t0_F,16,16,16,9994.757,499,16,1,29,5370.898554571253,6935.756536426388,3116.898554571252,3818.8579818551357,2495.0,484.0,80.0,0,0,C,378,130,C,1,,,0.5617978000082076
104,DG2_k3_t0_F,16,16,16,9994.757,499,16,1,29,5370.898554571253,6935.756536426388,3116.898554571252,3818.8579818551357,2495.0,484.0,80.0,0,0,C,378,130,C,1,,,0.5709444000094663
105,Cplus3F,16,16,16,9814.14,507,16,1,27,5972.212221918646,6707.140079978389,3775.2122219186467,2931.9278580597434,2535.0,492.0,80.0,0,0,B,0,0,,,,,0.58031089999713
105,C3FDirect,16,16,16,12692.343,726,16,1,29,6024.163139274348,8275.34254327089,3646.1631392743466,4629.179403996544,3630.0,707.0,80.0,0,0,C,399,319,,,,,0.8113545999804046
105,DG2_k1_t0_R,16,16,16,10108.127,436,16,1,27,6295.91692516822,7437.126806862906,4288.91692516822,3148.2098816946886,2180.0,411.0,80.0,0,0,B,0,0,B,0,508.3736382682878,21385.38184761184,0.7758526999969035
105,DG2_k2_t0_R,16,16,16,12692.343,726,16,1,29,6024.163139274348,8275.34254327089,3646.1631392743466,4629.179403996544,3630.0,707.0,80.0,0,0,C,399,319,C,3,,,0.8599594000261277
105,DG2_k2_t1_R,16,16,16,12692.343,726,16,1,29,6024.163139274348,8275.34254327089,3646.1631392743466,4629.179403996544,3630.0,707.0,80.0,0,0,C,399,319,C,3,,,0.9145864000020083
105,DG2_k3_t0_R,16,16,16,12692.343,726,16,1,29,6024.163139274348,8275.34254327089,3646.1631392743466,4629.179403996544,3630.0,707.0,80.0,0,0,C,399,319,C,3,,,0.9091543999966234
105,DG2_k3_t1_R,16,16,16,12692.343,726,16,1,29,6024.163139274348,8275.34254327089,3646.1631392743466,4629.179403996544,3630.0,707.0,80.0,0,0,C,399,319,C,3,,,0.9052861999953166
105,DG2_k5_t0_R,16,16,16,12692.343,726,16,1,29,6024.163139274348,8275.34254327089,3646.1631392743466,4629.179403996544,3630.0,707.0,80.0,0,0,C,399,319,C,4,,,0.9211642000009306
105,DG2_k2_t0_F,16,16,16,12692.343,726,16,1,29,6024.163139274348,8275.34254327089,3646.1631392743466,4629.179403996544,3630.0,707.0,80.0,0,0,C,399,319,C,3,,,0.9171600000117905
105,DG2_k3_t0_F,16,16,16,12692.343,726,16,1,29,6024.163139274348,8275.34254327089,3646.1631392743466,4629.179403996544,3630.0,707.0,80.0,0,0,C,399,319,C,3,,,0.939677100017434
106,Cplus3F,16,16,16,8673.29,377,16,1,27,5864.352592358979,6345.290023399026,3761.3525923589805,2583.9374310400435,1885.0,363.0,80.0,0,0,B,0,0,,,,,0.7089750999875832
106,C3FDirect,16,16,16,10169.768,508,16,1,29,5986.885213241113,7059.768305497104,3463.8852132411103,3595.883092255994,2540.0,490.0,80.0,0,0,C,323,104,,,,,0.6257877000025474
106,DG2_k1_t0_R,16,16,16,10169.768,508,16,1,29,5986.885213241113,7059.768305497104,3463.8852132411103,3595.883092255994,2540.0,490.0,80.0,0,0,C,323,104,C,1,,,0.619323799997801
106,DG2_k2_t0_R,16,16,16,10169.768,508,16,1,29,5986.885213241113,7059.768305497104,3463.8852132411103,3595.883092255994,2540.0,490.0,80.0,0,0,C,323,104,C,1,,,0.6218883999972604
106,DG2_k2_t1_R,16,16,16,9667.525,450,16,1,27,6717.609460801865,6908.524503008335,4272.609460801866,2635.915042206469,2250.0,429.0,80.0,0,0,B,0,1,B,1,288.47307916059424,20422.27694531244,0.8190746000036597
106,DG2_k3_t0_R,16,16,16,10169.768,508,16,1,29,5986.885213241113,7059.768305497104,3463.8852132411103,3595.883092255994,2540.0,490.0,80.0,0,0,C,323,104,C,1,,,0.6089039000216872
106,DG2_k3_t1_R,16,16,16,8886.613,433,16,1,27,6553.852847754459,6219.612693630477,4066.8528477544587,2152.7598458760167,2165.0,422.0,80.0,0,0,B,0,2,B,1,235.5167982314916,20015.301068666482,0.6912850000080653
106,DG2_k5_t0_R,16,16,16,10169.768,508,16,1,29,5986.885213241113,7059.768305497104,3463.8852132411103,3595.883092255994,2540.0,490.0,80.0,0,0,C,323,104,C,2,,,0.513377399998717
106,DG2_k2_t0_F,16,16,16,10169.768,508,16,1,29,5986.885213241113,7059.768305497104,3463.8852132411103,3595.883092255994,2540.0,490.0,80.0,0,0,C,323,104,C,1,,,0.5939656000118703
106,DG2_k3_t0_F,16,16,16,10169.768,508,16,1,29,5986.885213241113,7059.768305497104,3463.8852132411103,3595.883092255994,2540.0,490.0,80.0,0,0,C,323,104,C,1,,,0.5860904000001028
107,Cplus3F,16,16,16,8262.003,390,16,1,27,5884.852562317603,5853.002641584657,3806.8525623176038,2046.150079267051,1950.0,379.0,80.0,0,0,B,0,0,,,,,0.33754060001228936
107,C3FDirect,16,16,16,10435.214,542,16,1,29,6011.693410474631,7123.213515595067,3676.69341047463,3446.5201051204363,2710.0,522.0,80.0,0,0,C,328,158,,,,,0.4771795000124257
107,DG2_k1_t0_R,16,16,16,10435.214,542,16,1,29,6011.693410474631,7123.213515595067,3676.69341047463,3446.5201051204363,2710.0,522.0,80.0,0,0,C,328,158,C,1,,,0.5301813000114635
107,DG2_k2_t0_R,16,16,16,10435.214,542,16,1,29,6011.693410474631,7123.213515595067,3676.69341047463,3446.5201051204363,2710.0,522.0,80.0,0,0,C,328,158,C,2,,,0.48662720000720583
107,DG2_k2_t1_R,16,16,16,10435.214,542,16,1,29,6011.693410474631,7123.213515595067,3676.69341047463,3446.5201051204363,2710.0,522.0,80.0,0,0,C,328,158,C,2,,,0.48773500000243075
107,DG2_k3_t0_R,16,16,16,10435.214,542,16,1,29,6011.693410474631,7123.213515595067,3676.69341047463,3446.5201051204363,2710.0,522.0,80.0,0,0,C,328,158,C,3,,,0.49652129999594763
107,DG2_k3_t1_R,16,16,16,10435.214,542,16,1,29,6011.693410474631,7123.213515595067,3676.69341047463,3446.5201051204363,2710.0,522.0,80.0,0,0,C,328,158,C,3,,,0.4445560000021942
107,DG2_k5_t0_R,16,16,16,10435.214,542,16,1,29,6011.693410474631,7123.213515595067,3676.69341047463,3446.5201051204363,2710.0,522.0,80.0,0,0,C,328,158,C,3,,,0.4992758000153117
107,DG2_k2_t0_F,16,16,16,10435.214,542,16,1,29,6011.693410474631,7123.213515595067,3676.69341047463,3446.5201051204363,2710.0,522.0,80.0,0,0,C,328,158,C,2,,,0.45656059999600984
107,DG2_k3_t0_F,16,16,16,10435.214,542,16,1,29,6011.693410474631,7123.213515595067,3676.69341047463,3446.5201051204363,2710.0,522.0,80.0,0,0,C,328,158,C,3,,,0.4773167000093963
108,Cplus3F,16,16,16,10310.83,539,16,1,27,5893.224301954397,7016.830104298432,3579.2243019543985,3437.6058023440396,2695.0,519.0,80.0,0,0,B,0,0,,,,,1.1911188999947626
108,C3FDirect,16,16,16,10078.112,559,16,1,29,6030.0081597223325,6659.112238348966,3694.0081597223316,2965.104078626636,2795.0,544.0,80.0,0,0,C,317,169,,,,,0.5507910000160336
108,DG2_k1_t0_R,16,16,16,8974.992,419,16,1,27,6849.493938186426,6391.992042898394,4587.493938186426,1804.4981047119693,2095.0,408.0,80.0,0,0,B,0,0,B,0,508.3736382682878,21385.38184761184,0.6156496000185143
108,DG2_k2_t0_R,16,16,16,10078.112,559,16,1,29,6030.0081597223325,6659.112238348966,3694.0081597223316,2965.104078626636,2795.0,544.0,80.0,0,0,C,317,169,C,1,,,0.5210075000068173
108,DG2_k2_t1_R,16,16,16,11014.781,572,16,1,27,7020.504744369088,7533.7806305321255,4295.504744369088,3238.275886163042,2860.0,541.0,80.0,0,0,B,0,0,B,1,288.47307916059424,20422.27694531244,1.2189718000008725
108,DG2_k3_t0_R,16,16,16,10078.112,559,16,1,29,6030.0081597223325,6659.112238348966,3694.0081597223316,2965.104078626636,2795.0,544.0,80.0,0,0,C,317,169,C,1,,,0.4845930000010412
108,DG2_k3_t1_R,16,16,16,9330.018,536,16,1,27,5926.584686732012,6039.017685968371,3426.5846867320124,2612.4329992363605,2680.0,531.0,80.0,0,0,B,0,1,B,1,235.5167982314916,20015.301068666482,0.8208732999919448
108,DG2_k5_t0_R,16,16,16,10078.112,559,16,1,29,6030.0081597223325,6659.112238348966,3694.0081597223316,2965.104078626636,2795.0,544.0,80.0,0,0,C,317,169,C,1,,,0.5441835999954492
108,DG2_k2_t0_F,16,16,16,10078.112,559,16,1,29,6030.0081597223325,6659.112238348966,3694.0081597223316,2965.104078626636,2795.0,544.0,80.0,0,0,C,317,169,C,1,,,0.4991372999793384
108,DG2_k3_t0_F,16,16,16,10078.112,559,16,1,29,6030.0081597223325,6659.112238348966,3694.0081597223316,2965.104078626636,2795.0,544.0,80.0,0,0,C,317,169,C,1,,,0.5207255000132136
109,Cplus3F,16,16,16,10260.194,600,16,1,27,6144.944821041597,6584.194354284914,3745.9448210415985,2838.249533243315,3000.0,596.0,80.0,0,0,B,0,0,,,,,0.5770907000114676
109,C3FDirect,16,16,16,9421.724,533,16,1,29,5602.638500672221,6162.723564616509,3290.6385006722217,2872.0850639442856,2665.0,514.0,80.0,0,0,C,214,147,,,,,0.4558707000105642
109,DG2_k1_t0_R,16,16,16,9421.724,533,16,1,29,5602.638500672221,6162.723564616509,3290.6385006722217,2872.0850639442856,2665.0,514.0,80.0,0,0,C,214,147,C,1,,,0.492534799996065
109,DG2_k2_t0_R,16,16,16,9421.724,533,16,1,29,5602.638500672221,6162.723564616509,3290.6385006722217,2872.0850639442856,2665.0,514.0,80.0,0,0,C,214,147,C,2,,,0.5164016999769956
109,DG2_k2_t1_R,16,16,16,9421.724,533,16,1,29,5602.638500672221,6162.723564616509,3290.6385006722217,2872.0850639442856,2665.0,514.0,80.0,0,0,C,214,147,C,2,,,0.44038100002217107
109,DG2_k3_t0_R,16,16,16,9421.724,533,16,1,29,5602.638500672221,6162.723564616509,3290.6385006722217,2872.0850639442856,2665.0,514.0,80.0,0,0,C,214,147,C,3,,,0.466319899976952
109,DG2_k3_t1_R,16,16,16,9421.724,533,16,1,29,5602.638500672221,6162.723564616509,3290.6385006722217,2872.0850639442856,2665.0,514.0,80.0,0,0,C,214,147,C,3,,,0.5065694999939296
109,DG2_k5_t0_R,16,16,16,9421.724,533,16,1,29,5602.638500672221,6162.723564616509,3290.6385006722217,2872.0850639442856,2665.0,514.0,80.0,0,0,C,214,147,C,3,,,0.5002048000169452
109,DG2_k2_t0_F,16,16,16,9421.724,533,16,1,29,5602.638500672221,6162.723564616509,3290.6385006722217,2872.0850639442856,2665.0,514.0,80.0,0,0,C,214,147,C,2,,,0.4599879999877885
109,DG2_k3_t0_F,16,16,16,9421.724,533,16,1,29,5602.638500672221,6162.723564616509,3290.6385006722217,2872.0850639442856,2665.0,514.0,80.0,0,0,C,214,147,C,3,,,0.4123713999870233
110,Cplus3F,16,16,16,8256.259,358,16,1,27,5519.951327974974,6040.259331528493,3489.9513279749763,2550.3080035535168,1790.0,346.0,80.0,0,0,B,0,0,,,,,0.48561060000793077
110,C3FDirect,16,16,16,9112.763,550,16,1,29,5928.201906197459,5745.763006233143,3292.201906197458,2453.561100035685,2750.0,537.0,80.0,0,0,C,145,118,,,,,0.42161449999548495
110,DG2_k1_t0_R,16,16,16,8337.506,397,16,1,27,6030.660117834757,5892.505954492372,3791.6601178347564,2100.845836657616,1985.0,380.0,80.0,0,0,B,0,0,B,0,508.3736382682878,21385.38184761184,0.6055765000055544
110,DG2_k2_t0_R,16,16,16,9593.31,526,16,1,27,5608.802747095573,6361.309523629581,3378.8027470955735,2982.506776534011,2630.0,522.0,80.0,0,0,B,0,0,B,0,288.47307916059424,20422.27694531244,0.5816613000060897
110,DG2_k2_t1_R,16,16,16,9593.31,526,16,1,27,5608.802747095573,6361.309523629581,3378.8027470955735,2982.506776534011,2630.0,522.0,80.0,0,0,B,0,0,B,0,288.47307916059424,20422.27694531244,0.663301099993987
110,DG2_k3_t0_R,16,16,16,8843.472,381,16,1,27,6267.609391597685,6496.472026182648,4123.609391597686,2372.862634584961,1905.0,362.0,80.0,0,0,B,0,0,B,0,235.5167982314916,20015.301068666482,0.4654242999968119
110,DG2_k3_t1_R,16,16,16,8843.472,381,16,1,27,6267.609391597685,6496.472026182648,4123.609391597686,2372.862634584961,1905.0,362.0,80.0,0,0,B,0,0,B,0,235.5167982314916,20015.301068666482,0.5064379000104964
110,DG2_k5_t0_R,16,16,16,9112.763,550,16,1,29,5928.201906197459,5745.763006233143,3292.201906197458,2453.561100035685,2750.0,537.0,80.0,0,0,C,145,118,C,2,,,0.3847507999744266
110,DG2_k2_t0_F,16,16,16,8769.281,398,16,1,27,6032.973337883918,6313.281341437435,3762.973337883919,2550.3080035535168,1990.0,386.0,80.0,0,0,B,0,0,B,0,403.20336688065873,20157.04592963063,0.506761099997675
110,DG2_k3_t0_F,16,16,16,9167.953,418,16,1,27,6431.644937349064,6591.952940902583,4041.644937349066,2550.3080035535168,2090.0,406.0,80.0,0,0,B,0,0,B,0,893.750999492464,20647.593562242437,0.43965009998646565
111,Cplus3F,16,16,16,7670.345,362,16,1,27,4934.0768550548,5432.344753171651,3134.0768550548014,2298.267898116852,1810.0,348.0,80.0,0,0,B,0,0,,,,,0.3059384999796748
111,C3FDirect,16,16,16,12036.808,674,16,1,29,6270.776360047303,7930.808148527527,3677.776360047301,4253.031788480226,3370.0,656.0,80.0,0,0,C,476,218,,,,,0.7462677999865264
111,DG2_k1_t0_R,16,16,16,10012.336,470,16,1,27,6828.71661728794,7131.335745975356,4337.71661728794,2793.6191286874155,2350.0,451.0,80.0,0,0,B,0,0,B,0,508.3736382682878,21385.38184761184,0.5372415000165347
111,DG2_k2_t0_R,16,16,16,12036.808,674,16,1,29,6270.776360047303,7930.808148527527,3677.776360047301,4253.031788480226,3370.0,656.0,80.0,0,0,C,476,218,C,1,,,0.7488104999938514
111,DG2_k2_t1_R,16,16,16,11171.856,576,16,1,27,6637.752815002711,7662.855827444809,4282.752815002712,3380.1030124421018,2880.0,549.0,80.0,0,0,B,0,0,B,1,288.47307916059424,20422.27694531244,0.7518024999881163
111,DG2_k3_t0_R,16,16,16,12036.808,674,16,1,29,6270.776360047303,7930.808148527527,3677.776360047301,4253.031788480226,3370.0,656.0,80.0,0,0,C,476,218,C,3,,,0.7186578999971971
111,DG2_k3_t1_R,16,16,16,12036.808,674,16,1,29,6270.776360047303,7930.808148527527,3677.776360047301,4253.031788480226,3370.0,656.0,80.0,0,0,C,476,218,C,3,,,0.7984022999880835
111,DG2_k5_t0_R,16,16,16,12036.808,674,16,1,29,6270.776360047303,7930.808148527527,3677.776360047301,4253.031788480226,3370.0,656.0,80.0,0,0,C,476,218,C,4,,,0.7447338000056334
111,DG2_k2_t0_F,16,16,16,12036.808,674,16,1,29,6270.776360047303,7930.808148527527,3677.776360047301,4253.031788480226,3370.0,656.0,80.0,0,0,C,476,218,C,1,,,0.7565594000043347
111,DG2_k3_t0_F,16,16,16,12036.808,674,16,1,29,6270.776360047303,7930.808148527527,3677.776360047301,4253.031788480226,3370.0,656.0,80.0,0,0,C,476,218,C,3,,,0.8023218000016641
112,Cplus3F,16,16,16,6925.21,319,16,1,27,4923.741978620129,4937.209716532647,3073.74197862013,1863.4677379125171,1595.0,313.0,80.0,0,0,B,0,0,,,,,0.39609890000429004
112,C3FDirect,16,16,16,10267.842,620,16,1,29,6104.538347689948,6481.842149223939,3474.5383476899465,3007.3038015339916,3100.0,606.0,80.0,0,0,C,198,192,,,,,0.5685026999854017
112,DG2_k1_t0_R,16,16,16,10267.842,620,16,1,29,6104.538347689948,6481.842149223939,3474.5383476899465,3007.3038015339916,3100.0,606.0,80.0,0,0,C,198,192,C,1,,,0.5007187000010163
112,DG2_k2_t0_R,16,16,16,10267.842,620,16,1,29,6104.538347689948,6481.842149223939,3474.5383476899465,3007.3038015339916,3100.0,606.0,80.0,0,0,C,198,192,C,2,,,0.5136664000165183
112,DG2_k2_t1_R,16,16,16,10267.842,620,16,1,29,6104.538347689948,6481.842149223939,3474.5383476899465,3007.3038015339916,3100.0,606.0,80.0,0,0,C,198,192,C,2,,,0.5664690000121482
112,DG2_k3_t0_R,16,16,16,10267.842,620,16,1,29,6104.538347689948,6481.842149223939,3474.5383476899465,3007.3038015339916,3100.0,606.0,80.0,0,0,C,198,192,C,4,,,0.536167199985357
112,DG2_k3_t1_R,16,16,16,10267.842,620,16,1,29,6104.538347689948,6481.842149223939,3474.5383476899465,3007.3038015339916,3100.0,606.0,80.0,0,0,C,198,192,C,4,,,0.5447220999922138
112,DG2_k5_t0_R,16,16,16,10267.842,620,16,1,29,6104.538347689948,6481.842149223939,3474.5383476899465,3007.3038015339916,3100.0,606.0,80.0,0,0,C,198,192,C,4,,,0.4221607999934349
112,DG2_k2_t0_F,16,16,16,10267.842,620,16,1,29,6104.538347689948,6481.842149223939,3474.5383476899465,3007.3038015339916,3100.0,606.0,80.0,0,0,C,198,192,C,2,,,0.4624613000196405
112,DG2_k3_t0_F,16,16,16,10267.842,620,16,1,29,6104.538347689948,6481.842149223939,3474.5383476899465,3007.3038015339916,3100.0,606.0,80.0,0,0,C,198,192,C,4,,,0.376134699996328
113,Cplus3F,16,16,16,9439.557,447,16,1,27,5808.342255169863,6681.55726795288,3765.342255169864,2916.215012783017,2235.0,443.0,80.0,0,0,B,0,0,,,,,0.6399816999910399
113,C3FDirect,16,16,16,12247.393,619,16,1,29,6228.915817706895,8509.393071435336,3689.9158177068934,4819.4772537284425,3095.0,563.0,80.0,0,0,C,567,166,,,,,0.8071731999807525
113,DG2_k1_t0_R,16,16,16,12247.393,619,16,1,29,6228.915817706895,8509.393071435336,3689.9158177068934,4819.4772537284425,3095.0,563.0,80.0,0,0,C,567,166,C,1,,,0.7564065000042319
113,DG2_k2_t0_R,16,16,16,12247.393,619,16,1,29,6228.915817706895,8509.393071435336,3689.9158177068934,4819.4772537284425,3095.0,563.0,80.0,0,0,C,567,166,C,1,,,0.7972463000041898
113,DG2_k2_t1_R,16,16,16,9318.99,436,16,1,27,6887.018761293833,6627.990046898771,4421.018761293835,2206.9712856049337,2180.0,431.0,80.0,0,0,B,0,1,B,1,288.47307916059424,20422.27694531244,0.3227104999823496
113,DG2_k3_t0_R,16,16,16,12247.393,619,16,1,29,6228.915817706895,8509.393071435336,3689.9158177068934,4819.4772537284425,3095.0,563.0,80.0,0,0,C,567,166,C,1,,,0.890440099989064
113,DG2_k3_t1_R,16,16,16,9963.023,455,16,1,27,6387.540360848965,7175.022720866321,3900.5403608489646,3274.482360017354,2275.0,433.0,80.0,0,0,B,0,2,B,1,235.5167982314916,20015.301068666482,0.44335670000873506
113,DG2_k5_t0_R,16,16,16,12247.393,619,16,1,29,6228.915817706895,8509.393071435336,3689.9158177068934,4819.4772537284425,3095.0,563.0,80.0,0,0,C,567,166,C,2,,,0.855415300000459
113,DG2_k2_t0_F,16,16,16,12247.393,619,16,1,29,6228.915817706895,8509.393071435336,3689.9158177068934,4819.4772537284425,3095.0,563.0,80.0,0,0,C,567,166,C,1,,,0.8851218999770936
113,DG2_k3_t0_F,16,16,16,12247.393,619,16,1,29,6228.915817706895,8509.393071435336,3689.9158177068934,4819.4772537284425,3095.0,563.0,80.0,0,0,C,567,166,C,1,,,0.8168348000035621
114,Cplus3F,16,16,16,8944.235,457,16,1,27,5733.194107461278,6133.234925201827,3613.19410746128,2520.0408177405475,2285.0,446.0,80.0,0,0,B,0,0,,,,,0.7472083000175189
114,C3FDirect,16,16,16,9097.244,480,16,1,29,6032.185126369733,6154.243598062859,3572.185126369731,2582.058471693129,2400.0,463.0,80.0,0,0,C,244,96,,,,,0.3562194000114687
114,DG2_k1_t0_R,16,16,16,9097.244,480,16,1,29,6032.185126369733,6154.243598062859,3572.185126369731,2582.058471693129,2400.0,463.0,80.0,0,0,C,244,96,C,1,,,0.3722852999926545
114,DG2_k2_t0_R,16,16,16,9097.244,480,16,1,29,6032.185126369733,6154.243598062859,3572.185126369731,2582.058471693129,2400.0,463.0,80.0,0,0,C,244,96,C,1,,,0.3693749000085518
114,DG2_k2_t1_R,16,16,16,8942.698,430,16,1,27,6729.548439466151,6294.6983205998295,4266.54843946615,2028.1498811336796,2150.0,418.0,80.0,0,0,B,0,1,B,1,288.47307916059424,20422.27694531244,0.5169690999900922
114,DG2_k3_t0_R,16,16,16,9097.244,480,16,1,29,6032.185126369733,6154.243598062859,3572.185126369731,2582.058471693129,2400.0,463.0,80.0,0,0,C,244,96,C,2,,,0.3703083999862429
114,DG2_k3_t1_R,16,16,16,9097.244,480,16,1,29,6032.185126369733,6154.243598062859,3572.185126369731,2582.058471693129,2400.0,463.0,80.0,0,0,C,244,96,C,2,,,0.34518520001438446
114,DG2_k5_t0_R,16,16,16,9097.244,480,16,1,29,6032.185126369733,6154.243598062859,3572.185126369731,2582.058471693129,2400.0,463.0,80.0,0,0,C,244,96,C,2,,,0.38055489998077974
114,DG2_k2_t0_F,16,16,16,9097.244,480,16,1,29,6032.185126369733,6154.243598062859,3572.185126369731,2582.058471693129,2400.0,463.0,80.0,0,0,C,244,96,C,1,,,0.37095599999884143
114,DG2_k3_t0_F,16,16,16,9097.244,480,16,1,29,6032.185126369733,6154.243598062859,3572.185126369731,2582.058471693129,2400.0,463.0,80.0,0,0,C,244,96,C,2,,,0.35140259997569956
115,Cplus3F,16,16,16,9788.53,479,16,1,27,5882.621660585424,6855.530089401032,3749.621660585425,3105.9084288156077,2395.0,458.0,80.0,0,0,B,0,0,,,,,0.7841958999924827
115,C3FDirect,16,16,16,12552.197,684,16,1,29,5667.010835257129,8386.196723842406,3281.0108352571274,5105.185888585285,3420.0,666.0,80.0,0,0,C,476,256,,,,,0.9673848999955226
115,DG2_k1_t0_R,16,16,16,9700.094,423,16,1,27,6743.39920866351,7105.093643563199,4485.39920866351,2619.6944348996885,2115.0,400.0,80.0,0,0,B,0,0,B,0,508.3736382682878,21385.38184761184,0.47356630000285804
115,DG2_k2_t0_R,16,16,16,12552.197,684,16,1,29,5667.010835257129,8386.196723842406,3281.0108352571274,5105.185888585285,3420.0,666.0,80.0,0,0,C,476,256,C,2,,,0.9566028999979608
115,DG2_k2_t1_R,16,16,16,12552.197,684,16,1,29,5667.010835257129,8386.196723842406,3281.0108352571274,5105.185888585285,3420.0,666.0,80.0,0,0,C,476,256,C,2,,,0.9401440999936312
115,DG2_k3_t0_R,16,16,16,12552.197,684,16,1,29,5667.010835257129,8386.196723842406,3281.0108352571274,5105.185888585285,3420.0,666.0,80.0,0,0,C,476,256,C,2,,,0.9858895000070333
115,DG2_k3_t1_R,16,16,16,12552.197,684,16,1,29,5667.010835257129,8386.196723842406,3281.0108352571274,5105.185888585285,3420.0,666.0,80.0,0,0,C,476,256,C,2,,,0.9200206999958027
115,DG2_k5_t0_R,16,16,16,12552.197,684,16,1,29,5667.010835257129,8386.196723842406,3281.0108352571274,5105.185888585285,3420.0,666.0,80.0,0,0,C,476,256,C,2,,,0.9557594000070821
115,DG2_k2_t0_F,16,16,16,12552.197,684,16,1,29,5667.010835257129,8386.196723842406,3281.0108352571274,5105.185888585285,3420.0,666.0,80.0,0,0,C,476,256,C,2,,,0.9529637999949045
115,DG2_k3_t0_F,16,16,16,12552.197,684,16,1,29,5667.010835257129,8386.196723842406,3281.0108352571274,5105.185888585285,3420.0,666.0,80.0,0,0,C,476,256,C,2,,,0.9857265000173356
116,Cplus3F,16,16,16,8759.395,408,16,1,27,5714.865837024379,6257.39473873335,3575.8658370243797,2681.528901708972,2040.0,382.0,80.0,0,0,B,0,0,,,,,0.5999651000020094
116,C3FDirect,16,16,16,11631.161,608,16,1,29,6218.591473995317,7928.160731113209,3746.5914739953155,4181.569257117896,3040.0,583.0,80.0,0,0,C,358,173,,,,,0.6772932000167202
116,DG2_k1_t0_R,16,16,16,8930.675,450,16,1,27,5960.638215200358,6167.675390672001,3769.638215200358,2398.0371754716416,2250.0,433.0,80.0,0,0,B,0,0,B,0,508.3736382682878,21385.38184761184,0.5170425999967847
116,DG2_k2_t0_R,16,16,16,10842.201,536,16,1,27,6839.882505874141,7567.200736576171,4263.882505874142,3303.3182307020293,2680.0,515.0,80.0,0,0,B,0,0,B,0,288.47307916059424,20422.27694531244,0.5659769999911077
116,DG2_k2_t1_R,16,16,16,10842.201,536,16,1,27,6839.882505874141,7567.200736576171,4263.882505874142,3303.3182307020293,2680.0,515.0,80.0,0,0,B,0,0,B,0,288.47307916059424,20422.27694531244,0.5768230000103358
116,DG2_k3_t0_R,16,16,16,11631.161,608,16,1,29,6218.591473995317,7928.160731113209,3746.5914739953155,4181.569257117896,3040.0,583.0,80.0,0,0,C,358,173,C,2,,,0.5600269999995362
116,DG2_k3_t1_R,16,16,16,11631.161,608,16,1,29,6218.591473995317,7928.160731113209,3746.5914739953155,4181.569257117896,3040.0,583.0,80.0,0,0,C,358,173,C,2,,,0.634816600009799
116,DG2_k5_t0_R,16,16,16,11631.161,608,16,1,29,6218.591473995317,7928.160731113209,3746.5914739953155,4181.569257117896,3040.0,583.0,80.0,0,0,C,358,173,C,2,,,0.6629055000084918
116,DG2_k2_t0_F,16,16,16,9272.417,448,16,1,27,6227.887846933323,6530.416748642294,3848.887846933323,2681.528901708972,2240.0,422.0,80.0,0,0,B,0,0,B,0,403.20336688065873,20157.04592963063,0.4039444999943953
116,DG2_k3_t0_F,16,16,16,11631.161,608,16,1,29,6218.591473995317,7928.160731113209,3746.5914739953155,4181.569257117896,3040.0,583.0,80.0,0,0,C,358,173,C,2,,,0.638910500012571
117,Cplus3F,16,16,16,10823.929,536,16,1,27,6077.727382447935,7544.929160085433,3777.727382447937,3767.2017776374973,2680.0,519.0,80.0,0,0,B,0,0,,,,,0.6556448999908753
117,C3FDirect,16,16,16,11005.433,569,16,1,29,6013.449381629526,7522.433361571326,3558.4493816295253,3963.9839799418028,2845.0,558.0,80.0,0,0,C,379,183,,,,,0.5580129000009038
117,DG2_k1_t0_R,16,16,16,11005.433,569,16,1,29,6013.449381629526,7522.433361571326,3558.4493816295253,3963.9839799418028,2845.0,558.0,80.0,0,0,C,379,183,C,1,,,0.6339475999993738
117,DG2_k2_t0_R,16,16,16,11005.433,569,16,1,29,6013.449381629526,7522.433361571326,3558.4493816295253,3963.9839799418028,2845.0,558.0,80.0,0,0,C,379,183,C,3,,,0.5617199999978766
117,DG2_k2_t1_R,16,16,16,11005.433,569,16,1,29,6013.449381629526,7522.433361571326,3558.4493816295253,3963.9839799418028,2845.0,558.0,80.0,0,0,C,379,183,C,3,,,0.6069956000137608
117,DG2_k3_t0_R,16,16,16,11005.433,569,16,1,29,6013.449381629526,7522.433361571326,3558.4493816295253,3963.9839799418028,2845.0,558.0,80.0,0,0,C,379,183,C,3,,,0.7491990000125952
117,DG2_k3_t1_R,16,16,16,11005.433,569,16,1,29,6013.449381629526,7522.433361571326,3558.4493816295253,3963.9839799418028,2845.0,558.0,80.0,0,0,C,379,183,C,3,,,0.8244997000147123
117,DG2_k5_t0_R,16,16,16,11005.433,569,16,1,29,6013.449381629526,7522.433361571326,3558.4493816295253,3963.9839799418028,2845.0,558.0,80.0,0,0,C,379,183,C,3,,,0.7023613999772351
117,DG2_k2_t0_F,16,16,16,11005.433,569,16,1,29,6013.449381629526,7522.433361571326,3558.4493816295253,3963.9839799418028,2845.0,558.0,80.0,0,0,C,379,183,C,3,,,0.7896361000020988
117,DG2_k3_t0_F,16,16,16,11005.433,569,16,1,29,6013.449381629526,7522.433361571326,3558.4493816295253,3963.9839799418028,2845.0,558.0,80.0,0,0,C,379,183,C,3,,,0.8900237000198103
118,Cplus3F,16,16,16,9330.072,473,16,1,27,6330.409836992564,6423.071807592507,3976.4098369925646,2446.6619705999424,2365.0,462.0,80.0,0,0,B,0,0,,,,,0.5854152999818325
118,C3FDirect,16,16,16,10707.326,557,16,1,29,6182.983113121588,7320.325751964612,3666.9831131215856,3653.3426388430316,2785.0,522.0,80.0,0,0,C,240,134,,,,,1.245023899973603
118,DG2_k1_t0_R,16,16,16,9387.669,459,16,1,27,5773.319473465669,6569.668581624102,3702.319473465668,2867.349108158436,2295.0,443.0,80.0,0,0,B,0,0,B,0,508.3736382682878,21385.38184761184,1.0360660000005737
118,DG2_k2_t0_R,16,16,16,10707.326,557,16,1,29,6182.983113121588,7320.325751964612,3666.9831131215856,3653.3426388430316,2785.0,522.0,80.0,0,0,C,240,134,C,1,,,1.2958276999997906
118,DG2_k2_t1_R,16,16,16,9660.128,481,16,1,27,6842.882036468035,6709.128243147907,4247.882036468034,2461.2462066798744,2405.0,466.0,80.0,0,0,B,0,0,B,1,288.47307916059424,20422.27694531244,0.6694598000030965
118,DG2_k3_t0_R,16,16,16,10707.326,557,16,1,29,6182.983113121588,7320.325751964612,3666.9831131215856,3653.3426388430316,2785.0,522.0,80.0,0,0,C,240,134,C,1,,,1.2637286999961361
118,DG2_k3_t1_R,16,16,16,9306.526,498,16,1,27,6686.232277032674,6246.52604360836,4097.232277032673,2149.2937665756876,2490.0,490.0,80.0,0,0,B,0,1,B,1,235.5167982314916,20015.301068666482,0.6877042999840342
118,DG2_k5_t0_R,16,16,16,10707.326,557,16,1,29,6182.983113121588,7320.325751964612,3666.9831131215856,3653.3426388430316,2785.0,522.0,80.0,0,0,C,240,134,C,3,,,1.3165463999903295
118,DG2_k2_t0_F,16,16,16,10707.326,557,16,1,29,6182.983113121588,7320.325751964612,3666.9831131215856,3653.3426388430316,2785.0,522.0,80.0,0,0,C,240,134,C,1,,,1.3253534999967087
118,DG2_k3_t0_F,16,16,16,10707.326,557,16,1,29,6182.983113121588,7320.325751964612,3666.9831131215856,3653.3426388430316,2785.0,522.0,80.0,0,0,C,240,134,C,1,,,1.346982500021113
119,Cplus3F,16,16,16,8731.232,428,16,1,27,5719.207778904739,6092.232441052176,3642.2077789047407,2450.0246621474384,2140.0,419.0,80.0,0,0,B,0,0,,,,,0.9704637000104412
119,C3FDirect,16,16,16,10559.668,533,16,1,29,5827.20699139085,7297.667956090879,3311.20699139085,3986.4609647000307,2665.0,517.0,80.0,0,0,C,313,133,,,,,0.47306059999391437
119,DG2_k1_t0_R,16,16,16,9884.17,458,16,1,27,7087.531121318603,7070.169862694111,4500.531121318603,2569.6387413755087,2290.0,444.0,80.0,0,0,B,0,0,B,0,508.3736382682878,21385.38184761184,0.7195596999954432
119,DG2_k2_t0_R,16,16,16,10559.668,533,16,1,29,5827.20699139085,7297.667956090879,3311.20699139085,3986.4609647000307,2665.0,517.0,80.0,0,0,C,313,133,C,1,,,0.4693074000242632
119,DG2_k2_t1_R,16,16,16,9793.389,524,16,1,27,6098.018145435287,6578.388521271823,3798.0181454352864,2780.3703758365386,2620.0,515.0,80.0,0,0,B,0,0,B,1,288.47307916059424,20422.27694531244,1.2564231999858748
119,DG2_k3_t0_R,16,16,16,10559.668,533,16,1,29,5827.20699139085,7297.667956090879,3311.20699139085,3986.4609647000307,2665.0,517.0,80.0,0,0,C,313,133,C,1,,,0.43311369998264126
119,DG2_k3_t1_R,16,16,16,9380.075,453,16,1,27,6532.6857060010725,6586.075335700587,4168.685706001073,2417.389629699515,2265.0,449.0,80.0,0,0,B,0,1,B,1,235.5167982314916,20015.301068666482,0.644326599984197
119,DG2_k5_t0_R,16,16,16,10559.668,533,16,1,29,5827.20699139085,7297.667956090879,3311.20699139085,3986.4609647000307,2665.0,517.0,80.0,0,0,C,313,133,C,2,,,0.4783842999895569
119,DG2_k2_t0_F,16,16,16,10559.668,533,16,1,29,5827.20699139085,7297.667956090879,3311.20699139085,3986.4609647000307,2665.0,517.0,80.0,0,0,C,313,133,C,1,,,0.44868170001427643
119,DG2_k3_t0_F,16,16,16,10559.668,533,16,1,29,5827.20699139085,7297.667956090879,3311.20699139085,3986.4609647000307,2665.0,517.0,80.0,0,0,C,313,133,C,1,,,0.47280750001664273
120,Cplus3F,16,16,16,8501.004,406,16,1,27,6101.53621526623,5990.003992937047,3813.5362152662315,2176.4677776708163,2030.0,401.0,80.0,0,0,B,0,0,,,,,0.33805689998553135
120,C3FDirect,16,16,16,11808.664,651,16,1,29,6170.121366764563,7831.664335533522,3684.1213667645616,4147.542968768963,3255.0,642.0,80.0,0,0,C,376,219,,,,,1.168244800006505
120,DG2_k1_t0_R,16,16,16,10913.378,561,16,1,27,6609.543644545562,7469.378291853496,4179.543644545561,3289.8346473079364,2805.0,559.0,80.0,0,0,B,0,0,B,0,508.3736382682878,21385.38184761184,0.7788226999982726
120,DG2_k2_t0_R,16,16,16,9942.095,545,16,1,27,6972.668501890197,6594.09546205892,4345.668501890198,2248.4269601687233,2725.0,543.0,80.0,0,0,B,0,0,B,0,288.47307916059424,20422.27694531244,0.658289999992121
120,DG2_k2_t1_R,16,16,16,9942.095,545,16,1,27,6972.668501890197,6594.09546205892,4345.668501890198,2248.4269601687233,2725.0,543.0,80.0,0,0,B,0,0,B,0,288.47307916059424,20422.27694531244,0.6392713999957778
120,DG2_k3_t0_R,16,16,16,11808.664,651,16,1,29,6170.121366764563,7831.664335533522,3684.1213667645616,4147.542968768963,3255.0,642.0,80.0,0,0,C,376,219,C,1,,,1.1654476000112481
120,DG2_k3_t1_R,16,16,16,9419.964,446,16,1,27,6452.92875104599,6676.964419925086,4067.928751045991,2609.035668879095,2230.0,433.0,80.0,0,0,B,0,0,B,1,235.5167982314916,20015.301068666482,0.5609845999861136
120,DG2_k5_t0_R,16,16,16,11808.664,651,16,1,29,6170.121366764563,7831.664335533522,3684.1213667645616,4147.542968768963,3255.0,642.0,80.0,0,0,C,376,219,C,2,,,1.1532629000139423
120,DG2_k2_t0_F,16,16,16,9014.026,446,16,1,27,6614.558225175175,6263.026002845992,4086.5582251751753,2176.4677776708163,2230.0,441.0,80.0,0,0,B,0,0,B,0,403.20336688065873,20157.04592963063,0.32519599999068305
120,DG2_k3_t0_F,16,16,16,11808.664,651,16,1,29,6170.121366764563,7831.664335533522,3684.1213667645616,4147.542968768963,3255.0,642.0,80.0,0,0,C,376,219,C,1,,,1.1608086999913212
121,Cplus3F,16,16,16,9010.528,391,16,1,27,5793.9270093021205,6603.528015339549,3768.9270093021223,2834.6010060374247,1955.0,372.0,80.0,0,0,B,0,0,,,,,1.2558547999942675
121,C3FDirect,16,16,16,11832.13,634,16,1,29,6254.188229088505,7983.129746920923,3631.188229088504,4351.9415178324225,3170.0,599.0,80.0,0,0,C,314,177,,,,,1.0991662000014912
121,DG2_k1_t0_R,16,16,16,11832.13,634,16,1,29,6254.188229088505,7983.129746920923,3631.188229088504,4351.9415178324225,3170.0,599.0,80.0,0,0,C,314,177,C,1,,,1.1041991999954917
121,DG2_k2_t0_R,16,16,16,11832.13,634,16,1,29,6254.188229088505,7983.129746920923,3631.188229088504,4351.9415178324225,3170.0,599.0,80.0,0,0,C,314,177,C,2,,,1.11588510000729
121,DG2_k2_t1_R,16,16,16,11832.13,634,16,1,29,6254.188229088505,7983.129746920923,3631.188229088504,4351.9415178324225,3170.0,599.0,80.0,0,0,C,314,177,C,2,,,1.1135655000107363
121,DG2_k3_t0_R,16,16,16,11832.13,634,16,1,29,6254.188229088505,7983.129746920923,3631.188229088504,4351.9415178324225,3170.0,599.0,80.0,0,0,C,314,177,C,2,,,1.0957139999954961
121,DG2_k3_t1_R,16,16,16,11832.13,634,16,1,29,6254.188229088505,7983.129746920923,3631.188229088504,4351.9415178324225,3170.0,599.0,80.0,0,0,C,314,177,C,2,,,1.1046759000164457
121,DG2_k5_t0_R,16,16,16,11832.13,634,16,1,29,6254.188229088505,7983.129746920923,3631.188229088504,4351.9415178324225,3170.0,599.0,80.0,0,0,C,314,177,C,2,,,1.0991369999828748
121,DG2_k2_t0_F,16,16,16,11832.13,634,16,1,29,6254.188229088505,7983.129746920923,3631.188229088504,4351.9415178324225,3170.0,599.0,80.0,0,0,C,314,177,C,2,,,1.1042034999991301
121,DG2_k3_t0_F,16,16,16,11832.13,634,16,1,29,6254.188229088505,7983.129746920923,3631.188229088504,4351.9415178324225,3170.0,599.0,80.0,0,0,C,314,177,C,2,,,1.1089008999988437
122,Cplus3F,16,16,16,7774.968,329,16,1,27,5644.008220875375,5733.967767280432,3777.008220875377,1956.959546405053,1645.0,316.0,80.0,0,0,B,0,0,,,,,0.584176899981685
122,C3FDirect,16,16,16,8729.881,465,16,1,29,5659.925843727598,5888.880994040017,3343.9258437275985,2544.9551503124185,2325.0,436.0,80.0,0,0,C,251,99,,,,,0.7230750999879092
122,DG2_k1_t0_R,16,16,16,8729.881,465,16,1,29,5659.925843727598,5888.880994040017,3343.9258437275985,2544.9551503124185,2325.0,436.0,80.0,0,0,C,251,99,C,2,,,0.7334671999851707
122,DG2_k2_t0_R,16,16,16,8729.881,465,16,1,29,5659.925843727598,5888.880994040017,3343.9258437275985,2544.9551503124185,2325.0,436.0,80.0,0,0,C,251,99,C,2,,,0.7245208000240382
122,DG2_k2_t1_R,16,16,16,8729.881,465,16,1,29,5659.925843727598,5888.880994040017,3343.9258437275985,2544.9551503124185,2325.0,436.0,80.0,0,0,C,251,99,C,2,,,0.7268260999990162
122,DG2_k3_t0_R,16,16,16,8729.881,465,16,1,29,5659.925843727598,5888.880994040017,3343.9258437275985,2544.9551503124185,2325.0,436.0,80.0,0,0,C,251,99,C,3,,,0.7371176999877207
122,DG2_k3_t1_R,16,16,16,8729.881,465,16,1,29,5659.925843727598,5888.880994040017,3343.9258437275985,2544.9551503124185,2325.0,436.0,80.0,0,0,C,251,99,C,3,,,0.7397575000068173
122,DG2_k5_t0_R,16,16,16,8729.881,465,16,1,29,5659.925843727598,5888.880994040017,3343.9258437275985,2544.9551503124185,2325.0,436.0,80.0,0,0,C,251,99,C,3,,,0.7325490000075661
122,DG2_k2_t0_F,16,16,16,8729.881,465,16,1,29,5659.925843727598,5888.880994040017,3343.9258437275985,2544.9551503124185,2325.0,436.0,80.0,0,0,C,251,99,C,2,,,0.7305213999934494
122,DG2_k3_t0_F,16,16,16,8729.881,465,16,1,29,5659.925843727598,5888.880994040017,3343.9258437275985,2544.9551503124185,2325.0,436.0,80.0,0,0,C,251,99,C,3,,,0.72714430000633
123,Cplus3F,16,16,16,8495.733,417,16,1,27,6272.020062470176,5924.733338015721,3979.0200624701774,1945.7132755455425,2085.0,406.0,80.0,0,0,B,0,0,,,,,0.6045076999871526
123,C3FDirect,16,16,16,10202.763,561,16,1,29,6100.464072279411,6768.763215364736,3638.4640722794106,3130.2991430853267,2805.0,549.0,80.0,0,0,C,202,168,,,,,0.48674920000485145
123,DG2_k1_t0_R,16,16,16,9877.511,454,16,1,27,6511.190072464942,7087.511093578995,4319.190072464943,2768.321021114053,2270.0,440.0,80.0,0,0,B,0,0,B,0,508.3736382682878,21385.38184761184,1.1123761999770068
123,DG2_k2_t0_R,16,16,16,10202.763,561,16,1,29,6100.464072279411,6768.763215364736,3638.4640722794106,3130.2991430853267,2805.0,549.0,80.0,0,0,C,202,168,C,1,,,0.4818954999791458
123,DG2_k2_t1_R,16,16,16,9527.911,462,16,1,27,6790.873388030017,6686.911149801832,4280.873388030016,2406.0377617718154,2310.0,451.0,80.0,0,0,B,0,0,B,1,288.47307916059424,20422.27694531244,0.7066724999749567
123,DG2_k3_t0_R,16,16,16,10202.763,561,16,1,29,6100.464072279411,6768.763215364736,3638.4640722794106,3130.2991430853267,2805.0,549.0,80.0,0,0,C,202,168,C,1,,,0.4814102999807801
123,DG2_k3_t1_R,16,16,16,9353.52,487,16,1,27,6592.285745038833,6374.520087364953,3963.2857450388337,2411.2343423261177,2435.0,464.0,80.0,0,0,B,0,1,B,1,235.5167982314916,20015.301068666482,0.45756780001102015
123,DG2_k5_t0_R,16,16,16,10202.763,561,16,1,29,6100.464072279411,6768.763215364736,3638.4640722794106,3130.2991430853267,2805.0,549.0,80.0,0,0,C,202,168,C,2,,,0.4779980000166688
123,DG2_k2_t0_F,16,16,16,10202.763,561,16,1,29,6100.464072279411,6768.763215364736,3638.4640722794106,3130.2991430853267,2805.0,549.0,80.0,0,0,C,202,168,C,1,,,0.4845184000150766
123,DG2_k3_t0_F,16,16,16,10202.763,561,16,1,29,6100.464072279411,6768.763215364736,3638.4640722794106,3130.2991430853267,2805.0,549.0,80.0,0,0,C,202,168,C,1,,,0.4772637000132818
124,Cplus3F,16,16,16,7149.901,311,16,1,27,4621.310130212495,5212.90145341622,2973.310130212497,2239.5913232037233,1555.0,302.0,80.0,0,0,B,0,0,,,,,0.5498555000231136
124,C3FDirect,16,16,16,10452.274,579,16,1,29,6234.056358163023,6931.273712187051,3642.0563581630204,3289.2173540240356,2895.0,546.0,80.0,0,0,C,303,132,,,,,1.0006908999930602
124,DG2_k1_t0_R,16,16,16,8552.667,395,16,1,27,6471.983106529783,6106.667149661759,4303.983106529782,1802.684043131975,1975.0,391.0,80.0,0,0,B,0,0,B,0,508.3736382682878,21385.38184761184,0.5268870000145398
124,DG2_k2_t0_R,16,16,16,10345.872,496,16,1,27,6806.351895384862,7298.872272426955,4522.351895384862,2776.520377042094,2480.0,487.0,80.0,0,0,B,0,0,B,0,288.47307916059424,20422.27694531244,0.7365434999810532
124,DG2_k2_t1_R,16,16,16,10345.872,496,16,1,27,6806.351895384862,7298.872272426955,4522.351895384862,2776.520377042094,2480.0,487.0,80.0,0,0,B,0,0,B,0,288.47307916059424,20422.27694531244,0.7361878999799956
124,DG2_k3_t0_R,16,16,16,10452.274,579,16,1,29,6234.056358163023,6931.273712187051,3642.0563581630204,3289.2173540240356,2895.0,546.0,80.0,0,0,C,303,132,C,1,,,1.0190390000061598
124,DG2_k3_t1_R,16,16,16,10149.729,508,16,1,27,6458.101874977399,7029.729249122103,4190.101874977399,2839.6273741447058,2540.0,500.0,80.0,0,0,B,0,0,B,1,235.5167982314916,20015.301068666482,0.8065783999918494
124,DG2_k5_t0_R,16,16,16,10452.274,579,16,1,29,6234.056358163023,6931.273712187051,3642.0563581630204,3289.2173540240356,2895.0,546.0,80.0,0,0,C,303,132,C,3,,,1.0166051000123844
124,DG2_k2_t0_F,16,16,16,7662.923,351,16,1,27,5134.33214012144,5485.9234633251635,3246.33214012144,2239.5913232037233,1755.0,342.0,80.0,0,0,B,0,0,B,0,403.20336688065873,20157.04592963063,0.5681105999974534
124,DG2_k3_t0_F,16,16,16,10452.274,579,16,1,29,6234.056358163023,6931.273712187051,3642.0563581630204,3289.2173540240356,2895.0,546.0,80.0,0,0,C,303,132,C,1,,,1.0286660999991
125,Cplus3F,16,16,16,8435.588,388,16,1,27,4729.116829751858,6035.587706392595,2886.1168297518584,3149.4708766407375,1940.0,380.0,80.0,0,0,B,0,0,,,,,0.5412500999809708
125,C3FDirect,16,16,16,11362.783,595,16,1,29,6325.637983779808,7722.783305443515,3653.637983779806,4069.1453216637115,2975.0,585.0,80.0,0,0,C,258,156,,,,,0.7082654999976512
125,DG2_k1_t0_R,16,16,16,11806.954,644,16,1,27,7010.471212122535,7877.9541828022775,4333.471212122534,3544.4829706797477,3220.0,629.0,80.0,0,0,B,0,0,B,0,508.3736382682878,21385.38184761184,1.1881484000186902
125,DG2_k2_t0_R,16,16,16,9687.01,463,16,1,27,6946.252772115197,6851.010088066986,4467.252772115196,2383.757315951792,2315.0,441.0,80.0,0,0,B,0,0,B,0,288.47307916059424,20422.27694531244,0.6271576999861281
125,DG2_k2_t1_R,16,16,16,9687.01,463,16,1,27,6946.252772115197,6851.010088066986,4467.252772115196,2383.757315951792,2315.0,441.0,80.0,0,0,B,0,0,B,0,288.47307916059424,20422.27694531244,0.6288232000079006
125,DG2_k3_t0_R,16,16,16,9816.544,489,16,1,27,6331.256667010822,6821.544339628224,4111.256667010822,2710.287672617403,2445.0,470.0,80.0,0,0,B,0,0,B,0,235.5167982314916,20015.301068666482,0.7306121999863535
125,DG2_k3_t1_R,16,16,16,9816.544,489,16,1,27,6331.256667010822,6821.544339628224,4111.256667010822,2710.287672617403,2445.0,470.0,80.0,0,0,B,0,0,B,0,235.5167982314916,20015.301068666482,0.7289421999885235
125,DG2_k5_t0_R,16,16,16,11362.783,595,16,1,29,6325.637983779808,7722.783305443515,3653.637983779806,4069.1453216637115,2975.0,585.0,80.0,0,0,C,258,156,C,4,,,0.7041782999876887
125,DG2_k2_t0_F,16,16,16,8948.61,428,16,1,27,5242.138839660803,6308.609716301538,3159.138839660802,3149.4708766407375,2140.0,420.0,80.0,0,0,B,0,0,B,0,403.20336688065873,20157.04592963063,0.5410326000128407
125,DG2_k3_t0_F,16,16,16,9347.281,448,16,1,27,5640.8104391259485,6587.281315766684,3437.810439125948,3149.4708766407375,2240.0,440.0,80.0,0,0,B,0,0,B,0,893.750999492464,20647.593562242437,0.5308635999972466
126,Cplus3F,16,16,16,9064.596,410,16,1,27,5847.028987884614,6558.596076528435,3762.0289878846156,2796.5670886438184,2050.0,376.0,80.0,0,0,B,0,0,,,,,0.9344520999875385
126,C3FDirect,16,16,16,10528.735,576,16,1,29,5759.5515191248405,7008.73462117397,3303.5515191248405,3705.183102049135,2880.0,560.0,80.0,0,0,C,254,149,,,,,1.359092700004112
126,DG2_k1_t0_R,16,16,16,8242.251,392,16,1,27,5803.488532377204,5826.250888817778,3695.4885323772037,2130.762356440576,1960.0,376.0,80.0,0,0,B,0,0,B,0,508.3736382682878,21385.38184761184,1.139308899990283
126,DG2_k2_t0_R,16,16,16,10528.735,576,16,1,29,5759.5515191248405,7008.73462117397,3303.5515191248405,3705.183102049135,2880.0,560.0,80.0,0,0,C,254,149,C,2,,,1.3757714000239503
126,DG2_k2_t1_R,16,16,16,10528.735,576,16,1,29,5759.5515191248405,7008.73462117397,3303.5515191248405,3705.183102049135,2880.0,560.0,80.0,0,0,C,254,149,C,2,,,1.3695925999782048
126,DG2_k3_t0_R,16,16,16,10528.735,576,16,1,29,5759.5515191248405,7008.73462117397,3303.5515191248405,3705.183102049135,2880.0,560.0,80.0,0,0,C,254,149,C,2,,,1.3735038000158966
126,DG2_k3_t1_R,16,16,16,10528.735,576,16,1,29,5759.5515191248405,7008.73462117397,3303.5515191248405,3705.183102049135,2880.0,560.0,80.0,0,0,C,254,149,C,2,,,1.363029500003904
126,DG2_k5_t0_R,16,16,16,10528.735,576,16,1,29,5759.5515191248405,7008.73462117397,3303.5515191248405,3705.183102049135,2880.0,560.0,80.0,0,0,C,254,149,C,2,,,1.3658462999737822
126,DG2_k2_t0_F,16,16,16,10528.735,576,16,1,29,5759.5515191248405,7008.73462117397,3303.5515191248405,3705.183102049135,2880.0,560.0,80.0,0,0,C,254,149,C,2,,,1.361835300020175
126,DG2_k3_t0_F,16,16,16,10528.735,576,16,1,29,5759.5515191248405,7008.73462117397,3303.5515191248405,3705.183102049135,2880.0,560.0,80.0,0,0,C,254,149,C,2,,,1.37983570000506
127,Cplus3F,16,16,16,8896.335,475,16,1,27,5138.728318783565,5973.335078300854,3127.7283187835665,2845.606759517289,2375.0,468.0,80.0,0,0,B,0,0,,,,,0.8618979000020772
127,C3FDirect,16,16,16,12592.336,728,16,1,29,6384.472543532345,8156.3357999092195,3683.472543532344,4472.863256376879,3640.0,716.0,80.0,0,0,C,414,264,,,,,1.2079051999899093
127,DG2_k1_t0_R,16,16,16,11605.231,579,16,1,27,7005.414109299683,8067.230691595774,4475.414109299683,3591.816582296091,2895.0,563.0,80.0,0,0,B,0,0,B,0,508.3736382682878,21385.38184761184,1.423659799998859
127,DG2_k2_t0_R,16,16,16,12592.336,728,16,1,29,6384.472543532345,8156.3357999092195,3683.472543532344,4472.863256376879,3640.0,716.0,80.0,0,0,C,414,264,C,1,,,1.2322071999951731
127,DG2_k2_t1_R,16,16,16,11633.098,621,16,1,27,6984.032060137673,7835.097708453045,4287.032060137674,3548.065648315371,3105.0,613.0,80.0,0,0,B,0,0,B,1,288.47307916059424,20422.27694531244,0.7143224999890663
127,DG2_k3_t0_R,16,16,16,12592.336,728,16,1,29,6384.472543532345,8156.3357999092195,3683.472543532344,4472.863256376879,3640.0,716.0,80.0,0,0,C,414,264,C,1,,,1.2396924000058789
127,DG2_k3_t1_R,16,16,16,9616.254,509,16,1,27,6320.189777605239,6496.2541989904275,3942.1897776052397,2554.064421385188,2545.0,495.0,80.0,0,0,B,0,1,B,1,235.5167982314916,20015.301068666482,0.7002296000136994
127,DG2_k5_t0_R,16,16,16,12592.336,728,16,1,29,6384.472543532345,8156.3357999092195,3683.472543532344,4472.863256376879,3640.0,716.0,80.0,0,0,C,414,264,C,3,,,1.2205735000025015
127,DG2_k2_t0_F,16,16,16,12592.336,728,16,1,29,6384.472543532345,8156.3357999092195,3683.472543532344,4472.863256376879,3640.0,716.0,80.0,0,0,C,414,264,C,1,,,1.2346168000076432
127,DG2_k3_t0_F,16,16,16,12592.336,728,16,1,29,6384.472543532345,8156.3357999092195,3683.472543532344,4472.863256376879,3640.0,716.0,80.0,0,0,C,414,264,C,1,,,1.2119777000043541
128,Cplus3F,16,16,16,8241.852,361,16,1,27,5970.1496534278285,6004.852153193108,4025.1496534278294,1979.7024997652782,1805.0,352.0,80.0,0,0,B,0,0,,,,,0.8956686000165064
128,C3FDirect,16,16,16,8873.616,509,16,1,29,5239.283601789466,5755.61584666066,2992.2836017894656,2763.332244871193,2545.0,493.0,80.0,0,0,C,248,138,,,,,1.2316414999950211
128,DG2_k1_t0_R,16,16,16,8873.616,509,16,1,29,5239.283601789466,5755.61584666066,2992.2836017894656,2763.332244871193,2545.0,493.0,80.0,0,0,C,248,138,C,2,,,1.242627800005721
128,DG2_k2_t0_R,16,16,16,8873.616,509,16,1,29,5239.283601789466,5755.61584666066,2992.2836017894656,2763.332244871193,2545.0,493.0,80.0,0,0,C,248,138,C,2,,,1.2362845000170637
128,DG2_k2_t1_R,16,16,16,8873.616,509,16,1,29,5239.283601789466,5755.61584666066,2992.2836017894656,2763.332244871193,2545.0,493.0,80.0,0,0,C,248,138,C,2,,,1.2291169000091031
128,DG2_k3_t0_R,16,16,16,8873.616,509,16,1,29,5239.283601789466,5755.61584666066,2992.2836017894656,2763.332244871193,2545.0,493.0,80.0,0,0,C,248,138,C,2,,,1.2265974000038113
128,DG2_k3_t1_R,16,16,16,8873.616,509,16,1,29,5239.283601789466,5755.61584666066,2992.2836017894656,2763.332244871193,2545.0,493.0,80.0,0,0,C,248,138,C,2,,,1.2050935000006575
128,DG2_k5_t0_R,16,16,16,8873.616,509,16,1,29,5239.283601789466,5755.61584666066,2992.2836017894656,2763.332244871193,2545.0,493.0,80.0,0,0,C,248,138,C,3,,,1.2147237999888603
128,DG2_k2_t0_F,16,16,16,8873.616,509,16,1,29,5239.283601789466,5755.61584666066,2992.2836017894656,2763.332244871193,2545.0,493.0,80.0,0,0,C,248,138,C,2,,,1.221167300012894
128,DG2_k3_t0_F,16,16,16,8873.616,509,16,1,29,5239.283601789466,5755.61584666066,2992.2836017894656,2763.332244871193,2545.0,493.0,80.0,0,0,C,248,138,C,2,,,1.2248694000008982
129,Cplus3F,16,16,16,10094.802,514,16,1,27,6379.776028719695,6939.8021620894315,3961.776028719696,2978.0261333697367,2570.0,505.0,80.0,0,0,B,0,0,,,,,0.7992321999918204
129,C3FDirect,16,16,16,12634.339,713,16,1,29,6336.1944143804885,8291.339267846337,3659.1944143804876,4632.144853465853,3565.0,698.0,80.0,0,0,C,408,241,,,,,1.195965899998555
129,DG2_k1_t0_R,16,16,16,11797.833,697,16,1,27,5905.038848947922,7543.832827464428,3639.038848947922,3904.7939785165054,3485.0,689.0,80.0,0,0,B,0,0,B,0,508.3736382682878,21385.38184761184,1.5053955999901518
129,DG2_k2_t0_R,16,16,16,12634.339,713,16,1,29,6336.1944143804885,8291.339267846337,3659.1944143804876,4632.144853465853,3565.0,698.0,80.0,0,0,C,408,241,C,1,,,1.187384499993641
129,DG2_k2_t1_R,16,16,16,12278.821,684,16,1,27,7225.802971377054,8105.8214952735525,4426.802971377054,3679.0185238964978,3420.0,673.0,80.0,0,0,B,0,0,B,1,288.47307916059424,20422.27694531244,1.1256465999758802
129,DG2_k3_t0_R,16,16,16,12634.339,713,16,1,29,6336.1944143804885,8291.339267846337,3659.1944143804876,4632.144853465853,3565.0,698.0,80.0,0,0,C,408,241,C,2,,,1.1872933999984525
129,DG2_k3_t1_R,16,16,16,12634.339,713,16,1,29,6336.1944143804885,8291.339267846337,3659.1944143804876,4632.144853465853,3565.0,698.0,80.0,0,0,C,408,241,C,2,,,1.183891799999401
129,DG2_k5_t0_R,16,16,16,12634.339,713,16,1,29,6336.1944143804885,8291.339267846337,3659.1944143804876,4632.144853465853,3565.0,698.0,80.0,0,0,C,408,241,C,2,,,1.186986299988348
129,DG2_k2_t0_F,16,16,16,12634.339,713,16,1,29,6336.1944143804885,8291.339267846337,3659.1944143804876,4632.144853465853,3565.0,698.0,80.0,0,0,C,408,241,C,1,,,1.1772303999750875
129,DG2_k3_t0_F,16,16,16,12634.339,713,16,1,29,6336.1944143804885,8291.339267846337,3659.1944143804876,4632.144853465853,3565.0,698.0,80.0,0,0,C,408,241,C,2,,,1.2075502999941818
130,Cplus3F,16,16,16,8029.493,344,16,1,27,5555.234870529889,5899.492729226765,3621.2348705298914,2278.2578586968775,1720.0,330.0,80.0,0,0,B,0,0,,,,,0.7878789999813307
130,C3FDirect,16,16,16,9546.303,514,16,1,29,6060.926519490082,6394.302527037444,3491.926519490081,2902.3760075473615,2570.0,502.0,80.0,0,0,C,233,116,,,,,0.7309259000176098
130,DG2_k1_t0_R,16,16,16,9546.303,514,16,1,29,6060.926519490082,6394.302527037444,3491.926519490081,2902.3760075473615,2570.0,502.0,80.0,0,0,C,233,116,C,1,,,0.7293924000114202
130,DG2_k2_t0_R,16,16,16,9546.303,514,16,1,29,6060.926519490082,6394.302527037444,3491.926519490081,2902.3760075473615,2570.0,502.0,80.0,0,0,C,233,116,C,2,,,0.7395856000075582
130,DG2_k2_t1_R,16,16,16,9546.303,514,16,1,29,6060.926519490082,6394.302527037444,3491.926519490081,2902.3760075473615,2570.0,502.0,80.0,0,0,C,233,116,C,2,,,0.7315253000124358
130,DG2_k3_t0_R,16,16,16,9546.303,514,16,1,29,6060.926519490082,6394.302527037444,3491.926519490081,2902.3760075473615,2570.0,502.0,80.0,0,0,C,233,116,C,2,,,0.7228087999974377
130,DG2_k3_t1_R,16,16,16,9546.303,514,16,1,29,6060.926519490082,6394.302527037444,3491.926519490081,2902.3760075473615,2570.0,502.0,80.0,0,0,C,233,116,C,2,,,0.7352526999893598
130,DG2_k5_t0_R,16,16,16,9546.303,514,16,1,29,6060.926519490082,6394.302527037444,3491.926519490081,2902.3760075473615,2570.0,502.0,80.0,0,0,C,233,116,C,3,,,0.7188184999977238
130,DG2_k2_t0_F,16,16,16,9546.303,514,16,1,29,6060.926519490082,6394.302527037444,3491.926519490081,2902.3760075473615,2570.0,502.0,80.0,0,0,C,233,116,C,2,,,0.7176519999920856
130,DG2_k3_t0_F,16,16,16,9546.303,514,16,1,29,6060.926519490082,6394.302527037444,3491.926519490081,2902.3760075473615,2570.0,502.0,80.0,0,0,C,233,116,C,2,,,0.736301299999468
131,Cplus3F,16,16,16,9097.192,430,16,1,27,6236.67836078039,6454.191935667269,3965.678360780392,2488.5135748868793,2150.0,413.0,80.0,0,0,B,0,0,,,,,0.8736803999927361
131,C3FDirect,16,16,16,10717.591,615,16,1,29,5683.097639183261,6957.59079685104,3184.09763918326,3773.493157667783,3075.0,605.0,80.0,0,0,C,276,193,,,,,0.8084741000202484
131,DG2_k1_t0_R,16,16,16,10521.219,547,16,1,27,6960.772658824218,7189.218505159763,4273.772658824218,2915.4458463355422,2735.0,517.0,80.0,0,0,B,0,0,B,0,508.3736382682878,21385.38184761184,1.042403400002513
131,DG2_k2_t0_R,16,16,16,8864.472,464,16,1,27,5923.264834746883,6013.471637480218,3568.264834746884,2445.206802733335,2320.0,451.0,80.0,0,0,B,0,0,B,0,288.47307916059424,20422.27694531244,0.7246704999997746
131,DG2_k2_t1_R,16,16,16,8864.472,464,16,1,27,5923.264834746883,6013.471637480218,3568.264834746884,2445.206802733335,2320.0,451.0,80.0,0,0,B,0,0,B,0,288.47307916059424,20422.27694531244,0.7483139999967534
131,DG2_k3_t0_R,16,16,16,8415.838,397,16,1,27,5476.583477821771,5959.837893059082,3463.583477821772,2496.25441523731,1985.0,391.0,80.0,0,0,B,0,0,B,0,235.5167982314916,20015.301068666482,0.8639411999902222
131,DG2_k3_t1_R,16,16,16,8415.838,397,16,1,27,5476.583477821771,5959.837893059082,3463.583477821772,2496.25441523731,1985.0,391.0,80.0,0,0,B,0,0,B,0,235.5167982314916,20015.301068666482,0.8829961000010371
131,DG2_k5_t0_R,16,16,16,10717.591,615,16,1,29,5683.097639183261,6957.59079685104,3184.09763918326,3773.493157667783,3075.0,605.0,80.0,0,0,C,276,193,C,2,,,0.8105946000141557
131,DG2_k2_t0_F,16,16,16,9610.214,470,16,1,27,6749.700370689334,6727.213945576213,4238.700370689335,2488.5135748868793,2350.0,453.0,80.0,0,0,B,0,0,B,0,403.20336688065873,20157.04592963063,0.8897549000103027
131,DG2_k3_t0_F,16,16,16,10008.886,490,16,1,27,7148.371970154481,7005.8855450413585,4517.3719701544815,2488.5135748868793,2450.0,473.0,80.0,0,0,B,0,0,B,0,893.750999492464,20647.593562242437,0.8881340000079945
132,Cplus3F,16,16,16,9150.293,433,16,1,27,6024.55337761587,6488.29336390914,3832.553377615872,2655.73998629327,2165.0,417.0,80.0,0,0,B,0,0,,,,,1.1344403000257444
132,C3FDirect,16,16,16,10794.15,649,16,1,29,6025.482309216676,6836.1499411585855,3484.482309216675,3351.6676319419103,3245.0,633.0,80.0,0,0,C,492,209,,,,,1.6063426000182517
132,DG2_k1_t0_R,16,16,16,9046.269,418,16,1,27,6743.26754263599,6475.268888956882,4420.26754263599,2055.001346320891,2090.0,401.0,80.0,0,0,B,0,0,B,0,508.3736382682878,21385.38184761184,0.5010141999810003
132,DG2_k2_t0_R,16,16,16,10794.15,649,16,1,29,6025.482309216676,6836.1499411585855,3484.482309216675,3351.6676319419103,3245.0,633.0,80.0,0,0,C,492,209,C,1,,,1.6202686000033282
132,DG2_k2_t1_R,16,16,16,10970.933,501,16,1,27,6455.89831837759,7901.933221736857,4064.89831837759,3837.0349033592684,2505.0,484.0,80.0,0,0,B,0,0,B,1,288.47307916059424,20422.27694531244,1.3582788000057917
132,DG2_k3_t0_R,16,16,16,10794.15,649,16,1,29,6025.482309216676,6836.1499411585855,3484.482309216675,3351.6676319419103,3245.0,633.0,80.0,0,0,C,492,209,C,1,,,1.6213976000144612
132,DG2_k3_t1_R,16,16,16,10550.109,530,16,1,27,5668.490875324795,7306.1087291455615,3553.4908753247955,3752.617853820767,2650.0,514.0,80.0,0,0,B,0,1,B,1,235.5167982314916,20015.301068666482,1.460002900013933
132,DG2_k5_t0_R,16,16,16,10794.15,649,16,1,29,6025.482309216676,6836.1499411585855,3484.482309216675,3351.6676319419103,3245.0,633.0,80.0,0,0,C,492,209,C,2,,,1.6047301999933552
132,DG2_k2_t0_F,16,16,16,10794.15,649,16,1,29,6025.482309216676,6836.1499411585855,3484.482309216675,3351.6676319419103,3245.0,633.0,80.0,0,0,C,492,209,C,1,,,1.5925457999983337
132,DG2_k3_t0_F,16,16,16,10794.15,649,16,1,29,6025.482309216676,6836.1499411585855,3484.482309216675,3351.6676319419103,3245.0,633.0,80.0,0,0,C,492,209,C,1,,,1.5913891000091098
133,Cplus3F,16,16,16,9897.385,459,16,1,27,5936.511998672233,7073.384968407991,3768.5119986722343,3304.872969735757,2295.0,449.0,80.0,0,0,B,0,0,,,,,0.6230241000012029
133,C3FDirect,16,16,16,11373.683,606,16,1,29,6181.553777680001,7682.6834870516395,3653.5537776799997,4029.129709371643,3030.0,581.0,80.0,0,0,C,344,164,,,,,1.0705151000001933
133,DG2_k1_t0_R,16,16,16,9156.867,422,16,1,27,6662.715344314262,6565.86655721205,4343.715344314262,2222.1512128977884,2110.0,401.0,80.0,0,0,B,0,0,B,0,508.3736382682878,21385.38184761184,0.5086096000159159
133,DG2_k2_t0_R,16,16,16,9362.103,447,16,1,27,6706.21162402481,6621.103487709687,4250.21162402481,2370.8918636848794,2235.0,426.0,80.0,0,0,B,0,0,B,0,288.47307916059424,20422.27694531244,0.5458178000117186
133,DG2_k2_t1_R,16,16,16,9362.103,447,16,1,27,6706.21162402481,6621.103487709687,4250.21162402481,2370.8918636848794,2235.0,426.0,80.0,0,0,B,0,0,B,0,288.47307916059424,20422.27694531244,0.5324168999795802
133,DG2_k3_t0_R,16,16,16,11373.683,606,16,1,29,6181.553777680001,7682.6834870516395,3653.5537776799997,4029.129709371643,3030.0,581.0,80.0,0,0,C,344,164,C,3,,,1.0523146000050474
133,DG2_k3_t1_R,16,16,16,11373.683,606,16,1,29,6181.553777680001,7682.6834870516395,3653.5537776799997,4029.129709371643,3030.0,581.0,80.0,0,0,C,344,164,C,3,,,1.052666700008558
133,DG2_k5_t0_R,16,16,16,11373.683,606,16,1,29,6181.553777680001,7682.6834870516395,3653.5537776799997,4029.129709371643,3030.0,581.0,80.0,0,0,C,344,164,C,3,,,1.0548168000241276
133,DG2_k2_t0_F,16,16,16,10410.407,499,16,1,27,6449.534008581177,7346.406978316935,4041.534008581177,3304.872969735757,2495.0,489.0,80.0,0,0,B,0,0,B,0,403.20336688065873,20157.04592963063,0.6138067000138108
133,DG2_k3_t0_F,16,16,16,11373.683,606,16,1,29,6181.553777680001,7682.6834870516395,3653.5537776799997,4029.129709371643,3030.0,581.0,80.0,0,0,C,344,164,C,3,,,1.02680279998458
134,Cplus3F,16,16,16,9257.991,431,16,1,27,6081.863731018275,6616.991215855901,3775.863731018276,2841.1274848376247,2155.0,406.0,80.0,0,0,B,0,0,,,,,1.0027359999949113
134,C3FDirect,16,16,16,10696.252,599,16,1,29,6139.316235728132,7036.251676226746,3641.316235728131,3394.935440498618,2995.0,585.0,80.0,0,0,C,339,198,,,,,0.9123184000200126
134,DG2_k1_t0_R,16,16,16,10696.252,599,16,1,29,6139.316235728132,7036.251676226746,3641.316235728131,3394.935440498618,2995.0,585.0,80.0,0,0,C,339,198,C,2,,,0.9309217000263743
134,DG2_k2_t0_R,16,16,16,10696.252,599,16,1,29,6139.316235728132,7036.251676226746,3641.316235728131,3394.935440498618,2995.0,585.0,80.0,0,0,C,339,198,C,2,,,0.9330546999990474
134,DG2_k2_t1_R,16,16,16,10696.252,599,16,1,29,6139.316235728132,7036.251676226746,3641.316235728131,3394.935440498618,2995.0,585.0,80.0,0,0,C,339,198,C,2,,,0.9057978000200819
134,DG2_k3_t0_R,16,16,16,10696.252,599,16,1,29,6139.316235728132,7036.251676226746,3641.316235728131,3394.935440498618,2995.0,585.0,80.0,0,0,C,339,198,C,2,,,0.9297544999863021
134,DG2_k3_t1_R,16,16,16,10696.252,599,16,1,29,6139.316235728132,7036.251676226746,3641.316235728131,3394.935440498618,2995.0,585.0,80.0,0,0,C,339,198,C,2,,,0.9189070999855176
134,DG2_k5_t0_R,16,16,16,10696.252,599,16,1,29,6139.316235728132,7036.251676226746,3641.316235728131,3394.935440498618,2995.0,585.0,80.0,0,0,C,339,198,C,2,,,0.920759700005874
134,DG2_k2_t0_F,16,16,16,10696.252,599,16,1,29,6139.316235728132,7036.251676226746,3641.316235728131,3394.935440498618,2995.0,585.0,80.0,0,0,C,339,198,C,2,,,0.9233974999806378
134,DG2_k3_t0_F,16,16,16,10696.252,599,16,1,29,6139.316235728132,7036.251676226746,3641.316235728131,3394.935440498618,2995.0,585.0,80.0,0,0,C,339,198,C,2,,,0.9203311000019312
135,Cplus3F,16,16,16,9394.278,457,16,1,27,6114.944821041597,6593.278340368005,3745.9448210415985,2847.3335193264093,2285.0,436.0,80.0,0,0,B,0,0,,,,,1.127520900015952
135,C3FDirect,16,16,16,11083.666,609,16,1,29,5647.556096244155,7367.665538244884,3279.5560962441537,4088.1094420007325,3045.0,591.0,80.0,0,0,C,373,214,,,,,1.126162199972896
135,DG2_k1_t0_R,16,16,16,9051.177,446,16,1,27,5856.45294362808,6303.177296358284,3669.452943628079,2633.724352730204,2230.0,438.0,80.0,0,0,B,0,0,B,0,508.3736382682878,21385.38184761184,1.0070478999987245
135,DG2_k2_t0_R,16,16,16,11083.666,609,16,1,29,5647.556096244155,7367.665538244884,3279.5560962441537,4088.1094420007325,3045.0,591.0,80.0,0,0,C,373,214,C,1,,,1.1263758999994025
135,DG2_k2_t1_R,16,16,16,8914.847,464,16,1,27,6221.911651142092,6065.846956550121,3757.9116511420916,2307.9353054080293,2320.0,449.0,80.0,0,0,B,0,0,B,1,288.47307916059424,20422.27694531244,0.9858419999945909
135,DG2_k3_t0_R,16,16,16,11083.666,609,16,1,29,5647.556096244155,7367.665538244884,3279.5560962441537,4088.1094420007325,3045.0,591.0,80.0,0,0,C,373,214,C,1,,,1.1240588999935426
135,DG2_k3_t1_R,16,16,16,9652.637,496,16,1,27,5474.849938082978,6613.637287241232,3243.849938082979,3369.787349158255,2480.0,479.0,80.0,0,0,B,0,1,B,1,235.5167982314916,20015.301068666482,1.3159038000158034
135,DG2_k5_t0_R,16,16,16,11083.666,609,16,1,29,5647.556096244155,7367.665538244884,3279.5560962441537,4088.1094420007325,3045.0,591.0,80.0,0,0,C,373,214,C,1,,,1.1253453000099398
135,DG2_k2_t0_F,16,16,16,11083.666,609,16,1,29,5647.556096244155,7367.665538244884,3279.5560962441537,4088.1094420007325,3045.0,591.0,80.0,0,0,C,373,214,C,1,,,1.1190234000096098
135,DG2_k3_t0_F,16,16,16,11083.666,609,16,1,29,5647.556096244155,7367.665538244884,3279.5560962441537,4088.1094420007325,3045.0,591.0,80.0,0,0,C,373,214,C,1,,,1.1166516999946907
136,Cplus3F,16,16,16,10246.612,573,16,1,27,5949.387923928902,6730.612013695951,3608.3879239289045,3122.2240897670495,2865.0,571.0,80.0,0,0,B,0,0,,,,,1.3014994999975897
136,C3FDirect,16,16,16,10367.676,569,16,1,29,6260.135174574501,6888.675809059793,3661.135174574502,3227.540634485291,2845.0,554.0,80.0,0,0,C,264,154,,,,,0.7684570999990683
136,DG2_k1_t0_R,16,16,16,10459.065,523,16,1,27,6811.203318564873,7261.064881839427,4347.203318564873,2913.8615632745536,2615.0,503.0,80.0,0,0,B,0,0,B,0,508.3736382682878,21385.38184761184,1.7575768000097014
136,DG2_k2_t0_R,16,16,16,10796.819,608,16,1,27,6776.08953141412,7071.819313195212,4123.089531414121,2948.729781781091,3040.0,605.0,80.0,0,0,B,0,0,B,0,288.47307916059424,20422.27694531244,0.8467693999991752
136,DG2_k2_t1_R,16,16,16,10796.819,608,16,1,27,6776.08953141412,7071.819313195212,4123.089531414121,2948.729781781091,3040.0,605.0,80.0,0,0,B,0,0,B,0,288.47307916059424,20422.27694531244,0.8413563000212889
136,DG2_k3_t0_R,16,16,16,10367.676,569,16,1,29,6260.135174574501,6888.675809059793,3661.135174574502,3227.540634485291,2845.0,554.0,80.0,0,0,C,264,154,C,1,,,0.7478608000092208
136,DG2_k3_t1_R,16,16,16,9214.524,469,16,1,27,5595.4401180902905,6329.524121022297,3439.4401180902914,2890.084002932007,2345.0,460.0,80.0,0,0,B,0,0,B,1,235.5167982314916,20015.301068666482,1.1174602000101004
136,DG2_k5_t0_R,16,16,16,10367.676,569,16,1,29,6260.135174574501,6888.675809059793,3661.135174574502,3227.540634485291,2845.0,554.0,80.0,0,0,C,264,154,C,2,,,0.7745394999801647
136,DG2_k2_t0_F,16,16,16,10759.634,613,16,1,27,6462.4099338378455,7003.6340236048945,3881.409933837848,3122.2240897670495,3065.0,611.0,80.0,0,0,B,0,0,B,0,403.20336688065873,20157.04592963063,1.309852399979718
136,DG2_k3_t0_F,16,16,16,10367.676,569,16,1,29,6260.135174574501,6888.675809059793,3661.135174574502,3227.540634485291,2845.0,554.0,80.0,0,0,C,264,154,C,1,,,0.7542445000144653
137,Cplus3F,16,16,16,8439.812,439,16,1,27,5946.230734261395,5735.811508851356,3753.230734261396,1982.5807745899585,2195.0,429.0,80.0,0,0,B,0,0,,,,,0.3685789000010118
137,C3FDirect,16,16,16,10792.033,646,16,1,29,5236.582202157054,6845.032577308254,2991.582202157053,3853.450375151201,3230.0,637.0,80.0,0,0,C,325,268,,,,,0.8576426999934483
137,DG2_k1_t0_R,16,16,16,10792.033,646,16,1,29,5236.582202157054,6845.032577308254,2991.582202157053,3853.450375151201,3230.0,637.0,80.0,0,0,C,325,268,C,1,,,0.85408049999387
137,DG2_k2_t0_R,16,16,16,10792.033,646,16,1,29,5236.582202157054,6845.032577308254,2991.582202157053,3853.450375151201,3230.0,637.0,80.0,0,0,C,325,268,C,2,,,0.8506998999800999
137,DG2_k2_t1_R,16,16,16,10792.033,646,16,1,29,5236.582202157054,6845.032577308254,2991.582202157053,3853.450375151201,3230.0,637.0,80.0,0,0,C,325,268,C,2,,,0.8507778999919537
137,DG2_k3_t0_R,16,16,16,10792.033,646,16,1,29,5236.582202157054,6845.032577308254,2991.582202157053,3853.450375151201,3230.0,637.0,80.0,0,0,C,325,268,C,2,,,0.8508313999918755
137,DG2_k3_t1_R,16,16,16,10792.033,646,16,1,29,5236.582202157054,6845.032577308254,2991.582202157053,3853.450375151201,3230.0,637.0,80.0,0,0,C,325,268,C,2,,,0.8402834000007715
137,DG2_k5_t0_R,16,16,16,10792.033,646,16,1,29,5236.582202157054,6845.032577308254,2991.582202157053,3853.450375151201,3230.0,637.0,80.0,0,0,C,325,268,C,2,,,0.8533630000019912
137,DG2_k2_t0_F,16,16,16,10792.033,646,16,1,29,5236.582202157054,6845.032577308254,2991.582202157053,3853.450375151201,3230.0,637.0,80.0,0,0,C,325,268,C,2,,,0.853122100001201
137,DG2_k3_t0_F,16,16,16,10792.033,646,16,1,29,5236.582202157054,6845.032577308254,2991.582202157053,3853.450375151201,3230.0,637.0,80.0,0,0,C,325,268,C,2,,,0.8541294999886304
138,Cplus3F,16,16,16,8908.638,445,16,1,27,6469.401617863891,6173.637913318905,3934.4016178638917,2239.236295455014,2225.0,430.0,80.0,0,0,B,0,0,,,,,1.1588876000023447
138,C3FDirect,16,16,16,9982.433,536,16,1,29,5912.929687922089,6709.433280237595,3474.9296879220883,3234.5035923155065,2680.0,513.0,80.0,0,0,C,262,136,,,,,1.0068879000027664
138,DG2_k1_t0_R,16,16,16,9026.059,384,16,1,27,6236.6781010132845,6659.058778073856,4144.6781010132845,2514.380677060569,1920.0,367.0,80.0,0,0,B,0,0,B,0,508.3736382682878,21385.38184761184,1.1372066999902017
138,DG2_k2_t0_R,16,16,16,11091.159,595,16,1,27,7101.238828439131,7450.158787669681,4265.23882843913,3184.9199592305517,2975.0,586.0,80.0,0,0,B,0,0,B,0,288.47307916059424,20422.27694531244,1.2840828000043985
138,DG2_k2_t1_R,16,16,16,11091.159,595,16,1,27,7101.238828439131,7450.158787669681,4265.23882843913,3184.9199592305517,2975.0,586.0,80.0,0,0,B,0,0,B,0,288.47307916059424,20422.27694531244,1.3033599999907892
138,DG2_k3_t0_R,16,16,16,9982.433,536,16,1,29,5912.929687922089,6709.433280237595,3474.9296879220883,3234.5035923155065,2680.0,513.0,80.0,0,0,C,262,136,C,1,,,1.0145874999871012
138,DG2_k3_t1_R,16,16,16,9113.292,444,16,1,27,6504.9202567989905,6382.292427013739,4058.9202567989914,2323.3721702147477,2220.0,431.0,80.0,0,0,B,0,0,B,1,235.5167982314916,20015.301068666482,0.6132386999961454
138,DG2_k5_t0_R,16,16,16,9982.433,536,16,1,29,5912.929687922089,6709.433280237595,3474.9296879220883,3234.5035923155065,2680.0,513.0,80.0,0,0,C,262,136,C,2,,,1.015483499999391
138,DG2_k2_t0_F,16,16,16,9421.66,485,16,1,27,6982.423627772835,6446.659923227848,4207.423627772835,2239.236295455014,2425.0,470.0,80.0,0,0,B,0,0,B,0,403.20336688065873,20157.04592963063,1.1598396000044886
138,DG2_k3_t0_F,16,16,16,9982.433,536,16,1,29,5912.929687922089,6709.433280237595,3474.9296879220883,3234.5035923155065,2680.0,513.0,80.0,0,0,C,262,136,C,1,,,1.0097996999975294
139,Cplus3F,16,16,16,8137.614,418,16,1,27,4950.1721754033015,5571.614119414542,3045.172175403303,2526.441944011238,2090.0,396.0,80.0,0,0,B,0,0,,,,,1.1250804000010248
139,C3FDirect,16,16,16,11507.984,781,16,1,29,6459.596390337469,6748.983732223917,3631.5963903374695,3117.3873418864473,3905.0,774.0,80.0,0,0,C,312,290,,,,,1.2223319000040647
139,DG2_k1_t0_R,16,16,16,9906.498,567,16,1,27,7206.145498711252,6429.4979112305755,4318.145498711253,2111.3524125193253,2835.0,562.0,80.0,0,0,B,0,0,B,0,508.3736382682878,21385.38184761184,0.6598369000130333
139,DG2_k2_t0_R,16,16,16,9724.073,509,16,1,27,6692.554588625778,6612.073146262188,4234.554588625778,2377.518557636409,2545.0,487.0,80.0,0,0,B,0,0,B,0,288.47307916059424,20422.27694531244,1.1373068999964744
139,DG2_k2_t1_R,16,16,16,9724.073,509,16,1,27,6692.554588625778,6612.073146262188,4234.554588625778,2377.518557636409,2545.0,487.0,80.0,0,0,B,0,0,B,0,288.47307916059424,20422.27694531244,1.1418116000131704
139,DG2_k3_t0_R,16,16,16,11507.984,781,16,1,29,6459.596390337469,6748.983732223917,3631.5963903374695,3117.3873418864473,3905.0,774.0,80.0,0,0,C,312,290,C,2,,,1.2328760999953374
139,DG2_k3_t1_R,16,16,16,11507.984,781,16,1,29,6459.596390337469,6748.983732223917,3631.5963903374695,3117.3873418864473,3905.0,774.0,80.0,0,0,C,312,290,C,2,,,1.2293099999951664
139,DG2_k5_t0_R,16,16,16,11507.984,781,16,1,29,6459.596390337469,6748.983732223917,3631.5963903374695,3117.3873418864473,3905.0,774.0,80.0,0,0,C,312,290,C,4,,,1.2195541000110097
139,DG2_k2_t0_F,16,16,16,8650.636,458,16,1,27,5463.194185312246,5844.636129323485,3318.194185312246,2526.441944011238,2290.0,436.0,80.0,0,0,B,0,0,B,0,403.20336688065873,20157.04592963063,1.1293655000044964
139,DG2_k3_t0_F,16,16,16,11507.984,781,16,1,29,6459.596390337469,6748.983732223917,3631.5963903374695,3117.3873418864473,3905.0,774.0,80.0,0,0,C,312,290,C,2,,,1.2247947999858297
140,Cplus3F,16,16,16,8717.685,417,16,1,27,6123.2932504380005,6145.684878642284,3828.2932504380024,2317.3916282042806,2085.0,407.0,80.0,0,0,B,0,0,,,,,0.6307275000144728
140,C3FDirect,16,16,16,11151.453,574,16,1,29,6188.283481032677,7646.45339165574,3659.283481032676,3987.169910623065,2870.0,555.0,80.0,0,0,C,318,167,,,,,0.7256567000003997
140,DG2_k1_t0_R,16,16,16,9570.915,480,16,1,27,6679.37394591248,6627.915353064,4288.373945912481,2339.5414071515193,2400.0,463.0,80.0,0,0,B,0,0,B,0,508.3736382682878,21385.38184761184,0.8709016999928281
140,DG2_k2_t0_R,16,16,16,10082.978,499,16,1,27,6794.813845658632,7021.9784450335355,4247.813845658632,2774.164599374899,2495.0,486.0,80.0,0,0,B,0,0,B,0,288.47307916059424,20422.27694531244,1.0663001000066288
140,DG2_k2_t1_R,16,16,16,10082.978,499,16,1,27,6794.813845658632,7021.9784450335355,4247.813845658632,2774.164599374899,2495.0,486.0,80.0,0,0,B,0,0,B,0,288.47307916059424,20422.27694531244,1.0653686000150628
140,DG2_k3_t0_R,16,16,16,11151.453,574,16,1,29,6188.283481032677,7646.45339165574,3659.283481032676,3987.169910623065,2870.0,555.0,80.0,0,0,C,318,167,C,2,,,0.7274782000167761
140,DG2_k3_t1_R,16,16,16,11151.453,574,16,1,29,6188.283481032677,7646.45339165574,3659.283481032676,3987.169910623065,2870.0,555.0,80.0,0,0,C,318,167,C,2,,,0.7235945000138599
140,DG2_k5_t0_R,16,16,16,11151.453,574,16,1,29,6188.283481032677,7646.45339165574,3659.283481032676,3987.169910623065,2870.0,555.0,80.0,0,0,C,318,167,C,2,,,0.7333951999899
140,DG2_k2_t0_F,16,16,16,9230.707,457,16,1,27,6636.315260346944,6418.706888551228,4101.315260346945,2317.3916282042806,2285.0,447.0,80.0,0,0,B,0,0,B,0,403.20336688065873,20157.04592963063,0.6381881000124849
140,DG2_k3_t0_F,16,16,16,11151.453,574,16,1,29,6188.283481032677,7646.45339165574,3659.283481032676,3987.169910623065,2870.0,555.0,80.0,0,0,C,318,167,C,2,,,0.7281855999899562
141,Cplus3F,16,16,16,9435.377,467,16,1,27,6041.04515514865,6561.376700273519,3758.0451551486517,2803.3315451248673,2335.0,459.0,80.0,0,0,B,0,0,,,,,0.7030158000125084
141,C3FDirect,16,16,16,11899.008,729,16,1,29,6164.965942142503,7463.007673840069,3629.965942142502,3833.0417316975686,3645.0,711.0,80.0,0,0,C,345,286,,,,,1.0653682999836747
141,DG2_k1_t0_R,16,16,16,10100.707,488,16,1,27,6660.310382557447,7107.707398156887,4293.310382557447,2814.3970155994393,2440.0,473.0,80.0,0,0,B,0,0,B,0,508.3736382682878,21385.38184761184,0.9763069000036921
141,DG2_k2_t0_R,16,16,16,11899.008,729,16,1,29,6164.965942142503,7463.007673840069,3629.965942142502,3833.0417316975686,3645.0,711.0,80.0,0,0,C,345,286,C,2,,,1.0683365000004414
141,DG2_k2_t1_R,16,16,16,11899.008,729,16,1,29,6164.965942142503,7463.007673840069,3629.965942142502,3833.0417316975686,3645.0,711.0,80.0,0,0,C,345,286,C,2,,,1.0522406000236515
141,DG2_k3_t0_R,16,16,16,11899.008,729,16,1,29,6164.965942142503,7463.007673840069,3629.965942142502,3833.0417316975686,3645.0,711.0,80.0,0,0,C,345,286,C,2,,,1.0812439000001177
141,DG2_k3_t1_R,16,16,16,11899.008,729,16,1,29,6164.965942142503,7463.007673840069,3629.965942142502,3833.0417316975686,3645.0,711.0,80.0,0,0,C,345,286,C,2,,,1.0711692000040784
141,DG2_k5_t0_R,16,16,16,11899.008,729,16,1,29,6164.965942142503,7463.007673840069,3629.965942142502,3833.0417316975686,3645.0,711.0,80.0,0,0,C,345,286,C,2,,,1.0755493000033312
141,DG2_k2_t0_F,16,16,16,11899.008,729,16,1,29,6164.965942142503,7463.007673840069,3629.965942142502,3833.0417316975686,3645.0,711.0,80.0,0,0,C,345,286,C,2,,,1.0707701000210363
141,DG2_k3_t0_F,16,16,16,11899.008,729,16,1,29,6164.965942142503,7463.007673840069,3629.965942142502,3833.0417316975686,3645.0,711.0,80.0,0,0,C,345,286,C,2,,,1.0591873000084888
142,Cplus3F,16,16,16,10040.11,503,16,1,27,6109.615676063125,6967.1095267031815,3780.6156760631256,3186.4938506400545,2515.0,478.0,80.0,0,0,B,0,0,,,,,1.1931668000179343
142,C3FDirect,16,16,16,9906.079,526,16,1,29,6333.067510326395,6681.078673487331,3662.0675103263943,3019.0111631609375,2630.0,515.0,80.0,0,0,C,225,105,,,,,0.6260075000172947
142,DG2_k1_t0_R,16,16,16,9239.124,440,16,1,27,6633.760569599326,6536.123986059034,4333.760569599325,2202.363416459706,2200.0,423.0,80.0,0,0,B,0,0,B,0,508.3736382682878,21385.38184761184,0.7049079000134952
142,DG2_k2_t0_R,16,16,16,9906.079,526,16,1,29,6333.067510326395,6681.078673487331,3662.0675103263943,3019.0111631609375,2630.0,515.0,80.0,0,0,C,225,105,C,1,,,0.6307060999970417
142,DG2_k2_t1_R,16,16,16,9679.875,473,16,1,27,6994.673048904776,6772.874754666877,4287.673048904776,2485.2017057621024,2365.0,462.0,80.0,0,0,B,0,0,B,1,288.47307916059424,20422.27694531244,0.7255236000055447
142,DG2_k3_t0_R,16,16,16,9906.079,526,16,1,29,6333.067510326395,6681.078673487331,3662.0675103263943,3019.0111631609375,2630.0,515.0,80.0,0,0,C,225,105,C,1,,,0.6333942000055686
142,DG2_k3_t1_R,16,16,16,9397.678,447,16,1,27,5258.355830602767,6660.6781268783125,3276.3558306027676,3384.3222962755453,2235.0,422.0,80.0,0,0,B,0,1,B,1,235.5167982314916,20015.301068666482,1.2877841999870725
142,DG2_k5_t0_R,16,16,16,9906.079,526,16,1,29,6333.067510326395,6681.078673487331,3662.0675103263943,3019.0111631609375,2630.0,515.0,80.0,0,0,C,225,105,C,4,,,0.586017499997979
142,DG2_k2_t0_F,16,16,16,9906.079,526,16,1,29,6333.067510326395,6681.078673487331,3662.0675103263943,3019.0111631609375,2630.0,515.0,80.0,0,0,C,225,105,C,1,,,0.6345917999860831
142,DG2_k3_t0_F,16,16,16,9906.079,526,16,1,29,6333.067510326395,6681.078673487331,3662.0675103263943,3019.0111631609375,2630.0,515.0,80.0,0,0,C,225,105,C,1,,,0.6251087999844458
143,Cplus3F,16,16,16,9920.711,496,16,1,27,6125.904123272132,6891.7105324970735,3771.9041232721333,3119.8064092249415,2480.0,469.0,80.0,0,0,B,0,0,,,,,1.1391240000084508
143,C3FDirect,16,16,16,10295.996,549,16,1,29,5408.948467326327,6934.996183244502,3114.948467326327,3820.047715918178,2745.0,536.0,80.0,0,0,C,316,165,,,,,0.6909293999779038
143,DG2_k1_t0_R,16,16,16,9893.084,477,16,1,27,6745.08588500649,6958.083519987404,4343.085885006489,2614.997634980913,2385.0,470.0,80.0,0,0,B,0,0,B,0,508.3736382682878,21385.38184761184,0.9821924999996554
143,DG2_k2_t0_R,16,16,16,10103.922,527,16,1,27,6699.291221665777,6890.921815358493,4098.291221665777,2792.630593692719,2635.0,498.0,80.0,0,0,B,0,0,B,0,288.47307916059424,20422.27694531244,0.855615200009197
143,DG2_k2_t1_R,16,16,16,10103.922,527,16,1,27,6699.291221665777,6890.921815358493,4098.291221665777,2792.630593692719,2635.0,498.0,80.0,0,0,B,0,0,B,0,288.47307916059424,20422.27694531244,0.8440724000101909
143,DG2_k3_t0_R,16,16,16,9069.677,472,16,1,27,6569.40437866761,6168.67653699832,4077.4043786676116,2091.2721583307098,2360.0,461.0,80.0,0,0,B,0,0,B,0,235.5167982314916,20015.301068666482,0.7062807999900542
143,DG2_k3_t1_R,16,16,16,9069.677,472,16,1,27,6569.40437866761,6168.67653699832,4077.4043786676116,2091.2721583307098,2360.0,461.0,80.0,0,0,B,0,0,B,0,235.5167982314916,20015.301068666482,0.7201356000150554
143,DG2_k5_t0_R,16,16,16,10295.996,549,16,1,29,5408.948467326327,6934.996183244502,3114.948467326327,3820.047715918178,2745.0,536.0,80.0,0,0,C,316,165,C,2,,,0.6881373999931384
143,DG2_k2_t0_F,16,16,16,10433.733,536,16,1,27,6638.926133181077,7164.732542406017,4044.9261331810762,3119.8064092249415,2680.0,509.0,80.0,0,0,B,0,0,B,0,403.20336688065873,20157.04592963063,1.1391266999999061
143,DG2_k3_t0_F,16,16,16,10832.404,556,16,1,27,7037.5977326462225,7443.404141871165,4323.597732646223,3119.8064092249415,2780.0,529.0,80.0,0,0,B,0,0,B,0,893.750999492464,20647.593562242437,1.1398929999850225
144,Cplus3F,16,16,16,8329.275,403,16,1,27,6009.666616833784,5847.274862405785,3716.6666168337856,2130.608245571999,2015.0,387.0,80.0,0,0,B,0,0,,,,,0.5349551000108477
144,C3FDirect,16,16,16,9395.663,541,16,1,29,6274.295575282594,6092.663296099593,3640.2955752825933,2452.3677208169997,2705.0,518.0,80.0,0,0,C,213,116,,,,,0.7883600000059232
144,DG2_k1_t0_R,16,16,16,9528.432,483,16,1,27,6652.527837914884,6574.432319655591,4159.527837914884,2414.9044817407057,2415.0,459.0,80.0,0,0,B,0,0,B,0,508.3736382682878,21385.38184761184,1.0485141000244766
144,DG2_k2_t0_R,16,16,16,9908.886,509,16,1,27,6947.261052709968,6796.88632376833,4262.261052709969,2534.625271058361,2545.0,487.0,80.0,0,0,B,0,0,B,0,288.47307916059424,20422.27694531244,0.8569570000108797
144,DG2_k2_t1_R,16,16,16,9908.886,509,16,1,27,6947.261052709968,6796.88632376833,4262.261052709969,2534.625271058361,2545.0,487.0,80.0,0,0,B,0,0,B,0,288.47307916059424,20422.27694531244,0.8598444999952335
144,DG2_k3_t0_R,16,16,16,9395.663,541,16,1,29,6274.295575282594,6092.663296099593,3640.2955752825933,2452.3677208169997,2705.0,518.0,80.0,0,0,C,213,116,C,2,,,0.8049943000078201
144,DG2_k3_t1_R,16,16,16,9395.663,541,16,1,29,6274.295575282594,6092.663296099593,3640.2955752825933,2452.3677208169997,2705.0,518.0,80.0,0,0,C,213,116,C,2,,,0.7821541000157595
144,DG2_k5_t0_R,16,16,16,9395.663,541,16,1,29,6274.295575282594,6092.663296099593,3640.2955752825933,2452.3677208169997,2705.0,518.0,80.0,0,0,C,213,116,C,2,,,0.7890662999998312
144,DG2_k2_t0_F,16,16,16,8842.297,443,16,1,27,6522.688626742729,6120.296872314729,3989.688626742729,2130.608245571999,2215.0,427.0,80.0,0,0,B,0,0,B,0,403.20336688065873,20157.04592963063,0.5410121999739204
144,DG2_k3_t0_F,16,16,16,9395.663,541,16,1,29,6274.295575282594,6092.663296099593,3640.2955752825933,2452.3677208169997,2705.0,518.0,80.0,0,0,C,213,116,C,2,,,0.7998897999932524
145,Cplus3F,16,16,16,9376.332,503,16,1,27,6278.875456809127,6284.331841168084,3799.8754568091294,2484.4563843589544,2515.0,497.0,80.0,0,0,B,0,0,,,,,0.42269770000712015
145,C3FDirect,16,16,16,12115.163,673,16,1,29,6101.823526710315,8014.163288689577,3645.823526710313,4368.339761979269,3365.0,656.0,80.0,0,0,C,458,241,,,,,1.5359144999820273
145,DG2_k1_t0_R,16,16,16,9799.734,430,16,1,27,6629.01696284383,7163.733788507899,4310.016962843831,2853.7168256640666,2150.0,406.0,80.0,0,0,B,0,0,B,0,508.3736382682878,21385.38184761184,0.5980098000145517
145,DG2_k2_t0_R,16,16,16,12064.501,669,16,1,27,7210.491863549717,7992.50092242106,4343.491863549717,3649.0090588713456,3345.0,647.0,80.0,0,0,B,0,0,B,0,288.47307916059424,20422.27694531244,0.7795816000143532
145,DG2_k2_t1_R,16,16,16,12064.501,669,16,1,27,7210.491863549717,7992.50092242106,4343.491863549717,3649.0090588713456,3345.0,647.0,80.0,0,0,B,0,0,B,0,288.47307916059424,20422.27694531244,0.7614155000192113
145,DG2_k3_t0_R,16,16,16,9168.752,445,16,1,27,6811.132287653001,6431.751865976734,4278.132287653002,2153.619578323731,2225.0,432.0,80.0,0,0,B,0,0,B,0,235.5167982314916,20015.301068666482,0.3019986000144854
145,DG2_k3_t1_R,16,16,16,9168.752,445,16,1,27,6811.132287653001,6431.751865976734,4278.132287653002,2153.619578323731,2225.0,432.0,80.0,0,0,B,0,0,B,0,235.5167982314916,20015.301068666482,0.30362720001721755
145,DG2_k5_t0_R,16,16,16,12115.163,673,16,1,29,6101.823526710315,8014.163288689577,3645.823526710313,4368.339761979269,3365.0,656.0,80.0,0,0,C,458,241,C,3,,,1.5429199999780394
145,DG2_k2_t0_F,16,16,16,9889.354,543,16,1,27,6791.897466718071,6557.353851077026,4072.8974667180723,2484.4563843589544,2715.0,537.0,80.0,0,0,B,0,0,B,0,403.20336688065873,20157.04592963063,0.4375309000024572
145,DG2_k3_t0_F,16,16,16,10288.025,563,16,1,27,7190.569066183218,6836.0254505421735,4351.56906618322,2484.4563843589544,2815.0,557.0,80.0,0,0,B,0,0,B,0,893.750999492464,20647.593562242437,0.4485125999781303
146,Cplus3F,16,16,16,10070.359,469,16,1,27,5936.186543872742,7206.358971341579,3807.1865438727423,3399.172427468843,2345.0,439.0,80.0,0,0,B,0,0,,,,,1.652048999996623
146,C3FDirect,16,16,16,11472.255,610,16,1,29,6287.388985366294,7761.255176308341,3639.3889853662936,4121.86619094205,3050.0,581.0,80.0,0,0,C,288,146,,,,,1.2564847000176087
146,DG2_k1_t0_R,16,16,16,9803.018,478,16,1,27,5720.452367634334,6874.018404992573,3665.452367634334,3208.5660373582423,2390.0,459.0,80.0,0,0,B,0,0,B,0,508.3736382682878,21385.38184761184,1.5024943000171334
146,DG2_k2_t0_R,16,16,16,11472.255,610,16,1,29,6287.388985366294,7761.255176308341,3639.3889853662936,4121.86619094205,3050.0,581.0,80.0,0,0,C,288,146,C,1,,,1.2639947999850847
146,DG2_k2_t1_R,16,16,16,9885.059,458,16,1,27,6698.363405800601,7086.059164306703,4234.363405800602,2851.6957585061054,2290.0,429.0,80.0,0,0,B,0,0,B,1,288.47307916059424,20422.27694531244,1.4601901000132784
146,DG2_k3_t0_R,16,16,16,11472.255,610,16,1,29,6287.388985366294,7761.255176308341,3639.3889853662936,4121.86619094205,3050.0,581.0,80.0,0,0,C,288,146,C,1,,,1.2510831000108737
146,DG2_k3_t1_R,16,16,16,10285.037,533,16,1,27,6369.538496051379,7035.036575364982,3927.53849605138,3107.4980793136015,2665.0,505.0,80.0,0,0,B,0,1,B,1,235.5167982314916,20015.301068666482,1.2780027999833692
146,DG2_k5_t0_R,16,16,16,11472.255,610,16,1,29,6287.388985366294,7761.255176308341,3639.3889853662936,4121.86619094205,3050.0,581.0,80.0,0,0,C,288,146,C,2,,,1.254036400001496
146,DG2_k2_t0_F,16,16,16,11472.255,610,16,1,29,6287.388985366294,7761.255176308341,3639.3889853662936,4121.86619094205,3050.0,581.0,80.0,0,0,C,288,146,C,1,,,1.2625641000049654
146,DG2_k3_t0_F,16,16,16,11472.255,610,16,1,29,6287.388985366294,7761.255176308341,3639.3889853662936,4121.86619094205,3050.0,581.0,80.0,0,0,C,288,146,C,1,,,1.277581900008954
147,Cplus3F,16,16,16,8719.99,449,16,1,27,4880.488644092934,5973.990438588242,3004.488644092935,2969.5017944953065,2245.0,421.0,80.0,0,0,B,0,0,,,,,1.2162272999994457
147,C3FDirect,16,16,16,10945.836,544,16,1,29,5968.1016292310815,7635.835581081394,3476.101629231081,4159.733951850312,2720.0,510.0,80.0,0,0,C,342,126,,,,,0.7237187999999151
147,DG2_k1_t0_R,16,16,16,10945.836,544,16,1,29,5968.1016292310815,7635.835581081394,3476.101629231081,4159.733951850312,2720.0,510.0,80.0,0,0,C,342,126,C,1,,,0.7227420000126585
147,DG2_k2_t0_R,16,16,16,10945.836,544,16,1,29,5968.1016292310815,7635.835581081394,3476.101629231081,4159.733951850312,2720.0,510.0,80.0,0,0,C,342,126,C,2,,,0.7399786000023596
147,DG2_k2_t1_R,16,16,16,10945.836,544,16,1,29,5968.1016292310815,7635.835581081394,3476.101629231081,4159.733951850312,2720.0,510.0,80.0,0,0,C,342,126,C,2,,,0.742816700018011
147,DG2_k3_t0_R,16,16,16,10945.836,544,16,1,29,5968.1016292310815,7635.835581081394,3476.101629231081,4159.733951850312,2720.0,510.0,80.0,0,0,C,342,126,C,3,,,0.7352545000030659
147,DG2_k3_t1_R,16,16,16,10945.836,544,16,1,29,5968.1016292310815,7635.835581081394,3476.101629231081,4159.733951850312,2720.0,510.0,80.0,0,0,C,342,126,C,3,,,0.7322682999947574
147,DG2_k5_t0_R,16,16,16,10945.836,544,16,1,29,5968.1016292310815,7635.835581081394,3476.101629231081,4159.733951850312,2720.0,510.0,80.0,0,0,C,342,126,C,3,,,0.7429484000022057
147,DG2_k2_t0_F,16,16,16,10945.836,544,16,1,29,5968.1016292310815,7635.835581081394,3476.101629231081,4159.733951850312,2720.0,510.0,80.0,0,0,C,342,126,C,2,,,0.7210086999984924
147,DG2_k3_t0_F,16,16,16,10945.836,544,16,1,29,5968.1016292310815,7635.835581081394,3476.101629231081,4159.733951850312,2720.0,510.0,80.0,0,0,C,342,126,C,3,,,0.7362690000154544
148,Cplus3F,16,16,16,8748.654,416,16,1,27,6142.281800642632,6196.654259281925,3826.2818006426332,2370.372458639291,2080.0,392.0,80.0,0,0,B,0,0,,,,,1.0865005999803543
148,C3FDirect,16,16,16,10313.053,614,16,1,29,6450.805055303312,6561.052621032755,3646.805055303311,2914.24756572945,3070.0,602.0,80.0,0,0,C,166,143,,,,,1.2612452000030316
148,DG2_k1_t0_R,16,16,16,8998.728,409,16,1,27,5871.64015314613,6481.727893052864,3667.6401531461297,2814.0877399067326,2045.0,392.0,80.0,0,0,B,0,0,B,0,508.3736382682878,21385.38184761184,0.8441376999835484
148,DG2_k2_t0_R,16,16,16,10282.01,511,16,1,27,7049.470214427036,7149.010294033657,4320.470214427036,2828.540079606622,2555.0,498.0,80.0,0,0,B,0,0,B,0,288.47307916059424,20422.27694531244,0.8571953999926336
148,DG2_k2_t1_R,16,16,16,10282.01,511,16,1,27,7049.470214427036,7149.010294033657,4320.470214427036,2828.540079606622,2555.0,498.0,80.0,0,0,B,0,0,B,0,288.47307916059424,20422.27694531244,0.8506018999905791
148,DG2_k3_t0_R,16,16,16,10313.053,614,16,1,29,6450.805055303312,6561.052621032755,3646.805055303311,2914.24756572945,3070.0,602.0,80.0,0,0,C,166,143,C,1,,,1.2119306000240613
148,DG2_k3_t1_R,16,16,16,8821.836,398,16,1,27,5530.283107086831,6367.836307871679,3446.283107086831,2921.5532007848483,1990.0,384.0,80.0,0,0,B,0,0,B,1,235.5167982314916,20015.301068666482,0.8462868999922648
148,DG2_k5_t0_R,16,16,16,10313.053,614,16,1,29,6450.805055303312,6561.052621032755,3646.805055303311,2914.24756572945,3070.0,602.0,80.0,0,0,C,166,143,C,1,,,1.217506399989361
148,DG2_k2_t0_F,16,16,16,9261.676,456,16,1,27,6655.303810551575,6469.676269190869,4099.303810551576,2370.372458639291,2280.0,432.0,80.0,0,0,B,0,0,B,0,403.20336688065873,20157.04592963063,1.0888255999889225
148,DG2_k3_t0_F,16,16,16,10313.053,614,16,1,29,6450.805055303312,6561.052621032755,3646.805055303311,2914.24756572945,3070.0,602.0,80.0,0,0,C,166,143,C,1,,,1.2294641000044066
149,Cplus3F,16,16,16,9658.686,441,16,1,27,6281.696536658025,6965.686389377948,3952.696536658027,3012.989852719922,2205.0,408.0,80.0,0,0,B,0,0,,,,,1.0003124000213575
149,C3FDirect,16,16,16,10208.027,579,16,1,29,5689.190518806521,6667.0272183779625,3298.1905188065216,3368.8366995714437,2895.0,566.0,80.0,0,0,C,364,164,,,,,1.1992906000232324
149,DG2_k1_t0_R,16,16,16,10918.661,540,16,1,27,6663.917708250795,7624.661164638404,4127.917708250795,3496.74345638761,2700.0,514.0,80.0,0,0,B,0,0,B,0,508.3736382682878,21385.38184761184,1.3140116999857128
149,DG2_k2_t0_R,16,16,16,9699.614,549,16,1,27,6314.282808751687,6333.614143554005,3804.2828087516878,2529.3313348023175,2745.0,541.0,80.0,0,0,B,0,0,B,0,288.47307916059424,20422.27694531244,0.6394179000053555
149,DG2_k2_t1_R,16,16,16,9699.614,549,16,1,27,6314.282808751687,6333.614143554005,3804.2828087516878,2529.3313348023175,2745.0,541.0,80.0,0,0,B,0,0,B,0,288.47307916059424,20422.27694531244,0.6269425000064075
149,DG2_k3_t0_R,16,16,16,10208.027,579,16,1,29,5689.190518806521,6667.0272183779625,3298.1905188065216,3368.8366995714437,2895.0,566.0,80.0,0,0,C,364,164,C,1,,,1.1816621999896597
149,DG2_k3_t1_R,16,16,16,10803.011,578,16,1,27,6574.4829960972575,7261.011359028473,4076.482996097258,3184.5283629312135,2890.0,572.0,80.0,0,0,B,0,0,B,1,235.5167982314916,20015.301068666482,0.8648089999915101
149,DG2_k5_t0_R,16,16,16,10208.027,579,16,1,29,5689.190518806521,6667.0272183779625,3298.1905188065216,3368.8366995714437,2895.0,566.0,80.0,0,0,C,364,164,C,2,,,1.1766107000003103
149,DG2_k2_t0_F,16,16,16,10171.708,481,16,1,27,6794.71854656697,7238.708399286891,4225.71854656697,3012.989852719922,2405.0,448.0,80.0,0,0,B,0,0,B,0,403.20336688065873,20157.04592963063,0.9729895000054967
149,DG2_k3_t0_F,16,16,16,10208.027,579,16,1,29,5689.190518806521,6667.0272183779625,3298.1905188065216,3368.8366995714437,2895.0,566.0,80.0,0,0,C,364,164,C,1,,,1.1360857999825384
150,Cplus3F,16,16,16,8673.088,355,16,1,27,5961.69411627481,6481.088284360381,3973.6941162748117,2507.394168085568,1775.0,337.0,80.0,0,0,B,0,0,,,,,0.7913740999938454
150,C3FDirect,16,16,16,10819.898,602,16,1,29,6020.334913825434,7144.898193742962,3529.334913825434,3615.563279917527,3010.0,585.0,80.0,0,0,C,280,191,,,,,1.314439100009622
150,DG2_k1_t0_R,16,16,16,10819.898,602,16,1,29,6020.334913825434,7144.898193742962,3529.334913825434,3615.563279917527,3010.0,585.0,80.0,0,0,C,280,191,C,1,,,1.2834640000073705
150,DG2_k2_t0_R,16,16,16,10819.898,602,16,1,29,6020.334913825434,7144.898193742962,3529.334913825434,3615.563279917527,3010.0,585.0,80.0,0,0,C,280,191,C,2,,,1.2660422000044491
150,DG2_k2_t1_R,16,16,16,10819.898,602,16,1,29,6020.334913825434,7144.898193742962,3529.334913825434,3615.563279917527,3010.0,585.0,80.0,0,0,C,280,191,C,2,,,1.2624943999981042
150,DG2_k3_t0_R,16,16,16,10819.898,602,16,1,29,6020.334913825434,7144.898193742962,3529.334913825434,3615.563279917527,3010.0,585.0,80.0,0,0,C,280,191,C,3,,,1.2590263999882154
150,DG2_k3_t1_R,16,16,16,10819.898,602,16,1,29,6020.334913825434,7144.898193742962,3529.334913825434,3615.563279917527,3010.0,585.0,80.0,0,0,C,280,191,C,3,,,1.1472442999947816
150,DG2_k5_t0_R,16,16,16,10819.898,602,16,1,29,6020.334913825434,7144.898193742962,3529.334913825434,3615.563279917527,3010.0,585.0,80.0,0,0,C,280,191,C,3,,,1.086390600015875
150,DG2_k2_t0_F,16,16,16,10819.898,602,16,1,29,6020.334913825434,7144.898193742962,3529.334913825434,3615.563279917527,3010.0,585.0,80.0,0,0,C,280,191,C,2,,,1.064397200010717
150,DG2_k3_t0_F,16,16,16,10819.898,602,16,1,29,6020.334913825434,7144.898193742962,3529.334913825434,3615.563279917527,3010.0,585.0,80.0,0,0,C,280,191,C,3,,,1.0483904000138864
